place_id,name_1956,gn_name,republic,lat,lon,pop_1959,listed,has_dgz,listed: population rule,"listed: logistic, population family","listed: logistic, all features","listed: LightGBM, all features",has_dgz: population rule,"has_dgz: logistic, population family","has_dgz: logistic, all features","has_dgz: LightGBM, all features",label_gap
su-616631,Արմավիր,Armavir,armenia,40.1555,44.0388,14932.0000,0.0000,0.0000,0.2380,0.1431,0.0725,0.1149,0.1400,0.0838,0.0454,0.0235,
su-616062,Վաղարշապատ,Vagharshapat,armenia,40.1656,44.2946,19699.0000,0.0000,0.0000,0.3274,0.2249,0.2385,0.0801,0.2054,0.1835,0.2127,0.2763,
su-616052,Երևան,Yerevan,armenia,40.1776,44.5126,509340.0000,1.0000,1.0000,0.9889,0.9909,0.9993,0.9825,0.9833,0.9902,0.9997,0.9932,
su-616974,Ալավերդի,Alaverdi,armenia,41.0977,44.6732,16713.0000,1.0000,1.0000,0.2771,0.3140,0.2942,0.3341,0.1483,0.1644,0.1523,0.0579,
su-616530,Վանաձոր,Vanadzor,armenia,40.8074,44.4970,49423.0000,1.0000,1.0000,0.7034,0.6329,0.4501,0.4715,0.5762,0.5262,0.3510,0.2022,
su-616635,Գյումրի,Gyumri,armenia,40.7931,43.8464,108446.0000,1.0000,1.0000,0.8989,0.9268,0.8701,0.9911,0.8578,0.9016,0.8393,0.9898,
su-174895,Գորիս,Goris,armenia,39.5111,46.3417,10377.0000,0.0000,0.0000,0.1461,0.1654,0.2103,0.1619,0.0739,0.0707,0.0812,0.1586,
su-174875,Կապան,Kapan,armenia,39.2076,46.4068,19315.0000,0.0000,0.0000,0.3276,0.3583,0.3132,0.6738,0.1919,0.1538,0.0833,0.0446,
su-174880,Քաջարան,Kajaran,armenia,39.1509,46.1567,11385.0000,0.0000,0.0000,0.1667,0.1693,0.2456,0.4734,0.0858,0.0489,0.0683,0.0281,
su-616752,Դիլիջան,Dilijan,armenia,40.7404,44.8634,11412.0000,0.0000,0.0000,0.1680,0.1281,0.1370,0.4976,0.0779,0.0581,0.0558,0.0482,
su-587084,Bakı,Baku,azerbaijan,40.3777,49.8920,642507.0000,1.0000,1.0000,0.9933,0.9980,0.9998,0.9705,0.9886,0.9971,0.9999,0.9818,
su-824003,Stepan Razin,Bakıxanov,azerbaijan,40.4189,49.9669,25069.0000,0.0000,0.0000,0.4283,0.2701,0.1964,0.1947,0.2788,0.2157,0.1539,0.1668,
su-587071,Balaxanı,Balakhani,azerbaijan,40.4634,49.9189,11363.0000,0.0000,0.0000,0.1709,0.1427,0.1064,0.0966,0.0936,0.1271,0.0949,0.0596,
su-587078,Biləcəri,Bilajari,azerbaijan,40.4444,49.8057,12467.0000,0.0000,0.0000,0.1934,0.1526,0.1117,0.0464,0.1075,0.1317,0.0958,0.0543,
su-586967,Binəqədi,Binagadi,azerbaijan,40.4660,49.8278,10958.0000,0.0000,0.0000,0.1626,0.0854,0.0732,0.0461,0.0885,0.0677,0.0584,0.0337,
su-586925,Buzovna,Buzovna,azerbaijan,40.5190,50.1144,12889.0000,0.0000,0.0000,0.2033,0.1206,0.0911,0.0422,0.1127,0.0724,0.0721,0.0256,
su-586917,Bülbülə,Byulbyuti,azerbaijan,40.4312,49.9793,11566.0000,0.0000,0.0000,0.1750,0.1226,0.0918,0.0287,0.0961,0.0989,0.0740,0.0217,
su-585630,Lökbatan,Lokbatan,azerbaijan,40.3256,49.7338,13159.0000,0.0000,0.0000,0.2075,0.1432,0.1043,0.0197,0.1165,0.1064,0.0767,0.0205,
su-585557,Maştağa,Maştağa,azerbaijan,40.5298,50.0062,16952.0000,0.0000,0.0000,0.2911,0.2516,0.1825,0.0681,0.1685,0.1875,0.1802,0.0461,
su-585883,Kirov,Mammad Amin Rasulzade,azerbaijan,40.4340,49.8421,15950.0000,0.0000,0.0000,0.2638,0.1039,0.0759,0.0137,0.1538,0.0623,0.0449,0.0208,
su-585568,Mərdəkan,Mardakan,azerbaijan,40.4918,50.1429,10201.0000,0.0000,0.0000,0.1453,0.1114,0.0865,0.0241,0.0786,0.0860,0.0848,0.0338,
su-585184,Sabunçu,Sabunçu,azerbaijan,40.4425,49.9481,31563.0000,0.0000,0.0000,0.5217,0.4496,0.3428,0.2244,0.3622,0.4314,0.3282,0.3422,
su-584920,Suraxanı,Surakhani,azerbaijan,40.4203,50.0047,18039.0000,0.0000,0.0000,0.3046,0.1403,0.1087,0.0756,0.1825,0.1035,0.0778,0.0388,
su-584614,Zabrat,Zabrat,azerbaijan,40.4775,49.9417,18249.0000,0.0000,0.0000,0.3182,0.1006,0.0767,0.0167,0.1868,0.0409,0.0428,0.0124,
su-584984,Şüvəlan,Shuvelyany,azerbaijan,40.4843,50.1840,11801.0000,0.0000,0.0000,0.1796,0.0922,0.0784,0.0445,0.0986,0.0629,0.0651,0.0274,
su-587261,Əmircan,Amirdzhan,azerbaijan,40.4264,49.9836,12221.0000,0.0000,0.0000,0.1883,0.1508,0.1109,0.0445,0.1044,0.1333,0.0976,0.0390,
su-147622,Lənkəran,Lankaran,azerbaijan,38.7543,48.8506,25209.0000,0.0000,0.0000,0.4305,0.5293,0.3790,0.4550,0.2807,0.2951,0.1617,0.0650,
su-585763,Kürdəmir,Kyurdarmir,azerbaijan,40.3426,48.1565,10440.0000,0.0000,0.0000,0.1474,0.1781,0.1669,0.1668,0.0746,0.0759,0.0405,0.0387,
su-147429,Naxçıvan,Naxçıvan,azerbaijan,39.2089,45.4122,25340.0000,1.0000,0.0000,0.4349,0.4820,0.4119,0.2335,0.2767,0.2901,0.1731,0.0373,
su-587384,Ağcabədi,Aghjabadi,azerbaijan,40.0502,47.4594,13985.0000,0.0000,0.0000,0.2205,0.1677,0.1465,0.1234,0.1187,0.0729,0.0381,0.0151,
su-148619,Ağdam,Aghdam,azerbaijan,39.9910,46.9274,16061.0000,0.0000,0.0000,0.2631,0.2954,0.2623,0.1419,0.1466,0.1568,0.0826,0.0550,
su-587057,Bərdə,Barda,azerbaijan,40.3758,47.1262,13033.0000,0.0000,0.0000,0.2007,0.1514,0.1441,0.1734,0.1064,0.0740,0.0393,0.0149,
su-146970,Stepanakert,Khankendi,azerbaijan,39.8177,46.7528,20333.0000,0.0000,0.0000,0.3469,0.3583,0.3592,0.5028,0.2063,0.1840,0.1798,0.3744,
su-585225,Qazıməmməd,Hacıqabul,azerbaijan,40.0387,48.9429,12238.0000,1.0000,0.0000,0.1843,0.1800,0.1721,0.1462,0.0963,0.0926,0.0488,0.0247,
su-147271,Salyan,Salyan,azerbaijan,39.5962,48.9848,17197.0000,0.0000,0.0000,0.2860,0.3668,0.3193,0.3787,0.1623,0.1863,0.0990,0.0394,
su-148565,Əli Bayramlı,Şirvan,azerbaijan,39.9378,48.9290,13427.0000,0.0000,0.0000,0.2089,0.1347,0.1295,0.1222,0.1115,0.0602,0.0322,0.0226,
su-584596,Zaqatala,Zaqatala,azerbaijan,41.6316,46.6448,10250.0000,0.0000,0.0000,0.1442,0.2197,0.1185,0.1424,0.0645,0.0763,0.0361,0.0309,
su-630429,Баранавічы,Baranovichi,belarus,53.1326,26.0078,58064.0000,1.0000,1.0000,0.7334,0.7612,0.7920,0.8817,0.6224,0.6001,0.6562,0.4200,
su-629634,Брэст,Brest,belarus,52.1089,23.7175,73614.0000,1.0000,1.0000,0.8009,0.8724,0.7837,0.6951,0.7117,0.7380,0.5896,0.4099,
su-627145,Кобрын,Kobryn,belarus,52.2117,24.3563,13686.0000,1.0000,1.0000,0.2136,0.3778,0.3910,0.2104,0.1234,0.1960,0.1995,0.0868,
su-623549,Пінск,Pinsk,belarus,52.1215,26.0673,41548.0000,1.0000,0.0000,0.6167,0.7347,0.7602,0.8107,0.4825,0.5446,0.5939,0.7580,
su-620127,Віцебск,Vitebsk,belarus,55.1904,30.2049,148300.0000,1.0000,1.0000,0.9466,0.9783,0.9645,0.9941,0.8948,0.9583,0.9353,0.9931,
su-624079,Орша,Orsha,belarus,54.5136,30.4036,64537.0000,1.0000,1.0000,0.8071,0.8197,0.8472,0.9341,0.6638,0.7099,0.7526,0.6789,
su-623317,Полацк,Polotsk,belarus,55.4879,28.7856,44978.0000,1.0000,1.0000,0.6909,0.7016,0.7342,0.8790,0.5116,0.5860,0.6297,0.7440,
su-629018,Добруш,Dobrush,belarus,52.4147,31.3143,14270.0000,0.0000,0.0000,0.2301,0.2535,0.2953,0.1922,0.1312,0.2198,0.2529,0.0946,
su-620391,Ваўкавыск,Vaukavysk,belarus,53.1561,24.4513,18283.0000,1.0000,1.0000,0.3017,0.4267,0.4411,0.6766,0.1873,0.2532,0.2658,0.6628,
su-627904,Гродна,Hrodna,belarus,53.6758,23.8289,72943.0000,1.0000,1.0000,0.7986,0.8683,0.7737,0.8202,0.7085,0.7766,0.6323,0.5128,
su-626081,Ліда,Lida,belarus,53.8833,25.2997,28541.0000,1.0000,0.0000,0.4686,0.6279,0.6337,0.5500,0.3297,0.5053,0.5177,0.6957,
su-624785,Навагрудак,Novogrudok,belarus,53.5942,25.8191,12624.0000,0.0000,0.0000,0.1927,0.3079,0.3248,0.4219,0.1092,0.1802,0.1826,0.1721,
su-621754,Слонім,Slonim,belarus,53.0875,25.3171,17509.0000,1.0000,0.0000,0.2873,0.5183,0.5197,0.3300,0.1763,0.3434,0.3425,0.3639,
su-627905,Горкі,Horki,belarus,54.2861,30.9860,15099.0000,0.0000,0.0000,0.2514,0.3257,0.3348,0.1133,0.1336,0.1810,0.1863,0.0956,
su-627202,Клімавічы,Klimovichi,belarus,53.6049,31.9563,11586.0000,0.0000,0.0000,0.1754,0.2280,0.2758,0.1079,0.0963,0.1404,0.1745,0.0392,
su-630376,Барысаў,Barysaw,belarus,54.2279,28.5050,59280.0000,1.0000,1.0000,0.7830,0.8539,0.8692,0.8481,0.6297,0.7584,0.7852,0.8892,
su-592589,city,Ahtme,estonia,59.3258,27.4139,11215.0000,0.0000,0.0000,0.1649,0.1255,0.1530,0.1709,0.0911,0.0575,0.0557,0.0382,
su-591313,Kiviõli,Kiviõli,estonia,59.3531,26.9711,10444.0000,1.0000,1.0000,0.1498,0.1122,0.1462,0.0995,0.0816,0.0548,0.0642,0.0363,
su-588335,Tartu,Tartu,estonia,58.3806,26.7251,74263.0000,1.0000,0.0000,0.8031,0.7515,0.6496,0.7865,0.7148,0.4360,0.3102,0.1858,
su-587876,Valga,Valga,estonia,57.7778,26.0473,13354.0000,1.0000,0.0000,0.2071,0.1648,0.0934,0.0460,0.1189,0.0681,0.0302,0.0109,
su-587450,Võru,Võru,estonia,57.8339,27.0194,10700.0000,0.0000,0.0000,0.1548,0.1301,0.0765,0.0354,0.0847,0.0560,0.0252,0.0256,
su-614409,Гəдоуҭа (გუდაუთა),Gudauta,georgia,43.1019,40.6225,13019.0000,0.0000,0.0000,0.2046,0.2252,0.2557,0.1305,0.1147,0.0862,0.1009,0.0363,
su-614622,Гагра (გაგრა),Gagra,georgia,43.2786,40.2712,14023.0000,0.0000,0.0000,0.2221,0.3235,0.3462,0.3328,0.1279,0.1378,0.1430,0.1193,
su-611403,სტალინირი,Ts’khinvali,georgia,42.2276,43.9686,21641.0000,0.0000,0.0000,0.3718,0.3883,0.3726,0.4558,0.2213,0.2534,0.2414,0.0743,
su-611717,თბილისი,Tbilisi,georgia,41.6914,44.8341,694664.0000,1.0000,1.0000,0.9951,0.9980,0.9999,0.9921,0.9951,0.9977,0.9999,0.9930,
su-611694,თელავი,Telavi,georgia,41.9196,45.4700,15328.0000,0.0000,0.0000,0.2490,0.2866,0.1483,0.1610,0.1288,0.1817,0.0859,0.0068,
su-615419,ბოლნისი,Bolnisi,georgia,41.4512,44.5384,12420.0000,0.0000,0.0000,0.1888,0.1449,0.1702,0.2833,0.0903,0.0820,0.0826,0.0310,
su-613074,მარნეული,Marneuli,georgia,41.4876,44.7985,12400.0000,0.0000,0.0000,0.1884,0.0789,0.1099,0.0762,0.0900,0.0356,0.0400,0.0355,
su-612287,რუსთავი,Rustavi,georgia,41.5627,44.9787,62395.0000,1.0000,1.0000,0.7782,0.4081,0.2644,0.1567,0.6790,0.2797,0.1561,0.1107,
su-614455,გორი,Gori,georgia,41.9853,44.1129,35061.0000,1.0000,0.0000,0.5712,0.5735,0.3712,0.5893,0.4150,0.4532,0.2744,0.2351,
su-613988,ხაშური,Khashuri,georgia,41.9973,43.5990,18646.0000,0.0000,0.0000,0.3154,0.3564,0.3803,0.2673,0.1765,0.2309,0.2336,0.1578,
su-1522642,Балпық би,Balpyk Bi,kazakhstan,44.9012,78.2293,12908.0000,0.0000,0.0000,0.2024,0.1727,0.1816,0.1957,0.1082,0.0709,0.0988,0.0320,
su-1523741,Есік,Esik,kazakhstan,43.3552,77.4524,11147.0000,0.0000,0.0000,0.1665,0.1580,0.1534,0.1646,0.0861,0.0863,0.0717,0.0226,
su-1520253,Жаркент,Zharkent,kazakhstan,44.1662,80.0074,12434.0000,0.0000,0.0000,0.1889,0.4996,0.5660,0.2948,0.0904,0.0904,0.1095,0.0601,
su-1519580,Сарыөзек,Saryozek,kazakhstan,44.3618,77.9728,13266.0000,0.0000,0.0000,0.2097,0.2176,0.1953,0.2319,0.1129,0.0908,0.1213,0.0111,
su-1519691,Сарқант,Sarqant,kazakhstan,45.4132,79.9171,12347.0000,0.0000,0.0000,0.1909,0.3906,0.4467,0.1480,0.1010,0.1527,0.1676,0.1802,
su-1518542,Талдықорған,Taldykorgan,kazakhstan,45.0156,78.3739,41418.0000,0.0000,0.0000,0.6295,0.5629,0.4434,0.3037,0.4764,0.3397,0.2112,0.3131,
su-1518518,Талғар,Talghar,kazakhstan,43.3023,77.2381,20071.0000,0.0000,0.0000,0.3426,0.2883,0.3252,0.5512,0.2065,0.2012,0.2053,0.1901,
su-1518296,Текелі,Tekeli,kazakhstan,44.8678,78.7281,30046.0000,1.0000,0.0000,0.5016,0.3380,0.3162,0.2987,0.3432,0.1553,0.1511,0.2293,
su-1519931,Қаскелең,Kaskelen,kazakhstan,43.1984,76.6310,13897.0000,0.0000,0.0000,0.2225,0.1644,0.1561,0.1122,0.1212,0.1046,0.0864,0.0482,
su-1519948,Qаpşаğаy,Konayev,kazakhstan,43.8668,77.0630,14072.0000,0.0000,0.0000,0.2260,0.1507,0.1066,0.0621,0.1235,0.0689,0.0330,0.0171,
su-1517637,Үштөбе,Ushtobe,kazakhstan,45.2526,77.9828,21029.0000,0.0000,0.0000,0.3600,0.4552,0.4737,0.1950,0.2200,0.2496,0.2621,0.4293,
su-1526384,Алматы,Almaty,kazakhstan,43.2525,76.9115,457709.0000,1.0000,1.0000,0.9884,0.9951,0.9996,0.9774,0.9830,0.9912,0.9997,0.9876,
su-1526273,Астана,Astana,kazakhstan,51.1801,71.4460,102276.0000,1.0000,1.0000,0.8813,0.8959,0.8464,0.6534,0.8017,0.7187,0.6086,0.4606,
su-610529,Атырау,Atyrau,kazakhstan,47.1048,51.8843,78143.0000,1.0000,1.0000,0.8157,0.8801,0.8028,0.6321,0.7342,0.7462,0.6386,0.6219,
su-610445,Балықшы,Balykshi,kazakhstan,47.0667,51.8667,16798.0000,0.0000,0.0000,0.2739,0.3890,0.3170,0.5117,0.1567,0.1790,0.1429,0.6398,
su-609123,Құлсары,Qulsary,kazakhstan,46.9531,54.0198,12749.0000,0.0000,0.0000,0.1951,0.2341,0.2822,0.4243,0.1028,0.0513,0.0646,0.0328,
su-1526038,Атбасар,Atbasar,kazakhstan,51.8085,68.3582,34316.0000,1.0000,1.0000,0.5619,0.4675,0.4993,0.2354,0.3950,0.1312,0.1618,0.0840,
su-1526443,Ақкөл,Akkol,kazakhstan,51.9937,70.9470,17063.0000,0.0000,0.0000,0.2842,0.2106,0.2522,0.1160,0.1691,0.0788,0.0978,0.0898,
su-1526271,Ақсу,Aksu,kazakhstan,52.4442,71.9576,11637.0000,0.0000,0.0000,0.1726,0.1530,0.1294,0.1607,0.0970,0.0565,0.0451,0.0141,
su-1525376,Бестөбе,Bestobe,kazakhstan,52.4980,73.0959,12409.0000,0.0000,0.0000,0.1886,0.2497,0.1887,0.2714,0.1068,0.0802,0.0563,0.0210,
su-1524302,Ерейментау,Yereymentau,kazakhstan,51.6236,73.1026,10999.0000,1.0000,0.0000,0.1595,0.1441,0.2038,0.0758,0.0890,0.0549,0.0809,0.0422,
su-1516527,Жолымбет,Zholymbet,kazakhstan,51.7426,71.7097,10820.0000,0.0000,0.0000,0.1558,0.1933,0.1411,0.0901,0.0869,0.0800,0.0567,0.0111,
su-1522203,Көкшетау,Kokshetau,kazakhstan,53.2841,69.3936,52909.0000,0.0000,0.0000,0.7267,0.7386,0.6782,0.8414,0.5736,0.4390,0.2900,0.0878,
su-1521230,Макинск,Makinsk,kazakhstan,52.6329,70.4191,23013.0000,0.0000,0.0000,0.3955,0.3797,0.3955,0.3489,0.2510,0.1114,0.1257,0.1763,
su-1518768,Степняк,Stepnyak,kazakhstan,52.8349,70.7886,12717.0000,0.0000,0.0000,0.1942,0.4191,0.4447,0.3664,0.1108,0.2884,0.3107,0.2720,
su-1519244,Щучинск,Shchuchinsk,kazakhstan,52.9359,70.1890,39208.0000,1.0000,0.0000,0.6161,0.7001,0.7139,0.7965,0.4493,0.4435,0.4921,0.4429,
su-610658,Алға,Algha,kazakhstan,49.8986,57.3279,11748.0000,1.0000,0.0000,0.1754,0.2263,0.2472,0.1382,0.0903,0.1061,0.1156,0.0147,
su-610611,Ақтөбе,Aktobe,kazakhstan,50.2797,57.2072,96680.0000,1.0000,1.0000,0.8616,0.9004,0.8364,0.8655,0.8005,0.8255,0.7427,0.9513,
su-608668,Орал,Oral,kazakhstan,51.2460,51.4256,103914.0000,1.0000,1.0000,0.8921,0.9560,0.9208,0.9857,0.8058,0.8668,0.7937,0.9824,
su-1520969,Мерке,Merke,kazakhstan,42.8718,73.1965,10419.0000,0.0000,0.0000,0.1517,0.1241,0.1264,0.1507,0.0773,0.0501,0.0678,0.0954,
su-1520281,Ойтал,Oytal,kazakhstan,42.9057,73.2697,11604.0000,0.0000,0.0000,0.1758,0.2062,0.1511,0.1060,0.0917,0.0980,0.1041,0.0318,
su-1516905,Тараз,Taraz,kazakhstan,42.8980,71.3733,113346.0000,1.0000,1.0000,0.8978,0.9391,0.9065,0.9927,0.8382,0.8788,0.8237,0.9953,
su-1519030,Шу,Shu,kazakhstan,43.6051,73.7622,29632.0000,0.0000,0.0000,0.5010,0.6161,0.6455,0.8350,0.3378,0.3599,0.3947,0.4770,
su-1519938,Қаратау,Karatau,kazakhstan,43.1796,70.4592,14569.0000,0.0000,0.0000,0.2333,0.1737,0.2207,0.0500,0.1301,0.0744,0.0830,0.0251,
su-609906,Форт-Шевченко,Fort-Shevchenko,kazakhstan,44.5065,50.2639,11393.0000,0.0000,0.0000,0.1684,0.4595,0.5326,0.4045,0.0939,0.1575,0.2086,0.0813,
su-1524325,Екібастұз,Ekibastuz,kazakhstan,51.7237,75.3229,25705.0000,1.0000,0.0000,0.4415,0.3774,0.4314,0.4713,0.2916,0.1296,0.1538,0.1906,
su-1520240,Павлодар,Pavlodar,kazakhstan,52.2760,76.9688,90096.0000,0.0000,0.0000,0.8668,0.9124,0.8511,0.8550,0.7769,0.7225,0.6062,0.2907,
su-1525014,Булаев,Bulayevo,kazakhstan,54.9060,70.4416,10743.0000,0.0000,0.0000,0.1583,0.1670,0.2046,0.1626,0.0701,0.0632,0.0690,0.0100,
su-1520172,Петропавл,Petropavl,kazakhstan,54.8734,69.1506,131453.0000,1.0000,1.0000,0.9249,0.9670,0.9546,0.9889,0.8689,0.9205,0.8699,0.9875,
su-1522035,Тайынша,Taiynsha,kazakhstan,53.8480,69.7677,10028.0000,0.0000,0.0000,0.1391,0.1180,0.1617,0.1291,0.0773,0.0493,0.0559,0.0217,
su-1522751,Кентау,Kentau,kazakhstan,43.5167,68.5046,38108.0000,1.0000,0.0000,0.6047,0.5134,0.5298,0.8143,0.4459,0.2041,0.2442,0.1128,
su-1521379,Леңгір,Lenger,kazakhstan,42.1815,69.8858,22986.0000,0.0000,0.0000,0.3940,0.2331,0.2735,0.3453,0.2475,0.1482,0.1574,0.1746,
su-1517945,Түркістан,Turkistan,kazakhstan,43.2946,68.2569,38152.0000,0.0000,0.0000,0.6052,0.6015,0.5197,0.6519,0.4464,0.2929,0.1584,0.0580,
su-1519455,Сайрам,Sayram,kazakhstan,42.3025,69.7576,10066.0000,0.0000,0.0000,0.1446,0.1339,0.1366,0.2248,0.0732,0.0897,0.1111,0.2747,
su-1518980,Шымкент,Shymkent,kazakhstan,42.3099,69.6004,153241.0000,1.0000,1.0000,0.9349,0.9558,0.9379,0.9900,0.8972,0.9231,0.8905,0.9904,
su-1525988,Аягөз,Ayagoz,kazakhstan,47.9645,80.4344,31061.0000,1.0000,1.0000,0.5024,0.7899,0.8272,0.5911,0.3535,0.2299,0.2810,0.1282,
su-1525490,Белоусовка,Belousovka,kazakhstan,50.1329,82.5248,14067.0000,0.0000,0.0000,0.2222,0.1014,0.0626,0.0256,0.1285,0.0833,0.0654,0.1406,
su-1524227,Глубокое,Glubokoye,kazakhstan,50.1389,82.3111,14301.0000,1.0000,1.0000,0.2270,0.1914,0.1185,0.1155,0.1316,0.1697,0.1533,0.0605,
su-1521370,Риддер,Ridder,kazakhstan,50.3452,83.5156,66812.0000,1.0000,1.0000,0.7975,0.8446,0.8555,0.8085,0.6651,0.7905,0.8287,0.8483,
su-1519422,Семей,Semey,kazakhstan,50.4206,80.2502,156110.0000,1.0000,1.0000,0.9306,0.9833,0.9771,0.9917,0.9030,0.8763,0.8484,0.9851,
su-1519395,Серебрянск,Serebryansk,kazakhstan,49.6840,83.2968,16536.0000,0.0000,0.0000,0.2727,0.1780,0.1940,0.0639,0.1618,0.0739,0.0691,0.0485,
su-1519275,Шар,Shar,kazakhstan,49.5872,81.0488,12372.0000,0.0000,0.0000,0.1870,0.1680,0.2180,0.0896,0.1063,0.0911,0.1253,0.0313,
su-1519226,Шемонайха,Shemonaikha,kazakhstan,50.6290,81.9109,15916.0000,0.0000,0.0000,0.2601,0.2645,0.2996,0.2584,0.1534,0.1364,0.1533,0.0901,
su-1517808,Үлбі,Ul’ba,kazakhstan,50.2658,83.3780,14576.0000,1.0000,1.0000,0.2327,0.1604,0.0965,0.0414,0.1352,0.0874,0.0673,0.0576,
su-1520316,Өскемен,Ust-Kamenogorsk,kazakhstan,49.9714,82.6059,150371.0000,1.0000,1.0000,0.9392,0.9175,0.9077,0.9028,0.8849,0.7052,0.6381,0.6648,
su-1525798,Балқаш,Balqash,kazakhstan,46.8455,74.9821,53031.0000,1.0000,1.0000,0.7040,0.8250,0.8530,0.8030,0.5831,0.5816,0.6374,0.5831,
su-11408179,Қаражал,Karazhal,kazakhstan,49.6467,75.7175,12339.0000,0.0000,0.0000,0.1870,0.1830,0.2182,0.1931,0.0976,0.0490,0.0594,0.0360,
su-1519843,Рудный,Rudnyy,kazakhstan,52.9724,63.1106,36639.0000,0.0000,0.0000,0.5888,0.5502,0.5621,0.4489,0.4354,0.1720,0.1921,0.0479,
su-1518139,Тобыл,Tobol,kazakhstan,52.6937,62.5914,11292.0000,0.0000,0.0000,0.1648,0.1933,0.1174,0.0674,0.0765,0.0342,0.0377,0.0204,
su-1519928,Қостанай,Kostanay,kazakhstan,53.2144,63.6246,86382.0000,0.0000,0.0000,0.8586,0.9037,0.8701,0.8366,0.7967,0.7991,0.6927,0.7663,
su-1519924,Құсмұрын,Qusmuryn,kazakhstan,52.4514,64.6168,18278.0000,1.0000,1.0000,0.3074,0.3335,0.1859,0.0981,0.1711,0.0650,0.0694,0.0504,
su-1516519,Жосалы,Zhosaly,kazakhstan,45.4878,64.0781,13393.0000,0.0000,0.0000,0.2082,0.3781,0.2426,0.2689,0.1194,0.1441,0.1807,0.2669,
su-1524801,Шиелі,Shiyeli,kazakhstan,44.1706,66.7338,13963.0000,0.0000,0.0000,0.2238,0.2932,0.2635,0.4174,0.1271,0.1048,0.0955,0.0505,
su-1519922,Қызылорда,Kyzylorda,kazakhstan,44.8528,65.5092,65902.0000,0.0000,0.0000,0.7838,0.8962,0.8322,0.9329,0.6600,0.7535,0.6180,0.5166,
su-1516789,Әйтеке би,Novokazalinsk,kazakhstan,45.8481,62.1525,19499.0000,0.0000,0.0000,0.3311,0.5981,0.3822,0.4331,0.2045,0.2428,0.2531,0.6571,
su-1527719,Кызыл-Кыя,Kyzyl-Kyya,kyrgyzstan,40.2568,72.1279,30201.0000,0.0000,0.0000,0.5281,0.4947,0.4988,0.4107,0.3484,0.3427,0.3375,0.2577,
su-1222562,Сүлүктү,Suluktu,kyrgyzstan,39.9365,69.5678,18865.0000,0.0000,0.0000,0.3308,0.3870,0.3816,0.4161,0.1856,0.1949,0.1833,0.3831,
su-1528675,Бишкек,Bishkek,kyrgyzstan,42.8700,74.5900,223831.0000,1.0000,1.0000,0.9731,0.9768,0.9973,0.9804,0.9460,0.9547,0.9990,0.9897,
su-1527873,Көк-Жаңгак,Kok-Yangak,kyrgyzstan,41.0303,73.1961,17352.0000,0.0000,0.0000,0.2995,0.2561,0.2611,0.5646,0.1644,0.1432,0.1396,0.0955,
su-1527647,Майлуу-Суу,Mayli-Say,kyrgyzstan,41.2530,72.4599,24711.0000,0.0000,0.0000,0.4413,0.2441,0.2682,0.0743,0.2679,0.1099,0.1138,0.0709,
su-1528249,Манас (Жалал-Абад),Manas,kyrgyzstan,40.9450,72.9931,31234.0000,0.0000,0.0000,0.5426,0.5043,0.3293,0.4505,0.3557,0.3333,0.2003,0.2507,
su-1527260,Таш-Көмүр,Tash-Kumyr,kyrgyzstan,41.3461,72.2171,13755.0000,0.0000,0.0000,0.2222,0.1130,0.1247,0.0567,0.1157,0.0586,0.0607,0.0616,
su-1527622,Миң-Куш,Min-Kush,kyrgyzstan,41.6742,74.4585,10907.0000,0.0000,0.0000,0.1603,0.1755,0.1788,0.2653,0.0801,0.0223,0.0262,0.0145,
su-1527592,Нарын,Naryn,kyrgyzstan,41.4283,75.9957,14857.0000,0.0000,0.0000,0.2393,0.3032,0.1863,0.2513,0.1340,0.1002,0.0497,0.0270,
su-1528091,Кара-Суу,Kara Suu,kyrgyzstan,40.7046,72.8667,12254.0000,0.0000,0.0000,0.1895,0.1565,0.1768,0.0889,0.0965,0.0897,0.1000,0.0625,
su-1527513,Өзгөн,Uzgen,kyrgyzstan,40.7699,73.3007,16491.0000,0.0000,0.0000,0.2813,0.3676,0.3585,0.2622,0.1525,0.2002,0.1862,0.1442,
su-1527534,Ош,Osh,kyrgyzstan,40.5283,72.7985,65197.0000,0.0000,0.0000,0.8098,0.8054,0.6858,0.7587,0.6677,0.6942,0.5561,0.6442,
su-1527299,Талас,Talas,kyrgyzstan,42.5226,72.2417,13529.0000,0.0000,0.0000,0.2150,0.1890,0.1239,0.1554,0.1163,0.0855,0.0399,0.0061,
su-1528193,Кант,Kant,kyrgyzstan,42.8911,74.8508,15597.0000,0.0000,0.0000,0.2622,0.2401,0.2549,0.3798,0.1403,0.1433,0.1535,0.0795,
su-1528182,Кара-Балта,Kara-Balta,kyrgyzstan,42.8142,73.8481,10678.0000,0.0000,0.0000,0.1554,0.1375,0.1628,0.0967,0.0774,0.0767,0.0887,0.0615,
su-1527199,Токмок,Tokmok,kyrgyzstan,42.8419,75.3015,26559.0000,0.0000,0.0000,0.4724,0.4998,0.5179,0.5298,0.2935,0.3371,0.3566,0.2541,
su-1527004,Балыкчы,Balykchy,kyrgyzstan,42.4602,76.1871,17872.0000,0.0000,0.0000,0.3104,0.2165,0.2346,0.1878,0.1717,0.1073,0.1122,0.1063,
su-1528121,Каракол,Karakol,kyrgyzstan,42.4905,78.3920,32565.0000,0.0000,0.0000,0.5405,0.7515,0.5940,0.6897,0.3752,0.4992,0.3312,0.2837,
su-460570,Cēsis,Cēsis,latvia,57.3119,25.2746,13839.0000,0.0000,0.0000,0.2166,0.1451,0.0797,0.0628,0.1254,0.0734,0.0320,0.0231,
su-459279,Jelgava,Jelgava,latvia,56.6500,23.7128,36270.0000,1.0000,0.0000,0.5851,0.3693,0.2115,0.2015,0.4307,0.1714,0.0860,0.1421,
su-457954,Liepāja,Liepāja,latvia,56.5047,21.0109,71464.0000,1.0000,0.0000,0.8151,0.6654,0.5103,0.7966,0.7323,0.3331,0.2094,0.1350,
su-453754,Valmiera,Valmiera,latvia,57.5411,25.4275,11589.0000,1.0000,0.0000,0.1722,0.1357,0.0788,0.0704,0.0959,0.0592,0.0262,0.0110,
su-598098,Klaipėda,Klaipėda,lithuania,55.7068,21.1391,89923.0000,1.0000,0.0000,0.8664,0.6498,0.5071,0.8411,0.8088,0.3959,0.2571,0.6053,
su-593959,Tauragė,Taurage,lithuania,55.2522,22.2897,12041.0000,0.0000,0.0000,0.1810,0.1455,0.0823,0.0844,0.0855,0.0385,0.0193,0.0150,
su-593926,Telšiai,Telsiai,lithuania,55.9814,22.2472,13460.0000,0.0000,0.0000,0.2104,0.1739,0.0970,0.1267,0.1036,0.0455,0.0228,0.0093,
su-595449,Radviliškis,Radviliskis,lithuania,55.8167,23.5333,12613.0000,1.0000,1.0000,0.1928,0.1155,0.1383,0.1019,0.0927,0.0370,0.0399,0.0687,
su-594739,Šiauliai,Šiauliai,lithuania,55.9333,23.3167,59722.0000,1.0000,0.0000,0.7653,0.5157,0.3573,0.3524,0.6606,0.2721,0.1582,0.1701,
su-618594,Basarabeasca,Basarabeasca,moldova,46.3335,28.9616,12548.0000,0.0000,0.0000,0.1959,0.1111,0.0680,0.0854,0.1086,0.0738,0.0462,0.0128,
su-618577,Bender (Tighina),Bender,moldova,46.8316,29.4767,43109.0000,1.0000,1.0000,0.6749,0.4239,0.2866,0.6991,0.4887,0.2249,0.1386,0.4760,
su-618456,Cahul,Cahul,moldova,45.9046,28.1952,16223.0000,0.0000,0.0000,0.2756,0.2089,0.1255,0.3039,0.1575,0.0767,0.0426,0.0537,
su-618450,Ceadîr-Lunga,Ceadîr-Lunga,moldova,46.0617,28.8308,13193.0000,0.0000,0.0000,0.2099,0.1320,0.1572,0.0683,0.1169,0.0779,0.0809,0.0295,
su-618426,Chișinău,Chisinau,moldova,47.0090,28.8594,216005.0000,1.0000,1.0000,0.9715,0.9224,0.9900,0.9291,0.9337,0.5866,0.9671,0.6764,
su-618405,Comrat,Comrat,moldova,46.2949,28.6571,14361.0000,0.0000,0.0000,0.2354,0.1343,0.0798,0.0812,0.1324,0.0834,0.0498,0.0128,
su-618365,Dubăsari,Dubăsari,moldova,47.2656,29.1667,12435.0000,1.0000,0.0000,0.1934,0.1291,0.1388,0.2275,0.1071,0.0584,0.0565,0.0190,
su-617638,Orhei,Orhei,moldova,47.3850,28.8254,14391.0000,0.0000,0.0000,0.2361,0.1647,0.0945,0.0615,0.1328,0.0644,0.0357,0.0239,
su-617486,Rîbnița,Rîbniţa,moldova,47.7682,29.0100,18649.0000,0.0000,0.0000,0.3264,0.3788,0.3695,0.2967,0.1909,0.1660,0.1370,0.1122,
su-617239,Tiraspol,Tiraspol,moldova,46.8428,29.6284,62676.0000,1.0000,1.0000,0.7990,0.8122,0.6903,0.8043,0.6409,0.7511,0.6147,0.4309,
su-1511783,Алейск,Aleysk,russia,52.4963,82.7747,28982.0000,0.0000,0.0000,0.4916,0.6377,0.6561,0.8089,0.3293,0.3978,0.4222,0.8434,
su-1511736,Алтайский,Altayskoye,russia,51.9516,85.3369,11592.0000,0.0000,0.0000,0.1751,0.2279,0.1849,0.0914,0.0915,0.1108,0.1377,0.3042,
su-1510853,Барнаул,Barnaul,russia,53.3620,83.7279,305046.0000,1.0000,1.0000,0.9806,0.9879,0.9831,0.9906,0.9663,0.9794,0.9749,0.9906,
su-1510018,Бийск,Biysk,russia,52.5342,85.1966,146416.0000,1.0000,1.0000,0.9455,0.9541,0.9700,0.9936,0.8897,0.9210,0.9507,0.9931,
su-1486983,Волчиха,Volchikha,russia,52.0202,80.3612,10371.0000,0.0000,0.0000,0.1467,0.1881,0.1593,0.0583,0.0768,0.0809,0.1036,0.0341,
su-1506260,Горняк,Gornyak,russia,50.9953,81.4669,13866.0000,0.0000,0.0000,0.2180,0.1344,0.1830,0.0496,0.1258,0.0617,0.0815,0.0186,
su-1485042,Змеиногорск,Zmeinogorsk,russia,51.1581,82.1941,13774.0000,0.0000,0.0000,0.2161,0.2591,0.2900,0.1102,0.1246,0.1494,0.1669,0.0482,
su-1504871,Камень-на-Оби,Kamen’-na-Obi,russia,53.7890,81.3320,30135.0000,0.0000,0.0000,0.5080,0.6961,0.7198,0.8103,0.3505,0.4576,0.4984,0.7453,
su-1501460,Кулунда,Kulunda,russia,52.5649,78.9391,14101.0000,0.0000,0.0000,0.2237,0.1992,0.1699,0.1933,0.1290,0.0632,0.0830,0.0175,
su-1497173,Чесноковка,Novoaltaysk,russia,53.4143,83.9411,33953.0000,0.0000,0.0000,0.5579,0.3472,0.3941,0.5116,0.3922,0.2707,0.2957,0.2734,
su-1494331,Поспелиха,Pospelikha,russia,51.9500,81.7667,10751.0000,0.0000,0.0000,0.1544,0.2062,0.1498,0.0853,0.0813,0.0968,0.1000,0.1714,
su-1493467,Рубцовск,Rubtsovsk,russia,51.5147,81.2061,111357.0000,1.0000,1.0000,0.9028,0.9298,0.9420,0.9791,0.8340,0.8139,0.8462,0.9002,
su-1491706,Славгород,Slavgorod,russia,53.0000,78.6473,38413.0000,1.0000,0.0000,0.6083,0.7384,0.7661,0.8552,0.4492,0.4706,0.5269,0.4630,
su-1490266,Тальменка,Tal’menka,russia,53.8215,83.5706,17953.0000,0.0000,0.0000,0.3019,0.3720,0.2913,0.2708,0.1767,0.2040,0.2477,0.1428,
su-1489209,Троицкое,Troitskoye,russia,52.9826,84.6803,10182.0000,0.0000,0.0000,0.1429,0.1509,0.1316,0.0300,0.0745,0.0611,0.0815,0.0178,
su-2026895,Куйбышевка-Восточная,Belogorsk,russia,50.9124,128.5124,48831.0000,1.0000,1.0000,0.6897,0.8122,0.8328,0.8742,0.5510,0.6121,0.6688,0.6992,
su-2026609,Благовещенск,Blagoveshchensk,russia,50.2759,127.5264,94746.0000,1.0000,1.0000,0.8676,0.9371,0.8992,0.9777,0.7914,0.8551,0.7730,0.9574,
su-2012626,Завитинск,Zavitinsk,russia,50.1110,129.4403,16025.0000,1.0000,0.0000,0.2653,0.3893,0.4135,0.5828,0.1555,0.1676,0.1768,0.2536,
su-2020591,Магдагачи,Magdagachi,russia,53.4524,125.8074,12977.0000,1.0000,1.0000,0.2052,0.3280,0.2848,0.4479,0.0973,0.1420,0.1567,0.2770,
su-2017487,Райчихинск,Raychikhinsk,russia,49.7957,129.4035,27456.0000,1.0000,0.0000,0.4649,0.3053,0.3580,0.5709,0.3153,0.0871,0.1089,0.0681,
su-2015833,Свободный,Svobodnyy,russia,51.3750,128.1401,56947.0000,1.0000,1.0000,0.7710,0.8803,0.8972,0.8386,0.6120,0.7192,0.7696,0.7115,
su-2016443,Сковородино,Skovorodino,russia,53.9837,123.9401,15083.0000,1.0000,1.0000,0.2409,0.5282,0.5507,0.6744,0.1254,0.2145,0.2302,0.5190,
su-2016701,Шимановск,Shimanovsk,russia,52.0032,127.6762,17891.0000,1.0000,1.0000,0.3108,0.3850,0.4176,0.7157,0.1758,0.1982,0.2184,0.1203,
su-581049,Архангельск,Arkhangel’sk,russia,64.5461,40.5518,256309.0000,1.0000,1.0000,0.9742,0.9927,0.9886,0.9735,0.9569,0.9839,0.9785,0.9878,
su-475938,Вельск,Vel’sk,russia,61.0692,42.0992,16938.0000,1.0000,0.0000,0.2908,0.2667,0.3005,0.2012,0.1673,0.1216,0.1475,0.1207,
su-547871,Кизема,Kizema,russia,61.1130,44.8302,11264.0000,0.0000,0.0000,0.1642,0.1935,0.1224,0.0331,0.0923,0.0559,0.0448,0.0109,
su-545353,Коноша,Konosha,russia,60.9731,40.2632,13769.0000,1.0000,1.0000,0.2225,0.3378,0.2753,0.2830,0.1245,0.1601,0.1385,0.0754,
su-544370,Коряжма,Koryazhma,russia,61.3124,47.1483,11191.0000,0.0000,0.0000,0.1627,0.2090,0.2923,0.1751,0.0914,0.0731,0.1077,0.0337,
su-543704,Котлас,Kotlas,russia,61.2566,46.6537,52608.0000,1.0000,1.0000,0.7248,0.7926,0.8061,0.5191,0.5713,0.4862,0.5527,0.2857,
su-539385,Кулой,Kuloy,russia,61.0305,42.4925,10279.0000,0.0000,0.0000,0.1470,0.1095,0.1044,0.0484,0.0803,0.0708,0.0630,0.0274,
su-518909,Первомайский,Novodvinsk,russia,64.4164,40.8167,16341.0000,1.0000,1.0000,0.2696,0.1127,0.1462,0.0843,0.1504,0.0668,0.0824,0.0688,
su-516647,Няндома,Nyandoma,russia,61.6718,40.2122,21668.0000,0.0000,0.0000,0.3861,0.5116,0.5304,0.5757,0.2326,0.2507,0.2676,0.2960,
su-515246,Онега,Onega,russia,63.9057,38.0994,21306.0000,1.0000,0.0000,0.3657,0.5275,0.5080,0.5363,0.2201,0.2288,0.2219,0.3028,
su-509026,Плесецк,Plesetsk,russia,62.7116,40.2910,13316.0000,0.0000,0.0000,0.2074,0.2951,0.2474,0.3058,0.1100,0.1255,0.1131,0.2187,
su-496285,Молотовск,Severodvinsk,russia,64.5583,39.8297,78657.0000,1.0000,0.0000,0.8382,0.8145,0.8489,0.8393,0.7364,0.6829,0.7385,0.5293,
su-552999,Капустин Яр,Kapustin Yar,russia,48.5817,45.7448,14199.0000,1.0000,1.0000,0.2257,0.2481,0.1704,0.0787,0.1302,0.0893,0.0571,0.0086,
su-505053,Приволжский,Privolzhskiy,russia,46.4033,48.0058,13034.0000,0.0000,0.0000,0.2065,0.1194,0.0893,0.0472,0.0981,0.0618,0.0564,0.0306,
su-582956,Алексеевка,Alexeyevka,russia,50.6309,38.6903,20148.0000,1.0000,0.0000,0.3434,0.3664,0.3471,0.2710,0.2037,0.1984,0.1894,0.4230,
su-578072,Белгород,Belgorod,russia,50.6034,36.5809,72278.0000,1.0000,1.0000,0.8082,0.8095,0.7270,0.5612,0.7053,0.7143,0.5570,0.2750,
su-572500,Борисовка,Borisovka,russia,50.5994,36.0172,10386.0000,0.0000,0.0000,0.1511,0.1833,0.1676,0.1464,0.0809,0.1170,0.1329,0.2487,
su-477192,Валуйки,Valuyki,russia,50.1966,38.1167,18068.0000,1.0000,1.0000,0.3033,0.4432,0.4723,0.4608,0.1744,0.2417,0.2520,0.1381,
su-558146,Губкин,Gubkin,russia,51.2837,37.5351,21333.0000,0.0000,0.0000,0.3561,0.2642,0.3050,0.2419,0.2167,0.0774,0.0869,0.0831,
su-516931,Новый Оскол,Novy Oskol,russia,50.7633,37.8642,12908.0000,0.0000,0.0000,0.2024,0.1749,0.1656,0.4137,0.1130,0.0786,0.0724,0.0673,
su-487928,Старый Оскол,Staryy Oskol,russia,51.3025,37.8461,27474.0000,1.0000,1.0000,0.4534,0.4023,0.4327,0.6488,0.3088,0.2564,0.2748,0.2768,
su-495112,Шебекино,Shebekino,russia,50.4134,36.9254,13907.0000,0.0000,0.0000,0.2227,0.2219,0.2595,0.0626,0.1263,0.1404,0.1454,0.0231,
su-571476,Брянск,Bryansk,russia,53.2710,34.3214,207319.0000,1.0000,1.0000,0.9592,0.9715,0.9621,0.9850,0.9293,0.9493,0.9330,0.9931,
su-563822,Дятьково,Dyat’kovo,russia,53.5978,34.3383,19441.0000,0.0000,0.0000,0.3310,0.3710,0.4068,0.3824,0.2019,0.3009,0.3286,0.1197,
su-462822,Жуковка,Zhukovka,russia,53.5338,33.7308,11080.0000,0.0000,0.0000,0.1651,0.2042,0.2381,0.1230,0.0900,0.1121,0.1333,0.2386,
su-552920,Карачев,Karachev,russia,53.1225,34.9849,11209.0000,1.0000,0.0000,0.1677,0.2793,0.3263,0.1963,0.0916,0.2437,0.2851,0.1609,
su-547475,Клинцы,Klintsy,russia,52.7603,32.2390,42033.0000,0.0000,0.0000,0.6351,0.7534,0.7644,0.8809,0.4781,0.6208,0.6397,0.6086,
su-517269,Новозыбков,Novozybkov,russia,52.5371,31.9366,25852.0000,0.0000,0.0000,0.4406,0.5333,0.5648,0.1809,0.2893,0.4448,0.4740,0.0885,
su-508656,Почеп,Pochep,russia,52.9331,33.4470,15700.0000,0.0000,0.0000,0.2588,0.3384,0.3610,0.2264,0.1504,0.2059,0.2202,0.0548,
su-497610,Сельцо,Sel’tso,russia,53.3683,34.1033,12086.0000,0.0000,0.0000,0.1856,0.1618,0.2039,0.1505,0.1027,0.1232,0.1550,0.1704,
su-488852,Стародуб,Starodub,russia,52.5850,32.7631,11694.0000,0.0000,0.0000,0.1776,0.2759,0.3085,0.2795,0.0977,0.1505,0.1723,0.4460,
su-479028,Унеча,Unecha,russia,52.8429,32.6876,16485.0000,1.0000,1.0000,0.2744,0.3603,0.3831,0.2420,0.1611,0.1974,0.2126,0.0887,
su-562573,Цементный,Fokino,russia,53.4547,34.4134,11025.0000,0.0000,0.0000,0.1640,0.1295,0.1711,0.0893,0.0894,0.0878,0.1171,0.1493,
su-473247,Владимир,Vladimir,russia,56.1385,40.3998,153865.0000,1.0000,1.0000,0.9291,0.9306,0.8934,0.9912,0.8978,0.9130,0.8759,0.9950,
su-470666,Вязники,Vyazniki,russia,56.2423,42.1491,39392.0000,1.0000,1.0000,0.5964,0.6689,0.6875,0.7983,0.4548,0.5658,0.6021,0.5545,
su-557775,Гусь-Хрустальный,Gus’-Khrustal’nyy,russia,55.6117,40.6502,54158.0000,0.0000,0.0000,0.7110,0.7542,0.7802,0.8078,0.5912,0.6859,0.7296,0.8550,
su-553389,Камешково,Kameshkovo,russia,56.3492,40.9986,11834.0000,0.0000,0.0000,0.1771,0.1733,0.1905,0.1279,0.0946,0.1094,0.1107,0.1410,
su-548278,Киржач,Kirzhach,russia,56.1527,38.8551,18137.0000,1.0000,1.0000,0.2990,0.2374,0.2423,0.1903,0.1793,0.1771,0.1793,0.0343,
su-543460,Ковров,Kovrov,russia,56.3575,41.3189,98563.0000,1.0000,1.0000,0.8653,0.8894,0.9127,0.9787,0.8028,0.8664,0.9019,0.9904,
su-546521,Кольчугино,Kol’chugino,russia,56.3045,39.3766,37865.0000,1.0000,1.0000,0.5810,0.6263,0.6383,0.8844,0.4379,0.5285,0.5555,0.8681,
su-527740,Меленки,Melenki,russia,55.3358,41.6275,17462.0000,0.0000,0.0000,0.2864,0.3761,0.3820,0.1721,0.1698,0.2273,0.2301,0.0726,
su-524294,Муром,Murom,russia,55.5685,42.0239,71567.0000,1.0000,1.0000,0.7936,0.8167,0.8461,0.7361,0.7007,0.7460,0.7979,0.5922,
su-509697,Новые Петушки,Petushki,russia,55.9272,39.4607,11475.0000,0.0000,0.0000,0.1700,0.1140,0.1289,0.1661,0.0901,0.0730,0.0742,0.0588,
su-491480,Собинка,Sobinka,russia,55.9900,40.0205,20511.0000,0.0000,0.0000,0.3418,0.3545,0.3610,0.3232,0.2127,0.2795,0.2821,0.1598,
su-466215,Юрьев-Польский,Yur’yev-Pol’skiy,russia,56.5046,39.6793,16801.0000,1.0000,0.0000,0.2739,0.3213,0.3261,0.2138,0.1606,0.2094,0.2094,0.1581,
su-472757,Сталинград,Volgograd,russia,48.7138,44.4976,593844.0000,1.0000,1.0000,0.9936,0.9982,0.9981,0.9850,0.9898,0.9960,0.9957,0.9913,
su-472231,Волжский,Volzhsky,russia,48.7858,44.7797,66965.0000,0.0000,0.0000,0.7981,0.5165,0.5287,0.7017,0.6781,0.2688,0.2696,0.5702,
su-564654,Дубовка,Dubovka,russia,49.0562,44.8291,11701.0000,0.0000,0.0000,0.1732,0.1877,0.2222,0.1238,0.0897,0.1333,0.1393,0.0501,
su-468063,Елань,Yelan’,russia,50.9488,43.7371,13873.0000,0.0000,0.0000,0.2181,0.3219,0.3507,0.4993,0.1173,0.1543,0.1635,0.3421,
su-554397,Калач-на-Дону,Kalach-na-Donu,russia,48.6910,43.5264,16676.0000,0.0000,0.0000,0.2756,0.2286,0.2696,0.4479,0.1551,0.1303,0.1430,0.1272,
su-553287,Камышин,Kamyshin,russia,50.0885,45.4128,56511.0000,1.0000,1.0000,0.7482,0.7920,0.8079,0.8835,0.6099,0.5660,0.6245,0.5592,
su-543728,Котельниково,Kotel’nikovo,russia,47.6301,43.1416,17605.0000,1.0000,1.0000,0.3048,0.3702,0.3970,0.3774,0.1679,0.2074,0.2267,0.1785,
su-542213,Краснослободск,Krasnoslobodsk,russia,48.7071,44.5770,18993.0000,0.0000,0.0000,0.3214,0.1854,0.1995,0.4208,0.1874,0.2122,0.1993,0.1688,
su-536156,Ленинск,Leninsk,russia,48.7031,45.1961,11361.0000,0.0000,0.0000,0.1669,0.1621,0.1927,0.2004,0.0935,0.1146,0.1434,0.1895,
su-527012,Михайловка,Mikhaylovka,russia,50.0619,43.2334,34984.0000,0.0000,0.0000,0.5698,0.6492,0.6495,0.8481,0.4026,0.4027,0.4330,0.4111,
su-521874,Николаевский,Nikolayevsk,russia,50.0281,45.4612,11010.0000,0.0000,0.0000,0.1590,0.2774,0.3437,0.5760,0.0813,0.1135,0.1273,0.5428,
su-519062,Новоаннинский,Novoanninskiy,russia,50.5283,42.6746,18664.0000,0.0000,0.0000,0.3150,0.4514,0.4714,0.5754,0.1828,0.2350,0.2538,0.5371,
su-513042,Палласовка,Pallasovka,russia,50.0491,46.8855,10346.0000,0.0000,0.0000,0.1462,0.2727,0.3507,0.1276,0.0811,0.0952,0.1367,0.0249,
su-478544,Урюпинск,Uryupinsk,russia,50.8060,42.0092,31546.0000,0.0000,0.0000,0.5267,0.6729,0.6671,0.4709,0.3598,0.4343,0.4539,0.1413,
su-562389,Фролово,Frolovo,russia,49.7688,43.6542,26438.0000,0.0000,0.0000,0.4525,0.5415,0.5457,0.5180,0.2918,0.3179,0.3364,0.4092,
su-580006,Бабаево,Babayevo,russia,59.3936,35.9371,12044.0000,1.0000,1.0000,0.1847,0.2541,0.2282,0.2729,0.0939,0.1016,0.1009,0.0188,
su-577711,Белозерск,Belozërsk,russia,60.0288,37.8084,10375.0000,0.0000,0.0000,0.1490,0.2301,0.2458,0.0877,0.0815,0.1180,0.1103,0.0350,
su-476062,Великий Устюг,Velikiy Ustyug,russia,60.7619,46.3135,37026.0000,0.0000,0.0000,0.5931,0.7822,0.7603,0.7616,0.4257,0.6075,0.5683,0.3624,
su-472459,Вологда,Vologda,russia,59.2239,39.8840,139137.0000,1.0000,1.0000,0.9313,0.9632,0.9501,0.9916,0.8711,0.9233,0.8798,0.9949,
su-469960,Вытегра,Vytegra,russia,61.0064,36.4481,11340.0000,1.0000,0.0000,0.1704,0.2246,0.2097,0.2021,0.0853,0.0760,0.0822,0.0242,
su-542908,Красавино,Krasavino,russia,60.9622,46.4832,11186.0000,0.0000,0.0000,0.1626,0.2978,0.3282,0.1948,0.0914,0.1405,0.1366,0.0753,
su-491281,Сокол,Sokol,russia,59.4617,40.1206,41709.0000,1.0000,1.0000,0.6622,0.7410,0.7388,0.7716,0.4749,0.5142,0.4661,0.4428,
su-550512,Харовск,Kharovsk,russia,59.9642,40.1912,11260.0000,1.0000,0.0000,0.1679,0.1497,0.1665,0.1259,0.0923,0.0790,0.0742,0.0099,
su-570086,Чагода,Chagoda,russia,59.1640,35.3285,10844.0000,0.0000,0.0000,0.1603,0.2307,0.1629,0.3568,0.0824,0.0933,0.0994,0.3080,
su-569223,Череповец,Cherepovets,russia,59.1333,37.9000,92356.0000,1.0000,1.0000,0.8717,0.8760,0.8672,0.8016,0.7732,0.7007,0.7054,0.6264,
su-581671,Анна,Anna,russia,51.4901,40.4224,11834.0000,0.0000,0.0000,0.1771,0.1821,0.1487,0.1134,0.0946,0.0930,0.1173,0.0533,
su-572525,Борисоглебск,Borisoglebsk,russia,51.3689,42.0980,54415.0000,1.0000,1.0000,0.7126,0.8314,0.8507,0.6287,0.5932,0.7413,0.7831,0.5044,
su-570563,Бутурлиновка,Buturlinovka,russia,50.8262,40.5980,13288.0000,0.0000,0.0000,0.2060,0.2941,0.3245,0.2707,0.1097,0.1479,0.1559,0.2046,
su-472045,Воронеж,Voronezh,russia,51.6683,39.1920,447164.0000,1.0000,1.0000,0.9864,0.9936,0.9922,0.9863,0.9823,0.9932,0.9923,0.9932,
su-558799,Грибановский,Gribanovskiy,russia,51.4502,41.9621,15928.0000,0.0000,0.0000,0.2572,0.1874,0.1667,0.4477,0.1486,0.0858,0.1186,0.1693,
su-554410,Калач,Kalach,russia,50.4250,41.0159,16906.0000,1.0000,0.0000,0.2802,0.4310,0.4553,0.7411,0.1582,0.2383,0.2555,0.5373,
su-534838,Лиски,Liski,russia,50.9824,39.5040,37638.0000,1.0000,1.0000,0.5997,0.6491,0.6648,0.4172,0.4338,0.5033,0.5314,0.1567,
su-514198,Острогожск,Ostrogozhsk,russia,50.8659,39.0781,28403.0000,0.0000,0.0000,0.4826,0.4622,0.4727,0.6626,0.3185,0.3113,0.3304,0.5768,
su-512053,Павловск,Pavlovsk,russia,50.4543,40.1237,12050.0000,0.0000,0.0000,0.1804,0.2774,0.3147,0.1510,0.0940,0.1340,0.1433,0.0613,
su-505806,Поворино,Povorino,russia,51.1981,42.2460,19274.0000,1.0000,1.0000,0.3268,0.4073,0.4427,0.4112,0.1913,0.1867,0.2005,0.2790,
su-501231,Россошь,Rossosh’,russia,50.1964,39.5663,30184.0000,1.0000,1.0000,0.5082,0.5970,0.5991,0.8385,0.3421,0.3720,0.3953,0.7155,
su-497206,Семилуки,Semiluki,russia,51.6821,39.0302,18323.0000,0.0000,0.0000,0.3024,0.1661,0.1716,0.0444,0.1717,0.1245,0.1145,0.0190,
su-484747,Таловая,Talovaya,russia,51.1196,40.7251,11354.0000,1.0000,1.0000,0.1660,0.2194,0.1357,0.1553,0.0855,0.1085,0.0966,0.0435,
su-563420,Эртиль,Ertil’,russia,51.8382,40.8017,10059.0000,0.0000,0.0000,0.1423,0.1713,0.1961,0.0257,0.0731,0.0793,0.0816,0.0572,
su-2027184,Балей,Baley,russia,51.5817,116.6339,28848.0000,0.0000,0.0000,0.4891,0.7000,0.6591,0.5748,0.3283,0.4988,0.4382,0.2688,
su-2026023,Букачача,Bukachacha,russia,52.9820,116.9011,13184.0000,1.0000,0.0000,0.2039,0.2589,0.1382,0.0626,0.1168,0.0769,0.0522,0.0592,
su-2013442,Вершино-Дарасунский,Vershino-Darasunskiy,russia,52.3663,115.5305,11867.0000,0.0000,0.0000,0.1766,0.1517,0.0942,0.0775,0.0999,0.0577,0.0457,0.0207,
su-2023094,Карымское,Karymskoye,russia,51.6268,114.3368,10389.0000,1.0000,1.0000,0.1463,0.1776,0.1134,0.0182,0.0816,0.1016,0.0954,0.0255,
su-2021908,Кокуй,Kokuy,russia,52.2082,117.5534,10043.0000,0.0000,0.0000,0.1394,0.2147,0.1314,0.1001,0.0775,0.0869,0.0674,0.0251,
su-2019912,Могоча,Mogocha,russia,53.7396,119.7689,14652.0000,1.0000,1.0000,0.2342,0.5185,0.5320,0.7295,0.1363,0.2878,0.3089,0.5438,
su-2019326,Нерчинск,Nerchinsk,russia,51.9798,116.5869,13500.0000,1.0000,0.0000,0.2104,0.3593,0.3856,0.5038,0.1210,0.1746,0.1931,0.0977,
su-2018498,Оловянная,Olovyannaya,russia,50.9463,115.5755,13828.0000,0.0000,0.0000,0.2164,0.4145,0.3569,0.5660,0.1084,0.1757,0.1840,0.3229,
su-2018021,Первомайский,Pervomayskiy,russia,51.6630,115.6242,12866.0000,0.0000,0.0000,0.1973,0.1867,0.1084,0.1470,0.1127,0.0636,0.0479,0.0380,
su-2017945,Петровск-Забайкальский,Petrovsk-Zabaykal’skiy,russia,51.2758,108.8471,29795.0000,1.0000,1.0000,0.5223,0.6499,0.6711,0.6007,0.3426,0.4094,0.4337,0.5238,
su-2016110,Сретенск,Sretensk,russia,52.2488,117.7089,15138.0000,0.0000,0.0000,0.2442,0.4162,0.4567,0.4682,0.1428,0.2334,0.2664,0.1771,
su-2022463,Хилок,Khilok,russia,51.3588,110.4617,15855.0000,1.0000,1.0000,0.2677,0.3669,0.4004,0.5385,0.1361,0.1804,0.1960,0.1217,
su-2025458,Чернышевск,Chernyshevsk,russia,52.5222,117.0174,11412.0000,1.0000,1.0000,0.1672,0.2638,0.1706,0.0495,0.0942,0.1143,0.1063,0.0184,
su-2025339,Чита,Chita,russia,52.0431,113.4917,171816.0000,1.0000,1.0000,0.9582,0.9729,0.9625,0.9874,0.9352,0.9561,0.9379,0.9928,
su-2016708,Шилка,Shilka,russia,51.8514,116.0285,16805.0000,1.0000,1.0000,0.2782,0.4397,0.4535,0.8798,0.1655,0.2515,0.2680,0.3037,
su-473788,Вичуга,Vichuga,russia,57.2145,41.9256,51676.0000,0.0000,0.0000,0.7091,0.7874,0.8123,0.6751,0.5967,0.7374,0.7599,0.6072,
su-464112,Заволжск,Zavolzhsk,russia,57.4820,42.1382,15487.0000,0.0000,0.0000,0.2545,0.2852,0.3256,0.3133,0.1310,0.1605,0.1618,0.0876,
su-555312,Иваново,Ivanovo,russia,56.9999,40.9726,335161.0000,1.0000,1.0000,0.9809,0.9923,0.9900,0.9808,0.9808,0.9917,0.9887,0.9914,
su-548605,Кинешма,Kineshma,russia,57.4367,42.1277,87214.0000,1.0000,1.0000,0.8513,0.9091,0.9256,0.9706,0.7996,0.8866,0.9081,0.9203,
su-545736,Комсомольск,Komsomol’sk,russia,57.0294,40.3757,11103.0000,1.0000,1.0000,0.1656,0.2397,0.2863,0.6487,0.0743,0.1338,0.1332,0.1527,
su-546672,Кохма,Kokhma,russia,56.9321,41.0947,20252.0000,0.0000,0.0000,0.3459,0.3327,0.3721,0.4118,0.2004,0.2769,0.2696,0.2032,
su-535366,Лежнево,Lezhnevo,russia,56.7751,40.8917,10139.0000,0.0000,0.0000,0.1461,0.1407,0.1403,0.4951,0.0633,0.0673,0.0679,0.1629,
su-523161,Наволоки,Navoloki,russia,57.4657,41.9634,13832.0000,0.0000,0.0000,0.2212,0.2629,0.2404,0.1458,0.1085,0.1428,0.1330,0.0402,
su-505060,Приволжск,Privolzhsk,russia,57.3839,41.2916,18723.0000,0.0000,0.0000,0.3176,0.3310,0.3666,0.5296,0.1776,0.2267,0.2248,0.3456,
su-501730,Родники,Rodniki,russia,57.1050,41.7356,29282.0000,0.0000,0.0000,0.4911,0.5568,0.5901,0.8120,0.3352,0.4650,0.4718,0.8640,
su-483137,Тейково,Teykovo,russia,56.8585,40.5403,28298.0000,0.0000,0.0000,0.4772,0.5488,0.5796,0.8102,0.3209,0.4803,0.4825,0.8163,
su-562309,Фурманов,Furmanov,russia,57.2542,41.1112,38225.0000,0.0000,0.0000,0.5985,0.6539,0.6835,0.5470,0.4552,0.6087,0.6196,0.6816,
su-493231,Шуя,Shuya,russia,56.8486,41.3869,64562.0000,0.0000,0.0000,0.7781,0.8295,0.8535,0.9035,0.6929,0.8133,0.8339,0.9178,
su-466084,Южа,Yuzha,russia,56.5837,42.0118,23066.0000,0.0000,0.0000,0.3853,0.4536,0.4598,0.1710,0.2486,0.3339,0.3455,0.1445,
su-466258,Юрьевец,Yur’yevets,russia,57.3121,43.1039,19746.0000,0.0000,0.0000,0.3367,0.4063,0.4395,0.4471,0.1928,0.2458,0.2521,0.7698,
su-1511709,Алзамай,Alzamay,russia,55.5562,98.6644,13060.0000,0.0000,0.0000,0.2070,0.1343,0.1673,0.0733,0.1152,0.0634,0.0639,0.0195,
su-2027667,Ангарск,Angarsk,russia,52.5597,103.9141,134390.0000,0.0000,0.0000,0.9206,0.7575,0.8249,0.8892,0.8743,0.5329,0.6522,0.8101,
su-1510041,Суетиха,Biryusinsk,russia,55.9634,97.8235,13284.0000,0.0000,0.0000,0.2119,0.1884,0.2049,0.1698,0.1181,0.0858,0.0819,0.1810,
su-2026583,Бодайбо,Bodaybo,russia,57.8535,114.2041,18226.0000,0.0000,0.0000,0.3177,0.5626,0.5763,0.8838,0.1703,0.2847,0.2986,0.8291,
su-2051523,Братск,Bratsk,russia,56.1325,101.6142,51455.0000,0.0000,0.0000,0.7384,0.5264,0.6117,0.6656,0.5622,0.0830,0.1129,0.1805,
su-2013399,Вихоревка,Vikhorevka,russia,56.1213,101.1777,10861.0000,0.0000,0.0000,0.1594,0.1524,0.1902,0.1020,0.0874,0.0583,0.0624,0.0231,
su-2012702,Залари,Zalari,russia,53.5588,102.5091,11945.0000,0.0000,0.0000,0.1782,0.1096,0.0686,0.0370,0.0959,0.0510,0.0666,0.0081,
su-2012484,Зима,Zima,russia,53.9202,102.0442,38549.0000,1.0000,1.0000,0.6094,0.6684,0.6783,0.8121,0.4456,0.5215,0.5678,0.8521,
su-2023469,Иркутск,Irkutsk,russia,52.2957,104.2908,365893.0000,1.0000,1.0000,0.9834,0.9917,0.9897,0.9880,0.9752,0.9894,0.9870,0.9912,
su-2022083,Киренск,Kirensk,russia,57.7756,108.1154,14412.0000,1.0000,0.0000,0.2301,0.5181,0.5751,0.5204,0.1280,0.2129,0.2329,0.1386,
su-1497549,Нижнеудинск,Nizhneudinsk,russia,54.9072,99.0340,38761.0000,1.0000,1.0000,0.6116,0.7769,0.7841,0.7572,0.4530,0.5055,0.5566,0.6299,
su-2015842,Свирск,Svirsk,russia,53.0911,103.3435,21186.0000,1.0000,1.0000,0.3628,0.2679,0.3105,0.5686,0.2222,0.1938,0.2000,0.5077,
su-2016422,Слюдянка,Slyudyanka,russia,51.6621,103.7100,21388.0000,1.0000,1.0000,0.3664,0.3642,0.4010,0.2297,0.2250,0.2208,0.2340,0.1029,
su-1489870,Тайшет,Tayshet,russia,55.9328,97.9896,33499.0000,1.0000,1.0000,0.5726,0.6389,0.6688,0.4908,0.3855,0.4672,0.5092,0.4339,
su-2014927,Тулун,Tulun,russia,54.5676,100.5766,41783.0000,1.0000,1.0000,0.6411,0.7514,0.7556,0.7916,0.4849,0.5549,0.6114,0.5678,
su-2014022,Усолье-Сибирское,Usol’ye-Sibirskoye,russia,52.7519,103.6453,48494.0000,1.0000,1.0000,0.6873,0.6114,0.5820,0.8467,0.5444,0.5129,0.5027,0.6939,
su-2013923,Усть-Кут,Ust’-Kut,russia,56.7979,105.7866,21343.0000,1.0000,0.0000,0.3664,0.4089,0.4836,0.3140,0.2244,0.1224,0.1446,0.0813,
su-2025527,Черемхово,Cheremkhovo,russia,53.1474,103.0819,122833.0000,1.0000,1.0000,0.9166,0.9338,0.9427,0.9857,0.8562,0.8929,0.9275,0.9874,
su-2016764,Шелехов,Shelekhov,russia,52.2159,104.0993,13044.0000,0.0000,0.0000,0.2051,0.1091,0.1562,0.0978,0.1100,0.0712,0.0747,0.0828,
su-528239,Майский,Mayskiy,russia,50.5217,36.4666,12387.0000,0.0000,0.0000,0.1917,0.1507,0.1891,0.0954,0.1061,0.0869,0.0928,0.0950,
su-523523,Нальчик,Nalchik,russia,43.4981,43.6189,87617.0000,1.0000,1.0000,0.8615,0.8917,0.8646,0.8180,0.7686,0.8085,0.6902,0.7605,
su-523405,Докшукино,Nartkala,russia,43.5544,43.8550,13119.0000,0.0000,0.0000,0.2025,0.1748,0.2232,0.3677,0.1158,0.0794,0.0863,0.1448,
su-504935,Прохладный,Prokhladnyy,russia,43.7574,44.0297,28828.0000,1.0000,0.0000,0.4888,0.5984,0.5945,0.4445,0.3335,0.4297,0.4435,0.5012,
su-479933,Тырныауз,Tyrnyauz,russia,43.3828,42.9183,12789.0000,0.0000,0.0000,0.1957,0.1583,0.1911,0.1316,0.1114,0.0763,0.0746,0.0153,
su-2609906,Балтийск,Baltiysk,russia,54.6546,19.9093,17378.0000,1.0000,0.0000,0.2905,0.2676,0.2610,0.3747,0.1579,0.1643,0.1541,0.0950,
su-557882,Гусев,Gusev,russia,54.5922,22.1997,14174.0000,0.0000,0.0000,0.2252,0.3789,0.3999,0.1082,0.1130,0.2394,0.2398,0.1143,
su-554234,Калининград,Kaliningrad,russia,54.7064,20.5110,203570.0000,1.0000,1.0000,0.9624,0.9910,0.9844,0.9759,0.9522,0.9879,0.9817,0.9862,
su-490068,Советск,Sovetsk,russia,55.0839,21.8785,31941.0000,1.0000,1.0000,0.5324,0.7244,0.7348,0.8657,0.3728,0.6568,0.6663,0.6633,
su-568595,Черняховск,Chernyakhovsk,russia,54.6335,21.8156,29063.0000,1.0000,1.0000,0.4928,0.7406,0.7375,0.4047,0.3320,0.6115,0.6155,0.3307,
su-532459,Людиново,Lyudinovo,russia,53.8664,34.4478,26433.0000,1.0000,0.0000,0.4496,0.4740,0.5134,0.5551,0.2970,0.3573,0.3927,0.4375,
su-2122104,Петропавловск-Камчатский,Petropavlovsk-Kamchatsky,russia,53.0639,158.6275,85582.0000,1.0000,1.0000,0.8565,0.9244,0.8702,0.8563,0.7614,0.7245,0.6063,0.3492,
su-478130,Усть-Джегута,Ust’-Dzheguta,russia,44.0834,41.9763,11490.0000,0.0000,0.0000,0.1688,0.1800,0.2355,0.1602,0.0946,0.0882,0.0960,0.0309,
su-569154,Черкесск,Cherkessk,russia,44.2238,42.0462,41709.0000,0.0000,0.0000,0.6404,0.7028,0.6372,0.7468,0.4841,0.5459,0.3479,0.4919,
su-1511494,Анжеро-Судженск,Anzhero-Sudzhensk,russia,56.0757,86.0243,115628.0000,1.0000,1.0000,0.8924,0.9131,0.9330,0.9900,0.8322,0.8658,0.8980,0.9938,
su-1510469,Белово,Belovo,russia,54.4212,86.2991,106894.0000,1.0000,1.0000,0.8797,0.8343,0.8727,0.9551,0.8233,0.8250,0.8720,0.9775,
su-1506073,Гурьевск,Gur’yevsk,russia,54.2841,85.9481,30448.0000,1.0000,1.0000,0.4944,0.4810,0.4961,0.8660,0.3545,0.4260,0.4442,0.7177,
su-1504972,Калтан,Kaltan,russia,53.5278,87.2758,26627.0000,1.0000,1.0000,0.4735,0.2528,0.2890,0.5486,0.2978,0.1428,0.1593,0.1485,
su-1503901,Кемерово,Kemerovo,russia,55.3542,86.1043,277671.0000,1.0000,1.0000,0.9712,0.9759,0.9672,0.9870,0.9595,0.9753,0.9655,0.9898,
su-1503277,Киселёвск,Kiselëvsk,russia,53.9900,86.6621,130697.0000,1.0000,0.0000,0.9098,0.8324,0.8778,0.8151,0.8677,0.8566,0.8998,0.9315,
su-1484871,Краснобродский,Krasnobrodskiy,russia,54.1581,86.4486,11658.0000,0.0000,0.0000,0.1736,0.0858,0.0741,0.0409,0.0967,0.0632,0.0652,0.0340,
su-1501316,Кургановка,Kurganovka,russia,55.5833,86.2000,13551.0000,0.0000,0.0000,0.2109,0.1114,0.0939,0.2192,0.1215,0.0716,0.0735,0.0986,
su-1500665,Ленинск-Кузнецкий,Leninsk-Kuznetsky,russia,54.6567,86.1737,132156.0000,1.0000,1.0000,0.9113,0.9144,0.9341,0.9882,0.8699,0.9202,0.9334,0.9921,
su-1499350,Мариинск,Mariinsk,russia,56.2098,87.7317,40793.0000,1.0000,1.0000,0.6098,0.6623,0.6896,0.8946,0.4747,0.4675,0.5092,0.7604,
su-1498920,Междуреченск,Mezhdurechensk,russia,53.6899,88.0622,54513.0000,0.0000,0.0000,0.7573,0.5090,0.5715,0.5016,0.5939,0.2733,0.3349,0.2173,
su-1498248,Мундыбаш,Mundybash,russia,53.2110,87.2983,12171.0000,0.0000,0.0000,0.1877,0.2030,0.1512,0.0969,0.0988,0.1275,0.1312,0.0243,
su-1498129,Мыски,Myski,russia,53.7163,87.7965,32173.0000,0.0000,0.0000,0.5554,0.3235,0.3665,0.3347,0.3703,0.1709,0.1964,0.0836,
su-1496990,Сталинск,Novokuznetsk,russia,53.7575,87.1360,376730.0000,1.0000,1.0000,0.9889,0.9888,0.9940,0.9927,0.9764,0.9851,0.9925,0.9798,
su-1495974,Осинники,Osinniki,russia,53.6036,87.3320,68107.0000,0.0000,0.0000,0.8212,0.7489,0.7877,0.9387,0.6824,0.6512,0.7069,0.4469,
su-1494955,Пионер,Pioner,russia,55.3166,85.9508,11739.0000,0.0000,0.0000,0.1752,0.0817,0.0655,0.0413,0.0978,0.0660,0.0651,0.0638,
su-1494456,Полысаево,Polysayevo,russia,54.6034,86.2758,30909.0000,0.0000,0.0000,0.5004,0.2510,0.2893,0.2667,0.3603,0.1799,0.2039,0.1955,
su-1494114,Прокопьевск,Prokop’yevsk,russia,53.9152,86.7189,281958.0000,1.0000,1.0000,0.9779,0.9706,0.9833,0.9818,0.9616,0.9697,0.9830,0.9666,
su-1494091,Промышленная,Promyshlennaya,russia,54.9144,85.6397,16996.0000,0.0000,0.0000,0.2776,0.3000,0.2364,0.2601,0.1691,0.2146,0.2352,0.2077,
su-1493224,Салаир,Salair,russia,54.2312,85.7972,17477.0000,0.0000,0.0000,0.2867,0.3754,0.3697,0.6781,0.1759,0.3136,0.2724,0.3569,
su-1489907,Тайга,Tayga,russia,56.0654,85.6218,33860.0000,1.0000,0.0000,0.5369,0.5589,0.5754,0.6468,0.3897,0.5282,0.5610,0.5970,
su-1490042,Таштагол,Tashtagol,russia,52.7680,87.8880,17067.0000,1.0000,0.0000,0.2935,0.1847,0.2267,0.3280,0.1643,0.0945,0.1057,0.0778,
su-1489779,Темиртау,Temirtau,russia,53.1377,87.4538,12323.0000,0.0000,0.0000,0.1910,0.2019,0.1514,0.1774,0.1007,0.1230,0.1277,0.0504,
su-1489394,Топки,Topki,russia,55.2771,85.6135,26971.0000,1.0000,1.0000,0.4461,0.4654,0.4783,0.6763,0.3088,0.3970,0.4108,0.3565,
su-1485724,Юрга,Yurga,russia,55.7231,84.8861,46556.0000,1.0000,1.0000,0.6588,0.3216,0.3552,0.5621,0.5207,0.1088,0.1028,0.1074,
su-1486298,Яшкино,Yashkino,russia,55.8738,85.4338,14113.0000,0.0000,0.0000,0.2220,0.1973,0.1582,0.0676,0.1291,0.1419,0.1285,0.0165,
su-1486261,Яя,Yaya,russia,56.1990,86.4342,17572.0000,0.0000,0.0000,0.2884,0.2395,0.1913,0.4617,0.1761,0.1722,0.1515,0.1335,
su-578152,Белохолуницкий,Belaya Kholunitsa,russia,58.8403,50.8389,10407.0000,0.0000,0.0000,0.1515,0.1612,0.1956,0.0866,0.0772,0.0767,0.0782,0.0353,
su-470734,Вятские Поляны,Vyatskiye Polyany,russia,56.2291,51.0610,25717.0000,0.0000,0.0000,0.4385,0.4077,0.4520,0.4460,0.2854,0.2359,0.2585,0.3976,
su-461964,Зуевка,Zuyevka,russia,58.4024,51.1323,19903.0000,0.0000,0.0000,0.3396,0.3515,0.3873,0.3684,0.2041,0.2089,0.2198,0.1827,
su-548408,Киров,Kirov,russia,58.5981,49.6578,252416.0000,1.0000,1.0000,0.9701,0.9866,0.9823,0.9701,0.9538,0.9736,0.9666,0.9887,
su-548395,Кирово-Чепецк,Kirovo-Chepetsk,russia,58.5509,50.0310,28726.0000,0.0000,0.0000,0.4833,0.2588,0.3243,0.5438,0.3259,0.1578,0.1779,0.6208,
su-548333,Кирс,Kirs,russia,59.3383,52.2440,10859.0000,1.0000,0.0000,0.1606,0.1965,0.2346,0.2877,0.0826,0.0807,0.0843,0.0190,
su-543737,Котельнич,Kotel’nich,russia,58.3035,48.3374,27688.0000,1.0000,1.0000,0.4684,0.5143,0.5349,0.5973,0.3121,0.3497,0.3695,0.4553,
su-533143,Луза,Luza,russia,60.6263,47.2644,13181.0000,0.0000,0.0000,0.2038,0.2714,0.3236,0.1350,0.1168,0.1021,0.1263,0.0192,
su-524414,Мураши,Murashi,russia,59.3984,48.9637,14216.0000,1.0000,0.0000,0.2261,0.2576,0.2815,0.0943,0.1254,0.1085,0.1115,0.0412,
su-517699,Нововятск,Novovyatsk,russia,58.4983,49.7193,19511.0000,0.0000,0.0000,0.3323,0.1191,0.1153,0.0993,0.1986,0.0783,0.0670,0.0518,
su-520041,Молотовск,Nolinsk,russia,57.5593,49.9333,10326.0000,0.0000,0.0000,0.1499,0.2161,0.2583,0.1815,0.0762,0.0976,0.1007,0.2385,
su-515267,Омутнинск,Omutninsk,russia,58.6701,52.1931,24789.0000,1.0000,0.0000,0.4258,0.5326,0.5360,0.6309,0.2751,0.2963,0.3137,0.4456,
su-491882,Слободской,Slobodskoy,russia,58.7313,50.1712,30836.0000,1.0000,0.0000,0.5122,0.5320,0.5708,0.8124,0.3534,0.4284,0.4497,0.7159,
su-490067,Советск,Sovetsk,russia,57.5894,48.9552,14643.0000,0.0000,0.0000,0.2376,0.2960,0.3267,0.5362,0.1311,0.1438,0.1522,0.0660,
su-490276,Сосновка,Sosnovka,russia,56.2550,51.2842,14115.0000,0.0000,0.0000,0.2269,0.1997,0.1864,0.3027,0.1240,0.0912,0.0789,0.0868,
su-478532,Уржум,Urzhum,russia,57.1144,49.9993,10874.0000,0.0000,0.0000,0.1562,0.2267,0.2887,0.2837,0.0875,0.1271,0.1636,0.1370,
su-469005,Яранск,Yaransk,russia,57.3050,47.8739,11768.0000,0.0000,0.0000,0.1791,0.2379,0.2747,0.0990,0.0937,0.1048,0.1115,0.0781,
su-570508,Буй,Buy,russia,58.4796,41.5359,27221.0000,1.0000,1.0000,0.4615,0.5350,0.5541,0.5928,0.3051,0.3940,0.4064,0.7463,
su-473903,Голыши,Vetluzhskiy,russia,58.3902,45.4654,10776.0000,0.0000,0.0000,0.1589,0.1487,0.1125,0.2282,0.0705,0.0426,0.0430,0.0684,
su-562161,Галич,Galich,russia,58.3788,42.3463,16119.0000,0.0000,0.0000,0.2671,0.3594,0.3119,0.2104,0.1399,0.1867,0.1785,0.0857,
su-543878,Кострома,Kostroma,russia,57.7664,40.9283,171720.0000,1.0000,1.0000,0.9453,0.9681,0.9516,0.9941,0.9351,0.9659,0.9456,0.9935,
su-532138,Макарьев,Makar’yev,russia,57.8850,43.8064,10076.0000,0.0000,0.0000,0.1448,0.2196,0.2618,0.2448,0.0626,0.0740,0.0800,0.0939,
su-529505,Мантурово,Manturovo,russia,58.3258,44.7588,16345.0000,0.0000,0.0000,0.2716,0.2477,0.2762,0.1248,0.1431,0.1030,0.1092,0.0389,
su-522594,Нерехта,Nerekhta,russia,57.4579,40.5717,22310.0000,1.0000,0.0000,0.3825,0.3901,0.4070,0.3559,0.2314,0.3058,0.3016,0.2631,
su-522353,Нея,Neya,russia,58.2971,43.8683,13446.0000,1.0000,0.0000,0.2133,0.2695,0.3001,0.5279,0.1034,0.1121,0.1174,0.2127,
su-495619,Шарья,Shar’ya,russia,58.3685,45.5162,22268.0000,1.0000,1.0000,0.3818,0.4644,0.5007,0.2946,0.2308,0.2568,0.2709,0.2737,
su-584441,Абинская,Abinsk,russia,44.8706,38.1576,14750.0000,0.0000,0.0000,0.2371,0.2715,0.2964,0.1924,0.1378,0.2041,0.2079,0.1296,
su-584243,Адлер,Adler,russia,43.4290,39.9239,19658.0000,0.0000,0.0000,0.3349,0.3156,0.2321,0.4148,0.2068,0.1538,0.1592,0.4821,
su-582182,Анапа,Anapa,russia,44.8950,37.3162,19602.0000,0.0000,0.0000,0.3339,0.4866,0.4940,0.1253,0.1999,0.2642,0.2699,0.0463,
su-581313,Апшеронск,Apsheronsk,russia,44.4599,39.7300,29837.0000,1.0000,1.0000,0.5039,0.5522,0.5784,0.7663,0.3466,0.4115,0.4368,0.6900,
su-580922,Армавир,Armavir,russia,44.9985,41.1147,110994.0000,1.0000,1.0000,0.9024,0.9359,0.9519,0.9844,0.8324,0.9059,0.9329,0.9927,
su-583785,Ахтырский,Akhtyrskiy,russia,44.8546,38.3031,15691.0000,0.0000,0.0000,0.2564,0.1599,0.1145,0.0494,0.1508,0.0854,0.0866,0.0904,
su-577893,Белореченская,Belorechensk,russia,44.7700,39.8725,35864.0000,1.0000,0.0000,0.5805,0.6498,0.6660,0.7657,0.4205,0.4142,0.4410,0.3399,
su-561667,Геленджик,Gelendzhik,russia,44.5801,38.0665,14131.0000,0.0000,0.0000,0.2243,0.2976,0.3133,0.1250,0.1294,0.1522,0.1527,0.1078,
su-558066,Гулькевичи,Gul’kevichi,russia,45.3538,40.6947,20280.0000,1.0000,1.0000,0.3467,0.2586,0.2566,0.3782,0.2156,0.1530,0.1393,0.4431,
su-466885,Ейск,Yeysk,russia,46.6926,38.2791,55324.0000,1.0000,1.0000,0.7620,0.8370,0.8522,0.8609,0.6274,0.7648,0.7885,0.8950,
su-556951,Ильский,Il’skiy,russia,44.8422,38.5669,17086.0000,1.0000,0.0000,0.2846,0.2071,0.1452,0.1535,0.1703,0.1308,0.1292,0.1112,
su-554229,Калинино,Kalinino,russia,45.0923,39.0175,12842.0000,0.0000,0.0000,0.1976,0.0687,0.0556,0.0144,0.1121,0.0711,0.0719,0.0296,
su-544896,Кореновская,Korenovsk,russia,45.4672,39.4492,18242.0000,0.0000,0.0000,0.3075,0.3805,0.3909,0.3803,0.1867,0.2144,0.2164,0.1226,
su-542420,Краснодар,Krasnodar,russia,45.0453,38.9818,313110.0000,1.0000,1.0000,0.9814,0.9905,0.9864,0.9874,0.9667,0.9856,0.9804,0.9922,
su-540761,Кропоткин,Kropotkin,russia,45.4372,40.5704,53997.0000,1.0000,1.0000,0.7335,0.7857,0.8136,0.7375,0.5929,0.6972,0.7395,0.6403,
su-540251,Крымская,Krymsk,russia,44.9263,37.9903,32803.0000,0.0000,0.0000,0.5436,0.5480,0.5790,0.7069,0.3781,0.3977,0.4282,0.5218,
su-538836,Курганная,Kurganinsk,russia,44.8845,40.5889,24266.0000,0.0000,0.0000,0.4178,0.4338,0.4491,0.1145,0.2717,0.2343,0.2431,0.1333,
su-537281,Лабинск,Labinsk,russia,44.6360,40.7357,41944.0000,1.0000,1.0000,0.6429,0.7373,0.7513,0.8407,0.4865,0.5609,0.5903,0.6350,
su-518255,Новороссийск,Novorossiysk,russia,44.7319,37.7618,93461.0000,1.0000,1.0000,0.8738,0.9347,0.9484,0.9724,0.7878,0.8977,0.9247,0.9840,
su-512382,Пашковский,Pashkovskiy,russia,45.0237,39.1044,32692.0000,0.0000,0.0000,0.5422,0.4460,0.3392,0.3734,0.3826,0.4159,0.4194,0.4921,
su-505259,Приморско-Ахтарск,Primorsko-Akhtarsk,russia,46.0485,38.1790,22006.0000,0.0000,0.0000,0.3925,0.4494,0.4710,0.2384,0.2268,0.3134,0.3286,0.2809,
su-504391,Псебай,Psebay,russia,44.1234,40.8107,14152.0000,0.0000,0.0000,0.2247,0.2107,0.1478,0.1179,0.1297,0.0795,0.0798,0.1027,
su-492094,Славянская,Slavyansk-na-Kubani,russia,45.2514,38.1213,38954.0000,0.0000,0.0000,0.6139,0.7132,0.7263,0.9434,0.4500,0.5144,0.5456,0.6649,
su-491422,Сочи,Sochi,russia,43.5970,39.7248,95234.0000,0.0000,0.0000,0.8772,0.9094,0.9323,0.9632,0.7928,0.8215,0.8709,0.9848,
su-483661,Темрюк,Temryuk,russia,45.2689,37.3975,22182.0000,0.0000,0.0000,0.3816,0.5716,0.5756,0.2738,0.2362,0.3442,0.3537,0.1598,
su-482965,Тимашевск,Timashyovsk,russia,45.6169,38.9453,19049.0000,0.0000,0.0000,0.3233,0.4230,0.3937,0.3544,0.1981,0.2531,0.2204,0.3012,
su-483029,Тихорецк,Tikhoretsk,russia,45.8531,40.1187,49658.0000,1.0000,1.0000,0.7051,0.8256,0.8456,0.9054,0.5581,0.6728,0.7221,0.6080,
su-480716,Туапсе,Tuapse,russia,44.1008,39.0833,36650.0000,1.0000,1.0000,0.5893,0.7333,0.7449,0.7655,0.4295,0.5272,0.5552,0.7775,
su-478044,Усть-Лабинская,Ust’-Labinsk,russia,45.2144,39.6884,30212.0000,0.0000,0.0000,0.5091,0.5783,0.5935,0.8543,0.3514,0.3698,0.3898,0.6246,
su-550846,Хадыженск,Khadyzhensk,russia,44.4258,39.5362,20164.0000,1.0000,0.0000,0.3445,0.2759,0.2720,0.2368,0.2140,0.1545,0.1408,0.2645,
su-549741,Холмский,Kholmskiy,russia,44.8469,38.3850,14895.0000,0.0000,0.0000,0.2401,0.1206,0.0940,0.0420,0.1398,0.0783,0.0817,0.0894,
su-549030,Хуторок,Khutorok,russia,46.1167,39.5000,15368.0000,0.0000,0.0000,0.2572,0.2370,0.1848,0.5383,0.1372,0.1326,0.1096,0.0830,
su-568785,Черноморский,Chernomorskiy,russia,44.8506,38.4936,10110.0000,0.0000,0.0000,0.1414,0.0756,0.0661,0.0816,0.0775,0.0547,0.0579,0.1100,
su-1511369,Артёмовск,Artemovsk,russia,54.3483,93.4356,13073.0000,0.0000,0.0000,0.2073,0.3780,0.3877,0.4950,0.1154,0.2998,0.2656,0.1734,
su-1512165,Ачинск,Achinsk,russia,56.2679,90.5015,50323.0000,1.0000,1.0000,0.6863,0.7707,0.7939,0.6784,0.5637,0.6061,0.6513,0.2793,
su-1509852,Боготол,Bogotol,russia,56.2045,89.5332,30894.0000,1.0000,1.0000,0.5003,0.6539,0.6689,0.4044,0.3602,0.4469,0.4745,0.4533,
su-1485997,Енисейск,Yeniseysk,russia,58.4507,92.1724,17047.0000,0.0000,0.0000,0.2854,0.3985,0.4382,0.5932,0.1688,0.2346,0.2671,0.2177,
su-1485487,Заозёрный,Zaozyornyy,russia,55.9618,94.7070,34724.0000,0.0000,0.0000,0.5672,0.4657,0.4768,0.3716,0.4072,0.2330,0.2346,0.0840,
su-1505991,Игарка,Igarka,russia,67.4655,86.6027,14311.0000,1.0000,0.0000,0.2272,0.4315,0.4318,0.2829,0.1317,0.3701,0.3481,0.1929,
su-1505933,Иланский,Ilanskiy,russia,56.2354,96.0667,26911.0000,1.0000,1.0000,0.4606,0.5833,0.6098,0.3828,0.3080,0.4108,0.4370,0.4739,
su-1504682,Канск,Kansk,russia,56.2022,95.7185,82662.0000,1.0000,0.0000,0.8492,0.8826,0.9099,0.9488,0.7505,0.7688,0.8260,0.8936,
su-1502026,Красноярск,Krasnoyarsk,russia,56.0374,92.9314,412375.0000,1.0000,1.0000,0.9882,0.9960,0.9945,0.9875,0.9789,0.9878,0.9849,0.9909,
su-1498693,Минусинск,Minusinsk,russia,53.7012,91.7080,38318.0000,0.0000,0.0000,0.5857,0.7207,0.7409,0.5916,0.4415,0.5267,0.5570,0.3842,
su-1497951,Назарово,Nazarovo,russia,56.0114,90.4166,29689.0000,1.0000,0.0000,0.4843,0.2680,0.3002,0.2523,0.3447,0.1042,0.1239,0.0752,
su-1497397,Нижняя Пойма,Nizhnyaya Poyma,russia,56.1643,97.2065,32021.0000,0.0000,0.0000,0.5533,0.3846,0.3311,0.2146,0.3678,0.1779,0.1308,0.0279,
su-1487882,Ужур,Uzhur,russia,55.3175,89.8313,23511.0000,1.0000,0.0000,0.3926,0.4817,0.5008,0.4115,0.2612,0.2520,0.2711,0.2270,
su-1487922,Уяр,Uyar,russia,55.8147,94.3272,21646.0000,0.0000,0.0000,0.3719,0.4733,0.4827,0.4151,0.2350,0.2620,0.2690,0.1799,
su-1507565,Далматово,Dalmatovo,russia,56.2596,62.9347,11011.0000,0.0000,0.0000,0.1590,0.1625,0.2162,0.2102,0.0814,0.0877,0.0996,0.0171,
su-1504212,Катайск,Kataysk,russia,56.2885,62.5812,11824.0000,0.0000,0.0000,0.1757,0.0829,0.1184,0.0676,0.0912,0.0437,0.0522,0.0136,
su-1501321,Курган,Kurgan,russia,55.4490,65.3434,145712.0000,1.0000,1.0000,0.9361,0.9543,0.9408,0.9758,0.8918,0.8978,0.8568,0.9753,
su-1501255,Куртамыш,Kurtamysh,russia,54.9097,64.4319,12330.0000,0.0000,0.0000,0.1862,0.1886,0.2324,0.2095,0.0975,0.1112,0.1271,0.0158,
su-1500036,Макушино,Makushino,russia,55.2051,67.2512,13731.0000,1.0000,1.0000,0.2152,0.2576,0.2894,0.4084,0.1240,0.1220,0.1275,0.0209,
su-1495022,Петухово,Petukhovo,russia,55.0692,67.9019,12997.0000,0.0000,0.0000,0.2000,0.2254,0.2601,0.1533,0.1142,0.1310,0.1350,0.0241,
su-1492517,Шадринск,Shadrinsk,russia,56.0862,63.6382,56129.0000,1.0000,0.0000,0.7460,0.7920,0.7936,0.8838,0.6071,0.6425,0.6854,0.8455,
su-1491999,Шумиха,Shumikha,russia,55.2287,63.2855,19421.0000,1.0000,1.0000,0.3296,0.3832,0.3999,0.2707,0.1934,0.2144,0.2262,0.2893,
su-1498293,Щучье,Shchuch’ye,russia,55.3636,66.0925,10272.0000,0.0000,0.0000,0.1440,0.1382,0.1685,0.1138,0.0727,0.0777,0.0795,0.0266,
su-538560,Курск,Kursk,russia,51.7269,36.1846,204712.0000,1.0000,1.0000,0.9539,0.9763,0.9663,0.9917,0.9526,0.9684,0.9554,0.9937,
su-535334,Льгов,L’govskiy,russia,51.6307,35.2775,21328.0000,1.0000,1.0000,0.3560,0.2558,0.2649,0.2157,0.2166,0.1607,0.1551,0.0774,
su-516400,Обоянь,Oboyan’,russia,51.2122,36.2786,11894.0000,0.0000,0.0000,0.1817,0.1835,0.2165,0.0715,0.0998,0.1247,0.1347,0.0122,
su-695019,Рыльск,Ryl’sk,russia,51.5714,34.6832,12653.0000,0.0000,0.0000,0.1972,0.2786,0.3082,0.0481,0.1099,0.1514,0.1701,0.0560,
su-495206,Щигры,Shchigry,russia,51.8760,36.9053,11405.0000,0.0000,0.0000,0.1686,0.1677,0.1913,0.1035,0.0778,0.0748,0.0784,0.0219,
su-575410,Бокситогорск,Boksitogorsk,russia,59.4778,33.8501,20394.0000,1.0000,1.0000,0.3485,0.3540,0.3948,0.2389,0.2072,0.1695,0.1861,0.1417,
su-472722,Волхов,Volkhov,russia,59.9233,32.3397,36630.0000,1.0000,1.0000,0.5817,0.6775,0.7062,0.8224,0.4221,0.5095,0.5386,0.6760,
su-534560,Лодейное Поле,Lodeynoye Pole,russia,60.7256,33.5606,17485.0000,1.0000,0.0000,0.2939,0.4238,0.4457,0.5110,0.1663,0.2176,0.2267,0.1984,
su-533690,Луга,Luga,russia,58.7388,29.8476,25540.0000,1.0000,1.0000,0.4246,0.6279,0.6455,0.2922,0.2893,0.4637,0.4909,0.3219,
su-509598,Пикалёво,Pikalëvo,russia,59.5183,34.1664,16883.0000,0.0000,0.0000,0.2822,0.2284,0.2277,0.1704,0.1579,0.0696,0.0775,0.0182,
su-508034,Подпорожье,Podporozh’ye,russia,60.9100,34.1619,17638.0000,1.0000,1.0000,0.2968,0.3587,0.3816,0.4106,0.1684,0.2064,0.2149,0.3392,
su-492579,Сиверский,Siverskiy,russia,59.3544,30.0783,12067.0000,0.0000,0.0000,0.1817,0.1737,0.1344,0.2512,0.1020,0.1289,0.1256,0.4365,
su-492162,Сланцы,Slantsy,russia,59.1179,28.0883,35303.0000,1.0000,1.0000,0.5535,0.4077,0.4426,0.3380,0.4140,0.1966,0.2284,0.0663,
su-483019,Тихвин,Tikhvin,russia,59.6392,33.5256,18412.0000,1.0000,1.0000,0.3117,0.4367,0.4547,0.3543,0.1792,0.2389,0.2460,0.3106,
su-558312,Грязи,Gryazi,russia,52.4954,39.9403,34425.0000,1.0000,1.0000,0.5435,0.5533,0.5727,0.7507,0.3979,0.4833,0.5076,0.7393,
su-567109,Данков,Dankov,russia,53.2498,39.1441,12703.0000,0.0000,0.0000,0.1942,0.0885,0.1041,0.0869,0.0938,0.0392,0.0418,0.0141,
su-467978,Елец,Yelets,russia,52.6144,38.5093,77900.0000,1.0000,1.0000,0.8150,0.8562,0.8804,0.9199,0.7631,0.8359,0.8640,0.8685,
su-535121,Липецк,Lipetsk,russia,52.5876,39.5515,156515.0000,1.0000,1.0000,0.9309,0.9356,0.9024,0.9860,0.9236,0.9309,0.8950,0.9948,
su-485153,Сырский,Syrskoye,russia,52.5710,39.5310,10199.0000,0.0000,0.0000,0.1450,0.0863,0.0707,0.0616,0.0639,0.0550,0.0500,0.0322,
su-478317,Усмань,Usman’,russia,52.0448,39.7257,11885.0000,0.0000,0.0000,0.1781,0.2160,0.2353,0.0762,0.0952,0.1279,0.1298,0.0099,
su-569934,Чаплыгин,Chaplygin,russia,53.2342,39.9614,10713.0000,0.0000,0.0000,0.1550,0.1415,0.1649,0.0842,0.0697,0.0583,0.0620,0.0146,
su-2123628,Магадан,Magadan,russia,59.5627,150.8021,62225.0000,1.0000,0.0000,0.7970,0.8476,0.7671,0.5835,0.6779,0.6773,0.5499,0.2150,
su-2120864,Сусуман,Susuman,russia,62.7805,148.1538,13310.0000,0.0000,0.0000,0.2125,0.1847,0.2475,0.3140,0.1016,0.0407,0.0527,0.0161,
su-571557,Бронницы,Bronnitsy,russia,55.4211,38.2619,10107.0000,0.0000,0.0000,0.1432,0.1015,0.1160,0.0486,0.0737,0.0645,0.0659,0.0952,
su-471656,Воскресенск,Voskresensk,russia,55.3130,38.6910,44759.0000,1.0000,1.0000,0.6445,0.5112,0.5410,0.6056,0.5099,0.4365,0.4825,0.4339,
su-565007,Дрезна,Drezna,russia,55.7421,38.8475,11530.0000,0.0000,0.0000,0.1711,0.1435,0.1483,0.0536,0.0908,0.1207,0.0965,0.0128,
su-468250,Егорьевск,Yegor’yevsk,russia,55.3795,39.0412,59341.0000,1.0000,1.0000,0.7401,0.7807,0.7999,0.5840,0.6287,0.7538,0.7904,0.4657,
su-464687,Зарайск,Zaraysk,russia,54.7633,38.8808,20789.0000,0.0000,0.0000,0.3467,0.3704,0.3782,0.4996,0.2166,0.2695,0.2766,0.3288,
su-555553,Иваньково,Levoberezhnyy,russia,56.7500,37.1333,18617.0000,1.0000,1.0000,0.3141,0.3054,0.3118,0.3459,0.1905,0.1791,0.1584,0.2008,
su-551964,Кашира,Kashira,russia,54.8476,38.1821,22121.0000,1.0000,1.0000,0.3696,0.3707,0.3781,0.8548,0.2354,0.2817,0.2905,0.6958,
su-546230,Коломна,Kolomna,russia,55.0711,38.7840,99693.0000,1.0000,1.0000,0.8674,0.8960,0.9169,0.9793,0.8059,0.8770,0.9100,0.9881,
su-538601,Куровское,Kurovskoye,russia,55.5818,38.9199,16350.0000,0.0000,0.0000,0.2653,0.2062,0.2043,0.2327,0.1544,0.1613,0.1336,0.1988,
su-535243,Ликино-Дулёво,Likino-Dulevo,russia,55.7083,38.9542,24612.0000,0.0000,0.0000,0.4102,0.3265,0.3220,0.3119,0.2701,0.3123,0.2713,0.0460,
su-533543,Луховицы,Lukhovitsy,russia,54.9766,39.0444,12656.0000,0.0000,0.0000,0.1933,0.0554,0.0633,0.0191,0.1050,0.0293,0.0255,0.0108,
su-513362,Ожерелье,Ozherel’ye,russia,54.7920,38.2656,11916.0000,1.0000,1.0000,0.1787,0.1198,0.1289,0.0574,0.0956,0.0701,0.0589,0.0193,
su-513378,Озёры,Ozëry,russia,54.8600,38.5506,24786.0000,1.0000,1.0000,0.4129,0.4673,0.4627,0.4071,0.2725,0.3573,0.3223,0.4221,
su-515024,Орехово-Зуево,Orekhovo-Zuyevo,russia,55.8124,38.9915,108297.0000,1.0000,1.0000,0.8819,0.9155,0.9324,0.9645,0.8273,0.9063,0.9329,0.9787,
su-512023,Павловский Посад,Pavlovskiy Posad,russia,55.7819,38.6502,55025.0000,0.0000,0.0000,0.7162,0.6913,0.7043,0.6260,0.5978,0.6911,0.6816,0.5426,
su-873836,Сталинский,Pervomayskiy,russia,55.0670,38.6649,14953.0000,0.0000,0.0000,0.2384,0.2207,0.1680,0.1853,0.1353,0.1364,0.1423,0.1254,
su-502965,Раменское,Ramenskoye,russia,55.5634,38.2415,46465.0000,1.0000,0.0000,0.6581,0.5934,0.6144,0.4561,0.5260,0.5651,0.6027,0.4664,
su-501320,Рошаль,Roshal’,russia,55.6685,39.8749,21819.0000,1.0000,1.0000,0.3644,0.3993,0.3953,0.5214,0.2311,0.2941,0.2584,0.2663,
su-486968,Ступино,Stupino,russia,54.8974,38.0680,45295.0000,1.0000,1.0000,0.6489,0.5213,0.5504,0.7722,0.5150,0.4626,0.5065,0.4421,
su-484826,Талдом,Taldom,russia,56.7310,37.5282,10368.0000,0.0000,0.0000,0.1459,0.2035,0.2672,0.1608,0.0814,0.1380,0.1754,0.2042,
su-495518,Шатура,Shatura,russia,55.5726,39.5342,19629.0000,1.0000,1.0000,0.3262,0.3209,0.3291,0.4859,0.2002,0.2367,0.2415,0.3405,
su-495121,Щурово,Shchurovo,russia,55.0532,38.8320,18085.0000,0.0000,0.0000,0.2980,0.2712,0.2708,0.3256,0.1785,0.1791,0.1539,0.2567,
su-563524,Электрогорск,Elektrogorsk,russia,55.8843,38.7864,11454.0000,1.0000,1.0000,0.1696,0.1579,0.1628,0.0786,0.0898,0.1285,0.1033,0.0246,
su-563523,Электросталь,Elektrostal’,russia,55.7865,38.4571,96922.0000,1.0000,1.0000,0.8621,0.8021,0.8398,0.6444,0.7981,0.8031,0.8510,0.5739,
su-581357,Апатиты,Apatity,russia,67.5827,33.4134,13958.0000,0.0000,0.0000,0.2199,0.2000,0.2477,0.4861,0.1101,0.0621,0.0664,0.0396,
su-553190,Кандалакша,Kandalaksha,russia,67.1512,32.4128,38222.0000,1.0000,1.0000,0.6275,0.7123,0.7188,0.8084,0.4388,0.4347,0.3884,0.5292,
su-548391,Кировск,Kirovsk,russia,67.6148,33.6727,39047.0000,1.0000,1.0000,0.6145,0.6984,0.6816,0.7768,0.4652,0.5040,0.5145,0.5828,
su-546554,Кола,Kola,russia,68.8814,33.0177,12273.0000,0.0000,0.0000,0.1850,0.1014,0.1414,0.0563,0.0884,0.0842,0.0844,0.0400,
su-525404,Мончегорск,Monchegorsk,russia,67.9397,32.8739,45523.0000,1.0000,1.0000,0.6736,0.7443,0.7113,0.5079,0.5378,0.6190,0.6288,0.4439,
su-524305,Мурманск,Murmansk,russia,68.9678,33.0992,221874.0000,1.0000,1.0000,0.9675,0.9892,0.9869,0.9917,0.9591,0.9705,0.9594,0.9895,
su-522260,Никель,Nikel,russia,69.4129,30.2220,16305.0000,1.0000,1.0000,0.2681,0.2008,0.1183,0.1249,0.1500,0.0330,0.0344,0.0382,
su-515698,Оленья,Olenegorsk,russia,68.1432,33.2529,12110.0000,0.0000,0.0000,0.1816,0.1487,0.1769,0.1012,0.0864,0.0383,0.0407,0.0175,
su-506763,Полярный,Polyarnyy,russia,69.2028,33.4370,11354.0000,1.0000,1.0000,0.1660,0.0926,0.1463,0.0922,0.0772,0.0308,0.0359,0.0859,
su-496278,Североморск,Severomorsk,russia,69.0694,33.4081,28116.0000,1.0000,1.0000,0.4783,0.2185,0.2692,0.1459,0.3182,0.1082,0.1164,0.1055,
su-579514,Балахна,Novaya Balakhna,russia,56.4899,43.6011,29846.0000,1.0000,1.0000,0.4864,0.4931,0.4922,0.7466,0.3406,0.4380,0.4004,0.7891,
su-575560,Богородск,Bogorodsk,russia,56.1015,43.5101,29950.0000,0.0000,0.0000,0.4878,0.4303,0.4454,0.5706,0.3419,0.4011,0.4164,0.7662,
su-572665,Бор,Bor,russia,56.3594,44.0730,42866.0000,1.0000,1.0000,0.6512,0.5246,0.5625,0.6412,0.5094,0.5466,0.5588,0.4675,
su-477337,Вахтан,Vakhtan,russia,57.9659,46.6889,12050.0000,0.0000,0.0000,0.1848,0.1848,0.1350,0.1773,0.0973,0.0760,0.0826,0.0219,
su-473910,Ветлуга,Vetluga,russia,57.8552,45.7777,10016.0000,0.0000,0.0000,0.1436,0.2115,0.2520,0.2191,0.0726,0.0870,0.0906,0.2605,
su-472494,Володарск,Volodarsk,russia,56.2255,43.1758,13195.0000,0.0000,0.0000,0.2039,0.1988,0.2108,0.1080,0.1119,0.1548,0.1522,0.0743,
su-471760,Ворсма,Vorsma,russia,55.9906,43.2725,10856.0000,0.0000,0.0000,0.1578,0.1523,0.1629,0.4500,0.0825,0.1019,0.0837,0.3190,
su-470444,Выкса,Vyksa,russia,55.3206,42.1740,40275.0000,1.0000,0.0000,0.6049,0.6594,0.6839,0.7272,0.4643,0.5273,0.5705,0.6892,
su-559678,Городец,Gorodets,russia,56.6550,43.4727,27019.0000,1.0000,1.0000,0.4468,0.3958,0.4105,0.5109,0.3031,0.3153,0.3322,0.3359,
su-563708,Дзержинск,Dzerzhinsk,russia,56.2442,43.4554,164337.0000,1.0000,1.0000,0.9358,0.9406,0.9584,0.9748,0.9078,0.9442,0.9639,0.9847,
su-464101,Заволжье,Zavolzh’ye,russia,56.6405,43.3945,20015.0000,0.0000,0.0000,0.3331,0.1855,0.2031,0.1890,0.2057,0.1049,0.0938,0.1663,
su-540103,Кстово,Kstovo,russia,56.1475,44.1987,27023.0000,0.0000,0.0000,0.4623,0.1218,0.1550,0.2060,0.3022,0.0712,0.0768,0.0566,
su-539555,Кулебаки,Kulebaki,russia,55.4133,42.5325,44720.0000,1.0000,1.0000,0.6442,0.7074,0.7305,0.8556,0.5095,0.5992,0.6426,0.7138,
su-532715,Лысково,Lyskovo,russia,56.0293,45.0423,16167.0000,0.0000,0.0000,0.2661,0.3245,0.3405,0.5788,0.1405,0.1708,0.1711,0.1157,
su-523198,Мордовщиково + Липня,Navashino,russia,55.5431,42.1931,12460.0000,0.0000,0.0000,0.1894,0.1284,0.1471,0.0679,0.1025,0.0635,0.0675,0.0431,
su-520555,Горький,Nizhniy Novgorod,russia,56.3287,44.0020,941962.0000,1.0000,1.0000,0.9970,0.9984,0.9983,0.9906,0.9973,0.9987,0.9986,0.9910,
su-827329,Павлово,Pavlovo,russia,55.9686,43.0912,47890.0000,0.0000,0.0000,0.6689,0.6596,0.6843,0.7755,0.5390,0.6077,0.6472,0.7056,
su-511002,Первомайск,Pervomaysk,russia,54.8686,43.8035,13707.0000,1.0000,0.0000,0.2155,0.2702,0.2974,0.2854,0.1068,0.1003,0.1047,0.0506,
su-505598,Правдинск,Pravdinsk,russia,56.5239,43.5597,20491.0000,0.0000,0.0000,0.3415,0.2873,0.2192,0.4446,0.2124,0.2240,0.2314,0.2959,
su-497450,Семёнов,Semënov,russia,56.7876,44.4962,19837.0000,0.0000,0.0000,0.3383,0.3237,0.3443,0.3850,0.2032,0.1990,0.2039,0.2395,
su-485304,Сява,Syava,russia,58.0146,46.3222,12484.0000,0.0000,0.0000,0.1937,0.1932,0.1402,0.1876,0.1028,0.0793,0.0862,0.0340,
su-478757,Урень,Uren’,russia,57.4612,45.7856,10762.0000,0.0000,0.0000,0.1587,0.1620,0.1984,0.3418,0.0814,0.0628,0.0666,0.1150,
su-567902,Чкаловск,Chkalovsk,russia,56.7649,43.2469,11580.0000,0.0000,0.0000,0.1753,0.1646,0.2058,0.1657,0.0799,0.0778,0.0797,0.0278,
su-496012,Шахунья,Shakhun’ya,russia,57.6760,46.6117,21305.0000,1.0000,1.0000,0.3649,0.3847,0.4093,0.2393,0.2239,0.2012,0.2135,0.2156,
su-572154,Боровичи,Borovichi,russia,58.3942,33.9186,44123.0000,1.0000,0.0000,0.6533,0.7827,0.7941,0.9085,0.5037,0.6261,0.6661,0.4265,
su-477301,Валдай,Valday,russia,57.9773,33.2515,10603.0000,0.0000,0.0000,0.1554,0.2210,0.2590,0.3471,0.0795,0.0932,0.0966,0.4284,
su-519336,Новгород,Velikiy Novgorod,russia,58.5213,31.2710,60669.0000,1.0000,0.0000,0.7600,0.8387,0.7453,0.9627,0.6376,0.7153,0.5713,0.7489,
su-531257,Малая Вишера,Malaya Vishera,russia,58.8451,32.2223,16109.0000,1.0000,1.0000,0.2669,0.4150,0.4362,0.7887,0.1511,0.2334,0.2383,0.6853,
su-512631,Парахино-Поддубье,Parakhino-Poddub’ye,russia,58.4000,33.3000,12352.0000,1.0000,1.0000,0.1910,0.2927,0.2131,0.0670,0.1011,0.1372,0.1458,0.0725,
su-510364,Пестово,Pestovo,russia,58.5938,35.8024,14208.0000,0.0000,0.0000,0.2288,0.2639,0.2932,0.6881,0.1253,0.1175,0.1223,0.0688,
su-489088,Старая Русса,Staraya Russa,russia,57.9962,31.3600,25409.0000,0.0000,0.0000,0.4337,0.6720,0.6918,0.8008,0.2811,0.4856,0.5096,0.3903,
su-567774,Чудово,Chudovo,russia,59.1223,31.6812,11430.0000,1.0000,1.0000,0.1722,0.2641,0.2977,0.3989,0.0895,0.1332,0.1345,0.0224,
su-1510916,Барабинск,Barabinsk,russia,55.3507,78.3587,40878.0000,1.0000,1.0000,0.6543,0.7479,0.7751,0.5320,0.4697,0.5114,0.5510,0.4514,
su-1510350,Бердск,Berdsk,russia,54.7535,83.0962,29021.0000,1.0000,1.0000,0.4752,0.3283,0.3498,0.4208,0.3305,0.2427,0.2783,0.4042,
su-1509819,Болотное,Bolotnoye,russia,55.6734,84.3946,26762.0000,1.0000,1.0000,0.4430,0.5007,0.5119,0.5903,0.3013,0.3219,0.3382,0.1291,
su-1505429,Искитим,Iskitim,russia,54.6426,83.3035,34320.0000,0.0000,0.0000,0.5423,0.4366,0.4611,0.4589,0.3951,0.3365,0.3775,0.4301,
su-1504489,Карасук,Karasuk,russia,53.7395,78.0439,19961.0000,0.0000,0.0000,0.3407,0.2951,0.3505,0.3449,0.2111,0.1125,0.1357,0.0838,
su-1504380,Каргат,Kargat,russia,55.1929,80.2826,12760.0000,0.0000,0.0000,0.2005,0.3225,0.3498,0.2076,0.1029,0.1226,0.1338,0.2605,
su-1501141,Куйбышев,Kuybyshev,russia,55.4478,78.3191,30380.0000,0.0000,0.0000,0.5307,0.5350,0.5742,0.6480,0.3447,0.2876,0.3205,0.3442,
su-1501365,Купино,Kupino,russia,54.3668,77.3068,23185.0000,0.0000,0.0000,0.4143,0.4307,0.4672,0.4466,0.2466,0.2312,0.2588,0.2206,
su-1496747,Новосибирск,Novosibirsk,russia,55.0226,82.9317,885045.0000,1.0000,1.0000,0.9954,0.9974,0.9975,0.9795,0.9933,0.9974,0.9977,0.9866,
su-1496421,Обь,Ob’,russia,54.9888,82.7134,14915.0000,0.0000,0.0000,0.2376,0.1094,0.1301,0.0425,0.1398,0.0883,0.1195,0.0441,
su-1490551,Сузун,Suzun,russia,53.7846,82.3160,13778.0000,0.0000,0.0000,0.2170,0.2496,0.2074,0.0514,0.1196,0.0972,0.1286,0.0275,
su-1490003,Татарск,Tatarsk,russia,55.2213,75.9815,30786.0000,1.0000,1.0000,0.5364,0.5896,0.6231,0.4776,0.3500,0.3887,0.4260,0.2686,
su-1489508,Тогучин,Toguchin,russia,55.2380,84.4028,19619.0000,0.0000,0.0000,0.3260,0.3352,0.3423,0.4585,0.2043,0.1821,0.1926,0.1149,
su-1508161,Черепаново,Cherepanovo,russia,54.2239,83.3806,21225.0000,0.0000,0.0000,0.3543,0.3987,0.4078,0.6726,0.2290,0.2876,0.2989,0.3954,
su-1507679,Чулым,Chulym,russia,55.0898,80.9702,18161.0000,1.0000,1.0000,0.2994,0.3848,0.4028,0.5223,0.1842,0.1896,0.2078,0.4505,
su-1505438,Исилькуль,Isil’kul’,russia,54.9121,71.2718,25466.0000,0.0000,0.0000,0.4346,0.4744,0.4993,0.5320,0.2790,0.2893,0.3060,0.1991,
su-1505074,Калачинск,Kalachinsk,russia,55.0522,74.5787,18987.0000,0.0000,0.0000,0.3225,0.2901,0.3144,0.1908,0.1815,0.1743,0.1779,0.0785,
su-1497932,Называевск,Nazyvayevsk,russia,55.5690,71.3567,16494.0000,1.0000,0.0000,0.2719,0.3302,0.3546,0.4516,0.1620,0.1584,0.1671,0.2548,
su-1496153,Омск,Omsk,russia,54.9924,73.3686,581108.0000,1.0000,1.0000,0.9921,0.9972,0.9966,0.9855,0.9932,0.9956,0.9951,0.9913,
su-1490140,Тара,Tara,russia,56.8960,74.3694,22646.0000,0.0000,0.0000,0.3783,0.5486,0.5804,0.4204,0.2460,0.2641,0.2901,0.3049,
su-1488780,Тюкалинск,Tyukalinsk,russia,55.8725,72.1980,10197.0000,0.0000,0.0000,0.1473,0.1850,0.2262,0.1634,0.0639,0.0596,0.0651,0.0393,
su-1508138,Черлак,Cherlak,russia,54.1544,74.8089,11645.0000,0.0000,0.0000,0.1762,0.2888,0.2725,0.2080,0.0890,0.0422,0.0451,0.0131,
su-584471,Абдулино,Abdulino,russia,53.6858,53.6555,29976.0000,1.0000,1.0000,0.5249,0.6579,0.6712,0.4736,0.3484,0.4249,0.4480,0.5312,
su-583905,Акбулак,Akbulak,russia,51.0013,55.6197,14742.0000,0.0000,0.0000,0.2369,0.3153,0.2489,0.1958,0.1324,0.1493,0.1849,0.2472,
su-571159,Бугуруслан,Buguruslan,russia,53.6554,52.4420,42476.0000,1.0000,0.0000,0.6692,0.6694,0.7041,0.7436,0.4918,0.4620,0.5149,0.7728,
su-570427,Бузулук,Buzuluk,russia,52.7782,52.2585,54851.0000,1.0000,1.0000,0.7593,0.8159,0.8409,0.9116,0.5993,0.6991,0.7469,0.8081,
su-565407,Домбаровский,Dombarovskiy,russia,50.7578,59.5386,10386.0000,0.0000,0.0000,0.1486,0.0734,0.0683,0.0679,0.0740,0.0354,0.0367,0.0541,
su-517836,Новотроицк,Novotroitsk,russia,51.2010,58.3132,54484.0000,0.0000,0.0000,0.7130,0.4794,0.5500,0.5667,0.5946,0.2102,0.2347,0.4694,
su-515003,Чкалов,Orenburg,russia,51.7671,55.0988,267317.0000,1.0000,1.0000,0.9695,0.9874,0.9831,0.9890,0.9569,0.9818,0.9753,0.9868,
su-514734,Орск,Orsk,russia,51.2321,58.4880,176214.0000,1.0000,1.0000,0.9422,0.9516,0.9688,0.9701,0.9201,0.9262,0.9534,0.9759,
su-498708,Саракташ,Saraktash,russia,51.7874,56.3599,12075.0000,1.0000,0.0000,0.1818,0.1659,0.1378,0.1190,0.1021,0.0883,0.1050,0.0310,
su-491019,Соль-Илецк,Sol’-Iletsk,russia,51.1624,54.9916,21614.0000,0.0000,0.0000,0.3713,0.4605,0.4729,0.4222,0.2282,0.2586,0.2662,0.3626,
su-490554,Сорочинск,Sorochinsk,russia,52.4288,53.1502,19359.0000,0.0000,0.0000,0.3213,0.4908,0.5127,0.7765,0.2025,0.2996,0.3204,0.4861,
su-575364,Болхов,Bolkhov,russia,53.4430,36.0055,11303.0000,0.0000,0.0000,0.1696,0.2425,0.2173,0.2380,0.0928,0.1448,0.1297,0.1138,
su-534701,Ливны,Livny,russia,52.4243,37.5996,23900.0000,0.0000,0.0000,0.3989,0.4332,0.4620,0.3412,0.2554,0.2476,0.2655,0.1353,
su-524640,Мценск,Mtsensk,russia,53.2788,36.5805,14266.0000,0.0000,0.0000,0.2250,0.2542,0.2645,0.1131,0.1143,0.1472,0.1464,0.1259,
su-515012,Орёл,Orël,russia,52.9688,36.0791,151521.0000,1.0000,1.0000,0.9275,0.9625,0.9400,0.9935,0.9192,0.9549,0.9296,0.9952,
su-578842,Башмаково,Bashmakovo,russia,53.2133,43.0342,11245.0000,0.0000,0.0000,0.1655,0.1164,0.0974,0.3027,0.0873,0.0516,0.0566,0.0236,
su-466935,Евлашево,Yevlashevo,russia,53.1116,46.8307,10690.0000,0.0000,0.0000,0.1557,0.0968,0.0888,0.3008,0.0776,0.0467,0.0474,0.5018,
su-463710,Земетчино,Zemetchino,russia,53.4973,42.6163,11720.0000,0.0000,0.0000,0.1748,0.2322,0.1853,0.2206,0.0931,0.1122,0.1163,0.5032,
su-553725,Каменка,Kamenka,russia,53.1814,44.0494,25219.0000,0.0000,0.0000,0.4197,0.3055,0.3132,0.1284,0.2785,0.1927,0.1719,0.1183,
su-537737,Кузнецк,Kuznetsk,russia,53.1168,46.6004,56880.0000,1.0000,0.0000,0.7706,0.8093,0.8246,0.6601,0.6126,0.6652,0.6815,0.6568,
su-520574,Нижний Ломов,Nizhniy Lomov,russia,53.5304,43.6766,13881.0000,0.0000,0.0000,0.2174,0.2118,0.2205,0.1206,0.1209,0.1132,0.0962,0.0605,
su-521776,Никольск,Nikol’sk,russia,53.7189,46.0712,16818.0000,0.0000,0.0000,0.2883,0.2701,0.2730,0.4487,0.1570,0.1635,0.1576,0.1741,
su-513309,Пачелма,Pachelma,russia,53.2443,43.3520,10928.0000,0.0000,0.0000,0.1592,0.1528,0.1266,0.0557,0.0834,0.0719,0.0772,0.0181,
su-511565,Пенза,Penza,russia,53.1957,45.0108,255481.0000,1.0000,1.0000,0.9672,0.9832,0.9760,0.9900,0.9548,0.9764,0.9692,0.9933,
su-496934,Сердобск,Serdobsk,russia,52.4586,44.2169,26119.0000,0.0000,0.0000,0.4334,0.4131,0.4162,0.2864,0.2909,0.2675,0.2412,0.0818,
su-486048,Сурск,Sursk,russia,53.0754,45.6846,11608.0000,0.0000,0.0000,0.1754,0.1606,0.1701,0.1504,0.0886,0.0887,0.0881,0.0141,
su-583041,Александровск,Aleksandrovsk,russia,59.1584,57.5705,19053.0000,0.0000,0.0000,0.3225,0.2454,0.2868,0.4116,0.1965,0.1394,0.1643,0.4509,
su-577206,Березники,Berezniki,russia,59.4091,56.8204,106119.0000,1.0000,1.0000,0.8875,0.9285,0.9435,0.9671,0.8113,0.8822,0.9144,0.9861,
su-475777,Верещагино,Vereshchagino,russia,58.0782,54.6565,22860.0000,0.0000,0.0000,0.3928,0.4093,0.4402,0.6072,0.2490,0.2400,0.2668,0.1018,
su-559752,Новопашийский,Gornozavodsk,russia,58.3731,58.3261,10076.0000,0.0000,0.0000,0.1407,0.0892,0.1321,0.0928,0.0771,0.0536,0.0621,0.0812,
su-558885,Гремячинск,Gremyachinsk,russia,58.5603,57.8510,38014.0000,0.0000,0.0000,0.6041,0.3597,0.3783,0.2223,0.4448,0.2107,0.2174,0.1426,
su-558209,Губаха,Gubakha,russia,58.8386,57.5532,93502.0000,1.0000,1.0000,0.8738,0.7617,0.8012,0.8516,0.7877,0.5519,0.6070,0.4845,
su-565778,Добрянка,Dobryanka,russia,58.4648,56.4130,15515.0000,1.0000,0.0000,0.2520,0.2348,0.2761,0.1569,0.1479,0.1565,0.1797,0.0902,
su-547875,Кизел,Kizel,russia,59.0471,57.6477,60687.0000,1.0000,1.0000,0.7701,0.7969,0.7893,0.5077,0.6284,0.7340,0.7215,0.3243,
su-542184,Красновишерск,Krasnovishersk,russia,60.4073,57.0829,15207.0000,0.0000,0.0000,0.2489,0.3595,0.3841,0.2208,0.1437,0.2051,0.2226,0.1666,
su-542327,Краснокамск,Krasnokamsk,russia,58.0787,55.7562,54715.0000,1.0000,1.0000,0.7378,0.6907,0.6956,0.7529,0.5872,0.5614,0.5999,0.2508,
su-539147,Кунгур,Kungur,russia,57.4143,56.9716,64796.0000,1.0000,1.0000,0.7890,0.8509,0.8700,0.9513,0.6652,0.7047,0.7516,0.8217,
su-532675,Лысьва,Lys’va,russia,58.1074,57.8106,72989.0000,1.0000,0.0000,0.8204,0.8597,0.8848,0.9408,0.7087,0.7908,0.8330,0.9542,
su-518839,Новоильинский,Novoil’inskiy,russia,57.8947,55.4781,11673.0000,0.0000,0.0000,0.1726,0.1150,0.0741,0.1054,0.0974,0.0698,0.0570,0.0457,
su-516576,Нытва,Nytva,russia,57.9377,55.3414,19185.0000,0.0000,0.0000,0.3251,0.2696,0.3074,0.4340,0.1983,0.1559,0.1792,0.3234,
su-515867,Октябрьский,Oktyabr’skiy,russia,56.5171,57.2049,10032.0000,0.0000,0.0000,0.1398,0.1343,0.1322,0.1472,0.0766,0.0513,0.0665,0.0158,
su-514706,Оса,Osa,russia,57.2836,55.4588,12719.0000,0.0000,0.0000,0.1950,0.2520,0.2755,0.2180,0.1105,0.1311,0.1346,0.0364,
su-516256,Очёр,Ochër,russia,57.8823,54.7183,14000.0000,0.0000,0.0000,0.2208,0.2262,0.2720,0.3470,0.1276,0.1186,0.1415,0.0117,
su-512413,Пашия,Pashiya,russia,58.4324,58.2562,10585.0000,1.0000,0.0000,0.1510,0.1968,0.1456,0.0912,0.0833,0.1415,0.1392,0.2334,
su-511196,Молотов,Perm,russia,58.0105,56.2502,629118.0000,1.0000,1.0000,0.9942,0.9974,0.9968,0.9886,0.9896,0.9944,0.9936,0.9925,
su-496307,- часть г. Коспаш,Severnyy-Kospashskiy,russia,59.0897,57.8039,10501.0000,0.0000,0.0000,0.1493,0.0826,0.0721,0.1020,0.0823,0.0563,0.0604,0.1435,
su-492478,Скальный,Skal’nyy,russia,58.3605,57.9658,11319.0000,0.0000,0.0000,0.1661,0.0984,0.0840,0.0888,0.0924,0.0594,0.0640,0.1055,
su-491023,Соликамск,Solikamsk,russia,59.6669,56.7427,82874.0000,1.0000,1.0000,0.8405,0.8192,0.8470,0.8740,0.7399,0.6729,0.7310,0.4378,
su-478269,Усолье,Usol’ye,russia,59.4221,56.6841,11788.0000,0.0000,0.0000,0.1795,0.0895,0.1326,0.2586,0.0989,0.0681,0.0999,0.1712,
su-480979,- часть г. Коспаш,Tsentral’nyy-Kospashskiy,russia,59.0404,57.7719,22945.0000,0.0000,0.0000,0.3951,0.1990,0.1510,0.1888,0.2533,0.1225,0.1317,0.2250,
su-569742,Чайковский,Chaykovskiy,russia,56.7632,54.1126,12752.0000,0.0000,0.0000,0.1949,0.1347,0.1803,0.0432,0.1112,0.0589,0.0779,0.0555,
su-568608,Чернушка,Chernushka,russia,56.5072,56.0771,12094.0000,0.0000,0.0000,0.1821,0.2216,0.2573,0.4180,0.1023,0.0800,0.0870,0.0209,
su-567434,Чусовой,Chusovoy,russia,58.2891,57.8126,60658.0000,1.0000,1.0000,0.7699,0.8133,0.8406,0.9025,0.6397,0.7242,0.7687,0.8895,
su-569122,Чёрмоз,Chermoz,russia,58.7813,56.1577,11613.0000,1.0000,0.0000,0.1714,0.2287,0.2384,0.1652,0.0967,0.1326,0.1159,0.0652,
su-496023,Шахта,Shakhta,russia,59.0905,57.6575,12900.0000,0.0000,0.0000,0.1980,0.1381,0.0869,0.0861,0.1131,0.0793,0.0634,0.0873,
su-466013,- часть г. Коспаш,Yuzhnyy-Kospashskiy,russia,58.9725,57.7590,13690.0000,1.0000,1.0000,0.2152,0.1116,0.0892,0.0166,0.1234,0.0711,0.0749,0.0311,
su-468560,Яйва,Yayva,russia,59.3347,57.2592,13280.0000,0.0000,0.0000,0.2058,0.1077,0.0657,0.0720,0.1181,0.0738,0.0574,0.0639,
su-2027468,Арсеньев,Arsen’yev,russia,44.1570,133.2733,26308.0000,1.0000,1.0000,0.4477,0.4249,0.4574,0.3918,0.2916,0.2465,0.2694,0.1151,
su-2027456,Артём,Artëm,russia,43.3576,132.1914,55531.0000,1.0000,0.0000,0.7327,0.7477,0.7825,0.8052,0.6291,0.6963,0.7245,0.7850,
su-2013348,Владивосток,Vladivostok,russia,43.1056,131.8735,290608.0000,1.0000,1.0000,0.9761,0.9888,0.9854,0.9898,0.9635,0.9836,0.9790,0.9919,
su-2051471,Тетюхе,Dalnegorsk,russia,44.5575,135.6209,16887.0000,0.0000,0.0000,0.2823,0.3885,0.3520,0.4299,0.1508,0.1680,0.1669,0.3278,
su-2025159,Иман,Dalnerechensk,russia,45.9315,133.7391,25411.0000,1.0000,1.0000,0.4337,0.5098,0.4552,0.2736,0.2834,0.2463,0.2143,0.0728,
su-2023058,Кавалерово,Kavalerovo,russia,44.2716,135.0514,11875.0000,0.0000,0.0000,0.1813,0.1716,0.1824,0.1930,0.0835,0.0332,0.0404,0.0322,
su-2020812,Лесозаводск,Lesozavodsk,russia,45.4717,133.3983,32124.0000,0.0000,0.0000,0.5348,0.7156,0.7322,0.6340,0.3671,0.4268,0.4525,0.4347,
su-2019528,Находка,Nakhodka,russia,42.8436,132.9183,63725.0000,1.0000,0.0000,0.7843,0.5269,0.5969,0.5794,0.6588,0.2754,0.3029,0.2784,
su-2018116,Сучан,Partizansk,russia,43.1199,133.1232,48505.0000,1.0000,1.0000,0.6968,0.7735,0.7991,0.6572,0.5446,0.6251,0.6599,0.8063,
su-2017851,Гродеково,Pogranichnyy,russia,44.4104,131.3785,11024.0000,0.0000,0.0000,0.1600,0.1798,0.1516,0.0536,0.0815,0.0769,0.0712,0.0306,
su-2017478,Раздольное,Razdol’noye,russia,43.5404,131.8973,10026.0000,1.0000,0.0000,0.1438,0.1446,0.1082,0.2847,0.0620,0.0651,0.0609,0.1598,
su-2016187,Спасск-Дальний,Spassk-Dal’niy,russia,44.6006,132.8204,39580.0000,1.0000,1.0000,0.6121,0.6700,0.6945,0.7917,0.4716,0.5141,0.5532,0.5859,
su-2015455,Тавричанка,Tavrichanka,russia,43.3255,131.8626,11416.0000,0.0000,0.0000,0.1719,0.1030,0.0863,0.1227,0.0780,0.0310,0.0323,0.1046,
su-2015051,Трудовое,Trudovoye,russia,43.3027,132.0789,10206.0000,1.0000,1.0000,0.1474,0.1457,0.1099,0.4580,0.0640,0.0672,0.0628,0.1965,
su-2014573,Северный Сучан,Uglekamensk,russia,43.2205,133.2322,10292.0000,0.0000,0.0000,0.1492,0.1234,0.1049,0.1658,0.0650,0.0270,0.0300,0.0783,
su-2014571,Угловое,Uglovoye,russia,43.3319,132.0856,12103.0000,1.0000,1.0000,0.1859,0.1123,0.0914,0.2273,0.0863,0.0347,0.0358,0.0899,
su-2014006,Ворошилов,Ussuriysk,russia,43.8047,131.9573,104310.0000,1.0000,1.0000,0.8846,0.9252,0.9370,0.9875,0.8485,0.9080,0.9285,0.9877,
su-476077,Великие Луки,Velikiye Luki,russia,56.3406,30.5438,58939.0000,1.0000,1.0000,0.7813,0.8143,0.8447,0.9451,0.6273,0.6504,0.7010,0.8210,
su-565885,Дно,Dno,russia,57.8288,29.9692,13216.0000,1.0000,1.0000,0.2043,0.3596,0.3757,0.3598,0.1171,0.1912,0.1959,0.1364,
su-522410,Невель,Nevel’,russia,56.0200,29.9282,14634.0000,1.0000,1.0000,0.2413,0.3525,0.3629,0.2977,0.1273,0.1989,0.2049,0.2795,
su-515155,Опочка,Opochka,russia,56.7145,28.6629,11700.0000,0.0000,0.0000,0.1744,0.2930,0.3189,0.1733,0.0973,0.1434,0.1501,0.1191,
su-514171,Остров,Ostrov,russia,57.3438,28.3536,17646.0000,1.0000,0.0000,0.2898,0.4172,0.4412,0.4018,0.1782,0.2205,0.2407,0.2732,
su-504341,Псков,Pskov,russia,57.8192,28.3318,81270.0000,1.0000,1.0000,0.8250,0.9094,0.8422,0.9644,0.7450,0.8253,0.7085,0.8711,
su-528293,Майкоп,Maykop,russia,44.6079,40.1024,82135.0000,1.0000,1.0000,0.8478,0.9145,0.8334,0.8849,0.7484,0.8186,0.6900,0.8828,
su-469844,Яблоновский,Yablonovskiy,russia,44.9890,38.9432,13327.0000,0.0000,0.0000,0.2076,0.0730,0.0580,0.0155,0.1185,0.0731,0.0736,0.0248,
su-1506271,Горно-Алтайск,Gorno-Altaysk,russia,51.9606,85.9189,27534.0000,0.0000,0.0000,0.4880,0.6139,0.4194,0.4578,0.3100,0.4106,0.2372,0.3121,
su-578120,Белебей,Belebey,russia,54.1077,54.1174,26172.0000,0.0000,0.0000,0.4490,0.5527,0.5694,0.5123,0.2979,0.2935,0.3118,0.1154,
su-577881,Белорецк,Beloretsk,russia,53.9621,58.4000,59315.0000,1.0000,0.0000,0.7632,0.8056,0.8059,0.7982,0.6299,0.7258,0.7577,0.6317,
su-576317,Бирск,Birsk,russia,55.4202,55.5421,24837.0000,0.0000,0.0000,0.4273,0.5392,0.5593,0.6398,0.2796,0.3671,0.3930,0.3932,
su-576116,Благовещенск,Blagoveshchensk,russia,55.0352,55.9770,12876.0000,0.0000,0.0000,0.1983,0.2535,0.2708,0.0881,0.1126,0.1597,0.1565,0.0623,
su-567006,Давлеканово,Davlekanovo,russia,54.2176,55.0306,17072.0000,0.0000,0.0000,0.2843,0.3220,0.3471,0.6723,0.1701,0.2235,0.2322,0.0813,
su-555980,Ишимбай,Ishimbay,russia,53.4477,56.0387,46568.0000,1.0000,1.0000,0.6589,0.5792,0.6170,0.7718,0.5310,0.5030,0.5489,0.6000,
su-542194,Красноусольский,Krasnousol’skiy,russia,53.8875,56.4721,12171.0000,0.0000,0.0000,0.1837,0.2226,0.1806,0.0422,0.1033,0.1472,0.1638,0.0958,
su-539283,Кумертау,Kumertau,russia,52.7649,55.7878,30937.0000,0.0000,0.0000,0.5008,0.3668,0.4171,0.3441,0.3607,0.1713,0.2044,0.2000,
su-530870,Малоучалинский,Malouchalinskiy,russia,54.3167,59.4500,11297.0000,0.0000,0.0000,0.1649,0.1254,0.0794,0.0612,0.0848,0.0588,0.0593,0.0198,
su-527717,Мелеуз,Meleuz,russia,52.9647,55.9328,17772.0000,0.0000,0.0000,0.2922,0.2594,0.2670,0.3626,0.1800,0.1506,0.1357,0.1091,
su-515879,Октябрьский,Oktyabrsky,russia,54.4815,53.4710,64717.0000,1.0000,0.0000,0.7887,0.5458,0.5807,0.3818,0.6647,0.3582,0.3971,0.5294,
su-505014,Приютово,Priyutovo,russia,53.9000,53.9333,20278.0000,0.0000,0.0000,0.3592,0.2738,0.2217,0.1838,0.2156,0.1036,0.1089,0.0694,
su-502540,Раевский,Rayevskiy,russia,54.0640,54.9338,12767.0000,1.0000,1.0000,0.1960,0.2127,0.1763,0.1033,0.1111,0.1425,0.1672,0.0668,
su-499292,Салават,Salavat,russia,53.3828,55.9109,60667.0000,0.0000,0.0000,0.7469,0.5576,0.6292,0.8282,0.6398,0.3458,0.4195,0.5632,
su-487495,Стерлитамак,Sterlitamak,russia,53.6379,55.9533,111575.0000,1.0000,1.0000,0.8868,0.8751,0.9084,0.8085,0.8337,0.8049,0.8639,0.9247,
su-482761,Тирлянский,Tirlyanskiy,russia,54.2109,58.5806,14034.0000,0.0000,0.0000,0.2215,0.2705,0.1485,0.1037,0.1194,0.1467,0.1142,0.0946,
su-480089,Туймазы,Tuymazy,russia,54.6064,53.7118,23408.0000,0.0000,0.0000,0.4031,0.3504,0.3872,0.6065,0.2598,0.1795,0.1992,0.3957,
su-479561,Уфа,Ufa,russia,54.7431,55.9678,546878.0000,1.0000,1.0000,0.9926,0.9959,0.9951,0.9898,0.9869,0.9935,0.9925,0.9936,
su-469178,Янаул,Yanaul,russia,56.2723,54.9296,15843.0000,1.0000,1.0000,0.2595,0.3683,0.3891,0.5213,0.1529,0.1766,0.1824,0.1331,
su-2023782,Гусиноозёрск,Gusinoozyorsk,russia,51.2833,106.5000,11598.0000,0.0000,0.0000,0.1718,0.1393,0.1620,0.1074,0.0801,0.0350,0.0381,0.0138,
su-2012728,Закаменск,Zakamensk,russia,50.3763,103.2871,13751.0000,0.0000,0.0000,0.2221,0.3932,0.4552,0.3861,0.1074,0.0938,0.1127,0.0650,
su-2021066,Кяхта,Kyakhta,russia,50.3496,106.4510,10327.0000,1.0000,0.0000,0.1480,0.2206,0.2644,0.1654,0.0762,0.1188,0.1275,0.0917,
su-2014407,Улан-Удэ,Ulan-Ude,russia,51.8265,107.5998,175172.0000,1.0000,1.0000,0.9521,0.9837,0.9718,0.9876,0.9374,0.9652,0.9483,0.9926,
su-570479,Буйнакск,Buynaksk,russia,42.8180,47.1268,32956.0000,0.0000,0.0000,0.5455,0.6229,0.6371,0.7208,0.3868,0.4646,0.4772,0.3212,
su-551847,Каспийск,Kaspiysk,russia,42.8817,47.6392,25178.0000,0.0000,0.0000,0.4329,0.3960,0.3855,0.7843,0.2747,0.3248,0.3100,0.5865,
su-547840,Кизляр,Kizlyar,russia,43.8469,46.7098,25573.0000,0.0000,0.0000,0.4251,0.6005,0.6234,0.3207,0.2806,0.3915,0.4129,0.2504,
su-532096,Махачкала,Makhachkala,russia,42.9778,47.5003,119334.0000,1.0000,1.0000,0.9126,0.9508,0.9135,0.9892,0.8785,0.9244,0.8794,0.9881,
su-550478,Хасавюрт,Khasavyurt,russia,43.2487,46.5857,34194.0000,0.0000,0.0000,0.5408,0.5849,0.6012,0.5377,0.4035,0.4971,0.5138,0.3696,
su-531129,Малгобек,Malgobek,russia,43.5112,44.5905,13949.0000,0.0000,0.0000,0.2197,0.2429,0.2700,0.1519,0.1269,0.1762,0.1748,0.0215,
su-551846,Каспийский,Lagan’,russia,45.3918,47.3645,10826.0000,0.0000,0.0000,0.1572,0.2357,0.2683,0.3335,0.0710,0.0784,0.0850,0.1549,
su-551145,Кемь,Kem’,russia,64.9570,34.5918,18127.0000,1.0000,1.0000,0.3053,0.5192,0.5369,0.6133,0.1791,0.2569,0.2672,0.7334,
su-509820,Петрозаводск,Petrozavodsk,russia,61.7849,34.3469,135256.0000,1.0000,1.0000,0.9213,0.9568,0.9956,0.9830,0.8786,0.8989,0.9973,0.9855,
su-471308,Войвож,Voyvozh,russia,62.8920,54.9635,10496.0000,0.0000,0.0000,0.1516,0.1368,0.1263,0.0739,0.0673,0.0301,0.0344,0.0200,
su-1486910,Воркута,Vorkuta,russia,67.5087,64.0667,55668.0000,1.0000,1.0000,0.7434,0.7882,0.8013,0.7917,0.6302,0.2579,0.3012,0.0936,
su-559740,Горняцкий,Gornyatskiy,russia,48.2965,40.9240,28457.0000,0.0000,0.0000,0.5023,0.2924,0.2414,0.3792,0.3192,0.1340,0.1110,0.0712,
su-467525,Железнодорожный,Yemva,russia,62.5879,50.8634,13706.0000,1.0000,0.0000,0.2211,0.2150,0.2687,0.4105,0.1236,0.0650,0.0755,0.0594,
su-1502723,Комсомольский,Komsomol’skiy,russia,67.5513,63.7843,18781.0000,0.0000,0.0000,0.3173,0.4512,0.2805,0.3299,0.1785,0.0687,0.0733,0.0575,
su-526600,Микунь,Mikun’,russia,62.3547,50.0771,11347.0000,0.0000,0.0000,0.1698,0.1544,0.1913,0.1427,0.0928,0.0569,0.0550,0.0168,
su-1496272,Октябрьский,Oktyabr’skiy,russia,67.5667,64.1333,10476.0000,0.0000,0.0000,0.1481,0.2742,0.1870,0.3089,0.0670,0.0287,0.0334,0.0373,
su-511794,Печора,Pechora,russia,65.1472,57.2244,30586.0000,1.0000,0.0000,0.5089,0.4492,0.4354,0.5656,0.3502,0.1865,0.1821,0.1855,
su-1494088,Промышленный,Promyshlennyy,russia,67.5833,63.9167,20405.0000,0.0000,0.0000,0.3482,0.4799,0.2993,0.3360,0.2027,0.0772,0.0818,0.0742,
su-1492587,Северный,Severnyy,russia,67.6022,64.1136,15175.0000,0.0000,0.0000,0.2450,0.3822,0.2390,0.3095,0.1267,0.0507,0.0550,0.0392,
su-490391,Ижма,Sosnogorsk,russia,63.5967,53.8918,15799.0000,1.0000,0.0000,0.2665,0.1965,0.2459,0.1419,0.1523,0.0769,0.0915,0.0276,
su-485239,Сыктывкар,Syktyvkar,russia,61.6639,50.8163,64461.0000,0.0000,0.0000,0.7876,0.8591,0.8221,0.7291,0.6516,0.6403,0.5033,0.5067,
su-479411,Ухта,Ukhta,russia,63.5690,53.6914,36154.0000,1.0000,1.0000,0.6047,0.3435,0.4175,0.3677,0.4238,0.0756,0.1026,0.0662,
su-472234,Волжск,Volzhsk,russia,55.8666,48.3593,33412.0000,1.0000,1.0000,0.5448,0.5284,0.5700,0.6864,0.3856,0.4067,0.4346,0.3388,
su-466806,Йошкар-Ола,Yoshkar-Ola,russia,56.6388,47.8908,88744.0000,1.0000,0.0000,0.8638,0.8702,0.7805,0.9128,0.8049,0.7631,0.6491,0.7093,
su-543018,Козьмодемьянск,Koz’modem’yansk,russia,56.3321,46.5606,12625.0000,0.0000,0.0000,0.1931,0.2043,0.2340,0.0709,0.0928,0.1121,0.1141,0.0261,
su-543436,Ковылкино,Kovylkino,russia,54.0372,43.9187,10484.0000,1.0000,1.0000,0.1490,0.1630,0.1968,0.1964,0.0671,0.0526,0.0563,0.0439,
su-500299,Рузаевка,Ruzayevka,russia,54.0600,44.9490,24909.0000,1.0000,1.0000,0.4285,0.4522,0.4821,0.7711,0.2706,0.3184,0.3292,0.6866,
su-498698,Саранск,Saransk,russia,54.1848,45.1717,91034.0000,1.0000,1.0000,0.8688,0.8858,0.8057,0.8940,0.8123,0.8210,0.7225,0.7619,
su-2027968,Алдан,Aldan,russia,58.6123,125.4000,12358.0000,0.0000,0.0000,0.1917,0.3353,0.3803,0.5853,0.1012,0.1608,0.1766,0.3749,
su-2120048,Усть-Нера,Ust-Nera,russia,64.5697,143.2370,10789.0000,0.0000,0.0000,0.1578,0.1433,0.1515,0.1248,0.0817,0.0584,0.0884,0.0663,
su-576697,Беслан,Beslan,russia,43.1928,44.5327,19385.0000,1.0000,1.0000,0.3218,0.1934,0.2087,0.0679,0.1875,0.1383,0.1396,0.0953,
su-473249,Орджоникидзе,Vladikavkaz,russia,43.0410,44.6699,164420.0000,1.0000,1.0000,0.9471,0.9700,0.9490,0.9843,0.9299,0.9630,0.9419,0.9945,
su-524736,Моздок,Mozdok,russia,43.7398,44.6516,25611.0000,1.0000,0.0000,0.4393,0.4957,0.4999,0.3318,0.2903,0.3411,0.3527,0.1529,
su-583983,Агрыз,Agryz,russia,56.5234,52.9943,20270.0000,1.0000,1.0000,0.3463,0.3650,0.3841,0.4474,0.2093,0.2533,0.2534,0.1772,
su-580062,Азнакаево,Aznakayevo,russia,54.8582,53.0801,11721.0000,0.0000,0.0000,0.1743,0.1059,0.1358,0.1093,0.0975,0.0367,0.0419,0.0266,
su-582432,Альметьевск,Al’met’yevsk,russia,54.9040,52.3179,50949.0000,0.0000,0.0000,0.7140,0.4204,0.5057,0.2561,0.5688,0.1196,0.1641,0.1002,
su-578638,Бавлы,Bavly,russia,54.3976,53.2512,13315.0000,0.0000,0.0000,0.2074,0.1136,0.1431,0.0497,0.1184,0.0412,0.0472,0.0358,
su-571170,Бугульма,Bugulma,russia,54.5378,52.7985,60980.0000,1.0000,1.0000,0.7715,0.7843,0.7974,0.4573,0.6418,0.5859,0.6080,0.4307,
su-611182,Васильево,Vasil’yevo,russia,55.8301,48.7173,14545.0000,0.0000,0.0000,0.2356,0.2112,0.1489,0.1168,0.1298,0.1418,0.1435,0.1596,
su-468082,Елабуга,Yelabuga,russia,55.7623,52.0442,21992.0000,0.0000,0.0000,0.3770,0.4336,0.4701,0.2785,0.2335,0.2606,0.2770,0.4263,
su-463835,Зеленодольск,Zelenodolsk,russia,55.8438,48.5178,60472.0000,1.0000,1.0000,0.7591,0.7403,0.7196,0.7300,0.6363,0.6568,0.6584,0.3625,
su-551487,Казань,Kazan,russia,55.7887,49.1221,646806.0000,1.0000,1.0000,0.9934,0.9976,0.9973,0.9814,0.9906,0.9962,0.9961,0.9894,
su-536162,Лениногорск,Leninogorsk,russia,54.5971,52.4512,38565.0000,0.0000,0.0000,0.6099,0.3891,0.4519,0.2806,0.4509,0.2105,0.2578,0.3291,
su-527579,Бондюжский,Mendeleyevsk,russia,55.8969,52.3112,11213.0000,1.0000,0.0000,0.1678,0.2102,0.2599,0.6615,0.0869,0.0997,0.1046,0.1923,
su-527529,Мензелинск,Menzelinsk,russia,55.7279,53.1022,11810.0000,0.0000,0.0000,0.1762,0.2797,0.3080,0.2184,0.0987,0.1441,0.1481,0.1029,
su-523750,Набережные Челны,Naberezhnyye Chelny,russia,55.7372,52.4196,19103.0000,1.0000,0.0000,0.3247,0.3162,0.3576,0.2242,0.1928,0.1673,0.1789,0.1923,
su-516716,Нурлат,Nurlat,russia,54.4290,50.8060,12726.0000,1.0000,0.0000,0.1986,0.1645,0.1957,0.1856,0.1059,0.0662,0.0700,0.0234,
su-478565,Уруссу,Urussu,russia,54.5970,53.4562,11572.0000,1.0000,0.0000,0.1713,0.1104,0.1085,0.1277,0.0956,0.0595,0.0777,0.2672,
su-567990,Чистополь,Chistopol’,russia,55.3661,50.6440,51864.0000,0.0000,0.0000,0.7104,0.7743,0.7936,0.9667,0.5730,0.6369,0.6841,0.8801,
su-466738,Юдино,Yudino,russia,55.8212,48.8844,20358.0000,0.0000,0.0000,0.3479,0.2236,0.1592,0.1826,0.2105,0.1642,0.1708,0.1088,
su-1512205,Абаза,Abaza,russia,52.6530,90.0945,11646.0000,0.0000,0.0000,0.1734,0.1818,0.2332,0.1774,0.0890,0.0493,0.0711,0.0207,
su-1512236,Абакан,Abakan,russia,53.7154,91.4259,56416.0000,0.0000,0.0000,0.7243,0.8079,0.6792,0.4978,0.6092,0.6638,0.5177,0.4368,
su-1510063,Бирикчуль,Birikchul’,russia,53.3272,89.8811,11948.0000,0.0000,0.0000,0.1828,0.1566,0.1383,0.0997,0.0960,0.0673,0.0754,0.0242,
su-1491360,Дзержинский,Sorsk,russia,54.0013,90.2515,11092.0000,0.0000,0.0000,0.1614,0.1504,0.2028,0.0810,0.0896,0.0578,0.0665,0.0190,
su-1488272,Усть-Абакан,Ust’-Abakan,russia,53.8357,91.3905,13475.0000,0.0000,0.0000,0.2161,0.1852,0.1557,0.0417,0.1156,0.0814,0.1092,0.0489,
su-1508054,Черногорск,Chernogorsk,russia,53.8288,91.3095,51064.0000,0.0000,0.0000,0.7358,0.7109,0.7546,0.5773,0.5664,0.4981,0.5645,0.4397,
su-1492149,Шира,Shira,russia,54.4938,89.9705,10889.0000,0.0000,0.0000,0.1572,0.1449,0.1305,0.2203,0.0870,0.0620,0.0793,0.0817,
su-580054,Азов,Azov,russia,47.1069,39.4149,39931.0000,0.0000,0.0000,0.6451,0.6938,0.7026,0.9160,0.4758,0.5632,0.5742,0.8776,
su-583673,Аксайская,Aksay,russia,47.2633,39.8690,15518.0000,0.0000,0.0000,0.2605,0.1988,0.2094,0.0895,0.1392,0.1428,0.1511,0.0578,
su-580139,Аютинский,Ayutinskiy,russia,47.7823,40.1476,10510.0000,0.0000,0.0000,0.1519,0.0654,0.0568,0.0661,0.0674,0.0275,0.0282,0.0284,
su-578740,Батайск,Bataysk,russia,47.1375,39.7571,65158.0000,1.0000,1.0000,0.8096,0.8007,0.8108,0.6772,0.6675,0.7478,0.7582,0.4857,
su-578155,Белая Калитва,Belaya Kalitva,russia,48.1793,40.7792,23533.0000,0.0000,0.0000,0.4205,0.3104,0.3338,0.5850,0.2515,0.1991,0.2164,0.4543,
su-472761,Волгодонск,Volgodonsk,russia,47.5114,42.1527,15710.0000,0.0000,0.0000,0.2646,0.1701,0.2118,0.1689,0.1418,0.0661,0.0839,0.0162,
su-561501,Гигант,Gigant,russia,46.5067,41.3419,12555.0000,1.0000,0.0000,0.1960,0.2092,0.1635,0.4044,0.1003,0.0962,0.0784,0.0498,
su-561146,Глубокий,Glubokiy,russia,48.5272,40.3314,15528.0000,0.0000,0.0000,0.2607,0.2906,0.2135,0.0948,0.1316,0.1871,0.1718,0.0681,
su-558082,Гуково,Gukovo,russia,48.0513,39.9305,52969.0000,0.0000,0.0000,0.7480,0.5254,0.5814,0.5795,0.6080,0.3961,0.4330,0.2286,
su-565348,Донецк,Donetsk,russia,48.3371,39.9523,42369.0000,0.0000,0.0000,0.6683,0.4057,0.4568,0.4217,0.5039,0.1938,0.2089,0.2800,
su-461910,Зверево,Zverevo,russia,48.0271,40.1230,10853.0000,0.0000,0.0000,0.1592,0.1329,0.1512,0.1147,0.0713,0.0717,0.0727,0.0475,
su-463637,Зерновой,Zernograd,russia,46.8486,40.3116,15634.0000,0.0000,0.0000,0.2630,0.2565,0.2711,0.4885,0.1408,0.1576,0.1663,0.0985,
su-553427,Каменоломни,Kamenolomni,russia,47.6678,40.2048,15447.0000,0.0000,0.0000,0.2589,0.1825,0.1383,0.0688,0.1383,0.1373,0.1189,0.0119,
su-553399,Каменск-Шахтинский,Kamensk-Shakhtinsky,russia,48.3178,40.2595,57525.0000,1.0000,1.0000,0.7740,0.8002,0.8221,0.8765,0.6445,0.7470,0.7728,0.8325,
su-546579,Коксовый,Koksovyy,russia,48.1974,40.6433,13247.0000,0.0000,0.0000,0.2111,0.2249,0.1653,0.0407,0.1091,0.1474,0.1142,0.0184,
su-545277,Константиновский,Konstantinovsk,russia,47.5811,41.0934,10735.0000,0.0000,0.0000,0.1567,0.1559,0.1802,0.1044,0.0781,0.1013,0.1143,0.1101,
su-541404,Красный Сулин,Krasnyy Sulin,russia,47.8925,40.0718,39824.0000,1.0000,1.0000,0.6440,0.6442,0.6574,0.7991,0.4745,0.6016,0.6121,0.6827,
su-535254,Лиховской,Likhovskoy,russia,48.1519,40.1793,16265.0000,1.0000,1.0000,0.2765,0.2605,0.1902,0.0383,0.1419,0.1630,0.1487,0.0269,
su-526558,Миллерово,Millerovo,russia,48.9252,40.3998,30005.0000,1.0000,1.0000,0.5057,0.5873,0.6058,0.4548,0.3398,0.4278,0.4486,0.4091,
su-525162,Морозовск,Morozovsk,russia,48.3510,41.8290,26952.0000,1.0000,1.0000,0.4788,0.6108,0.6236,0.5279,0.2989,0.3828,0.3979,0.6518,
su-518970,Новочеркасск,Novocherkassk,russia,47.4222,40.0937,95453.0000,1.0000,1.0000,0.8919,0.9129,0.9292,0.9611,0.7969,0.8795,0.9035,0.9660,
su-517963,Новошахтинск,Novoshakhtinsk,russia,47.7604,39.9333,103566.0000,0.0000,0.0000,0.9048,0.8791,0.8994,0.9301,0.8468,0.8626,0.8809,0.9529,
su-515852,Буденновский,Oktyabr’skiy,russia,48.0333,40.0500,27639.0000,0.0000,0.0000,0.4897,0.2687,0.2101,0.1567,0.3113,0.1603,0.1541,0.2226,
su-504831,Пролетарская,Proletarsk,russia,46.7024,41.7249,10672.0000,0.0000,0.0000,0.1553,0.2666,0.2960,0.2661,0.0773,0.1173,0.1288,0.4211,
su-501175,Ростов-на-Дону,Rostov-on-Don,russia,47.2200,39.7077,599542.0000,1.0000,1.0000,0.9950,0.9969,0.9966,0.9914,0.9936,0.9973,0.9968,0.9945,
su-499161,Сальск,Sal’sk,russia,46.4749,41.5416,35964.0000,1.0000,0.0000,0.6025,0.5523,0.5981,0.5724,0.4143,0.3034,0.3454,0.3545,
su-497218,Семикаракорск,Semikarakorsk,russia,47.5168,40.8083,10696.0000,0.0000,0.0000,0.1558,0.1236,0.1444,0.0348,0.0776,0.0781,0.0885,0.0473,
su-492853,Синегорский,Sinegorskiy,russia,48.0139,40.8447,13196.0000,0.0000,0.0000,0.2100,0.1558,0.1171,0.1179,0.1085,0.0955,0.0762,0.0463,
su-491171,Соколово-Кундрюченский,Sokolovo-Kundryuchenskiy,russia,47.8354,39.9471,11028.0000,0.0000,0.0000,0.1629,0.0689,0.0590,0.0757,0.0734,0.0297,0.0302,0.0287,
su-484907,Таганрог,Taganrog,russia,47.2363,38.9053,202062.0000,1.0000,1.0000,0.9681,0.9835,0.9878,0.9903,0.9515,0.9806,0.9857,0.9911,
su-496015,Шахты,Shakhty,russia,47.7192,40.2160,196190.0000,1.0000,1.0000,0.9665,0.9654,0.9773,0.9871,0.9329,0.9584,0.9731,0.9728,
su-551891,Касимов,Kasimov,russia,54.9438,41.4034,27855.0000,0.0000,0.0000,0.4589,0.5460,0.5637,0.5943,0.3143,0.3893,0.4150,0.7909,
su-499975,Рыбное,Rybnoye,russia,54.7253,39.5130,10186.0000,0.0000,0.0000,0.1447,0.0584,0.0722,0.0336,0.0746,0.0381,0.0395,0.0634,
su-500096,Рязань,Ryazan’,russia,54.6270,39.7041,214130.0000,1.0000,1.0000,0.9570,0.9640,0.9485,0.9886,0.9396,0.9544,0.9394,0.9896,
su-461699,Сасово,Sasovo,russia,54.3537,41.9199,20735.0000,1.0000,1.0000,0.3552,0.5165,0.5290,0.4700,0.2077,0.2833,0.2912,0.5988,
su-492376,Скопин,Skopin,russia,53.8250,39.5531,17957.0000,1.0000,0.0000,0.2956,0.3225,0.3354,0.4261,0.1664,0.2015,0.2043,0.0502,
su-576590,Безенчук,Bezenchuk,russia,52.9806,49.4320,10376.0000,0.0000,0.0000,0.1490,0.0925,0.0797,0.0888,0.0807,0.0564,0.0697,0.3516,
su-463082,Жигулёвск,Zhigulëvsk,russia,53.4033,49.5106,46117.0000,0.0000,0.0000,0.7001,0.4491,0.5026,0.7280,0.5225,0.2104,0.2290,0.4620,
su-548625,Кинель,Kinel’,russia,53.2266,50.6261,32447.0000,1.0000,1.0000,0.5590,0.5206,0.5392,0.7042,0.3796,0.3599,0.3836,0.4225,
su-518659,Новокуйбышевск,Novokuybyshevsk,russia,53.0971,49.9400,62755.0000,0.0000,0.0000,0.7994,0.5186,0.5813,0.5695,0.6529,0.3616,0.4339,0.1544,
su-515938,Октябрьск,Oktyabr’sk,russia,53.1668,48.6972,33771.0000,1.0000,1.0000,0.5760,0.3974,0.4284,0.2444,0.3878,0.2962,0.3278,0.4745,
su-513883,Отрадный,Otradnyy,russia,53.3760,51.3452,27889.0000,0.0000,0.0000,0.4936,0.2748,0.3188,0.5679,0.3211,0.1591,0.1869,0.1801,
su-507624,Похвистнево,Pokhvistnevo,russia,53.6524,52.1274,23063.0000,1.0000,1.0000,0.4120,0.3098,0.3251,0.1721,0.2549,0.1318,0.1267,0.0272,
su-499099,Куйбышев,Samara,russia,53.2077,50.1355,806356.0000,1.0000,1.0000,0.9970,0.9977,0.9978,0.9918,0.9932,0.9973,0.9971,0.9925,
su-496568,Серноводск,Sernovodsk,russia,53.9229,51.2570,12415.0000,0.0000,0.0000,0.1930,0.1155,0.1013,0.0916,0.1065,0.0660,0.0716,0.0205,
su-484972,Сызрань,Syzran,russia,53.1585,48.4681,148391.0000,1.0000,1.0000,0.9467,0.9519,0.9649,0.9882,0.8949,0.9226,0.9408,0.9890,
su-482969,Тимашево,Timashëvo,russia,53.3483,51.1743,10470.0000,0.0000,0.0000,0.1510,0.1382,0.1077,0.3356,0.0819,0.1012,0.1012,0.0921,
su-482283,Ставрополь,Tolyatti,russia,53.5303,49.3461,61281.0000,0.0000,0.0000,0.7927,0.5926,0.6398,0.7810,0.6432,0.4626,0.5014,0.7209,
su-563167,Фёдоровка,Fëdorovka,russia,53.4667,49.6322,13706.0000,0.0000,0.0000,0.2211,0.1179,0.0965,0.0366,0.1151,0.0651,0.0585,0.0222,
su-569955,Чапаевск,Chapayevsk,russia,52.9771,49.7086,83263.0000,1.0000,1.0000,0.8668,0.8815,0.8948,0.9243,0.7528,0.8301,0.8409,0.9376,
su-581080,Аркадак,Arkadak,russia,51.9375,43.5040,14790.0000,0.0000,0.0000,0.2352,0.2905,0.3081,0.2753,0.1331,0.1519,0.1580,0.0711,
su-580420,Аткарск,Atkarsk,russia,51.8806,45.0061,27771.0000,1.0000,1.0000,0.4917,0.5460,0.5590,0.7249,0.3100,0.3892,0.4045,0.4154,
su-579492,Балаково,Balakovo,russia,52.0264,47.7967,36428.0000,0.0000,0.0000,0.6078,0.7089,0.7258,0.6468,0.4197,0.4835,0.5078,0.4777,
su-579460,Балашов,Balashov,russia,51.5510,43.1707,64349.0000,1.0000,1.0000,0.7643,0.8491,0.8687,0.9031,0.6608,0.7569,0.8008,0.5828,
su-472278,Вольск,Vol’sk,russia,52.0417,47.3827,63422.0000,1.0000,1.0000,0.8023,0.8670,0.8861,0.9097,0.6569,0.7580,0.7923,0.6377,
su-467120,Ершов,Yershov,russia,51.3559,48.2727,19977.0000,1.0000,1.0000,0.3532,0.4552,0.4681,0.4351,0.2113,0.2356,0.2454,0.3041,
su-554199,Баланда,Kalininsk,russia,51.4978,44.4768,13243.0000,0.0000,0.0000,0.2110,0.1161,0.1521,0.0767,0.1091,0.0644,0.0862,0.0159,
su-542464,Красноармейск,Krasnoarmeysk,russia,51.0235,45.6966,13552.0000,0.0000,0.0000,0.2115,0.2749,0.3031,0.5013,0.1131,0.1962,0.2002,0.1011,
su-541647,Красный Кут,Krasnyy Kut,russia,50.9502,46.9685,14805.0000,1.0000,0.0000,0.2374,0.2789,0.3129,0.2930,0.1296,0.1856,0.1997,0.0638,
su-529073,Маркс,Marks,russia,51.7102,46.7455,13098.0000,1.0000,0.0000,0.2079,0.2367,0.2547,0.2717,0.1072,0.1906,0.2043,0.0933,
su-517739,Новоузенск,Novouzensk,russia,50.4632,48.1416,12843.0000,0.0000,0.0000,0.1976,0.3506,0.3887,0.4934,0.1124,0.1623,0.1873,0.0992,
su-509987,Петровск,Petrovsk,russia,52.3088,45.3899,24987.0000,1.0000,0.0000,0.4461,0.4434,0.4659,0.4259,0.2718,0.3526,0.3759,0.1068,
su-505057,Приволжский,Privolzhskiy,russia,51.4094,46.0483,15168.0000,0.0000,0.0000,0.2529,0.1286,0.0958,0.0211,0.1345,0.0764,0.0616,0.0136,
su-504250,Пугачёв,Pugachëv,russia,52.0166,48.7989,32725.0000,0.0000,0.0000,0.5627,0.6721,0.6881,0.6232,0.3830,0.4480,0.4760,0.6304,
su-500886,Ртищево,Rtishchevo,russia,52.2597,43.7868,32739.0000,1.0000,1.0000,0.5235,0.6158,0.6357,0.2712,0.3773,0.4598,0.4930,0.3527,
su-498677,Саратов,Saratov,russia,51.5405,45.9901,584092.0000,1.0000,1.0000,0.9948,0.9968,0.9967,0.9777,0.9895,0.9952,0.9950,0.9903,
su-548982,Хвалынск,Khvalynsk,russia,52.4911,48.1061,17036.0000,0.0000,0.0000,0.2929,0.3310,0.3469,0.1859,0.1600,0.2100,0.2216,0.1479,
su-563464,Энгельс,Engels,russia,51.4839,46.1053,90724.0000,1.0000,1.0000,0.8831,0.8889,0.9022,0.9584,0.7821,0.8502,0.8663,0.9626,
su-2127282,Александровск-Сахалинский,Aleksandrovsk-Sakhalinskiy,russia,50.8963,142.1634,22206.0000,1.0000,1.0000,0.3710,0.6228,0.6398,0.2990,0.2400,0.4593,0.4905,0.6417,
su-2125945,Долинск,Dolinsk,russia,47.3284,142.7963,14802.0000,0.0000,0.0000,0.2373,0.3218,0.3883,0.3875,0.1385,0.0720,0.0844,0.0153,
su-2123614,Макаров,Makarov,russia,48.6256,142.7786,13919.0000,1.0000,0.0000,0.2258,0.1985,0.2458,0.2047,0.1096,0.0472,0.0559,0.0303,
su-2122614,Оха,Okha,russia,53.5949,142.9528,27636.0000,1.0000,0.0000,0.4711,0.6710,0.6839,0.8098,0.3127,0.4233,0.4803,0.6591,
su-2121909,Поронайск,Poronaysk,russia,49.2204,143.0912,21570.0000,1.0000,0.0000,0.3842,0.2774,0.3288,0.1913,0.2203,0.0820,0.0946,0.0351,
su-2120261,Углегорск,Uglegorsk,russia,49.0799,142.0687,17852.0000,1.0000,0.0000,0.3100,0.2181,0.2662,0.1182,0.1648,0.0626,0.0730,0.0278,
su-2124615,Холмск,Kholmsk,russia,47.0461,142.0494,31541.0000,1.0000,0.0000,0.5267,0.5708,0.5809,0.6627,0.3683,0.1651,0.1975,0.0358,
su-2121367,Шахтёрск,Shakhtërsk,russia,49.1680,142.1157,12069.0000,1.0000,0.0000,0.1854,0.1333,0.1671,0.0941,0.0859,0.0350,0.0395,0.0263,
su-580783,Арти,Arti,russia,56.4196,58.5391,13016.0000,0.0000,0.0000,0.2004,0.2677,0.1618,0.1762,0.1062,0.1334,0.1174,0.4389,
su-579266,Баранчинский,Baranchinskiy,russia,58.1617,59.6991,13492.0000,0.0000,0.0000,0.2111,0.1562,0.1102,0.2243,0.1208,0.1107,0.1076,0.2043,
su-576260,Бисерть,Bisert’,russia,56.8588,59.0530,11573.0000,0.0000,0.0000,0.1713,0.2013,0.1413,0.1614,0.0956,0.0986,0.0956,0.0453,
su-474821,Верхний Тагил,Verkhniy Tagil,russia,57.3742,59.9542,15371.0000,0.0000,0.0000,0.2498,0.1638,0.1664,0.1291,0.1464,0.0962,0.0863,0.1446,
su-1487277,Верхняя Салда,Verkhnyaya Salda,russia,58.0450,60.5510,37255.0000,1.0000,0.0000,0.5960,0.5066,0.5465,0.7653,0.4364,0.3536,0.3888,0.6216,
su-474462,Верхняя Тура,Verkhnyaya Tura,russia,58.3608,59.8067,17509.0000,1.0000,0.0000,0.2931,0.3318,0.3170,0.4855,0.1763,0.2650,0.2311,0.4367,
su-1487219,Верхотурье,Verkhotur’ye,russia,58.8633,60.8056,10917.0000,1.0000,0.0000,0.1578,0.1584,0.1948,0.0618,0.0874,0.0962,0.1043,0.0224,
su-1505260,Ивдель,Ivdel’,russia,60.6911,60.4206,22009.0000,0.0000,0.0000,0.3773,0.2441,0.2869,0.3101,0.2373,0.0780,0.0966,0.1283,
su-556131,Ис,Is,russia,58.7909,59.7179,10881.0000,0.0000,0.0000,0.1571,0.1859,0.1373,0.0815,0.0869,0.1326,0.1315,0.0910,
su-1504826,Каменск-Уральский,Kamensk-Ural’skiy,russia,56.4063,61.9335,141019.0000,1.0000,1.0000,0.9327,0.9372,0.9426,0.9534,0.8862,0.9083,0.9356,0.9224,
su-1503335,Кировград,Kirovgrad,russia,57.4313,60.0617,22713.0000,1.0000,1.0000,0.3910,0.4750,0.4895,0.7633,0.2500,0.4173,0.4242,0.7518,
su-1502847,Кольцово,Kol’tsovo,russia,54.9420,83.1919,13448.0000,0.0000,0.0000,0.2089,0.0997,0.0880,0.0246,0.1203,0.0816,0.0862,0.0472,
su-1502060,Красноуральск,Krasnoural’sk,russia,58.3638,60.0407,39245.0000,1.0000,1.0000,0.6168,0.6764,0.6998,0.4653,0.4583,0.5878,0.6158,0.4090,
su-542199,Красноуфимск,Krasnoufimsk,russia,56.6140,57.7690,37312.0000,1.0000,1.0000,0.5966,0.6738,0.7068,0.8642,0.4370,0.4556,0.5010,0.7724,
su-538340,Кушва,Kushva,russia,58.2873,59.7475,46150.0000,1.0000,1.0000,0.6789,0.6540,0.6907,0.8859,0.5271,0.5313,0.5746,0.7261,
su-1500426,Лобва,Lobva,russia,59.1854,60.5185,11704.0000,0.0000,0.0000,0.1740,0.1813,0.1335,0.1816,0.0973,0.1011,0.1017,0.0435,
su-526815,Михайловский,Mikhaylovsk,russia,56.4358,59.1200,10608.0000,0.0000,0.0000,0.1508,0.1593,0.1783,0.0873,0.0766,0.0804,0.0807,0.0600,
su-1497795,Невьянск,Nev’yansk,russia,57.4923,60.2141,30878.0000,0.0000,0.0000,0.5183,0.5643,0.5846,0.5390,0.3599,0.4799,0.4988,0.5740,
su-520494,Нижний Тагил,Nizhny Tagil,russia,57.9194,59.9650,338501.0000,1.0000,1.0000,0.9837,0.9899,0.9935,0.9814,0.9707,0.9828,0.9893,0.9895,
su-1497393,Нижняя Салда,Nizhnyaya Salda,russia,58.0776,60.7202,21382.0000,1.0000,1.0000,0.3671,0.4024,0.4212,0.1955,0.2312,0.3126,0.3192,0.2766,
su-520204,Нижняя Тура,Nizhnyaya Tura,russia,58.6237,59.8523,20638.0000,1.0000,1.0000,0.3534,0.2283,0.2595,0.0457,0.2207,0.1031,0.1144,0.0319,
su-1497276,Новая Ляля,Novaya Lyalya,russia,59.0523,60.5932,17767.0000,1.0000,0.0000,0.2982,0.3564,0.3836,0.5120,0.1800,0.2316,0.2431,0.1241,
su-1494573,Полевской,Polevskoy,russia,56.4422,60.1878,47102.0000,1.0000,0.0000,0.6861,0.6187,0.6262,0.8788,0.5318,0.5302,0.5646,0.7875,
su-1491267,Сосьва,Sos’va,russia,59.1766,61.8558,14283.0000,0.0000,0.0000,0.2274,0.2372,0.1922,0.1462,0.1314,0.0803,0.0976,0.0769,
su-1490402,Сысерть,Sysert’,russia,56.5017,60.8198,19606.0000,0.0000,0.0000,0.3331,0.2928,0.3271,0.2706,0.1960,0.2107,0.2189,0.2368,
su-546288,Колодня,Kolodnya,russia,54.8052,32.1883,12823.0000,0.0000,0.0000,0.2019,0.1991,0.1454,0.0210,0.1037,0.1246,0.0981,0.0547,
su-501283,Рославль,Roslavl’,russia,53.9539,32.8641,37433.0000,1.0000,1.0000,0.5903,0.7432,0.7561,0.9308,0.4302,0.6030,0.6248,0.8408,
su-491687,Смоленск,Smolensk,russia,54.7783,32.0509,147196.0000,1.0000,1.0000,0.9460,0.9717,0.9555,0.9871,0.8935,0.9498,0.9248,0.9914,
su-468866,Ярцево,Yartsevo,russia,55.0649,32.6969,25558.0000,0.0000,0.0000,0.4558,0.6553,0.6522,0.5940,0.2797,0.4612,0.4638,0.1783,
su-582993,Александровское,Aleksandrovskoye,russia,44.7142,43.0008,13587.0000,0.0000,0.0000,0.2122,0.2507,0.2890,0.1389,0.1220,0.1943,0.2051,0.0209,
su-576172,Благодарное,Blagodarnyy,russia,45.0978,43.4364,14900.0000,0.0000,0.0000,0.2393,0.3291,0.3626,0.5190,0.1399,0.2456,0.2587,0.2387,
su-571306,Будённовск,Budyonnovsk,russia,44.7839,44.1658,27895.0000,0.0000,0.0000,0.4750,0.6265,0.6061,0.7405,0.3211,0.3956,0.3765,0.4465,
su-561627,Георгиевск,Georgiyevsk,russia,44.1494,43.4702,35135.0000,0.0000,0.0000,0.5716,0.7228,0.7284,0.6189,0.4120,0.5258,0.5565,0.2089,
su-466990,Ессентуки,Yessentuki,russia,44.0483,42.8564,48101.0000,0.0000,0.0000,0.6937,0.6959,0.7199,0.4989,0.5447,0.4265,0.4866,0.4697,
su-463340,Железноводск,Zheleznovodsk,russia,44.1432,43.0048,11927.0000,0.0000,0.0000,0.1778,0.2178,0.2747,0.2692,0.1002,0.1010,0.1084,0.0246,
su-463824,Воронцово-Александровское,Zelenokumsk,russia,44.4104,43.8801,22204.0000,0.0000,0.0000,0.3812,0.5445,0.5419,0.2034,0.2429,0.3243,0.3320,0.1123,
su-554770,Изобильное,Izobil’nyy,russia,45.3665,41.7091,11130.0000,0.0000,0.0000,0.1622,0.1705,0.1973,0.0528,0.0901,0.0902,0.0926,0.0289,
su-556320,Каррас + Николаевское,Inozemtsevo,russia,44.0926,43.0911,12070.0000,0.0000,0.0000,0.1808,0.1712,0.1097,0.4256,0.1020,0.0620,0.0666,0.0534,
su-556230,Ипатово,Ipatovo,russia,45.7180,42.9061,13670.0000,0.0000,0.0000,0.2139,0.2895,0.3199,0.1622,0.1231,0.1674,0.1710,0.0299,
su-548114,Кисловодск,Kislovodsk,russia,43.9133,42.7208,77998.0000,0.0000,0.0000,0.8364,0.8969,0.9044,0.9451,0.7315,0.7959,0.8411,0.8825,
su-535886,Лермонтов,Lermontov,russia,44.1072,42.9780,10926.0000,0.0000,0.0000,0.1573,0.1507,0.2266,0.5369,0.0875,0.0570,0.0661,0.0652,
su-526480,Минеральные Воды,Mineralnye Vody,russia,44.2103,43.1353,40131.0000,1.0000,1.0000,0.6254,0.7387,0.7202,0.7967,0.4677,0.5529,0.5424,0.4460,
su-493702,Михайловское,Mikhaylovsk,russia,45.1310,42.0270,12296.0000,0.0000,0.0000,0.1862,0.1336,0.1596,0.1634,0.1050,0.1246,0.1276,0.0513,
su-522377,Невинномысск,Nevinnomyssk,russia,44.6333,41.9444,39806.0000,1.0000,1.0000,0.6221,0.4047,0.4261,0.3186,0.4643,0.2231,0.2584,0.1149,
su-519106,Новоалександровская,Novoaleksandrovsk,russia,45.4975,41.2253,16541.0000,0.0000,0.0000,0.2737,0.3178,0.3344,0.1205,0.1627,0.1666,0.1695,0.0927,
su-503550,Пятигорск,Pyatigorsk,russia,44.0500,43.0504,69617.0000,1.0000,1.0000,0.8085,0.8973,0.9025,0.9604,0.6918,0.8119,0.8485,0.8089,
su-485698,Петровское,Svetlograd,russia,45.3274,42.8562,24256.0000,0.0000,0.0000,0.4169,0.4654,0.4740,0.2889,0.2716,0.3169,0.3296,0.2038,
su-487846,Ставрополь,Stavropol,russia,45.0344,41.9642,141023.0000,1.0000,1.0000,0.9325,0.9518,0.9181,0.9872,0.8819,0.9249,0.8781,0.9927,
su-463217,Жердевка,Zherdevka,russia,51.8543,41.4549,15267.0000,0.0000,0.0000,0.2445,0.1721,0.1996,0.0967,0.1395,0.0809,0.0873,0.0384,
su-548330,Кирсанов,Kirsanov,russia,52.6509,42.7348,15654.0000,0.0000,0.0000,0.2520,0.3337,0.3556,0.3112,0.1448,0.1672,0.1756,0.0323,
su-543605,Котовск,Kotovsk,russia,52.5905,41.5025,25511.0000,1.0000,1.0000,0.4242,0.3759,0.3940,0.5692,0.2825,0.3214,0.3326,0.4089,
su-527191,Мичуринск,Michurinsk,russia,52.9076,40.4823,80653.0000,1.0000,1.0000,0.8232,0.8830,0.9039,0.9412,0.7421,0.8480,0.8831,0.9770,
su-525138,Моршанск,Morshansk,russia,53.4432,41.8106,40924.0000,1.0000,1.0000,0.6110,0.7138,0.7302,0.8678,0.4712,0.5914,0.6251,0.6501,
su-502793,Рассказово,Rasskazovo,russia,52.6638,41.8892,33785.0000,0.0000,0.0000,0.5360,0.5993,0.6096,0.3790,0.3902,0.5198,0.5366,0.2458,
su-484646,Тамбов,Tambov,russia,52.7363,41.4410,172171.0000,1.0000,1.0000,0.9401,0.9611,0.9406,0.9810,0.9143,0.9488,0.9278,0.9912,
su-576566,Бежецк,Bezhetsk,russia,57.7842,36.7008,26921.0000,1.0000,1.0000,0.4601,0.5298,0.5368,0.4759,0.3034,0.3151,0.3390,0.4478,
su-575349,Бологое,Bologoye,russia,57.8859,34.0532,30301.0000,1.0000,1.0000,0.5051,0.5589,0.5788,0.4752,0.3465,0.3626,0.3889,0.2234,
su-470252,Вышний Волочёк,Vyshniy Volochëk,russia,57.5888,34.5685,66360.0000,1.0000,0.0000,0.7857,0.8808,0.8971,0.9754,0.6726,0.8082,0.8455,0.9163,
su-553884,Калязин,Kalyazin,russia,57.2398,37.8329,11077.0000,0.0000,0.0000,0.1604,0.2258,0.2857,0.0872,0.0900,0.1479,0.1846,0.2318,
su-551986,Кашин,Kashin,russia,57.3592,37.6081,16162.0000,0.0000,0.0000,0.2652,0.3293,0.3704,0.3011,0.1567,0.2106,0.2400,0.1236,
su-548652,Кимры,Kimry,russia,56.8746,37.3596,41243.0000,1.0000,0.0000,0.6361,0.7268,0.7386,0.9398,0.4702,0.6368,0.6709,0.8142,
su-545673,Конаково,Konakovo,russia,56.7015,36.7730,13705.0000,0.0000,0.0000,0.2147,0.2388,0.2836,0.0748,0.1237,0.1802,0.2078,0.0238,
su-538104,Каменка,Kuvshinovo,russia,57.0286,34.1790,13549.0000,0.0000,0.0000,0.2154,0.2216,0.2625,0.1535,0.1166,0.1098,0.1145,0.0245,
su-522775,Нелидово,Nelidovo,russia,56.2276,32.7747,26465.0000,0.0000,0.0000,0.4709,0.3373,0.3796,0.7716,0.2922,0.1426,0.1654,0.1842,
su-514259,Осташков,Ostashkov,russia,57.1469,33.1066,19542.0000,1.0000,1.0000,0.3329,0.4796,0.4965,0.4370,0.1990,0.2844,0.2943,0.2374,
su-480060,Калинин,Tver,russia,56.8584,35.9006,260974.0000,1.0000,1.0000,0.9750,0.9898,0.9867,0.9902,0.9507,0.9809,0.9731,0.9923,
su-481985,Торжок,Torzhok,russia,57.0436,34.9622,34921.0000,0.0000,0.0000,0.5691,0.6256,0.6241,0.7529,0.4020,0.4851,0.5041,0.4411,
su-482042,Торопец,Toropets,russia,56.4995,31.6392,15154.0000,1.0000,0.0000,0.2526,0.3654,0.3818,0.5521,0.1343,0.1784,0.1867,0.4173,
su-1502862,Колпашево,Kolpashevo,russia,58.3201,82.9030,22595.0000,0.0000,0.0000,0.4034,0.4817,0.5111,0.4972,0.2357,0.2605,0.2795,0.4900,
su-1489597,Тимирязевский,Timiryazevskoye,russia,56.4899,84.8779,10449.0000,0.0000,0.0000,0.1499,0.0647,0.0585,0.0959,0.0823,0.0625,0.0551,0.0928,
su-1489425,Томск,Tomsk,russia,56.5005,84.9822,248823.0000,1.0000,1.0000,0.9659,0.9766,0.9672,0.9877,0.9469,0.9739,0.9660,0.9932,
su-578091,Белёв,Belëv,russia,53.8122,36.1334,17153.0000,1.0000,1.0000,0.2874,0.3834,0.4021,0.2223,0.1703,0.2420,0.2535,0.0490,
su-575591,Богородицк,Bogoroditsk,russia,53.7717,38.1230,24427.0000,0.0000,0.0000,0.4073,0.3250,0.3408,0.7089,0.2634,0.2644,0.2679,0.6806,
su-565290,Донской,Donskoy,russia,53.9680,38.3315,30310.0000,1.0000,1.0000,0.4926,0.3076,0.3291,0.2821,0.3466,0.3108,0.3241,0.0948,
su-821801,Дубовка,Dubovka,russia,53.9522,38.0628,14781.0000,0.0000,0.0000,0.2350,0.1102,0.0913,0.0358,0.1213,0.0465,0.0456,0.0345,
su-468390,Ефремов,Yefremov,russia,53.1376,38.1186,28672.0000,1.0000,1.0000,0.4704,0.5780,0.5938,0.3658,0.3264,0.4551,0.4697,0.5150,
su-548658,Кимовск,Kimovsk,russia,53.9731,38.5350,39490.0000,0.0000,0.0000,0.5973,0.3490,0.3993,0.5314,0.4559,0.2084,0.2413,0.5034,
su-548506,Киреевск,Kireyevsk,russia,53.9297,37.9215,17860.0000,1.0000,1.0000,0.2938,0.1759,0.1887,0.0414,0.1649,0.1242,0.1245,0.0552,
su-544293,Косая Гора,Kosaya Gora,russia,54.1190,37.5446,18147.0000,0.0000,0.0000,0.2991,0.2098,0.1583,0.0350,0.1794,0.1852,0.1868,0.0313,
su-535086,Липки,Lipki,russia,54.3262,37.5201,19435.0000,0.0000,0.0000,0.3227,0.1537,0.1701,0.0552,0.1975,0.1039,0.0908,0.0603,
su-518557,Сталиногорск,Novomoskovsk,russia,54.0110,38.2908,107856.0000,1.0000,1.0000,0.8812,0.8990,0.9216,0.9866,0.8263,0.8907,0.9212,0.9897,
su-517782,Новотульский,Novotul’skiy,russia,54.1667,37.6667,35695.0000,0.0000,0.0000,0.5578,0.3236,0.2653,0.1671,0.4130,0.3421,0.3666,0.0855,
su-510899,Первомайский,Pervomayskiy,russia,54.0448,37.5087,14461.0000,0.0000,0.0000,0.2288,0.1081,0.0896,0.0332,0.1287,0.0769,0.0820,0.0319,
su-509052,Плавск,Plavsk,russia,53.7084,37.2946,12354.0000,1.0000,1.0000,0.1873,0.2033,0.2155,0.1384,0.0894,0.1159,0.1157,0.0539,
su-496269,Северо-Задонск,Severo-Zadonsk,russia,54.0348,38.4017,23159.0000,0.0000,0.0000,0.3868,0.1749,0.1932,0.1427,0.2499,0.1253,0.1103,0.0822,
su-492218,Скуратовский,Skuratovskiy,russia,54.1015,37.6038,20319.0000,1.0000,0.0000,0.3384,0.1528,0.1248,0.0646,0.2100,0.1094,0.1178,0.0328,
su-490069,Советск,Sovetsk,russia,53.9360,37.6277,10099.0000,0.0000,0.0000,0.1430,0.0744,0.0924,0.0878,0.0628,0.0264,0.0285,0.0496,
su-491251,Сокольники,Sokol’niki,russia,54.0691,38.4774,16132.0000,0.0000,0.0000,0.2612,0.1209,0.1365,0.1048,0.1514,0.0866,0.0742,0.1093,
su-481938,Каганович,Tovarkovskiy,russia,53.6822,38.2092,13061.0000,0.0000,0.0000,0.2013,0.2681,0.2064,0.5612,0.0984,0.1699,0.1538,0.1926,
su-480562,Тула,Tula,russia,54.1961,37.6182,315639.0000,1.0000,1.0000,0.9764,0.9863,0.9811,0.9799,0.9682,0.9880,0.9846,0.9902,
su-477494,Узловая,Uzlovaya,russia,53.9839,38.1598,53912.0000,1.0000,1.0000,0.7095,0.5079,0.5539,0.3788,0.5893,0.5178,0.5645,0.1336,
su-495394,Щёкино,Shchëkino,russia,54.0073,37.5065,45556.0000,1.0000,1.0000,0.6509,0.4112,0.4535,0.2281,0.5175,0.3686,0.4127,0.1955,
su-468671,Лаптево,Yasnogorsk,russia,54.4809,37.6982,12520.0000,1.0000,0.0000,0.1906,0.1029,0.1158,0.2119,0.1032,0.0657,0.0671,0.1393,
su-1506422,Голышманово,Golyshmanovo,russia,56.3987,68.3756,10237.0000,0.0000,0.0000,0.1433,0.1848,0.1198,0.0410,0.0790,0.0774,0.0951,0.0296,
su-1505453,Ишим,Ishim,russia,56.1125,69.4872,47793.0000,1.0000,1.0000,0.6914,0.7545,0.7625,0.7570,0.5420,0.6108,0.6688,0.5990,
su-1489530,Тобольск,Tobolsk,russia,58.1981,68.2546,39034.0000,1.0000,0.0000,0.5928,0.8609,0.8835,0.8203,0.4560,0.5320,0.5461,0.5347,
su-1488754,Тюмень,Tyumen,russia,57.1522,65.5272,150195.0000,1.0000,1.0000,0.9265,0.9600,0.9399,0.9912,0.8926,0.9294,0.8935,0.9917,
su-1486468,Ялуторовск,Yalutorovsk,russia,56.6532,66.3005,20188.0000,0.0000,0.0000,0.3442,0.3609,0.3963,0.2956,0.2042,0.2141,0.2293,0.2702,
su-579432,Балезино,Balezino,russia,57.9787,53.0138,11808.0000,0.0000,0.0000,0.1754,0.1651,0.1014,0.4258,0.0991,0.0495,0.0464,0.1276,
su-471430,Воткинск,Votkinsk,russia,57.0487,53.9872,59666.0000,1.0000,1.0000,0.7650,0.7775,0.7808,0.7919,0.6218,0.6568,0.6945,0.7086,
su-561347,Глазов,Glazov,russia,58.1400,52.6562,59012.0000,1.0000,1.0000,0.7617,0.7499,0.7588,0.8247,0.6175,0.4203,0.4802,0.4787,
su-554840,Ижевск,Izhevsk,russia,56.8522,53.1986,285294.0000,1.0000,1.0000,0.9785,0.9909,0.9884,0.9839,0.9573,0.9774,0.9696,0.9911,
su-553835,Камбарка,Kambarka,russia,56.2666,54.2056,13385.0000,1.0000,0.0000,0.2088,0.2176,0.2468,0.0476,0.1193,0.1346,0.1408,0.0134,
su-524699,Можга,Mozhga,russia,56.4458,52.2156,29987.0000,0.0000,0.0000,0.5008,0.5604,0.5785,0.4748,0.3424,0.4066,0.4278,0.6776,
su-498687,Сарапул,Sarapul,russia,56.4763,53.7978,68741.0000,1.0000,1.0000,0.8051,0.8669,0.8664,0.7639,0.6872,0.7420,0.7476,0.7170,
su-477656,Ува,Uva,russia,56.9908,52.1852,11554.0000,0.0000,0.0000,0.1701,0.1163,0.0758,0.2101,0.0959,0.0459,0.0439,0.0200,
su-578931,Барыш,Barysh,russia,53.6498,47.1272,17909.0000,0.0000,0.0000,0.3112,0.2817,0.3044,0.1842,0.1722,0.1283,0.1399,0.1626,
su-566199,Мелекесс,Dimitrovgrad,russia,54.2139,49.6184,50696.0000,0.0000,0.0000,0.7027,0.7479,0.7179,0.8839,0.5633,0.6264,0.6243,0.8220,
su-556283,Инза,Inza,russia,53.8534,46.3513,18612.0000,0.0000,0.0000,0.3257,0.3576,0.3747,0.5187,0.1820,0.2155,0.2274,0.2340,
su-497094,Сенгилей,Sengiley,russia,53.9585,48.7950,10677.0000,0.0000,0.0000,0.1554,0.2174,0.2374,0.1088,0.0774,0.1192,0.1280,0.1835,
su-479123,Ульяновск,Ulyanovsk,russia,54.3282,48.3866,205942.0000,1.0000,1.0000,0.9588,0.9756,0.9669,0.9931,0.9357,0.9571,0.9424,0.9930,
su-2026696,Бикин,Bikin,russia,46.8129,134.2501,19000.0000,1.0000,1.0000,0.3228,0.4468,0.3930,0.1709,0.1958,0.2326,0.2001,0.1272,
su-2119932,Ванино,Vanino,russia,49.0982,140.2521,11957.0000,1.0000,0.0000,0.1830,0.1321,0.1278,0.1073,0.0845,0.0336,0.0407,0.0312,
su-2013229,Вяземский,Vyazemskiy,russia,47.5334,134.7578,17957.0000,0.0000,0.0000,0.2956,0.3628,0.3802,0.3803,0.1814,0.1798,0.1972,0.3560,
su-2122850,Николаевск-на-Амуре,Nikolayevsk-on-Amure,russia,53.1466,140.7229,30923.0000,1.0000,0.0000,0.5183,0.6801,0.6449,0.6389,0.3544,0.3550,0.3168,0.3953,
su-2121052,Советская Гавань,Sovetskaya Gavan’,russia,48.9721,140.2888,37414.0000,1.0000,0.0000,0.6188,0.5900,0.6390,0.3640,0.4452,0.3458,0.3868,0.4659,
su-2022890,Хабаровск,Khabarovsk,russia,48.4620,135.0971,322744.0000,1.0000,1.0000,0.9772,0.9902,0.9870,0.9845,0.9649,0.9832,0.9784,0.9939,
su-2022317,Хор,Khor,russia,47.8840,134.9558,11041.0000,0.0000,0.0000,0.1615,0.1456,0.1192,0.1346,0.0896,0.0822,0.0612,0.0306,
su-579738,Бакал,Bakal,russia,54.9417,58.8083,29419.0000,0.0000,0.0000,0.4974,0.3353,0.3435,0.2155,0.3320,0.2008,0.2067,0.4688,
su-577450,Бердяуш,Berdyaush,russia,55.1619,59.1464,11186.0000,1.0000,1.0000,0.1626,0.1359,0.0801,0.2417,0.0834,0.0918,0.0741,0.0393,
su-475463,Верхнеуральск,Verkhneural’sk,russia,53.8790,59.2165,11679.0000,0.0000,0.0000,0.1740,0.2261,0.2446,0.0862,0.0970,0.1531,0.1555,0.0324,
su-1487394,Верхний Уфалей,Verkhniy Ufaley,russia,56.0549,60.2257,36934.0000,1.0000,1.0000,0.5921,0.6614,0.6742,0.7726,0.4257,0.5124,0.5364,0.2271,
su-1486039,Еманжелинск,Yemanzhelinsk,russia,54.7547,61.3208,33563.0000,0.0000,0.0000,0.5526,0.4352,0.4353,0.3051,0.3852,0.3181,0.3188,0.3911,
su-462444,Златоуст,Zlatoust,russia,55.1718,59.6547,161342.0000,1.0000,1.0000,0.9456,0.9669,0.9715,0.9850,0.9079,0.9417,0.9607,0.9819,
su-1504636,Карабаш,Karabash,russia,55.4895,60.2088,24925.0000,1.0000,1.0000,0.4281,0.5617,0.5551,0.2827,0.2709,0.4966,0.4900,0.2709,
su-1504251,Касли,Kasli,russia,55.8875,60.7548,21837.0000,1.0000,1.0000,0.3746,0.4825,0.5067,0.3678,0.2276,0.3243,0.3319,0.1362,
su-551794,Катав-Ивановск,Katav-Ivanovsk,russia,54.7526,58.2014,20573.0000,1.0000,1.0000,0.3514,0.4139,0.4459,0.3878,0.2097,0.2320,0.2446,0.1488,
su-1502603,Копейск,Kopeysk,russia,55.1169,61.6181,160713.0000,1.0000,1.0000,0.9453,0.8809,0.9085,0.8439,0.9074,0.8915,0.9282,0.7776,
su-1502536,Коркино,Korkino,russia,54.8915,61.3920,84962.0000,1.0000,0.0000,0.8551,0.6646,0.7150,0.7900,0.7618,0.5912,0.6713,0.7499,
su-1502112,Красногорский,Krasnogorskiy,russia,54.6025,61.2310,13073.0000,0.0000,0.0000,0.2016,0.1425,0.0884,0.0229,0.1069,0.0631,0.0581,0.0910,
su-540769,Кропачево,Kropachëvo,russia,55.0112,57.9896,10352.0000,1.0000,1.0000,0.1456,0.1392,0.0846,0.0858,0.0736,0.0578,0.0490,0.0423,
su-538442,Куса,Kusa,russia,55.3450,59.4400,21753.0000,1.0000,1.0000,0.3731,0.2910,0.3296,0.4683,0.2264,0.2332,0.2455,0.4425,
su-1500997,Кыштым,Kyshtym,russia,55.7163,60.5510,34302.0000,1.0000,1.0000,0.5617,0.6431,0.6587,0.6301,0.3943,0.5031,0.5237,0.3944,
su-532292,Магнитка,Magnitka,russia,55.3475,59.6961,16212.0000,0.0000,0.0000,0.2662,0.1262,0.0697,0.0515,0.1487,0.0928,0.0747,0.0407,
su-1498894,Миасс,Miass,russia,55.0455,60.1076,99043.0000,1.0000,1.0000,0.8843,0.8143,0.8418,0.7547,0.8072,0.7799,0.8315,0.7389,
su-526408,Миньяр,Min’yar,russia,55.0733,57.5550,15389.0000,0.0000,0.0000,0.2494,0.2886,0.3011,0.1754,0.1375,0.1397,0.1355,0.1314,
su-516615,Нязепетровск,Nyazepetrovsk,russia,56.0371,59.5985,22497.0000,0.0000,0.0000,0.3864,0.4184,0.4278,0.3017,0.2369,0.2716,0.2810,0.1601,
su-1494907,Пласт,Plast,russia,54.3691,60.8136,25897.0000,0.0000,0.0000,0.4439,0.5590,0.5192,0.1618,0.2844,0.4250,0.3992,0.0521,
su-498418,Сатка,Satka,russia,55.0410,59.0475,43142.0000,1.0000,1.0000,0.6534,0.6444,0.6667,0.8551,0.4933,0.5473,0.5793,0.5223,
su-492944,Сим,Sim,russia,54.9930,57.6982,13897.0000,0.0000,0.0000,0.2186,0.2435,0.2604,0.0726,0.1176,0.1106,0.1082,0.0433,
su-527263,Сулея,Mezhevoy,russia,55.1711,58.7814,11985.0000,0.0000,0.0000,0.1790,0.1232,0.0791,0.0599,0.0932,0.0547,0.0522,0.0557,
su-1489246,Троицк,Troitsk,russia,54.0922,61.5676,76325.0000,1.0000,1.0000,0.8313,0.8800,0.8808,0.7708,0.7260,0.7966,0.8309,0.6619,
su-1487933,Увельский,Uvel’skiy,russia,54.4432,61.3555,11319.0000,0.0000,0.0000,0.1653,0.1305,0.0979,0.0346,0.0850,0.0559,0.0609,0.0457,
su-478071,Усть-Катав,Ust’-Katav,russia,54.9366,58.1757,23133.0000,1.0000,1.0000,0.3976,0.4272,0.4592,0.4683,0.2458,0.2471,0.2632,0.2542,
su-1508350,Чебаркуль,Chebarkul’,russia,54.9776,60.3658,30941.0000,0.0000,0.0000,0.5186,0.2608,0.3074,0.1056,0.3520,0.1581,0.1859,0.2744,
su-1508291,Челябинск,Chelyabinsk,russia,55.1611,61.4288,689049.0000,1.0000,1.0000,0.9950,0.9926,0.9933,0.9883,0.9921,0.9948,0.9949,0.9766,
su-1485634,Южноуральский,Yuzhnoural’sk,russia,54.4485,61.2643,22403.0000,0.0000,0.0000,0.3848,0.2750,0.3231,0.0404,0.2356,0.1084,0.1238,0.0240,
su-466200,Юрюзань,Yuryuzan’,russia,54.8633,58.4219,17291.0000,1.0000,1.0000,0.2879,0.3102,0.3169,0.1643,0.1636,0.1700,0.1628,0.0372,
su-558418,Грозный,Grozny,russia,43.3120,45.6889,242068.0000,1.0000,1.0000,0.9644,0.9792,0.9702,0.9869,0.9651,0.9807,0.9723,0.9935,
su-558118,Гудермес,Gudermes,russia,43.3508,46.1009,18553.0000,1.0000,0.0000,0.3066,0.3354,0.3401,0.3357,0.1751,0.2430,0.2394,0.3001,
su-478581,Урус-Мартан,Urus-Martan,russia,43.1305,45.5379,11672.0000,0.0000,0.0000,0.1733,0.1792,0.2081,0.1278,0.0810,0.1195,0.1195,0.1699,
su-495957,Шали,Shali,russia,43.1481,45.9019,11911.0000,0.0000,0.0000,0.1783,0.1763,0.2039,0.1639,0.0840,0.1030,0.1036,0.1215,
su-583437,Алатырь,Alatyr’,russia,54.8421,46.5813,40074.0000,1.0000,1.0000,0.6251,0.7119,0.7072,0.8385,0.4775,0.5747,0.5828,0.4129,
su-553216,Канаш,Kanash,russia,55.5096,47.4913,33638.0000,1.0000,0.0000,0.5540,0.6249,0.6048,0.3185,0.3961,0.4430,0.4385,0.1629,
su-569696,Чебоксары,Cheboksary,russia,56.1322,47.2460,104374.0000,0.0000,0.0000,0.8929,0.9086,0.8392,0.8765,0.8487,0.8252,0.7313,0.9292,
su-493463,Шумерля,Shumerlya,russia,55.5005,46.4129,30213.0000,0.0000,0.0000,0.5091,0.5066,0.5015,0.5914,0.3485,0.3479,0.3470,0.2625,
su-561762,Гаврилов-Ям,Gavrilov-Yam,russia,57.3026,39.8526,21314.0000,0.0000,0.0000,0.3651,0.3719,0.3807,0.3293,0.2277,0.2715,0.2798,0.1311,
su-567183,Данилов,Danilov,russia,58.1908,40.1708,16902.0000,1.0000,1.0000,0.2801,0.3271,0.3476,0.4821,0.1668,0.2074,0.2196,0.0886,
su-511359,Переславль-Залесский,Pereslavl’-Zalesskiy,russia,56.7391,38.8597,23137.0000,0.0000,0.0000,0.3977,0.5006,0.5205,0.2550,0.2527,0.3609,0.3850,0.1954,
su-501183,Ростов,Rostov Veliky,russia,57.1908,39.4131,29230.0000,1.0000,1.0000,0.4946,0.5684,0.5863,0.6059,0.3332,0.5091,0.5349,0.3656,
su-500004,Щербаков,Rybinsk,russia,58.0456,38.8381,181685.0000,1.0000,1.0000,0.9550,0.9723,0.9762,0.9888,0.9134,0.9643,0.9775,0.9957,
su-480122,Тутаев,Tutayev,russia,57.8729,39.5297,17210.0000,0.0000,0.0000,0.2863,0.3083,0.3427,0.3756,0.1711,0.2953,0.3200,0.0621,
su-479532,Углич,Uglich,russia,57.5232,38.3226,28890.0000,1.0000,1.0000,0.4897,0.4413,0.4539,0.6732,0.3288,0.2194,0.2386,0.1020,
su-468902,Ярославль,Yaroslavl,russia,57.6299,39.8737,407071.0000,1.0000,1.0000,0.9880,0.9931,0.9918,0.9915,0.9759,0.9902,0.9877,0.9950,
su-523392,Нарьян-Мар,Nar'yan-Mar,russia,67.6387,53.0037,13222.0000,1.0000,0.0000,0.2088,0.5037,0.3786,0.2947,0.1005,0.1159,0.0646,0.0498,
su-1503772,Ханты-Мансийск,Khanty-Mansiysk,russia,61.0019,69.0273,20677.0000,0.0000,0.0000,0.3447,0.5449,0.3947,0.4330,0.2190,0.1556,0.0916,0.0754,
su-539817,Кудымкар,Kudymkar,russia,59.0152,54.6532,21801.0000,0.0000,0.0000,0.3740,0.4184,0.4412,0.3007,0.2344,0.2257,0.2472,0.2259,
su-506090,Ленино,Lenino,russia,55.2862,47.1991,19146.0000,0.0000,0.0000,0.3251,0.3920,0.2841,0.0977,0.1839,0.2479,0.2334,0.0974,
su-532530,Люблинский,Lyublinskiy,russia,48.5833,41.2833,10332.0000,0.0000,0.0000,0.1452,0.1391,0.0872,0.0873,0.0734,0.0530,0.0524,0.0935,
su-826150,Очаково,Ochakovo,russia,54.6556,22.2156,20233.0000,0.0000,0.0000,0.3458,0.2021,0.1543,0.0488,0.2001,0.0748,0.0755,0.0360,
su-451869,Сабурово,Saburovo,russia,57.0159,34.0620,12530.0000,0.0000,0.0000,0.1946,0.1457,0.1061,0.2446,0.1034,0.0625,0.0680,0.0642,
su-825586,Тушино,Tushino,russia,54.9962,22.1834,89885.0000,0.0000,0.0000,0.8664,0.8475,0.8695,0.8450,0.8086,0.7602,0.7961,0.7936,
su-1514900,Бобоҷон Ғафуров,Ghafurov,tajikistan,40.2157,69.7287,14985.0000,0.0000,0.0000,0.2490,0.1205,0.1431,0.0591,0.1320,0.0568,0.0664,0.0373,
su-1514913,Бӯстон (Чкалов),Bŭston,tajikistan,40.5229,69.3331,17082.0000,0.0000,0.0000,0.2861,0.1848,0.2234,0.0816,0.1645,0.0893,0.0955,0.0469,
su-1220253,Истаравшан,Istaravshan,tajikistan,39.9142,69.0033,23839.0000,0.0000,0.0000,0.4260,0.6120,0.6145,0.2872,0.2558,0.3881,0.3925,0.1067,
su-1514829,Истиқлол (Табошар),Istiqlol,tajikistan,40.5702,69.6418,11283.0000,0.0000,0.0000,0.1692,0.0377,0.0405,0.0927,0.0877,0.0132,0.0118,0.0182,
su-1514896,Исфара,Isfara,tajikistan,40.1265,70.6253,13590.0000,0.0000,0.0000,0.2186,0.2473,0.2643,0.0996,0.1053,0.1423,0.1440,0.0707,
su-1514891,Конибодом,Konibodom,tajikistan,40.2941,70.4312,17486.0000,0.0000,0.0000,0.3023,0.2897,0.3056,0.3574,0.1663,0.1797,0.1911,0.0841,
su-1220798,Панҷакент,Panjakent,tajikistan,39.4952,67.6093,10829.0000,0.0000,0.0000,0.1587,0.1617,0.1872,0.0625,0.0792,0.0924,0.1050,0.0726,
su-1514879,Хуҷанд,Khujand,tajikistan,40.2826,69.6222,77465.0000,0.0000,0.0000,0.8517,0.8723,0.7908,0.8293,0.7312,0.7826,0.6736,0.6357,
su-1514831,Шӯроб,Shŭrob,tajikistan,40.0461,70.5412,10177.0000,0.0000,0.0000,0.1448,0.0886,0.1041,0.0676,0.0637,0.0332,0.0331,0.0454,
su-1220747,Бохтар (Қӯрғонтеппа),Bokhtar,tajikistan,37.8365,68.7776,23560.0000,1.0000,0.0000,0.4210,0.3611,0.2142,0.3769,0.2503,0.2207,0.1124,0.0658,
su-1221297,Зарнисор (Киров),Kirov,tajikistan,37.8191,68.8590,10281.0000,0.0000,0.0000,0.1470,0.0974,0.0799,0.1429,0.0648,0.0382,0.0375,0.1177,
su-1221194,Кӯлоб,Kŭlob,tajikistan,37.9146,69.7845,23455.0000,0.0000,0.0000,0.4191,0.4139,0.4399,0.4347,0.2487,0.1957,0.2071,0.1312,
su-1220855,Ваҳдат,Vahdat,tajikistan,38.5563,69.0135,13108.0000,0.0000,0.0000,0.2081,0.1240,0.1426,0.1611,0.0990,0.0579,0.0595,0.0183,
su-1282601,Турсунзода,Tursunzoda,tajikistan,38.5127,68.2316,13532.0000,0.0000,0.0000,0.2173,0.1703,0.1893,0.0504,0.1128,0.0742,0.0820,0.0129,
su-1221874,Душанбе,Dushanbe,tajikistan,38.5358,68.7790,224242.0000,1.0000,1.0000,0.9732,0.9750,0.9971,0.9736,0.9462,0.9514,0.9989,0.9859,
su-161616,Nebitdag,Balkanabat,turkmenistan,39.5108,54.3671,32903.0000,0.0000,0.0000,0.5386,0.4453,0.3209,0.4374,0.3852,0.1452,0.0749,0.0769,
su-161931,Gyzylarbat,Gyzylarbat,turkmenistan,38.9764,56.2758,16199.0000,0.0000,0.0000,0.2667,0.4627,0.4555,0.6848,0.1523,0.2148,0.1923,0.3912,
su-601594,Krasnowodsk,Türkmenbaşy,turkmenistan,40.0222,52.9552,39272.0000,1.0000,1.0000,0.6091,0.6974,0.6629,0.8422,0.4586,0.4346,0.4402,0.6325,
su-601734,Daşoguz,Daşoguz,turkmenistan,41.8362,59.9666,37869.0000,0.0000,0.0000,0.6022,0.7253,0.6434,0.8474,0.4349,0.3214,0.1857,0.1040,
su-1219649,Çärjew,Türkmenabat,turkmenistan,39.0733,63.5786,66112.0000,1.0000,0.0000,0.7946,0.9028,0.8715,0.8056,0.6728,0.7568,0.6141,0.8026,
su-1219762,Baýramaly,Bayramaly,turkmenistan,37.6185,62.1671,24156.0000,0.0000,0.0000,0.4159,0.6246,0.5992,0.1551,0.2593,0.3534,0.3495,0.1721,
su-1218667,Mary,Mary,turkmenistan,37.5938,61.8303,48125.0000,0.0000,0.0000,0.6940,0.8535,0.7166,0.5331,0.5639,0.6846,0.5206,0.5516,
su-688105,Євпаторія,Yevpatoriya,ukraine,45.2009,33.3665,56992.0000,0.0000,0.0000,0.7509,0.8117,0.8369,0.8679,0.6123,0.7268,0.7690,0.7159,
su-713513,Алушта,Alushta,ukraine,44.6773,34.4097,13193.0000,0.0000,0.0000,0.2048,0.1953,0.2212,0.2825,0.1119,0.1257,0.1262,0.0823,
su-712969,Бахчисарай,Bakhchysaray,ukraine,44.7552,33.8578,10852.0000,1.0000,1.0000,0.1565,0.2095,0.2339,0.3722,0.0825,0.1195,0.1164,0.1007,
su-707777,Гвардійське,Hvardiyske,ukraine,45.1169,34.0219,11414.0000,0.0000,0.0000,0.1680,0.0734,0.0619,0.0824,0.0893,0.0619,0.0666,0.1048,
su-709334,Джанкой,Dzhankoy,ukraine,45.7131,34.3927,28457.0000,1.0000,1.0000,0.4840,0.5928,0.6167,0.7462,0.3223,0.3509,0.3812,0.4125,
su-706524,Керч,Kerch,ukraine,45.3567,36.4754,98769.0000,1.0000,1.0000,0.8837,0.9507,0.9620,0.9898,0.8033,0.9098,0.9362,0.9880,
su-694910,Саки,Saky,ukraine,45.1342,33.6000,18122.0000,0.0000,0.0000,0.3052,0.2226,0.2208,0.2677,0.1790,0.1392,0.1191,0.3103,
su-693805,Сімферополь,Simferopol,ukraine,44.9572,34.1108,187623.0000,1.0000,1.0000,0.9571,0.9746,0.9833,0.9852,0.9253,0.9637,0.9778,0.9929,
su-709161,Феодосія,Feodosiya,ukraine,45.0320,35.3815,46327.0000,1.0000,1.0000,0.6803,0.7910,0.8125,0.8437,0.5247,0.6782,0.7174,0.7848,
su-688533,Ялта,Yalta,ukraine,44.5022,34.1662,43994.0000,1.0000,1.0000,0.6611,0.7009,0.7299,0.7000,0.5024,0.5945,0.6338,0.6487,
su-708901,Гайсин,Haysyn,ukraine,48.8129,29.3792,17680.0000,0.0000,0.0000,0.2965,0.3420,0.3664,0.1528,0.1775,0.2528,0.2795,0.0349,
su-691016,Тульчин,Tulchyn,ukraine,48.6740,28.8685,12492.0000,0.0000,0.0000,0.1903,0.2435,0.2735,0.2704,0.1079,0.1945,0.2274,0.0829,
su-698709,Ігрень,Ihren,ukraine,48.4761,35.1584,18203.0000,0.0000,0.0000,0.3077,0.1351,0.1378,0.0502,0.1848,0.1018,0.1001,0.0316,
su-707601,Інгулець,Inhulets,ukraine,47.7301,33.2519,12336.0000,0.0000,0.0000,0.1907,0.0465,0.0497,0.0486,0.1059,0.0154,0.0166,0.0331,
su-713245,Апостолове,Apostolove,ukraine,47.6598,33.7195,12397.0000,1.0000,1.0000,0.1919,0.2002,0.1853,0.3388,0.1066,0.1383,0.1270,0.1284,
su-690411,Васильківка,Vasylkivka,ukraine,48.2082,36.0221,14133.0000,0.0000,0.0000,0.2273,0.2441,0.1697,0.1367,0.1293,0.1576,0.1063,0.0850,
su-689808,Верхівцеве,Verkhivtseve,ukraine,48.4813,34.2400,15975.0000,1.0000,1.0000,0.2643,0.2079,0.1892,0.0870,0.1542,0.1420,0.1264,0.0855,
su-689697,Веселі Терни,Veseli Terny,ukraine,48.1017,33.5576,10043.0000,0.0000,0.0000,0.1442,0.1504,0.1142,0.2517,0.0775,0.1215,0.0932,0.2171,
su-709930,Дніпро (Дніпропетровськ),Dnipro,ukraine,48.4666,35.0407,661547.0000,1.0000,1.0000,0.9936,0.9973,0.9970,0.9908,0.9892,0.9973,0.9973,0.9929,
su-687196,Жовті Води,Zhovti Vody,ukraine,48.3452,33.4974,32406.0000,0.0000,0.0000,0.5324,0.3171,0.2966,0.2411,0.3724,0.1544,0.1441,0.1040,
su-709932,Кам'янське (Дніпродзержинськ),Kamyanske,ukraine,48.5172,34.6062,194188.0000,1.0000,1.0000,0.9548,0.9719,0.9801,0.9848,0.9218,0.9687,0.9807,0.9880,
su-703845,Кривий Ріг,Kryvyy Rih,ukraine,47.9057,33.3940,387579.0000,1.0000,1.0000,0.9849,0.9889,0.9934,0.9763,0.9739,0.9790,0.9901,0.9806,
su-701855,Марганець,Marhanets,ukraine,47.6309,34.6245,34422.0000,0.0000,0.0000,0.5569,0.5368,0.4972,0.4174,0.3963,0.4424,0.4052,0.4164,
su-700051,Нікополь,Nikopol,ukraine,47.5683,34.3913,82992.0000,1.0000,1.0000,0.8408,0.8797,0.9022,0.9883,0.7404,0.8430,0.8786,0.9356,
su-695965,П'ятихатки,Pyatykhatky,ukraine,48.4082,33.7092,21359.0000,1.0000,1.0000,0.3658,0.3432,0.3071,0.4777,0.2284,0.2376,0.2073,0.2139,
su-697889,Павлоград,Pavlohrad,ukraine,48.5321,35.8688,45827.0000,1.0000,1.0000,0.6671,0.7166,0.7326,0.8915,0.5142,0.5673,0.5910,0.7492,
su-698436,Покров (Орджонікідзе),Pokrov,ukraine,47.6536,34.1149,17523.0000,0.0000,0.0000,0.2946,0.1506,0.1413,0.1381,0.1754,0.0637,0.0593,0.0709,
su-696943,Підгороднє (Підгородне),Pidhorodnye,ukraine,48.5742,35.0970,13262.0000,0.0000,0.0000,0.2096,0.2000,0.1869,0.0403,0.1177,0.1792,0.1505,0.0216,
su-699445,Самар (Новомосковськ),Samar,ukraine,48.6289,35.2589,44243.0000,1.0000,1.0000,0.6543,0.6401,0.6828,0.4681,0.5092,0.5704,0.6048,0.4466,
su-693796,Синельникове,Synelnykove,ukraine,48.3236,35.5261,28026.0000,1.0000,1.0000,0.4733,0.5039,0.5360,0.3529,0.3178,0.4240,0.4512,0.3079,
su-691832,Таромське,Taromske,ukraine,48.4428,34.7885,11052.0000,0.0000,0.0000,0.1645,0.1398,0.1047,0.1434,0.0897,0.1157,0.0867,0.2693,
su-691605,Терни,Terny,ukraine,48.1451,33.5583,13213.0000,0.0000,0.0000,0.2086,0.0862,0.0850,0.1249,0.1172,0.0359,0.0353,0.0317,
su-688148,Єнакієве,Yenakiyeve,ukraine,48.2386,38.2040,92306.0000,1.0000,1.0000,0.8862,0.9016,0.9112,0.9199,0.8163,0.9055,0.9136,0.9060,
su-707679,Іловайськ,Ilovays’k,ukraine,47.9250,38.2024,21947.0000,1.0000,1.0000,0.3913,0.3506,0.3377,0.1290,0.2259,0.2693,0.2480,0.0788,
su-713122,Авдіївка,Avdiyivka,ukraine,48.1402,37.7501,18206.0000,1.0000,1.0000,0.3173,0.3018,0.2853,0.0622,0.1700,0.2419,0.2170,0.0650,
su-713504,Амвросіївка,Amvrosiyivka,ukraine,47.7906,38.4785,20037.0000,0.0000,0.0000,0.3544,0.3587,0.3449,0.4885,0.1972,0.2544,0.2348,0.2618,
su-713174,Бахмут (Артемівськ),Bakhmut,ukraine,48.5942,37.9989,60626.0000,0.0000,0.0000,0.7698,0.7958,0.8096,0.7395,0.6388,0.7759,0.7992,0.7210,
su-688073,Бунге (Юнокомунарівськ),Bunhe,ukraine,48.2214,38.2837,17669.0000,0.0000,0.0000,0.3062,0.2430,0.2359,0.0760,0.1621,0.1694,0.1532,0.0472,
su-688900,Войкове,Voikove,ukraine,48.0098,37.9978,18261.0000,0.0000,0.0000,0.3185,0.2135,0.1500,0.0378,0.1708,0.1583,0.1394,0.0257,
su-689198,Волноваха,Volnovakha,ukraine,47.6008,37.4936,20199.0000,1.0000,1.0000,0.3576,0.3489,0.3571,0.5758,0.1996,0.2540,0.2527,0.3804,
su-690822,Вуглегірськ,Vuhlehirsk,ukraine,48.3149,38.2718,13489.0000,0.0000,0.0000,0.2164,0.0870,0.0930,0.0303,0.1040,0.0432,0.0397,0.0185,
su-707753,Горлівка,Horlivka,ukraine,48.2999,38.0171,292616.0000,1.0000,1.0000,0.9830,0.9777,0.9872,0.9822,0.9754,0.9775,0.9862,0.9459,
su-708395,Гірник,Hirnyk,ukraine,48.0573,37.3716,14216.0000,0.0000,0.0000,0.2323,0.1165,0.1311,0.1033,0.1136,0.0466,0.0463,0.0596,
su-710229,Дебальцеве,Debaltseve,ukraine,48.3359,38.4026,33847.0000,1.0000,1.0000,0.5770,0.6156,0.6014,0.1875,0.3989,0.5656,0.5474,0.3104,
su-709900,Добропілля,Dobropillya,ukraine,48.4667,37.0857,23666.0000,0.0000,0.0000,0.4229,0.2502,0.2568,0.0396,0.2519,0.1500,0.1433,0.0743,
su-709835,Докучаєвськ,Dokuchayevsk,ukraine,47.7522,37.6776,16847.0000,0.0000,0.0000,0.2889,0.2354,0.2314,0.2274,0.1502,0.1462,0.1335,0.1351,
su-709717,Донецьк,Donetsk,ukraine,48.0230,37.8022,704821.0000,1.0000,1.0000,0.9962,0.9965,0.9963,0.9584,0.9952,0.9975,0.9971,0.9610,
su-616743,Дружківка,Druzhkivka,ukraine,48.6200,37.5254,43124.0000,1.0000,1.0000,0.6533,0.5549,0.5501,0.5727,0.4931,0.5861,0.5794,0.2866,
su-687237,Жданівка,Zhdanivka,ukraine,48.1532,38.2569,12512.0000,0.0000,0.0000,0.1951,0.0904,0.1059,0.0666,0.0914,0.0378,0.0383,0.0324,
su-713176,Залізне (Артемове),Zalizne,ukraine,48.3708,37.8855,11201.0000,0.0000,0.0000,0.1667,0.1534,0.1555,0.0355,0.0754,0.1020,0.0919,0.0453,
su-686818,Зугрес,Zuhres,ukraine,48.0143,38.2660,13433.0000,0.0000,0.0000,0.2152,0.1992,0.1954,0.0575,0.1032,0.1317,0.1184,0.0548,
su-697153,Кальміуське (Комсомольське),Kalmiuske,ukraine,47.2420,37.7925,15428.0000,0.0000,0.0000,0.2585,0.1626,0.1654,0.3036,0.1302,0.0877,0.0807,0.0400,
su-705104,Костянтинівка,Kostyantynivka,ukraine,48.5273,37.7059,88723.0000,1.0000,1.0000,0.8791,0.9062,0.9148,0.9601,0.8048,0.9084,0.9163,0.9038,
su-704508,Краматорськ,Kramatorsk,ukraine,48.7311,37.5678,115385.0000,1.0000,1.0000,0.9081,0.9362,0.9435,0.9776,0.8455,0.9194,0.9385,0.9709,
su-704193,Красний Октябр,Krasnyy Oktyabr’,ukraine,48.2500,38.2000,11156.0000,0.0000,0.0000,0.1657,0.1464,0.1068,0.0406,0.0749,0.0947,0.0846,0.0624,
su-704184,Красний Профінтерн,Krasnyy Profintern,ukraine,48.2667,38.1833,11939.0000,0.0000,0.0000,0.1826,0.1506,0.1082,0.0381,0.0843,0.0988,0.0875,0.0541,
su-704393,Красногорівка,Krasnohorivka,ukraine,48.0046,37.5069,17553.0000,0.0000,0.0000,0.3037,0.2723,0.2626,0.1036,0.1605,0.1980,0.1796,0.0744,
su-695357,Курахове,Kurakhove,ukraine,47.9847,37.2807,10799.0000,1.0000,1.0000,0.1580,0.1110,0.1203,0.0986,0.0707,0.0546,0.0513,0.0622,
su-538992,Курахівка,Kurakhivka,ukraine,48.0306,37.3725,14325.0000,0.0000,0.0000,0.2346,0.1755,0.1263,0.1528,0.1151,0.1011,0.0907,0.0593,
su-13607720,Кіндратівський,Kindrativskyi,ukraine,48.3028,38.0547,14773.0000,0.0000,0.0000,0.2444,0.1484,0.1030,0.0267,0.1211,0.1079,0.0930,0.0192,
su-704204,Лиман (Красний Лиман),Lyman,ukraine,48.9901,37.8084,28911.0000,1.0000,1.0000,0.4900,0.4965,0.4859,0.4475,0.3253,0.4319,0.4129,0.3885,
su-702320,Макіївка,Makiyivka,ukraine,48.0478,37.9258,357575.0000,1.0000,1.0000,0.9879,0.9880,0.9932,0.9522,0.9830,0.9906,0.9944,0.9466,
su-701822,Маріуполь,Mariupol,ukraine,47.0951,37.5413,283570.0000,1.0000,1.0000,0.9820,0.9890,0.9936,0.9898,0.9739,0.9872,0.9924,0.9901,
su-710035,Мирноград (Димитров),Myrnohrad,ukraine,48.3099,37.2651,15343.0000,0.0000,0.0000,0.2567,0.2186,0.2173,0.0721,0.1290,0.1362,0.1253,0.0596,
su-700700,Моспине,Mospyne,ukraine,47.8901,38.0638,18002.0000,0.0000,0.0000,0.3131,0.2869,0.2743,0.1228,0.1670,0.2186,0.1974,0.0644,
su-699956,Нижня Кринка,Nyzhnya Krynka,ukraine,48.1138,38.1596,11833.0000,0.0000,0.0000,0.1803,0.1005,0.0751,0.0711,0.0830,0.0552,0.0500,0.0510,
su-9111982,Новий Донбас,Novyi Donbas,ukraine,48.4495,37.1796,16250.0000,0.0000,0.0000,0.2762,0.2608,0.2551,0.1049,0.1417,0.1760,0.1613,0.2077,
su-699557,Новогродівка,Novohrodivka,ukraine,48.2005,37.3388,14296.0000,0.0000,0.0000,0.2340,0.1184,0.1335,0.0344,0.1147,0.0470,0.0469,0.0253,
su-699609,Новоекономічне,Novoekonomichne,ukraine,48.3317,37.3294,36020.0000,0.0000,0.0000,0.6031,0.5394,0.5423,0.7018,0.4275,0.4348,0.4280,0.2772,
su-697771,Пелагіївка,Pelahiivka,ukraine,48.1075,38.6134,13860.0000,1.0000,1.0000,0.2245,0.1395,0.1028,0.0172,0.1088,0.0751,0.0685,0.0187,
su-704422,Покровськ (Красноармійськ),Pokrovsk,ukraine,48.2801,37.1771,47974.0000,1.0000,1.0000,0.7142,0.6990,0.7230,0.7829,0.5624,0.6355,0.6587,0.7309,
su-705821,Північне (Кірове),Pivnichne,ukraine,48.3978,37.9094,17199.0000,0.0000,0.0000,0.2963,0.2484,0.1756,0.0294,0.1553,0.1835,0.1625,0.0400,
su-695581,Родинське,Rodynske,ukraine,48.3541,37.2064,11863.0000,0.0000,0.0000,0.1810,0.0916,0.1101,0.0551,0.0834,0.0353,0.0368,0.0525,
su-694677,Селидове,Selydove,ukraine,48.1465,37.3022,12949.0000,0.0000,0.0000,0.2046,0.1491,0.1539,0.0180,0.0970,0.0812,0.0749,0.0133,
su-693468,Слов'янськ,Slovyansk,ukraine,48.8497,37.5974,82784.0000,1.0000,1.0000,0.8496,0.8298,0.8285,0.9330,0.7535,0.8604,0.8702,0.8618,
su-693381,Сніжне,Snizhne,ukraine,48.0233,38.7621,25674.0000,0.0000,0.0000,0.4578,0.4238,0.4168,0.2349,0.2821,0.3262,0.3105,0.0762,
su-706756,Софіївка (Карло-Марксове),Sofiyivka,ukraine,48.2638,38.1593,12082.0000,0.0000,0.0000,0.1857,0.1522,0.1088,0.0406,0.0861,0.1016,0.0896,0.0425,
su-694410,Сєверне,Syeverne,ukraine,48.0956,38.6836,13664.0000,0.0000,0.0000,0.2202,0.1578,0.1157,0.0206,0.1063,0.0895,0.0815,0.0158,
su-694403,Сіверськ,Siversk,ukraine,48.8648,38.0968,11948.0000,0.0000,0.0000,0.1783,0.1284,0.1518,0.1778,0.0927,0.0855,0.0839,0.1007,
su-709354,Торецьк (Дзержинськ),Toretsk,ukraine,48.3948,37.8478,44835.0000,0.0000,0.0000,0.6897,0.6637,0.6625,0.4162,0.5306,0.6251,0.6177,0.4122,
su-706466,Харцизьк,Khartsyzk,ukraine,48.0428,38.1403,33641.0000,1.0000,1.0000,0.5744,0.4394,0.4408,0.1074,0.3961,0.3569,0.3445,0.1084,
su-706331,Холодна Балка,Kholodna Balka,ukraine,47.9941,38.0353,17986.0000,0.0000,0.0000,0.3128,0.1700,0.1219,0.0198,0.1668,0.1107,0.0988,0.0075,
su-705797,Хрестівка (Кіровське),Khrestivka,ukraine,48.1497,38.3594,16314.0000,0.0000,0.0000,0.2776,0.1330,0.1471,0.0612,0.1426,0.0566,0.0555,0.0449,
su-710915,Часів Яр,Chasiv Yar,ukraine,48.5877,37.8341,23330.0000,0.0000,0.0000,0.4010,0.4019,0.3962,0.4186,0.2486,0.3682,0.3419,0.3937,
su-710806,Черевківка,Cherevkivka,ukraine,48.8301,37.6410,15092.0000,0.0000,0.0000,0.2433,0.0718,0.0408,0.0106,0.1335,0.0637,0.0516,0.0111,
su-691374,Чистякове (Торез),Chystyakove,ukraine,48.0388,38.5969,91549.0000,0.0000,0.0000,0.8847,0.8756,0.8927,0.7931,0.8140,0.8544,0.8708,0.7506,
su-694382,Шахтарськ,Shakhtarsk,ukraine,48.0566,38.4383,37687.0000,0.0000,0.0000,0.6218,0.3529,0.3770,0.2507,0.4486,0.1708,0.1682,0.0559,
su-688373,Ясинувата,Yasynuvata,ukraine,48.1268,37.8592,31673.0000,1.0000,1.0000,0.5487,0.4361,0.4308,0.1630,0.3691,0.3746,0.3565,0.0868,
su-712451,Бердянськ,Berdyansk,ukraine,46.7558,36.7882,65249.0000,1.0000,1.0000,0.8100,0.8758,0.8908,0.8868,0.6972,0.8104,0.8348,0.7846,
su-686729,Василівка,Vasylivka,ukraine,47.4422,35.2821,11009.0000,0.0000,0.0000,0.1637,0.1315,0.1702,0.1005,0.0892,0.0722,0.0950,0.0662,
su-707898,Гуляйполе,Hulyaypole,ukraine,47.6668,36.2558,17220.0000,0.0000,0.0000,0.2968,0.3430,0.3544,0.3131,0.1556,0.2253,0.2267,0.0292,
su-687700,Запоріжжя,Zaporizhzhya,ukraine,47.8517,35.1171,434638.0000,1.0000,1.0000,0.9874,0.9941,0.9928,0.9878,0.9784,0.9921,0.9909,0.9930,
su-707026,Кам'янка-Дніпровська,Kamyanka-Dniprovska,ukraine,47.4963,34.4103,13841.0000,0.0000,0.0000,0.2214,0.2414,0.2216,0.2137,0.1255,0.1718,0.1553,0.1287,
su-701404,Мелітополь,Melitopol,ukraine,46.8473,35.3820,94670.0000,1.0000,1.0000,0.8675,0.9257,0.9400,0.9749,0.7803,0.8935,0.9204,0.9782,
su-701233,Михайлівка,Mykhaylivka,ukraine,47.2686,35.2221,14023.0000,0.0000,0.0000,0.2250,0.3109,0.2191,0.2748,0.1279,0.2494,0.1718,0.0323,
su-700848,Молочанськ,Molochansk,ukraine,47.2041,35.5979,10771.0000,0.0000,0.0000,0.1588,0.2219,0.2117,0.4592,0.0863,0.1605,0.1539,0.2458,
su-698428,Оріхів,Orikhiv,ukraine,47.5761,35.7833,12945.0000,0.0000,0.0000,0.2031,0.2148,0.2542,0.1315,0.1137,0.1369,0.1630,0.0337,
su-696677,Пологи,Polohy,ukraine,47.4787,36.2546,16490.0000,1.0000,0.0000,0.2813,0.3013,0.3162,0.4678,0.1451,0.1826,0.1847,0.0606,
su-691469,Токмак,Tokmak,ukraine,47.2555,35.7084,28575.0000,0.0000,0.0000,0.4812,0.5951,0.5449,0.7175,0.3248,0.5191,0.4689,0.3618,
su-707565,Ірпінь,Irpin,ukraine,50.5220,30.2404,18186.0000,0.0000,0.0000,0.3064,0.1639,0.1645,0.0373,0.1845,0.1154,0.1055,0.0675,
su-712389,Березань,Berezan,ukraine,50.3107,31.4677,12050.0000,0.0000,0.0000,0.1811,0.1639,0.1688,0.2973,0.1022,0.1085,0.1016,0.0351,
su-711660,Бориспіль,Boryspil,ukraine,50.3505,30.9526,17180.0000,0.0000,0.0000,0.2865,0.2718,0.2909,0.4785,0.1707,0.2173,0.2414,0.0463,
su-711515,Боярка,Boyarka,ukraine,50.3191,30.2973,19465.0000,0.0000,0.0000,0.3313,0.2068,0.2047,0.1349,0.2022,0.1624,0.1469,0.1543,
su-711390,Бровари,Brovary,ukraine,50.5110,30.7911,17824.0000,0.0000,0.0000,0.2993,0.1912,0.2153,0.0868,0.1795,0.1592,0.1868,0.1386,
su-712165,Біла Церква,Bila Tserkva,ukraine,49.7994,30.1165,70633.0000,0.0000,0.0000,0.8121,0.8475,0.8727,0.9340,0.6854,0.7813,0.8208,0.5993,
su-690412,Васильків,Vasylkiv,ukraine,50.1802,30.3119,20450.0000,0.0000,0.0000,0.3499,0.3306,0.3128,0.6664,0.2158,0.2704,0.2344,0.1516,
su-697637,Переяслав (Переяслав-Хмельницький),Pereiaslav,ukraine,50.0674,31.4497,14361.0000,0.0000,0.0000,0.2290,0.2545,0.2403,0.1620,0.1324,0.0992,0.0829,0.0410,
su-693615,Сквира,Skvyra,ukraine,49.7340,29.6635,12781.0000,0.0000,0.0000,0.1963,0.2819,0.2702,0.0394,0.1116,0.1332,0.1148,0.0463,
su-690545,Узин,Uzyn,ukraine,49.8248,30.4249,12255.0000,0.0000,0.0000,0.1854,0.1424,0.1491,0.1772,0.1048,0.0898,0.0855,0.0412,
su-709248,Фастів,Fastiv,ukraine,50.0780,29.9196,30240.0000,1.0000,1.0000,0.5095,0.5238,0.5486,0.8756,0.3459,0.4102,0.4418,0.3028,
su-688587,Яготин,Yahotyn,ukraine,50.2754,31.7634,13950.0000,0.0000,0.0000,0.2205,0.1469,0.1515,0.1160,0.1269,0.0658,0.0608,0.0095,
su-711989,Бобринець,Bobrynets,ukraine,48.0567,32.1655,13056.0000,0.0000,0.0000,0.2070,0.2339,0.2486,0.1546,0.1152,0.1052,0.1200,0.0182,
su-708898,Гайворон,Hayvoron,ukraine,48.3432,29.8659,13119.0000,0.0000,0.0000,0.2083,0.2695,0.2889,0.3967,0.1160,0.1141,0.1300,0.0307,
su-709782,Долинська,Dolynska,ukraine,48.1172,32.7769,14156.0000,1.0000,0.0000,0.2277,0.2278,0.2070,0.2977,0.1296,0.1502,0.1343,0.0293,
su-687076,Жовтневе,Lebedyne,ukraine,48.1083,32.5915,13463.0000,0.0000,0.0000,0.2137,0.1339,0.1046,0.0380,0.1205,0.0760,0.0587,0.0081,
su-686919,Знам'янка,Znamyanka,ukraine,48.7207,32.6582,22297.0000,1.0000,1.0000,0.3836,0.3612,0.3841,0.6958,0.2413,0.2717,0.2988,0.2294,
su-705812,Кропивницький (Кіровоград),Kropyvnytskyi,ukraine,48.5083,32.2662,128207.0000,1.0000,1.0000,0.9323,0.9637,0.9399,0.9932,0.8549,0.9194,0.8689,0.9937,
su-702147,Мала Виска,Mala Vyska,ukraine,48.6469,31.6323,11362.0000,0.0000,0.0000,0.1669,0.1579,0.1884,0.1386,0.0935,0.1087,0.1368,0.0966,
su-699802,Нова Прага,Nova Praha,ukraine,48.5687,32.9043,10696.0000,0.0000,0.0000,0.1573,0.1807,0.1339,0.1480,0.0847,0.1261,0.1233,0.1782,
su-699078,Новоукраїнка,Novoukrayinka,ukraine,48.3166,31.5236,16921.0000,1.0000,0.0000,0.2904,0.3258,0.3388,0.1437,0.1671,0.2568,0.2845,0.0233,
su-698625,Олександрія,Oleksandriya,ukraine,48.6747,33.1176,35190.0000,1.0000,1.0000,0.5657,0.5596,0.5980,0.7415,0.4127,0.4128,0.4455,0.5667,
su-696581,Помічна,Pomichna,ukraine,48.2398,31.4087,11708.0000,1.0000,0.0000,0.1776,0.1344,0.1466,0.1561,0.0979,0.0695,0.0680,0.1187,
su-692087,Світловодськ,Svitlovodsk,ukraine,49.0629,33.2458,13254.0000,0.0000,0.0000,0.2094,0.1467,0.2001,0.1601,0.1176,0.0687,0.0779,0.1174,
su-691705,Ірміно (Теплогірськ),Irmino,ukraine,48.5990,38.5882,21512.0000,0.0000,0.0000,0.3687,0.2021,0.2124,0.4923,0.2230,0.2594,0.2414,0.4104,
su-713522,Алмазна,Almazna,ukraine,48.5205,38.5804,10685.0000,1.0000,1.0000,0.1556,0.1190,0.1233,0.0310,0.0694,0.0787,0.0709,0.0279,
su-713716,Алчевськ,Alchevsk,ukraine,48.4691,38.7974,97561.0000,1.0000,1.0000,0.8955,0.8740,0.8989,0.8626,0.8315,0.8690,0.8919,0.8724,
su-713259,Антрацит,Antratsyt,ukraine,48.1164,39.0886,24462.0000,1.0000,0.0000,0.4370,0.3760,0.3708,0.1153,0.2639,0.2774,0.2624,0.1509,
su-690524,Боково-Хрустальне (Вахрушеве),Bokovo-Khrustalne,ukraine,48.1512,38.7804,11470.0000,0.0000,0.0000,0.1725,0.1121,0.1206,0.0428,0.0786,0.0574,0.0539,0.0442,
su-703225,Вальянівське (Ленінське),Valyanivske,ukraine,48.0713,39.5533,17551.0000,0.0000,0.0000,0.3037,0.2219,0.1622,0.0857,0.1604,0.1350,0.1234,0.0382,
su-689896,Верхнє,Verkhneye,ukraine,48.8833,38.4667,40163.0000,0.0000,0.0000,0.6257,0.6470,0.6323,0.5725,0.4620,0.5880,0.5772,0.4255,
su-710548,Вознесенівка (Червонопартизанськ),Voznesenivka,ukraine,48.0780,39.7871,20673.0000,0.0000,0.0000,0.3669,0.1825,0.1973,0.1381,0.2067,0.0784,0.0766,0.1111,
su-708273,Гірське,Hirske,ukraine,48.7405,38.4960,17932.0000,0.0000,0.0000,0.3006,0.2315,0.2427,0.1202,0.1725,0.2027,0.1888,0.1241,
su-692105,Довжанськ (Свердловськ),Dovzhansk,ukraine,48.0761,39.6474,62155.0000,0.0000,0.0000,0.7967,0.7811,0.8077,0.8503,0.6774,0.7404,0.7674,0.5587,
su-686956,Зимогір'я,Zymohirya,ukraine,48.5853,38.9375,13938.0000,0.0000,0.0000,0.2195,0.1156,0.1346,0.0793,0.1181,0.0909,0.0883,0.0671,
su-686868,Золоте,Zolote,ukraine,48.6952,38.5151,27592.0000,0.0000,0.0000,0.4704,0.3186,0.3257,0.3505,0.3076,0.3037,0.2940,0.5501,
su-686852,Зоринськ,Zorynsk,ukraine,48.4119,38.6236,12106.0000,0.0000,0.0000,0.1862,0.1006,0.1063,0.0866,0.0863,0.0552,0.0506,0.0333,
su-692975,Кадіївка (Стаханов),Kadiyivka,ukraine,48.5682,38.6435,180205.0000,1.0000,1.0000,0.9544,0.9499,0.9535,0.9822,0.9229,0.9392,0.9549,0.9829,
su-713175,Кипуче (Артемівськ),Kypuche,ukraine,48.4406,38.7320,15753.0000,0.0000,0.0000,0.2655,0.1942,0.1907,0.0310,0.1347,0.1319,0.1186,0.0348,
su-704343,Краснопілля,Krasnopillya,ukraine,50.7739,35.2563,10199.0000,0.0000,0.0000,0.1473,0.1093,0.0826,0.0570,0.0786,0.0484,0.0506,0.0715,
su-704138,Кремінна,Kreminna,ukraine,49.0481,38.2155,25938.0000,0.0000,0.0000,0.4446,0.4332,0.4290,0.4983,0.2850,0.3132,0.3012,0.4064,
su-9114312,Криворіжжя,Kryvorizhzhya,ukraine,48.5509,38.8404,14443.0000,0.0000,0.0000,0.2372,0.2578,0.1794,0.0968,0.1167,0.2042,0.1789,0.0982,
su-704118,Кріпенський,Kripenskyi,ukraine,48.0771,39.0580,12653.0000,0.0000,0.0000,0.1982,0.1406,0.1046,0.0332,0.0932,0.0767,0.0703,0.0345,
su-702972,Лисичанськ,Lysychansk,ukraine,48.9121,38.4209,37878.0000,1.0000,1.0000,0.6023,0.6003,0.5888,0.4583,0.4365,0.5215,0.5127,0.2155,
su-702658,Луганськ,Luhansk,ukraine,48.5681,39.3055,274520.0000,1.0000,1.0000,0.9770,0.9848,0.9827,0.9848,0.9616,0.9837,0.9782,0.9886,
su-702563,Лутугине,Lutuhyne,ukraine,48.4043,39.2130,11375.0000,0.0000,0.0000,0.1704,0.0908,0.0988,0.0629,0.0775,0.0462,0.0431,0.0246,
su-709352,Любимівка (Дзержинський),Lyubymivka,ukraine,48.0464,39.4385,17257.0000,0.0000,0.0000,0.2975,0.2134,0.1559,0.0771,0.1562,0.1284,0.1173,0.0364,
su-699615,Новодружеськ,Novodruzhesk,ukraine,48.9635,38.3520,11511.0000,0.0000,0.0000,0.1693,0.1199,0.1460,0.1640,0.0874,0.0722,0.0726,0.0405,
su-713588,Олександрівськ,Oleksandrivsk,ukraine,48.5861,39.1895,11147.0000,0.0000,0.0000,0.1618,0.0496,0.0675,0.0438,0.0830,0.0490,0.0508,0.0310,
su-697650,Перевальськ,Perevalsk,ukraine,48.4392,38.8284,32385.0000,0.0000,0.0000,0.5582,0.5057,0.4980,0.4013,0.3790,0.4409,0.4237,0.3262,
su-697276,Петрово-Красносілля (Петровське),Petrovo-Krasnosillya,ukraine,48.2966,38.8789,11639.0000,0.0000,0.0000,0.1761,0.1627,0.1660,0.0721,0.0806,0.0998,0.0914,0.0461,
su-696566,Попасна,Popasna,ukraine,48.6317,38.3710,31027.0000,1.0000,1.0000,0.5197,0.4805,0.4724,0.4252,0.3531,0.4633,0.4434,0.4185,
su-696173,Пролетарськ,Proletarsk,ukraine,48.9333,38.3833,26095.0000,0.0000,0.0000,0.4471,0.4929,0.4822,0.2864,0.2871,0.4040,0.3822,0.2347,
su-695379,Ровеньки,Rovenky,ukraine,48.0828,39.3770,32037.0000,0.0000,0.0000,0.5536,0.5329,0.5486,0.4441,0.3742,0.4422,0.4519,0.5595,
su-695274,Рубіжне,Rubizhne,ukraine,49.0085,38.3797,35122.0000,1.0000,1.0000,0.5715,0.5736,0.5624,0.2619,0.4042,0.4669,0.4580,0.1125,
su-692118,Сватове,Svatove,ukraine,49.4093,38.1553,21455.0000,0.0000,0.0000,0.3677,0.4689,0.4908,0.1985,0.2222,0.3187,0.3254,0.0511,
su-697592,Сокологірськ (Первомайськ),Sokolohirsk,ukraine,48.6279,38.5239,43671.0000,0.0000,0.0000,0.6581,0.5374,0.5347,0.3940,0.4986,0.5810,0.5752,0.2658,
su-704403,Сорокине (Краснодон),Sorokyne,ukraine,48.2933,39.7332,37952.0000,0.0000,0.0000,0.6246,0.5942,0.5960,0.8369,0.4518,0.5030,0.4973,0.6716,
su-692953,Станиця Луганська (Станично-Луганське),Stanytsya-Luhanska,ukraine,48.6625,39.4836,11947.0000,1.0000,1.0000,0.1782,0.1225,0.0709,0.0296,0.0927,0.1092,0.0857,0.0240,
su-692832,Старобільськ,Starobilsk,ukraine,49.2788,38.9075,19519.0000,1.0000,0.0000,0.3315,0.3811,0.3927,0.2005,0.1948,0.2648,0.2686,0.0761,
su-692254,Суходільськ,Sukhodilsk,ukraine,48.3508,39.7257,13052.0000,0.0000,0.0000,0.2069,0.1056,0.1232,0.0637,0.0983,0.0405,0.0414,0.0386,
su-691999,Сіверськодонецьк (Сєвєродонецьк),Siverskodonetsk,ukraine,48.9441,38.4875,33180.0000,0.0000,0.0000,0.5479,0.3155,0.3617,0.0949,0.3804,0.2148,0.2452,0.0984,
su-690629,Успенка,Uspenka,ukraine,48.3908,39.1628,10132.0000,1.0000,1.0000,0.1439,0.1225,0.0925,0.0522,0.0632,0.0714,0.0653,0.0605,
su-704202,Хрустальний (Красний Луч),Khrustalnyi,ukraine,48.1424,38.9237,93764.0000,1.0000,1.0000,0.8889,0.8793,0.8967,0.8676,0.8207,0.8601,0.8767,0.9096,
su-710668,Чорнушине (Чорнухине),Chornukhyne,ukraine,48.3228,38.5174,12864.0000,0.0000,0.0000,0.2028,0.1254,0.0926,0.0341,0.0959,0.0683,0.0620,0.0285,
su-688378,Ясенівський,Yasenivskyi,ukraine,48.1639,39.2197,11144.0000,0.0000,0.0000,0.1654,0.0872,0.0683,0.0107,0.0747,0.0397,0.0373,0.0147,
su-688860,Вознесенськ,Voznesensk,ukraine,47.5622,31.3360,31043.0000,0.0000,0.0000,0.5400,0.5788,0.5978,0.8186,0.3558,0.4642,0.4986,0.5819,
su-705960,Жовтневе,Tsvitkove,ukraine,47.6333,31.1833,15729.0000,0.0000,0.0000,0.2650,0.2523,0.2567,0.4782,0.1508,0.1645,0.1481,0.0255,
su-700569,Миколаїв,Mykolayiv,ukraine,46.9763,31.9930,226207.0000,1.0000,1.0000,0.9644,0.9822,0.9743,0.9921,0.9383,0.9695,0.9560,0.9952,
su-698953,Новий Буг,Novyi Buh,ukraine,47.6906,32.5121,15354.0000,1.0000,0.0000,0.2519,0.2823,0.3055,0.2628,0.1457,0.1526,0.1652,0.0211,
su-697593,Первомайськ,Pervomaysk,ukraine,48.0448,30.8478,44330.0000,1.0000,0.0000,0.6854,0.7856,0.8005,0.9264,0.5003,0.5726,0.5993,0.7416,
su-693379,Снігурівка,Snihurivka,ukraine,47.0765,32.8197,13640.0000,0.0000,0.0000,0.2173,0.1462,0.1806,0.1690,0.1228,0.0692,0.0864,0.0306,
su-707308,Ізмаїл,Izmayil,ukraine,45.3506,28.8375,48103.0000,0.0000,0.0000,0.6705,0.7110,0.7381,0.7294,0.5409,0.5523,0.6024,0.5558,
su-713163,Арциз,Artsyz,ukraine,45.9853,29.4329,11344.0000,1.0000,0.0000,0.1697,0.0910,0.1068,0.1139,0.0933,0.0319,0.0330,0.0403,
su-712886,Балта,Balta,ukraine,47.9360,29.6223,17922.0000,0.0000,0.0000,0.3114,0.3935,0.4061,0.2790,0.1809,0.3127,0.3408,0.1716,
su-712312,Березівка,Berezivka,ukraine,47.2004,30.9094,10673.0000,0.0000,0.0000,0.1553,0.1806,0.2037,0.3061,0.0851,0.0903,0.1097,0.0403,
su-711841,Болград,Bolhrad,ukraine,45.6779,28.6181,14053.0000,0.0000,0.0000,0.2208,0.3256,0.3364,0.1614,0.1232,0.1737,0.1750,0.0424,
su-712160,Білгород-Дністровський,Bilhorod-Dnistrovskyi,ukraine,46.1948,30.3483,21832.0000,0.0000,0.0000,0.3892,0.4492,0.4525,0.2503,0.2349,0.3405,0.3626,0.0721,
su-705883,Кілія,Kiliya,ukraine,45.4445,29.2640,20304.0000,0.0000,0.0000,0.3382,0.4496,0.4577,0.6641,0.2098,0.2682,0.2769,0.3606,
su-698740,Одеса,Odesa,ukraine,46.4857,30.7438,667182.0000,1.0000,1.0000,0.9959,0.9985,0.9983,0.9889,0.9893,0.9973,0.9972,0.9918,
su-704679,Подільськ (Котовськ),Podilsk,ukraine,47.7499,29.5307,27383.0000,1.0000,1.0000,0.4856,0.4912,0.4945,0.6924,0.3094,0.3508,0.3167,0.2035,
su-12129128,Рені,Reni,ukraine,45.4542,28.2773,14778.0000,1.0000,1.0000,0.2350,0.3132,0.3271,0.4204,0.1329,0.1578,0.1615,0.1389,
su-709054,Гадяч,Hadyach,ukraine,50.3691,33.9970,11725.0000,0.0000,0.0000,0.1782,0.2377,0.2690,0.0627,0.0976,0.1427,0.1448,0.0422,
su-708753,Глобине,Hlobyne,ukraine,49.3789,33.2756,12504.0000,0.0000,0.0000,0.1941,0.1799,0.1690,0.1969,0.1077,0.0940,0.0838,0.0180,
su-708181,Гребінка,Hrebinka,ukraine,50.1202,32.4297,10650.0000,1.0000,1.0000,0.1524,0.1160,0.1307,0.1240,0.0848,0.0540,0.0555,0.0439,
su-706749,Карлівка,Karlivka,ukraine,49.4555,35.1349,14488.0000,0.0000,0.0000,0.2345,0.2261,0.2626,0.2436,0.1342,0.1550,0.1583,0.0624,
su-704705,Котельва,Kotelva,ukraine,50.0685,34.7470,11984.0000,0.0000,0.0000,0.1835,0.2497,0.2309,0.1276,0.1009,0.1794,0.2017,0.0553,
su-704147,Кременчук,Kremenchuk,ukraine,49.0625,33.4048,86569.0000,1.0000,1.0000,0.8498,0.9251,0.9382,0.9672,0.7649,0.8871,0.9138,0.9339,
su-702723,Лубни,Lubny,ukraine,50.0141,32.9997,29442.0000,1.0000,0.0000,0.4983,0.6127,0.6341,0.3656,0.3359,0.5037,0.5333,0.2654,
su-701075,Миргород,Myrhorod,ukraine,49.9646,33.6086,24646.0000,0.0000,0.0000,0.4215,0.4755,0.5096,0.2007,0.2770,0.3305,0.3485,0.2456,
su-697183,Пирятин,Pyryatyn,ukraine,50.2439,32.5203,15203.0000,1.0000,0.0000,0.2464,0.3154,0.3063,0.0683,0.1437,0.2244,0.1977,0.0267,
su-696643,Полтава,Poltava,ukraine,49.5892,34.5537,143097.0000,1.0000,1.0000,0.9278,0.9686,0.9502,0.9927,0.8845,0.9500,0.9140,0.9853,
su-706289,Хорол,Khorol,ukraine,49.7829,33.2718,12357.0000,0.0000,0.0000,0.1875,0.2191,0.2214,0.1325,0.1061,0.1604,0.1479,0.0758,
su-712559,Білопілля,Bilopillia,ukraine,51.1475,34.3108,17256.0000,0.0000,0.0000,0.2880,0.3797,0.3643,0.1695,0.1717,0.2988,0.2616,0.0958,
su-688961,Ворожба,Vorozhba,ukraine,51.1732,34.2266,10826.0000,1.0000,0.0000,0.1560,0.1718,0.1834,0.0861,0.0869,0.1108,0.1084,0.0547,
su-707758,Глухів,Hlukhiv,ukraine,51.6798,33.9168,22962.0000,0.0000,0.0000,0.3936,0.5151,0.4627,0.0991,0.2503,0.3860,0.3388,0.0657,
su-705135,Конотоп,Konotop,ukraine,51.2325,33.2004,54097.0000,1.0000,1.0000,0.7341,0.8355,0.8562,0.7179,0.5826,0.7481,0.7818,0.4370,
su-704000,Кролевець,Krolevets,ukraine,51.5518,33.3804,13996.0000,0.0000,0.0000,0.2245,0.3351,0.2878,0.1513,0.1275,0.1783,0.1492,0.0427,
su-613273,Лебедин,Lebedyn,ukraine,50.5823,34.4826,24741.0000,0.0000,0.0000,0.4230,0.5106,0.4603,0.1179,0.2783,0.3469,0.3191,0.1243,
su-713749,Охтирка,Okhtyrka,ukraine,50.3085,34.8947,32031.0000,0.0000,0.0000,0.5277,0.6175,0.6474,0.6879,0.3745,0.4862,0.5117,0.3495,
su-695464,Ромни,Romny,ukraine,50.7403,33.4952,40027.0000,0.0000,0.0000,0.6246,0.7454,0.7600,0.8911,0.4578,0.4803,0.5052,0.6436,
su-692194,Суми,Sumy,ukraine,50.9174,34.7991,98015.0000,1.0000,1.0000,0.8738,0.9215,0.8747,0.9782,0.8008,0.8591,0.7601,0.9343,
su-691255,Тростянець,Trostyanets,ukraine,50.4848,34.9657,17992.0000,0.0000,0.0000,0.3037,0.3298,0.2960,0.3355,0.1831,0.1931,0.1723,0.3485,
su-693942,Шостка,Shostka,ukraine,51.8643,33.4728,38884.0000,1.0000,1.0000,0.6052,0.7001,0.7287,0.7691,0.4458,0.5744,0.6129,0.5889,
su-707292,Ізюм,Izyum,ukraine,49.2070,37.2768,37595.0000,1.0000,1.0000,0.5993,0.6706,0.6648,0.5325,0.4333,0.5959,0.6078,0.3216,
su-713428,Андріївка,Andriyivka,ukraine,49.5354,36.6264,13000.0000,0.0000,0.0000,0.2042,0.2304,0.1637,0.1243,0.1142,0.1607,0.1553,0.0542,
su-712926,Балаклія,Balakliya,ukraine,49.4560,36.8443,21325.0000,1.0000,0.0000,0.3652,0.3619,0.3226,0.3297,0.2304,0.2423,0.2179,0.3239,
su-712794,Барвінкове,Barvinkove,ukraine,48.9052,37.0226,13476.0000,1.0000,0.0000,0.2099,0.2602,0.2709,0.4223,0.1121,0.1924,0.1771,0.1137,
su-704388,Берестин (Красноград),Berestyn,ukraine,49.3776,35.4449,15419.0000,1.0000,0.0000,0.2532,0.3253,0.3606,0.3907,0.1470,0.2394,0.2423,0.1178,
su-711894,Богодухів,Bohodukhiv,ukraine,50.1615,35.5237,17754.0000,0.0000,0.0000,0.2991,0.3409,0.3733,0.4554,0.1798,0.2491,0.2521,0.1773,
su-690269,Велика Данилівка,Velyka Danylivka,ukraine,50.0446,36.3339,10229.0000,0.0000,0.0000,0.1479,0.1231,0.0940,0.1738,0.0789,0.1134,0.1082,0.1216,
su-689304,Вовчанськ,Vovchansk,ukraine,50.2908,36.9411,20592.0000,0.0000,0.0000,0.3521,0.4217,0.3740,0.2095,0.2200,0.3223,0.2860,0.1781,
su-698506,Вільшани,Vilshany,ukraine,50.0544,35.8823,10733.0000,0.0000,0.0000,0.1581,0.2011,0.1482,0.2448,0.0851,0.1679,0.1588,0.2662,
su-710098,Дергачі,Derhachi,ukraine,50.1079,36.1209,20967.0000,0.0000,0.0000,0.3589,0.3504,0.3170,0.2063,0.2254,0.3035,0.2655,0.2291,
su-686928,Зміїв,Zmiyiv,ukraine,49.6969,36.3621,11388.0000,0.0000,0.0000,0.1714,0.1433,0.1385,0.0992,0.0933,0.0962,0.0831,0.0909,
su-686895,Золочів,Zolochiv,ukraine,50.2733,35.9776,13017.0000,0.0000,0.0000,0.2046,0.2275,0.2092,0.0444,0.1144,0.1676,0.1424,0.0353,
su-703656,Куп'янськ,Kupyansk,ukraine,49.7100,37.6158,25644.0000,1.0000,1.0000,0.4398,0.5326,0.5548,0.2594,0.2809,0.3568,0.3739,0.3782,
su-702760,Лозова,Lozova,ukraine,48.8907,36.3141,28730.0000,1.0000,1.0000,0.4834,0.5457,0.5791,0.6512,0.3322,0.4026,0.4279,0.5403,
su-702417,Люботин,Liubotyn,ukraine,49.9469,35.9291,31540.0000,1.0000,1.0000,0.5214,0.5334,0.4944,0.4598,0.3683,0.4681,0.4371,0.5046,
su-701347,Мерефа,Merefa,ukraine,49.8211,36.0567,26307.0000,1.0000,1.0000,0.4476,0.4566,0.4183,0.2262,0.2998,0.3928,0.3574,0.1729,
su-699777,Нова Водолага,Nova Vodolaha,ukraine,49.7188,35.8601,13430.0000,0.0000,0.0000,0.2130,0.1084,0.0780,0.0233,0.1199,0.0561,0.0563,0.0102,
su-697488,Пісочин,Pisochyn,ukraine,49.9516,36.1026,11309.0000,0.0000,0.0000,0.1698,0.1528,0.1137,0.1226,0.0923,0.1372,0.1299,0.0904,
su-706483,Харків,Kharkiv,ukraine,49.9818,36.2548,934136.0000,1.0000,1.0000,0.9964,0.9991,0.9990,0.9882,0.9947,0.9989,0.9989,0.9855,
su-710374,Чугуїв,Chuhuyiv,ukraine,49.8354,36.6865,22657.0000,1.0000,0.0000,0.3884,0.3981,0.4331,0.3191,0.2492,0.3076,0.3139,0.1750,
su-712260,Берислав,Beryslav,ukraine,46.8385,33.4266,10507.0000,0.0000,0.0000,0.1535,0.1886,0.2376,0.3143,0.0830,0.1260,0.1623,0.0737,
su-708878,Генічеськ,Henichesk,ukraine,46.1682,34.8086,14420.0000,0.0000,0.0000,0.2331,0.3585,0.3961,0.7767,0.1332,0.2530,0.2827,0.5895,
su-708632,Гола Пристань,Hola Prystan,ukraine,46.5297,32.5241,10772.0000,0.0000,0.0000,0.1589,0.1332,0.1334,0.2390,0.0863,0.1024,0.1029,0.1423,
su-707244,Каховка,Kakhovka,ukraine,46.8160,33.4786,18628.0000,1.0000,1.0000,0.3158,0.3315,0.2987,0.1996,0.1906,0.2273,0.2013,0.0296,
su-699839,Нова Каховка,Nova Kakhovka,ukraine,46.7597,33.3559,19885.0000,0.0000,0.0000,0.3392,0.2075,0.2627,0.3445,0.2080,0.1136,0.1444,0.0895,
su-691037,Олешки (Цюрупинськ),Oleshky,ukraine,46.6255,32.7243,11689.0000,0.0000,0.0000,0.1775,0.1704,0.2136,0.0855,0.0976,0.1597,0.1972,0.0716,
su-706448,Херсон,Kherson,ukraine,46.6369,32.6146,157995.0000,1.0000,1.0000,0.9379,0.9587,0.9420,0.9737,0.8931,0.9421,0.9159,0.9882,
su-690312,Багачеве (Ватутіне),Bahacheve,ukraine,49.0120,31.0466,11946.0000,0.0000,0.0000,0.1790,0.1106,0.1331,0.1543,0.1009,0.0725,0.0780,0.1090,
su-708366,Городище,Horodyshche,ukraine,49.2911,31.4403,16089.0000,0.0000,0.0000,0.2645,0.1565,0.1983,0.0380,0.1557,0.0936,0.1223,0.0638,
su-687245,Жашків,Zhashkiv,ukraine,49.2459,30.0989,11274.0000,0.0000,0.0000,0.1651,0.1902,0.1947,0.1494,0.0924,0.0649,0.0601,0.0369,
su-686803,Звенигородка,Zvenyhorodka,ukraine,49.0776,30.9607,17154.0000,0.0000,0.0000,0.2860,0.3376,0.3633,0.2093,0.1703,0.2385,0.2651,0.0602,
su-686875,Золотоноша,Zolotonosha,ukraine,49.6693,32.0364,24603.0000,0.0000,0.0000,0.4234,0.4964,0.5204,0.2277,0.2726,0.3535,0.3820,0.0838,
su-707052,Кам'янка,Kamyanka,ukraine,49.0395,32.1017,11619.0000,0.0000,0.0000,0.1722,0.1612,0.1913,0.0556,0.0968,0.1063,0.1328,0.0230,
su-704858,Корсунь-Шевченківський,Korsun-Shevchenkivskyi,ukraine,49.4182,31.2517,11517.0000,0.0000,0.0000,0.1701,0.1980,0.2331,0.2271,0.0955,0.1348,0.1665,0.0695,
su-693457,Сміла,Smila,ukraine,49.2330,31.8843,44534.0000,1.0000,1.0000,0.6657,0.7355,0.7600,0.8470,0.5022,0.6317,0.6688,0.9140,
su-691936,Тальне,Talne,ukraine,48.8889,30.6965,12948.0000,0.0000,0.0000,0.1998,0.3099,0.3319,0.0537,0.1137,0.1481,0.1660,0.0866,
su-690688,Умань,Uman,ukraine,48.7501,30.2194,44546.0000,0.0000,0.0000,0.6658,0.7856,0.8060,0.6950,0.5023,0.7155,0.7460,0.5767,
su-710791,Черкаси,Cherkasy,ukraine,49.4445,32.0574,84822.0000,1.0000,1.0000,0.8547,0.8929,0.8078,0.8634,0.7473,0.8235,0.7262,0.8469,
su-693920,Шпола,Shpola,ukraine,49.0129,31.3926,16130.0000,0.0000,0.0000,0.2653,0.3818,0.3935,0.1925,0.1563,0.1995,0.2126,0.0528,
su-707744,Ічня,Ichnia,ukraine,50.8591,32.3913,13131.0000,0.0000,0.0000,0.2036,0.3476,0.3294,0.1474,0.1161,0.1811,0.1539,0.0909,
su-712967,Бахмач,Bakhmach,ukraine,51.1814,32.8346,13066.0000,1.0000,1.0000,0.2022,0.3031,0.2918,0.1314,0.1153,0.1275,0.1096,0.1696,
su-711536,Борзна,Borzna,ukraine,51.2534,32.4269,10131.0000,0.0000,0.0000,0.1418,0.2456,0.2479,0.1185,0.0785,0.1165,0.1073,0.2270,
su-699753,Новгород-Сіверський,Novhorod-Siverskyi,ukraine,52.0068,33.2634,11249.0000,0.0000,0.0000,0.1685,0.2585,0.3095,0.5027,0.0921,0.1713,0.2108,0.3133,
su-699917,Носівка,Nosivka,ukraine,50.9380,31.5803,16068.0000,0.0000,0.0000,0.2641,0.3031,0.2931,0.4488,0.1554,0.2420,0.2129,0.1080,
su-699942,Ніжин,Nizhyn,ukraine,51.0477,31.8884,46211.0000,1.0000,1.0000,0.6793,0.7664,0.7906,0.7843,0.5176,0.6899,0.7253,0.5514,
su-696108,Прилуки,Pryluky,ukraine,50.5953,32.3838,43719.0000,1.0000,0.0000,0.6587,0.7590,0.7816,0.8650,0.4945,0.6569,0.6911,0.5730,
su-694590,Семенівка,Semenivka,ukraine,52.1786,32.5818,10287.0000,0.0000,0.0000,0.1491,0.1836,0.1700,0.3029,0.0804,0.0796,0.0751,0.0596,
su-710735,Чернігів,Chernihiv,ukraine,51.5054,31.2866,89585.0000,1.0000,1.0000,0.8568,0.9174,0.8672,0.9900,0.7641,0.8472,0.7496,0.9800,
su-703448,Київ,Kyiv,ukraine,50.4547,30.5238,1104334.0000,1.0000,1.0000,0.9977,0.9992,1.0000,0.9909,0.9954,0.9991,1.0000,0.9928,
su-694423,Севастополь,Sevastopol,ukraine,44.6080,33.5213,148033.0000,1.0000,1.0000,0.9375,0.9698,0.9448,0.9906,0.8915,0.9412,0.9105,0.9935,
su-1513064,Алмалык,Olmaliq,uzbekistan,40.8447,69.5983,40480.0000,1.0000,0.0000,0.6208,0.3816,0.3707,0.2514,0.4665,0.2077,0.2075,0.1209,
su-1514581,Ангрен,Angren,uzbekistan,41.0167,70.1436,55789.0000,1.0000,0.0000,0.7342,0.5118,0.4877,0.5400,0.6035,0.2752,0.2869,0.1684,
su-1514402,Беговат,Bekobod,uzbekistan,40.2208,69.2697,42186.0000,1.0000,1.0000,0.6666,0.4660,0.5020,0.6586,0.4835,0.1890,0.1884,0.0555,
su-1514210,Чирчик,Chirchiq,uzbekistan,41.4689,69.5822,65520.0000,1.0000,1.0000,0.7822,0.5257,0.5241,0.2498,0.6677,0.3218,0.3410,0.0389,
su-1514588,Андижан,Andijon,uzbekistan,40.7834,72.3507,130912.0000,1.0000,1.0000,0.9346,0.7964,0.7196,0.6752,0.8723,0.4654,0.3165,0.7112,
su-11003002,Ленинск,Asaka,uzbekistan,40.6117,72.2687,20416.0000,1.0000,1.0000,0.3619,0.1820,0.1977,0.1946,0.2075,0.0881,0.0915,0.1082,
su-1513157,Наманган,Namangan,uzbekistan,40.9983,71.6726,123467.0000,1.0000,1.0000,0.9281,0.8149,0.7357,0.8668,0.8604,0.4758,0.3199,0.7586,
su-1217662,Бухара,Bukhara,uzbekistan,39.7703,64.4307,69254.0000,0.0000,0.0000,0.8071,0.7298,0.6802,0.8400,0.6899,0.3760,0.2534,0.1442,
su-1217295,Гиждуван,Gizhduvan,uzbekistan,39.4006,67.3594,10850.0000,0.0000,0.0000,0.1591,0.0934,0.0831,0.1243,0.0794,0.0476,0.0473,0.1387,
su-1217180,Каган,Kogon Shahri,uzbekistan,39.7275,64.5547,21103.0000,0.0000,0.0000,0.3612,0.3371,0.3922,0.6215,0.2273,0.1070,0.1258,0.2896,
su-1513131,Навои,Navoiy,uzbekistan,40.0844,65.3792,18600.0000,0.0000,0.0000,0.3137,0.2680,0.2354,0.4525,0.1918,0.0957,0.0436,0.0594,
su-1216311,Карши,Qarshi,uzbekistan,38.8606,65.7891,19709.0000,0.0000,0.0000,0.3351,0.2563,0.2318,0.2438,0.2075,0.1117,0.0545,0.0639,
su-1216187,Шахрисябз,Shahrisabz,uzbekistan,39.0578,66.8342,16443.0000,0.0000,0.0000,0.2803,0.1556,0.1787,0.1095,0.1518,0.0722,0.0799,0.0394,
su-1216982,Катта-Курган,Kattaqo’rg’on Shahri,uzbekistan,39.9055,66.2656,34078.0000,0.0000,0.0000,0.5590,0.3819,0.4081,0.3582,0.3995,0.1921,0.2241,0.3154,
su-1215839,Ургут,Urgut Shahri,uzbekistan,39.4190,67.2612,10447.0000,0.0000,0.0000,0.1505,0.0886,0.0856,0.1683,0.0747,0.0459,0.0521,0.1924,
su-1512979,Коканд,Qo‘qon,uzbekistan,40.5286,70.9425,105082.0000,1.0000,1.0000,0.8858,0.7187,0.7274,0.9178,0.8197,0.4534,0.5130,0.7411,
su-1513331,Кувасай,Quvasoy,uzbekistan,40.2972,71.9803,10791.0000,1.0000,1.0000,0.1579,0.0877,0.1195,0.0466,0.0706,0.0293,0.0349,0.0261,
su-1513243,Маргелан,Marg‘ilon,uzbekistan,40.4724,71.7246,67990.0000,0.0000,0.0000,0.8208,0.5910,0.6397,0.7483,0.6839,0.2848,0.2865,0.8856,
su-1514192,Чуст,Chust,uzbekistan,41.0033,71.2379,18045.0000,0.0000,0.0000,0.3047,0.1769,0.1660,0.1367,0.1780,0.0971,0.1268,0.1437,
su-1514387,Бируни,Beruniy,uzbekistan,41.6911,60.7525,10464.0000,0.0000,0.0000,0.1479,0.2165,0.1465,0.3338,0.0825,0.0729,0.0633,0.0556,
su-601299,Муйнак,Mŭynoq,uzbekistan,43.7683,59.0214,10428.0000,0.0000,0.0000,0.1494,0.2947,0.3055,0.1560,0.0774,0.0738,0.0898,0.0565,
su-601294,Нукус,Nukus,uzbekistan,42.4586,59.6058,39143.0000,0.0000,0.0000,0.6155,0.6341,0.5741,0.8300,0.4486,0.2257,0.1382,0.0898,
su-1512535,Турткуль,Tŭrtkŭl,uzbekistan,41.5544,61.0011,10495.0000,0.0000,0.0000,0.1485,0.2184,0.2618,0.3148,0.0829,0.0562,0.0606,0.0274,
su-601339,Ходжейли,Xo‘jayli Shahri,uzbekistan,42.4088,59.4454,20525.0000,0.0000,0.0000,0.3505,0.4133,0.4641,0.8163,0.2169,0.1297,0.1631,0.1242,
su-1513886,Джизак,Jizzax,uzbekistan,40.1335,67.8296,15689.0000,0.0000,0.0000,0.2642,0.1824,0.1082,0.1394,0.1415,0.0784,0.0449,0.0208,
su-1216265,Самарканд,Samarkand,uzbekistan,39.6546,66.9644,196484.0000,1.0000,1.0000,0.9666,0.8958,0.8641,0.7989,0.9331,0.5741,0.4316,0.4511,
su-1512569,Ташкент,Tashkent,uzbekistan,41.2647,69.2163,911930.0000,1.0000,1.0000,0.9962,0.9833,0.9989,0.9327,0.9948,0.9194,0.9979,0.8359,
su-1217474,Денау,Denov,uzbekistan,38.2675,67.8989,16813.0000,0.0000,0.0000,0.2882,0.1670,0.1904,0.1047,0.1569,0.0748,0.0820,0.0263,
su-1215957,Термез,Tirmiz,uzbekistan,37.2242,67.2783,22063.0000,0.0000,0.0000,0.3782,0.3074,0.2292,0.4371,0.2380,0.1359,0.0811,0.0492,
su-1514019,Фергана,Fergana,uzbekistan,40.3842,71.7843,80206.0000,1.0000,1.0000,0.8592,0.6502,0.5270,0.8707,0.7730,0.3614,0.2229,0.2801,
su-1512473,Ургенч,Urganch,uzbekistan,41.5518,60.6314,43756.0000,0.0000,0.0000,0.6588,0.6569,0.5958,0.8862,0.4949,0.2431,0.1508,0.0740,
su-1513604,Хива,Xiva,uzbekistan,41.3856,60.3641,17460.0000,0.0000,0.0000,0.2913,0.3469,0.3859,0.5923,0.1745,0.0870,0.1066,0.0526,
su-1513900,Искандер,Iskandar,uzbekistan,41.5539,69.7008,13344.0000,0.0000,0.0000,0.2112,0.1305,0.1029,0.0975,0.1139,0.0691,0.0757,0.0532,
su-1513966,Мирзачуль,Guliston,uzbekistan,40.4954,68.7754,18320.0000,0.0000,0.0000,0.3099,0.1958,0.1408,0.0692,0.1818,0.0948,0.0461,0.0278,
su-1512986,Пскент,Piskent,uzbekistan,40.8972,69.3506,12507.0000,0.0000,0.0000,0.1942,0.1193,0.0952,0.0205,0.1031,0.0661,0.0715,0.0182,
su-1512770,Сыр-Дарьинский,Sirdaryo,uzbekistan,40.8436,68.6617,15139.0000,0.0000,0.0000,0.2476,0.1547,0.1190,0.0625,0.1378,0.0788,0.0869,0.0396,
su-1512342,Янги-Ер,Yangiyer,uzbekistan,40.2750,68.8225,24456.0000,0.0000,0.0000,0.4369,0.2673,0.2936,0.0563,0.2644,0.1117,0.1153,0.0288,
su-1512339,Янги-Юль,Yangiyŭl,uzbekistan,41.1120,69.0471,45225.0000,1.0000,0.0000,0.6623,0.3756,0.3756,0.1634,0.5144,0.2356,0.2357,0.2106,
su-587207,Artyom,Pirallahı,azerbaijan,40.4701,50.3248,12593.0000,,,0.1934,0.1075,0.0841,0.1410,0.1028,0.0606,0.0588,0.0538,the printed page after PDF page 9 is missing
su-1526168,Арыс,Arys,kazakhstan,42.4301,68.8087,22743.0000,,,0.3914,0.4227,0.4468,0.2573,0.2440,0.2656,0.2843,0.1291,the printed page after PDF page 9 is missing
su-1524138,Атакент,Atakent,kazakhstan,40.8478,68.5064,22832.0000,,,0.3930,0.4216,0.3011,0.6223,0.2452,0.3037,0.2710,0.5895,the printed page after PDF page 9 is missing
su-580497,Астрахань,Astrakhan,russia,46.3497,48.0408,295768.0000,,,0.9790,0.9933,0.9912,0.9867,0.9665,0.9880,0.9848,0.9931,the printed page after PDF page 9 is missing
su-564719,Дубна,Dubna,russia,56.7405,37.1865,14009.0000,,,0.2226,0.1357,0.1758,0.0695,0.1213,0.0680,0.0805,0.0514,the foot of PDF page 64 is cut off
su-580724,Арзамас,Arzamas,russia,55.3956,43.8381,41518.0000,,,0.6372,0.6746,0.7011,0.8764,0.4808,0.5325,0.5712,0.8146,the printed page after PDF page 9 is missing
su-1511309,Асино,Asino,russia,56.9992,86.1552,24682.0000,,,0.4244,0.3017,0.3374,0.1677,0.2714,0.1425,0.1631,0.0998,the printed page after PDF page 9 is missing
su-580660,Аша,Asha,russia,54.9998,57.2549,36494.0000,,,0.5861,0.6156,0.6418,0.6089,0.4249,0.4804,0.5130,0.4446,the printed page after PDF page 9 is missing
su-162183,Aşgabat,Ashgabat,turkmenistan,37.9500,58.3833,169935.0000,,,0.9486,0.9830,0.9982,0.9900,0.9162,0.9586,0.9983,0.9939,the printed page after PDF page 9 is missing
su-1219002,Kerki,Kerki,turkmenistan,37.8408,65.2064,11838.0000,,,0.1778,0.3792,0.4099,0.1756,0.0932,0.1139,0.1168,0.0673,the printed page after PDF page 9 is missing
