fips,census_name,state,lat,lon,pop,band,very_high,medium_plus,very_high: population rule,"very_high: logistic, all features","very_high: LightGBM, all features","very_high: LightGBM, population family","very_high: LightGBM, no anachronisms","very_high: LightGBM, population + administrative","very_high: LightGBM, all but administrative","very_high: LightGBM, population + geography","very_high: LightGBM, all but geography","very_high: LightGBM, population + industry","very_high: LightGBM, all but industry","very_high: LightGBM, population + transport","very_high: LightGBM, all but transport","very_high: LightGBM, population + military","very_high: LightGBM, all but military",medium_plus: population rule,"medium_plus: logistic, all features","medium_plus: LightGBM, all features","medium_plus: LightGBM, population family","medium_plus: LightGBM, no anachronisms","medium_plus: LightGBM, population + administrative","medium_plus: LightGBM, all but administrative","medium_plus: LightGBM, population + geography","medium_plus: LightGBM, all but geography","medium_plus: LightGBM, population + industry","medium_plus: LightGBM, all but industry","medium_plus: LightGBM, population + transport","medium_plus: LightGBM, all but transport","medium_plus: LightGBM, population + military","medium_plus: LightGBM, all but military"
01003,Baldwin Co.,Alabama,30.7681,-87.7818,89401,medium (2-5 psi),0.0000,1.0000,0.4343,0.4779,0.6338,0.5514,0.8119,0.3935,0.6732,0.5148,0.7499,0.5866,0.8114,0.7348,0.6437,0.6683,0.7343,0.5773,0.6675,0.9320,0.8081,0.9226,0.7092,0.9251,0.8511,0.9193,0.7178,0.9384,0.8733,0.7915,0.8024,0.9021
01005,Barbour Co.,Alabama,31.8831,-85.3938,25002,no (<0.5 psi),0.0000,0.0000,0.1945,0.0755,0.0590,0.0783,0.1266,0.0560,0.0642,0.1393,0.0674,0.0690,0.1262,0.0662,0.0482,0.1530,0.0600,0.3194,0.1699,0.0584,0.1116,0.1484,0.0917,0.0854,0.1531,0.0686,0.1352,0.0811,0.1295,0.0970,0.1064,0.0879
01009,Blount Co.,Alabama,34.0128,-86.5331,37417,low (0.5-2 psi),0.0000,0.0000,0.2583,0.0942,0.1078,0.0729,0.1773,0.0965,0.0857,0.1381,0.1113,0.0712,0.1549,0.0694,0.1065,0.2064,0.0844,0.3752,0.2966,0.1381,0.1563,0.1607,0.2149,0.1332,0.2332,0.1306,0.1783,0.1967,0.1254,0.1761,0.2360,0.1525
01011,Bullock Co.,Alabama,32.1004,-85.7131,10777,no (<0.5 psi),0.0000,0.0000,0.1011,0.0272,0.0191,0.0429,0.0437,0.0531,0.0203,0.0437,0.0167,0.0152,0.0304,0.0429,0.0219,0.0550,0.0249,0.1806,0.1061,0.1231,0.2210,0.1001,0.1944,0.1374,0.1492,0.1121,0.1409,0.1266,0.2566,0.0837,0.0868,0.1805
01013,Butler Co.,Alabama,31.7040,-86.6769,22427,no (<0.5 psi),0.0000,0.0000,0.1796,0.1364,0.0632,0.1955,0.0936,0.1936,0.0782,0.2171,0.0779,0.1844,0.1060,0.1071,0.0764,0.1413,0.0785,0.2901,0.2221,0.1006,0.3747,0.1629,0.2302,0.1561,0.2877,0.1059,0.4128,0.1005,0.1755,0.1140,0.2383,0.1412
01015,Calhoun Co.,Alabama,33.7621,-85.8452,118644,very high (>=10 psi),1.0000,1.0000,0.4982,0.5510,0.4115,0.4818,0.4521,0.4370,0.4699,0.6425,0.4707,0.5426,0.4745,0.7275,0.3849,0.3947,0.6132,0.6233,0.6539,0.6954,0.6115,0.7123,0.5773,0.7327,0.6875,0.5751,0.6491,0.6884,0.7147,0.5322,0.6057,0.7550
01017,Chambers Co.,Alabama,32.9888,-85.4007,38614,low (0.5-2 psi),0.0000,0.0000,0.2638,0.2046,0.1442,0.1318,0.1420,0.1441,0.1256,0.3126,0.1883,0.1078,0.0956,0.1894,0.1597,0.1650,0.2515,0.3817,0.4345,0.4296,0.2613,0.5191,0.2296,0.4514,0.4351,0.3607,0.2707,0.4965,0.3730,0.4080,0.4295,0.4813
01019,Cherokee Co.,Alabama,34.2195,-85.6464,18890,no (<0.5 psi),0.0000,0.0000,0.1577,0.1583,0.0670,0.1069,0.1827,0.0621,0.0663,0.0807,0.0737,0.0604,0.0833,0.1901,0.0479,0.0552,0.1087,0.2478,0.4092,0.3149,0.1776,0.4210,0.2154,0.3211,0.2003,0.3191,0.2055,0.2799,0.3838,0.2131,0.1763,0.2874
01021,Chilton Co.,Alabama,32.8633,-86.6648,31560,no (<0.5 psi),0.0000,0.0000,0.2298,0.3617,0.2284,0.1002,0.2383,0.0819,0.2180,0.0935,0.3019,0.1118,0.2023,0.2032,0.2133,0.1999,0.1318,0.3408,0.4282,0.2589,0.1119,0.3917,0.0986,0.2553,0.1609,0.1916,0.1100,0.2617,0.2046,0.1635,0.1448,0.2089
01023,Choctaw Co.,Alabama,32.0048,-88.2858,16710,no (<0.5 psi),0.0000,0.0000,0.1435,0.1451,0.0294,0.0388,0.0458,0.0440,0.0438,0.0376,0.0299,0.0254,0.0685,0.0287,0.0639,0.0519,0.0234,0.2402,0.1473,0.3567,0.0955,0.3269,0.0935,0.3050,0.1642,0.2896,0.0878,0.2401,0.1298,0.2505,0.3411,0.1362
01025,Clarke Co.,Alabama,31.5888,-87.8138,27419,medium (2-5 psi),0.0000,1.0000,0.2080,0.4676,0.2904,0.0636,0.1695,0.0583,0.2664,0.1197,0.2305,0.0866,0.3480,0.0659,0.2322,0.2457,0.1219,0.3275,0.4206,0.3868,0.0940,0.3615,0.0622,0.4305,0.2078,0.4255,0.0899,0.4737,0.2049,0.2246,0.3039,0.1521
01027,Clay Co.,Alabama,33.2951,-85.8156,13700,low (0.5-2 psi),0.0000,0.0000,0.1227,0.1048,0.0304,0.0449,0.0241,0.0383,0.0220,0.0665,0.0277,0.0413,0.0341,0.0479,0.0347,0.0330,0.0519,0.1990,0.2450,0.0962,0.1170,0.0902,0.0711,0.1003,0.1617,0.0586,0.1573,0.0788,0.1603,0.1050,0.0670,0.1121
01029,Cleburne Co.,Alabama,33.7131,-85.4942,12659,low (0.5-2 psi),0.0000,0.0000,0.1152,0.0377,0.0210,0.0501,0.0212,0.0338,0.0193,0.0720,0.0131,0.0277,0.0295,0.0385,0.0212,0.0275,0.0231,0.1881,0.1923,0.0558,0.1453,0.0730,0.1356,0.0436,0.1146,0.0405,0.1412,0.0578,0.0612,0.0888,0.0751,0.0729
01031,Coffee Co.,Alabama,31.3107,-85.9929,40386,very high (>=10 psi),1.0000,1.0000,0.2718,0.1560,0.0716,0.2317,0.1403,0.2535,0.0732,0.2561,0.0785,0.2174,0.1290,0.1128,0.1115,0.2074,0.1259,0.4057,0.2607,0.0802,0.3984,0.1411,0.3154,0.1227,0.3472,0.0964,0.3271,0.1125,0.2136,0.1145,0.2102,0.1850
01033,Colbert Co.,Alabama,34.7363,-87.5954,52858,no (<0.5 psi),0.0000,0.0000,0.3227,0.6441,0.5768,0.3336,0.4217,0.2922,0.4214,0.4760,0.4703,0.5484,0.5247,0.6933,0.6067,0.3326,0.6150,0.4485,0.7011,0.7053,0.5893,0.6357,0.7200,0.6104,0.6698,0.6581,0.6955,0.7393,0.7552,0.6849,0.4366,0.7012
01035,Conecuh Co.,Alabama,31.4651,-86.9516,15029,no (<0.5 psi),0.0000,0.0000,0.1321,0.0945,0.0321,0.1501,0.0314,0.1569,0.0365,0.0637,0.0381,0.0708,0.0358,0.0470,0.0242,0.0361,0.0327,0.2237,0.1682,0.1093,0.2108,0.1089,0.2252,0.1332,0.2857,0.0978,0.2212,0.0805,0.0759,0.1011,0.1247,0.0846
01037,Coosa Co.,Alabama,32.9216,-86.2596,11033,low (0.5-2 psi),0.0000,0.0000,0.1031,0.0750,0.0213,0.0299,0.0271,0.0293,0.0198,0.0315,0.0150,0.0363,0.0234,0.0325,0.0221,0.0115,0.0291,0.1704,0.1748,0.1243,0.2553,0.0991,0.1431,0.0911,0.1411,0.0681,0.2763,0.0682,0.1867,0.0868,0.0841,0.1227
01039,Covington Co.,Alabama,31.2647,-86.4477,37152,low (0.5-2 psi),0.0000,0.0000,0.2571,0.2464,0.0935,0.2777,0.1552,0.4336,0.1204,0.2532,0.0910,0.2272,0.1282,0.1596,0.1170,0.2155,0.0945,0.3883,0.2577,0.0761,0.2174,0.1147,0.1584,0.0933,0.1676,0.0756,0.1922,0.0768,0.1814,0.0854,0.1473,0.1493
01041,Crenshaw Co.,Alabama,31.7111,-86.2975,13899,no (<0.5 psi),0.0000,0.0000,0.1242,0.0517,0.0108,0.0445,0.0220,0.0916,0.0088,0.0285,0.0103,0.0364,0.0191,0.0246,0.0140,0.0151,0.0221,0.2121,0.1583,0.0994,0.1671,0.0878,0.1409,0.0909,0.2800,0.1112,0.1460,0.0610,0.1570,0.1184,0.0672,0.1772
01043,Cullman Co.,Alabama,34.0859,-86.9050,65039,low (0.5-2 psi),0.0000,0.0000,0.3652,0.3297,0.2923,0.3386,0.2988,0.2514,0.2382,0.2566,0.3356,0.3603,0.3049,0.3260,0.3061,0.3009,0.2410,0.4939,0.5644,0.4568,0.4312,0.3593,0.4025,0.3685,0.4161,0.4537,0.3677,0.4367,0.3703,0.4606,0.4512,0.3472
01045,Dale Co.,Alabama,31.4663,-85.6035,48458,very high (>=10 psi),1.0000,1.0000,0.3057,0.2142,0.1921,0.3373,0.2127,0.3522,0.1541,0.4316,0.2053,0.2858,0.1620,0.3085,0.0981,0.3828,0.2778,0.4445,0.3842,0.1581,0.3138,0.1893,0.2574,0.1814,0.4111,0.1305,0.3256,0.1347,0.3909,0.1696,0.3286,0.3655
01049,DeKalb Co.,Alabama,34.5574,-85.7049,53922,low (0.5-2 psi),0.0000,0.0000,0.3267,0.1759,0.0529,0.1032,0.1935,0.1458,0.0445,0.0995,0.0513,0.0729,0.0985,0.1285,0.0870,0.0923,0.1026,0.4529,0.4680,0.3834,0.2763,0.6443,0.5074,0.3879,0.3678,0.3402,0.2739,0.5032,0.3608,0.2610,0.3590,0.3557
01051,Elmore Co.,Alabama,32.5742,-86.1511,45570,high (5-10 psi),0.0000,1.0000,0.2940,0.3909,0.4025,0.2979,0.5754,0.1293,0.3909,0.2592,0.6097,0.2931,0.4063,0.3722,0.1954,0.3011,0.3641,0.4165,0.4667,0.4253,0.5385,0.6250,0.3796,0.5571,0.5232,0.5329,0.4611,0.5837,0.5917,0.3703,0.6267,0.5195
01053,Escambia Co.,Alabama,31.0906,-87.1580,37346,low (0.5-2 psi),0.0000,0.0000,0.2580,0.2416,0.2267,0.0920,0.1034,0.1581,0.1874,0.0842,0.2222,0.1393,0.2002,0.2406,0.1335,0.1451,0.1877,0.3894,0.2867,0.2498,0.3103,0.1783,0.1702,0.2161,0.3458,0.2997,0.3087,0.2559,0.2629,0.2072,0.2251,0.2916
01055,Etowah Co.,Alabama,34.0178,-86.0426,102291,low (0.5-2 psi),0.0000,0.0000,0.4646,0.5663,0.4079,0.2576,0.5449,0.3621,0.5638,0.4041,0.4507,0.3007,0.5636,0.6787,0.2776,0.3112,0.6079,0.5923,0.6947,0.7716,0.4518,0.7956,0.5783,0.7346,0.5439,0.6990,0.5873,0.7397,0.7604,0.5364,0.5353,0.8101
01059,Franklin Co.,Alabama,34.3920,-87.8473,28698,no (<0.5 psi),0.0000,0.0000,0.2149,0.1612,0.0653,0.1031,0.1272,0.0952,0.0528,0.2016,0.0509,0.0870,0.0809,0.0542,0.1129,0.0981,0.0625,0.3223,0.3387,0.1175,0.1100,0.0965,0.1077,0.0988,0.1217,0.1113,0.0832,0.1610,0.1101,0.1012,0.0990,0.1173
01061,Geneva Co.,Alabama,31.1316,-85.8391,24023,low (0.5-2 psi),0.0000,0.0000,0.1889,0.1100,0.0277,0.0327,0.0362,0.0308,0.0263,0.0600,0.0300,0.0367,0.0307,0.0274,0.0277,0.0554,0.0236,0.3026,0.1911,0.0442,0.1036,0.0616,0.0665,0.0638,0.2434,0.0466,0.0908,0.0622,0.0979,0.0485,0.0657,0.1201
01067,Henry Co.,Alabama,31.5341,-85.2308,15260,low (0.5-2 psi),0.0000,0.0000,0.1337,0.1148,0.0450,0.1555,0.0803,0.0611,0.0437,0.0987,0.0416,0.1264,0.0861,0.1629,0.0454,0.0906,0.0404,0.2315,0.2693,0.0950,0.1321,0.1011,0.0955,0.1233,0.1703,0.0789,0.1412,0.0746,0.1125,0.1460,0.1268,0.0973
01069,Houston Co.,Alabama,31.1560,-85.2811,78035,very high (>=10 psi),1.0000,1.0000,0.4043,0.7747,0.7593,0.3885,0.2489,0.2990,0.7727,0.4341,0.7553,0.8608,0.2166,0.2814,0.6107,0.3531,0.6784,0.5481,0.7186,0.7997,0.4286,0.3009,0.2906,0.8535,0.4717,0.8605,0.9082,0.2785,0.6087,0.8166,0.2102,0.8973
01071,Jackson Co.,Alabama,34.6837,-86.0492,49505,very high (>=10 psi),1.0000,1.0000,0.3099,0.1865,0.2224,0.1926,0.3992,0.2986,0.2351,0.2905,0.1695,0.2486,0.3335,0.7314,0.1617,0.1410,0.5066,0.4343,0.5617,0.6363,0.5550,0.7796,0.6827,0.6766,0.6151,0.5821,0.5078,0.7591,0.7243,0.6076,0.5550,0.7372
01073,Jefferson Co.,Alabama,33.5425,-86.8619,658988,very high (>=10 psi),1.0000,1.0000,0.8248,0.9566,0.8632,0.8500,0.8071,0.8562,0.8845,0.9305,0.8350,0.9275,0.8594,0.9081,0.8764,0.8651,0.9197,0.8818,0.9254,0.9533,0.9707,0.9661,0.9250,0.9683,0.9730,0.9540,0.9735,0.9538,0.9790,0.9633,0.9681,0.9687
01077,Lauderdale Co.,Alabama,34.8752,-87.5882,80492,no (<0.5 psi),0.0000,0.0000,0.4111,0.6884,0.5774,0.3981,0.5064,0.3806,0.5106,0.4783,0.6162,0.3759,0.5919,0.7821,0.4021,0.3639,0.7036,0.5406,0.7193,0.6218,0.4691,0.4953,0.4738,0.4647,0.5301,0.6295,0.4485,0.6831,0.7110,0.4505,0.3222,0.5600
01079,Lawrence Co.,Alabama,34.4399,-87.3190,31146,no (<0.5 psi),0.0000,0.0000,0.2277,0.1199,0.0812,0.0879,0.0985,0.0950,0.0429,0.0868,0.0707,0.0875,0.1214,0.0570,0.1139,0.0904,0.0615,0.3382,0.3623,0.1773,0.2333,0.1471,0.1912,0.2127,0.2307,0.2005,0.2263,0.2560,0.2572,0.2147,0.1772,0.1973
01081,Lee Co.,Alabama,32.5783,-85.3627,81176,medium (2-5 psi),0.0000,1.0000,0.4129,0.2808,0.3683,0.5152,0.5842,0.3712,0.3339,0.3362,0.4438,0.4456,0.3825,0.7483,0.2925,0.4997,0.4284,0.5425,0.4950,0.7857,0.6528,0.7602,0.5799,0.7919,0.4615,0.8251,0.5811,0.8271,0.7449,0.7439,0.7887,0.7305
01083,Limestone Co.,Alabama,34.7763,-87.0314,49354,medium (2-5 psi),0.0000,1.0000,0.3093,0.5651,0.8390,0.6449,0.5362,0.5060,0.7981,0.3991,0.8750,0.9577,0.2968,0.3518,0.8995,0.5310,0.8584,0.4337,0.7294,0.9030,0.7594,0.7914,0.6773,0.9434,0.7032,0.9518,0.9564,0.8657,0.7399,0.9515,0.7694,0.8746
01085,Lowndes Co.,Alabama,32.1376,-86.6576,12720,low (0.5-2 psi),0.0000,0.0000,0.1157,0.1263,0.0361,0.0855,0.0624,0.1060,0.0407,0.0356,0.0355,0.0371,0.0594,0.0730,0.0296,0.0312,0.0445,0.1995,0.2681,0.1988,0.1976,0.1625,0.2903,0.1965,0.2144,0.2728,0.1640,0.1885,0.2874,0.2097,0.1225,0.2291
01087,Macon Co.,Alabama,32.4150,-85.7280,25379,no (<0.5 psi),0.0000,0.0000,0.1967,0.1556,0.0610,0.0482,0.0430,0.0682,0.0464,0.0420,0.0759,0.0686,0.0450,0.0714,0.0672,0.0525,0.0919,0.2992,0.3041,0.1839,0.1003,0.1857,0.1663,0.2408,0.1972,0.2074,0.0770,0.1882,0.0895,0.1842,0.1853,0.2099
01089,Madison Co.,Alabama,34.6837,-86.5734,215234,very high (>=10 psi),1.0000,1.0000,0.6303,0.8873,0.9614,0.8036,0.9744,0.8238,0.9536,0.8408,0.9740,0.6871,0.9766,0.8794,0.9614,0.9676,0.8007,0.7363,0.9417,0.9742,0.8051,0.9718,0.7363,0.9806,0.8592,0.9749,0.7701,0.9726,0.8482,0.9653,0.9686,0.8088
01091,Marengo Co.,Alabama,32.2683,-87.7614,24235,no (<0.5 psi),0.0000,0.0000,0.1902,0.2033,0.0850,0.0497,0.0388,0.0798,0.0984,0.0513,0.0626,0.0667,0.0976,0.0334,0.0986,0.1120,0.0468,0.3042,0.2079,0.2533,0.0899,0.3025,0.0887,0.2422,0.1893,0.2273,0.1014,0.2313,0.0979,0.2287,0.3500,0.1396
01093,Marion Co.,Alabama,34.1967,-87.9124,30809,no (<0.5 psi),0.0000,0.0000,0.2260,0.1706,0.0873,0.0667,0.1095,0.0711,0.0516,0.0778,0.0892,0.0880,0.1229,0.0547,0.1072,0.1112,0.0861,0.3361,0.3404,0.1078,0.0845,0.0939,0.0995,0.0913,0.1146,0.0927,0.1022,0.1529,0.1193,0.0982,0.0992,0.1431
01095,Marshall Co.,Alabama,34.3379,-86.3453,69389,no (<0.5 psi),0.0000,0.0000,0.3789,0.4017,0.4925,0.6692,0.7632,0.5410,0.5388,0.4419,0.5140,0.3852,0.6434,0.7109,0.5048,0.4839,0.5981,0.5081,0.6271,0.6951,0.7279,0.7862,0.6683,0.7199,0.6733,0.7413,0.6012,0.8390,0.6103,0.7060,0.6245,0.4824
01097,Mobile Co.,Alabama,30.7435,-88.2164,378847,very high (>=10 psi),1.0000,1.0000,0.7512,0.8774,0.9101,0.8350,0.8867,0.8433,0.9215,0.9165,0.9333,0.8896,0.8818,0.8877,0.9241,0.8430,0.9384,0.8436,0.9376,0.9821,0.9470,0.9797,0.9218,0.9842,0.9755,0.9826,0.9636,0.9835,0.9774,0.9803,0.9595,0.9855
01099,Monroe Co.,Alabama,31.5303,-87.3816,22815,no (<0.5 psi),0.0000,0.0000,0.1819,0.2724,0.0873,0.1766,0.1490,0.0986,0.1368,0.2842,0.0654,0.1417,0.1479,0.0919,0.1311,0.1676,0.0781,0.2932,0.2622,0.1675,0.1226,0.2483,0.0610,0.2753,0.2107,0.1964,0.2023,0.2254,0.1609,0.1827,0.1716,0.2240
01101,Montgomery Co.,Alabama,32.1480,-86.2028,203886,very high (>=10 psi),1.0000,1.0000,0.6187,0.8490,0.8652,0.6569,0.9150,0.8041,0.6324,0.7929,0.8710,0.4785,0.8831,0.5916,0.8687,0.7483,0.8814,0.7371,0.9075,0.8040,0.6908,0.8737,0.7784,0.7329,0.8215,0.8724,0.6684,0.8848,0.8874,0.7608,0.7665,0.9059
01103,Morgan Co.,Alabama,34.4566,-86.8377,93930,very high (>=10 psi),1.0000,1.0000,0.4454,0.3067,0.4325,0.4656,0.7162,0.4386,0.4712,0.3407,0.5044,0.3318,0.5778,0.6970,0.3939,0.5237,0.5975,0.5741,0.6434,0.7867,0.4751,0.8350,0.4745,0.7811,0.5071,0.7436,0.4268,0.8528,0.5829,0.6894,0.6974,0.5417
01109,Pike Co.,Alabama,31.8422,-85.9281,27841,low (0.5-2 psi),0.0000,0.0000,0.2103,0.1081,0.0346,0.0287,0.0359,0.0378,0.0375,0.0435,0.0580,0.0302,0.0487,0.0598,0.0263,0.0420,0.0511,0.3304,0.2990,0.1393,0.1045,0.2038,0.1973,0.1054,0.1945,0.1334,0.1159,0.1442,0.1289,0.1716,0.1415,0.2199
01111,Randolph Co.,Alabama,33.2662,-85.4572,19776,low (0.5-2 psi),0.0000,0.0000,0.1633,0.1424,0.0392,0.0594,0.0302,0.0624,0.0474,0.0975,0.0384,0.0515,0.0362,0.0581,0.0653,0.0330,0.0690,0.2554,0.2834,0.3742,0.2952,0.3093,0.2364,0.4078,0.3674,0.3113,0.2545,0.3128,0.3815,0.4159,0.3232,0.3438
01113,Russell Co.,Alabama,32.2920,-85.1813,46660,medium (2-5 psi),0.0000,1.0000,0.2985,0.2233,0.2736,0.2943,0.4073,0.2559,0.1983,0.2220,0.4279,0.2252,0.2500,0.3085,0.3735,0.3219,0.2798,0.4512,0.4242,0.7987,0.6260,0.7872,0.3795,0.7614,0.6011,0.8304,0.3655,0.8724,0.7457,0.7650,0.7981,0.6384
01115,St. Clair Co.,Alabama,33.6877,-86.3648,45351,low (0.5-2 psi),0.0000,0.0000,0.2931,0.1989,0.1363,0.2552,0.2173,0.1543,0.1556,0.2875,0.1429,0.1915,0.1806,0.3343,0.1257,0.2424,0.1890,0.4155,0.4794,0.6804,0.5086,0.7146,0.4770,0.6159,0.4542,0.5378,0.4661,0.6846,0.5188,0.5440,0.5426,0.5260
01117,Shelby Co.,Alabama,33.2803,-86.6800,79601,very high (>=10 psi),1.0000,1.0000,0.4086,0.5777,0.7497,0.3104,0.3582,0.2790,0.7803,0.3535,0.8156,0.8016,0.2534,0.4519,0.7944,0.3569,0.7539,0.5382,0.6665,0.8893,0.4369,0.7759,0.5510,0.8911,0.6444,0.8896,0.7087,0.7528,0.7031,0.8550,0.5784,0.8388
01121,Talladega Co.,Alabama,33.4011,-86.1464,75278,very high (>=10 psi),1.0000,1.0000,0.3965,0.4307,0.1586,0.0893,0.1762,0.1186,0.1814,0.2267,0.1425,0.1571,0.1864,0.1904,0.1351,0.2314,0.2187,0.5260,0.5929,0.4294,0.1889,0.5707,0.2198,0.4631,0.3327,0.3690,0.2554,0.5545,0.3874,0.2571,0.3299,0.4372
01123,Tallapoosa Co.,Alabama,32.7988,-85.7983,38602,no (<0.5 psi),0.0000,0.0000,0.2638,0.2481,0.1368,0.1328,0.1066,0.1166,0.1406,0.2621,0.2119,0.0796,0.1168,0.2435,0.1287,0.1603,0.2825,0.3816,0.3480,0.3533,0.3814,0.3148,0.3084,0.3748,0.4754,0.2330,0.3744,0.2701,0.4025,0.3799,0.3377,0.4035
01127,Walker Co.,Alabama,33.7580,-87.2764,67852,very high (>=10 psi),1.0000,1.0000,0.3741,0.3058,0.1625,0.2879,0.2160,0.2899,0.0982,0.3833,0.1105,0.2135,0.2246,0.1082,0.2863,0.3397,0.1564,0.5032,0.4474,0.3358,0.3487,0.3881,0.5138,0.4366,0.5211,0.3445,0.3406,0.3624,0.1207,0.5874,0.5128,0.3892
01129,Washington Co.,Alabama,31.4067,-88.1877,17060,very high (>=10 psi),1.0000,1.0000,0.1458,0.1934,0.1246,0.0413,0.0489,0.0376,0.0996,0.1373,0.0878,0.0307,0.0743,0.0242,0.1175,0.0516,0.0686,0.2435,0.2069,0.5107,0.0929,0.3115,0.0722,0.5428,0.2928,0.6466,0.1454,0.3893,0.1540,0.4383,0.2789,0.3478
01131,Wilcox Co.,Alabama,32.0480,-87.4006,14783,no (<0.5 psi),0.0000,0.0000,0.1304,0.3405,0.1873,0.1108,0.1744,0.0594,0.2390,0.0468,0.2083,0.1024,0.3046,0.2520,0.0437,0.0504,0.1077,0.2212,0.3545,0.2951,0.2226,0.2008,0.1276,0.5544,0.2264,0.2836,0.1751,0.2401,0.2280,0.1731,0.1771,0.2012
01133,Winston Co.,Alabama,34.1522,-87.3732,22207,low (0.5-2 psi),0.0000,0.0000,0.1782,0.0783,0.0506,0.1100,0.0835,0.0525,0.0570,0.1875,0.0486,0.0723,0.0792,0.0326,0.0638,0.1207,0.0360,0.2752,0.2606,0.1190,0.1936,0.1125,0.1702,0.1453,0.1869,0.1191,0.1594,0.1538,0.0911,0.1824,0.1509,0.1342
02060,Bristol Bay Bor.,Alaska,58.7553,-156.6952,1428,low (0.5-2 psi),0.0000,0.0000,0.0146,0.0080,0.0072,0.0123,0.0066,0.0157,0.0067,0.0190,0.0042,0.0121,0.0062,0.0144,0.0094,0.0042,0.0261,0.0253,0.0138,0.0294,0.1733,0.0300,0.0942,0.0430,0.1535,0.0233,0.1730,0.0329,0.1819,0.0505,0.0233,0.1343
02090,Fairbanks North Star Bor.,Alaska,64.8600,-146.3571,71433,low (0.5-2 psi),0.0000,0.0000,0.4035,0.8062,0.7986,0.2814,0.7132,0.2465,0.7647,0.2358,0.8235,0.3329,0.7951,0.3649,0.7546,0.7494,0.2901,0.5725,0.8193,0.8266,0.4161,0.8047,0.5662,0.7878,0.4192,0.8044,0.4305,0.7772,0.3612,0.8623,0.8448,0.5023
02110,Juneau Bor.,Alaska,58.3875,-134.4190,27117,low (0.5-2 psi),0.0000,0.0000,0.1946,0.7606,0.2219,0.0849,0.2279,0.1289,0.1159,0.0881,0.3178,0.0404,0.2619,0.2445,0.1852,0.0812,0.3074,0.3444,0.8604,0.3795,0.2118,0.4177,0.3745,0.2738,0.2010,0.5263,0.1694,0.3153,0.4482,0.2533,0.1560,0.6067
02150,Kodiak Island Bor.,Alaska,57.3758,-153.7088,12243,low (0.5-2 psi),0.0000,0.0000,0.1029,0.0672,0.0172,0.0933,0.0341,0.0519,0.0145,0.0660,0.0186,0.0542,0.0198,0.0733,0.0145,0.0167,0.0699,0.1777,0.1538,0.0705,0.2738,0.0536,0.1192,0.0707,0.3213,0.0511,0.2665,0.0779,0.2953,0.0664,0.0440,0.2798
02180,Nome C.A.,Alaska,64.7968,-163.9131,7997,low (0.5-2 psi),0.0000,0.0000,0.0465,0.0273,0.0263,0.0264,0.0291,0.0342,0.0441,0.0267,0.0280,0.0260,0.0281,0.0400,0.0214,0.0263,0.0441,0.1425,0.0536,0.0496,0.0763,0.0214,0.0416,0.0604,0.0917,0.0443,0.0646,0.0569,0.1471,0.0202,0.0157,0.1510
02185,North Slope Bor.,Alaska,69.6428,-152.3010,5081,low (0.5-2 psi),0.0000,0.0000,0.0283,0.0163,0.0311,0.0169,0.0200,0.0193,0.0267,0.0556,0.0175,0.0182,0.0294,0.0201,0.0312,0.0181,0.0369,0.1006,0.0304,0.0553,0.0899,0.0282,0.0736,0.0659,0.1565,0.0413,0.0830,0.0712,0.1727,0.0347,0.0184,0.2140
02188,Northwest Arctic Bor.,Alaska,66.8398,-157.9906,5747,low (0.5-2 psi),0.0000,0.0000,0.0457,0.0088,0.0059,0.0155,0.0110,0.0288,0.0068,0.0212,0.0066,0.0156,0.0081,0.0127,0.0100,0.0048,0.0237,0.1050,0.0234,0.0495,0.1039,0.0514,0.1436,0.0296,0.1294,0.0331,0.1446,0.0342,0.0689,0.0623,0.0273,0.1286
02220,Sitka Bor.,Alaska,57.6874,-135.2465,8165,low (0.5-2 psi),0.0000,0.0000,0.0661,0.1650,0.1220,0.1128,0.1403,0.0973,0.2173,0.1340,0.0994,0.0799,0.1595,0.1413,0.0970,0.1087,0.2660,0.1414,0.1241,0.2198,0.2768,0.1728,0.1477,0.1946,0.1561,0.2271,0.2679,0.2083,0.4843,0.0782,0.0897,0.3392
02231,Skagway-Yakutat- Angoon C.A,Alaska,59.2762,-138.3359,3895,low (0.5-2 psi),0.0000,0.0000,0.0321,0.0753,0.0213,0.0227,0.0496,0.0172,0.0267,0.0387,0.0210,0.0193,0.0154,0.0218,0.0243,0.0377,0.0238,0.0745,0.1689,0.0378,0.0954,0.0978,0.0589,0.0494,0.0438,0.0464,0.1141,0.0454,0.0912,0.0421,0.0468,0.0487
02280,Wrangell- Petersburg C.A,Alaska,56.7520,-133.2358,6994,low (0.5-2 psi),0.0000,0.0000,0.0555,0.1337,0.0552,0.0328,0.0662,0.0392,0.0466,0.0346,0.0287,0.0259,0.0628,0.0510,0.0566,0.0564,0.0583,0.1107,0.3102,0.2806,0.2230,0.1566,0.2329,0.2369,0.2532,0.2609,0.1271,0.2426,0.4048,0.3164,0.2006,0.3419
02290,Yukon-Koyukuk C.A.,Alaska,65.2032,-154.1202,8973,low (0.5-2 psi),0.0000,0.0000,0.0710,0.0145,0.0055,0.0247,0.0122,0.0277,0.0049,0.0162,0.0069,0.0223,0.0087,0.0219,0.0072,0.0047,0.0128,0.1528,0.0472,0.0335,0.0981,0.0404,0.0946,0.0213,0.0371,0.0305,0.1101,0.0300,0.0444,0.0358,0.0372,0.0477
04001,Apache Co.,Arizona,35.2387,-109.4440,53465,low (0.5-2 psi),0.0000,0.0000,0.3185,0.3705,0.8325,0.6267,0.7020,0.6629,0.8670,0.6740,0.7676,0.7209,0.8047,0.9177,0.6637,0.4176,0.7732,0.4510,0.2737,0.4640,0.5210,0.3281,0.6644,0.4200,0.6447,0.4054,0.5721,0.4103,0.8062,0.4230,0.2700,0.6902
04003,Cochise Co.,Arizona,31.9042,-109.7496,91192,very high (>=10 psi),1.0000,1.0000,0.4552,0.2851,0.1289,0.7239,0.1772,0.6287,0.0950,0.7704,0.0898,0.5285,0.1541,0.2352,0.2749,0.2131,0.2289,0.5815,0.4851,0.3075,0.6837,0.3269,0.7160,0.2884,0.8268,0.2542,0.7336,0.2363,0.2610,0.4635,0.2839,0.3973
04005,Coconino Co.,Arizona,35.6671,-112.0417,84431,very high (>=10 psi),1.0000,1.0000,0.4194,0.4854,0.5897,0.4809,0.4365,0.6956,0.6064,0.6934,0.5950,0.3130,0.6586,0.6895,0.5872,0.3546,0.7178,0.5510,0.4383,0.5156,0.5010,0.3512,0.5583,0.5134,0.6607,0.4070,0.4788,0.4684,0.5418,0.5496,0.3868,0.5801
04007,Gila Co.,Arizona,33.7420,-110.6818,37319,no (<0.5 psi),0.0000,0.0000,0.2548,0.1059,0.0707,0.3968,0.2158,0.5197,0.0769,0.2558,0.0785,0.4807,0.0731,0.1012,0.1320,0.1219,0.1867,0.3935,0.2278,0.0970,0.3574,0.1745,0.4138,0.1172,0.1962,0.1239,0.3064,0.0873,0.1143,0.2016,0.2029,0.1818
04009,Graham Co.,Arizona,32.9608,-109.9311,24574,no (<0.5 psi),0.0000,0.0000,0.1806,0.0999,0.1609,0.5840,0.1786,0.4452,0.1169,0.4305,0.1337,0.5494,0.2299,0.2237,0.1706,0.1687,0.3406,0.3005,0.1947,0.2315,0.5189,0.2792,0.5486,0.2009,0.4494,0.1491,0.5594,0.2118,0.3348,0.4088,0.3010,0.3375
04011,Greenlee Co.,Arizona,33.1436,-109.2708,9052,no (<0.5 psi),0.0000,0.0000,0.0532,0.0304,0.0074,0.5088,0.0161,0.1098,0.0112,0.0375,0.0112,0.4757,0.0096,0.1911,0.0123,0.0349,0.0112,0.1383,0.0406,0.0207,0.3685,0.0439,0.2009,0.0266,0.0862,0.0305,0.4088,0.0200,0.1329,0.0456,0.0689,0.0411
04013,Maricopa Co.,Arizona,33.2712,-112.7678,1828748,very high (>=10 psi),1.0000,1.0000,0.9534,0.9980,0.9800,0.9270,0.9792,0.9628,0.9758,0.8831,0.9739,0.9403,0.9871,0.9471,0.9722,0.9295,0.9852,0.9679,0.9981,0.9771,0.9134,0.9837,0.9483,0.9820,0.9317,0.9806,0.8945,0.9836,0.9327,0.9844,0.9798,0.9573
04017,Navajo Co.,Arizona,35.2354,-110.2964,70714,no (<0.5 psi),0.0000,0.0000,0.3789,0.3498,0.7437,0.6476,0.5663,0.8045,0.7447,0.7293,0.6498,0.6887,0.6867,0.8174,0.6082,0.2882,0.7850,0.5123,0.2844,0.3843,0.4938,0.3225,0.6876,0.2672,0.5737,0.3233,0.5892,0.3402,0.6467,0.3674,0.2901,0.5059
04021,Pinal Co.,Arizona,32.8048,-111.3251,103230,medium (2-5 psi),0.0000,1.0000,0.4991,0.1933,0.3423,0.7251,0.5193,0.6973,0.4841,0.7428,0.3207,0.8081,0.3826,0.7034,0.4493,0.5929,0.4736,0.6389,0.4150,0.7220,0.8914,0.7217,0.7702,0.7621,0.8540,0.7871,0.9114,0.7121,0.8085,0.8290,0.8734,0.8222
04023,Santa Cruz Co.,Arizona,31.5669,-110.8115,23534,medium (2-5 psi),0.0000,1.0000,0.1729,0.0984,0.0564,0.2307,0.0306,0.0860,0.0288,0.0803,0.0393,0.1454,0.0383,0.2703,0.0496,0.0604,0.1122,0.2988,0.1251,0.0508,0.1839,0.0739,0.1855,0.0646,0.1725,0.1472,0.1409,0.0819,0.2974,0.0434,0.1185,0.2609
04025,Yavapai Co.,Arizona,34.6373,-112.4429,82642,no (<0.5 psi),0.0000,0.0000,0.4409,0.2363,0.3693,0.6075,0.6362,0.5511,0.3964,0.5431,0.3257,0.6825,0.4011,0.3610,0.4878,0.6771,0.4576,0.5869,0.5357,0.5543,0.8118,0.8205,0.7302,0.5480,0.7983,0.5387,0.8782,0.4893,0.5520,0.8181,0.8202,0.5380
04027,Yuma Co.,Arizona,32.7533,-113.9358,87572,very high (>=10 psi),1.0000,1.0000,0.4279,0.8126,0.8187,0.4402,0.8326,0.1911,0.8744,0.4739,0.7722,0.3225,0.8683,0.6702,0.7715,0.8067,0.6363,0.5589,0.8232,0.9180,0.4647,0.8083,0.3388,0.8835,0.5490,0.8809,0.4749,0.9154,0.5608,0.8712,0.8588,0.7212
05003,Ashley Co.,Arkansas,33.2004,-91.7961,26088,no (<0.5 psi),0.0000,0.0000,0.2007,0.5496,0.0589,0.0604,0.0921,0.1218,0.0801,0.0613,0.1016,0.0760,0.0642,0.1004,0.0816,0.1037,0.0957,0.3278,0.6094,0.1952,0.1171,0.1585,0.1340,0.2016,0.1189,0.2441,0.1377,0.1715,0.1022,0.2365,0.2386,0.1130
05005,Baxter Co.,Arkansas,36.2349,-92.3167,29586,no (<0.5 psi),0.0000,0.0000,0.2196,0.7003,0.2562,0.4771,0.3535,0.3020,0.3366,0.2691,0.3620,0.5182,0.2961,0.5434,0.2547,0.5668,0.2480,0.3531,0.7381,0.4243,0.6444,0.4504,0.5352,0.4973,0.3467,0.5471,0.5102,0.4508,0.5927,0.3906,0.5805,0.2906
05007,Benton Co.,Arkansas,36.2725,-94.2249,85837,no (<0.5 psi),0.0000,0.0000,0.4253,0.6377,0.7107,0.4489,0.5324,0.5394,0.7084,0.5676,0.5508,0.3920,0.7490,0.7431,0.6192,0.5569,0.7770,0.6153,0.5226,0.3405,0.8197,0.3943,0.5863,0.3999,0.6928,0.4309,0.7691,0.4692,0.4974,0.4626,0.4612,0.5018
05009,Boone Co.,Arkansas,36.2198,-93.0944,27563,no (<0.5 psi),0.0000,0.0000,0.2088,0.4499,0.1686,0.4046,0.3305,0.2813,0.2343,0.3775,0.1892,0.2611,0.3547,0.3490,0.2017,0.4708,0.3015,0.3388,0.5469,0.3155,0.5170,0.5089,0.3561,0.3719,0.4172,0.4227,0.4072,0.3290,0.4250,0.4202,0.5504,0.2294
05011,Bradley Co.,Arkansas,33.4338,-92.1664,12882,no (<0.5 psi),0.0000,0.0000,0.1168,0.2864,0.0279,0.0786,0.0350,0.0783,0.0213,0.0375,0.0360,0.0647,0.0195,0.0423,0.0211,0.0561,0.0297,0.2055,0.3727,0.1875,0.1121,0.2876,0.0931,0.2495,0.1192,0.2987,0.1133,0.1813,0.0954,0.2660,0.3463,0.0688
05013,Calhoun Co.,Arkansas,33.5345,-92.5454,6067,medium (2-5 psi),0.0000,1.0000,0.0626,0.2420,0.0141,0.0231,0.0118,0.0244,0.0113,0.0215,0.0145,0.0218,0.0107,0.0184,0.0134,0.0077,0.0222,0.1162,0.3508,0.0802,0.0633,0.1222,0.0961,0.1371,0.0418,0.1544,0.0391,0.1047,0.0969,0.1047,0.0861,0.0559
05015,Carroll Co.,Arkansas,36.3378,-93.5827,17531,no (<0.5 psi),0.0000,0.0000,0.1489,0.2490,0.2050,0.1208,0.1023,0.1057,0.2052,0.1294,0.1292,0.0863,0.1861,0.1766,0.1104,0.1219,0.1948,0.2544,0.3471,0.3579,0.3790,0.2854,0.3056,0.3560,0.2755,0.3589,0.3958,0.2976,0.5257,0.2983,0.2936,0.3916
05017,Chicot Co.,Arkansas,33.2853,-91.2946,17256,no (<0.5 psi),0.0000,0.0000,0.1471,0.5977,0.0791,0.0282,0.1194,0.0506,0.0696,0.0389,0.0897,0.0359,0.0757,0.1091,0.0559,0.0554,0.0692,0.2517,0.7310,0.2898,0.1062,0.3589,0.0992,0.3736,0.1509,0.3828,0.1614,0.3638,0.3589,0.2956,0.2106,0.3407
05019,Clark Co.,Arkansas,34.0531,-93.1616,22814,no (<0.5 psi),0.0000,0.0000,0.1819,0.7139,0.1713,0.0640,0.1034,0.0565,0.1658,0.0953,0.1647,0.0975,0.1202,0.1073,0.2397,0.1841,0.1488,0.3018,0.7023,0.3729,0.1423,0.4133,0.2516,0.4346,0.1518,0.3783,0.0983,0.4422,0.1294,0.4786,0.5203,0.1651
05021,Clay Co.,Arkansas,36.3543,-90.4109,19333,medium (2-5 psi),0.0000,1.0000,0.1462,0.1811,0.0411,0.0364,0.0309,0.0901,0.0254,0.0591,0.0318,0.0337,0.0249,0.0268,0.0691,0.0399,0.0540,0.2747,0.3748,0.0697,0.0632,0.0436,0.0955,0.0491,0.0906,0.0579,0.0705,0.0564,0.0671,0.0801,0.0570,0.0787
05023,Cleburne Co.,Arkansas,35.5359,-92.0211,18486,no (<0.5 psi),0.0000,0.0000,0.1551,0.9069,0.7791,0.1871,0.6922,0.1474,0.8162,0.1437,0.7426,0.1716,0.7600,0.0846,0.8515,0.7738,0.1506,0.2635,0.9161,0.6708,0.2876,0.6599,0.3140,0.7227,0.2011,0.7511,0.1645,0.7323,0.3786,0.6353,0.6682,0.3937
05025,Cleveland Co.,Arkansas,33.8853,-92.1849,7867,low (0.5-2 psi),0.0000,0.0000,0.0780,0.3095,0.0243,0.0268,0.0361,0.0645,0.0231,0.0256,0.0415,0.0188,0.0333,0.0161,0.0239,0.0305,0.0192,0.1424,0.2759,0.0616,0.0462,0.1198,0.0780,0.0863,0.0276,0.1029,0.0451,0.0715,0.0391,0.1093,0.1051,0.0235
05027,Columbia Co.,Arkansas,33.1382,-93.2355,26717,high (5-10 psi),0.0000,1.0000,0.2042,0.2513,0.0516,0.0748,0.0558,0.1343,0.0438,0.1107,0.0439,0.0985,0.0571,0.0543,0.0511,0.0609,0.1109,0.3325,0.3168,0.0458,0.0878,0.0999,0.1339,0.0753,0.0797,0.0806,0.0928,0.0713,0.0627,0.0889,0.1271,0.0699
05029,Conway Co.,Arkansas,35.2700,-92.6749,19441,no (<0.5 psi),0.0000,0.0000,0.1612,0.7774,0.8188,0.0589,0.7870,0.0658,0.7849,0.0629,0.7787,0.0589,0.8320,0.1373,0.8184,0.7704,0.1747,0.2758,0.3828,0.1992,0.1458,0.3342,0.1031,0.2469,0.0757,0.2433,0.1885,0.1867,0.1764,0.1884,0.3162,0.1306
05031,Craighead Co.,Arkansas,35.7946,-90.6610,64068,no (<0.5 psi),0.0000,0.0000,0.3620,0.6159,0.1364,0.3335,0.1874,0.3127,0.1310,0.3087,0.1560,0.2128,0.2337,0.2337,0.1832,0.3312,0.2080,0.5222,0.8640,0.2933,0.5094,0.3005,0.3646,0.3836,0.4208,0.3154,0.3930,0.3498,0.4241,0.4015,0.3163,0.5035
05033,Crawford Co.,Arkansas,35.5652,-94.2415,39028,no (<0.5 psi),0.0000,0.0000,0.2657,0.4121,0.2645,0.3933,0.5334,0.3269,0.4060,0.4508,0.2638,0.2546,0.5756,0.3694,0.4105,0.5465,0.2425,0.4275,0.3987,0.2423,0.4075,0.3238,0.3698,0.2596,0.3537,0.2283,0.3258,0.2896,0.4058,0.2067,0.2692,0.2636
05035,Crittenden Co.,Arkansas,35.1363,-90.2337,49365,medium (2-5 psi),0.0000,1.0000,0.3093,0.6214,0.3347,0.2587,0.5047,0.3681,0.3736,0.2903,0.4714,0.1872,0.6504,0.8353,0.1974,0.3391,0.5357,0.4637,0.9184,0.5688,0.5872,0.7116,0.4830,0.4921,0.6289,0.5526,0.4138,0.6568,0.8745,0.4659,0.3942,0.7219
05037,Cross Co.,Arkansas,35.2665,-90.7730,20052,no (<0.5 psi),0.0000,0.0000,0.1651,0.3645,0.0635,0.1110,0.0340,0.0599,0.0606,0.0878,0.0372,0.1461,0.0481,0.0637,0.0494,0.0702,0.0565,0.2780,0.6652,0.3362,0.3519,0.2097,0.2540,0.3632,0.1966,0.3519,0.3235,0.3239,0.3159,0.3474,0.3452,0.3137
05039,Dallas Co.,Arkansas,33.9758,-92.7163,10230,no (<0.5 psi),0.0000,0.0000,0.0969,0.2546,0.0459,0.0309,0.0345,0.0402,0.0488,0.0279,0.0292,0.0162,0.0610,0.0228,0.0496,0.0420,0.0352,0.1738,0.3478,0.1245,0.1460,0.1491,0.1302,0.1373,0.1043,0.1464,0.1541,0.1844,0.1224,0.2099,0.2129,0.0896
05041,Desha Co.,Arkansas,33.8278,-91.3068,18492,no (<0.5 psi),0.0000,0.0000,0.1552,0.6720,0.1145,0.0567,0.1529,0.0528,0.1323,0.0556,0.1290,0.0706,0.1279,0.1132,0.0858,0.1211,0.1091,0.2636,0.7584,0.5290,0.1029,0.3470,0.0961,0.5379,0.2136,0.5330,0.1557,0.4204,0.5870,0.3369,0.3365,0.4528
05043,Drew Co.,Arkansas,33.6339,-91.7141,17985,no (<0.5 psi),0.0000,0.0000,0.1519,0.4017,0.0486,0.0615,0.0437,0.0780,0.0618,0.0702,0.0507,0.0487,0.0544,0.0483,0.0727,0.0683,0.0667,0.2588,0.4806,0.1428,0.1532,0.1787,0.1616,0.2034,0.1333,0.1915,0.1220,0.1516,0.0765,0.2120,0.2038,0.1117
05045,Faulkner Co.,Arkansas,35.0990,-92.3321,51659,low (0.5-2 psi),0.0000,0.0000,0.3182,0.9961,0.9864,0.2478,0.9808,0.1832,0.9788,0.4190,0.9808,0.3466,0.9771,0.2048,0.9862,0.9718,0.2203,0.4739,0.9923,0.9494,0.4964,0.9633,0.3926,0.9401,0.6515,0.9516,0.4457,0.9567,0.6037,0.9475,0.9642,0.5542
05047,Franklin Co.,Arkansas,35.4873,-93.8752,15036,no (<0.5 psi),0.0000,0.0000,0.1321,0.5472,0.2365,0.1946,0.2005,0.1158,0.3154,0.1189,0.1271,0.0981,0.2594,0.2835,0.2004,0.1582,0.1785,0.2291,0.4158,0.1474,0.3670,0.2389,0.2429,0.1320,0.1009,0.2405,0.3248,0.1293,0.4999,0.1290,0.1243,0.1786
05049,Fulton Co.,Arkansas,36.3866,-91.8030,10068,no (<0.5 psi),0.0000,0.0000,0.0957,0.2176,0.0417,0.0300,0.0555,0.0334,0.0301,0.0347,0.0339,0.0227,0.0513,0.0280,0.0347,0.0612,0.0193,0.1717,0.3748,0.2131,0.0657,0.2555,0.0853,0.2595,0.0496,0.2367,0.0578,0.2266,0.0579,0.2891,0.2501,0.0501
05051,Garland Co.,Arkansas,34.5762,-93.1061,72209,no (<0.5 psi),0.0000,0.0000,0.3875,0.9260,0.5266,0.3458,0.4736,0.2655,0.6266,0.3854,0.4170,0.2626,0.5048,0.1877,0.6442,0.5638,0.3985,0.5489,0.8936,0.2287,0.2629,0.3599,0.2287,0.2917,0.3258,0.2733,0.2046,0.3390,0.1250,0.5364,0.4941,0.1730
05053,Grant Co.,Arkansas,34.3252,-92.4409,13131,no (<0.5 psi),0.0000,0.0000,0.1187,0.5039,0.4216,0.0895,0.4516,0.1674,0.3721,0.0895,0.4651,0.0277,0.3953,0.0539,0.4575,0.5177,0.0685,0.2083,0.6658,0.5645,0.3570,0.6931,0.4563,0.5186,0.2698,0.6479,0.2469,0.6627,0.3047,0.6882,0.6233,0.3305
05055,Greene Co.,Arkansas,36.1156,-90.5272,31258,no (<0.5 psi),0.0000,0.0000,0.2283,0.3560,0.1195,0.1593,0.1121,0.1622,0.1130,0.2050,0.0899,0.1616,0.1596,0.0990,0.1226,0.1502,0.1348,0.3645,0.6623,0.3679,0.1726,0.3022,0.1753,0.3631,0.2409,0.3328,0.1535,0.4412,0.1426,0.3429,0.4456,0.2023
05057,Hempstead Co.,Arkansas,33.7448,-93.7143,22713,no (<0.5 psi),0.0000,0.0000,0.1813,0.3458,0.1342,0.0945,0.1437,0.1050,0.1358,0.1267,0.1388,0.0599,0.1810,0.1258,0.1368,0.1619,0.2248,0.3010,0.4651,0.2567,0.1635,0.4267,0.1373,0.2651,0.2721,0.2488,0.1263,0.2632,0.0614,0.3643,0.3666,0.2430
05059,Hot Spring Co.,Arkansas,34.3094,-93.0137,26816,no (<0.5 psi),0.0000,0.0000,0.2047,0.7942,0.3883,0.0401,0.1738,0.0566,0.4851,0.1135,0.3296,0.0760,0.3206,0.0892,0.4995,0.3097,0.2651,0.3332,0.8035,0.2993,0.0675,0.2101,0.0707,0.2861,0.0728,0.3069,0.0854,0.3221,0.0953,0.3587,0.3132,0.1787
05061,Howard Co.,Arkansas,34.0504,-93.9532,13669,no (<0.5 psi),0.0000,0.0000,0.1225,0.2770,0.1010,0.1135,0.1140,0.0670,0.0912,0.0581,0.0557,0.1030,0.1412,0.0802,0.1165,0.0968,0.0665,0.2144,0.3771,0.1198,0.1259,0.2697,0.1825,0.1487,0.0650,0.1151,0.1019,0.1358,0.0524,0.1805,0.2024,0.1105
05063,Independence Co.,Arkansas,35.7332,-91.5822,31368,no (<0.5 psi),0.0000,0.0000,0.2288,0.9072,0.8616,0.2421,0.4573,0.1009,0.8717,0.1845,0.8127,0.7899,0.5729,0.1105,0.8559,0.6182,0.5945,0.3652,0.9023,0.9027,0.5268,0.8192,0.3833,0.9217,0.4836,0.9313,0.8819,0.7632,0.3415,0.9427,0.8324,0.7914
05065,Izard Co.,Arkansas,36.0616,-91.8940,10909,no (<0.5 psi),0.0000,0.0000,0.1022,0.3946,0.0648,0.0437,0.1081,0.0418,0.0956,0.0758,0.0578,0.0177,0.1499,0.0545,0.0711,0.1121,0.0341,0.1822,0.5743,0.7114,0.1686,0.7363,0.1782,0.7795,0.1148,0.7547,0.1123,0.7420,0.2609,0.6948,0.7630,0.1895
05067,Jackson Co.,Arkansas,35.5833,-91.2035,20280,no (<0.5 psi),0.0000,0.0000,0.1665,0.8127,0.2657,0.1364,0.1025,0.0804,0.2994,0.1053,0.3484,0.3887,0.1093,0.2212,0.2309,0.1881,0.2941,0.2800,0.9096,0.7493,0.2214,0.5651,0.1469,0.8229,0.3819,0.8570,0.6993,0.4827,0.5560,0.7780,0.5539,0.7683
05069,Jefferson Co.,Arkansas,34.3582,-91.9593,88011,very high (>=10 psi),1.0000,1.0000,0.4308,0.9898,0.9513,0.5543,0.8873,0.3661,0.9510,0.5255,0.9450,0.8961,0.8150,0.7581,0.9368,0.7603,0.9037,0.5924,0.9791,0.9370,0.6099,0.8722,0.3500,0.9388,0.4972,0.9338,0.9291,0.8203,0.8584,0.8852,0.7919,0.9207
05071,Johnson Co.,Arkansas,35.5337,-93.4632,18192,medium (2-5 psi),0.0000,1.0000,0.1532,0.4213,0.1536,0.1208,0.2443,0.1200,0.1681,0.1170,0.1221,0.1286,0.2933,0.1029,0.1579,0.2769,0.0865,0.2632,0.2721,0.0972,0.3692,0.1116,0.2099,0.0854,0.1422,0.0981,0.2902,0.1231,0.2967,0.0682,0.1091,0.1192
05075,Lawrence Co.,Arkansas,36.0672,-91.0870,18152,no (<0.5 psi),0.0000,0.0000,0.1530,0.4704,0.0549,0.0417,0.0618,0.0450,0.0552,0.0510,0.0615,0.0387,0.0837,0.0716,0.0360,0.0607,0.0605,0.2604,0.7165,0.3097,0.1820,0.2803,0.1304,0.3964,0.2284,0.4178,0.1477,0.2894,0.1894,0.3549,0.2949,0.3012
05079,Lincoln Co.,Arkansas,33.9878,-91.7093,13014,no (<0.5 psi),0.0000,0.0000,0.1178,0.4928,0.0884,0.0878,0.2236,0.1800,0.0867,0.0341,0.1332,0.0837,0.1290,0.1656,0.0412,0.1127,0.0710,0.2070,0.6766,0.3951,0.1757,0.3759,0.2039,0.4347,0.1457,0.4638,0.1867,0.3594,0.4878,0.3011,0.4194,0.2881
05083,Logan Co.,Arkansas,35.2225,-93.6539,20735,medium (2-5 psi),0.0000,1.0000,0.1693,0.4701,0.1736,0.2287,0.1768,0.1613,0.1671,0.0832,0.1597,0.2431,0.2109,0.3859,0.1279,0.2708,0.1518,0.2884,0.3126,0.1078,0.3796,0.1900,0.3093,0.1394,0.1500,0.2116,0.3234,0.1113,0.4352,0.0835,0.1277,0.1616
05087,Madison Co.,Arkansas,36.0241,-93.6970,11720,no (<0.5 psi),0.0000,0.0000,0.1083,0.1891,0.0295,0.0610,0.0303,0.0773,0.0336,0.0628,0.0284,0.0716,0.0560,0.0444,0.0273,0.0478,0.0437,0.1893,0.1547,0.0298,0.1522,0.0348,0.1192,0.0249,0.0770,0.0415,0.1616,0.0352,0.0379,0.0476,0.0771,0.0277
05089,Marion Co.,Arkansas,36.2779,-92.7118,11754,no (<0.5 psi),0.0000,0.0000,0.1085,0.4444,0.1426,0.0486,0.1197,0.0566,0.1830,0.0991,0.1321,0.0399,0.1761,0.0868,0.1470,0.1733,0.1085,0.1924,0.6083,0.2616,0.2537,0.3771,0.1876,0.3834,0.2953,0.3595,0.2754,0.2665,0.2110,0.4136,0.4297,0.1922
05093,Mississippi Co.,Arkansas,35.6952,-90.1214,59252,very high (>=10 psi),1.0000,1.0000,0.3458,0.9269,0.8953,0.1459,0.9225,0.2754,0.8715,0.1736,0.8951,0.0926,0.9261,0.2697,0.9105,0.9543,0.2516,0.5047,0.9490,0.8561,0.2854,0.8793,0.3373,0.8133,0.2399,0.8819,0.2413,0.8557,0.6237,0.9124,0.9278,0.4476
05097,Montgomery Co.,Arkansas,34.5310,-93.6685,7855,no (<0.5 psi),0.0000,0.0000,0.0779,0.1799,0.0271,0.0315,0.0333,0.0277,0.0313,0.0388,0.0187,0.0346,0.0433,0.0139,0.0540,0.0393,0.0182,0.1423,0.2367,0.1412,0.0500,0.1546,0.0726,0.1555,0.0534,0.1418,0.0404,0.1397,0.0417,0.1857,0.1156,0.0692
05099,Nevada Co.,Arkansas,33.6266,-93.2938,10886,medium (2-5 psi),0.0000,1.0000,0.1020,0.1884,0.0250,0.0300,0.0377,0.0357,0.0229,0.0284,0.0214,0.0204,0.0315,0.0313,0.0241,0.0302,0.0227,0.1819,0.2785,0.1544,0.0852,0.2226,0.1203,0.2125,0.0680,0.1723,0.0888,0.1561,0.0644,0.1890,0.1834,0.1161
05101,Newton Co.,Arkansas,35.9247,-93.2151,7852,no (<0.5 psi),0.0000,0.0000,0.0778,0.1959,0.0270,0.0450,0.0305,0.0545,0.0325,0.0589,0.0240,0.0573,0.0471,0.0177,0.0458,0.0711,0.0177,0.1422,0.3001,0.1076,0.0957,0.1432,0.1430,0.1660,0.0665,0.1391,0.0542,0.1066,0.0433,0.1663,0.1478,0.0340
05103,Ouachita Co.,Arkansas,33.5803,-92.9111,31984,very high (>=10 psi),1.0000,1.0000,0.2320,0.7457,0.1599,0.3026,0.1224,0.2021,0.2201,0.2302,0.2214,0.3665,0.0978,0.1629,0.2759,0.2064,0.2988,0.3693,0.6714,0.2655,0.5788,0.3790,0.4388,0.3143,0.4452,0.3853,0.5197,0.3317,0.3995,0.4261,0.4676,0.2230
05105,Perry Co.,Arkansas,34.9433,-92.8808,7707,no (<0.5 psi),0.0000,0.0000,0.0766,0.3569,0.4979,0.0695,0.5238,0.0839,0.4690,0.0405,0.5256,0.0212,0.5961,0.0484,0.6369,0.4635,0.0351,0.1402,0.4880,0.4841,0.1203,0.5713,0.2574,0.5411,0.0848,0.5214,0.0812,0.6295,0.2042,0.5721,0.5132,0.1477
05109,Pike Co.,Arkansas,34.1468,-93.6336,10109,no (<0.5 psi),0.0000,0.0000,0.0960,0.3162,0.0464,0.0304,0.0256,0.0396,0.0397,0.0371,0.0197,0.0186,0.0528,0.0377,0.0475,0.0262,0.0442,0.1722,0.3831,0.1369,0.1228,0.1581,0.1975,0.1586,0.0630,0.1612,0.0838,0.1773,0.1188,0.1994,0.1562,0.1114
05111,Poinsett Co.,Arkansas,35.5747,-90.6624,25677,no (<0.5 psi),0.0000,0.0000,0.1984,0.3702,0.0888,0.1070,0.0604,0.1273,0.0745,0.1025,0.0794,0.1375,0.1003,0.0559,0.1228,0.1374,0.0932,0.3246,0.7155,0.4785,0.2058,0.1878,0.1364,0.4412,0.2294,0.3750,0.2107,0.3593,0.3804,0.4438,0.3687,0.3718
05113,Polk Co.,Arkansas,34.4314,-94.1985,17243,no (<0.5 psi),0.0000,0.0000,0.1470,0.2681,0.0749,0.0563,0.1109,0.0503,0.0842,0.0616,0.0683,0.0477,0.1712,0.0675,0.1066,0.1135,0.0515,0.2516,0.3599,0.1640,0.2060,0.2117,0.2548,0.1475,0.2044,0.1545,0.2108,0.1323,0.1485,0.1910,0.1571,0.1608
05115,Pope Co.,Arkansas,35.3951,-93.0744,42432,very high (>=10 psi),1.0000,1.0000,0.2808,0.9321,0.9265,0.3249,0.7548,0.3679,0.9268,0.4831,0.8959,0.8775,0.7983,0.4052,0.9349,0.6944,0.9088,0.4474,0.6878,0.6974,0.2148,0.2855,0.1694,0.6655,0.2981,0.7284,0.8592,0.3082,0.3851,0.7920,0.2870,0.7683
05119,Pulaski Co.,Arkansas,34.7469,-92.3136,350003,very high (>=10 psi),1.0000,1.0000,0.7260,1.0000,0.9938,0.8352,0.9935,0.9476,0.9898,0.9135,0.9924,0.7697,0.9921,0.9604,0.9937,0.9821,0.9703,0.8340,1.0000,0.9883,0.9304,0.9900,0.9505,0.9904,0.9708,0.9914,0.9027,0.9908,0.9838,0.9876,0.9871,0.9847
05121,Randolph Co.,Arkansas,36.3125,-91.0049,16514,no (<0.5 psi),0.0000,0.0000,0.1422,0.2494,0.0620,0.0296,0.0485,0.0332,0.0476,0.0612,0.0489,0.0265,0.0923,0.0363,0.0386,0.0596,0.0364,0.2443,0.4827,0.2328,0.0892,0.3297,0.0742,0.2745,0.1313,0.2724,0.0747,0.2887,0.0854,0.2760,0.3452,0.1040
05125,Saline Co.,Arkansas,34.6361,-92.6861,57375,very high (>=10 psi),1.0000,1.0000,0.3392,0.8689,0.8365,0.3727,0.7649,0.2788,0.8255,0.4240,0.7980,0.3829,0.8618,0.3347,0.9090,0.8772,0.3526,0.4974,0.8988,0.7125,0.5078,0.8211,0.3806,0.6913,0.5229,0.7639,0.3875,0.7545,0.6192,0.6739,0.8262,0.5571
05127,Scott Co.,Arkansas,34.8388,-94.0795,9995,no (<0.5 psi),0.0000,0.0000,0.0951,0.1685,0.0216,0.0680,0.0210,0.0405,0.0191,0.0243,0.0143,0.0496,0.0306,0.0194,0.0342,0.0377,0.0170,0.1708,0.2644,0.0600,0.0884,0.1010,0.1151,0.0738,0.0859,0.0652,0.0924,0.0617,0.0478,0.1086,0.1035,0.0455
05129,Searcy Co.,Arkansas,35.8833,-92.6803,8540,no (<0.5 psi),0.0000,0.0000,0.0835,0.3454,0.1340,0.0179,0.0992,0.0262,0.1251,0.0370,0.0898,0.0258,0.1373,0.0293,0.1336,0.1412,0.0420,0.1517,0.4617,0.3582,0.0281,0.4200,0.0377,0.4627,0.0604,0.3715,0.0260,0.4532,0.0275,0.4851,0.4706,0.0631
05131,Sebastian Co.,Arkansas,35.1714,-94.2347,98191,no (<0.5 psi),0.0000,0.0000,0.4554,0.7584,0.6696,0.5492,0.6517,0.5244,0.6997,0.3318,0.5542,0.5473,0.7404,0.6094,0.6467,0.7086,0.6515,0.6456,0.6599,0.5467,0.8418,0.5203,0.7511,0.6234,0.5779,0.6149,0.8018,0.5666,0.8084,0.4488,0.5195,0.5815
05133,Sevier Co.,Arkansas,33.9723,-94.2699,14072,no (<0.5 psi),0.0000,0.0000,0.1254,0.1935,0.0889,0.0611,0.1075,0.0440,0.0755,0.0497,0.0574,0.0790,0.1273,0.0608,0.0885,0.0904,0.0648,0.2188,0.2312,0.1112,0.0916,0.2083,0.1065,0.1482,0.0750,0.1462,0.1017,0.1029,0.0471,0.1329,0.1449,0.1239
05135,Sharp Co.,Arkansas,36.1866,-91.5127,14479,no (<0.5 psi),0.0000,0.0000,0.1282,0.3197,0.1509,0.0424,0.1353,0.0263,0.1036,0.0413,0.0853,0.0613,0.1431,0.0435,0.1010,0.1530,0.0308,0.2232,0.4523,0.3397,0.0944,0.3700,0.1004,0.3979,0.1037,0.4541,0.0988,0.4234,0.1197,0.3387,0.3630,0.1392
05137,Stone Co.,Arkansas,35.9191,-92.2183,9347,no (<0.5 psi),0.0000,0.0000,0.0900,0.3741,0.1902,0.0531,0.2331,0.0463,0.2232,0.0411,0.1600,0.0280,0.2678,0.0325,0.1827,0.2522,0.0230,0.1624,0.4862,0.4169,0.1117,0.5465,0.1246,0.5423,0.1076,0.5281,0.1260,0.5242,0.0879,0.5461,0.4729,0.1067
05139,Union Co.,Arkansas,33.1994,-92.5810,48499,very high (>=10 psi),1.0000,1.0000,0.3059,0.5762,0.2162,0.4793,0.2376,0.3258,0.2843,0.4426,0.1745,0.4791,0.2154,0.4599,0.1482,0.3442,0.4412,0.4598,0.5979,0.2013,0.4590,0.2513,0.3244,0.1897,0.3870,0.2489,0.3276,0.2128,0.2293,0.2579,0.3013,0.2413
05141,Van Buren Co.,Arkansas,35.6306,-92.5269,13880,no (<0.5 psi),0.0000,0.0000,0.1240,0.6850,0.8254,0.1499,0.7939,0.2629,0.8107,0.1335,0.7821,0.0957,0.8570,0.2450,0.8358,0.8106,0.1188,0.2167,0.7380,0.5904,0.3772,0.7433,0.5023,0.6678,0.2983,0.7046,0.3642,0.6552,0.2678,0.7098,0.7510,0.2668
05143,Washington Co.,Arkansas,35.9654,-94.2380,105092,no (<0.5 psi),0.0000,0.0000,0.4707,0.6192,0.5904,0.4361,0.6025,0.5676,0.6094,0.4788,0.4492,0.4574,0.7116,0.5392,0.6172,0.6365,0.6394,0.6604,0.4986,0.5071,0.8012,0.5341,0.7739,0.4487,0.7736,0.4924,0.8224,0.4410,0.5951,0.5992,0.6187,0.5137
05145,White Co.,Arkansas,35.2802,-91.7625,52052,low (0.5-2 psi),0.0000,0.0000,0.3197,0.9353,0.8459,0.2463,0.7648,0.1565,0.8249,0.3600,0.7713,0.3538,0.8531,0.3095,0.8801,0.8416,0.3370,0.4756,0.9550,0.7332,0.4600,0.6574,0.2699,0.7414,0.3541,0.7071,0.4550,0.6994,0.4429,0.6529,0.7952,0.4364
05147,Woodruff Co.,Arkansas,35.1784,-91.2319,10602,no (<0.5 psi),0.0000,0.0000,0.0998,0.6619,0.1307,0.0358,0.1633,0.0449,0.1996,0.0292,0.1888,0.0489,0.1319,0.0239,0.1216,0.1934,0.0190,0.1784,0.8042,0.5688,0.0785,0.5777,0.0968,0.6712,0.1181,0.6890,0.0428,0.6056,0.2407,0.6037,0.6983,0.0941
05149,Yell Co.,Arkansas,35.0268,-93.4050,17507,high (5-10 psi),0.0000,1.0000,0.1488,0.4959,0.1879,0.1638,0.1535,0.2280,0.1624,0.1342,0.1379,0.1165,0.2699,0.0866,0.2936,0.2538,0.1198,0.2542,0.5891,0.2999,0.3316,0.3522,0.3648,0.3711,0.2333,0.3473,0.3072,0.3622,0.3032,0.4202,0.3691,0.2304
06001,Alameda Co.,California,37.6792,-121.8642,1197401,very high (>=10 psi),1.0000,1.0000,0.9004,0.9846,0.9669,0.9714,0.9599,0.9373,0.9668,0.9649,0.9686,0.9775,0.9763,0.9545,0.9601,0.9755,0.9480,0.9520,0.9992,0.9905,0.9876,0.9864,0.9865,0.9914,0.9818,0.9893,0.9888,0.9905,0.9788,0.9915,0.9897,0.9780
06003,Alpine Co.,California,38.6289,-119.8438,1156,no (<0.5 psi),0.0000,0.0000,0.0053,0.0029,0.0220,0.0142,0.0304,0.0163,0.0184,0.0112,0.0308,0.0153,0.0192,0.0206,0.0288,0.0310,0.0133,0.0243,0.0293,0.0167,0.0488,0.0291,0.0225,0.0160,0.0168,0.0274,0.0487,0.0182,0.0125,0.0259,0.0693,0.0104
06005,Amador Co.,California,38.4616,-120.7344,22659,low (0.5-2 psi),0.0000,0.0000,0.1683,0.0766,0.2387,0.2731,0.1884,0.2005,0.1182,0.1887,0.2058,0.2068,0.2094,0.1711,0.2536,0.1428,0.2150,0.2920,0.4236,0.3746,0.5518,0.4539,0.5776,0.3598,0.3287,0.3351,0.5807,0.3327,0.3339,0.5396,0.5643,0.4234
06007,Butte Co.,California,39.7223,-121.5787,160680,low (0.5-2 psi),0.0000,0.0000,0.5998,0.5782,0.6342,0.6660,0.3652,0.6238,0.7159,0.6804,0.7195,0.7497,0.4316,0.6177,0.5650,0.5835,0.7184,0.7456,0.7909,0.7319,0.6927,0.6410,0.6391,0.7852,0.7708,0.7385,0.6551,0.7622,0.8116,0.7320,0.6593,0.8048
06009,Calaveras Co.,California,38.1711,-120.6581,24870,low (0.5-2 psi),0.0000,0.0000,0.1824,0.0749,0.1530,0.2262,0.1527,0.1836,0.1165,0.1354,0.1540,0.1795,0.2433,0.2732,0.1838,0.1987,0.2043,0.3090,0.2674,0.3283,0.2719,0.2017,0.3275,0.2350,0.2992,0.2276,0.2884,0.3164,0.2826,0.2593,0.2095,0.4209
06011,Colusa Co.,California,39.1699,-122.2060,14701,no (<0.5 psi),0.0000,0.0000,0.1138,0.0209,0.0692,0.1320,0.0642,0.0313,0.0825,0.0988,0.0439,0.1920,0.0785,0.1105,0.1117,0.0969,0.0819,0.2204,0.1297,0.2641,0.2033,0.1000,0.1317,0.1755,0.2950,0.1676,0.3070,0.1872,0.2179,0.1352,0.1401,0.3035
06013,Contra Costa Co.,California,37.9111,-121.9772,711446,very high (>=10 psi),1.0000,1.0000,0.8835,0.5859,0.9026,0.9703,0.9649,0.9262,0.9432,0.8839,0.9378,0.9571,0.9335,0.9735,0.8954,0.9682,0.9019,0.8929,0.8042,0.9722,0.9823,0.9697,0.9741,0.9735,0.9588,0.9717,0.9821,0.9686,0.9916,0.9634,0.9596,0.9684
06017,El Dorado Co.,California,38.7841,-120.5258,99093,low (0.5-2 psi),0.0000,0.0000,0.4633,0.4221,0.2230,0.5038,0.1574,0.3206,0.2329,0.2541,0.2280,0.3543,0.0993,0.4569,0.2574,0.2011,0.1998,0.6476,0.7311,0.3827,0.3264,0.4018,0.4333,0.4245,0.3626,0.4169,0.3719,0.3278,0.5943,0.3683,0.3479,0.3506
06019,Fresno Co.,California,36.7463,-119.6354,584070,very high (>=10 psi),1.0000,1.0000,0.8202,0.8163,0.8767,0.8914,0.7718,0.8731,0.9089,0.9006,0.8185,0.8866,0.8066,0.9053,0.8492,0.7153,0.9400,0.9072,0.8747,0.8301,0.8786,0.8581,0.8875,0.8737,0.9259,0.8432,0.8986,0.8532,0.9318,0.8257,0.8628,0.9380
06021,Glenn Co.,California,39.5935,-122.4390,23171,no (<0.5 psi),0.0000,0.0000,0.1412,0.0427,0.1659,0.3422,0.1382,0.2259,0.2029,0.2607,0.1784,0.3224,0.1743,0.2184,0.1905,0.2777,0.1974,0.3109,0.1327,0.2266,0.3419,0.1475,0.2057,0.1877,0.4308,0.1370,0.3162,0.2469,0.2403,0.1895,0.1909,0.3133
06025,Imperial Co.,California,33.0229,-115.3065,99199,very high (>=10 psi),1.0000,1.0000,0.4572,0.4269,0.6703,0.6427,0.5738,0.7290,0.6366,0.5397,0.6628,0.5955,0.6926,0.6980,0.6927,0.5245,0.6913,0.5857,0.4808,0.7815,0.6565,0.7125,0.7708,0.6523,0.7210,0.6942,0.6455,0.6878,0.6644,0.8167,0.5629,0.8409
06029,Kern Co.,California,35.3073,-118.7195,474243,very high (>=10 psi),1.0000,1.0000,0.7890,0.8625,0.8487,0.8674,0.8688,0.8664,0.8216,0.7822,0.8508,0.8219,0.8388,0.8823,0.7488,0.8338,0.8146,0.8884,0.8845,0.9142,0.9622,0.9278,0.9429,0.8931,0.9268,0.8906,0.9583,0.8950,0.9046,0.8835,0.8879,0.9353
06031,Kings Co.,California,36.1597,-119.7574,85205,very high (>=10 psi),1.0000,1.0000,0.4215,0.7724,0.8332,0.5800,0.7836,0.5861,0.8088,0.4743,0.8497,0.7102,0.8436,0.5084,0.8698,0.7708,0.5604,0.5942,0.9155,0.9164,0.6449,0.9004,0.6960,0.9143,0.8199,0.9036,0.7707,0.9351,0.5101,0.9102,0.9324,0.7298
06033,Lake Co.,California,39.1286,-122.7913,45494,no (<0.5 psi),0.0000,0.0000,0.2963,0.1628,0.0612,0.4460,0.1307,0.1372,0.0703,0.1254,0.0577,0.2614,0.0811,0.1952,0.0889,0.1455,0.0660,0.4310,0.3023,0.2362,0.6003,0.2435,0.3149,0.1695,0.3542,0.1592,0.7031,0.1791,0.3936,0.3005,0.2322,0.1884
06035,Lassen Co.,California,40.4461,-120.5277,24128,very high (>=10 psi),1.0000,1.0000,0.1895,0.0685,0.0459,0.0720,0.0431,0.0376,0.0430,0.0503,0.0563,0.0591,0.0349,0.0409,0.0499,0.0689,0.0300,0.3194,0.2389,0.2320,0.1693,0.2262,0.1217,0.1872,0.1511,0.2050,0.2137,0.2423,0.1175,0.2503,0.2826,0.1264
06037,Los Angeles Co.,California,34.2521,-118.1430,8182906,very high (>=10 psi),1.0000,1.0000,0.9881,0.9975,0.9546,0.8767,0.9764,0.9609,0.9498,0.8732,0.9840,0.9198,0.9543,0.8539,0.9773,0.9821,0.8283,0.9924,0.9978,0.9483,0.9789,0.9561,0.9707,0.9599,0.9569,0.9663,0.9735,0.9485,0.8226,0.9784,0.9751,0.8908
06039,Madera Co.,California,37.2722,-119.6343,75118,low (0.5-2 psi),0.0000,0.0000,0.3925,0.4595,0.1051,0.5395,0.1252,0.3960,0.0963,0.1578,0.1405,0.2641,0.1381,0.5580,0.0718,0.0889,0.1281,0.5639,0.6492,0.3492,0.6297,0.3575,0.5604,0.3635,0.6054,0.3592,0.6730,0.3823,0.7195,0.3422,0.3219,0.4226
06041,Marin Co.,California,38.0682,-122.7322,222459,very high (>=10 psi),1.0000,1.0000,0.6907,0.2866,0.8094,0.8899,0.8253,0.7966,0.7784,0.9046,0.7081,0.7803,0.8539,0.8170,0.8171,0.8591,0.7708,0.7515,0.5517,0.9260,0.9492,0.9556,0.9153,0.9324,0.9513,0.9231,0.9125,0.9501,0.9508,0.9552,0.9481,0.9126
06043,Mariposa Co.,California,37.5410,-119.9563,12654,low (0.5-2 psi),0.0000,0.0000,0.1059,0.0433,0.0317,0.0921,0.0292,0.0546,0.0394,0.0383,0.0479,0.0657,0.0319,0.0992,0.0199,0.0530,0.0300,0.1825,0.1193,0.0458,0.0936,0.0496,0.0890,0.0747,0.0832,0.0508,0.0924,0.0594,0.0828,0.0567,0.0799,0.0834
06045,Mendocino Co.,California,39.3930,-123.4382,73390,very high (>=10 psi),1.0000,1.0000,0.4104,0.3291,0.2379,0.7953,0.5452,0.4420,0.2064,0.6304,0.1729,0.8018,0.2007,0.3723,0.3480,0.3556,0.3047,0.5348,0.4854,0.3289,0.6199,0.5389,0.3485,0.2702,0.5686,0.1519,0.6493,0.3527,0.2165,0.4383,0.3794,0.2740
06047,Merced Co.,California,37.1906,-120.6063,155939,very high (>=10 psi),1.0000,1.0000,0.5645,0.8150,0.8227,0.5715,0.7935,0.3943,0.8486,0.4469,0.7732,0.3415,0.8552,0.7456,0.7682,0.7982,0.4157,0.7266,0.9573,0.9040,0.6656,0.9022,0.5262,0.9150,0.3388,0.9269,0.5847,0.8985,0.8062,0.9384,0.9245,0.5616
06051,Mono Co.,California,38.0872,-119.0280,8806,no (<0.5 psi),0.0000,0.0000,0.0517,0.1055,0.0395,0.0441,0.0429,0.0588,0.0438,0.0136,0.0476,0.0425,0.0419,0.0202,0.0481,0.0548,0.0197,0.1505,0.2295,0.0942,0.1569,0.0935,0.0977,0.0641,0.0349,0.0783,0.1250,0.0825,0.0615,0.1533,0.1310,0.0427
06053,Monterey Co.,California,36.3476,-121.4841,328102,very high (>=10 psi),1.0000,1.0000,0.7707,0.9399,0.8909,0.6297,0.9417,0.6664,0.8923,0.7007,0.8590,0.7028,0.9182,0.7213,0.8867,0.9166,0.7332,0.8094,0.9636,0.9795,0.8320,0.9777,0.8153,0.9786,0.8651,0.9749,0.8189,0.9738,0.8730,0.9614,0.9721,0.8961
06055,Napa Co.,California,38.5101,-122.3254,103014,medium (2-5 psi),0.0000,1.0000,0.4985,0.1437,0.1924,0.2880,0.2755,0.2836,0.2361,0.3071,0.3583,0.1334,0.1993,0.3893,0.1709,0.3492,0.2806,0.6071,0.3802,0.4940,0.4159,0.5307,0.6384,0.4587,0.4027,0.4300,0.3792,0.4595,0.4384,0.5586,0.4844,0.4877
06057,Nevada Co.,California,39.2665,-121.0090,65287,low (0.5-2 psi),0.0000,0.0000,0.3490,0.2630,0.1616,0.4981,0.1690,0.2822,0.1408,0.2441,0.2192,0.3002,0.1299,0.5368,0.2761,0.1776,0.2494,0.5511,0.6987,0.4817,0.7214,0.2870,0.3625,0.5126,0.5442,0.4954,0.7202,0.3908,0.8303,0.4039,0.4084,0.5387
06059,Orange Co.,California,33.6814,-117.7380,2171930,very high (>=10 psi),1.0000,1.0000,0.9554,0.9981,0.9833,0.8722,0.9751,0.9581,0.9798,0.8971,0.9847,0.9293,0.9834,0.9089,0.9843,0.9723,0.9431,0.9732,0.9972,0.9772,0.9816,0.9634,0.9788,0.9771,0.9771,0.9762,0.9764,0.9811,0.9300,0.9887,0.9710,0.9416
06061,Placer Co.,California,39.0142,-120.7422,136789,medium (2-5 psi),0.0000,1.0000,0.5550,0.3778,0.2018,0.6129,0.2689,0.5264,0.2112,0.3955,0.2659,0.4854,0.2194,0.6175,0.2108,0.3009,0.4034,0.7150,0.7193,0.5656,0.7527,0.5847,0.7310,0.6211,0.5923,0.6128,0.7894,0.6249,0.7454,0.5357,0.6630,0.5692
06063,Plumas Co.,California,40.0233,-120.8044,18606,medium (2-5 psi),0.0000,1.0000,0.1134,0.0865,0.3342,0.2914,0.2606,0.2640,0.2782,0.1503,0.3351,0.4338,0.3166,0.1469,0.3018,0.3157,0.2174,0.2674,0.3235,0.2099,0.2257,0.1711,0.1886,0.1782,0.0817,0.3370,0.4699,0.1967,0.2095,0.1944,0.2001,0.1972
06065,Riverside Co.,California,33.7543,-116.0196,825685,very high (>=10 psi),1.0000,1.0000,0.8638,0.9510,0.9113,0.8762,0.9277,0.8990,0.8508,0.7099,0.9146,0.7802,0.8973,0.8307,0.9111,0.8655,0.7342,0.9010,0.9647,0.9879,0.9529,0.9877,0.9722,0.9826,0.8956,0.9902,0.9228,0.9829,0.9708,0.9755,0.9743,0.9662
06067,Sacramento Co.,California,38.3697,-121.2737,891113,very high (>=10 psi),1.0000,1.0000,0.9057,0.9963,0.9835,0.9827,0.9777,0.9766,0.9758,0.9689,0.9812,0.9828,0.9800,0.9792,0.9862,0.9829,0.9837,0.9103,0.9953,0.9860,0.9759,0.9781,0.9577,0.9880,0.9724,0.9857,0.9788,0.9822,0.9888,0.9815,0.9707,0.9765
06069,San Benito Co.,California,36.5954,-121.0298,30392,low (0.5-2 psi),0.0000,0.0000,0.2160,0.1247,0.1427,0.2581,0.2470,0.1178,0.1710,0.1190,0.1578,0.2560,0.1380,0.3051,0.1239,0.1172,0.1899,0.3476,0.4722,0.3488,0.4104,0.4013,0.1612,0.2223,0.2918,0.2760,0.3611,0.3229,0.2465,0.2625,0.4597,0.2158
06071,San Bernardino Co.,California,34.8415,-116.1120,1072242,very high (>=10 psi),1.0000,1.0000,0.8906,0.9994,0.9397,0.8396,0.9518,0.8972,0.9353,0.8281,0.9421,0.8204,0.9418,0.8701,0.9277,0.9119,0.8926,0.9196,0.9994,0.9897,0.9565,0.9794,0.9697,0.9839,0.9408,0.9905,0.9540,0.9850,0.9638,0.9755,0.9778,0.9739
06073,San Diego Co.,California,33.0287,-116.6961,2126090,very high (>=10 psi),1.0000,1.0000,0.9544,1.0000,0.9382,0.9448,0.9748,0.9679,0.9303,0.9016,0.9671,0.9124,0.9409,0.9224,0.9684,0.9681,0.8737,0.9726,1.0000,0.9440,0.9870,0.9824,0.9851,0.9607,0.9562,0.9774,0.9799,0.9677,0.9491,0.9655,0.9662,0.9477
06075,San Francisco Co.,California,37.7663,-122.4466,727977,very high (>=10 psi),1.0000,1.0000,0.8491,0.9067,0.9547,0.9664,0.9421,0.9105,0.9727,0.9415,0.9550,0.9431,0.9634,0.9399,0.9568,0.9732,0.8496,0.9239,0.9908,0.9900,0.9828,0.9905,0.9744,0.9917,0.9802,0.9913,0.9898,0.9911,0.9896,0.9899,0.9915,0.9752
06077,San Joaquin Co.,California,37.8888,-121.2503,416042,very high (>=10 psi),1.0000,1.0000,0.8118,0.7749,0.8922,0.9012,0.8943,0.8680,0.9225,0.9475,0.8556,0.9418,0.9271,0.9409,0.9041,0.9020,0.9252,0.8393,0.9391,0.9615,0.9525,0.9565,0.9333,0.9735,0.9702,0.9559,0.9554,0.9630,0.9772,0.9389,0.9265,0.9694
06079,San Luis Obispo Co.,California,35.3469,-120.3362,185248,very high (>=10 psi),1.0000,1.0000,0.6482,0.8620,0.4889,0.8146,0.6621,0.5552,0.5307,0.5573,0.4686,0.8571,0.5303,0.4899,0.4358,0.6192,0.4446,0.7205,0.8967,0.8153,0.7806,0.8702,0.6353,0.7592,0.6433,0.7091,0.6856,0.8158,0.6399,0.8192,0.7990,0.5913
06081,San Mateo Co.,California,37.4010,-122.3078,620182,very high (>=10 psi),1.0000,1.0000,0.8678,0.6320,0.9206,0.9800,0.9781,0.9623,0.9391,0.9444,0.9520,0.9672,0.9573,0.9814,0.9130,0.9760,0.9204,0.8809,0.8161,0.9690,0.9798,0.9734,0.9632,0.9749,0.9731,0.9706,0.9723,0.9654,0.9820,0.9618,0.9691,0.9630
06083,Santa Barbara Co.,California,34.7463,-120.0365,338569,very high (>=10 psi),1.0000,1.0000,0.7617,0.9958,0.8942,0.6942,0.9338,0.6738,0.8660,0.6479,0.9009,0.5997,0.8787,0.4862,0.8827,0.9272,0.5512,0.8576,0.9813,0.9426,0.9002,0.9598,0.9098,0.9158,0.8668,0.9470,0.9085,0.9406,0.8512,0.9775,0.9710,0.7809
06085,Santa Clara Co.,California,37.1880,-121.7204,1419520,very high (>=10 psi),1.0000,1.0000,0.9140,0.9643,0.9637,0.9762,0.9392,0.9473,0.9657,0.9677,0.9544,0.9815,0.9545,0.9521,0.9452,0.9614,0.9510,0.9591,0.9939,0.9859,0.9892,0.9803,0.9817,0.9899,0.9832,0.9818,0.9922,0.9729,0.9806,0.9883,0.9837,0.9670
06087,Santa Cruz Co.,California,37.0654,-122.0258,212143,medium (2-5 psi),0.0000,1.0000,0.6800,0.3130,0.7056,0.7608,0.8599,0.7098,0.6700,0.8287,0.6531,0.7276,0.7879,0.8140,0.6493,0.7429,0.6475,0.7437,0.6903,0.8834,0.9527,0.9485,0.8729,0.9076,0.9541,0.8807,0.9330,0.9316,0.9587,0.8791,0.9255,0.9073
06091,Sierra Co.,California,39.5988,-120.5085,3270,low (0.5-2 psi),0.0000,0.0000,0.0173,0.0067,0.0352,0.0526,0.0295,0.0562,0.0343,0.0305,0.0391,0.0354,0.0360,0.1051,0.0242,0.0391,0.0341,0.0637,0.0512,0.0337,0.2376,0.0243,0.0806,0.0374,0.0323,0.0508,0.2973,0.0362,0.3251,0.0276,0.0671,0.0665
06095,Solano Co.,California,38.2894,-121.9021,271634,very high (>=10 psi),1.0000,1.0000,0.7337,0.9500,0.9278,0.9294,0.9357,0.7844,0.9344,0.9247,0.9315,0.8819,0.9471,0.8821,0.9408,0.9476,0.8516,0.7826,0.9645,0.9590,0.9265,0.9620,0.8993,0.9665,0.9613,0.9587,0.9230,0.9578,0.9489,0.9507,0.9376,0.9139
06097,Sonoma Co.,California,38.4803,-122.8547,335355,medium (2-5 psi),0.0000,1.0000,0.7747,0.4956,0.8391,0.5920,0.8226,0.6817,0.8448,0.8282,0.8479,0.7328,0.7524,0.7827,0.8119,0.7958,0.8951,0.8123,0.6157,0.9214,0.9262,0.9209,0.9013,0.9126,0.9306,0.9056,0.9568,0.8790,0.9014,0.9435,0.9308,0.9091
06099,Stanislaus Co.,California,37.5578,-120.9774,301285,very high (>=10 psi),1.0000,1.0000,0.7082,0.6975,0.6763,0.7268,0.6115,0.6105,0.7319,0.6507,0.5765,0.6601,0.6734,0.8280,0.4565,0.4673,0.7636,0.8357,0.8770,0.7256,0.9204,0.8041,0.8657,0.7746,0.6888,0.7289,0.8909,0.6933,0.9015,0.6946,0.7308,0.7433
06101,Sutter Co.,California,39.0163,-121.7097,57599,low (0.5-2 psi),0.0000,0.0000,0.3505,0.1004,0.3684,0.1657,0.3433,0.2042,0.3475,0.2105,0.2798,0.1486,0.4183,0.5368,0.2503,0.1894,0.5239,0.4820,0.3630,0.5396,0.3911,0.4656,0.3986,0.5918,0.2667,0.4712,0.3217,0.6168,0.5944,0.3590,0.3420,0.6967
06103,Tehama Co.,California,40.1261,-122.2114,44325,no (<0.5 psi),0.0000,0.0000,0.2563,0.1859,0.5579,0.4861,0.3824,0.4419,0.4782,0.4476,0.5515,0.4228,0.5392,0.4469,0.5331,0.4596,0.6201,0.4579,0.4960,0.7694,0.6520,0.6195,0.4847,0.7298,0.7136,0.5859,0.6351,0.7792,0.6426,0.7047,0.5581,0.8282
06107,Tulare Co.,California,36.2623,-118.8231,280000,medium (2-5 psi),0.0000,1.0000,0.6936,0.6700,0.6274,0.5248,0.5918,0.5996,0.5858,0.5601,0.6184,0.6048,0.5586,0.5275,0.5573,0.6029,0.6333,0.8256,0.7751,0.6672,0.6844,0.7315,0.7654,0.7345,0.7540,0.7679,0.7143,0.7725,0.7240,0.6583,0.6365,0.7770
06109,Tuolumne Co.,California,38.0339,-119.8833,39741,no (<0.5 psi),0.0000,0.0000,0.2333,0.4239,0.2918,0.2977,0.2545,0.1953,0.2668,0.1004,0.4583,0.2806,0.1576,0.2616,0.3396,0.4175,0.1570,0.4318,0.6971,0.1926,0.7342,0.3864,0.5879,0.2116,0.3955,0.3240,0.7649,0.1415,0.3191,0.3258,0.4611,0.1207
06111,Ventura Co.,California,34.6212,-119.1193,602819,very high (>=10 psi),1.0000,1.0000,0.8522,0.9098,0.7533,0.7981,0.8335,0.9239,0.6793,0.6915,0.8650,0.8505,0.6689,0.6549,0.8229,0.8334,0.6069,0.9132,0.9208,0.8486,0.9446,0.9221,0.9353,0.8452,0.9485,0.8786,0.9098,0.8405,0.9139,0.9510,0.9295,0.8290
06113,Yolo Co.,California,38.6224,-121.8546,123769,low (0.5-2 psi),0.0000,0.0000,0.5466,0.2058,0.3353,0.5072,0.5101,0.4714,0.3474,0.4192,0.3574,0.2917,0.4944,0.6960,0.3334,0.4785,0.6016,0.6446,0.5570,0.7832,0.6252,0.7220,0.6604,0.8052,0.5692,0.7853,0.4919,0.8482,0.9131,0.5829,0.5829,0.7986
06115,Yuba Co.,California,39.2765,-121.4403,53330,very high (>=10 psi),1.0000,1.0000,0.2985,0.7860,0.9356,0.5365,0.8988,0.6451,0.9133,0.3363,0.9184,0.2740,0.9125,0.7212,0.9205,0.9181,0.5735,0.5024,0.8457,0.8793,0.3357,0.7865,0.3473,0.8656,0.2496,0.8678,0.2005,0.8205,0.5556,0.8760,0.8700,0.4051
08001,Adams Co.,Colorado,39.8596,-104.1625,266973,very high (>=10 psi),1.0000,1.0000,0.6745,0.6601,0.3998,0.6049,0.4228,0.7794,0.4142,0.6575,0.4175,0.5915,0.5048,0.7136,0.4077,0.6754,0.3938,0.8272,0.8030,0.6350,0.6900,0.5908,0.8550,0.7140,0.7857,0.4722,0.6768,0.6840,0.6886,0.7265,0.7047,0.7039
08003,Alamosa Co.,Colorado,37.4805,-105.8169,12834,no (<0.5 psi),0.0000,0.0000,0.1010,0.3014,0.0734,0.2841,0.0900,0.1439,0.1194,0.1653,0.0987,0.3764,0.0819,0.2619,0.0930,0.0467,0.1133,0.2050,0.4533,0.1390,0.3706,0.1570,0.3013,0.1618,0.2654,0.1161,0.2429,0.1188,0.4138,0.1297,0.2425,0.1891
08005,Arapahoe Co.,Colorado,39.6494,-104.2846,369021,very high (>=10 psi),1.0000,1.0000,0.7355,0.6635,0.5942,0.8007,0.5054,0.8632,0.5431,0.7896,0.4935,0.7725,0.6166,0.6851,0.5568,0.7030,0.4871,0.8675,0.8537,0.8245,0.9524,0.7978,0.9497,0.9018,0.9284,0.6990,0.9280,0.8606,0.9445,0.8662,0.8732,0.8755
08007,Archuleta Co.,Colorado,37.2118,-107.0593,4847,no (<0.5 psi),0.0000,0.0000,0.0399,0.0356,0.0047,0.0288,0.0073,0.0240,0.0059,0.0258,0.0052,0.0363,0.0074,0.0320,0.0047,0.0054,0.0211,0.0971,0.0419,0.0306,0.1106,0.0197,0.0894,0.0214,0.1280,0.0226,0.1067,0.0192,0.3963,0.0223,0.0253,0.1696
08009,Baca Co.,Colorado,37.2790,-102.5627,4992,no (<0.5 psi),0.0000,0.0000,0.0396,0.0429,0.0300,0.2834,0.0192,0.1703,0.0366,0.2765,0.0241,0.2325,0.0394,0.3971,0.0237,0.0389,0.1484,0.0929,0.0728,0.0605,0.3646,0.0287,0.3206,0.0480,0.6338,0.0322,0.2793,0.0540,0.5426,0.0492,0.0289,0.5089
08011,Bent Co.,Colorado,37.8992,-103.0693,5868,no (<0.5 psi),0.0000,0.0000,0.0609,0.0717,0.0204,0.5172,0.0156,0.4359,0.0163,0.6301,0.0176,0.3951,0.0235,0.2826,0.0277,0.0128,0.3535,0.1069,0.1288,0.1554,0.4617,0.0432,0.5428,0.1533,0.8203,0.0996,0.3375,0.1175,0.6993,0.0643,0.0493,0.7646
08013,Boulder Co.,Colorado,40.0866,-105.3445,213942,very high (>=10 psi),1.0000,1.0000,0.6290,0.8313,0.5105,0.8200,0.4885,0.8352,0.5350,0.5527,0.6894,0.8456,0.4834,0.8475,0.4131,0.7243,0.4662,0.7945,0.9196,0.7056,0.8414,0.7597,0.8792,0.6956,0.5730,0.7396,0.8608,0.7091,0.8614,0.6329,0.8139,0.7179
08015,Chaffee Co.,Colorado,38.7392,-106.1815,12819,no (<0.5 psi),0.0000,0.0000,0.1164,0.1766,0.0329,0.2565,0.0409,0.3458,0.0276,0.0588,0.0487,0.3059,0.0521,0.3446,0.0178,0.0352,0.1157,0.2030,0.3983,0.0752,0.1785,0.0611,0.1272,0.1020,0.0420,0.1884,0.1479,0.1017,0.5221,0.0322,0.0483,0.1419
08017,Cheyenne Co.,Colorado,38.8676,-102.6043,2379,no (<0.5 psi),0.0000,0.0000,0.0278,0.0281,0.0277,0.0644,0.0140,0.1215,0.0181,0.2262,0.0157,0.0802,0.0175,0.1297,0.0170,0.0126,0.3176,0.0476,0.0510,0.1167,0.1228,0.0463,0.3512,0.0911,0.5533,0.0367,0.1389,0.1050,0.3423,0.1076,0.0425,0.5345
08019,Clear Creek Co.,Colorado,39.7045,-105.6600,7793,no (<0.5 psi),0.0000,0.0000,0.0774,0.1604,0.0466,0.1400,0.0561,0.3143,0.0373,0.0354,0.0790,0.0827,0.0223,0.0556,0.0236,0.0538,0.0289,0.1360,0.5974,0.0954,0.2714,0.1185,0.2760,0.1182,0.0763,0.1829,0.2559,0.1025,0.3177,0.1022,0.2733,0.1404
08021,Conejos Co.,Colorado,37.1974,-106.1697,7592,no (<0.5 psi),0.0000,0.0000,0.0616,0.0507,0.0111,0.0316,0.0096,0.0294,0.0087,0.0460,0.0081,0.0400,0.0106,0.0350,0.0122,0.0114,0.0303,0.1386,0.1613,0.0173,0.0847,0.0180,0.0806,0.0178,0.0743,0.0175,0.1142,0.0129,0.1502,0.0197,0.0394,0.0696
08023,Costilla Co.,Colorado,37.3263,-105.4549,3320,no (<0.5 psi),0.0000,0.0000,0.0274,0.0233,0.0146,0.0241,0.0115,0.0302,0.0160,0.0414,0.0120,0.0282,0.0194,0.0363,0.0149,0.0114,0.0428,0.0711,0.0845,0.0295,0.0652,0.0213,0.0801,0.0201,0.0602,0.0308,0.0861,0.0238,0.0759,0.0340,0.0424,0.0597
08025,Crowley Co.,Colorado,38.3037,-103.7780,3056,no (<0.5 psi),0.0000,0.0000,0.0346,0.0115,0.0172,0.1172,0.0135,0.2685,0.0090,0.1352,0.0111,0.1591,0.0199,0.0452,0.0196,0.0173,0.0493,0.0599,0.0644,0.0821,0.1009,0.0203,0.1652,0.0687,0.2423,0.0466,0.0667,0.0497,0.2033,0.0297,0.0362,0.2006
08027,Custer Co.,Colorado,38.0838,-105.3473,1850,no (<0.5 psi),0.0000,0.0000,0.0222,0.0092,0.0097,0.0173,0.0105,0.0327,0.0066,0.0341,0.0095,0.0190,0.0150,0.0206,0.0059,0.0112,0.0229,0.0377,0.0837,0.0475,0.0356,0.0174,0.0448,0.0525,0.0912,0.0477,0.0493,0.0414,0.1362,0.0299,0.0518,0.0833
08029,Delta Co.,Colorado,38.9413,-107.8043,23092,no (<0.5 psi),0.0000,0.0000,0.1711,0.1850,0.1039,0.1888,0.1199,0.2224,0.1028,0.0882,0.2202,0.2083,0.1040,0.3446,0.0710,0.0789,0.1286,0.3041,0.4280,0.3180,0.4397,0.1895,0.4262,0.1770,0.3344,0.3062,0.4832,0.2372,0.5667,0.1715,0.1933,0.4957
08031,Denver Co.,Colorado,39.7626,-104.9543,504439,very high (>=10 psi),1.0000,1.0000,0.7869,0.9766,0.9442,0.9485,0.8971,0.9743,0.7986,0.9021,0.9539,0.9460,0.9274,0.9301,0.9407,0.9118,0.9004,0.8985,0.9899,0.9725,0.9870,0.9526,0.9900,0.9697,0.9718,0.9710,0.9858,0.9741,0.9771,0.9835,0.9574,0.9842
08033,Dolores Co.,Colorado,37.6921,-108.5054,1585,no (<0.5 psi),0.0000,0.0000,0.0131,0.0070,0.0103,0.0275,0.0152,0.0226,0.0077,0.0328,0.0094,0.0273,0.0096,0.0163,0.0120,0.0121,0.0203,0.0379,0.0386,0.0401,0.1273,0.0340,0.0756,0.0341,0.0548,0.0312,0.1364,0.0260,0.2067,0.0275,0.0352,0.0819
08035,Douglas Co.,Colorado,39.3447,-104.9194,38847,no (<0.5 psi),0.0000,0.0000,0.2649,0.1261,0.1912,0.2686,0.1095,0.2485,0.1765,0.1159,0.2157,0.1305,0.2078,0.2119,0.1520,0.2140,0.0926,0.4264,0.7207,0.3776,0.2338,0.2042,0.3133,0.5443,0.1297,0.3087,0.1955,0.4220,0.6772,0.3301,0.2195,0.3863
08037,Eagle Co.,Colorado,39.6383,-106.6451,17496,no (<0.5 psi),0.0000,0.0000,0.1487,0.2525,0.0484,0.0211,0.0502,0.0629,0.0511,0.0179,0.0488,0.0256,0.0548,0.0316,0.0223,0.0489,0.0381,0.2559,0.5900,0.2333,0.0739,0.2468,0.0890,0.2788,0.1030,0.2761,0.0870,0.2547,0.4566,0.1238,0.1884,0.2517
08039,Elbert Co.,Colorado,39.3464,-104.1878,8171,low (0.5-2 psi),0.0000,0.0000,0.0805,0.0225,0.0339,0.1223,0.0448,0.1364,0.0288,0.1983,0.0307,0.0837,0.0786,0.0551,0.0350,0.0561,0.0759,0.1415,0.1789,0.1247,0.3927,0.1070,0.3465,0.1236,0.5142,0.0794,0.2672,0.1265,0.2971,0.2413,0.1125,0.3226
08041,El Paso Co.,Colorado,38.8341,-104.5615,370274,very high (>=10 psi),1.0000,1.0000,0.7361,0.9998,0.9589,0.8496,0.9455,0.7789,0.9575,0.7633,0.9710,0.8760,0.9484,0.8300,0.9691,0.9626,0.6804,0.8679,0.9990,0.9767,0.9407,0.9478,0.8974,0.9720,0.8941,0.9629,0.9349,0.9638,0.9615,0.9576,0.9449,0.9189
08043,Fremont Co.,Colorado,38.4750,-105.4573,31692,low (0.5-2 psi),0.0000,0.0000,0.2305,0.2062,0.2877,0.1455,0.1943,0.1515,0.1855,0.0510,0.2444,0.1783,0.2143,0.3743,0.1382,0.2452,0.1212,0.3792,0.6211,0.2712,0.4143,0.3218,0.2763,0.2639,0.1517,0.4258,0.3890,0.2386,0.6191,0.1204,0.2016,0.3225
08045,Garfield Co.,Colorado,39.7598,-107.5255,26859,low (0.5-2 psi),0.0000,0.0000,0.2049,0.3722,0.0580,0.0506,0.0518,0.1769,0.0529,0.0458,0.1018,0.0786,0.0493,0.0517,0.0747,0.0670,0.0562,0.3423,0.5923,0.2142,0.2208,0.2920,0.2706,0.1784,0.1025,0.2654,0.2938,0.2568,0.5767,0.1457,0.1969,0.2696
08047,Gilpin Co.,Colorado,39.8379,-105.5137,2928,low (0.5-2 psi),0.0000,0.0000,0.0333,0.0210,0.0239,0.0950,0.0299,0.0662,0.0237,0.0424,0.0386,0.0407,0.0297,0.0809,0.0091,0.0390,0.0321,0.0576,0.2885,0.1419,0.2349,0.1502,0.2695,0.1957,0.0843,0.3095,0.1803,0.2052,0.4188,0.1136,0.2574,0.1721
08049,Grand Co.,Colorado,40.0866,-106.1354,8614,no (<0.5 psi),0.0000,0.0000,0.0841,0.2558,0.0376,0.0752,0.0550,0.0744,0.0336,0.0306,0.0287,0.0540,0.0403,0.0810,0.0158,0.0196,0.0657,0.1478,0.5708,0.2405,0.4310,0.3224,0.2544,0.2594,0.2842,0.3528,0.2401,0.1790,0.5502,0.1095,0.2129,0.4333
08051,Gunnison Co.,Colorado,38.7038,-106.9736,10126,no (<0.5 psi),0.0000,0.0000,0.0961,0.1523,0.0119,0.5674,0.0287,0.5472,0.0124,0.0908,0.0213,0.4330,0.0095,0.2313,0.0169,0.0207,0.0871,0.1686,0.2480,0.0974,0.2842,0.1332,0.2825,0.0898,0.1122,0.0948,0.2463,0.0984,0.3042,0.0757,0.1213,0.1299
08053,Hinsdale Co.,Colorado,37.7842,-107.2989,502,no (<0.5 psi),0.0000,0.0000,0.0037,0.0117,0.0063,0.0195,0.0143,0.0239,0.0050,0.0150,0.0070,0.0177,0.0088,0.0474,0.0053,0.0061,0.0141,0.0138,0.0334,0.0343,0.0636,0.0273,0.0981,0.0285,0.0745,0.0242,0.0510,0.0253,0.2453,0.0191,0.0370,0.1008
08055,Huerfano Co.,Colorado,37.6561,-104.9052,6806,no (<0.5 psi),0.0000,0.0000,0.0541,0.0386,0.0151,0.1634,0.0106,0.2280,0.0131,0.0898,0.0110,0.2242,0.0107,0.2263,0.0074,0.0113,0.0858,0.1214,0.1054,0.2230,0.3389,0.0599,0.3234,0.2132,0.5912,0.1028,0.3383,0.1684,0.7655,0.0826,0.0588,0.6775
08057,Jackson Co.,Colorado,40.6656,-106.3236,1683,no (<0.5 psi),0.0000,0.0000,0.0130,0.0489,0.0872,0.1020,0.0802,0.0891,0.1219,0.0922,0.1137,0.0827,0.0828,0.0963,0.1014,0.0676,0.0587,0.0399,0.1130,0.3324,0.2594,0.3363,0.2320,0.4454,0.1835,0.5202,0.2835,0.3633,0.2382,0.3583,0.5133,0.1663
08059,Jefferson Co.,Colorado,39.5254,-105.2378,418414,high (5-10 psi),0.0000,1.0000,0.7571,0.9736,0.9011,0.8262,0.8821,0.8415,0.9217,0.7784,0.9623,0.8701,0.8935,0.8416,0.8977,0.9298,0.6196,0.8808,0.9827,0.9255,0.9826,0.9473,0.9755,0.9246,0.8962,0.9589,0.9716,0.9188,0.9660,0.9166,0.9539,0.8882
08061,Kiowa Co.,Colorado,38.4293,-102.7749,1872,no (<0.5 psi),0.0000,0.0000,0.0225,0.0219,0.0116,0.1532,0.0093,0.3425,0.0102,0.3369,0.0113,0.1640,0.0120,0.1429,0.0176,0.0099,0.2039,0.0382,0.0409,0.0790,0.2143,0.0281,0.3051,0.0768,0.6705,0.0326,0.1917,0.0494,0.3557,0.0607,0.0280,0.5377
08063,Kit Carson Co.,Colorado,39.3496,-102.6011,7503,no (<0.5 psi),0.0000,0.0000,0.0749,0.1394,0.0693,0.5407,0.0322,0.5175,0.0527,0.5614,0.0464,0.4893,0.0304,0.5635,0.0529,0.0263,0.5842,0.1318,0.1465,0.1888,0.3962,0.1147,0.7179,0.1774,0.6268,0.0856,0.4101,0.1222,0.7232,0.1892,0.0963,0.7312
08065,Lake Co.,Colorado,39.2161,-106.3355,6776,no (<0.5 psi),0.0000,0.0000,0.0688,0.3863,0.0343,0.0515,0.0535,0.1164,0.0513,0.0349,0.0585,0.0370,0.0436,0.1302,0.0131,0.0227,0.1689,0.1209,0.5566,0.0952,0.0827,0.0650,0.0927,0.1485,0.1279,0.1401,0.0741,0.1455,0.3014,0.0550,0.0462,0.1634
08067,La Plata Co.,Colorado,37.3172,-107.8466,31371,low (0.5-2 psi),0.0000,0.0000,0.2190,0.1904,0.0674,0.2883,0.1464,0.1862,0.0718,0.0766,0.0984,0.1750,0.0853,0.2015,0.0632,0.2160,0.0484,0.3653,0.2611,0.2065,0.3886,0.2204,0.3717,0.1519,0.2869,0.1745,0.3674,0.1495,0.5714,0.1551,0.3106,0.2481
08069,Larimer Co.,Colorado,40.6348,-105.4463,169687,no (<0.5 psi),0.0000,0.0000,0.6269,0.9337,0.7407,0.6853,0.9108,0.6832,0.8849,0.5589,0.8499,0.7895,0.7702,0.8399,0.8080,0.9229,0.7034,0.7239,0.9606,0.9605,0.8543,0.9191,0.8933,0.9554,0.8159,0.9700,0.8703,0.9331,0.8904,0.9306,0.9378,0.8117
08071,Las Animas Co.,Colorado,37.4056,-103.9177,14416,no (<0.5 psi),0.0000,0.0000,0.1117,0.0830,0.1116,0.3296,0.1156,0.5002,0.1319,0.6086,0.0516,0.3045,0.1548,0.2910,0.1340,0.0590,0.5439,0.2220,0.1629,0.1535,0.2421,0.0588,0.2207,0.1665,0.6399,0.0849,0.1992,0.1052,0.5132,0.0951,0.0485,0.5746
08073,Lincoln Co.,Colorado,39.0609,-103.4419,4648,no (<0.5 psi),0.0000,0.0000,0.0498,0.0280,0.0139,0.1324,0.0138,0.3702,0.0140,0.1848,0.0105,0.1326,0.0149,0.2362,0.0181,0.0154,0.2398,0.0872,0.0543,0.0513,0.1323,0.0338,0.2533,0.0468,0.3306,0.0235,0.1570,0.0369,0.3476,0.0426,0.0310,0.3399
08075,Logan Co.,Colorado,40.7273,-103.1121,19462,very high (>=10 psi),1.0000,1.0000,0.1187,0.3481,0.3717,0.1708,0.2360,0.3529,0.2781,0.0807,0.3304,0.1465,0.2795,0.0802,0.3367,0.2249,0.1488,0.2545,0.5386,0.1673,0.1672,0.2655,0.3180,0.1771,0.1916,0.1805,0.2127,0.1626,0.0332,0.2983,0.3998,0.0956
08077,Mesa Co.,Colorado,38.9413,-108.5809,89368,very high (>=10 psi),1.0000,1.0000,0.4613,0.6299,0.4025,0.8868,0.6089,0.8887,0.4870,0.7551,0.6594,0.8449,0.5214,0.9220,0.3462,0.6254,0.6492,0.5958,0.6607,0.7242,0.8513,0.7077,0.8265,0.6642,0.7789,0.7636,0.8432,0.7275,0.9200,0.5379,0.6903,0.8231
08079,Mineral Co.,Colorado,37.7521,-106.9174,786,no (<0.5 psi),0.0000,0.0000,0.0064,0.0092,0.0063,0.1020,0.0203,0.0994,0.0065,0.0398,0.0095,0.1116,0.0180,0.1047,0.0061,0.0085,0.0245,0.0205,0.0413,0.0303,0.2592,0.0433,0.2507,0.0340,0.1635,0.0309,0.2642,0.0238,0.3522,0.0274,0.0526,0.1404
08083,Montezuma Co.,Colorado,37.3172,-108.6284,19210,no (<0.5 psi),0.0000,0.0000,0.1498,0.0976,0.0295,0.2018,0.0422,0.0790,0.0298,0.0938,0.0327,0.2517,0.0392,0.1694,0.0325,0.0609,0.0599,0.2505,0.1056,0.0800,0.3131,0.0789,0.3222,0.1031,0.2634,0.0877,0.3947,0.0635,0.2028,0.0811,0.1167,0.1683
08085,Montrose Co.,Colorado,38.4161,-108.2795,24872,no (<0.5 psi),0.0000,0.0000,0.1825,0.3315,0.0921,0.3183,0.0912,0.1900,0.1496,0.0995,0.1360,0.5480,0.0629,0.4691,0.0604,0.0597,0.1387,0.3184,0.3831,0.1671,0.2412,0.1250,0.1798,0.1112,0.2078,0.1529,0.3080,0.1407,0.4925,0.1066,0.0862,0.2761
08087,Morgan Co.,Colorado,40.2582,-103.8109,22834,low (0.5-2 psi),0.0000,0.0000,0.1820,0.6521,0.5534,0.1419,0.3429,0.1952,0.3981,0.2215,0.4270,0.1349,0.4712,0.3351,0.4447,0.2035,0.3855,0.3079,0.5844,0.7324,0.2600,0.5175,0.3450,0.6675,0.4227,0.5239,0.2935,0.6177,0.5388,0.6144,0.4808,0.6531
08089,Otero Co.,Colorado,37.8917,-103.7290,21714,no (<0.5 psi),0.0000,0.0000,0.1753,0.2529,0.1798,0.2321,0.0632,0.3984,0.1409,0.4486,0.2028,0.1858,0.2631,0.1773,0.1749,0.1114,0.3748,0.2977,0.4158,0.2863,0.2695,0.1097,0.3492,0.3142,0.4875,0.2121,0.2506,0.2430,0.4297,0.2045,0.0977,0.5547
08091,Ouray Co.,Colorado,38.1132,-107.7262,2102,no (<0.5 psi),0.0000,0.0000,0.0163,0.0151,0.0054,0.1003,0.0105,0.1165,0.0059,0.0426,0.0092,0.1279,0.0059,0.1623,0.0057,0.0073,0.0219,0.0483,0.0229,0.0358,0.4453,0.0492,0.2860,0.0436,0.2681,0.0381,0.4771,0.0334,0.4947,0.0401,0.0595,0.1877
08093,Park Co.,Colorado,39.1342,-105.7879,6535,no (<0.5 psi),0.0000,0.0000,0.0667,0.0499,0.0219,0.0371,0.0158,0.0669,0.0121,0.0646,0.0130,0.0433,0.0326,0.0404,0.0251,0.0131,0.0577,0.1172,0.2624,0.1259,0.1291,0.0481,0.0730,0.1224,0.3632,0.0458,0.0896,0.0525,0.2224,0.1228,0.0735,0.2593
08095,Phillips Co.,Colorado,40.5688,-102.3577,4444,no (<0.5 psi),0.0000,0.0000,0.0244,0.0629,0.0281,0.0286,0.0127,0.0432,0.0235,0.0106,0.0328,0.0404,0.0226,0.0159,0.0375,0.0293,0.0187,0.0737,0.1172,0.0613,0.0536,0.0539,0.0778,0.0742,0.0229,0.1084,0.0517,0.0537,0.0466,0.0762,0.0846,0.0350
08097,Pitkin Co.,Colorado,39.1711,-106.9287,10697,no (<0.5 psi),0.0000,0.0000,0.1005,0.2168,0.0073,0.0719,0.0162,0.1817,0.0070,0.0272,0.0092,0.0377,0.0088,0.0449,0.0072,0.0233,0.0196,0.1762,0.3852,0.0481,0.1463,0.0582,0.1231,0.0605,0.0533,0.0846,0.1127,0.0613,0.3025,0.0408,0.1424,0.0861
08099,Prowers Co.,Colorado,38.0501,-102.3920,14116,no (<0.5 psi),0.0000,0.0000,0.1257,0.1843,0.1054,0.2091,0.0391,0.2285,0.0883,0.3019,0.0906,0.2534,0.0929,0.1473,0.0491,0.0500,0.2495,0.2185,0.3668,0.2346,0.2238,0.1364,0.2748,0.2214,0.6692,0.1590,0.2265,0.2130,0.3357,0.1361,0.0809,0.5598
08101,Pueblo Co.,Colorado,38.0310,-104.5538,123851,very high (>=10 psi),1.0000,1.0000,0.5079,0.4206,0.6657,0.5709,0.6356,0.7590,0.6024,0.6287,0.6952,0.5657,0.7795,0.7117,0.6589,0.5343,0.7203,0.6951,0.6880,0.7674,0.6191,0.5817,0.7331,0.7913,0.6773,0.7322,0.6266,0.7946,0.8520,0.6798,0.5923,0.8490
08103,Rio Blanco Co.,Colorado,40.0043,-108.1838,6686,no (<0.5 psi),0.0000,0.0000,0.0680,0.0957,0.0151,0.0504,0.0186,0.0608,0.0120,0.0613,0.0139,0.0541,0.0193,0.0850,0.0196,0.0111,0.0548,0.1195,0.1353,0.1863,0.1018,0.1863,0.1061,0.1712,0.3320,0.1573,0.1134,0.1729,0.4293,0.1306,0.1415,0.3934
08105,Rio Grande Co.,Colorado,37.5340,-106.3746,11113,no (<0.5 psi),0.0000,0.0000,0.0884,0.1134,0.0183,0.0874,0.0313,0.0427,0.0166,0.0335,0.0337,0.0760,0.0198,0.1251,0.0139,0.0194,0.0264,0.1847,0.3486,0.0438,0.1524,0.0521,0.1447,0.0420,0.0873,0.0513,0.1790,0.0312,0.2366,0.0430,0.1469,0.0779
08107,Routt Co.,Colorado,40.4650,-107.0436,13831,low (0.5-2 psi),0.0000,0.0000,0.1237,0.5195,0.1355,0.3920,0.1015,0.3311,0.1525,0.1754,0.2077,0.3123,0.1155,0.2506,0.1511,0.0698,0.2312,0.2151,0.4442,0.1876,0.2768,0.1349,0.2474,0.1333,0.1990,0.1228,0.2364,0.0923,0.2659,0.1623,0.1310,0.2537
08109,Saguache Co.,Colorado,38.1060,-106.3306,4222,no (<0.5 psi),0.0000,0.0000,0.0334,0.0474,0.0138,0.0684,0.0159,0.0687,0.0091,0.0336,0.0143,0.0603,0.0090,0.1072,0.0083,0.0078,0.0411,0.0867,0.1160,0.0393,0.1497,0.0248,0.1836,0.0203,0.0744,0.0233,0.1331,0.0285,0.1110,0.0246,0.0340,0.1034
08111,San Juan Co.,Colorado,37.8025,-107.6458,870,low (0.5-2 psi),0.0000,0.0000,0.0065,0.0174,0.0048,0.0517,0.0089,0.0478,0.0045,0.0281,0.0067,0.0475,0.0050,0.1232,0.0050,0.0084,0.0131,0.0225,0.0397,0.0422,0.3783,0.0464,0.2092,0.0526,0.2000,0.0379,0.3609,0.0349,0.4904,0.0386,0.0628,0.1169
08113,San Miguel Co.,Colorado,37.9686,-108.4126,2957,low (0.5-2 psi),0.0000,0.0000,0.0232,0.0294,0.0108,0.2127,0.0184,0.0986,0.0120,0.0635,0.0117,0.1874,0.0142,0.3748,0.0083,0.0178,0.0505,0.0645,0.0579,0.0296,0.4377,0.0469,0.2362,0.0250,0.1842,0.0260,0.3202,0.0287,0.5570,0.0323,0.0355,0.1929
08115,Sedgwick Co.,Colorado,40.8760,-102.3514,3060,low (0.5-2 psi),0.0000,0.0000,0.0160,0.0467,0.0423,0.1965,0.0219,0.1779,0.0285,0.0095,0.0798,0.1281,0.0297,0.1207,0.0432,0.0873,0.0248,0.0522,0.0810,0.0931,0.0655,0.0738,0.1016,0.0855,0.0341,0.1280,0.0406,0.0747,0.0648,0.1026,0.0945,0.0382
08117,Summit Co.,Colorado,39.6415,-106.0041,11058,low (0.5-2 psi),0.0000,0.0000,0.1033,0.1142,0.0126,0.0535,0.0297,0.0535,0.0135,0.0196,0.0225,0.0354,0.0199,0.0278,0.0097,0.0214,0.0182,0.1809,0.4043,0.0474,0.1463,0.0499,0.1148,0.0432,0.0341,0.1068,0.1538,0.0395,0.2632,0.0440,0.1106,0.0584
08119,Teller Co.,Colorado,38.9274,-105.1784,10853,medium (2-5 psi),0.0000,1.0000,0.1017,0.0476,0.0100,0.0636,0.0389,0.0771,0.0099,0.0152,0.0168,0.0565,0.0180,0.0294,0.0101,0.0515,0.0186,0.1782,0.2920,0.0494,0.1347,0.0409,0.2229,0.0454,0.0313,0.0957,0.1109,0.0365,0.2813,0.0451,0.0802,0.0719
08121,Washington Co.,Colorado,40.0018,-103.1373,5251,low (0.5-2 psi),0.0000,0.0000,0.0553,0.0711,0.1127,0.1078,0.1299,0.3496,0.0893,0.2721,0.1295,0.1394,0.1350,0.5016,0.0893,0.0701,0.4653,0.0971,0.1037,0.4749,0.1267,0.3084,0.2409,0.5617,0.3358,0.3941,0.1605,0.3907,0.6801,0.1818,0.2074,0.7403
08123,Weld Co.,Colorado,40.4361,-104.5461,131402,very high (>=10 psi),1.0000,1.0000,0.5213,0.8280,0.5134,0.3882,0.5008,0.6119,0.5677,0.6172,0.4820,0.3224,0.6062,0.6453,0.6083,0.5759,0.6261,0.7071,0.8219,0.8547,0.5267,0.7175,0.6926,0.8786,0.7850,0.7295,0.5632,0.8417,0.7030,0.8594,0.7492,0.8802
08125,Yuma Co.,Colorado,40.1762,-102.4221,9724,low (0.5-2 psi),0.0000,0.0000,0.0930,0.2161,0.1536,0.3338,0.1684,0.3757,0.1225,0.2175,0.1528,0.2521,0.1542,0.5261,0.0861,0.1219,0.5341,0.1632,0.2466,0.3779,0.4860,0.3103,0.6912,0.3286,0.4283,0.2717,0.3455,0.2623,0.8497,0.2620,0.1237,0.7050
09001,Fairfield Co.,Connecticut,41.3220,-73.3236,830396,very high (>=10 psi),1.0000,1.0000,0.8992,0.9265,0.9623,0.9639,0.9508,0.9531,0.9655,0.9528,0.9516,0.9639,0.9497,0.9633,0.9529,0.9414,0.9680,0.9052,0.9273,0.9653,0.9822,0.9667,0.9841,0.9761,0.9818,0.9754,0.9799,0.9654,0.9842,0.9576,0.9699,0.9852
09003,Hartford Co.,Connecticut,41.7718,-72.7403,826385,very high (>=10 psi),1.0000,1.0000,0.8987,0.9886,0.9764,0.9749,0.9799,0.9818,0.9527,0.9667,0.9810,0.9805,0.9803,0.9357,0.9813,0.9551,0.9865,0.9048,0.9818,0.9692,0.9819,0.9666,0.9840,0.9585,0.9762,0.9784,0.9827,0.9665,0.9591,0.9702,0.9736,0.9759
09005,Litchfield Co.,Connecticut,41.7529,-73.2595,162394,low (0.5-2 psi),0.0000,0.0000,0.6160,0.6077,0.3946,0.3830,0.3852,0.3554,0.2984,0.5088,0.4231,0.3799,0.3477,0.3979,0.3626,0.3545,0.4870,0.6968,0.7788,0.4814,0.5614,0.5696,0.6403,0.5086,0.7389,0.5289,0.5476,0.4418,0.6451,0.4664,0.6280,0.7093
09007,Middlesex Co.,Connecticut,41.4581,-72.5235,134191,low (0.5-2 psi),0.0000,0.0000,0.5676,0.7104,0.8794,0.7369,0.7955,0.7063,0.8868,0.9005,0.8424,0.8436,0.8422,0.6642,0.8939,0.7224,0.9192,0.6606,0.8114,0.9352,0.8848,0.9144,0.9292,0.9440,0.9683,0.9078,0.9004,0.9324,0.9064,0.9340,0.8762,0.9702
09009,New Haven Co.,Connecticut,41.4053,-72.9084,783092,very high (>=10 psi),1.0000,1.0000,0.8935,0.9452,0.9635,0.9639,0.9578,0.9544,0.9654,0.9668,0.9505,0.9578,0.9692,0.9652,0.9590,0.9539,0.9700,0.9007,0.9587,0.9689,0.9822,0.9619,0.9828,0.9749,0.9809,0.9806,0.9802,0.9725,0.9854,0.9563,0.9668,0.9838
09011,New London Co.,Connecticut,41.4919,-72.0564,248201,very high (>=10 psi),1.0000,1.0000,0.7148,0.9966,0.9649,0.7363,0.9355,0.7355,0.9638,0.8802,0.9768,0.9522,0.9086,0.5457,0.9692,0.9397,0.9641,0.7690,0.9907,0.9836,0.8372,0.9624,0.9265,0.9856,0.9288,0.9892,0.9591,0.9688,0.8354,0.9802,0.9574,0.9781
09013,Tolland Co.,Connecticut,41.8113,-72.3194,121019,very high (>=10 psi),1.0000,1.0000,0.5044,0.2168,0.1891,0.3858,0.2348,0.2935,0.2183,0.5749,0.1449,0.3054,0.3075,0.3009,0.2095,0.3971,0.2546,0.6274,0.4859,0.5945,0.8252,0.7795,0.6359,0.5890,0.8515,0.5443,0.7681,0.7211,0.8064,0.7531,0.7818,0.6392
09015,Windham Co.,Connecticut,41.8046,-71.9775,95453,low (0.5-2 psi),0.0000,0.0000,0.4481,0.1698,0.0586,0.0834,0.0578,0.0580,0.0711,0.2516,0.0418,0.0751,0.0842,0.1103,0.0671,0.0701,0.1238,0.5775,0.4697,0.6241,0.4808,0.6693,0.4234,0.6017,0.6014,0.5411,0.3897,0.6392,0.6141,0.6588,0.6272,0.6552
11001,D.C.,D.C.,38.8962,-76.9905,634549,very high (>=10 psi),1.0000,1.0000,0.8778,0.9878,0.9739,0.9459,0.9700,0.9402,0.9433,0.9072,0.9735,0.9113,0.9570,0.9390,0.9730,0.9109,0.9350,0.8830,0.9987,0.9879,0.9828,0.9849,0.9878,0.9865,0.9887,0.9903,0.9762,0.9919,0.9915,0.9843,0.9730,0.9915
12001,Alachua Co.,Florida,29.6849,-82.3552,169515,no (<0.5 psi),0.0000,0.0000,0.5785,0.5994,0.3829,0.3967,0.3808,0.3416,0.3173,0.6286,0.4073,0.5264,0.4284,0.4539,0.4168,0.3821,0.5598,0.7237,0.6225,0.7410,0.8123,0.6853,0.6104,0.7176,0.8948,0.8030,0.8414,0.7746,0.7319,0.8317,0.6478,0.7949
12003,Baker Co.,Florida,30.3601,-82.3143,16573,no (<0.5 psi),0.0000,0.0000,0.1426,0.0388,0.0440,0.1234,0.0960,0.0654,0.0461,0.2046,0.0538,0.0650,0.1130,0.0647,0.0318,0.1096,0.0841,0.2449,0.0834,0.3529,0.2166,0.3415,0.1843,0.3172,0.3908,0.3165,0.2244,0.3248,0.3242,0.1823,0.1413,0.4355
12005,Bay Co.,Florida,30.2534,-85.6741,113707,medium (2-5 psi),0.0000,1.0000,0.4885,0.9923,0.9627,0.6867,0.9666,0.6567,0.9713,0.8368,0.9376,0.6099,0.9653,0.6598,0.9687,0.9536,0.8004,0.6275,0.9706,0.9417,0.8397,0.9369,0.5119,0.9538,0.8620,0.9375,0.8078,0.9609,0.8600,0.9102,0.8905,0.8842
12007,Bradford Co.,Florida,29.9301,-82.2144,22629,low (0.5-2 psi),0.0000,0.0000,0.1808,0.0490,0.0597,0.0972,0.0861,0.0811,0.0703,0.1183,0.0810,0.0813,0.0997,0.1855,0.0430,0.1052,0.0834,0.3003,0.1077,0.2540,0.1968,0.1801,0.2033,0.2490,0.4129,0.2515,0.1923,0.2326,0.2926,0.1657,0.1481,0.3662
12009,Brevard Co.,Florida,28.2930,-80.7351,336935,very high (>=10 psi),1.0000,1.0000,0.7608,0.9607,0.7663,0.8785,0.8809,0.8515,0.7625,0.9141,0.6985,0.7466,0.7580,0.6906,0.8454,0.8561,0.8389,0.8292,0.9066,0.8963,0.9349,0.8643,0.9272,0.8971,0.9404,0.9208,0.9731,0.9252,0.8829,0.9551,0.9253,0.9136
12011,Broward Co.,Florida,26.1217,-80.4901,1132921,very high (>=10 psi),1.0000,1.0000,0.8850,0.7646,0.9058,0.9779,0.9400,0.9751,0.8689,0.9689,0.9336,0.9723,0.8918,0.8976,0.9205,0.9548,0.9302,0.9352,0.8026,0.9377,0.9873,0.9587,0.9700,0.9389,0.9802,0.9387,0.9877,0.9462,0.9273,0.9686,0.9678,0.8987
12013,Calhoun Co.,Florida,30.4054,-85.2048,9610,no (<0.5 psi),0.0000,0.0000,0.0921,0.0721,0.0220,0.0940,0.0242,0.1117,0.0185,0.0647,0.0137,0.0256,0.0413,0.0609,0.0103,0.0157,0.0359,0.1632,0.1782,0.0686,0.1959,0.0772,0.1981,0.0793,0.1046,0.0879,0.1384,0.0601,0.1699,0.0390,0.0399,0.1190
12015,Charlotte Co.,Florida,26.8978,-81.8289,80886,very high (>=10 psi),1.0000,1.0000,0.4064,0.3586,0.4096,0.3027,0.4038,0.3937,0.3979,0.5072,0.2811,0.2767,0.4230,0.2981,0.3707,0.3135,0.4914,0.5818,0.6100,0.6176,0.7501,0.6659,0.7343,0.6174,0.8179,0.3781,0.7118,0.6334,0.4811,0.6297,0.5085,0.6817
12017,Citrus Co.,Florida,28.8608,-82.4381,74724,very high (>=10 psi),1.0000,1.0000,0.4053,0.4209,0.3698,0.1989,0.3618,0.3119,0.2972,0.3222,0.3479,0.2215,0.3402,0.1718,0.4015,0.2156,0.4468,0.5565,0.4029,0.3431,0.2168,0.3034,0.3304,0.3800,0.4626,0.3653,0.1654,0.4951,0.1620,0.5680,0.3541,0.2939
12019,Clay Co.,Florida,29.9580,-81.8252,87109,very high (>=10 psi),1.0000,1.0000,0.4286,0.1601,0.1130,0.2711,0.2013,0.2669,0.0723,0.2155,0.1492,0.1849,0.2197,0.3680,0.0983,0.2066,0.2752,0.5902,0.2984,0.2531,0.3702,0.3167,0.3911,0.2320,0.5250,0.3037,0.3422,0.4020,0.3258,0.2890,0.4125,0.3066
12021,Collier Co.,Florida,26.1616,-81.3453,115584,no (<0.5 psi),0.0000,0.0000,0.5071,0.3152,0.2762,0.3611,0.2141,0.3688,0.2435,0.4082,0.2329,0.2888,0.2843,0.3720,0.3145,0.2992,0.2223,0.6642,0.4425,0.5030,0.4776,0.4819,0.6389,0.5016,0.3406,0.4899,0.5036,0.4071,0.4029,0.5161,0.4214,0.4730
12023,Columbia Co.,Florida,30.2266,-82.6264,39312,no (<0.5 psi),0.0000,0.0000,0.2670,0.1305,0.0994,0.2396,0.1444,0.0927,0.1163,0.2153,0.1271,0.2371,0.1470,0.2940,0.0610,0.2328,0.1981,0.4134,0.2443,0.3666,0.2101,0.3530,0.1599,0.4441,0.2977,0.4325,0.1945,0.5021,0.4087,0.2039,0.2440,0.4107
12025,Dade Co.,Florida,25.5534,-80.5908,1776908,very high (>=10 psi),1.0000,1.0000,0.9205,0.9944,0.9807,0.9760,0.9827,0.9833,0.9723,0.9517,0.9675,0.9817,0.9661,0.8852,0.9909,0.9773,0.9353,0.9558,0.9855,0.9743,0.9885,0.9769,0.9804,0.9633,0.9815,0.9698,0.9898,0.9672,0.9223,0.9856,0.9816,0.9300
12027,DeSoto Co.,Florida,27.1212,-81.8102,21405,low (0.5-2 psi),0.0000,0.0000,0.1594,0.0714,0.1711,0.0652,0.1721,0.0569,0.1618,0.1608,0.2638,0.0695,0.1901,0.0297,0.2038,0.2146,0.1013,0.2899,0.2081,0.5091,0.3515,0.2993,0.1929,0.5080,0.4601,0.4585,0.3224,0.5548,0.2163,0.4885,0.4126,0.3721
12029,Dixie Co.,Florida,29.5739,-83.1757,8925,no (<0.5 psi),0.0000,0.0000,0.0719,0.1485,0.0191,0.0124,0.0316,0.0190,0.0199,0.0529,0.0124,0.0093,0.0218,0.0187,0.0193,0.0167,0.0341,0.1569,0.1044,0.0492,0.0695,0.1452,0.0918,0.0567,0.1049,0.0558,0.0691,0.0765,0.0772,0.0807,0.0858,0.0420
12031,Duval Co.,Florida,30.3322,-81.6887,619897,very high (>=10 psi),1.0000,1.0000,0.8166,0.9998,0.9940,0.9478,0.9912,0.9505,0.9921,0.9479,0.9932,0.9224,0.9929,0.9666,0.9911,0.9901,0.9752,0.8936,0.9983,0.9918,0.9793,0.9884,0.9479,0.9916,0.9639,0.9912,0.9770,0.9903,0.9859,0.9896,0.9849,0.9861
12033,Escambia Co.,Florida,30.6398,-87.3274,253383,very high (>=10 psi),1.0000,1.0000,0.6641,0.9920,0.9896,0.7770,0.9812,0.8064,0.9876,0.9106,0.9854,0.8483,0.9848,0.8463,0.9899,0.9738,0.9381,0.7721,0.9598,0.9834,0.8693,0.9700,0.8086,0.9763,0.8584,0.9771,0.9404,0.9698,0.9018,0.9751,0.9564,0.9651
12035,Flagler Co.,Florida,29.4625,-81.3081,16675,low (0.5-2 psi),0.0000,0.0000,0.1281,0.1261,0.0406,0.0332,0.0832,0.0467,0.0456,0.0933,0.0407,0.0285,0.0383,0.0331,0.0421,0.0242,0.0252,0.2460,0.0917,0.1870,0.2349,0.2111,0.1674,0.2052,0.3255,0.2021,0.2099,0.2073,0.0997,0.2556,0.2209,0.1108
12037,Franklin Co.,Florida,29.8538,-84.8294,8467,low (0.5-2 psi),0.0000,0.0000,0.0829,0.1581,0.0388,0.0183,0.0364,0.0334,0.0501,0.0328,0.0266,0.0200,0.0818,0.0287,0.0346,0.0142,0.0447,0.1487,0.2904,0.1157,0.0422,0.0646,0.0462,0.1725,0.1162,0.1247,0.0317,0.1725,0.0965,0.0539,0.0280,0.3090
12039,Gadsden Co.,Florida,30.5514,-84.6345,42082,low (0.5-2 psi),0.0000,0.0000,0.2793,0.2588,0.1830,0.3475,0.1408,0.2015,0.1337,0.4088,0.2432,0.3524,0.1550,0.2868,0.1176,0.3948,0.1940,0.4144,0.4744,0.4024,0.2860,0.3292,0.3749,0.3205,0.3404,0.3946,0.3063,0.4950,0.5301,0.2007,0.3153,0.5250
12041,Gilchrist Co.,Florida,29.7464,-82.7985,7724,no (<0.5 psi),0.0000,0.0000,0.0768,0.0213,0.0128,0.1154,0.0341,0.0924,0.0220,0.0371,0.0180,0.0309,0.0305,0.0648,0.0095,0.0536,0.0170,0.1404,0.0709,0.0750,0.1381,0.1053,0.1417,0.0912,0.0837,0.0825,0.0720,0.1373,0.1176,0.0593,0.0738,0.1003
12043,Glades Co.,Florida,26.9953,-81.2233,6845,no (<0.5 psi),0.0000,0.0000,0.0558,0.0117,0.0303,0.0181,0.0258,0.0166,0.0234,0.0432,0.0196,0.0136,0.0383,0.0183,0.0184,0.0412,0.0181,0.1278,0.0380,0.1171,0.2469,0.0688,0.1326,0.0941,0.2232,0.0969,0.1621,0.1619,0.1144,0.0925,0.0719,0.0845
12045,Gulf Co.,Florida,29.9306,-85.2019,11185,low (0.5-2 psi),0.0000,0.0000,0.1043,0.1891,0.0197,0.0402,0.0700,0.0350,0.0346,0.0704,0.0168,0.0299,0.1279,0.0553,0.0348,0.0256,0.0284,0.1821,0.2137,0.2686,0.1537,0.2031,0.1422,0.3275,0.2387,0.2654,0.1245,0.3319,0.3795,0.1172,0.0824,0.4936
12047,Hamilton Co.,Florida,30.4752,-82.9703,9459,no (<0.5 psi),0.0000,0.0000,0.0909,0.0829,0.0264,0.1954,0.0465,0.0568,0.0255,0.0785,0.0288,0.0746,0.0410,0.0597,0.0248,0.0693,0.0174,0.1639,0.1669,0.1348,0.3390,0.2124,0.3012,0.1405,0.2032,0.2055,0.2573,0.1345,0.2521,0.1377,0.1287,0.1472
12049,Hardee Co.,Florida,27.4932,-81.8095,19511,no (<0.5 psi),0.0000,0.0000,0.1471,0.0401,0.0662,0.0805,0.0475,0.0846,0.0635,0.0262,0.2019,0.0909,0.0643,0.1155,0.0456,0.0831,0.0725,0.2730,0.0873,0.1859,0.3029,0.2051,0.1456,0.2257,0.2341,0.2081,0.3192,0.2018,0.0934,0.3421,0.2072,0.0874
12051,Hendry Co.,Florida,26.5914,-81.2250,22393,no (<0.5 psi),0.0000,0.0000,0.1793,0.0399,0.0549,0.2448,0.0476,0.1482,0.0645,0.2999,0.0680,0.1719,0.0524,0.1352,0.0650,0.0574,0.0813,0.2983,0.1104,0.3412,0.4164,0.2034,0.1739,0.2886,0.4531,0.2567,0.2616,0.3268,0.2998,0.3532,0.1985,0.2693
12053,Hernando Co.,Florida,28.5642,-82.4091,72522,no (<0.5 psi),0.0000,0.0000,0.3979,0.2466,0.4927,0.1945,0.3415,0.3190,0.4743,0.4160,0.6437,0.1774,0.4502,0.2956,0.4447,0.3025,0.4725,0.5499,0.2604,0.4465,0.3927,0.3318,0.2590,0.4880,0.5841,0.4265,0.3137,0.5123,0.2440,0.6301,0.5571,0.2495
12055,Highlands Co.,Florida,27.3350,-81.3045,57508,no (<0.5 psi),0.0000,0.0000,0.3427,0.1824,0.2405,0.5730,0.4532,0.6301,0.2537,0.4404,0.3807,0.4596,0.3133,0.2920,0.5156,0.5736,0.2709,0.4980,0.1946,0.4301,0.3077,0.2390,0.2768,0.3359,0.3200,0.4828,0.2299,0.4368,0.2291,0.3334,0.2851,0.2859
12057,HillsBor. Co.,Florida,27.9042,-82.3144,756424,very high (>=10 psi),1.0000,1.0000,0.8792,0.9874,0.9749,0.9688,0.9793,0.9760,0.9722,0.9699,0.9777,0.9483,0.9670,0.9474,0.9858,0.9796,0.9613,0.9094,0.9943,0.9858,0.9880,0.9750,0.9604,0.9806,0.9812,0.9873,0.9848,0.9823,0.9578,0.9935,0.9866,0.9658
12059,Holmes Co.,Florida,30.8539,-85.8160,15102,no (<0.5 psi),0.0000,0.0000,0.1326,0.1045,0.0349,0.1516,0.0372,0.0919,0.0390,0.1683,0.0279,0.0651,0.0535,0.0910,0.0170,0.0803,0.0455,0.2245,0.1660,0.0651,0.3236,0.1286,0.1783,0.0599,0.2176,0.0795,0.2369,0.1333,0.1833,0.0451,0.0887,0.1235
12061,Indian River Co.,Florida,27.6881,-80.6203,75879,low (0.5-2 psi),0.0000,0.0000,0.4090,0.4383,0.5330,0.4061,0.6147,0.4624,0.5534,0.7748,0.3782,0.4450,0.5028,0.1474,0.6913,0.4975,0.6456,0.5599,0.3752,0.3207,0.2017,0.2414,0.3149,0.2868,0.3282,0.3481,0.1719,0.4732,0.1318,0.3307,0.3247,0.2298
12063,Jackson Co.,Florida,30.7816,-85.1765,40478,no (<0.5 psi),0.0000,0.0000,0.2722,0.2548,0.0703,0.0626,0.1868,0.1015,0.0709,0.0867,0.1529,0.1016,0.1013,0.0901,0.0540,0.1367,0.0702,0.4062,0.3997,0.1637,0.2147,0.2242,0.1440,0.1525,0.1372,0.1628,0.2187,0.2479,0.4139,0.0743,0.1509,0.2425
12065,Jefferson Co.,Florida,30.3804,-83.9369,10857,low (0.5-2 psi),0.0000,0.0000,0.1018,0.0616,0.0240,0.1912,0.0338,0.2392,0.0198,0.1161,0.0214,0.0744,0.0390,0.0926,0.0229,0.0363,0.0347,0.1816,0.2505,0.4396,0.2444,0.2823,0.5095,0.2722,0.2910,0.4679,0.1470,0.4028,0.4687,0.3923,0.1260,0.3700
12067,Lafayette Co.,Florida,30.0375,-83.1949,4518,no (<0.5 psi),0.0000,0.0000,0.0486,0.0202,0.0106,0.0152,0.0208,0.0086,0.0107,0.0169,0.0108,0.0234,0.0209,0.0110,0.0107,0.0196,0.0071,0.0917,0.0478,0.0397,0.1457,0.1057,0.1284,0.0362,0.1243,0.0536,0.1136,0.0460,0.0709,0.0520,0.0586,0.0422
12069,Lake Co.,Florida,28.8044,-81.6856,126325,medium (2-5 psi),0.0000,1.0000,0.5383,0.2011,0.4906,0.5435,0.6512,0.7154,0.3632,0.5698,0.4962,0.3814,0.5329,0.5339,0.7198,0.6116,0.4350,0.6679,0.4014,0.6765,0.8394,0.8123,0.7267,0.7419,0.8755,0.7714,0.6954,0.7985,0.7063,0.9122,0.8432,0.6052
12071,Lee Co.,Florida,26.5723,-81.8434,267107,low (0.5-2 psi),0.0000,0.0000,0.7280,0.8347,0.8629,0.7977,0.8819,0.8307,0.8117,0.9218,0.7242,0.8538,0.8514,0.6981,0.8785,0.8335,0.8096,0.8188,0.9076,0.8633,0.9170,0.8845,0.9002,0.8757,0.9500,0.7511,0.9125,0.8773,0.8436,0.9047,0.7761,0.9176
12073,Leon Co.,Florida,30.4781,-84.2220,167760,very high (>=10 psi),1.0000,1.0000,0.5762,0.8813,0.8718,0.6505,0.8997,0.8822,0.6601,0.7712,0.8765,0.5780,0.9112,0.7105,0.8323,0.7906,0.8859,0.7218,0.9092,0.8512,0.7385,0.8816,0.8688,0.7696,0.8442,0.8898,0.7049,0.8736,0.8264,0.9017,0.8538,0.8383
12075,Levy Co.,Florida,29.2932,-82.7590,23126,very high (>=10 psi),1.0000,1.0000,0.1703,0.2471,0.2206,0.0628,0.2764,0.1336,0.1447,0.2966,0.1130,0.0618,0.1801,0.0376,0.3423,0.1038,0.1898,0.3044,0.2376,0.3599,0.1934,0.5168,0.2954,0.4148,0.3767,0.4418,0.2354,0.5504,0.4136,0.4711,0.2324,0.3912
12077,Liberty Co.,Florida,30.2936,-84.8880,4761,no (<0.5 psi),0.0000,0.0000,0.0509,0.0331,0.0137,0.0164,0.0278,0.0264,0.0126,0.0224,0.0143,0.0292,0.0431,0.0224,0.0091,0.0132,0.0144,0.0956,0.1082,0.0579,0.0656,0.0442,0.0724,0.0642,0.1086,0.0706,0.0536,0.0678,0.0845,0.0420,0.0520,0.1465
12079,Madison Co.,Florida,30.4578,-83.4722,15509,low (0.5-2 psi),0.0000,0.0000,0.1354,0.0884,0.0490,0.4002,0.0919,0.3377,0.0424,0.2142,0.0565,0.2439,0.1315,0.2598,0.0276,0.1854,0.0515,0.2341,0.1972,0.1031,0.4116,0.2860,0.4265,0.1248,0.2672,0.1401,0.3061,0.1549,0.2730,0.1086,0.1758,0.1279
12081,Manatee Co.,Florida,27.4304,-82.3696,180373,very high (>=10 psi),1.0000,1.0000,0.5922,0.3677,0.2284,0.2855,0.2498,0.3117,0.2810,0.6101,0.1507,0.1654,0.3426,0.2745,0.2482,0.2003,0.2949,0.7347,0.5634,0.6633,0.8345,0.7116,0.7316,0.6879,0.8081,0.7108,0.7272,0.7069,0.5119,0.7993,0.7790,0.5699
12083,Marion Co.,Florida,29.2461,-82.0227,159464,low (0.5-2 psi),0.0000,0.0000,0.5967,0.3999,0.3180,0.2198,0.1766,0.3545,0.1922,0.2721,0.2620,0.3258,0.2404,0.2688,0.2471,0.1839,0.3928,0.7126,0.4960,0.5835,0.7590,0.6094,0.6879,0.4361,0.7239,0.7498,0.6938,0.6158,0.4740,0.7668,0.6355,0.6362
12085,Martin Co.,Florida,27.0912,-80.4217,81835,very high (>=10 psi),1.0000,1.0000,0.4279,0.4198,0.5513,0.3445,0.5471,0.3864,0.5727,0.7216,0.4199,0.3623,0.6450,0.1942,0.6446,0.4758,0.6633,0.5766,0.3954,0.4123,0.3433,0.2695,0.3943,0.4183,0.4738,0.4986,0.3010,0.4556,0.2095,0.2868,0.3885,0.3742
12087,Monroe Co.,Florida,25.4565,-81.0205,70522,very high (>=10 psi),1.0000,1.0000,0.3693,0.2210,0.3699,0.1158,0.3422,0.2237,0.3147,0.4770,0.1341,0.0642,0.3248,0.0866,0.3418,0.2540,0.4002,0.5485,0.3844,0.6832,0.2948,0.6638,0.4601,0.5625,0.7577,0.3334,0.2368,0.6520,0.2545,0.7442,0.4388,0.6101
12089,Nassau Co.,Florida,30.5518,-81.8718,37707,medium (2-5 psi),0.0000,1.0000,0.2597,0.4135,0.2491,0.4356,0.2887,0.2974,0.2104,0.2573,0.3872,0.2908,0.4548,0.6307,0.1476,0.3041,0.3953,0.4044,0.4870,0.4467,0.6319,0.5710,0.5387,0.5130,0.6008,0.5428,0.5198,0.6332,0.6946,0.4223,0.4668,0.4243
12091,Okaloosa Co.,Florida,30.7527,-86.5911,129469,very high (>=10 psi),1.0000,1.0000,0.5180,0.9944,0.9462,0.6106,0.9634,0.6556,0.9591,0.7587,0.9580,0.7154,0.9639,0.6552,0.9623,0.9486,0.7258,0.6535,0.9673,0.8842,0.7295,0.9064,0.5383,0.9060,0.7750,0.8952,0.7212,0.8934,0.6489,0.8968,0.9007,0.6553
12093,Okeechobee Co.,Florida,27.3006,-80.8411,25084,medium (2-5 psi),0.0000,1.0000,0.1824,0.0625,0.0558,0.1432,0.1301,0.1325,0.0641,0.1037,0.1311,0.1583,0.0459,0.0634,0.0916,0.1761,0.0417,0.3201,0.1807,0.4574,0.2023,0.2331,0.1819,0.4657,0.2520,0.4321,0.2293,0.5564,0.2184,0.3275,0.3078,0.2580
12095,Orange Co.,Florida,28.5660,-81.2948,561549,very high (>=10 psi),1.0000,1.0000,0.8429,0.7700,0.9105,0.9654,0.9345,0.9722,0.8993,0.9706,0.9016,0.9228,0.9021,0.9330,0.9277,0.9346,0.9167,0.8848,0.7454,0.9319,0.9790,0.9349,0.9603,0.9388,0.9738,0.9616,0.9752,0.9580,0.9510,0.9703,0.9672,0.9383
12097,Osceola Co.,Florida,27.9931,-81.1252,77015,low (0.5-2 psi),0.0000,0.0000,0.4127,0.2485,0.1428,0.1186,0.2238,0.2549,0.0938,0.1266,0.2090,0.1305,0.1647,0.1167,0.1715,0.2251,0.1317,0.5632,0.1876,0.2824,0.2348,0.2096,0.2918,0.2663,0.2491,0.3679,0.2731,0.3670,0.2739,0.3049,0.2515,0.2671
12099,Palm Beach Co.,Florida,26.6300,-80.4611,723005,very high (>=10 psi),1.0000,1.0000,0.8366,0.7485,0.7439,0.9038,0.7979,0.9289,0.7063,0.8946,0.7162,0.9225,0.7125,0.6999,0.8204,0.8682,0.8223,0.9060,0.7395,0.9153,0.9672,0.8992,0.9438,0.8951,0.9747,0.8894,0.9663,0.9098,0.9145,0.9422,0.9326,0.9163
12101,Pasco Co.,Florida,28.3316,-82.3909,242026,low (0.5-2 psi),0.0000,0.0000,0.6940,0.5769,0.8826,0.8043,0.8537,0.8837,0.8571,0.9268,0.9231,0.7168,0.8177,0.7844,0.9241,0.8638,0.8030,0.7829,0.6471,0.7708,0.8785,0.7812,0.7307,0.7444,0.8608,0.7722,0.8149,0.7727,0.6964,0.8747,0.8695,0.5365
12103,Pinellas Co.,Florida,27.9003,-82.7107,806046,very high (>=10 psi),1.0000,1.0000,0.8496,0.9951,0.9876,0.9600,0.9685,0.9322,0.9819,0.9517,0.9777,0.9746,0.9794,0.9419,0.9907,0.9674,0.9464,0.9140,0.9946,0.9789,0.9863,0.9773,0.9482,0.9788,0.9759,0.9838,0.9904,0.9851,0.9591,0.9915,0.9891,0.9613
12105,Polk Co.,Florida,28.0026,-81.7383,363802,low (0.5-2 psi),0.0000,0.0000,0.7748,0.5841,0.7610,0.7672,0.7495,0.7691,0.7831,0.8700,0.7983,0.6109,0.7263,0.6772,0.8194,0.8079,0.8110,0.8387,0.8583,0.9442,0.9755,0.9131,0.9273,0.9576,0.9855,0.9603,0.9776,0.9708,0.9132,0.9662,0.9482,0.9536
12107,Putnam Co.,Florida,29.5718,-81.7893,58359,low (0.5-2 psi),0.0000,0.0000,0.3460,0.3049,0.7710,0.2813,0.2445,0.3052,0.7114,0.2348,0.7905,0.7119,0.2736,0.2668,0.7739,0.2920,0.6833,0.5013,0.4461,0.7697,0.4094,0.2941,0.5679,0.7230,0.3072,0.8165,0.6945,0.5657,0.5544,0.7241,0.4185,0.5990
12109,St. Johns Co.,Florida,29.9294,-81.4490,66460,low (0.5-2 psi),0.0000,0.0000,0.3697,0.2666,0.5281,0.4467,0.6542,0.4511,0.4124,0.5971,0.3613,0.4972,0.5800,0.5307,0.5047,0.3583,0.7041,0.5304,0.3622,0.3881,0.3975,0.2610,0.3354,0.2995,0.4900,0.3332,0.3165,0.3776,0.2395,0.3375,0.2774,0.4033
12111,St. Lucie Co.,Florida,27.3836,-80.4668,115949,very high (>=10 psi),1.0000,1.0000,0.5165,0.7523,0.8270,0.5747,0.6863,0.5067,0.8298,0.7447,0.8038,0.7553,0.6151,0.3289,0.8800,0.5408,0.8774,0.6506,0.6439,0.8703,0.7705,0.4793,0.6585,0.8672,0.7282,0.9110,0.9453,0.7368,0.5106,0.9217,0.6538,0.8493
12113,Santa Rosa Co.,Florida,30.6711,-87.0299,67360,very high (>=10 psi),1.0000,1.0000,0.3726,0.7000,0.7046,0.3813,0.7354,0.4789,0.5958,0.5800,0.7554,0.6133,0.7001,0.5936,0.7160,0.5078,0.8078,0.5161,0.7321,0.6474,0.5708,0.7143,0.6181,0.5743,0.7340,0.5787,0.6886,0.6141,0.5163,0.5497,0.5267,0.7631
12115,Sarasota Co.,Florida,27.1580,-82.2721,246263,very high (>=10 psi),1.0000,1.0000,0.6583,0.4989,0.5912,0.4704,0.5828,0.6105,0.6117,0.8335,0.3950,0.3369,0.6277,0.4972,0.6142,0.4212,0.7001,0.7856,0.6132,0.6973,0.8655,0.7515,0.7760,0.7354,0.8691,0.6974,0.8107,0.7625,0.6780,0.7814,0.8645,0.6847
12117,Seminole Co.,Florida,28.7446,-81.2387,231458,very high (>=10 psi),1.0000,1.0000,0.6842,0.6344,0.8086,0.6642,0.7830,0.7591,0.8273,0.8234,0.7488,0.6568,0.7960,0.7639,0.7793,0.7005,0.7626,0.7760,0.7083,0.8533,0.9496,0.7870,0.8233,0.8714,0.9704,0.8954,0.9729,0.8670,0.8138,0.9516,0.8592,0.8726
12119,Sumter Co.,Florida,28.6321,-82.1056,28313,no (<0.5 psi),0.0000,0.0000,0.2016,0.0502,0.1690,0.1894,0.2019,0.2030,0.1703,0.1736,0.3834,0.1664,0.2214,0.1858,0.2663,0.2824,0.1989,0.3442,0.1945,0.5678,0.3466,0.3313,0.2207,0.5364,0.2926,0.6595,0.2488,0.6569,0.3203,0.5903,0.5168,0.3036
12121,Suwannee Co.,Florida,30.1635,-83.0133,24742,no (<0.5 psi),0.0000,0.0000,0.1931,0.1322,0.0788,0.0840,0.1607,0.0453,0.1047,0.1327,0.0890,0.0771,0.0919,0.1266,0.0725,0.2355,0.0626,0.3174,0.2361,0.4697,0.2270,0.3956,0.2158,0.4224,0.2376,0.5836,0.3581,0.4554,0.5846,0.1537,0.2314,0.4507
12123,Taylor Co.,Florida,29.9856,-83.5992,16998,no (<0.5 psi),0.0000,0.0000,0.1454,0.3226,0.0661,0.0403,0.0830,0.0450,0.0739,0.0841,0.0422,0.0360,0.0674,0.0245,0.0822,0.0554,0.0351,0.2492,0.4118,0.2297,0.1458,0.1334,0.1305,0.1557,0.2131,0.1277,0.0692,0.1575,0.1669,0.1384,0.1210,0.1295
12125,Union Co.,Florida,30.0321,-82.3837,10610,low (0.5-2 psi),0.0000,0.0000,0.0999,0.0195,0.0106,0.0278,0.0108,0.0190,0.0099,0.0243,0.0107,0.0102,0.0162,0.0171,0.0088,0.0268,0.0118,0.1785,0.0556,0.0377,0.1443,0.0765,0.1557,0.0448,0.0990,0.0729,0.1101,0.0591,0.0817,0.0657,0.0894,0.0386
12127,Volusia Co.,Florida,29.0221,-81.1403,311180,very high (>=10 psi),1.0000,1.0000,0.7457,0.8586,0.7167,0.8708,0.8223,0.8966,0.6726,0.8953,0.5599,0.7671,0.7269,0.6386,0.8254,0.8214,0.7740,0.8189,0.8195,0.9512,0.9416,0.9443,0.9058,0.9454,0.9409,0.9723,0.9676,0.9516,0.9363,0.9770,0.9653,0.9182
12129,Wakulla Co.,Florida,30.1311,-84.3718,12407,very high (>=10 psi),1.0000,1.0000,0.1134,0.1368,0.0346,0.1587,0.0858,0.2320,0.0262,0.1083,0.0257,0.0705,0.0673,0.0368,0.0397,0.0627,0.0365,0.1960,0.4303,0.1572,0.0832,0.1477,0.2202,0.1084,0.2161,0.1176,0.0833,0.1652,0.1467,0.1160,0.0617,0.2557
12131,Walton Co.,Florida,30.6332,-86.1525,25249,very high (>=10 psi),1.0000,1.0000,0.1959,0.1904,0.1267,0.2177,0.3254,0.2931,0.1053,0.4220,0.0891,0.1594,0.2107,0.1208,0.1118,0.1648,0.1918,0.3118,0.3228,0.1890,0.3343,0.4045,0.2057,0.2244,0.4560,0.1418,0.3323,0.3316,0.2718,0.1731,0.1961,0.4173
12133,Washington Co.,Florida,30.6102,-85.6724,15635,no (<0.5 psi),0.0000,0.0000,0.1362,0.0956,0.0363,0.1816,0.0386,0.1228,0.0288,0.1371,0.0246,0.0662,0.0678,0.0924,0.0297,0.0741,0.0475,0.2298,0.1996,0.1143,0.3204,0.1745,0.2112,0.1323,0.2216,0.1686,0.2447,0.1687,0.3299,0.0739,0.1371,0.1977
13001,Appling Co.,Georgia,31.7233,-82.3273,15857,very high (>=10 psi),1.0000,1.0000,0.1280,0.1292,0.4587,0.0438,0.0173,0.0226,0.3822,0.0353,0.3627,0.5833,0.0295,0.0465,0.2516,0.0225,0.2977,0.2377,0.2078,0.6973,0.2055,0.2260,0.1231,0.6852,0.2298,0.7864,0.8436,0.1131,0.1633,0.7960,0.1316,0.7408
13003,Atkinson Co.,Georgia,31.2993,-82.8413,6332,no (<0.5 psi),0.0000,0.0000,0.0649,0.0212,0.0135,0.0622,0.0451,0.0360,0.0087,0.0417,0.0124,0.0485,0.0377,0.0345,0.0161,0.0463,0.0076,0.1202,0.0341,0.0295,0.1091,0.1112,0.0693,0.0358,0.1303,0.0624,0.1247,0.0446,0.0847,0.0539,0.0642,0.0330
13005,Bacon Co.,Georgia,31.5669,-82.4471,9718,no (<0.5 psi),0.0000,0.0000,0.0929,0.0345,0.0086,0.0707,0.0753,0.0346,0.0100,0.0243,0.0110,0.0299,0.0266,0.0278,0.0165,0.0809,0.0070,0.1672,0.0697,0.0327,0.1124,0.1108,0.0680,0.0314,0.0959,0.0540,0.1409,0.0415,0.0628,0.0720,0.1181,0.0253
13007,Baker Co.,Georgia,31.2683,-84.4960,3827,no (<0.5 psi),0.0000,0.0000,0.0421,0.0133,0.0060,0.0171,0.0086,0.0145,0.0041,0.0212,0.0069,0.0094,0.0108,0.0085,0.0074,0.0092,0.0071,0.0800,0.0421,0.0190,0.0344,0.0466,0.0178,0.0267,0.0364,0.0230,0.0279,0.0218,0.0239,0.0406,0.0484,0.0116
13009,Baldwin Co.,Georgia,33.0584,-83.2519,38241,no (<0.5 psi),0.0000,0.0000,0.2621,0.1435,0.0596,0.2203,0.0520,0.2308,0.0707,0.1841,0.0728,0.1656,0.0721,0.1847,0.1044,0.1109,0.0715,0.4074,0.3035,0.2812,0.3571,0.2384,0.3986,0.3329,0.4505,0.2574,0.3820,0.2147,0.3615,0.4177,0.2919,0.2692
13011,Banks Co.,Georgia,34.3413,-83.5208,9473,no (<0.5 psi),0.0000,0.0000,0.0910,0.0181,0.0115,0.0554,0.0279,0.0202,0.0094,0.0476,0.0098,0.0200,0.0245,0.0453,0.0083,0.0283,0.0190,0.1641,0.0584,0.1794,0.1930,0.0957,0.2422,0.1609,0.2735,0.1390,0.1102,0.3015,0.3402,0.1026,0.1747,0.2844
13013,Barrow Co.,Georgia,34.0178,-83.7107,24757,low (0.5-2 psi),0.0000,0.0000,0.1931,0.0381,0.0426,0.5391,0.0921,0.2863,0.0363,0.3974,0.0427,0.3077,0.0590,0.2537,0.0339,0.1596,0.0562,0.3175,0.1323,0.1882,0.6916,0.3160,0.5762,0.2096,0.6255,0.1594,0.5126,0.3341,0.5006,0.1887,0.3682,0.2473
13015,Bartow Co.,Georgia,34.2318,-84.8395,45973,very high (>=10 psi),1.0000,1.0000,0.2957,0.3492,0.5743,0.5444,0.1038,0.2742,0.4862,0.2931,0.7170,0.9048,0.0617,0.2341,0.7207,0.1422,0.7164,0.4479,0.5253,0.8417,0.7914,0.5416,0.7494,0.8602,0.7824,0.8295,0.9354,0.5569,0.6732,0.8933,0.5075,0.8900
13017,Ben Hill Co.,Georgia,31.7184,-83.1615,16784,no (<0.5 psi),0.0000,0.0000,0.1440,0.0471,0.0174,0.1026,0.0567,0.1543,0.0185,0.0613,0.0318,0.0719,0.0449,0.0678,0.0280,0.0905,0.0216,0.2470,0.0978,0.0481,0.2286,0.1285,0.1838,0.0664,0.1696,0.0844,0.1972,0.0942,0.2296,0.0965,0.1045,0.0717
13019,Berrien Co.,Georgia,31.2505,-83.1941,13955,low (0.5-2 psi),0.0000,0.0000,0.1246,0.0470,0.0350,0.1793,0.1169,0.0985,0.0288,0.1011,0.0375,0.2239,0.0910,0.0674,0.0452,0.1230,0.0202,0.2175,0.1042,0.1462,0.1935,0.2841,0.1128,0.1181,0.2886,0.1242,0.1496,0.1493,0.0751,0.1867,0.1580,0.0844
13021,Bibb Co.,Georgia,32.8088,-83.6872,151974,very high (>=10 psi),1.0000,1.0000,0.5541,0.3576,0.3690,0.7735,0.5418,0.6964,0.5113,0.8140,0.4653,0.6735,0.5536,0.7206,0.5320,0.6636,0.5772,0.6728,0.6283,0.6934,0.8341,0.6650,0.8078,0.6761,0.8384,0.7621,0.7461,0.7044,0.7765,0.7951,0.8719,0.7320
13023,Bleckley Co.,Georgia,32.4276,-83.3454,10613,low (0.5-2 psi),0.0000,0.0000,0.0999,0.0231,0.0107,0.0394,0.0189,0.0356,0.0135,0.0317,0.0124,0.0136,0.0199,0.0318,0.0142,0.0257,0.0127,0.1656,0.1197,0.0584,0.0973,0.0624,0.1010,0.0775,0.0480,0.1230,0.0637,0.0761,0.1118,0.0709,0.1352,0.0401
13025,Brantley Co.,Georgia,31.1876,-82.0201,9705,low (0.5-2 psi),0.0000,0.0000,0.0928,0.0498,0.0240,0.0503,0.0864,0.0341,0.0269,0.0235,0.0247,0.0193,0.0600,0.0488,0.0168,0.0938,0.0249,0.1671,0.0964,0.0858,0.2043,0.1957,0.1049,0.1043,0.1411,0.0967,0.1621,0.1264,0.3254,0.0771,0.1199,0.1063
13027,Brooks Co.,Georgia,30.8597,-83.5463,15472,low (0.5-2 psi),0.0000,0.0000,0.1351,0.0765,0.0365,0.0907,0.0661,0.0449,0.0286,0.2109,0.0349,0.0479,0.0842,0.0739,0.0297,0.0570,0.0354,0.2337,0.1445,0.2004,0.2373,0.1581,0.0972,0.1437,0.3689,0.1356,0.1457,0.1647,0.1768,0.1843,0.1336,0.1309
13029,Bryan Co.,Georgia,31.9807,-81.4495,11650,low (0.5-2 psi),0.0000,0.0000,0.0986,0.0479,0.0512,0.0540,0.0763,0.0188,0.0309,0.0398,0.0480,0.0642,0.0505,0.1367,0.0539,0.2028,0.0245,0.1912,0.1448,0.2697,0.2685,0.5586,0.1818,0.4497,0.1482,0.4326,0.2885,0.4238,0.4700,0.2792,0.4910,0.2942
13031,Bulloch Co.,Georgia,32.3995,-81.7287,38600,no (<0.5 psi),0.0000,0.0000,0.2638,0.1289,0.1848,0.3414,0.1793,0.4182,0.0963,0.3122,0.1562,0.2632,0.2791,0.5880,0.0888,0.3123,0.4230,0.4094,0.3227,0.2290,0.3299,0.2832,0.2352,0.1696,0.3283,0.1782,0.2474,0.3305,0.4520,0.2289,0.2111,0.3966
13033,Burke Co.,Georgia,33.0504,-81.9261,20796,high (5-10 psi),0.0000,1.0000,0.1697,0.1679,0.1364,0.1181,0.0443,0.0596,0.0642,0.1535,0.1036,0.2123,0.0767,0.0871,0.1123,0.0711,0.1792,0.2846,0.3808,0.2224,0.2974,0.2574,0.2534,0.2210,0.3595,0.2321,0.3945,0.2606,0.2911,0.4179,0.3803,0.2822
13035,Butts Co.,Georgia,33.3146,-83.9485,14550,low (0.5-2 psi),0.0000,0.0000,0.1287,0.0274,0.0260,0.2775,0.0442,0.1038,0.0444,0.2715,0.0282,0.0998,0.0282,0.1042,0.0245,0.0899,0.0291,0.2075,0.2050,0.3789,0.4492,0.5025,0.3994,0.3274,0.4737,0.4002,0.3162,0.5215,0.3482,0.4324,0.4570,0.2395
13037,Calhoun Co.,Georgia,31.5355,-84.6327,5477,no (<0.5 psi),0.0000,0.0000,0.0574,0.0191,0.0049,0.0377,0.0064,0.0319,0.0046,0.0116,0.0073,0.0131,0.0076,0.0177,0.0068,0.0125,0.0067,0.1071,0.0687,0.0212,0.0908,0.0589,0.0530,0.0271,0.0610,0.0308,0.0492,0.0286,0.0691,0.0373,0.0594,0.0187
13039,Camden Co.,Georgia,30.9295,-81.6563,18530,very high (>=10 psi),1.0000,1.0000,0.1455,0.3324,0.1601,0.0319,0.2830,0.0264,0.1677,0.0916,0.1068,0.0467,0.1549,0.0800,0.1469,0.1107,0.0805,0.2639,0.4797,0.7017,0.0670,0.7206,0.0973,0.5919,0.1844,0.6973,0.0932,0.7395,0.1667,0.6523,0.4907,0.1905
13043,Candler Co.,Georgia,32.3831,-82.0791,7560,no (<0.5 psi),0.0000,0.0000,0.0754,0.0227,0.0142,0.0320,0.0285,0.0295,0.0174,0.0293,0.0175,0.0203,0.0424,0.0343,0.0165,0.0941,0.0112,0.1381,0.0843,0.0290,0.0936,0.1072,0.0600,0.0323,0.0661,0.0529,0.0748,0.0581,0.1336,0.0468,0.1039,0.0438
13045,Carroll Co.,Georgia,33.6143,-85.1177,63609,very high (>=10 psi),1.0000,1.0000,0.3605,0.2816,0.3514,0.2881,0.1877,0.1171,0.3858,0.0791,0.4162,0.5553,0.1273,0.2325,0.3067,0.1135,0.2880,0.4890,0.6213,0.8006,0.4291,0.4859,0.2915,0.8606,0.3450,0.8151,0.8374,0.4107,0.5082,0.7685,0.4974,0.6976
13047,Catoosa Co.,Georgia,34.8748,-85.1441,39332,medium (2-5 psi),0.0000,1.0000,0.2671,0.1076,0.0963,0.7223,0.3765,0.5956,0.1694,0.6835,0.1670,0.2362,0.2549,0.5515,0.1209,0.3583,0.2275,0.4135,0.2973,0.2826,0.7112,0.6210,0.6375,0.3892,0.7389,0.3340,0.3341,0.5938,0.4669,0.3612,0.5246,0.5276
13049,Charlton Co.,Georgia,30.7167,-82.1046,7920,low (0.5-2 psi),0.0000,0.0000,0.0784,0.0249,0.0134,0.0611,0.0320,0.0436,0.0092,0.0268,0.0180,0.0413,0.0332,0.0417,0.0141,0.0340,0.0234,0.1432,0.0509,0.0889,0.1651,0.1236,0.0520,0.0687,0.0860,0.1313,0.1018,0.0899,0.2149,0.0713,0.0599,0.0827
13051,Chatham Co.,Georgia,31.9786,-81.0752,211565,very high (>=10 psi),1.0000,1.0000,0.6341,0.8039,0.7962,0.7204,0.8450,0.8075,0.8578,0.8083,0.7749,0.8013,0.8649,0.8858,0.8440,0.8147,0.8654,0.7617,0.9275,0.9171,0.8172,0.9072,0.8958,0.9192,0.8758,0.9212,0.8816,0.9305,0.9466,0.8823,0.9071,0.9455
13053,Chattahoochee Co.,Georgia,32.3782,-84.8008,19408,low (0.5-2 psi),0.0000,0.0000,0.1610,0.4802,0.5917,0.1704,0.6903,0.1059,0.6398,0.1137,0.7584,0.1160,0.6240,0.1195,0.7192,0.7253,0.0505,0.2522,0.6175,0.7657,0.2103,0.6628,0.1736,0.8154,0.1308,0.8213,0.1995,0.7340,0.2300,0.7798,0.7988,0.1654
13055,Chattooga Co.,Georgia,34.4452,-85.3360,21798,no (<0.5 psi),0.0000,0.0000,0.1758,0.0900,0.0215,0.1217,0.0829,0.0861,0.0332,0.1329,0.0260,0.1247,0.0509,0.0398,0.0407,0.0773,0.0522,0.2720,0.2949,0.2125,0.3247,0.3018,0.2995,0.1900,0.2018,0.1326,0.2551,0.2176,0.1788,0.1504,0.2108,0.2685
13057,Cherokee Co.,Georgia,34.2263,-84.4572,66476,low (0.5-2 psi),0.0000,0.0000,0.3698,0.0869,0.0825,0.3535,0.1553,0.1426,0.0767,0.2229,0.0702,0.1848,0.1092,0.4275,0.0548,0.0628,0.1771,0.5305,0.3131,0.3099,0.5556,0.5112,0.3782,0.3669,0.6044,0.2942,0.4436,0.5690,0.4680,0.2416,0.4005,0.4650
13059,Clarke Co.,Georgia,33.9470,-83.4003,81146,very high (>=10 psi),1.0000,1.0000,0.4129,0.1519,0.1764,0.3917,0.3354,0.4026,0.2225,0.5759,0.2368,0.3403,0.1762,0.2417,0.1981,0.3917,0.1965,0.5747,0.2672,0.2717,0.6089,0.3426,0.7482,0.2058,0.6120,0.2824,0.5600,0.3036,0.3063,0.3150,0.4832,0.2748
13061,Clay Co.,Georgia,31.6330,-85.0097,3509,no (<0.5 psi),0.0000,0.0000,0.0390,0.0353,0.0569,0.0145,0.0642,0.0124,0.0581,0.0151,0.0335,0.0138,0.1084,0.0483,0.0182,0.0089,0.0292,0.0744,0.0676,0.0423,0.0343,0.0846,0.0195,0.0724,0.0662,0.0644,0.0273,0.0507,0.1161,0.0636,0.0230,0.0493
13063,Clayton Co.,Georgia,33.5016,-84.3522,164026,very high (>=10 psi),1.0000,1.0000,0.5712,0.2227,0.5741,0.8603,0.7291,0.7903,0.5591,0.8022,0.6700,0.8543,0.5990,0.7016,0.5851,0.8014,0.5376,0.6874,0.6496,0.8790,0.9044,0.9321,0.8005,0.9233,0.8678,0.9347,0.9013,0.9257,0.8923,0.9142,0.9588,0.8341
13065,Clinch Co.,Georgia,30.9160,-82.7314,6575,no (<0.5 psi),0.0000,0.0000,0.0670,0.0305,0.0167,0.0175,0.0217,0.0144,0.0127,0.0182,0.0160,0.0342,0.0288,0.0726,0.0067,0.0120,0.0261,0.1239,0.0574,0.0462,0.0955,0.0756,0.0409,0.0385,0.1125,0.0899,0.0832,0.0388,0.1353,0.0440,0.0224,0.0382
13067,Cobb Co.,Georgia,33.9143,-84.5836,372905,very high (>=10 psi),1.0000,1.0000,0.7373,0.5474,0.9519,0.9237,0.9739,0.9702,0.8149,0.8836,0.9536,0.9007,0.9658,0.8713,0.9398,0.9161,0.9151,0.8190,0.8402,0.9757,0.9686,0.9878,0.9745,0.9737,0.9643,0.9813,0.9708,0.9745,0.9751,0.9849,0.9859,0.9603
13069,Coffee Co.,Georgia,31.5877,-82.8441,28337,no (<0.5 psi),0.0000,0.0000,0.2130,0.0896,0.0911,0.3643,0.3001,0.2966,0.0577,0.2222,0.1466,0.2652,0.1449,0.1594,0.0886,0.2665,0.0777,0.3443,0.1450,0.0900,0.3510,0.3245,0.2379,0.0795,0.2396,0.1549,0.2843,0.1272,0.2167,0.1525,0.1795,0.0973
13071,Colquitt Co.,Georgia,31.1790,-83.7710,36500,no (<0.5 psi),0.0000,0.0000,0.2540,0.1357,0.0735,0.1398,0.2156,0.0676,0.0549,0.1346,0.1697,0.0983,0.1645,0.0874,0.1110,0.2946,0.0571,0.3973,0.2371,0.1029,0.1284,0.2569,0.1219,0.1155,0.1452,0.1184,0.1422,0.1231,0.0776,0.1878,0.3024,0.0582
13073,Columbia Co.,Georgia,33.5232,-82.2263,51891,medium (2-5 psi),0.0000,1.0000,0.3191,0.3618,0.3596,0.5698,0.3298,0.7038,0.2841,0.5492,0.3075,0.5598,0.3096,0.6471,0.2863,0.3140,0.6310,0.4749,0.4818,0.5503,0.4326,0.4700,0.4973,0.6554,0.6102,0.4923,0.4531,0.5355,0.5023,0.5875,0.4383,0.6460
13075,Cook Co.,Georgia,31.1868,-83.4291,13634,low (0.5-2 psi),0.0000,0.0000,0.1223,0.0662,0.0290,0.1132,0.0659,0.1120,0.0349,0.1260,0.0315,0.0854,0.0600,0.0832,0.0258,0.1010,0.0294,0.2140,0.1208,0.0589,0.1372,0.1481,0.1035,0.0445,0.1018,0.0980,0.0968,0.0737,0.0989,0.0799,0.1395,0.0347
13077,Coweta Co.,Georgia,33.3527,-84.7805,44426,medium (2-5 psi),0.0000,1.0000,0.2893,0.3106,0.5772,0.3413,0.3625,0.1946,0.6179,0.2831,0.6079,0.6788,0.1801,0.2523,0.7103,0.2659,0.5772,0.4111,0.6322,0.9083,0.5508,0.7101,0.4730,0.9247,0.6068,0.9036,0.8602,0.7051,0.5617,0.9512,0.7367,0.8509
13079,Crawford Co.,Georgia,32.6937,-83.9614,7833,low (0.5-2 psi),0.0000,0.0000,0.0777,0.0115,0.0096,0.0410,0.0146,0.0300,0.0099,0.0400,0.0073,0.0150,0.0127,0.0351,0.0165,0.0183,0.0123,0.1320,0.1058,0.1281,0.2020,0.1288,0.1264,0.1434,0.2056,0.1314,0.1190,0.1190,0.1293,0.2709,0.1644,0.0942
13081,Crisp Co.,Georgia,31.9168,-83.7662,20139,no (<0.5 psi),0.0000,0.0000,0.1656,0.0984,0.0473,0.1583,0.0677,0.1702,0.0518,0.0788,0.0788,0.1238,0.0634,0.1162,0.0628,0.1160,0.0615,0.2787,0.1984,0.0563,0.0749,0.0626,0.1201,0.0644,0.0814,0.0702,0.1086,0.0553,0.1088,0.0698,0.0865,0.0857
13083,Dade Co.,Georgia,34.7954,-85.5101,12302,low (0.5-2 psi),0.0000,0.0000,0.1126,0.0404,0.0119,0.0352,0.0348,0.0585,0.0130,0.0462,0.0133,0.0140,0.0179,0.0340,0.0097,0.0346,0.0208,0.1843,0.2091,0.1065,0.1904,0.1626,0.1685,0.0859,0.1032,0.1147,0.1459,0.1364,0.1141,0.0702,0.1457,0.0643
13085,Dawson Co.,Georgia,34.5066,-84.2427,6782,no (<0.5 psi),0.0000,0.0000,0.0688,0.0085,0.0065,0.0578,0.0130,0.0290,0.0047,0.0227,0.0086,0.0344,0.0133,0.0198,0.0066,0.0161,0.0069,0.1269,0.0372,0.0382,0.1765,0.0641,0.1913,0.0321,0.1124,0.0330,0.0919,0.0560,0.0623,0.0360,0.0850,0.0397
13087,Decatur Co.,Georgia,30.8806,-84.5722,25914,no (<0.5 psi),0.0000,0.0000,0.1997,0.1557,0.0566,0.0625,0.0536,0.0417,0.0536,0.1620,0.0913,0.0562,0.1256,0.0610,0.0632,0.0845,0.0750,0.3265,0.3241,0.1787,0.0860,0.1300,0.0666,0.1664,0.1751,0.0935,0.0795,0.1604,0.1522,0.1262,0.1112,0.1734
13089,DeKalb Co.,Georgia,33.7884,-84.2181,518161,very high (>=10 psi),1.0000,1.0000,0.7910,0.4997,0.9628,0.9677,0.9662,0.9778,0.8637,0.8898,0.9729,0.9463,0.9628,0.9352,0.9629,0.9631,0.9390,0.8773,0.7764,0.9848,0.9730,0.9853,0.9837,0.9776,0.9445,0.9857,0.9807,0.9843,0.9775,0.9863,0.9916,0.9761
13091,Dodge Co.,Georgia,32.1659,-83.1539,17346,no (<0.5 psi),0.0000,0.0000,0.1477,0.0420,0.0217,0.0418,0.0510,0.0677,0.0116,0.0899,0.0219,0.0466,0.0292,0.0185,0.0312,0.0423,0.0164,0.2526,0.1057,0.0968,0.1258,0.1336,0.1262,0.1028,0.2401,0.0762,0.1403,0.1065,0.0954,0.1198,0.0839,0.1361
13093,Dooly Co.,Georgia,32.1577,-83.8199,10527,no (<0.5 psi),0.0000,0.0000,0.0992,0.0348,0.0091,0.0255,0.0130,0.0309,0.0061,0.0083,0.0094,0.0100,0.0102,0.0504,0.0069,0.0087,0.0150,0.1775,0.1402,0.0511,0.2936,0.0967,0.2022,0.0695,0.1089,0.0839,0.1827,0.0884,0.3388,0.0647,0.0892,0.0737
13095,Dougherty Co.,Georgia,31.5420,-84.2223,101917,very high (>=10 psi),1.0000,1.0000,0.4637,0.4132,0.4191,0.6978,0.5982,0.7492,0.4469,0.7292,0.5154,0.5900,0.4870,0.4571,0.4494,0.7193,0.4302,0.6238,0.4180,0.2883,0.6579,0.6315,0.4392,0.3162,0.5042,0.3686,0.3889,0.3966,0.4321,0.4699,0.6898,0.2337
13097,Douglas Co.,Georgia,33.6880,-84.7683,62270,very high (>=10 psi),1.0000,1.0000,0.3561,0.1113,0.3508,0.7369,0.6482,0.4470,0.3525,0.4227,0.5015,0.4900,0.4092,0.6439,0.1541,0.3798,0.3675,0.4843,0.5264,0.7622,0.7971,0.8412,0.5797,0.8142,0.7288,0.8251,0.7272,0.7889,0.7198,0.7218,0.8582,0.5433
13099,Early Co.,Georgia,31.3017,-84.8653,12743,high (5-10 psi),0.0000,1.0000,0.1158,0.1965,0.1868,0.0864,0.0365,0.0788,0.1808,0.0319,0.2510,0.3398,0.0341,0.0648,0.1769,0.0286,0.1235,0.2039,0.2945,0.3344,0.0759,0.1178,0.0703,0.4338,0.0723,0.4264,0.4313,0.0521,0.0841,0.4061,0.0670,0.4487
13101,Echols Co.,Georgia,30.7319,-82.9445,2320,low (0.5-2 psi),0.0000,0.0000,0.0272,0.0082,0.0170,0.0338,0.0306,0.0155,0.0122,0.0614,0.0138,0.0399,0.0436,0.0300,0.0125,0.0247,0.0138,0.0525,0.0172,0.0676,0.1467,0.1274,0.0491,0.0717,0.1341,0.1067,0.0974,0.0687,0.1238,0.0434,0.0477,0.0559
13103,Effingham Co.,Georgia,32.3467,-81.3232,21391,low (0.5-2 psi),0.0000,0.0000,0.1634,0.1054,0.0522,0.0907,0.0563,0.0414,0.0495,0.1029,0.0577,0.1066,0.0526,0.1974,0.0427,0.0678,0.0787,0.2898,0.4334,0.1822,0.1868,0.2335,0.2494,0.2918,0.1927,0.2860,0.2415,0.2692,0.3487,0.1698,0.1379,0.3357
13105,Elbert Co.,Georgia,34.1237,-82.8605,18896,no (<0.5 psi),0.0000,0.0000,0.1578,0.0560,0.0187,0.0847,0.0548,0.0471,0.0159,0.0988,0.0233,0.0609,0.0443,0.0538,0.0249,0.0458,0.0316,0.2674,0.1502,0.1214,0.1349,0.1507,0.1808,0.0990,0.1978,0.0617,0.1150,0.1444,0.1216,0.1507,0.1710,0.1824
13107,Emanuel Co.,Georgia,32.5633,-82.3082,20936,no (<0.5 psi),0.0000,0.0000,0.1705,0.0636,0.0596,0.1893,0.0445,0.1502,0.0441,0.2007,0.0427,0.1991,0.1163,0.1080,0.0346,0.1544,0.1567,0.2858,0.1883,0.1463,0.3918,0.1369,0.2388,0.1342,0.4685,0.1010,0.3382,0.1722,0.1910,0.2150,0.1479,0.2655
13109,Evans Co.,Georgia,32.1653,-81.8900,8337,no (<0.5 psi),0.0000,0.0000,0.0737,0.0220,0.0097,0.0187,0.0157,0.0103,0.0078,0.0078,0.0098,0.0099,0.0271,0.0270,0.0061,0.0279,0.0072,0.1489,0.1047,0.0725,0.0929,0.2024,0.0592,0.0743,0.0406,0.0991,0.0562,0.1456,0.1335,0.0772,0.2244,0.0412
13111,Fannin Co.,Georgia,34.7619,-84.1881,15356,very high (>=10 psi),1.0000,1.0000,0.1343,0.0743,0.0239,0.1123,0.0546,0.1118,0.0172,0.0333,0.0215,0.0588,0.0314,0.0638,0.0228,0.0540,0.0350,0.2325,0.1762,0.0818,0.2851,0.1854,0.2389,0.0828,0.1304,0.1101,0.2349,0.1396,0.1318,0.2035,0.2289,0.1806
13113,Fayette Co.,Georgia,33.4037,-84.4999,43627,medium (2-5 psi),0.0000,1.0000,0.2859,0.0541,0.1108,0.4679,0.2434,0.3183,0.1000,0.3362,0.1082,0.2437,0.1577,0.2738,0.0824,0.3047,0.1130,0.4073,0.3917,0.7280,0.4999,0.7604,0.5982,0.8071,0.5687,0.8266,0.4389,0.8139,0.6434,0.6776,0.7467,0.6896
13115,Floyd Co.,Georgia,34.3211,-85.1982,79520,low (0.5-2 psi),0.0000,0.0000,0.4084,0.3476,0.1790,0.2166,0.3433,0.1750,0.1733,0.1919,0.3196,0.2382,0.2535,0.4259,0.1094,0.1478,0.5193,0.5380,0.5443,0.6045,0.4442,0.6739,0.4990,0.4922,0.3912,0.4452,0.4542,0.6237,0.7116,0.3033,0.3379,0.6229
13117,Forsyth Co.,Georgia,34.1932,-84.1492,33779,low (0.5-2 psi),0.0000,0.0000,0.2409,0.0537,0.0599,0.4689,0.2025,0.2146,0.0509,0.1622,0.1081,0.2012,0.0846,0.3207,0.0299,0.0940,0.1036,0.3808,0.2377,0.3463,0.4903,0.4379,0.4830,0.3002,0.4883,0.3785,0.3446,0.5827,0.6447,0.1468,0.3330,0.5119
13119,Franklin Co.,Georgia,34.3859,-83.2425,15985,no (<0.5 psi),0.0000,0.0000,0.1386,0.0438,0.0108,0.0392,0.0180,0.0275,0.0161,0.0408,0.0148,0.0209,0.0222,0.0780,0.0107,0.0292,0.0228,0.2390,0.1394,0.0948,0.1635,0.1163,0.2648,0.1194,0.2023,0.0979,0.1575,0.1576,0.2557,0.1370,0.2280,0.1843
13121,Fulton Co.,Georgia,33.8470,-84.4044,631793,very high (>=10 psi),1.0000,1.0000,0.8192,0.9982,0.9886,0.9695,0.9927,0.9792,0.9812,0.9462,0.9928,0.9773,0.9904,0.9506,0.9942,0.9856,0.9748,0.8952,0.9948,0.9907,0.9735,0.9919,0.9833,0.9897,0.9515,0.9926,0.9783,0.9910,0.9806,0.9915,0.9935,0.9840
13123,Gilmer Co.,Georgia,34.6944,-84.4544,11895,low (0.5-2 psi),0.0000,0.0000,0.1096,0.0422,0.0118,0.0553,0.0215,0.0345,0.0095,0.0232,0.0098,0.0548,0.0073,0.0321,0.0109,0.0285,0.0153,0.1941,0.1473,0.0751,0.1466,0.0972,0.1520,0.0803,0.1058,0.0869,0.1979,0.0822,0.1070,0.1335,0.1184,0.1333
13125,Glascock Co.,Georgia,33.2206,-82.6247,2403,no (<0.5 psi),0.0000,0.0000,0.0280,0.0063,0.0075,0.0280,0.0069,0.0323,0.0068,0.0408,0.0072,0.0196,0.0094,0.0137,0.0076,0.0165,0.0089,0.0541,0.0268,0.0228,0.1257,0.0315,0.0833,0.0438,0.1228,0.0310,0.0835,0.0299,0.0822,0.0327,0.0547,0.0414
13127,Glynn Co.,Georgia,31.2284,-81.5194,58410,very high (>=10 psi),1.0000,1.0000,0.3371,0.5901,0.3193,0.3880,0.4095,0.3518,0.3273,0.4699,0.2899,0.3009,0.2693,0.3782,0.2963,0.2837,0.2631,0.5015,0.6427,0.4365,0.3660,0.4549,0.3797,0.4561,0.5640,0.4049,0.4030,0.4726,0.5532,0.5151,0.3386,0.5981
13129,Gordon Co.,Georgia,34.5026,-84.8720,32557,no (<0.5 psi),0.0000,0.0000,0.2349,0.1276,0.0592,0.3849,0.1124,0.2166,0.0741,0.2712,0.0670,0.3275,0.1029,0.1717,0.0770,0.1435,0.1794,0.3730,0.3164,0.3556,0.4021,0.2759,0.5210,0.3194,0.4435,0.3474,0.4586,0.3528,0.3860,0.3981,0.2988,0.4810
13131,Grady Co.,Georgia,30.8780,-84.2289,20794,low (0.5-2 psi),0.0000,0.0000,0.1697,0.1139,0.0531,0.0934,0.0939,0.0466,0.0807,0.2099,0.0838,0.0533,0.0891,0.0739,0.0737,0.1229,0.0600,0.2845,0.2177,0.2186,0.2705,0.3381,0.1550,0.1858,0.3562,0.1571,0.2227,0.2402,0.1876,0.2908,0.3414,0.2004
13133,Greene Co.,Georgia,33.5590,-83.1540,11619,no (<0.5 psi),0.0000,0.0000,0.1075,0.0633,0.0274,0.0489,0.0154,0.0246,0.0295,0.0363,0.0330,0.0416,0.0166,0.0797,0.0230,0.0148,0.0324,0.1908,0.2214,0.1482,0.1340,0.0681,0.1042,0.1261,0.1754,0.0920,0.1497,0.0714,0.1265,0.1324,0.1123,0.1775
13135,Gwinnett Co.,Georgia,33.9609,-84.0457,253023,high (5-10 psi),0.0000,1.0000,0.6638,0.2934,0.6184,0.5959,0.7646,0.6758,0.5408,0.6357,0.6768,0.5853,0.7170,0.5968,0.4834,0.6359,0.6158,0.7896,0.5346,0.9579,0.9249,0.9426,0.9431,0.9455,0.9344,0.9496,0.9474,0.9573,0.9378,0.9493,0.9571,0.9289
13137,Habersham Co.,Georgia,34.6277,-83.5157,26171,no (<0.5 psi),0.0000,0.0000,0.2011,0.2129,0.1025,0.1318,0.1111,0.0619,0.1350,0.0703,0.1486,0.1818,0.0634,0.2781,0.0888,0.0885,0.1232,0.3284,0.3943,0.2797,0.2891,0.1530,0.3037,0.3518,0.2156,0.2864,0.2545,0.2950,0.3972,0.1447,0.1625,0.4695
13139,Hall Co.,Georgia,34.3040,-83.7849,84174,no (<0.5 psi),0.0000,0.0000,0.4210,0.2086,0.1436,0.1500,0.3851,0.1199,0.1350,0.2055,0.1838,0.0818,0.2145,0.2970,0.0610,0.1284,0.2236,0.5827,0.4748,0.4893,0.5567,0.5179,0.5408,0.4779,0.6993,0.5603,0.4721,0.6651,0.6517,0.3223,0.3532,0.7390
13141,Hancock Co.,Georgia,33.2595,-82.9992,9347,no (<0.5 psi),0.0000,0.0000,0.0900,0.0614,0.0160,0.0373,0.0089,0.0484,0.0192,0.0193,0.0167,0.0260,0.0104,0.0199,0.0188,0.0199,0.0129,0.1624,0.1137,0.0542,0.1395,0.0523,0.1140,0.0911,0.1409,0.0604,0.0718,0.0345,0.1576,0.0740,0.0548,0.0755
13143,Haralson Co.,Georgia,33.7633,-85.2050,20372,low (0.5-2 psi),0.0000,0.0000,0.1671,0.0457,0.0320,0.1539,0.0615,0.0485,0.0557,0.0247,0.0444,0.1026,0.0412,0.1025,0.0365,0.1500,0.0329,0.2603,0.2318,0.1141,0.2864,0.2319,0.2052,0.1311,0.1274,0.1406,0.2439,0.2220,0.1267,0.1340,0.3124,0.1192
13145,Harris Co.,Georgia,32.7264,-84.9004,16507,high (5-10 psi),0.0000,1.0000,0.1421,0.0877,0.0405,0.0510,0.0790,0.0483,0.0409,0.0623,0.0550,0.0349,0.0777,0.0797,0.0619,0.0707,0.0335,0.2264,0.3051,0.5123,0.1885,0.4585,0.1652,0.5142,0.3397,0.5594,0.2282,0.5856,0.2938,0.5397,0.4386,0.2665
13147,Hart Co.,Georgia,34.3570,-82.9630,19276,no (<0.5 psi),0.0000,0.0000,0.1602,0.1692,0.0736,0.1062,0.0521,0.0519,0.1033,0.0934,0.0742,0.1300,0.0409,0.1167,0.1007,0.0442,0.1020,0.2709,0.2798,0.2362,0.1755,0.1711,0.2069,0.3067,0.2311,0.1757,0.2316,0.1450,0.2664,0.2307,0.2390,0.2647
13149,Heard Co.,Georgia,33.2795,-85.1125,7280,high (5-10 psi),0.0000,1.0000,0.0731,0.0770,0.7311,0.0712,0.0838,0.0284,0.6365,0.0171,0.7616,0.8220,0.0571,0.0882,0.6565,0.0326,0.6497,0.1248,0.2612,0.8695,0.1489,0.2206,0.1414,0.8616,0.1096,0.8335,0.7460,0.2935,0.1353,0.8683,0.1606,0.8464
13151,Henry Co.,Georgia,33.4742,-84.1202,43402,low (0.5-2 psi),0.0000,0.0000,0.2849,0.0559,0.0908,0.5518,0.2032,0.2303,0.0666,0.4309,0.0857,0.2471,0.1222,0.2168,0.0746,0.1666,0.1246,0.4062,0.4272,0.7614,0.8170,0.8517,0.7178,0.7841,0.8477,0.7326,0.7568,0.8463,0.7139,0.8324,0.8444,0.6831
13153,Houston Co.,Georgia,32.4869,-83.6443,82850,very high (>=10 psi),1.0000,1.0000,0.4174,0.7289,0.9129,0.7242,0.8824,0.4642,0.8821,0.5974,0.8938,0.5701,0.9312,0.4984,0.9265,0.9470,0.3277,0.5469,0.8133,0.8911,0.6725,0.8645,0.3732,0.8762,0.4940,0.8953,0.5898,0.8500,0.5688,0.8889,0.9404,0.4488
13155,Irwin Co.,Georgia,31.6215,-83.2681,8880,no (<0.5 psi),0.0000,0.0000,0.0862,0.0267,0.0093,0.0225,0.0153,0.0346,0.0050,0.0098,0.0093,0.0111,0.0129,0.0242,0.0064,0.0124,0.0088,0.1563,0.0704,0.0184,0.0512,0.0483,0.0566,0.0200,0.0411,0.0287,0.0405,0.0274,0.0600,0.0277,0.0247,0.0259
13157,Jackson Co.,Georgia,34.1430,-83.5798,27504,high (5-10 psi),0.0000,1.0000,0.2085,0.0479,0.0448,0.1615,0.0942,0.1168,0.0449,0.2083,0.0506,0.0853,0.0764,0.1547,0.0471,0.1312,0.1065,0.3383,0.1809,0.2199,0.2679,0.2878,0.3160,0.2391,0.3698,0.1984,0.1442,0.3594,0.3026,0.2051,0.3623,0.2822
13159,Jasper Co.,Georgia,33.3349,-83.6959,7679,medium (2-5 psi),0.0000,1.0000,0.0764,0.0159,0.0087,0.0827,0.0195,0.0364,0.0091,0.0485,0.0079,0.0181,0.0123,0.0229,0.0112,0.0215,0.0091,0.1398,0.0687,0.0459,0.2187,0.0547,0.1667,0.0460,0.1604,0.0426,0.0667,0.0661,0.0980,0.0440,0.0508,0.0606
13161,Jeff Davis Co.,Georgia,31.8215,-82.6653,11813,no (<0.5 psi),0.0000,0.0000,0.1090,0.0349,0.0264,0.0677,0.0938,0.0559,0.0207,0.0498,0.0244,0.0434,0.0655,0.0587,0.0229,0.0588,0.0207,0.1931,0.0852,0.0706,0.1029,0.2003,0.0664,0.0706,0.1834,0.0794,0.1258,0.1003,0.1249,0.1208,0.0902,0.0773
13163,Jefferson Co.,Georgia,33.0356,-82.4439,18202,no (<0.5 psi),0.0000,0.0000,0.1533,0.0572,0.0303,0.0367,0.0205,0.0608,0.0199,0.0272,0.0238,0.0419,0.0358,0.0420,0.0194,0.0477,0.0341,0.2608,0.1744,0.1183,0.1920,0.1195,0.1787,0.1192,0.2966,0.0876,0.2063,0.1299,0.1788,0.1691,0.1329,0.2676
13165,Jenkins Co.,Georgia,32.7467,-81.9785,8644,low (0.5-2 psi),0.0000,0.0000,0.0843,0.0254,0.0192,0.0292,0.0193,0.0271,0.0157,0.0207,0.0158,0.0139,0.0373,0.0459,0.0095,0.0284,0.0204,0.1531,0.1060,0.0358,0.0523,0.0816,0.0530,0.0364,0.0755,0.0344,0.0503,0.1054,0.0487,0.0696,0.0948,0.0620
13167,Johnson Co.,Georgia,32.6673,-82.6421,8627,low (0.5-2 psi),0.0000,0.0000,0.0842,0.0193,0.0136,0.0262,0.0184,0.0427,0.0102,0.0264,0.0085,0.0157,0.0228,0.0151,0.0095,0.0294,0.0129,0.1529,0.0717,0.0313,0.0477,0.0468,0.0704,0.0362,0.0896,0.0309,0.0480,0.0425,0.0580,0.0385,0.0438,0.0408
13169,Jones Co.,Georgia,33.0104,-83.5560,19075,very high (>=10 psi),1.0000,1.0000,0.1589,0.0313,0.0174,0.0926,0.0490,0.0527,0.0279,0.0979,0.0143,0.0799,0.0358,0.0554,0.0279,0.0394,0.0262,0.2690,0.0986,0.4733,0.3462,0.3796,0.3704,0.4564,0.4808,0.3918,0.2664,0.3723,0.5272,0.4031,0.3154,0.4526
13171,Lamar Co.,Georgia,33.1090,-84.1455,12474,no (<0.5 psi),0.0000,0.0000,0.1139,0.0185,0.0225,0.1060,0.0325,0.0427,0.0336,0.1328,0.0192,0.0588,0.0244,0.0685,0.0204,0.0781,0.0292,0.1862,0.1580,0.2587,0.2582,0.3115,0.2558,0.2289,0.3167,0.2673,0.1629,0.3281,0.1572,0.3013,0.2864,0.2049
13173,Lanier Co.,Georgia,30.9876,-83.0758,5768,no (<0.5 psi),0.0000,0.0000,0.0600,0.0267,0.0214,0.0204,0.0309,0.0250,0.0133,0.0437,0.0236,0.0262,0.0476,0.0211,0.0190,0.0396,0.0128,0.1117,0.0505,0.0547,0.0832,0.1067,0.0459,0.0470,0.0840,0.1048,0.0755,0.0649,0.0896,0.0504,0.0638,0.0303
13175,Laurens Co.,Georgia,32.4271,-82.9211,38647,no (<0.5 psi),0.0000,0.0000,0.2640,0.0967,0.1338,0.1576,0.1659,0.2137,0.1041,0.1719,0.1546,0.1582,0.2041,0.2476,0.0833,0.1508,0.1976,0.4097,0.2425,0.1326,0.3445,0.2840,0.3163,0.1509,0.3099,0.1367,0.2491,0.2366,0.3307,0.1980,0.2100,0.2168
13177,Lee Co.,Georgia,31.7682,-84.1369,14839,medium (2-5 psi),0.0000,1.0000,0.1308,0.0669,0.0304,0.1405,0.0319,0.1664,0.0204,0.0545,0.0291,0.0692,0.0378,0.0527,0.0241,0.0907,0.0251,0.2270,0.1256,0.0483,0.1034,0.0921,0.1173,0.0557,0.1223,0.0679,0.1033,0.0607,0.1807,0.0627,0.1000,0.0559
13179,Liberty Co.,Georgia,31.8237,-81.5241,45577,very high (>=10 psi),1.0000,1.0000,0.2864,0.6216,0.7112,0.2050,0.8468,0.2331,0.7363,0.3294,0.6790,0.1294,0.7527,0.4299,0.7346,0.8497,0.3029,0.4459,0.8332,0.9001,0.4694,0.9492,0.5275,0.8930,0.3388,0.8812,0.3523,0.9257,0.3235,0.9243,0.9509,0.4675
13181,Lincoln Co.,Georgia,33.8136,-82.4534,7020,no (<0.5 psi),0.0000,0.0000,0.0709,0.0227,0.0177,0.0606,0.0382,0.0266,0.0160,0.0138,0.0218,0.0290,0.0543,0.1543,0.0121,0.0266,0.0134,0.1304,0.0868,0.0792,0.1923,0.2619,0.1786,0.0993,0.1391,0.1153,0.1151,0.1467,0.3279,0.0932,0.2610,0.0829
13183,Long Co.,Georgia,31.7787,-81.7975,5691,medium (2-5 psi),0.0000,1.0000,0.0524,0.0282,0.0160,0.0089,0.0212,0.0140,0.0108,0.0107,0.0117,0.0107,0.0235,0.0256,0.0200,0.0593,0.0120,0.1105,0.0674,0.1296,0.0415,0.2114,0.0319,0.1086,0.0429,0.1066,0.0313,0.1516,0.1267,0.0822,0.1537,0.0743
13185,Lowndes Co.,Georgia,30.8278,-83.2457,72573,very high (>=10 psi),1.0000,1.0000,0.3885,0.9143,0.9573,0.6001,0.9755,0.4566,0.9446,0.4003,0.9682,0.6294,0.9621,0.4284,0.9560,0.9730,0.2901,0.5500,0.8412,0.8758,0.4929,0.9428,0.3472,0.9098,0.3434,0.8895,0.4081,0.9120,0.3919,0.8994,0.9387,0.2443
13187,Lumpkin Co.,Georgia,34.5749,-84.0283,12226,no (<0.5 psi),0.0000,0.0000,0.1120,0.0198,0.0063,0.0429,0.0112,0.0216,0.0052,0.0086,0.0080,0.0262,0.0073,0.0157,0.0074,0.0198,0.0069,0.1980,0.0811,0.0689,0.2385,0.0606,0.1889,0.0428,0.0979,0.0469,0.1547,0.0581,0.0918,0.0568,0.0975,0.0830
13189,McDuffie Co.,Georgia,33.4854,-82.4954,19421,low (0.5-2 psi),0.0000,0.0000,0.1611,0.0678,0.0290,0.1276,0.0472,0.0919,0.0512,0.0671,0.0560,0.1166,0.0421,0.0819,0.0457,0.1339,0.0300,0.2722,0.2104,0.1713,0.2316,0.2072,0.2790,0.2015,0.1448,0.1963,0.2091,0.1760,0.2443,0.2393,0.3979,0.2379
13191,McIntosh Co.,Georgia,31.4896,-81.4181,8402,high (5-10 psi),0.0000,1.0000,0.0742,0.0560,0.0138,0.0127,0.0309,0.0119,0.0111,0.0275,0.0103,0.0125,0.0244,0.0295,0.0133,0.0324,0.0166,0.1498,0.2124,0.2980,0.2628,0.4023,0.1156,0.3248,0.2832,0.2243,0.2359,0.4560,0.3402,0.1492,0.2781,0.3733
13193,Macon Co.,Georgia,32.3268,-84.0516,13813,no (<0.5 psi),0.0000,0.0000,0.1235,0.0342,0.0115,0.0223,0.0135,0.0339,0.0125,0.0197,0.0086,0.0191,0.0126,0.0302,0.0135,0.0148,0.0246,0.2159,0.1233,0.0953,0.1139,0.0976,0.1213,0.0929,0.1800,0.0743,0.1359,0.0724,0.0982,0.0828,0.0859,0.0881
13195,Madison Co.,Georgia,34.1355,-83.2073,19161,very high (>=10 psi),1.0000,1.0000,0.1595,0.0455,0.0293,0.1963,0.0426,0.0500,0.0435,0.1468,0.0581,0.1133,0.0592,0.1968,0.0271,0.0746,0.0548,0.2698,0.1408,0.1696,0.2168,0.1606,0.2158,0.1486,0.2350,0.1258,0.1687,0.1785,0.2326,0.1941,0.2872,0.1966
13197,Marion Co.,Georgia,32.3556,-84.5247,5539,no (<0.5 psi),0.0000,0.0000,0.0579,0.0097,0.0078,0.0276,0.0150,0.0216,0.0073,0.0141,0.0061,0.0105,0.0161,0.0180,0.0101,0.0180,0.0073,0.1081,0.0467,0.1521,0.1620,0.1522,0.1447,0.1681,0.1623,0.1189,0.1251,0.2012,0.1851,0.1064,0.1769,0.1371
13199,Meriwether Co.,Georgia,33.0391,-84.7001,21414,no (<0.5 psi),0.0000,0.0000,0.1735,0.0394,0.0368,0.1504,0.0476,0.0673,0.0489,0.0920,0.0302,0.1065,0.0375,0.1541,0.0291,0.0746,0.0735,0.2689,0.2474,0.4113,0.3299,0.3883,0.2035,0.3973,0.3135,0.4344,0.1812,0.4568,0.2411,0.3380,0.3236,0.3717
13201,Miller Co.,Georgia,31.1653,-84.7300,6641,no (<0.5 psi),0.0000,0.0000,0.0676,0.0314,0.0042,0.0132,0.0066,0.0161,0.0052,0.0077,0.0062,0.0111,0.0057,0.0108,0.0065,0.0078,0.0060,0.1248,0.0669,0.0293,0.0329,0.0368,0.0629,0.0452,0.0466,0.0436,0.0287,0.0376,0.1071,0.0262,0.0281,0.0374
13205,Mitchell Co.,Georgia,31.2683,-84.1754,21185,medium (2-5 psi),0.0000,1.0000,0.1721,0.0740,0.0512,0.0545,0.0655,0.0512,0.0407,0.1235,0.0675,0.0374,0.1206,0.0467,0.0643,0.0920,0.0560,0.2880,0.1612,0.1119,0.1055,0.1755,0.0750,0.1279,0.1364,0.1025,0.0717,0.1223,0.1110,0.1874,0.2345,0.1115
13207,Monroe Co.,Georgia,33.0279,-83.8834,15690,high (5-10 psi),0.0000,1.0000,0.1366,0.0266,0.0143,0.0578,0.0295,0.0695,0.0198,0.0605,0.0110,0.0353,0.0260,0.0565,0.0154,0.0298,0.0228,0.2186,0.1838,0.2740,0.1505,0.4303,0.1995,0.2817,0.2951,0.2690,0.1191,0.4029,0.2117,0.2785,0.2504,0.2243
13209,Montgomery Co.,Georgia,32.1550,-82.5329,7310,low (0.5-2 psi),0.0000,0.0000,0.0656,0.0195,0.0067,0.0144,0.0060,0.0118,0.0059,0.0112,0.0074,0.0109,0.0064,0.0122,0.0057,0.0054,0.0066,0.1346,0.0528,0.0238,0.2471,0.0892,0.1138,0.0302,0.1858,0.0473,0.2428,0.0633,0.1345,0.0615,0.0859,0.0537
13211,Morgan Co.,Georgia,33.6242,-83.5094,12250,low (0.5-2 psi),0.0000,0.0000,0.1122,0.0211,0.0137,0.0473,0.0228,0.0280,0.0152,0.0376,0.0122,0.0163,0.0171,0.0461,0.0095,0.0250,0.0180,0.1982,0.1407,0.1959,0.1301,0.1414,0.2227,0.1831,0.2572,0.1321,0.0931,0.1801,0.1309,0.1147,0.1737,0.2296
13213,Murray Co.,Georgia,34.7872,-84.7419,22188,low (0.5-2 psi),0.0000,0.0000,0.1781,0.1425,0.0484,0.0857,0.0319,0.0569,0.0362,0.0437,0.0606,0.1295,0.0235,0.0786,0.0365,0.0339,0.0860,0.2966,0.2946,0.2181,0.2630,0.1192,0.3148,0.1269,0.1830,0.1680,0.3372,0.0995,0.1595,0.2252,0.2069,0.2153
13215,Muscogee Co.,Georgia,32.4908,-84.8644,176442,very high (>=10 psi),1.0000,1.0000,0.5873,0.5606,0.7468,0.6955,0.8276,0.6716,0.8260,0.8045,0.8294,0.7946,0.7399,0.7179,0.8666,0.8621,0.6428,0.7010,0.6985,0.8623,0.6926,0.8742,0.5986,0.8897,0.6896,0.9286,0.7043,0.9102,0.6429,0.9127,0.9301,0.7315
13217,Newton Co.,Georgia,33.5590,-83.8414,38267,medium (2-5 psi),0.0000,1.0000,0.2622,0.0560,0.0402,0.3725,0.0483,0.1527,0.0383,0.2173,0.0498,0.1941,0.0328,0.1212,0.0346,0.0723,0.0674,0.4076,0.2637,0.1071,0.5741,0.1534,0.5060,0.1326,0.6063,0.1035,0.4608,0.1578,0.3364,0.1130,0.1614,0.2373
13219,Oconee Co.,Georgia,33.8360,-83.4175,14609,medium (2-5 psi),0.0000,1.0000,0.1292,0.0227,0.0212,0.2320,0.0570,0.1430,0.0331,0.2449,0.0275,0.1622,0.0260,0.0738,0.0355,0.0943,0.0239,0.2246,0.0644,0.1434,0.3054,0.1794,0.3318,0.1191,0.3597,0.1154,0.1778,0.1915,0.1847,0.1545,0.3422,0.1196
13221,Oglethorpe Co.,Georgia,33.8645,-83.0922,9411,low (0.5-2 psi),0.0000,0.0000,0.0905,0.0206,0.0073,0.1196,0.0207,0.0482,0.0096,0.0554,0.0101,0.0239,0.0135,0.0695,0.0107,0.0370,0.0119,0.1633,0.0758,0.0728,0.1116,0.1264,0.1459,0.0605,0.2022,0.0571,0.0755,0.1127,0.1182,0.1168,0.2057,0.0867
13223,Paulding Co.,Georgia,33.9259,-84.8869,31006,very high (>=10 psi),1.0000,1.0000,0.2270,0.1337,0.2576,0.4127,0.1864,0.1926,0.2005,0.1918,0.2599,0.6692,0.0869,0.1088,0.3547,0.1595,0.3201,0.3373,0.5133,0.7356,0.6439,0.5371,0.3560,0.8583,0.5153,0.8105,0.8919,0.4499,0.4250,0.8188,0.5386,0.5560
13225,Peach Co.,Georgia,32.5662,-83.8325,19359,low (0.5-2 psi),0.0000,0.0000,0.1607,0.0352,0.0284,0.2330,0.0632,0.0966,0.0390,0.2594,0.0444,0.1509,0.0439,0.1260,0.0395,0.1500,0.0354,0.2518,0.2102,0.3392,0.2076,0.2523,0.1837,0.3949,0.2287,0.4306,0.1531,0.2588,0.2178,0.2466,0.4184,0.1734
13227,Pickens Co.,Georgia,34.5081,-84.4933,12729,no (<0.5 psi),0.0000,0.0000,0.1157,0.0410,0.0136,0.1435,0.0219,0.0593,0.0153,0.0540,0.0206,0.1818,0.0157,0.0485,0.0177,0.0353,0.0200,0.2038,0.1528,0.0883,0.2104,0.0913,0.2407,0.0706,0.0984,0.0996,0.2314,0.1074,0.0967,0.1289,0.1283,0.1286
13229,Pierce Co.,Georgia,31.3653,-82.2220,12647,no (<0.5 psi),0.0000,0.0000,0.1151,0.0575,0.0347,0.2687,0.1651,0.1167,0.0471,0.0816,0.0326,0.1843,0.1082,0.1505,0.0376,0.1473,0.0410,0.2028,0.1037,0.1173,0.2148,0.3123,0.1104,0.1173,0.1657,0.1344,0.2195,0.1644,0.2003,0.1379,0.1618,0.1154
13231,Pike Co.,Georgia,33.0882,-84.3819,9450,no (<0.5 psi),0.0000,0.0000,0.0908,0.0118,0.0144,0.0660,0.0214,0.0337,0.0141,0.0552,0.0106,0.0186,0.0181,0.0521,0.0109,0.0579,0.0144,0.1520,0.1358,0.2694,0.1613,0.2908,0.2372,0.2222,0.2881,0.2646,0.1030,0.3679,0.1904,0.3169,0.2410,0.2240
13233,Polk Co.,Georgia,34.0211,-85.1795,33341,very high (>=10 psi),1.0000,1.0000,0.2388,0.0818,0.0523,0.1846,0.1840,0.0776,0.0616,0.1579,0.0374,0.1334,0.1128,0.0899,0.0531,0.1915,0.0953,0.3517,0.3148,0.2118,0.3380,0.3794,0.3475,0.1756,0.3776,0.1836,0.2413,0.3350,0.2131,0.1588,0.3045,0.3794
13235,Pulaski Co.,Georgia,32.2617,-83.4829,8577,no (<0.5 psi),0.0000,0.0000,0.0838,0.0186,0.0040,0.0313,0.0084,0.0633,0.0039,0.0077,0.0066,0.0159,0.0071,0.0184,0.0088,0.0146,0.0051,0.1522,0.0749,0.0311,0.1304,0.0441,0.1154,0.0426,0.0647,0.0394,0.0584,0.0370,0.0624,0.0364,0.0645,0.0241
13237,Putnam Co.,Georgia,33.3281,-83.3437,12092,no (<0.5 psi),0.0000,0.0000,0.1110,0.0412,0.0206,0.0459,0.0140,0.0257,0.0261,0.0242,0.0155,0.0850,0.0131,0.0493,0.0209,0.0152,0.0196,0.1964,0.1367,0.1158,0.1460,0.0969,0.1546,0.1286,0.1939,0.0962,0.1902,0.0639,0.2147,0.1365,0.0973,0.1620
13239,Quitman Co.,Georgia,31.8847,-85.0197,2235,no (<0.5 psi),0.0000,0.0000,0.0263,0.0064,0.0142,0.0142,0.0448,0.0175,0.0162,0.0174,0.0132,0.0145,0.0569,0.0604,0.0084,0.0086,0.0156,0.0509,0.0228,0.0391,0.0469,0.1202,0.0348,0.0955,0.0663,0.0616,0.0464,0.1034,0.1072,0.0568,0.0927,0.0458
13241,Rabun Co.,Georgia,34.8592,-83.4524,10937,no (<0.5 psi),0.0000,0.0000,0.1024,0.0849,0.0146,0.0540,0.0348,0.0228,0.0146,0.0171,0.0139,0.0289,0.0171,0.0559,0.0179,0.0229,0.0146,0.1825,0.2359,0.1071,0.1530,0.1345,0.1610,0.1166,0.1288,0.0793,0.1682,0.0670,0.1186,0.1843,0.1336,0.1677
13243,Randolph Co.,Georgia,31.7743,-84.7809,8780,no (<0.5 psi),0.0000,0.0000,0.0854,0.0303,0.0070,0.0465,0.0184,0.0392,0.0085,0.0207,0.0070,0.0218,0.0160,0.0179,0.0120,0.0226,0.0087,0.1549,0.0683,0.0392,0.1163,0.1112,0.0829,0.0548,0.1381,0.0370,0.0865,0.0666,0.1293,0.0496,0.0654,0.0576
13245,Richmond Co.,Georgia,33.3888,-82.0898,189698,very high (>=10 psi),1.0000,1.0000,0.6032,0.7500,0.8467,0.6556,0.7237,0.7696,0.8303,0.8532,0.8576,0.8296,0.7864,0.6883,0.8568,0.7706,0.8921,0.7435,0.8357,0.9302,0.8028,0.9061,0.8799,0.9470,0.9167,0.8976,0.8228,0.8788,0.9026,0.9333,0.9213,0.9293
13247,Rockdale Co.,Georgia,33.6627,-84.0088,42466,very high (>=10 psi),1.0000,1.0000,0.2809,0.0592,0.1048,0.8233,0.2845,0.5094,0.0995,0.5541,0.1399,0.5076,0.1853,0.3104,0.1118,0.3009,0.1885,0.4303,0.2425,0.4503,0.8550,0.6408,0.8000,0.4694,0.7259,0.3887,0.7476,0.5566,0.6656,0.5503,0.6345,0.4186
13249,Schley Co.,Georgia,32.2921,-84.3164,3504,no (<0.5 psi),0.0000,0.0000,0.0390,0.0067,0.0101,0.0362,0.0196,0.0347,0.0124,0.0353,0.0096,0.0185,0.0144,0.0255,0.0101,0.0269,0.0164,0.0743,0.0241,0.0426,0.0705,0.0465,0.0820,0.0545,0.1102,0.0398,0.0689,0.0558,0.1481,0.0325,0.0469,0.0749
13251,Screven Co.,Georgia,32.7681,-81.6277,14461,no (<0.5 psi),0.0000,0.0000,0.1281,0.0524,0.0334,0.1583,0.0967,0.0992,0.0267,0.1543,0.0340,0.0574,0.0939,0.1041,0.0310,0.1387,0.0665,0.2230,0.2021,0.0981,0.1676,0.1634,0.0972,0.1047,0.1780,0.0801,0.1248,0.1347,0.2543,0.2008,0.1432,0.1944
13253,Seminole Co.,Georgia,30.8979,-84.8526,8870,low (0.5-2 psi),0.0000,0.0000,0.0862,0.0489,0.0230,0.0237,0.0668,0.0204,0.0273,0.0144,0.0275,0.0112,0.0941,0.0863,0.0093,0.0146,0.0176,0.1561,0.1197,0.1076,0.0921,0.1075,0.0506,0.1121,0.1248,0.0705,0.0648,0.1261,0.1517,0.0416,0.0439,0.1005
13255,Spalding Co.,Georgia,33.2665,-84.2701,50841,no (<0.5 psi),0.0000,0.0000,0.3151,0.0870,0.1494,0.4963,0.2555,0.3055,0.1531,0.5405,0.1349,0.2326,0.1691,0.4023,0.0975,0.2359,0.1475,0.4401,0.4088,0.6849,0.6694,0.7392,0.6758,0.6667,0.7037,0.7027,0.4747,0.7340,0.5421,0.6736,0.7024,0.6045
13257,Stephens Co.,Georgia,34.5763,-83.2824,22695,no (<0.5 psi),0.0000,0.0000,0.1811,0.2085,0.0663,0.1460,0.1202,0.0555,0.1010,0.1148,0.1126,0.1451,0.1011,0.1723,0.0488,0.0473,0.0921,0.3008,0.3356,0.2509,0.3059,0.2546,0.3346,0.2563,0.2184,0.2781,0.2854,0.2691,0.5395,0.1372,0.1547,0.4222
13259,Stewart Co.,Georgia,32.0717,-84.8490,5928,no (<0.5 psi),0.0000,0.0000,0.0614,0.0322,0.0278,0.0261,0.0378,0.0237,0.0188,0.0335,0.0259,0.0123,0.0285,0.0629,0.0217,0.0230,0.0254,0.1141,0.1391,0.1751,0.0910,0.1378,0.0553,0.1365,0.0697,0.1111,0.0656,0.1598,0.0487,0.1204,0.1886,0.0569
13261,Sumter Co.,Georgia,32.0545,-84.2057,30613,no (<0.5 psi),0.0000,0.0000,0.2250,0.0934,0.0593,0.2811,0.0994,0.3244,0.0557,0.1805,0.0789,0.2140,0.0755,0.2326,0.0568,0.1565,0.0983,0.3602,0.2218,0.1027,0.5927,0.2031,0.3424,0.1135,0.4609,0.1203,0.5067,0.1684,0.2819,0.1607,0.2156,0.2330
13263,Talbot Co.,Georgia,32.7044,-84.5191,6407,no (<0.5 psi),0.0000,0.0000,0.0656,0.0133,0.0112,0.0303,0.0083,0.0201,0.0132,0.0407,0.0074,0.0107,0.0094,0.0360,0.0065,0.0072,0.0250,0.1130,0.1166,0.0836,0.0897,0.0662,0.0739,0.0771,0.1524,0.0544,0.0886,0.0888,0.0587,0.1153,0.0535,0.1047
13265,Taliaferro Co.,Georgia,33.5869,-82.8563,2085,no (<0.5 psi),0.0000,0.0000,0.0247,0.0059,0.0090,0.0138,0.0069,0.0217,0.0093,0.0228,0.0101,0.0140,0.0085,0.0163,0.0075,0.0094,0.0115,0.0480,0.0249,0.0508,0.0979,0.0493,0.0718,0.0663,0.0983,0.0566,0.0830,0.0597,0.0772,0.0786,0.0885,0.0734
13267,Tattnall Co.,Georgia,32.0634,-82.0670,17868,medium (2-5 psi),0.0000,1.0000,0.1412,0.0522,0.0274,0.0374,0.0157,0.0452,0.0155,0.0202,0.0284,0.0311,0.0263,0.0529,0.0144,0.0196,0.0231,0.2576,0.1491,0.1449,0.0758,0.2669,0.0910,0.1128,0.0891,0.1609,0.0796,0.2099,0.2239,0.1868,0.1963,0.1650
13269,Taylor Co.,Georgia,32.5600,-84.2450,7741,no (<0.5 psi),0.0000,0.0000,0.0769,0.0155,0.0100,0.0706,0.0139,0.0642,0.0116,0.0367,0.0061,0.0282,0.0114,0.0550,0.0106,0.0193,0.0183,0.1308,0.0956,0.0962,0.1555,0.0671,0.1297,0.1119,0.1883,0.0721,0.2145,0.1101,0.2395,0.0777,0.0670,0.1688
13271,Telfair Co.,Georgia,31.9618,-82.9148,11396,no (<0.5 psi),0.0000,0.0000,0.1058,0.0319,0.0162,0.0930,0.0318,0.0689,0.0109,0.0398,0.0139,0.0688,0.0311,0.0418,0.0091,0.0272,0.0235,0.1881,0.0967,0.0464,0.0983,0.0783,0.0619,0.0523,0.1271,0.0359,0.0922,0.0491,0.0796,0.0674,0.0295,0.0986
13273,Terrell Co.,Georgia,31.7928,-84.4318,11511,low (0.5-2 psi),0.0000,0.0000,0.1067,0.0344,0.0106,0.0242,0.0149,0.0490,0.0071,0.0112,0.0106,0.0154,0.0176,0.0297,0.0100,0.0141,0.0126,0.1895,0.1142,0.0845,0.1045,0.0881,0.0786,0.1262,0.1400,0.0903,0.0756,0.0802,0.0954,0.0809,0.1199,0.0924
13275,Thomas Co.,Georgia,30.8699,-83.9084,38518,low (0.5-2 psi),0.0000,0.0000,0.2634,0.2063,0.0842,0.2114,0.1920,0.1449,0.0873,0.3646,0.1504,0.1963,0.1533,0.0854,0.1006,0.3574,0.0945,0.4090,0.2619,0.1325,0.2138,0.2125,0.1425,0.1270,0.2910,0.0951,0.1803,0.1725,0.1151,0.2217,0.2214,0.0896
13277,Tift Co.,Georgia,31.4583,-83.5180,34078,low (0.5-2 psi),0.0000,0.0000,0.2424,0.1396,0.0812,0.1676,0.2084,0.2585,0.0727,0.1048,0.1878,0.1924,0.1163,0.1703,0.1026,0.4042,0.0516,0.3827,0.2073,0.0948,0.2783,0.2726,0.2572,0.0902,0.1792,0.2300,0.2345,0.1132,0.2337,0.1880,0.2757,0.0784
13279,Toombs Co.,Georgia,32.1065,-82.3297,23593,very high (>=10 psi),1.0000,1.0000,0.1765,0.1366,0.1579,0.0688,0.0412,0.0700,0.1104,0.0491,0.1812,0.2240,0.0376,0.0585,0.1316,0.0468,0.2404,0.3082,0.3398,0.6458,0.5452,0.2614,0.3713,0.5590,0.2983,0.6919,0.7939,0.1816,0.4262,0.7155,0.1807,0.6900
13281,Towns Co.,Georgia,34.8918,-83.7233,6254,no (<0.5 psi),0.0000,0.0000,0.0643,0.0247,0.0097,0.0170,0.0189,0.0104,0.0065,0.0233,0.0081,0.0142,0.0125,0.0175,0.0059,0.0139,0.0090,0.1191,0.0809,0.0358,0.0670,0.0708,0.0917,0.0377,0.0567,0.0362,0.0696,0.0465,0.0639,0.0492,0.0766,0.0509
13283,Treutlen Co.,Georgia,32.4003,-82.5486,6075,no (<0.5 psi),0.0000,0.0000,0.0627,0.0162,0.0184,0.0266,0.0218,0.0308,0.0144,0.0404,0.0150,0.0208,0.0235,0.0358,0.0089,0.0278,0.0144,0.1164,0.0694,0.0246,0.0550,0.0494,0.0414,0.0297,0.1116,0.0280,0.0585,0.0349,0.0530,0.0357,0.0415,0.0393
13285,Troup Co.,Georgia,33.0382,-85.0411,53438,no (<0.5 psi),0.0000,0.0000,0.3249,0.4808,0.3838,0.4503,0.5669,0.3142,0.3567,0.5407,0.4938,0.3619,0.3483,0.5503,0.3742,0.4107,0.5039,0.4509,0.6313,0.6208,0.5473,0.6918,0.4948,0.6229,0.6423,0.5688,0.4880,0.6591,0.6043,0.6274,0.6169,0.6283
13287,Turner Co.,Georgia,31.7149,-83.6259,9323,no (<0.5 psi),0.0000,0.0000,0.0898,0.0324,0.0144,0.0358,0.0099,0.0414,0.0141,0.0098,0.0108,0.0136,0.0165,0.0659,0.0080,0.0182,0.0138,0.1621,0.0941,0.0339,0.0738,0.0346,0.0647,0.0421,0.0804,0.0370,0.0714,0.0426,0.0812,0.0297,0.0355,0.0506
13289,Twiggs Co.,Georgia,32.6783,-83.4448,9728,medium (2-5 psi),0.0000,1.0000,0.0930,0.0162,0.0130,0.0469,0.0186,0.0371,0.0164,0.0197,0.0108,0.0157,0.0247,0.0431,0.0147,0.0342,0.0113,0.1553,0.1526,0.1332,0.1840,0.1144,0.1257,0.1398,0.1336,0.1736,0.1072,0.1441,0.1441,0.1885,0.2153,0.1162
13291,Union Co.,Georgia,34.8120,-83.9610,10314,no (<0.5 psi),0.0000,0.0000,0.0976,0.0462,0.0109,0.0359,0.0235,0.0113,0.0078,0.0161,0.0078,0.0226,0.0116,0.0351,0.0092,0.0226,0.0127,0.1748,0.1529,0.0416,0.1058,0.0695,0.0924,0.0344,0.0709,0.0433,0.0793,0.0499,0.0746,0.0675,0.0851,0.0721
13293,Upson Co.,Georgia,32.8453,-84.2931,26091,no (<0.5 psi),0.0000,0.0000,0.2007,0.0501,0.0437,0.1850,0.0867,0.1434,0.0634,0.3487,0.0451,0.1480,0.0602,0.0914,0.0812,0.1415,0.0603,0.3043,0.1937,0.3443,0.1954,0.2897,0.1331,0.2871,0.2758,0.2121,0.1795,0.3289,0.1661,0.2080,0.2278,0.2341
13295,Walker Co.,Georgia,34.8034,-85.3263,57171,medium (2-5 psi),0.0000,1.0000,0.3385,0.1521,0.0993,0.2551,0.2517,0.2898,0.1012,0.3280,0.1115,0.1902,0.1702,0.2339,0.1122,0.2490,0.2664,0.4966,0.3689,0.3195,0.5212,0.4743,0.5493,0.2688,0.3367,0.2592,0.3412,0.3923,0.3769,0.2447,0.3210,0.5343
13297,Walton Co.,Georgia,33.7614,-83.7465,33655,medium (2-5 psi),0.0000,1.0000,0.2403,0.0464,0.0726,0.2664,0.1309,0.1996,0.0745,0.3248,0.0802,0.1939,0.1054,0.2390,0.0672,0.1133,0.1400,0.3800,0.2668,0.2732,0.3575,0.2588,0.4393,0.2924,0.4291,0.2244,0.3105,0.4286,0.4220,0.2126,0.3460,0.3697
13299,Ware Co.,Georgia,31.0333,-82.3753,37005,low (0.5-2 psi),0.0000,0.0000,0.2564,0.1658,0.1057,0.1690,0.2073,0.1394,0.0710,0.1144,0.1261,0.1765,0.2268,0.1180,0.0884,0.2958,0.1160,0.4003,0.1990,0.1396,0.2322,0.3127,0.1883,0.1462,0.2148,0.1712,0.2195,0.2223,0.1428,0.1465,0.1652,0.0982
13301,Warren Co.,Georgia,33.4335,-82.7023,6431,low (0.5-2 psi),0.0000,0.0000,0.0658,0.0219,0.0070,0.0183,0.0046,0.0201,0.0079,0.0078,0.0066,0.0103,0.0054,0.0161,0.0060,0.0126,0.0088,0.1217,0.0756,0.0347,0.0644,0.0358,0.0657,0.0388,0.0489,0.0297,0.0543,0.0523,0.0445,0.0454,0.0536,0.0442
13303,Washington Co.,Georgia,32.9949,-82.7985,19078,low (0.5-2 psi),0.0000,0.0000,0.1589,0.0476,0.0178,0.0827,0.0216,0.0789,0.0150,0.0780,0.0163,0.0879,0.0276,0.0237,0.0192,0.0542,0.0210,0.2691,0.1380,0.0710,0.1139,0.1135,0.1560,0.0898,0.1413,0.0568,0.1101,0.0757,0.0983,0.1021,0.1161,0.0866
13305,Wayne Co.,Georgia,31.5784,-81.9161,21591,low (0.5-2 psi),0.0000,0.0000,0.1646,0.2075,0.0603,0.0803,0.0304,0.0414,0.0317,0.0581,0.0351,0.1017,0.0211,0.0811,0.0285,0.0317,0.0579,0.2915,0.3073,0.2739,0.4229,0.5438,0.2868,0.3064,0.2810,0.2627,0.2385,0.3389,0.5091,0.3472,0.3857,0.2248
13307,Webster Co.,Georgia,32.0879,-84.5376,2278,low (0.5-2 psi),0.0000,0.0000,0.0267,0.0060,0.0062,0.0222,0.0096,0.0258,0.0069,0.0158,0.0061,0.0228,0.0085,0.0137,0.0062,0.0087,0.0095,0.0517,0.0222,0.0396,0.1503,0.0865,0.0952,0.0583,0.1044,0.0444,0.1644,0.0694,0.0902,0.0398,0.0895,0.0535
13309,Wheeler Co.,Georgia,32.1158,-82.7660,5100,low (0.5-2 psi),0.0000,0.0000,0.0474,0.0128,0.0056,0.0082,0.0035,0.0077,0.0043,0.0056,0.0069,0.0071,0.0054,0.0084,0.0030,0.0042,0.0049,0.1011,0.0474,0.0106,0.0475,0.0319,0.0219,0.0118,0.0398,0.0168,0.0433,0.0152,0.0537,0.0139,0.0144,0.0136
13311,White Co.,Georgia,34.6514,-83.7673,11485,low (0.5-2 psi),0.0000,0.0000,0.1065,0.0318,0.0169,0.0454,0.0763,0.0187,0.0125,0.0273,0.0163,0.0332,0.0376,0.0707,0.0089,0.0247,0.0181,0.1892,0.1195,0.1296,0.3144,0.1687,0.2776,0.0974,0.1506,0.1140,0.2033,0.1628,0.2451,0.0721,0.1489,0.1988
13313,Whitfield Co.,Georgia,34.8028,-84.9883,68475,low (0.5-2 psi),0.0000,0.0000,0.3761,0.1562,0.1469,0.5470,0.2340,0.3897,0.2057,0.3421,0.2068,0.3087,0.1928,0.6408,0.1326,0.4080,0.2781,0.5371,0.3544,0.2831,0.5068,0.4891,0.5326,0.3275,0.5122,0.4208,0.3842,0.3830,0.4668,0.3293,0.5710,0.4134
13315,Wilcox Co.,Georgia,31.9866,-83.4505,7269,low (0.5-2 psi),0.0000,0.0000,0.0730,0.0169,0.0067,0.0474,0.0194,0.0583,0.0059,0.0169,0.0083,0.0216,0.0151,0.0174,0.0124,0.0206,0.0081,0.1340,0.0546,0.0220,0.0735,0.0317,0.0540,0.0354,0.0826,0.0248,0.0525,0.0257,0.0658,0.0345,0.0356,0.0392
13317,Wilkes Co.,Georgia,33.7922,-82.7781,11164,low (0.5-2 psi),0.0000,0.0000,0.1041,0.0327,0.0093,0.0464,0.0137,0.0197,0.0113,0.0290,0.0107,0.0262,0.0144,0.0433,0.0115,0.0193,0.0107,0.1853,0.0956,0.1133,0.1856,0.1402,0.1456,0.1186,0.1840,0.0776,0.1734,0.0966,0.1590,0.1666,0.1891,0.1836
13319,Wilkinson Co.,Georgia,32.7932,-83.1528,10483,low (0.5-2 psi),0.0000,0.0000,0.0989,0.0206,0.0105,0.0436,0.0169,0.0377,0.0124,0.0480,0.0082,0.0164,0.0185,0.0246,0.0166,0.0252,0.0085,0.1769,0.0810,0.0978,0.1723,0.1526,0.1932,0.1223,0.2365,0.0923,0.1135,0.1295,0.1624,0.1405,0.1496,0.1092
13321,Worth Co.,Georgia,31.5837,-83.8337,18968,high (5-10 psi),0.0000,1.0000,0.1582,0.0719,0.0481,0.1014,0.0538,0.0762,0.0489,0.0867,0.0526,0.0848,0.0646,0.0756,0.0484,0.0885,0.0378,0.2680,0.1366,0.2059,0.2592,0.2618,0.2221,0.2448,0.4394,0.2349,0.3205,0.2287,0.2910,0.2568,0.3091,0.2475
15001,Hawaii Co.,Hawaii,19.5923,-155.4510,105900,low (0.5-2 psi),0.0000,0.0000,0.4822,0.2215,0.4144,0.6308,0.4883,0.6427,0.3648,0.5323,0.4387,0.5689,0.2928,0.7191,0.4174,0.4729,0.5615,0.6447,0.1411,0.4822,0.9010,0.5646,0.8249,0.5385,0.8607,0.5943,0.8961,0.5421,0.7993,0.6435,0.7567,0.7927
15003,Honolulu Co.,Hawaii,21.4906,-158.0408,804294,low (0.5-2 psi),0.0000,0.0000,0.9040,1.0000,0.9842,0.9881,0.9844,0.9834,0.9848,0.9782,0.9896,0.9875,0.9816,0.9821,0.9862,0.9881,0.9776,0.9305,1.0000,0.9869,0.9850,0.9907,0.9889,0.9848,0.9808,0.9909,0.9856,0.9869,0.9814,0.9905,0.9947,0.9798
15005,Kalawao Co.,Hawaii,21.1738,-156.9489,130,low (0.5-2 psi),0.0000,0.0000,0.0004,0.0001,0.0228,0.0841,0.0229,0.0489,0.0263,0.0236,0.0192,0.1064,0.0121,0.0647,0.0317,0.0267,0.0297,0.0024,0.0000,0.0373,0.0898,0.0452,0.1178,0.0291,0.0624,0.0360,0.1341,0.0240,0.1098,0.0313,0.0441,0.0932
15009,Maui Co.,Hawaii,20.8042,-156.3101,85017,low (0.5-2 psi),0.0000,0.0000,0.4202,0.1499,0.5153,0.8282,0.6045,0.8417,0.4418,0.7999,0.5236,0.7676,0.4650,0.7517,0.5147,0.6891,0.6603,0.5937,0.1070,0.4767,0.9304,0.6567,0.8429,0.5539,0.9249,0.4264,0.9081,0.5705,0.7689,0.6899,0.7659,0.7711
16003,Adams Co.,Idaho,44.8568,-116.5410,3372,no (<0.5 psi),0.0000,0.0000,0.0266,0.0291,0.0189,0.0641,0.0176,0.0970,0.0164,0.0451,0.0227,0.0455,0.0144,0.0401,0.0149,0.0260,0.0305,0.0571,0.0585,0.0352,0.1560,0.0441,0.1336,0.0376,0.0554,0.0347,0.0659,0.0408,0.0708,0.0543,0.0511,0.0484
16011,Bingham Co.,Idaho,43.1964,-112.2971,38290,medium (2-5 psi),0.0000,1.0000,0.2599,0.2746,0.2788,0.2131,0.1809,0.2453,0.3417,0.5988,0.1942,0.2166,0.2875,0.3628,0.1977,0.2085,0.5428,0.3995,0.3116,0.4152,0.3182,0.3030,0.2827,0.3814,0.5331,0.2568,0.4003,0.4439,0.3289,0.4066,0.3624,0.4694
16013,Blaine Co.,Idaho,43.3050,-113.8774,12159,no (<0.5 psi),0.0000,0.0000,0.0952,0.0763,0.0426,0.1102,0.0385,0.0733,0.0501,0.1100,0.0349,0.0471,0.0696,0.1430,0.0401,0.0555,0.1403,0.1767,0.2176,0.1082,0.2241,0.1309,0.1718,0.1719,0.2231,0.1731,0.1645,0.1439,0.3113,0.1013,0.1114,0.2457
16015,Boise Co.,Idaho,43.9649,-115.7724,3285,low (0.5-2 psi),0.0000,0.0000,0.0259,0.0129,0.0244,0.0370,0.0370,0.0563,0.0177,0.0158,0.0218,0.0294,0.0172,0.0307,0.0225,0.0394,0.0313,0.0558,0.0292,0.0820,0.0759,0.1143,0.1048,0.0685,0.0499,0.1070,0.0764,0.0908,0.0817,0.1148,0.1506,0.0923
16017,Bonner Co.,Idaho,48.2931,-116.5421,26458,no (<0.5 psi),0.0000,0.0000,0.1605,0.1676,0.1801,0.4392,0.1500,0.2459,0.1676,0.1695,0.2198,0.4834,0.1327,0.1606,0.1718,0.2601,0.1691,0.3207,0.3523,0.2543,0.3225,0.2197,0.2256,0.1452,0.1534,0.2239,0.4070,0.1567,0.1070,0.2562,0.2211,0.0764
16019,Bonneville Co.,Idaho,43.3410,-111.4329,68630,very high (>=10 psi),1.0000,1.0000,0.3935,0.6691,0.1840,0.5750,0.3758,0.5980,0.3269,0.4895,0.3357,0.5474,0.3037,0.7876,0.2714,0.5986,0.4011,0.5419,0.5974,0.4221,0.4507,0.5983,0.5662,0.4321,0.5348,0.5727,0.5330,0.4328,0.7475,0.5115,0.7398,0.4590
16023,Butte Co.,Idaho,43.7579,-113.0819,3270,no (<0.5 psi),0.0000,0.0000,0.0258,0.1386,0.1325,0.3212,0.2403,0.3467,0.1325,0.0903,0.1604,0.2655,0.1334,0.3676,0.1271,0.1610,0.1517,0.0555,0.3305,0.4604,0.3285,0.7247,0.2384,0.4987,0.1082,0.5879,0.2836,0.6534,0.3285,0.5551,0.7001,0.1478
16025,Camas Co.,Idaho,43.5284,-114.8355,795,no (<0.5 psi),0.0000,0.0000,0.0059,0.0040,0.0132,0.0987,0.0145,0.0983,0.0169,0.0278,0.0139,0.1117,0.0119,0.0624,0.0130,0.0214,0.0312,0.0144,0.0063,0.0300,0.0964,0.0440,0.1383,0.0270,0.0361,0.0633,0.0946,0.0351,0.1109,0.0445,0.0513,0.0690
16031,Cassia Co.,Idaho,42.3742,-113.6428,20315,no (<0.5 psi),0.0000,0.0000,0.1524,0.0971,0.0419,0.0749,0.0288,0.0938,0.0292,0.0481,0.0390,0.0853,0.0373,0.1127,0.0321,0.0784,0.0467,0.2599,0.1341,0.1637,0.3476,0.1564,0.3309,0.1294,0.1648,0.1802,0.3916,0.1542,0.3271,0.1201,0.1914,0.1952
16037,Custer Co.,Idaho,44.2270,-114.2934,5118,no (<0.5 psi),0.0000,0.0000,0.0406,0.0437,0.0184,0.0101,0.0295,0.0238,0.0181,0.0093,0.0141,0.0093,0.0195,0.0237,0.0201,0.0182,0.0188,0.0838,0.1977,0.0736,0.0620,0.1406,0.1325,0.1207,0.0384,0.1609,0.0595,0.1146,0.1150,0.0933,0.1417,0.1074
16045,Gem Co.,Idaho,44.1638,-116.2834,11789,low (0.5-2 psi),0.0000,0.0000,0.0924,0.0338,0.0273,0.0185,0.0231,0.0660,0.0225,0.0141,0.0294,0.0221,0.0176,0.0410,0.0213,0.0206,0.0359,0.1723,0.0445,0.0659,0.0889,0.0434,0.1264,0.0562,0.0598,0.1022,0.0778,0.0427,0.2057,0.0516,0.0770,0.1753
16047,Gooding Co.,Idaho,43.0584,-114.8397,12246,no (<0.5 psi),0.0000,0.0000,0.0968,0.0986,0.0294,0.1971,0.0165,0.1254,0.0363,0.1064,0.0417,0.1580,0.0343,0.3308,0.0299,0.0841,0.1102,0.1837,0.0574,0.0923,0.1551,0.0663,0.1480,0.0971,0.1375,0.0832,0.1104,0.0901,0.2029,0.0709,0.1056,0.1876
16051,Jefferson Co.,Idaho,43.8626,-112.3358,16230,low (0.5-2 psi),0.0000,0.0000,0.1247,0.1580,0.0485,0.0651,0.0279,0.0672,0.0536,0.0771,0.0287,0.0668,0.0453,0.0957,0.0518,0.0549,0.0677,0.2220,0.1999,0.3500,0.1698,0.1574,0.1398,0.4011,0.1749,0.2515,0.1813,0.3884,0.2103,0.2402,0.2561,0.2131
16053,Jerome Co.,Idaho,42.7073,-114.2738,15792,no (<0.5 psi),0.0000,0.0000,0.1220,0.0925,0.0885,0.3014,0.0795,0.2708,0.0479,0.1903,0.0506,0.2877,0.0867,0.2459,0.0807,0.1537,0.1570,0.2196,0.1103,0.2158,0.3458,0.1888,0.3236,0.1967,0.2545,0.1988,0.3397,0.2513,0.2877,0.1956,0.2349,0.2570
16073,Owyhee Co.,Idaho,42.8099,-116.2394,8445,low (0.5-2 psi),0.0000,0.0000,0.0682,0.0119,0.0125,0.0698,0.0122,0.0796,0.0148,0.0267,0.0109,0.0673,0.0116,0.0254,0.0178,0.0455,0.0347,0.1397,0.0214,0.0252,0.1021,0.0411,0.1615,0.0223,0.0321,0.0255,0.0885,0.0279,0.0360,0.0497,0.0509,0.0495
16083,Twin Falls Co.,Idaho,42.4563,-114.5523,54185,no (<0.5 psi),0.0000,0.0000,0.3291,0.3151,0.6273,0.5086,0.3295,0.4823,0.5927,0.6713,0.4470,0.6403,0.5904,0.6280,0.5428,0.5652,0.8231,0.4539,0.2342,0.5479,0.6107,0.5596,0.6321,0.5694,0.7733,0.4335,0.5985,0.5670,0.5944,0.5689,0.5480,0.6999
16085,Valley Co.,Idaho,44.6860,-115.6559,6525,no (<0.5 psi),0.0000,0.0000,0.0518,0.0554,0.0351,0.0673,0.0476,0.0941,0.0244,0.0196,0.0232,0.0610,0.0273,0.0408,0.0363,0.0569,0.0226,0.1041,0.1228,0.0992,0.2526,0.1953,0.2507,0.1230,0.0722,0.1366,0.1503,0.1494,0.1175,0.1922,0.3020,0.0876
16087,Washington Co.,Idaho,44.4978,-116.8608,8662,no (<0.5 psi),0.0000,0.0000,0.0686,0.0766,0.0225,0.0596,0.0122,0.0587,0.0291,0.0302,0.0265,0.1087,0.0085,0.0192,0.0254,0.0130,0.0343,0.1332,0.0682,0.0456,0.1514,0.0368,0.1398,0.0517,0.0537,0.0604,0.1120,0.0411,0.1910,0.0747,0.0368,0.1173
17003,Alexander Co.,Illinois,37.1550,-89.3473,11677,no (<0.5 psi),0.0000,0.0000,0.0916,0.0577,0.0373,0.0209,0.0334,0.0392,0.0429,0.0318,0.0181,0.0261,0.0487,0.1615,0.0209,0.0254,0.0547,0.1888,0.2151,0.1083,0.0565,0.0707,0.0721,0.0916,0.0292,0.1064,0.0457,0.1035,0.1760,0.0667,0.0592,0.1061
17007,Boone Co.,Illinois,42.3228,-88.8232,29483,no (<0.5 psi),0.0000,0.0000,0.2083,0.0125,0.0557,0.0970,0.0784,0.0744,0.0404,0.1010,0.0916,0.0819,0.0622,0.1079,0.0592,0.1023,0.0443,0.3396,0.0494,0.1189,0.3226,0.1676,0.2266,0.1364,0.1665,0.1516,0.2750,0.1395,0.4243,0.0935,0.2700,0.0892
17011,Bureau Co.,Illinois,41.4201,-89.5111,37704,no (<0.5 psi),0.0000,0.0000,0.2529,0.0799,0.0506,0.1970,0.0889,0.1762,0.0532,0.4591,0.0748,0.2204,0.0794,0.0567,0.1408,0.0819,0.0668,0.3959,0.1267,0.0571,0.2370,0.0605,0.1556,0.0852,0.2926,0.0816,0.3670,0.0723,0.1322,0.0741,0.0711,0.1017
17013,Calhoun Co.,Illinois,39.1282,-90.6513,5551,medium (2-5 psi),0.0000,1.0000,0.0441,0.0156,0.0321,0.0462,0.0616,0.0166,0.0376,0.0379,0.0293,0.0196,0.0864,0.1118,0.0143,0.0222,0.0430,0.1083,0.1123,0.0700,0.1676,0.2078,0.0666,0.0694,0.1202,0.0833,0.0691,0.0940,0.4399,0.0379,0.0711,0.1035
17015,Carroll Co.,Illinois,42.0653,-89.9266,17801,very high (>=10 psi),1.0000,1.0000,0.1357,0.0222,0.0486,0.0298,0.0509,0.0373,0.0186,0.0766,0.0266,0.0258,0.0545,0.0448,0.0492,0.0411,0.0282,0.2382,0.0480,0.0662,0.2088,0.0823,0.1038,0.0960,0.2761,0.0851,0.1567,0.1151,0.1788,0.0664,0.0576,0.1536
17031,Cook Co.,Illinois,41.8120,-87.7537,5201817,very high (>=10 psi),1.0000,1.0000,0.9812,0.8910,0.9245,0.8352,0.8956,0.9329,0.9331,0.8545,0.9398,0.9179,0.9328,0.9097,0.9163,0.9452,0.8949,0.9883,0.9571,0.9756,0.9835,0.9745,0.9735,0.9818,0.9801,0.9840,0.9808,0.9712,0.9897,0.9761,0.9788,0.9666
17037,DeKalb Co.,Illinois,41.8057,-88.7717,72978,no (<0.5 psi),0.0000,0.0000,0.3994,0.0334,0.1506,0.1397,0.1160,0.2822,0.0878,0.1764,0.1841,0.1200,0.1246,0.1238,0.1473,0.1784,0.0902,0.5569,0.0923,0.1788,0.5674,0.2441,0.4022,0.2102,0.5019,0.2138,0.5374,0.2208,0.3996,0.1896,0.2888,0.1974
17043,DuPage Co.,Illinois,41.8010,-88.0899,714497,very high (>=10 psi),1.0000,1.0000,0.8728,0.4257,0.9080,0.8837,0.8932,0.9405,0.8819,0.8289,0.9264,0.8921,0.8842,0.9344,0.8680,0.9504,0.8190,0.9226,0.7608,0.9671,0.9871,0.9694,0.9716,0.9731,0.9687,0.9741,0.9916,0.9616,0.9834,0.9652,0.9801,0.9517
17053,Ford Co.,Illinois,40.8064,-88.1833,14921,medium (2-5 psi),0.0000,1.0000,0.1159,0.0170,0.0134,0.0542,0.0349,0.0428,0.0100,0.1174,0.0183,0.0420,0.0191,0.0394,0.0188,0.0370,0.0348,0.2080,0.0570,0.1049,0.1746,0.1736,0.1505,0.1198,0.4508,0.1416,0.1096,0.1986,0.1671,0.1020,0.1545,0.1512
17059,Gallatin Co.,Illinois,37.7548,-88.2130,7602,low (0.5-2 psi),0.0000,0.0000,0.0603,0.0258,0.0149,0.0141,0.0231,0.0104,0.0166,0.0392,0.0066,0.0077,0.0476,0.0339,0.0107,0.0082,0.0277,0.1190,0.0613,0.0199,0.0802,0.0403,0.0473,0.0266,0.1073,0.0150,0.0619,0.0356,0.0753,0.0178,0.0233,0.0485
17063,Grundy Co.,Illinois,41.3478,-88.4201,30845,very high (>=10 psi),1.0000,1.0000,0.2161,0.0373,0.7127,0.0830,0.0628,0.0779,0.6123,0.0790,0.7255,0.5799,0.0833,0.1553,0.6439,0.1039,0.6841,0.3496,0.0927,0.8297,0.2045,0.1035,0.1653,0.8485,0.1391,0.8768,0.8869,0.1385,0.3623,0.8143,0.1684,0.7061
17069,Hardin Co.,Illinois,37.4988,-88.2384,5369,no (<0.5 psi),0.0000,0.0000,0.0426,0.0165,0.0199,0.0130,0.0220,0.0100,0.0154,0.0195,0.0104,0.0061,0.0393,0.0497,0.0096,0.0071,0.0224,0.0875,0.0454,0.0150,0.0806,0.0694,0.0487,0.0287,0.0704,0.0207,0.0819,0.0537,0.1169,0.0202,0.0393,0.0344
17071,Henderson Co.,Illinois,40.8583,-90.9188,8653,very high (>=10 psi),1.0000,1.0000,0.0761,0.0772,0.0101,0.0123,0.0184,0.0114,0.0114,0.0193,0.0083,0.0070,0.0156,0.0178,0.0108,0.0133,0.0111,0.1484,0.2186,0.0724,0.0607,0.1044,0.0347,0.1350,0.0502,0.0626,0.0806,0.0974,0.0769,0.0779,0.0477,0.0792
17073,Henry Co.,Illinois,41.3919,-90.1451,54721,medium (2-5 psi),0.0000,1.0000,0.3233,0.2359,0.3082,0.4012,0.4290,0.4993,0.3723,0.4964,0.3413,0.4705,0.3787,0.2128,0.3713,0.3442,0.3470,0.5087,0.3858,0.5318,0.7764,0.6837,0.7733,0.5883,0.6466,0.4959,0.6934,0.5634,0.6411,0.7310,0.6654,0.4917
17075,Iroquois Co.,Illinois,40.8673,-87.8269,32156,low (0.5-2 psi),0.0000,0.0000,0.2234,0.0432,0.0940,0.2101,0.0872,0.1348,0.0921,0.4469,0.1057,0.1668,0.1644,0.1188,0.0991,0.1329,0.2699,0.3590,0.1250,0.2153,0.2200,0.2356,0.1322,0.1680,0.4555,0.3114,0.1697,0.3611,0.2947,0.1600,0.1858,0.3315
17077,Jackson Co.,Illinois,37.7547,-89.4088,61440,no (<0.5 psi),0.0000,0.0000,0.3661,0.2046,0.1946,0.3732,0.1834,0.2823,0.2045,0.3151,0.1802,0.4097,0.1995,0.5768,0.1201,0.0880,0.4187,0.5366,0.4520,0.4738,0.7616,0.5539,0.7483,0.5224,0.5721,0.5575,0.7473,0.6296,0.8384,0.3222,0.3975,0.7158
17085,Jo Daviess Co.,Illinois,42.3466,-90.1803,22871,medium (2-5 psi),0.0000,1.0000,0.1687,0.0279,0.0256,0.1257,0.0361,0.0758,0.0192,0.1092,0.0372,0.0895,0.0465,0.0626,0.0410,0.0456,0.0418,0.2858,0.0577,0.0591,0.2535,0.0782,0.1647,0.0886,0.1405,0.1064,0.2086,0.1097,0.2591,0.0642,0.0648,0.1283
17087,Johnson Co.,Illinois,37.4668,-88.8763,10995,low (0.5-2 psi),0.0000,0.0000,0.0864,0.0527,0.0138,0.0291,0.0155,0.0306,0.0150,0.0425,0.0116,0.0235,0.0192,0.0318,0.0199,0.0163,0.0238,0.1800,0.2515,0.0866,0.2463,0.1314,0.2166,0.0666,0.1433,0.0765,0.1190,0.0817,0.1314,0.1536,0.1528,0.1379
17089,Kane Co.,Illinois,41.8553,-88.4321,289277,low (0.5-2 psi),0.0000,0.0000,0.7313,0.1607,0.7619,0.7469,0.7805,0.8110,0.7259,0.6553,0.8400,0.6949,0.8083,0.8091,0.7800,0.8482,0.5904,0.8301,0.3386,0.8635,0.9401,0.8776,0.9055,0.9043,0.9262,0.8912,0.9567,0.8854,0.9339,0.8925,0.9070,0.8401
17091,Kankakee Co.,Illinois,41.1401,-87.8843,97039,low (0.5-2 psi),0.0000,0.0000,0.4710,0.0662,0.1332,0.1192,0.1514,0.2868,0.1097,0.1429,0.2697,0.0923,0.2445,0.1208,0.2570,0.2941,0.1108,0.6247,0.1747,0.4756,0.7731,0.6895,0.6123,0.4804,0.7263,0.5073,0.7055,0.6995,0.6894,0.5908,0.7551,0.4173
17093,Kendall Co.,Illinois,41.5471,-88.4271,37283,medium (2-5 psi),0.0000,1.0000,0.2507,0.0211,0.4016,0.1025,0.0871,0.0801,0.3796,0.0947,0.3423,0.2446,0.1127,0.2012,0.3156,0.1211,0.3041,0.3932,0.1303,0.7509,0.6752,0.2323,0.4419,0.8394,0.5016,0.7710,0.9162,0.2266,0.5365,0.7620,0.2818,0.6911
17095,Knox Co.,Illinois,40.8447,-90.2141,57554,no (<0.5 psi),0.0000,0.0000,0.3339,0.2016,0.3155,0.5002,0.3119,0.4412,0.4884,0.5025,0.2732,0.5181,0.3185,0.4551,0.3345,0.5002,0.4152,0.5208,0.2955,0.3250,0.7866,0.2168,0.7471,0.3679,0.6473,0.3764,0.7591,0.3523,0.5959,0.6015,0.6245,0.3506
17097,Lake Co.,Illinois,42.3114,-88.0154,465821,very high (>=10 psi),1.0000,1.0000,0.8159,0.9469,0.9573,0.8838,0.9749,0.9408,0.9627,0.8194,0.9729,0.8982,0.9711,0.9278,0.9700,0.9744,0.7887,0.8866,0.9879,0.9878,0.9888,0.9853,0.9755,0.9862,0.9763,0.9916,0.9841,0.9868,0.9898,0.9901,0.9886,0.9451
17099,La Salle Co.,Illinois,41.2744,-88.8761,107957,very high (>=10 psi),1.0000,1.0000,0.4982,0.2276,0.7314,0.1788,0.2387,0.3692,0.6245,0.4451,0.7611,0.8061,0.2434,0.1257,0.8419,0.3132,0.6699,0.6490,0.3248,0.8436,0.7150,0.4168,0.5699,0.8524,0.7925,0.8086,0.9536,0.4357,0.5482,0.8111,0.4395,0.8339
17103,Lee Co.,Illinois,41.8016,-89.2859,34330,no (<0.5 psi),0.0000,0.0000,0.2352,0.0379,0.0627,0.1156,0.0690,0.1412,0.0406,0.1326,0.0814,0.0885,0.0675,0.0691,0.1028,0.0868,0.0479,0.3740,0.0959,0.0563,0.3140,0.0740,0.1547,0.0590,0.3021,0.0925,0.3069,0.0525,0.1113,0.0610,0.0985,0.0757
17105,Livingston Co.,Illinois,40.8426,-88.5863,40191,low (0.5-2 psi),0.0000,0.0000,0.2654,0.0614,0.0484,0.3870,0.1981,0.2317,0.0603,0.3280,0.0710,0.3313,0.0928,0.1015,0.1184,0.2335,0.0798,0.4110,0.1646,0.0540,0.4202,0.1320,0.2514,0.0652,0.5195,0.0753,0.3390,0.0976,0.1979,0.0655,0.1492,0.2216
17111,McHenry Co.,Illinois,42.3815,-88.4527,157672,low (0.5-2 psi),0.0000,0.0000,0.5939,0.0506,0.5103,0.3257,0.4353,0.5547,0.3401,0.3405,0.6316,0.4527,0.4707,0.6246,0.4449,0.5058,0.3595,0.7287,0.1486,0.7428,0.9187,0.7749,0.8627,0.7604,0.7613,0.7891,0.9377,0.7593,0.8243,0.7902,0.7907,0.6801
17113,McLean Co.,Illinois,40.4965,-88.8636,122918,low (0.5-2 psi),0.0000,0.0000,0.5082,0.3687,0.2609,0.7842,0.5318,0.6474,0.3426,0.6286,0.3547,0.8138,0.4647,0.7412,0.2938,0.6067,0.4889,0.6935,0.4686,0.6551,0.7779,0.6468,0.6678,0.6828,0.8007,0.7556,0.8108,0.6815,0.8199,0.7100,0.7888,0.7303
17123,Marshall Co.,Illinois,41.0387,-89.3431,13478,no (<0.5 psi),0.0000,0.0000,0.1057,0.0135,0.0131,0.0314,0.0183,0.0216,0.0177,0.1179,0.0152,0.0149,0.0248,0.0245,0.0223,0.0182,0.0318,0.1920,0.0520,0.0504,0.2814,0.0413,0.1486,0.0573,0.4712,0.0287,0.1760,0.0651,0.1682,0.0442,0.0366,0.1114
17127,Massac Co.,Illinois,37.2074,-88.7089,14968,very high (>=10 psi),1.0000,1.0000,0.1157,0.1335,0.5476,0.0727,0.0643,0.0647,0.6335,0.0580,0.4293,0.6392,0.0993,0.2172,0.5083,0.0439,0.5406,0.2283,0.3477,0.7058,0.2189,0.1354,0.1879,0.6956,0.0443,0.7924,0.9022,0.0658,0.2314,0.7602,0.1901,0.6376
17131,Mercer Co.,Illinois,41.1866,-90.7469,18584,low (0.5-2 psi),0.0000,0.0000,0.1459,0.0579,0.0902,0.0867,0.1396,0.1448,0.0902,0.1367,0.0961,0.0657,0.1282,0.0673,0.0917,0.1591,0.1104,0.2672,0.1372,0.2248,0.5176,0.3933,0.3876,0.3299,0.2858,0.3110,0.5258,0.3243,0.5274,0.2975,0.3585,0.2604
17133,Monroe Co.,Illinois,38.3027,-90.1410,20701,medium (2-5 psi),0.0000,1.0000,0.1554,0.0719,0.2555,0.0642,0.0607,0.0326,0.2179,0.0996,0.1898,0.1793,0.0633,0.1100,0.3545,0.0620,0.1931,0.2837,0.6057,0.6372,0.1893,0.1569,0.0726,0.6268,0.1650,0.7050,0.6500,0.2445,0.4538,0.6211,0.1807,0.5814
17141,Ogle Co.,Illinois,42.0876,-89.3131,45969,medium (2-5 psi),0.0000,1.0000,0.2931,0.0474,0.1074,0.1832,0.0982,0.2427,0.0641,0.2451,0.1192,0.1118,0.1043,0.0666,0.1073,0.1176,0.0584,0.4434,0.1165,0.1369,0.3358,0.1560,0.2418,0.1742,0.2907,0.1966,0.3050,0.1428,0.2085,0.1787,0.1756,0.1091
17143,Peoria Co.,Illinois,40.7339,-89.7684,186607,very high (>=10 psi),1.0000,1.0000,0.6060,0.6600,0.6535,0.7219,0.5281,0.6666,0.7870,0.7890,0.7256,0.7553,0.5206,0.5322,0.7644,0.7196,0.7695,0.7721,0.6739,0.8366,0.9070,0.5692,0.8531,0.8108,0.7883,0.8051,0.9474,0.5821,0.7530,0.8951,0.8595,0.8672
17145,Perry Co.,Illinois,38.0851,-89.3559,22219,no (<0.5 psi),0.0000,0.0000,0.1654,0.0562,0.0447,0.1036,0.0415,0.0404,0.0444,0.0952,0.0525,0.1251,0.0542,0.1708,0.0298,0.0496,0.0869,0.2968,0.3075,0.0876,0.1579,0.0613,0.1647,0.0709,0.1526,0.1042,0.1775,0.1061,0.3008,0.0550,0.0824,0.2010
17151,Pope Co.,Illinois,37.3138,-88.5920,4541,low (0.5-2 psi),0.0000,0.0000,0.0360,0.0259,0.0350,0.0125,0.0184,0.0074,0.0279,0.0118,0.0195,0.0239,0.0282,0.0225,0.0319,0.0073,0.0367,0.0854,0.1506,0.2082,0.0468,0.1154,0.0485,0.2081,0.0465,0.1903,0.2459,0.0806,0.0267,0.4575,0.0948,0.1309
17153,Pulaski Co.,Illinois,37.2015,-89.1513,8225,low (0.5-2 psi),0.0000,0.0000,0.0652,0.0447,0.0146,0.0196,0.0221,0.0140,0.0170,0.0112,0.0090,0.0087,0.0339,0.0946,0.0083,0.0099,0.0275,0.1423,0.2221,0.1181,0.1168,0.1908,0.1047,0.1324,0.0593,0.1116,0.0682,0.1369,0.2615,0.0937,0.1335,0.1336
17155,Putnam Co.,Illinois,41.1909,-89.3146,5990,no (<0.5 psi),0.0000,0.0000,0.0490,0.0063,0.0085,0.0234,0.0128,0.0165,0.0087,0.0659,0.0077,0.0199,0.0124,0.0140,0.0156,0.0155,0.0145,0.0965,0.0274,0.0243,0.1290,0.0271,0.0937,0.0338,0.2261,0.0367,0.2241,0.0278,0.0929,0.0326,0.0251,0.0701
17157,Randolph Co.,Illinois,38.0089,-89.8244,35439,very high (>=10 psi),1.0000,1.0000,0.2446,0.2559,0.8343,0.1836,0.1074,0.0617,0.8133,0.1779,0.7884,0.8341,0.2253,0.6758,0.7814,0.0791,0.8274,0.3910,0.6047,0.8164,0.1792,0.2055,0.1195,0.8132,0.1879,0.8262,0.8806,0.1897,0.5615,0.7367,0.0737,0.7977
17161,Rock Island Co.,Illinois,41.5548,-90.3034,158931,very high (>=10 psi),1.0000,1.0000,0.5689,0.6841,0.9087,0.5994,0.7621,0.7753,0.9293,0.6590,0.9442,0.8333,0.8002,0.7881,0.8432,0.5709,0.9006,0.7436,0.7831,0.9507,0.8033,0.8748,0.7624,0.9611,0.7923,0.9582,0.9434,0.8940,0.8779,0.9270,0.7667,0.9653
17163,St. Clair Co.,Illinois,38.4735,-89.9548,265155,very high (>=10 psi),1.0000,1.0000,0.7287,0.8159,0.8648,0.6826,0.8993,0.5974,0.8797,0.7053,0.8951,0.4794,0.9023,0.6342,0.9242,0.9068,0.5356,0.7965,0.9622,0.9766,0.9177,0.9677,0.8087,0.9666,0.8889,0.9764,0.9059,0.9597,0.9605,0.9552,0.9515,0.9428
17165,Saline Co.,Illinois,37.7316,-88.5413,28477,no (<0.5 psi),0.0000,0.0000,0.2046,0.0962,0.0465,0.1046,0.0608,0.0682,0.0344,0.1238,0.0402,0.1196,0.0535,0.0567,0.0452,0.0625,0.0869,0.3319,0.2115,0.0219,0.1228,0.0357,0.0909,0.0262,0.1225,0.0187,0.1264,0.0213,0.0767,0.0205,0.0324,0.0903
17175,Stark Co.,Illinois,41.0616,-89.8118,7020,no (<0.5 psi),0.0000,0.0000,0.0633,0.0167,0.0055,0.0165,0.0118,0.0121,0.0056,0.0254,0.0076,0.0122,0.0060,0.0120,0.0076,0.0282,0.0057,0.1246,0.0554,0.0526,0.2026,0.0727,0.1997,0.0630,0.1140,0.1224,0.1841,0.0911,0.1357,0.0995,0.1764,0.1118
17177,Stephenson Co.,Illinois,42.3513,-89.6608,49232,very high (>=10 psi),1.0000,1.0000,0.3078,0.0456,0.0779,0.2238,0.1003,0.3093,0.0515,0.1933,0.1708,0.1470,0.1090,0.1104,0.0616,0.0758,0.1089,0.4602,0.1249,0.1477,0.4163,0.1636,0.3635,0.1404,0.3227,0.2092,0.4478,0.1644,0.2910,0.2042,0.1792,0.1258
17179,Tazewell Co.,Illinois,40.5271,-89.5551,125048,very high (>=10 psi),1.0000,1.0000,0.5122,0.5382,0.8167,0.7126,0.4338,0.6671,0.8215,0.7774,0.7999,0.9035,0.6026,0.5895,0.8243,0.5925,0.8849,0.6970,0.5629,0.7736,0.8413,0.4602,0.8451,0.7644,0.8011,0.7839,0.9550,0.5360,0.6242,0.8972,0.8039,0.8175
17181,Union Co.,Illinois,37.4607,-89.2531,18265,no (<0.5 psi),0.0000,0.0000,0.1389,0.0747,0.0437,0.0429,0.0429,0.0309,0.0687,0.0751,0.0294,0.0453,0.0446,0.0708,0.0490,0.0293,0.0968,0.2639,0.3500,0.2397,0.1564,0.2563,0.1840,0.2380,0.1905,0.1902,0.2089,0.2774,0.2988,0.2760,0.2336,0.3292
17187,Warren Co.,Illinois,40.8893,-90.6143,20759,no (<0.5 psi),0.0000,0.0000,0.1595,0.1289,0.0549,0.1552,0.0888,0.1330,0.0910,0.1054,0.0822,0.1083,0.0799,0.1150,0.0589,0.1478,0.0787,0.2886,0.2538,0.2254,0.6446,0.2659,0.4337,0.3225,0.3774,0.3060,0.5521,0.2605,0.4137,0.3173,0.3709,0.2976
17189,Washington Co.,Illinois,38.3176,-89.4249,15230,low (0.5-2 psi),0.0000,0.0000,0.1176,0.0351,0.0146,0.0253,0.0243,0.0231,0.0163,0.0418,0.0172,0.0289,0.0237,0.0597,0.0183,0.0294,0.0327,0.2312,0.1997,0.0622,0.3664,0.0747,0.2335,0.0517,0.2270,0.0652,0.2880,0.0731,0.1995,0.0631,0.1127,0.0995
17195,Whiteside Co.,Illinois,41.7573,-89.9375,62313,high (5-10 psi),0.0000,1.0000,0.3614,0.1100,0.1614,0.4257,0.2136,0.5010,0.1003,0.2222,0.1777,0.2742,0.1766,0.3339,0.1495,0.2075,0.1215,0.5182,0.2049,0.3072,0.5428,0.4540,0.4438,0.3077,0.3949,0.3511,0.5021,0.4125,0.6609,0.1606,0.2902,0.4218
17197,Will Co.,Illinois,41.4663,-87.8889,330895,very high (>=10 psi),1.0000,1.0000,0.7574,0.3104,0.7962,0.5759,0.6173,0.7335,0.7696,0.4998,0.8625,0.5738,0.6814,0.6769,0.8140,0.6786,0.7073,0.8480,0.6597,0.9701,0.9601,0.9520,0.9402,0.9720,0.9455,0.9727,0.9410,0.9470,0.9570,0.9603,0.9686,0.9308
17199,Williamson Co.,Illinois,37.7313,-88.9300,58557,no (<0.5 psi),0.0000,0.0000,0.3544,0.3686,0.1073,0.1275,0.0772,0.1352,0.1475,0.1660,0.1192,0.0844,0.0834,0.1619,0.0961,0.0917,0.1117,0.5250,0.5606,0.2405,0.3845,0.1942,0.4118,0.2118,0.4257,0.2078,0.2935,0.2228,0.3024,0.3703,0.3808,0.4434
17201,Winnebago Co.,Illinois,42.3496,-89.1693,249140,low (0.5-2 psi),0.0000,0.0000,0.7002,0.2225,0.5503,0.7474,0.6607,0.8385,0.4970,0.7636,0.6071,0.6808,0.5686,0.5993,0.5952,0.6295,0.5911,0.8084,0.3699,0.7862,0.9309,0.8711,0.8879,0.8321,0.8894,0.8703,0.9132,0.8574,0.9213,0.8735,0.8768,0.8054
17203,Woodford Co.,Illinois,40.7590,-89.2424,32304,low (0.5-2 psi),0.0000,0.0000,0.2243,0.0848,0.0320,0.1961,0.1714,0.1017,0.0724,0.0882,0.0532,0.2326,0.0789,0.1278,0.0593,0.1493,0.0424,0.3835,0.1801,0.1635,0.7154,0.2408,0.5561,0.1849,0.3445,0.2034,0.5252,0.1263,0.4407,0.2574,0.4966,0.2093
18007,Benton Co.,Indiana,40.6497,-87.3115,9779,no (<0.5 psi),0.0000,0.0000,0.0784,0.0144,0.0066,0.0209,0.0140,0.0286,0.0064,0.0434,0.0074,0.0126,0.0086,0.0177,0.0088,0.0104,0.0151,0.1476,0.0689,0.0451,0.1854,0.0704,0.1905,0.0315,0.2830,0.0365,0.1519,0.0721,0.1062,0.0519,0.0596,0.1557
18015,Carroll Co.,Indiana,40.6130,-86.5734,18784,low (0.5-2 psi),0.0000,0.0000,0.1423,0.0359,0.0418,0.0753,0.1632,0.0935,0.0633,0.1924,0.0523,0.0377,0.0812,0.1220,0.0909,0.0469,0.1029,0.2479,0.1858,0.4062,0.3291,0.4233,0.2866,0.3980,0.5037,0.4493,0.3720,0.5511,0.3889,0.4204,0.2761,0.4439
18017,Cass Co.,Indiana,40.8227,-86.3749,39840,medium (2-5 psi),0.0000,1.0000,0.2637,0.0813,0.1521,0.3598,0.3104,0.1776,0.1900,0.4692,0.1554,0.2115,0.2032,0.5415,0.1485,0.1230,0.3069,0.4089,0.2985,0.3003,0.4726,0.4543,0.3749,0.3052,0.5792,0.3662,0.3021,0.5198,0.5812,0.2840,0.3178,0.5506
18049,Fulton Co.,Indiana,41.0205,-86.2070,18840,medium (2-5 psi),0.0000,1.0000,0.1427,0.0238,0.0479,0.0751,0.0472,0.0645,0.0347,0.1323,0.0557,0.0534,0.0448,0.0845,0.0624,0.0459,0.0646,0.2485,0.1123,0.2011,0.2548,0.2197,0.2094,0.1692,0.4671,0.1801,0.1875,0.3143,0.2431,0.2058,0.1982,0.3043
18053,Grant Co.,Indiana,40.4862,-85.6545,76730,no (<0.5 psi),0.0000,0.0000,0.4118,0.1560,0.1005,0.2231,0.1774,0.1776,0.1427,0.3839,0.1075,0.1299,0.1155,0.3101,0.0992,0.1003,0.1768,0.5691,0.4430,0.4322,0.6732,0.5732,0.5251,0.3744,0.6360,0.4360,0.4676,0.5081,0.7487,0.4624,0.5282,0.5389
18067,Howard Co.,Indiana,40.4966,-86.1191,84459,medium (2-5 psi),0.0000,1.0000,0.4358,0.1856,0.4426,0.6460,0.4342,0.5946,0.5122,0.6611,0.3529,0.6521,0.3716,0.6963,0.4125,0.4750,0.5096,0.5921,0.5066,0.6659,0.7792,0.8081,0.7803,0.6252,0.7744,0.6303,0.6215,0.8198,0.8425,0.7485,0.7845,0.8204
18073,Jasper Co.,Indiana,41.0424,-87.1033,25511,no (<0.5 psi),0.0000,0.0000,0.1850,0.0604,0.3764,0.2279,0.0478,0.0907,0.4341,0.1734,0.4851,0.6501,0.0252,0.1263,0.4025,0.0398,0.6154,0.3083,0.2385,0.8409,0.7111,0.2181,0.5544,0.8795,0.7288,0.8610,0.9263,0.3239,0.5007,0.8582,0.2837,0.8903
18075,Jay Co.,Indiana,40.4293,-85.0051,21967,no (<0.5 psi),0.0000,0.0000,0.1668,0.0489,0.0253,0.0920,0.0319,0.0320,0.0349,0.1316,0.0297,0.0706,0.0487,0.1321,0.0328,0.0280,0.0759,0.2733,0.1156,0.2373,0.1808,0.2400,0.1185,0.1596,0.2385,0.2416,0.1597,0.2198,0.3226,0.1420,0.1924,0.2940
18089,Lake Co.,Indiana,41.3841,-87.3733,487819,very high (>=10 psi),1.0000,1.0000,0.8228,0.3812,0.8572,0.8628,0.9311,0.9220,0.8704,0.8592,0.9303,0.8816,0.8972,0.8711,0.8754,0.9163,0.8127,0.8911,0.4661,0.9778,0.9939,0.9776,0.9841,0.9749,0.9807,0.9836,0.9906,0.9832,0.9915,0.9750,0.9859,0.9638
18091,La Porte Co.,Indiana,41.5020,-86.7272,106680,medium (2-5 psi),0.0000,1.0000,0.4952,0.1087,0.1257,0.1561,0.1223,0.2157,0.1030,0.1135,0.2177,0.1231,0.1697,0.1837,0.1483,0.1502,0.1371,0.6463,0.1728,0.5445,0.6865,0.6427,0.4363,0.4220,0.4861,0.5014,0.6530,0.6305,0.7622,0.4395,0.5963,0.4755
18099,Marshall Co.,Indiana,41.3030,-86.2617,41183,low (0.5-2 psi),0.0000,0.0000,0.2703,0.0478,0.0496,0.0934,0.0853,0.0879,0.0367,0.1030,0.0854,0.0833,0.0547,0.1562,0.0494,0.1215,0.0657,0.4169,0.2314,0.1445,0.2632,0.2131,0.2480,0.1338,0.2960,0.2118,0.2283,0.1587,0.2458,0.1672,0.2813,0.2260
18103,Miami Co.,Indiana,40.7807,-86.0549,38103,very high (>=10 psi),1.0000,1.0000,0.2549,0.3770,0.6476,0.2366,0.7993,0.1164,0.7233,0.2294,0.6537,0.1055,0.6722,0.3313,0.6992,0.6386,0.1168,0.3984,0.8570,0.8019,0.4238,0.8503,0.2895,0.8436,0.6348,0.7624,0.3882,0.8361,0.5688,0.8445,0.7365,0.6099
18111,Newton Co.,Indiana,40.9609,-87.4013,13969,no (<0.5 psi),0.0000,0.0000,0.1092,0.0072,0.0110,0.0491,0.0211,0.0372,0.0128,0.0914,0.0163,0.0338,0.0160,0.0463,0.0157,0.0149,0.0270,0.1975,0.0425,0.1730,0.6377,0.1707,0.5247,0.2060,0.6442,0.2991,0.5324,0.3476,0.4135,0.1802,0.1852,0.3113
18127,Porter Co.,Indiana,41.3856,-87.0750,122300,very high (>=10 psi),1.0000,1.0000,0.5301,0.1622,0.6917,0.6295,0.5710,0.5933,0.6706,0.5189,0.7555,0.5542,0.5759,0.6115,0.7315,0.5089,0.5843,0.6765,0.4059,0.9077,0.8831,0.7995,0.7515,0.9225,0.7281,0.9352,0.9200,0.8204,0.9023,0.9136,0.8575,0.8583
18131,Pulaski Co.,Indiana,41.0420,-86.6991,13118,no (<0.5 psi),0.0000,0.0000,0.1031,0.0143,0.0117,0.0177,0.0173,0.0141,0.0081,0.0404,0.0152,0.0177,0.0121,0.0450,0.0133,0.0168,0.0214,0.1879,0.0891,0.0871,0.1500,0.0605,0.1196,0.0707,0.1778,0.0735,0.1414,0.1298,0.2023,0.0583,0.0584,0.1867
18149,Starke Co.,Indiana,41.2966,-86.6199,21515,no (<0.5 psi),0.0000,0.0000,0.1601,0.0204,0.0362,0.0560,0.0469,0.0579,0.0222,0.0835,0.0530,0.0438,0.0398,0.0820,0.0339,0.0341,0.0661,0.2737,0.1216,0.1579,0.2868,0.1705,0.2612,0.1483,0.4110,0.1998,0.2402,0.2760,0.3948,0.1229,0.1628,0.3234
18169,Wabash Co.,Indiana,40.8260,-85.7922,35004,very high (>=10 psi),1.0000,1.0000,0.2388,0.0704,0.0650,0.1503,0.2251,0.0622,0.0974,0.2748,0.0630,0.0901,0.1129,0.2616,0.0718,0.1106,0.1040,0.3785,0.2972,0.3769,0.3436,0.5251,0.2260,0.3893,0.3833,0.4249,0.2447,0.5411,0.7376,0.3038,0.3067,0.4758
18181,White Co.,Indiana,40.7370,-86.9235,23216,no (<0.5 psi),0.0000,0.0000,0.1709,0.0524,0.0269,0.0921,0.0413,0.0502,0.0248,0.1217,0.0287,0.0769,0.0242,0.0616,0.0417,0.0405,0.0368,0.2889,0.2029,0.1889,0.3127,0.1723,0.1957,0.1809,0.4861,0.1844,0.2795,0.2319,0.2658,0.1343,0.1193,0.3086
19005,Allamakee Co.,Iowa,43.2833,-91.3419,14640,no (<0.5 psi),0.0000,0.0000,0.0887,0.0797,0.0310,0.0267,0.0615,0.0333,0.0430,0.0561,0.0355,0.0366,0.0277,0.0517,0.0398,0.0152,0.0779,0.2198,0.1286,0.1416,0.1330,0.0729,0.1184,0.1022,0.2684,0.1014,0.1094,0.1047,0.2425,0.0601,0.0339,0.2311
19011,Benton Co.,Iowa,42.1671,-92.0657,22515,low (0.5-2 psi),0.0000,0.0000,0.1701,0.1230,0.0490,0.0731,0.0529,0.0476,0.0690,0.0874,0.0419,0.0488,0.0504,0.0292,0.0486,0.0745,0.0517,0.3050,0.2456,0.1218,0.2584,0.1516,0.3055,0.1884,0.2808,0.1475,0.4071,0.0843,0.1810,0.2740,0.1872,0.1350
19013,Black Hawk Co.,Iowa,42.5127,-92.3174,130073,no (<0.5 psi),0.0000,0.0000,0.5216,0.5184,0.3030,0.5879,0.3048,0.4458,0.4242,0.5010,0.3624,0.4424,0.3003,0.3920,0.2574,0.4146,0.3337,0.7050,0.5318,0.3777,0.6564,0.4705,0.6584,0.4259,0.6093,0.4218,0.6253,0.2743,0.4871,0.6634,0.5846,0.4802
19015,Boone Co.,Iowa,42.0365,-93.9311,25509,no (<0.5 psi),0.0000,0.0000,0.1876,0.1189,0.0726,0.0626,0.0712,0.1811,0.0975,0.1095,0.0710,0.0613,0.1078,0.0966,0.1082,0.0954,0.1104,0.3312,0.3296,0.5172,0.3347,0.5638,0.3115,0.5839,0.3084,0.3918,0.2955,0.6032,0.4505,0.3912,0.5343,0.2691
19017,Bremer Co.,Iowa,42.7747,-92.3180,23712,no (<0.5 psi),0.0000,0.0000,0.1772,0.0791,0.0316,0.0720,0.0367,0.0626,0.0686,0.0352,0.0504,0.0696,0.0585,0.0323,0.0443,0.0872,0.0246,0.3157,0.1444,0.0632,0.2971,0.1389,0.2000,0.0799,0.3069,0.0683,0.2235,0.0590,0.1406,0.1341,0.1448,0.0606
19019,Buchanan Co.,Iowa,42.5556,-91.8445,21810,no (<0.5 psi),0.0000,0.0000,0.1659,0.0616,0.0412,0.0907,0.0671,0.0962,0.0698,0.0439,0.0470,0.0888,0.0708,0.0375,0.0482,0.0905,0.0448,0.2985,0.1399,0.0620,0.2708,0.1524,0.2612,0.1333,0.1920,0.0966,0.2464,0.0800,0.1652,0.1559,0.1684,0.0691
19021,Buena Vista Co.,Iowa,42.7358,-95.1510,20572,no (<0.5 psi),0.0000,0.0000,0.1583,0.0670,0.1357,0.0682,0.0816,0.1019,0.1730,0.0982,0.0867,0.0590,0.1615,0.1048,0.1046,0.0695,0.1273,0.2869,0.1456,0.1390,0.1177,0.2226,0.1321,0.1521,0.0756,0.1130,0.0911,0.1775,0.1120,0.2122,0.2278,0.0760
19023,Butler Co.,Iowa,42.7748,-92.7899,16782,no (<0.5 psi),0.0000,0.0000,0.1342,0.0516,0.0237,0.0165,0.0277,0.0210,0.0240,0.0247,0.0154,0.0153,0.0243,0.0241,0.0240,0.0403,0.0260,0.2483,0.1202,0.0465,0.0992,0.0697,0.1103,0.0640,0.1331,0.0568,0.1306,0.0471,0.0990,0.1005,0.0706,0.0923
19025,Calhoun Co.,Iowa,42.3415,-94.6274,12345,no (<0.5 psi),0.0000,0.0000,0.1037,0.0447,0.0140,0.0185,0.0178,0.0158,0.0129,0.0124,0.0231,0.0215,0.0184,0.0586,0.0098,0.0336,0.0174,0.1972,0.1187,0.0699,0.0451,0.0916,0.0438,0.0930,0.0689,0.0768,0.0300,0.0736,0.0391,0.1585,0.1275,0.0798
19031,Cedar Co.,Iowa,41.8157,-91.1321,18216,no (<0.5 psi),0.0000,0.0000,0.1435,0.0694,0.0783,0.0778,0.1163,0.1045,0.0674,0.0544,0.1214,0.0752,0.0799,0.0767,0.0919,0.1705,0.0796,0.2634,0.1764,0.1579,0.5577,0.2116,0.4762,0.2630,0.3039,0.3755,0.5816,0.2097,0.5416,0.2393,0.2825,0.2863
19033,Cerro Gordo Co.,Iowa,43.0607,-93.2611,48497,no (<0.5 psi),0.0000,0.0000,0.2987,0.2018,0.1100,0.4192,0.0936,0.2694,0.1352,0.2112,0.1290,0.4500,0.1024,0.2851,0.1246,0.2104,0.1539,0.4795,0.3286,0.1309,0.3324,0.1905,0.3842,0.1563,0.2649,0.1360,0.4383,0.1342,0.3013,0.1949,0.1383,0.1718
19037,Chickasaw Co.,Iowa,42.9950,-92.3177,14485,no (<0.5 psi),0.0000,0.0000,0.1187,0.0704,0.0552,0.0550,0.0375,0.0526,0.0728,0.0312,0.0497,0.0795,0.0380,0.0298,0.0380,0.0589,0.0290,0.2227,0.1229,0.0302,0.0647,0.0643,0.0634,0.0486,0.0767,0.0389,0.0624,0.0314,0.0427,0.0553,0.0447,0.0384
19041,Clay Co.,Iowa,43.0825,-95.1508,18386,no (<0.5 psi),0.0000,0.0000,0.1446,0.0979,0.0543,0.0672,0.0693,0.0899,0.0452,0.0625,0.0562,0.0741,0.0433,0.0365,0.0583,0.0669,0.0431,0.2652,0.1848,0.0710,0.0653,0.1270,0.0841,0.0766,0.1298,0.0891,0.0827,0.0932,0.0347,0.1816,0.1428,0.0454
19043,Clayton Co.,Iowa,42.8715,-91.3525,20177,no (<0.5 psi),0.0000,0.0000,0.1515,0.0404,0.0295,0.0366,0.0544,0.0622,0.0203,0.0363,0.0275,0.0271,0.0381,0.0559,0.0426,0.0623,0.0300,0.2613,0.0730,0.0725,0.0882,0.1047,0.1009,0.0676,0.0356,0.0762,0.0678,0.0936,0.2173,0.0420,0.0826,0.0495
19045,Clinton Co.,Iowa,41.8915,-90.5300,53590,very high (>=10 psi),1.0000,1.0000,0.3266,0.1030,0.3171,0.2022,0.1487,0.3951,0.2036,0.2102,0.2888,0.1582,0.2139,0.2929,0.2548,0.2097,0.1775,0.4810,0.2157,0.3834,0.6516,0.4380,0.6357,0.4544,0.2964,0.4372,0.5241,0.5449,0.8307,0.2814,0.4071,0.4540
19051,Davis Co.,Iowa,40.7497,-92.4088,8788,no (<0.5 psi),0.0000,0.0000,0.0772,0.0635,0.0084,0.0078,0.0065,0.0071,0.0072,0.0137,0.0067,0.0077,0.0092,0.0078,0.0069,0.0083,0.0071,0.1503,0.1483,0.0289,0.1622,0.0527,0.0942,0.0370,0.1568,0.0333,0.1299,0.0365,0.0959,0.0495,0.0690,0.1027
19055,Delaware Co.,Iowa,42.4701,-91.3695,18514,no (<0.5 psi),0.0000,0.0000,0.1405,0.0285,0.0210,0.0437,0.0268,0.0324,0.0237,0.0161,0.0255,0.0490,0.0267,0.0712,0.0298,0.0305,0.0272,0.2453,0.0825,0.0842,0.2668,0.0702,0.1404,0.0993,0.0738,0.0865,0.2802,0.0670,0.2882,0.0576,0.1048,0.0559
19057,Des Moines Co.,Iowa,40.8923,-91.1935,43850,very high (>=10 psi),1.0000,1.0000,0.2790,0.3742,0.2312,0.2676,0.2001,0.3477,0.2554,0.2093,0.2817,0.0959,0.3035,0.3733,0.2145,0.1685,0.2062,0.4553,0.5163,0.5868,0.3190,0.4144,0.3571,0.6840,0.3753,0.5213,0.1817,0.4958,0.5324,0.3853,0.2520,0.5794
19059,Dickinson Co.,Iowa,43.3777,-95.1509,15048,no (<0.5 psi),0.0000,0.0000,0.1322,0.0360,0.0196,0.0799,0.0326,0.1136,0.0175,0.0437,0.0223,0.0874,0.0250,0.0994,0.0259,0.0278,0.0387,0.2292,0.1041,0.0538,0.2099,0.1304,0.1627,0.0586,0.1717,0.0691,0.1397,0.0677,0.1824,0.0931,0.0798,0.1042
19061,Dubuque Co.,Iowa,42.4839,-90.8946,89096,no (<0.5 psi),0.0000,0.0000,0.4493,0.2248,0.1745,0.4934,0.2717,0.5788,0.1630,0.2791,0.2447,0.4463,0.1952,0.3885,0.2113,0.2600,0.2154,0.6048,0.2604,0.5035,0.5626,0.6104,0.5976,0.5495,0.3923,0.6192,0.5694,0.5987,0.7338,0.4017,0.5897,0.4235
19063,Emmet Co.,Iowa,43.3778,-94.6784,12408,no (<0.5 psi),0.0000,0.0000,0.1134,0.0525,0.0158,0.0700,0.0218,0.0429,0.0082,0.0234,0.0218,0.0463,0.0146,0.0369,0.0130,0.0228,0.0220,0.1979,0.1101,0.0391,0.0728,0.0971,0.0779,0.0440,0.1027,0.0467,0.0573,0.0441,0.0898,0.0553,0.0502,0.0769
19065,Fayette Co.,Iowa,42.7755,-91.8440,23378,no (<0.5 psi),0.0000,0.0000,0.1719,0.0463,0.0311,0.0581,0.0206,0.0590,0.0245,0.0205,0.0316,0.0306,0.0249,0.0371,0.0293,0.0400,0.0220,0.2903,0.1158,0.0324,0.2558,0.0390,0.1273,0.0307,0.0454,0.0330,0.1813,0.0315,0.0633,0.0381,0.0524,0.0187
19067,Floyd Co.,Iowa,43.0603,-92.7892,18523,no (<0.5 psi),0.0000,0.0000,0.1455,0.0953,0.0327,0.0952,0.0363,0.0616,0.0398,0.0347,0.0408,0.1474,0.0285,0.1048,0.0351,0.0548,0.0288,0.2666,0.1606,0.0472,0.1068,0.0748,0.0954,0.0758,0.1308,0.0507,0.1367,0.0395,0.0669,0.1178,0.0498,0.0718
19069,Franklin Co.,Iowa,42.7326,-93.2622,12398,no (<0.5 psi),0.0000,0.0000,0.1040,0.0481,0.0136,0.0267,0.0137,0.0178,0.0141,0.0174,0.0111,0.0251,0.0135,0.0297,0.0125,0.0193,0.0189,0.1978,0.1171,0.0517,0.0452,0.0617,0.0328,0.0581,0.0557,0.0432,0.0394,0.0432,0.0778,0.0418,0.0250,0.0923
19073,Greene Co.,Iowa,42.0362,-94.3963,11202,no (<0.5 psi),0.0000,0.0000,0.0954,0.0449,0.0192,0.0196,0.0198,0.0319,0.0306,0.0190,0.0196,0.0191,0.0317,0.0374,0.0181,0.0176,0.0215,0.1827,0.1630,0.0819,0.0591,0.0863,0.0393,0.1285,0.0623,0.0792,0.0466,0.0737,0.0514,0.1194,0.0892,0.0864
19075,Grundy Co.,Iowa,42.3833,-92.7677,13251,no (<0.5 psi),0.0000,0.0000,0.1101,0.0468,0.0304,0.0326,0.0312,0.0527,0.0217,0.0186,0.0336,0.0247,0.0319,0.0396,0.0232,0.0562,0.0234,0.2082,0.1019,0.0451,0.2259,0.0959,0.1539,0.0592,0.2177,0.0497,0.2767,0.0403,0.1536,0.1028,0.0785,0.1030
19079,Hamilton Co.,Iowa,42.3405,-93.6971,16982,no (<0.5 psi),0.0000,0.0000,0.1355,0.0729,0.0586,0.0195,0.0552,0.1115,0.0598,0.0214,0.0490,0.0194,0.0736,0.0957,0.0187,0.0329,0.0623,0.2505,0.1592,0.1539,0.1032,0.1233,0.0797,0.1497,0.1109,0.1583,0.1441,0.0898,0.3437,0.1357,0.0865,0.2127
19081,Hancock Co.,Iowa,43.0819,-93.7343,13380,no (<0.5 psi),0.0000,0.0000,0.1110,0.0617,0.0167,0.0197,0.0273,0.0154,0.0162,0.0130,0.0212,0.0161,0.0246,0.1043,0.0104,0.0300,0.0265,0.2098,0.1291,0.0575,0.0581,0.1122,0.0513,0.0626,0.0966,0.0656,0.0606,0.0660,0.2181,0.0563,0.0501,0.2064
19083,Hardin Co.,Iowa,42.3400,-93.2323,20878,no (<0.5 psi),0.0000,0.0000,0.1602,0.0602,0.0401,0.1709,0.0601,0.2000,0.0380,0.0741,0.0366,0.1348,0.0573,0.1015,0.0644,0.1310,0.0441,0.2898,0.1282,0.0821,0.4676,0.1605,0.2174,0.1514,0.1973,0.1232,0.4231,0.1097,0.4179,0.1326,0.1139,0.1779
19087,Henry Co.,Iowa,40.9875,-91.5442,18840,low (0.5-2 psi),0.0000,0.0000,0.1475,0.1134,0.0613,0.0918,0.0685,0.0982,0.0573,0.0548,0.0722,0.0801,0.0868,0.0480,0.0557,0.1183,0.0450,0.2698,0.2567,0.1388,0.1753,0.1102,0.1499,0.1457,0.1304,0.1123,0.1380,0.1185,0.0989,0.1425,0.1205,0.1448
19089,Howard Co.,Iowa,43.3567,-92.3169,10567,no (<0.5 psi),0.0000,0.0000,0.0629,0.0314,0.0043,0.0143,0.0107,0.0348,0.0052,0.0048,0.0080,0.0137,0.0062,0.0134,0.0063,0.0112,0.0062,0.1749,0.0603,0.0221,0.0424,0.0191,0.0367,0.0187,0.0316,0.0158,0.0329,0.0138,0.0248,0.0167,0.0187,0.0186
19091,Humboldt Co.,Iowa,42.7764,-94.2071,11620,no (<0.5 psi),0.0000,0.0000,0.0984,0.0389,0.0205,0.0162,0.0203,0.0175,0.0252,0.0081,0.0281,0.0212,0.0282,0.0315,0.0109,0.0317,0.0112,0.1881,0.0850,0.0583,0.0904,0.1250,0.0539,0.0709,0.1201,0.0625,0.0652,0.0551,0.0689,0.0925,0.0671,0.0569
19095,Iowa Co.,Iowa,41.6731,-92.0668,15078,low (0.5-2 psi),0.0000,0.0000,0.1227,0.0522,0.0256,0.0399,0.0300,0.0367,0.0345,0.0771,0.0227,0.0440,0.0368,0.0366,0.0269,0.0386,0.0463,0.2295,0.1073,0.0823,0.1254,0.0879,0.1288,0.0900,0.1632,0.0880,0.1721,0.0675,0.1765,0.1372,0.1012,0.1306
19097,Jackson Co.,Iowa,42.2101,-90.6320,21569,very high (>=10 psi),1.0000,1.0000,0.1605,0.0410,0.0297,0.0460,0.0390,0.0540,0.0242,0.0685,0.0378,0.0308,0.0420,0.0561,0.0413,0.0598,0.0329,0.2742,0.0780,0.0780,0.1505,0.1018,0.1404,0.0935,0.0528,0.1018,0.1452,0.0946,0.3130,0.0451,0.0858,0.0652
19099,Jasper Co.,Iowa,41.7319,-93.0571,34715,no (<0.5 psi),0.0000,0.0000,0.2365,0.1055,0.0685,0.1286,0.0810,0.2069,0.0767,0.1213,0.0792,0.1535,0.0994,0.0810,0.1249,0.1653,0.0879,0.4001,0.2269,0.1427,0.4089,0.1788,0.3421,0.1405,0.2755,0.1373,0.3519,0.1277,0.2507,0.2176,0.2911,0.1371
19101,Jefferson Co.,Iowa,41.0311,-91.9481,16331,no (<0.5 psi),0.0000,0.0000,0.1312,0.0966,0.0253,0.0340,0.0248,0.0292,0.0263,0.0206,0.0241,0.0294,0.0239,0.0304,0.0167,0.0430,0.0214,0.2435,0.2214,0.0905,0.0927,0.0788,0.0862,0.0803,0.1101,0.0552,0.0754,0.0708,0.0756,0.0930,0.0654,0.1154
19103,Johnson Co.,Iowa,41.6435,-91.5998,88538,low (0.5-2 psi),0.0000,0.0000,0.4305,0.4207,0.1843,0.4844,0.1440,0.3759,0.2145,0.2715,0.2598,0.4589,0.1769,0.4137,0.1338,0.2408,0.1595,0.6224,0.5170,0.2633,0.5718,0.2893,0.5380,0.2579,0.3947,0.2471,0.4026,0.2362,0.3550,0.5838,0.3617,0.2711
19105,Jones Co.,Iowa,42.1644,-91.1310,19654,no (<0.5 psi),0.0000,0.0000,0.1526,0.0622,0.1015,0.1168,0.1199,0.1713,0.0926,0.1986,0.0661,0.1021,0.1103,0.0618,0.1972,0.1545,0.1387,0.2779,0.1442,0.1567,0.7709,0.2706,0.5372,0.2005,0.4751,0.1960,0.7194,0.1592,0.4662,0.2977,0.2884,0.2176
19107,Keokuk Co.,Iowa,41.3365,-92.1783,12393,no (<0.5 psi),0.0000,0.0000,0.1040,0.0507,0.0182,0.0268,0.0232,0.0217,0.0224,0.0348,0.0198,0.0283,0.0244,0.0225,0.0212,0.0278,0.0216,0.1977,0.1122,0.0332,0.0607,0.0401,0.0509,0.0540,0.0542,0.0464,0.0420,0.0383,0.0913,0.0407,0.0518,0.0851
19109,Kossuth Co.,Iowa,43.0816,-94.2068,20402,no (<0.5 psi),0.0000,0.0000,0.1573,0.1004,0.0412,0.0843,0.0580,0.0611,0.0414,0.0259,0.0735,0.0757,0.0496,0.0932,0.0247,0.0755,0.0268,0.2852,0.1472,0.0631,0.0827,0.1294,0.1304,0.0776,0.0903,0.0945,0.0988,0.0724,0.1606,0.1072,0.0884,0.0923
19111,Lee Co.,Iowa,40.5897,-91.5344,40797,very high (>=10 psi),1.0000,1.0000,0.2654,0.3085,0.1744,0.2658,0.2475,0.2946,0.2111,0.3151,0.2763,0.2024,0.2458,0.2145,0.2458,0.2239,0.1935,0.4380,0.4876,0.4242,0.1930,0.3538,0.3714,0.4175,0.1894,0.3574,0.1516,0.3592,0.2776,0.2606,0.2150,0.3776
19113,Linn Co.,Iowa,42.1666,-91.5985,164826,very high (>=10 psi),1.0000,1.0000,0.5774,0.6375,0.3599,0.5666,0.4079,0.5432,0.3562,0.5634,0.3632,0.4687,0.2897,0.4386,0.3055,0.3818,0.3576,0.7503,0.6588,0.4616,0.7832,0.5058,0.6151,0.4697,0.6112,0.4442,0.7442,0.4056,0.6634,0.6759,0.5367,0.5138
19115,Louisa Co.,Iowa,41.2462,-91.2989,11792,low (0.5-2 psi),0.0000,0.0000,0.0997,0.1072,0.0677,0.0148,0.0349,0.0294,0.0629,0.0248,0.0789,0.0390,0.0328,0.0254,0.0573,0.0292,0.0427,0.1902,0.2379,0.1774,0.0739,0.0989,0.0626,0.2286,0.0719,0.1978,0.0983,0.1089,0.1601,0.1269,0.0513,0.2008
19119,Lyon Co.,Iowa,43.3771,-96.1919,12375,low (0.5-2 psi),0.0000,0.0000,0.1131,0.0355,0.0254,0.0673,0.0327,0.0426,0.0178,0.0755,0.0254,0.0535,0.0234,0.0486,0.0429,0.0271,0.0484,0.1975,0.1210,0.0484,0.1000,0.0705,0.0734,0.0399,0.1133,0.0529,0.0537,0.0440,0.0600,0.0936,0.0600,0.0661
19123,Mahaska Co.,Iowa,41.3352,-92.6406,21844,no (<0.5 psi),0.0000,0.0000,0.1661,0.1134,0.0280,0.1207,0.0643,0.0923,0.0449,0.0490,0.0470,0.0969,0.0538,0.0814,0.0408,0.0717,0.0410,0.2989,0.1955,0.0534,0.1180,0.0620,0.0895,0.0466,0.1211,0.0534,0.1005,0.0410,0.1159,0.0694,0.0598,0.0969
19125,Marion Co.,Iowa,41.3264,-93.0991,29517,no (<0.5 psi),0.0000,0.0000,0.2097,0.1131,0.0469,0.1162,0.0602,0.1915,0.0414,0.0731,0.0505,0.0725,0.0988,0.0651,0.0661,0.0889,0.0522,0.3631,0.2138,0.1181,0.1804,0.1118,0.1281,0.1201,0.1053,0.1051,0.1324,0.1538,0.1806,0.1093,0.1149,0.1638
19127,Marshall Co.,Iowa,42.0358,-92.9991,40276,no (<0.5 psi),0.0000,0.0000,0.2630,0.2902,0.0944,0.2252,0.0778,0.2061,0.1033,0.1518,0.0828,0.0886,0.1388,0.1302,0.1396,0.2308,0.0751,0.4350,0.4603,0.1715,0.3493,0.2393,0.2328,0.2470,0.2946,0.1284,0.1915,0.1625,0.2213,0.2132,0.2361,0.1704
19131,Mitchell Co.,Iowa,43.3776,-92.7888,11426,no (<0.5 psi),0.0000,0.0000,0.0683,0.0351,0.0068,0.0370,0.0112,0.0495,0.0048,0.0086,0.0092,0.0375,0.0070,0.0283,0.0094,0.0108,0.0069,0.1849,0.0648,0.0186,0.0548,0.0197,0.0623,0.0150,0.0263,0.0173,0.0555,0.0143,0.0465,0.0180,0.0253,0.0163
19135,Monroe Co.,Iowa,41.0298,-92.8689,8585,no (<0.5 psi),0.0000,0.0000,0.0756,0.0716,0.0137,0.0127,0.0140,0.0173,0.0132,0.0102,0.0133,0.0138,0.0151,0.0135,0.0127,0.0146,0.0104,0.1474,0.1967,0.0377,0.0501,0.0328,0.0496,0.0402,0.0520,0.0297,0.0402,0.0265,0.0323,0.0489,0.0384,0.0525
19139,Muscatine Co.,Iowa,41.5260,-91.0760,40414,low (0.5-2 psi),0.0000,0.0000,0.2636,0.2902,0.2588,0.3704,0.2985,0.4241,0.2036,0.1302,0.4105,0.3650,0.2716,0.2353,0.2218,0.5006,0.1663,0.4358,0.4925,0.7814,0.7588,0.7319,0.7858,0.7954,0.4967,0.7368,0.7364,0.7409,0.8384,0.6200,0.4762,0.6816
19141,O'Brien Co.,Iowa,43.0825,-95.6242,16318,no (<0.5 psi),0.0000,0.0000,0.1311,0.0624,0.0442,0.0162,0.0392,0.0241,0.0365,0.0460,0.0256,0.0144,0.0390,0.0265,0.0571,0.0310,0.0420,0.2433,0.1540,0.1008,0.0667,0.1006,0.0719,0.1066,0.1016,0.1119,0.0397,0.0965,0.1119,0.1268,0.1164,0.0910
19143,Osceola Co.,Iowa,43.3792,-95.6245,7757,no (<0.5 psi),0.0000,0.0000,0.0771,0.0162,0.0111,0.0348,0.0162,0.0245,0.0107,0.0387,0.0144,0.0270,0.0172,0.0270,0.0178,0.0201,0.0252,0.1355,0.0725,0.0349,0.0318,0.0174,0.0306,0.0353,0.0533,0.0360,0.0233,0.0307,0.0338,0.0362,0.0246,0.0370
19147,Palo Alto Co.,Iowa,43.0825,-94.6782,11894,no (<0.5 psi),0.0000,0.0000,0.1004,0.0518,0.0217,0.0147,0.0206,0.0208,0.0187,0.0080,0.0278,0.0151,0.0248,0.0270,0.0126,0.0259,0.0118,0.1915,0.1027,0.0252,0.0479,0.0728,0.0426,0.0392,0.0533,0.0354,0.0302,0.0378,0.0271,0.0888,0.0566,0.0257
19151,Pocahontas Co.,Iowa,42.7766,-94.6784,10737,no (<0.5 psi),0.0000,0.0000,0.0919,0.0392,0.0131,0.0100,0.0162,0.0110,0.0135,0.0066,0.0178,0.0091,0.0219,0.0194,0.0069,0.0207,0.0083,0.1767,0.0880,0.0391,0.0609,0.0775,0.0822,0.0526,0.0626,0.0420,0.0495,0.0533,0.0298,0.1453,0.1266,0.0326
19153,Polk Co.,Iowa,41.7321,-93.5815,308349,very high (>=10 psi),1.0000,1.0000,0.7128,0.9394,0.9315,0.7862,0.9238,0.8879,0.7560,0.6326,0.9435,0.8431,0.8908,0.7904,0.9182,0.7534,0.8784,0.8462,0.9574,0.9628,0.8769,0.9415,0.9215,0.9091,0.7880,0.9429,0.8586,0.9550,0.8561,0.9649,0.9107,0.9241
19157,Poweshiek Co.,Iowa,41.7610,-92.5325,18892,no (<0.5 psi),0.0000,0.0000,0.1478,0.0831,0.0519,0.1357,0.0524,0.1979,0.0696,0.1961,0.0529,0.1130,0.0844,0.1080,0.0582,0.1040,0.0763,0.2703,0.1577,0.0649,0.3405,0.1032,0.2423,0.1137,0.2618,0.1081,0.3020,0.0902,0.2160,0.1583,0.1905,0.1395
19163,Scott Co.,Iowa,41.6228,-90.6204,154571,very high (>=10 psi),1.0000,1.0000,0.5624,0.5900,0.6720,0.6787,0.8069,0.8120,0.6797,0.6742,0.7963,0.6826,0.7635,0.7670,0.6398,0.7653,0.7052,0.7385,0.7105,0.9082,0.9002,0.9043,0.8261,0.9213,0.8077,0.8918,0.8726,0.8862,0.9228,0.8754,0.8539,0.9098
19169,Story Co.,Iowa,42.0362,-93.4648,74050,no (<0.5 psi),0.0000,0.0000,0.3893,0.5195,0.4095,0.3191,0.1948,0.2304,0.4705,0.1640,0.3712,0.1931,0.4837,0.6393,0.1487,0.2854,0.3097,0.5810,0.7062,0.4341,0.4546,0.3907,0.3282,0.4885,0.2426,0.4094,0.4101,0.4707,0.4634,0.4881,0.4303,0.2785
19171,Tama Co.,Iowa,42.0364,-92.5324,18660,no (<0.5 psi),0.0000,0.0000,0.1463,0.0825,0.0529,0.1248,0.0443,0.0954,0.0700,0.1013,0.0621,0.1010,0.0573,0.1001,0.0464,0.0805,0.0580,0.2680,0.1478,0.0698,0.2945,0.0799,0.2013,0.1167,0.1869,0.1140,0.2726,0.0830,0.2707,0.1290,0.1136,0.1492
19177,Van Buren Co.,Iowa,40.7135,-91.9485,8120,low (0.5-2 psi),0.0000,0.0000,0.0720,0.0389,0.0094,0.0072,0.0073,0.0103,0.0074,0.0205,0.0096,0.0076,0.0109,0.0079,0.0098,0.0102,0.0089,0.1408,0.0954,0.0315,0.0435,0.0390,0.0456,0.0436,0.1481,0.0236,0.0369,0.0425,0.0223,0.0563,0.0464,0.0661
19179,Wapello Co.,Iowa,41.0305,-92.4095,38157,no (<0.5 psi),0.0000,0.0000,0.2531,0.4814,0.1239,0.2240,0.0860,0.1715,0.1740,0.1923,0.1195,0.1601,0.1101,0.1080,0.1347,0.2142,0.0863,0.4222,0.6110,0.1380,0.1519,0.1123,0.1871,0.1661,0.2828,0.1194,0.1857,0.0763,0.1595,0.1862,0.1381,0.1331
19183,Washington Co.,Iowa,41.2938,-91.7152,19766,no (<0.5 psi),0.0000,0.0000,0.1533,0.1026,0.0495,0.0465,0.0506,0.0597,0.0623,0.0686,0.0487,0.0461,0.0532,0.0445,0.0349,0.0626,0.0494,0.2790,0.2386,0.1032,0.1145,0.0860,0.1036,0.1172,0.1132,0.0929,0.1149,0.0686,0.0622,0.1431,0.1716,0.0945
19187,Webster Co.,Iowa,42.3411,-94.1645,42695,no (<0.5 psi),0.0000,0.0000,0.2739,0.1381,0.1245,0.3484,0.1013,0.2451,0.2313,0.1299,0.1650,0.2452,0.1727,0.2370,0.1266,0.2083,0.1750,0.4489,0.2169,0.2371,0.3446,0.2503,0.1923,0.3141,0.2158,0.1622,0.2155,0.1962,0.2415,0.2809,0.3456,0.2140
19189,Winnebago Co.,Iowa,43.3775,-93.7338,12536,no (<0.5 psi),0.0000,0.0000,0.1143,0.0574,0.0127,0.0594,0.0233,0.0707,0.0078,0.0173,0.0171,0.0616,0.0133,0.0689,0.0096,0.0175,0.0219,0.1995,0.1199,0.0373,0.0630,0.0926,0.0600,0.0548,0.0533,0.0558,0.0779,0.0378,0.1526,0.0469,0.0385,0.1090
19191,Winneshiek Co.,Iowa,43.2775,-91.8423,21431,no (<0.5 psi),0.0000,0.0000,0.1307,0.0518,0.0202,0.0694,0.0198,0.0584,0.0168,0.0819,0.0164,0.0650,0.0194,0.0469,0.0313,0.0233,0.0480,0.2820,0.0825,0.0573,0.1735,0.0508,0.1458,0.0439,0.1644,0.0470,0.1662,0.0505,0.1365,0.0509,0.0441,0.0676
19195,Worth Co.,Iowa,43.3775,-93.2607,8700,no (<0.5 psi),0.0000,0.0000,0.0848,0.0341,0.0088,0.0741,0.0133,0.0938,0.0083,0.0190,0.0157,0.0501,0.0123,0.0602,0.0066,0.0174,0.0170,0.1490,0.1158,0.0243,0.0475,0.0418,0.0503,0.0452,0.0455,0.0346,0.0412,0.0320,0.0397,0.0489,0.0300,0.0563
19197,Wright Co.,Iowa,42.7762,-93.7351,15395,no (<0.5 psi),0.0000,0.0000,0.1249,0.0507,0.0469,0.0177,0.0432,0.0154,0.0382,0.0122,0.0450,0.0189,0.0435,0.1281,0.0174,0.0489,0.0366,0.2331,0.1022,0.0569,0.0552,0.0878,0.0616,0.0542,0.0900,0.0572,0.0445,0.0549,0.1147,0.0644,0.0470,0.1142
20001,Allen Co.,Kansas,37.9327,-95.2987,15484,high (5-10 psi),0.0000,1.0000,0.1255,0.1177,0.2481,0.0200,0.1367,0.0248,0.1385,0.0752,0.2113,0.0185,0.1873,0.0788,0.1284,0.1554,0.1028,0.2341,0.2046,0.0807,0.0857,0.0986,0.0915,0.0710,0.1319,0.0658,0.0701,0.0773,0.1116,0.0747,0.0670,0.0838
20003,Anderson Co.,Kansas,38.1485,-95.2971,8113,no (<0.5 psi),0.0000,0.0000,0.0719,0.0690,0.0254,0.0070,0.0272,0.0122,0.0126,0.0189,0.0270,0.0062,0.0166,0.0151,0.0100,0.0126,0.0297,0.1407,0.1383,0.0252,0.0246,0.0146,0.0239,0.0241,0.0236,0.0237,0.0279,0.0165,0.0241,0.0235,0.0141,0.0415
20005,Atchison Co.,Kansas,39.5436,-95.3390,17446,low (0.5-2 psi),0.0000,0.0000,0.1385,0.0720,0.0762,0.0521,0.1171,0.1769,0.0544,0.0818,0.0575,0.0431,0.0674,0.0296,0.0756,0.1290,0.0594,0.2554,0.2348,0.3623,0.3745,0.3720,0.2553,0.2829,0.1367,0.2766,0.2872,0.2672,0.2461,0.2999,0.3172,0.1440
20007,Barber Co.,Kansas,37.1918,-98.6744,6784,no (<0.5 psi),0.0000,0.0000,0.0389,0.0615,0.0344,0.0373,0.0190,0.0228,0.0385,0.0663,0.0237,0.0366,0.0284,0.0730,0.0427,0.0320,0.0430,0.1181,0.1491,0.1605,0.1904,0.1695,0.1151,0.1963,0.2746,0.1564,0.2403,0.1439,0.3033,0.1921,0.2274,0.2427
20011,Bourbon Co.,Kansas,37.9284,-94.8467,15505,no (<0.5 psi),0.0000,0.0000,0.1256,0.1339,0.0805,0.0176,0.0909,0.0168,0.0700,0.1586,0.0485,0.0190,0.0676,0.0393,0.0751,0.0879,0.1160,0.2343,0.2518,0.1137,0.1352,0.0664,0.1220,0.1262,0.2143,0.0912,0.0964,0.1280,0.1612,0.1067,0.0775,0.1431
20013,Brown Co.,Kansas,39.8265,-95.5639,11158,very high (>=10 psi),1.0000,1.0000,0.0950,0.0622,0.0222,0.0208,0.0289,0.0403,0.0224,0.0278,0.0196,0.0190,0.0303,0.0352,0.0246,0.0237,0.0435,0.1821,0.1951,0.0661,0.0613,0.0573,0.0657,0.0521,0.0412,0.0509,0.0388,0.0543,0.0427,0.0860,0.0577,0.0599
20015,Butler Co.,Kansas,37.7598,-96.8383,48015,very high (>=10 psi),1.0000,1.0000,0.3040,0.9178,0.7785,0.4842,0.6461,0.3175,0.8191,0.3581,0.8119,0.4402,0.8022,0.5645,0.8524,0.8513,0.4818,0.4771,0.8266,0.6541,0.7420,0.7406,0.6033,0.7287,0.8107,0.6734,0.7248,0.6609,0.5910,0.7646,0.7512,0.6379
20019,Chautauqua Co.,Kansas,37.1491,-96.2445,4726,no (<0.5 psi),0.0000,0.0000,0.0506,0.1067,0.0523,0.0132,0.0199,0.0141,0.0507,0.0408,0.0226,0.0250,0.0572,0.0140,0.0296,0.0240,0.0637,0.0885,0.0977,0.0572,0.0195,0.0416,0.0232,0.0537,0.0359,0.0379,0.0218,0.0429,0.0087,0.0677,0.0456,0.0195
20021,Cherokee Co.,Kansas,37.1975,-94.8459,22314,low (0.5-2 psi),0.0000,0.0000,0.1789,0.2394,0.0378,0.1664,0.1313,0.1700,0.0326,0.0997,0.0658,0.1033,0.0618,0.0858,0.0476,0.1507,0.0623,0.3032,0.4162,0.0918,0.3882,0.1137,0.3086,0.0688,0.2366,0.1205,0.2807,0.1052,0.1831,0.1006,0.0944,0.1527
20025,Clark Co.,Kansas,37.1352,-99.8162,2592,no (<0.5 psi),0.0000,0.0000,0.0133,0.0203,0.0143,0.0454,0.0102,0.0162,0.0185,0.0968,0.0143,0.0465,0.0216,0.0424,0.0119,0.0142,0.0617,0.0544,0.0580,0.0281,0.1938,0.0327,0.0653,0.0488,0.3870,0.0280,0.0751,0.0316,0.2775,0.0380,0.0468,0.2205
20027,Clay Co.,Kansas,39.4364,-97.1642,9309,low (0.5-2 psi),0.0000,0.0000,0.0812,0.0713,0.0238,0.0092,0.0238,0.0097,0.0225,0.0171,0.0159,0.0085,0.0299,0.0135,0.0104,0.0219,0.0240,0.1575,0.1405,0.0626,0.0495,0.0413,0.0382,0.0410,0.0341,0.0316,0.0600,0.0333,0.0232,0.0548,0.0447,0.0500
20029,Cloud Co.,Kansas,39.4367,-97.6488,11729,no (<0.5 psi),0.0000,0.0000,0.0992,0.0692,0.0339,0.0303,0.0202,0.0317,0.0323,0.0454,0.0277,0.0285,0.0246,0.0288,0.0225,0.0163,0.0495,0.1894,0.1031,0.0397,0.0774,0.0283,0.1268,0.0366,0.0597,0.0371,0.0621,0.0388,0.0418,0.0533,0.0379,0.0476
20031,Coffey Co.,Kansas,38.2152,-95.7378,8865,no (<0.5 psi),0.0000,0.0000,0.0778,0.1417,0.1438,0.0070,0.0222,0.0096,0.0867,0.0285,0.1318,0.0451,0.0294,0.0211,0.0657,0.0125,0.1245,0.1513,0.2626,0.0818,0.0219,0.0268,0.0257,0.0685,0.0398,0.0549,0.0712,0.0283,0.0134,0.0679,0.0210,0.0989
20033,Comanche Co.,Kansas,37.1339,-99.2716,2459,no (<0.5 psi),0.0000,0.0000,0.0125,0.0171,0.0281,0.0926,0.0228,0.0343,0.0367,0.1746,0.0384,0.1082,0.0311,0.0621,0.0265,0.0467,0.0727,0.0521,0.0565,0.0980,0.2141,0.1102,0.0756,0.1684,0.4764,0.0916,0.2150,0.0703,0.2947,0.1218,0.2031,0.3289
20035,Cowley Co.,Kansas,37.1369,-96.8369,36739,very high (>=10 psi),1.0000,1.0000,0.2551,0.8394,0.7479,0.1227,0.6790,0.2002,0.8327,0.1410,0.7596,0.0731,0.8256,0.2385,0.8231,0.8265,0.3952,0.4133,0.7063,0.6642,0.1868,0.7154,0.2832,0.6723,0.2656,0.6099,0.2273,0.6362,0.2613,0.6736,0.7176,0.4117
20037,Crawford Co.,Kansas,37.5187,-94.8525,37229,low (0.5-2 psi),0.0000,0.0000,0.2574,0.5224,0.0887,0.2150,0.2423,0.2676,0.1034,0.0972,0.1220,0.1878,0.1027,0.1932,0.0955,0.2060,0.1291,0.4016,0.5996,0.2457,0.2980,0.4506,0.2264,0.2027,0.2421,0.2524,0.2301,0.2293,0.0986,0.3729,0.3362,0.1457
20043,Doniphan Co.,Kansas,39.8137,-95.1079,8636,high (5-10 psi),0.0000,1.0000,0.0760,0.0782,0.0225,0.0090,0.0481,0.0115,0.0175,0.0277,0.0148,0.0053,0.0368,0.0255,0.0158,0.0253,0.0301,0.1481,0.3175,0.1695,0.0327,0.1407,0.0315,0.2338,0.0659,0.1675,0.0262,0.2563,0.1067,0.1056,0.0659,0.2276
20045,Douglas Co.,Kansas,38.9122,-95.2782,72151,low (0.5-2 psi),0.0000,0.0000,0.3834,0.4607,0.1535,0.3535,0.2522,0.2854,0.2330,0.2219,0.1834,0.2334,0.1797,0.2872,0.1341,0.1946,0.2661,0.5749,0.7368,0.5780,0.3622,0.2372,0.2879,0.5423,0.3941,0.2613,0.4455,0.3713,0.3142,0.4600,0.4323,0.3151
20047,Edwards Co.,Kansas,37.8692,-99.2959,4010,no (<0.5 psi),0.0000,0.0000,0.0439,0.1342,0.0130,0.0203,0.0198,0.0189,0.0157,0.0142,0.0142,0.0313,0.0179,0.0572,0.0055,0.0149,0.0257,0.0765,0.1768,0.0199,0.0341,0.0211,0.0192,0.0274,0.0435,0.0276,0.0326,0.0204,0.0497,0.0168,0.0244,0.0645
20049,Elk Co.,Kansas,37.4315,-96.2431,3468,no (<0.5 psi),0.0000,0.0000,0.0387,0.0922,0.0376,0.0331,0.0283,0.0362,0.0509,0.0448,0.0268,0.0489,0.0445,0.0233,0.0335,0.0430,0.0323,0.0672,0.0729,0.1010,0.0535,0.1213,0.0614,0.0974,0.0536,0.0927,0.0569,0.1122,0.0150,0.1354,0.1497,0.0267
20055,Finney Co.,Kansas,37.9150,-100.8837,31023,no (<0.5 psi),0.0000,0.0000,0.2271,0.6577,0.3055,0.3418,0.2247,0.2919,0.2294,0.2140,0.3399,0.3046,0.1879,0.2717,0.3233,0.2407,0.3577,0.3743,0.7859,0.5327,0.2253,0.4023,0.3652,0.5998,0.2478,0.5046,0.3904,0.5387,0.6208,0.4205,0.3394,0.6894
20057,Ford Co.,Kansas,37.6051,-99.8863,27128,no (<0.5 psi),0.0000,0.0000,0.1644,0.4655,0.1386,0.1773,0.0730,0.1729,0.1034,0.1411,0.0802,0.1810,0.0638,0.0645,0.1393,0.0880,0.1357,0.3116,0.4894,0.1439,0.1788,0.0911,0.1869,0.1807,0.2044,0.1164,0.1168,0.1783,0.1881,0.1584,0.1117,0.2234
20059,Franklin Co.,Kansas,38.5577,-95.2869,21655,low (0.5-2 psi),0.0000,0.0000,0.1650,0.1499,0.1131,0.0602,0.1116,0.2430,0.0606,0.1972,0.0737,0.1120,0.0580,0.0443,0.1458,0.0765,0.2199,0.2971,0.2783,0.1785,0.2980,0.1787,0.3175,0.1828,0.3488,0.1151,0.3144,0.1746,0.1006,0.2609,0.1455,0.2904
20061,Geary Co.,Kansas,39.0582,-96.7321,31884,very high (>=10 psi),1.0000,1.0000,0.2222,0.1163,0.3933,0.2487,0.2560,0.4444,0.2956,0.2079,0.3189,0.1753,0.5246,0.3280,0.2055,0.1932,0.3909,0.3805,0.2107,0.3741,0.2705,0.3318,0.2500,0.2396,0.3112,0.3048,0.1857,0.3740,0.2379,0.2634,0.3219,0.2898
20067,Grant Co.,Kansas,37.5624,-101.3077,6867,no (<0.5 psi),0.0000,0.0000,0.0394,0.0560,0.0150,0.0469,0.0142,0.0521,0.0186,0.0267,0.0099,0.0397,0.0149,0.0244,0.0198,0.0131,0.0267,0.1193,0.0906,0.0600,0.0688,0.0485,0.0606,0.0488,0.1066,0.0529,0.0931,0.0791,0.0678,0.0831,0.0287,0.1118
20069,Gray Co.,Kansas,37.7816,-100.4329,5390,no (<0.5 psi),0.0000,0.0000,0.0566,0.0978,0.0118,0.0203,0.0159,0.0096,0.0093,0.0249,0.0089,0.0207,0.0161,0.0322,0.0055,0.0106,0.0235,0.0993,0.2315,0.0389,0.0374,0.0389,0.0267,0.0609,0.0266,0.0543,0.0310,0.0444,0.1146,0.0205,0.0309,0.0867
20071,Greeley Co.,Kansas,38.4420,-101.8058,1807,high (5-10 psi),0.0000,1.0000,0.0218,0.0157,0.0046,0.0828,0.0059,0.0351,0.0070,0.0773,0.0046,0.0735,0.0069,0.0678,0.0072,0.0081,0.0254,0.0369,0.0389,0.0327,0.0462,0.0175,0.0940,0.0228,0.2167,0.0275,0.0525,0.0247,0.1012,0.0319,0.0221,0.1223
20075,Hamilton Co.,Kansas,38.0451,-101.7925,2477,low (0.5-2 psi),0.0000,0.0000,0.0288,0.0283,0.0159,0.0889,0.0107,0.0349,0.0162,0.1249,0.0106,0.0919,0.0219,0.1086,0.0083,0.0077,0.0601,0.0494,0.0893,0.0893,0.0926,0.0382,0.1584,0.0827,0.4350,0.0633,0.0889,0.0605,0.2667,0.0284,0.0219,0.3700
20077,Harper Co.,Kansas,37.1324,-98.0750,7482,no (<0.5 psi),0.0000,0.0000,0.0748,0.3602,0.0945,0.0410,0.0828,0.0320,0.1290,0.0275,0.1095,0.0160,0.0990,0.0288,0.1122,0.1362,0.0193,0.1315,0.2116,0.1533,0.0541,0.1110,0.0429,0.1277,0.0366,0.1795,0.0464,0.1800,0.0594,0.1375,0.1294,0.0578
20081,Haskell Co.,Kansas,37.6056,-100.8707,3909,no (<0.5 psi),0.0000,0.0000,0.0211,0.0316,0.0067,0.0100,0.0083,0.0101,0.0095,0.0126,0.0077,0.0109,0.0108,0.0212,0.0067,0.0058,0.0205,0.0763,0.0848,0.0343,0.0455,0.0469,0.0555,0.0206,0.0837,0.0304,0.0468,0.0359,0.0534,0.0404,0.0206,0.0843
20083,Hodgeman Co.,Kansas,38.1748,-99.8981,2293,no (<0.5 psi),0.0000,0.0000,0.0269,0.0306,0.0080,0.2124,0.0094,0.0716,0.0113,0.2027,0.0055,0.2209,0.0083,0.0853,0.0097,0.0152,0.0442,0.0461,0.0464,0.0202,0.0967,0.0149,0.0529,0.0203,0.2475,0.0186,0.0982,0.0167,0.1286,0.0161,0.0257,0.0905
20085,Jackson Co.,Kansas,39.4925,-95.8029,11384,low (0.5-2 psi),0.0000,0.0000,0.0967,0.0674,0.0463,0.0308,0.0401,0.0848,0.0324,0.0307,0.0404,0.0225,0.0320,0.0262,0.0270,0.0324,0.0660,0.1850,0.1676,0.1822,0.1079,0.0973,0.1589,0.1101,0.0990,0.1159,0.1426,0.1144,0.0425,0.1478,0.1959,0.0925
20087,Jefferson Co.,Kansas,39.3175,-95.3844,15159,medium (2-5 psi),0.0000,1.0000,0.1233,0.0475,0.0790,0.0588,0.1100,0.2661,0.0336,0.0765,0.0587,0.0470,0.1005,0.0512,0.0516,0.0708,0.1686,0.2305,0.1792,0.3032,0.1741,0.3156,0.3361,0.1636,0.1201,0.2451,0.1682,0.2707,0.1095,0.3909,0.3690,0.1719
20089,Jewell Co.,Kansas,39.8280,-98.2179,4706,low (0.5-2 psi),0.0000,0.0000,0.0441,0.0273,0.0190,0.1297,0.0100,0.0569,0.0179,0.0947,0.0124,0.1190,0.0232,0.1395,0.0130,0.0092,0.0441,0.0882,0.0525,0.0224,0.0514,0.0230,0.0446,0.0250,0.1167,0.0187,0.0416,0.0239,0.0421,0.0238,0.0153,0.0600
20091,Johnson Co.,Kansas,38.9107,-94.8318,303129,high (5-10 psi),0.0000,1.0000,0.7094,0.7429,0.6980,0.8851,0.8091,0.8404,0.7046,0.8151,0.6199,0.8194,0.7950,0.8374,0.5538,0.7753,0.7515,0.8441,0.9037,0.9154,0.9623,0.9156,0.9454,0.9165,0.9312,0.8935,0.9498,0.9338,0.9312,0.9216,0.9209,0.9098
20093,Kearny Co.,Kansas,38.0460,-101.3226,3906,low (0.5-2 psi),0.0000,0.0000,0.0429,0.0329,0.0084,0.0176,0.0074,0.0188,0.0089,0.0396,0.0068,0.0195,0.0104,0.0227,0.0087,0.0068,0.0287,0.0747,0.1313,0.0696,0.0518,0.0317,0.0832,0.0846,0.1398,0.0780,0.0454,0.0616,0.1933,0.0485,0.0350,0.1984
20095,Kingman Co.,Kansas,37.6035,-98.1359,8518,no (<0.5 psi),0.0000,0.0000,0.0833,0.2721,0.1196,0.0432,0.1157,0.0296,0.1677,0.0390,0.1552,0.0292,0.1739,0.0131,0.2284,0.2109,0.0164,0.1464,0.2349,0.1160,0.0299,0.1010,0.0320,0.1133,0.0262,0.1395,0.0253,0.1022,0.0173,0.1664,0.1752,0.0242
20097,Kiowa Co.,Kansas,37.5570,-99.2852,3955,no (<0.5 psi),0.0000,0.0000,0.0214,0.0427,0.0266,0.1012,0.0187,0.0292,0.0383,0.0927,0.0214,0.1187,0.0282,0.0600,0.0284,0.0343,0.0426,0.0770,0.1024,0.1480,0.2073,0.0780,0.0921,0.1204,0.2657,0.1224,0.2563,0.0698,0.2089,0.1045,0.1643,0.1586
20099,Labette Co.,Kansas,37.0965,-95.2977,24915,very high (>=10 psi),1.0000,1.0000,0.1941,0.2277,0.0817,0.0582,0.1165,0.1163,0.0624,0.1402,0.0826,0.0636,0.1132,0.1327,0.0692,0.1107,0.2231,0.3262,0.2381,0.0610,0.1685,0.0692,0.1616,0.0791,0.1575,0.0967,0.1200,0.0676,0.1550,0.0789,0.0658,0.1323
20101,Lane Co.,Kansas,38.4481,-100.4659,2542,no (<0.5 psi),0.0000,0.0000,0.0294,0.0299,0.0074,0.1297,0.0077,0.0314,0.0078,0.0751,0.0058,0.1120,0.0068,0.0492,0.0054,0.0105,0.0310,0.0506,0.0540,0.0139,0.1252,0.0154,0.0479,0.0138,0.1137,0.0191,0.1314,0.0141,0.0695,0.0155,0.0281,0.0334
20103,Leavenworth Co.,Kansas,39.1648,-95.0402,60109,very high (>=10 psi),1.0000,1.0000,0.3432,0.5387,0.7096,0.1781,0.7988,0.1689,0.7144,0.1806,0.7390,0.1076,0.7845,0.1748,0.7106,0.8361,0.1263,0.5313,0.8148,0.9152,0.3957,0.8910,0.4160,0.8557,0.4398,0.8402,0.2906,0.9075,0.4135,0.9186,0.8637,0.4685
20107,Linn Co.,Kansas,38.1594,-94.8449,8188,low (0.5-2 psi),0.0000,0.0000,0.0725,0.0877,0.0611,0.0204,0.0214,0.0129,0.0730,0.0382,0.0695,0.0704,0.0146,0.0198,0.0592,0.0171,0.1362,0.1417,0.1978,0.1489,0.0448,0.0428,0.0314,0.1209,0.0431,0.0942,0.0885,0.0701,0.0334,0.0949,0.0418,0.1228
20109,Logan Co.,Kansas,38.9168,-101.1479,3305,low (0.5-2 psi),0.0000,0.0000,0.0371,0.0298,0.0053,0.3536,0.0077,0.0518,0.0071,0.1499,0.0058,0.3214,0.0057,0.2873,0.0072,0.0066,0.0591,0.0643,0.0469,0.0232,0.1176,0.0166,0.0947,0.0162,0.1260,0.0239,0.1262,0.0231,0.0742,0.0204,0.0185,0.0942
20111,Lyon Co.,Kansas,38.4780,-96.1520,35945,no (<0.5 psi),0.0000,0.0000,0.2425,0.3116,0.3319,0.1127,0.4329,0.2544,0.2922,0.2226,0.3044,0.1074,0.3819,0.3580,0.3754,0.1831,0.4042,0.4082,0.4464,0.2401,0.2386,0.3061,0.2266,0.2317,0.2209,0.3021,0.2650,0.3124,0.3336,0.2460,0.2751,0.2544
20117,Marshall Co.,Kansas,39.7836,-96.5222,12244,no (<0.5 psi),0.0000,0.0000,0.1029,0.0575,0.0220,0.0362,0.0117,0.0188,0.0320,0.0716,0.0158,0.0440,0.0195,0.0194,0.0148,0.0133,0.0380,0.1959,0.1222,0.0426,0.0540,0.0269,0.0525,0.0455,0.0763,0.0441,0.0609,0.0457,0.0199,0.0662,0.0576,0.0296
20119,Meade Co.,Kansas,37.2559,-100.3623,4637,no (<0.5 psi),0.0000,0.0000,0.0255,0.0416,0.0178,0.0939,0.0115,0.0255,0.0229,0.1110,0.0166,0.0758,0.0167,0.0679,0.0137,0.0190,0.0642,0.0875,0.0948,0.0216,0.1068,0.0234,0.0689,0.0282,0.1525,0.0216,0.0715,0.0236,0.1311,0.0236,0.0251,0.1115
20121,Miami Co.,Kansas,38.5862,-94.8384,21994,low (0.5-2 psi),0.0000,0.0000,0.1670,0.1719,0.0628,0.0789,0.1192,0.0897,0.0671,0.1907,0.0421,0.0834,0.0926,0.0457,0.0910,0.0873,0.0967,0.3002,0.4386,0.2748,0.1907,0.2741,0.1954,0.2692,0.3063,0.2662,0.1964,0.3847,0.1350,0.4775,0.3680,0.2164
20125,Montgomery Co.,Kansas,37.0964,-95.7429,40979,very high (>=10 psi),1.0000,1.0000,0.2744,0.6038,0.4756,0.2855,0.3261,0.4372,0.5187,0.4525,0.4558,0.2384,0.4913,0.4796,0.3311,0.4423,0.7294,0.4391,0.4654,0.2666,0.3830,0.2419,0.3889,0.2611,0.4263,0.3022,0.2854,0.3178,0.3397,0.3493,0.2658,0.3630
20127,Morris Co.,Kansas,38.6742,-96.6409,6100,low (0.5-2 psi),0.0000,0.0000,0.0558,0.0422,0.0253,0.0121,0.0293,0.0124,0.0191,0.0459,0.0204,0.0154,0.0259,0.0106,0.0150,0.0290,0.0281,0.1105,0.1068,0.0555,0.0238,0.0464,0.0243,0.0481,0.0493,0.0432,0.0173,0.0631,0.0122,0.0597,0.0629,0.0555
20129,Morton Co.,Kansas,37.1919,-101.7985,3560,no (<0.5 psi),0.0000,0.0000,0.0281,0.0238,0.0205,0.0963,0.0160,0.0763,0.0172,0.0877,0.0250,0.0934,0.0327,0.1392,0.0141,0.0138,0.0856,0.0688,0.0538,0.0610,0.2944,0.0246,0.3025,0.0361,0.4426,0.0517,0.2986,0.0411,0.2482,0.0469,0.0409,0.1986
20131,Nemaha Co.,Kansas,39.8267,-96.0135,10501,low (0.5-2 psi),0.0000,0.0000,0.0902,0.0597,0.0139,0.0158,0.0123,0.0168,0.0236,0.0365,0.0169,0.0110,0.0251,0.0321,0.0117,0.0113,0.0445,0.1736,0.1615,0.0598,0.0373,0.0273,0.0388,0.0389,0.0571,0.0416,0.0382,0.0350,0.0172,0.0680,0.0456,0.0465
20133,Neosho Co.,Kansas,37.5292,-95.3065,18750,very high (>=10 psi),1.0000,1.0000,0.1568,0.1723,0.0522,0.0652,0.0868,0.0795,0.0527,0.0354,0.0644,0.0664,0.0676,0.1152,0.0383,0.0779,0.0765,0.2689,0.2181,0.0858,0.0733,0.1389,0.0968,0.0771,0.0943,0.1213,0.0783,0.0663,0.0964,0.0831,0.0820,0.0980
20139,Osage Co.,Kansas,38.5577,-95.7290,14920,medium (2-5 psi),0.0000,1.0000,0.1217,0.1108,0.1177,0.0403,0.0807,0.2443,0.0526,0.0782,0.1053,0.0327,0.0787,0.0875,0.0794,0.0876,0.1672,0.2277,0.2881,0.2560,0.2634,0.2470,0.4367,0.1211,0.1910,0.3042,0.3731,0.1830,0.3078,0.2808,0.1742,0.3181
20149,Pottawatomie Co.,Kansas,39.3520,-96.3577,15436,very high (>=10 psi),1.0000,1.0000,0.1252,0.1387,0.6574,0.0311,0.0552,0.1058,0.6260,0.0289,0.6060,0.5418,0.1101,0.0698,0.4077,0.0572,0.5837,0.2336,0.2961,0.8475,0.2546,0.2167,0.2445,0.7688,0.1255,0.7824,0.9169,0.1951,0.1445,0.8440,0.4043,0.7278
20151,Pratt Co.,Kansas,37.6882,-98.7392,10784,no (<0.5 psi),0.0000,0.0000,0.1012,0.3861,0.0345,0.0436,0.0426,0.0360,0.0461,0.0532,0.0356,0.0292,0.0415,0.0152,0.0468,0.1308,0.0232,0.1773,0.2918,0.1199,0.0718,0.0833,0.0768,0.0787,0.0510,0.1017,0.0895,0.1129,0.0492,0.1175,0.1678,0.0677
20157,Republic Co.,Kansas,39.8280,-97.6500,7015,no (<0.5 psi),0.0000,0.0000,0.0632,0.0491,0.0219,0.0135,0.0093,0.0198,0.0176,0.0219,0.0114,0.0099,0.0226,0.0172,0.0086,0.0071,0.0225,0.1245,0.0893,0.0551,0.0253,0.0453,0.0455,0.0562,0.0298,0.0482,0.0326,0.0391,0.0278,0.0508,0.0377,0.0396
20161,Riley Co.,Kansas,39.3012,-96.7985,65068,very high (>=10 psi),1.0000,1.0000,0.3604,0.6166,0.9330,0.3732,0.8907,0.5090,0.9235,0.3564,0.9037,0.3648,0.9346,0.6381,0.9065,0.9262,0.6718,0.5503,0.6848,0.8482,0.5274,0.8659,0.5503,0.8056,0.4654,0.8241,0.5575,0.8494,0.4023,0.9152,0.8926,0.3566
20171,Scott Co.,Kansas,38.4822,-100.9062,5769,no (<0.5 psi),0.0000,0.0000,0.0600,0.0631,0.0030,0.0550,0.0044,0.0205,0.0030,0.0441,0.0029,0.0663,0.0037,0.0251,0.0033,0.0050,0.0100,0.1053,0.0954,0.0162,0.1497,0.0140,0.0862,0.0142,0.0927,0.0204,0.1466,0.0154,0.0443,0.0157,0.0276,0.0416
20173,Sedgwick Co.,Kansas,37.6055,-97.4800,383469,very high (>=10 psi),1.0000,1.0000,0.7422,1.0000,0.9907,0.8549,0.9843,0.9121,0.9857,0.8785,0.9892,0.8837,0.9884,0.9312,0.9929,0.9875,0.9067,0.8717,0.9998,0.9789,0.9370,0.9855,0.9453,0.9871,0.9523,0.9848,0.9446,0.9861,0.9472,0.9823,0.9825,0.9630
20175,Seward Co.,Kansas,37.2563,-100.8507,19360,very high (>=10 psi),1.0000,1.0000,0.1181,0.2216,0.1447,0.1665,0.0469,0.1487,0.0930,0.1369,0.0710,0.1120,0.0534,0.0547,0.1084,0.0471,0.0638,0.2518,0.2186,0.1543,0.5240,0.2150,0.4975,0.1498,0.4400,0.1232,0.3302,0.2371,0.3515,0.2438,0.1604,0.3646
20177,Shawnee Co.,Kansas,38.9619,-95.7232,157081,very high (>=10 psi),1.0000,1.0000,0.5662,0.8373,0.8776,0.7996,0.8778,0.9387,0.7714,0.7132,0.8872,0.7310,0.8905,0.8233,0.8821,0.7618,0.9285,0.7415,0.9022,0.7965,0.8230,0.7751,0.8886,0.5727,0.7314,0.7849,0.7836,0.8095,0.7175,0.9027,0.7410,0.8384
20181,Sherman Co.,Kansas,39.3516,-101.7190,7360,no (<0.5 psi),0.0000,0.0000,0.0737,0.1711,0.0117,0.1922,0.0070,0.0625,0.0125,0.0825,0.0128,0.1353,0.0082,0.1845,0.0076,0.0074,0.0667,0.1297,0.1481,0.0392,0.2433,0.0286,0.2383,0.0415,0.1963,0.0540,0.2840,0.0433,0.3820,0.0320,0.0358,0.2184
20187,Stanton Co.,Kansas,37.5167,-101.7835,2379,no (<0.5 psi),0.0000,0.0000,0.0121,0.0110,0.0121,0.0476,0.0105,0.0273,0.0151,0.1023,0.0109,0.0457,0.0124,0.0183,0.0133,0.0100,0.0446,0.0507,0.0331,0.0817,0.0898,0.0968,0.1315,0.0577,0.1299,0.0706,0.0869,0.1260,0.0968,0.0839,0.0350,0.1125
20189,Stevens Co.,Kansas,37.1928,-101.3112,4829,low (0.5-2 psi),0.0000,0.0000,0.0267,0.0325,0.0097,0.0119,0.0078,0.0149,0.0093,0.0171,0.0071,0.0133,0.0075,0.0138,0.0075,0.0047,0.0219,0.0904,0.0679,0.0632,0.0384,0.0596,0.0655,0.0443,0.0717,0.0626,0.0399,0.0744,0.0806,0.0697,0.0166,0.0868
20191,Sumner Co.,Kansas,37.1326,-97.4755,25223,medium (2-5 psi),0.0000,1.0000,0.1958,0.8271,0.6382,0.1367,0.6375,0.1248,0.7318,0.0839,0.7267,0.0555,0.7080,0.0844,0.7406,0.8445,0.0794,0.3288,0.6528,0.6267,0.1056,0.6068,0.1787,0.6975,0.1067,0.7489,0.1030,0.6577,0.2972,0.5932,0.6921,0.2629
20197,Wabaunsee Co.,Kansas,38.9566,-96.2236,6775,high (5-10 psi),0.0000,1.0000,0.0613,0.0272,0.0368,0.0350,0.0354,0.0546,0.0196,0.0248,0.0504,0.0390,0.0392,0.0269,0.0136,0.0488,0.0344,0.1209,0.1000,0.0626,0.0459,0.0814,0.0988,0.0354,0.0610,0.0722,0.0391,0.0556,0.0200,0.0640,0.0654,0.0957
20199,Wallace Co.,Kansas,38.8735,-101.7635,1966,low (0.5-2 psi),0.0000,0.0000,0.0235,0.0266,0.0054,0.3056,0.0080,0.1054,0.0072,0.1703,0.0089,0.1894,0.0064,0.4491,0.0086,0.0089,0.0965,0.0399,0.0338,0.0431,0.2584,0.0220,0.2838,0.0288,0.3518,0.0346,0.1963,0.0401,0.2856,0.0336,0.0252,0.2474
20201,Washington Co.,Kansas,39.8277,-97.0870,7743,no (<0.5 psi),0.0000,0.0000,0.0690,0.0505,0.0264,0.0225,0.0108,0.0138,0.0358,0.0381,0.0210,0.0258,0.0157,0.0148,0.0146,0.0093,0.0363,0.1353,0.1044,0.0561,0.0272,0.0284,0.0387,0.0417,0.0489,0.0312,0.0365,0.0358,0.0109,0.0790,0.0364,0.0271
20203,Wichita Co.,Kansas,38.4820,-101.3468,2881,very high (>=10 psi),1.0000,1.0000,0.0329,0.0255,0.0043,0.1994,0.0058,0.0463,0.0056,0.0678,0.0039,0.2079,0.0042,0.0452,0.0068,0.0065,0.0214,0.0568,0.0536,0.0163,0.2128,0.0137,0.1216,0.0139,0.1293,0.0221,0.1922,0.0167,0.0605,0.0196,0.0168,0.0512
20205,Wilson Co.,Kansas,37.4951,-95.7431,11208,medium (2-5 psi),0.0000,1.0000,0.1044,0.1628,0.0584,0.0352,0.0448,0.0292,0.0568,0.0514,0.0606,0.0239,0.0626,0.0281,0.0489,0.0670,0.0498,0.1828,0.1577,0.0793,0.0570,0.0664,0.0516,0.0848,0.0591,0.0562,0.0388,0.0657,0.0341,0.0822,0.0736,0.0411
20207,Woodson Co.,Kansas,37.9330,-95.7387,4539,medium (2-5 psi),0.0000,1.0000,0.0427,0.0384,0.0444,0.0110,0.0243,0.0061,0.0320,0.0277,0.0438,0.0135,0.0331,0.0167,0.0280,0.0175,0.0259,0.0854,0.0905,0.0446,0.0387,0.0787,0.0230,0.0512,0.0356,0.0344,0.0293,0.0640,0.0120,0.0451,0.0483,0.0259
20209,Wyandotte Co.,Kansas,39.0873,-94.7577,169888,very high (>=10 psi),1.0000,1.0000,0.5844,0.8075,0.8427,0.7626,0.8091,0.6839,0.8654,0.6308,0.8468,0.8249,0.7390,0.7282,0.8339,0.8446,0.8072,0.7557,0.9243,0.9519,0.9532,0.9301,0.9290,0.9489,0.8952,0.9424,0.9511,0.9315,0.9133,0.9240,0.9025,0.9278
21001,Adair Co.,Kentucky,37.1151,-85.3047,15613,no (<0.5 psi),0.0000,0.0000,0.1203,0.0471,0.0523,0.0832,0.0506,0.0487,0.0652,0.0720,0.0380,0.0641,0.0643,0.0461,0.0515,0.0724,0.0384,0.2155,0.1260,0.2013,0.1715,0.2409,0.2083,0.2200,0.1768,0.2002,0.1295,0.2680,0.0983,0.3431,0.3334,0.2068
21003,Allen Co.,Kentucky,36.7846,-86.2153,14337,no (<0.5 psi),0.0000,0.0000,0.1112,0.0405,0.0403,0.0439,0.0480,0.0390,0.0336,0.0509,0.0245,0.0223,0.0460,0.0262,0.0612,0.0425,0.0253,0.2016,0.1064,0.1188,0.1005,0.1113,0.0972,0.1593,0.2206,0.0828,0.0976,0.1225,0.0847,0.1700,0.0880,0.1460
21007,Ballard Co.,Kentucky,37.0783,-89.0165,8445,high (5-10 psi),0.0000,1.0000,0.0669,0.0696,0.0657,0.0266,0.0133,0.0127,0.0634,0.0138,0.0433,0.1232,0.0151,0.0579,0.0737,0.0118,0.0681,0.1454,0.3221,0.5578,0.0797,0.0947,0.0525,0.6191,0.0257,0.6046,0.7638,0.1055,0.2233,0.5747,0.1192,0.5152
21009,Barren Co.,Kentucky,36.9669,-85.9504,34204,no (<0.5 psi),0.0000,0.0000,0.2378,0.1036,0.0861,0.0717,0.0997,0.0718,0.1004,0.1120,0.0723,0.0506,0.1448,0.0527,0.1307,0.1060,0.0950,0.3731,0.2471,0.3325,0.1047,0.2504,0.1166,0.2160,0.2105,0.2441,0.1016,0.3251,0.1026,0.2924,0.2606,0.2619
21013,Bell Co.,Kentucky,36.7694,-83.6435,33514,no (<0.5 psi),0.0000,0.0000,0.2308,0.1242,0.1189,0.3764,0.1209,0.2692,0.1474,0.2869,0.1987,0.2465,0.1819,0.4365,0.0702,0.0871,0.2252,0.3920,0.1721,0.0973,0.4061,0.1228,0.3703,0.1040,0.2282,0.1366,0.3403,0.1262,0.3070,0.1210,0.2574,0.1985
21021,Boyle Co.,Kentucky,37.6246,-84.8606,25211,no (<0.5 psi),0.0000,0.0000,0.1832,0.0880,0.0588,0.1053,0.0392,0.0625,0.0781,0.0976,0.0394,0.0773,0.0596,0.0624,0.0596,0.0612,0.0668,0.3287,0.1843,0.0731,0.1304,0.0622,0.0840,0.1355,0.0968,0.1314,0.1074,0.1106,0.0851,0.0947,0.1254,0.0681
21025,Breathitt Co.,Kentucky,37.5153,-83.3351,16289,no (<0.5 psi),0.0000,0.0000,0.1254,0.0541,0.0283,0.0267,0.0345,0.0210,0.0298,0.0554,0.0212,0.0184,0.0387,0.0252,0.0257,0.0494,0.0272,0.2430,0.0906,0.0559,0.1116,0.0820,0.0899,0.0768,0.1891,0.0648,0.1105,0.0819,0.0605,0.1391,0.1061,0.0510
21031,Butler Co.,Kentucky,37.2015,-86.6592,11335,high (5-10 psi),0.0000,1.0000,0.0890,0.0344,0.0216,0.0255,0.0246,0.0197,0.0238,0.0579,0.0170,0.0187,0.0294,0.0226,0.0247,0.0203,0.0430,0.1669,0.0903,0.0521,0.1221,0.0660,0.1082,0.0921,0.0952,0.0778,0.1104,0.0648,0.0931,0.0653,0.1199,0.1142
21033,Caldwell Co.,Kentucky,37.1649,-87.8677,13615,no (<0.5 psi),0.0000,0.0000,0.1059,0.0386,0.0215,0.0309,0.0263,0.0265,0.0247,0.0489,0.0158,0.0251,0.0309,0.0162,0.0309,0.0268,0.0315,0.1935,0.1217,0.0254,0.1235,0.0663,0.0849,0.0454,0.1475,0.0246,0.1088,0.0494,0.0744,0.0394,0.0671,0.0455
21035,Calloway Co.,Kentucky,36.6167,-88.2690,30205,no (<0.5 psi),0.0000,0.0000,0.2149,0.1335,0.0738,0.1688,0.0692,0.0511,0.0996,0.1952,0.0513,0.1194,0.1056,0.0989,0.0552,0.0954,0.0679,0.3683,0.2754,0.1550,0.1181,0.2209,0.0965,0.1208,0.1055,0.1097,0.0990,0.1485,0.0951,0.1148,0.1067,0.1073
21039,Carlisle Co.,Kentucky,36.8673,-88.9703,5396,low (0.5-2 psi),0.0000,0.0000,0.0429,0.0246,0.0059,0.0063,0.0078,0.0041,0.0072,0.0094,0.0039,0.0045,0.0071,0.0097,0.0047,0.0066,0.0076,0.0994,0.1467,0.0590,0.0288,0.0469,0.0266,0.0730,0.0225,0.0569,0.0213,0.0596,0.0499,0.0540,0.0959,0.0264
21045,Casey Co.,Kentucky,37.3256,-84.9338,14939,low (0.5-2 psi),0.0000,0.0000,0.1155,0.0381,0.0339,0.0582,0.0451,0.0337,0.0303,0.0717,0.0273,0.0393,0.0563,0.0303,0.0420,0.0695,0.0256,0.2082,0.1127,0.3482,0.2706,0.3394,0.2782,0.3349,0.2951,0.3260,0.2030,0.3437,0.2593,0.3386,0.3431,0.3997
21047,Christian Co.,Kentucky,36.9226,-87.4759,70492,very high (>=10 psi),1.0000,1.0000,0.4002,0.6664,0.9049,0.3281,0.8447,0.4301,0.9331,0.3704,0.9185,0.3373,0.9190,0.1441,0.9008,0.8733,0.4434,0.5484,0.9052,0.8861,0.4691,0.9123,0.5320,0.8968,0.4922,0.9175,0.4567,0.9223,0.2050,0.9433,0.9613,0.2105
21051,Clay Co.,Kentucky,37.1528,-83.7508,23282,no (<0.5 psi),0.0000,0.0000,0.1713,0.1024,0.0256,0.0544,0.0431,0.0319,0.0256,0.0467,0.0367,0.0517,0.0404,0.0639,0.0355,0.0444,0.0397,0.3119,0.1586,0.0976,0.1221,0.1068,0.0955,0.1061,0.1284,0.1025,0.1069,0.1250,0.1242,0.1159,0.1081,0.1370
21053,Clinton Co.,Kentucky,36.7513,-85.1254,9587,no (<0.5 psi),0.0000,0.0000,0.0757,0.0321,0.0073,0.0318,0.0143,0.0202,0.0085,0.0150,0.0109,0.0253,0.0089,0.0218,0.0126,0.0293,0.0104,0.1452,0.1121,0.0450,0.0736,0.1106,0.1066,0.0590,0.0673,0.1283,0.1235,0.0534,0.0718,0.0866,0.1438,0.0533
21055,Crittenden Co.,Kentucky,37.3272,-88.0876,9217,no (<0.5 psi),0.0000,0.0000,0.0729,0.0292,0.0075,0.0222,0.0169,0.0180,0.0097,0.0283,0.0045,0.0122,0.0147,0.0188,0.0085,0.0088,0.0179,0.1404,0.0873,0.0217,0.0787,0.0563,0.0767,0.0367,0.1108,0.0225,0.0643,0.0450,0.0809,0.0308,0.0396,0.0431
21057,Cumberland Co.,Kentucky,36.7980,-85.4119,7079,no (<0.5 psi),0.0000,0.0000,0.0562,0.0327,0.0161,0.0168,0.0190,0.0187,0.0185,0.0237,0.0109,0.0142,0.0161,0.0204,0.0185,0.0254,0.0125,0.1118,0.0960,0.1529,0.0806,0.1424,0.0946,0.1504,0.0833,0.1268,0.1738,0.1246,0.0744,0.2617,0.1183,0.1172
21059,Daviess Co.,Kentucky,37.7511,-87.0638,88076,no (<0.5 psi),0.0000,0.0000,0.4575,0.5402,0.2926,0.4092,0.4862,0.3720,0.2708,0.3464,0.2443,0.1829,0.5250,0.1996,0.2389,0.4025,0.3066,0.6020,0.5792,0.4372,0.3799,0.6920,0.4426,0.4039,0.5123,0.4036,0.1955,0.5025,0.3410,0.3423,0.4818,0.3192
21061,Edmonson Co.,Kentucky,37.1927,-86.2312,10485,no (<0.5 psi),0.0000,0.0000,0.0826,0.0271,0.0173,0.0256,0.0192,0.0169,0.0148,0.0276,0.0114,0.0132,0.0149,0.0187,0.0153,0.0166,0.0134,0.1565,0.0799,0.2039,0.1244,0.1062,0.1526,0.1619,0.1833,0.1456,0.0790,0.1386,0.1689,0.1471,0.1872,0.1724
21065,Estill Co.,Kentucky,37.6984,-83.9310,14930,low (0.5-2 psi),0.0000,0.0000,0.1160,0.0409,0.0324,0.1171,0.0550,0.1363,0.0190,0.0903,0.0389,0.0965,0.0349,0.0683,0.0520,0.0857,0.0407,0.2279,0.0843,0.0386,0.2207,0.0487,0.1743,0.0512,0.0621,0.0876,0.2310,0.0400,0.1466,0.0555,0.1232,0.0493
21071,Floyd Co.,Kentucky,37.5203,-82.7582,47460,very high (>=10 psi),1.0000,1.0000,0.2999,0.2016,0.3361,0.3452,0.3714,0.5765,0.3559,0.5753,0.3028,0.2495,0.3701,0.1809,0.4952,0.4839,0.2011,0.4743,0.2397,0.3894,0.5535,0.4497,0.5925,0.3038,0.5974,0.4099,0.4258,0.3717,0.2442,0.5831,0.6635,0.3630
21075,Fulton Co.,Kentucky,36.5738,-89.0611,8590,no (<0.5 psi),0.0000,0.0000,0.0680,0.0536,0.0072,0.0246,0.0075,0.0126,0.0069,0.0094,0.0058,0.0229,0.0098,0.0364,0.0037,0.0087,0.0130,0.1475,0.2141,0.0498,0.0525,0.0256,0.0408,0.0378,0.0205,0.0453,0.0429,0.0411,0.1012,0.0292,0.0265,0.0402
21079,Garrard Co.,Kentucky,37.6512,-84.5424,11433,medium (2-5 psi),0.0000,1.0000,0.0908,0.0401,0.0350,0.0320,0.0305,0.0252,0.0358,0.0495,0.0267,0.0285,0.0281,0.0354,0.0376,0.0296,0.0218,0.1857,0.1231,0.1264,0.3750,0.1023,0.2699,0.1302,0.1999,0.1994,0.3364,0.0870,0.2361,0.1489,0.2396,0.1865
21083,Graves Co.,Kentucky,36.7182,-88.6520,33416,low (0.5-2 psi),0.0000,0.0000,0.2334,0.1646,0.0241,0.0733,0.0455,0.0290,0.0441,0.0599,0.0296,0.0656,0.0446,0.0531,0.0316,0.0637,0.0314,0.3913,0.3606,0.2255,0.3268,0.1962,0.1911,0.2015,0.2208,0.1723,0.2223,0.1813,0.1861,0.2291,0.3635,0.1184
21085,Grayson Co.,Kentucky,37.4700,-86.3504,21365,no (<0.5 psi),0.0000,0.0000,0.1598,0.0608,0.0696,0.0764,0.0443,0.0548,0.1094,0.0852,0.0744,0.0623,0.0870,0.1151,0.0579,0.0558,0.1269,0.2723,0.1666,0.0950,0.1038,0.0898,0.1086,0.0707,0.1339,0.0875,0.0923,0.1163,0.0734,0.1338,0.0988,0.1575
21087,Green Co.,Kentucky,37.2899,-85.5531,10729,no (<0.5 psi),0.0000,0.0000,0.0844,0.0317,0.0199,0.0238,0.0199,0.0246,0.0189,0.0450,0.0104,0.0201,0.0200,0.0293,0.0215,0.0417,0.0186,0.1595,0.0794,0.2688,0.1687,0.2522,0.1746,0.2121,0.2077,0.2525,0.1522,0.3688,0.1093,0.3689,0.3913,0.2321
21093,Hardin Co.,Kentucky,37.6915,-85.9630,87625,very high (>=10 psi),1.0000,1.0000,0.4561,0.6763,0.8332,0.2260,0.8207,0.1332,0.8624,0.1397,0.8748,0.1649,0.8532,0.3004,0.8488,0.8757,0.1566,0.6008,0.8820,0.9522,0.4263,0.9460,0.3989,0.9498,0.4561,0.9458,0.4559,0.9389,0.4669,0.9467,0.9299,0.6005
21095,Harlan Co.,Kentucky,36.8440,-83.2804,41044,no (<0.5 psi),0.0000,0.0000,0.2696,0.1860,0.2832,0.4491,0.2804,0.4945,0.2945,0.3215,0.4388,0.3771,0.3681,0.6606,0.1622,0.2045,0.4133,0.4395,0.2584,0.2590,0.5438,0.3794,0.6478,0.2218,0.4621,0.3364,0.5483,0.2246,0.5000,0.2760,0.4682,0.3009
21099,Hart Co.,Kentucky,37.2957,-85.9060,15315,no (<0.5 psi),0.0000,0.0000,0.1182,0.0499,0.0420,0.0357,0.0415,0.0406,0.0389,0.0587,0.0241,0.0270,0.0427,0.0334,0.0519,0.0368,0.0394,0.2123,0.1298,0.1332,0.2201,0.1384,0.2938,0.0977,0.2094,0.0894,0.1644,0.1482,0.0708,0.2787,0.2540,0.1097
21105,Hickman Co.,Kentucky,36.6497,-88.9887,5836,no (<0.5 psi),0.0000,0.0000,0.0464,0.0311,0.0066,0.0113,0.0064,0.0077,0.0069,0.0135,0.0038,0.0108,0.0082,0.0178,0.0046,0.0074,0.0105,0.1064,0.1735,0.0442,0.0398,0.0278,0.0355,0.0369,0.0165,0.0295,0.0330,0.0281,0.0532,0.0391,0.0404,0.0170
21107,Hopkins Co.,Kentucky,37.3373,-87.5861,47046,no (<0.5 psi),0.0000,0.0000,0.3037,0.1391,0.1194,0.1562,0.1509,0.2162,0.1554,0.2813,0.0989,0.2188,0.2539,0.1390,0.1289,0.1854,0.2846,0.4491,0.3058,0.0935,0.2801,0.1699,0.2906,0.1195,0.2986,0.1397,0.3047,0.1464,0.0628,0.1619,0.2667,0.1595
21109,Jackson Co.,Kentucky,37.4144,-83.9959,12132,medium (2-5 psi),0.0000,1.0000,0.0959,0.0434,0.0260,0.0433,0.0372,0.0268,0.0216,0.0320,0.0218,0.0352,0.0271,0.0272,0.0253,0.0400,0.0154,0.1945,0.0990,0.0657,0.1147,0.0491,0.1032,0.0834,0.0931,0.0807,0.1181,0.0595,0.1689,0.0538,0.0721,0.1263
21119,Knott Co.,Kentucky,37.3508,-82.9386,18410,low (0.5-2 psi),0.0000,0.0000,0.1398,0.0753,0.0404,0.0588,0.0350,0.0670,0.0433,0.0391,0.0537,0.0639,0.0384,0.0838,0.0370,0.0384,0.0382,0.2654,0.1417,0.1310,0.1100,0.1584,0.1416,0.1246,0.1212,0.1466,0.1542,0.1397,0.0900,0.2220,0.2284,0.1037
21121,Knox Co.,Kentucky,36.8705,-83.8547,30431,no (<0.5 psi),0.0000,0.0000,0.2137,0.1329,0.0703,0.2221,0.0794,0.1298,0.1186,0.2293,0.0834,0.1434,0.0828,0.2051,0.1059,0.0967,0.1429,0.3700,0.1871,0.1242,0.2699,0.0827,0.3080,0.1469,0.2704,0.1212,0.2225,0.1292,0.1979,0.1270,0.1443,0.2131
21123,Larue Co.,Kentucky,37.5767,-85.7131,11702,no (<0.5 psi),0.0000,0.0000,0.0917,0.0218,0.0158,0.0247,0.0183,0.0165,0.0178,0.0263,0.0168,0.0154,0.0173,0.0265,0.0220,0.0284,0.0180,0.1713,0.0709,0.2368,0.1618,0.2414,0.1780,0.2521,0.2370,0.1979,0.1369,0.2932,0.0909,0.2996,0.2868,0.1634
21125,Laurel Co.,Kentucky,37.1370,-84.1149,42097,no (<0.5 psi),0.0000,0.0000,0.2748,0.2998,0.3454,0.3714,0.2100,0.4086,0.2310,0.2219,0.2901,0.2997,0.2529,0.4144,0.3085,0.2592,0.2769,0.4455,0.4668,0.3596,0.4612,0.3113,0.4354,0.4511,0.4297,0.3985,0.3768,0.3856,0.5540,0.4500,0.4444,0.5174
21129,Lee Co.,Kentucky,37.5760,-83.7156,7867,no (<0.5 psi),0.0000,0.0000,0.0638,0.0238,0.0129,0.0422,0.0191,0.0224,0.0140,0.0420,0.0098,0.0313,0.0173,0.0311,0.0177,0.0360,0.0111,0.1371,0.0486,0.0173,0.0694,0.0206,0.0593,0.0231,0.0332,0.0267,0.0519,0.0242,0.0307,0.0276,0.0479,0.0106
21131,Leslie Co.,Kentucky,37.1011,-83.3526,14943,no (<0.5 psi),0.0000,0.0000,0.1161,0.0578,0.0340,0.0384,0.0322,0.0334,0.0294,0.0344,0.0354,0.0250,0.0314,0.0377,0.0188,0.0350,0.0207,0.2280,0.1157,0.1037,0.1511,0.1382,0.1666,0.0977,0.1387,0.1377,0.1499,0.1072,0.1566,0.1312,0.1423,0.1503
21133,Letcher Co.,Kentucky,37.1115,-82.8913,29590,no (<0.5 psi),0.0000,0.0000,0.2089,0.1143,0.2203,0.2484,0.2716,0.3134,0.2470,0.2264,0.3359,0.2318,0.3780,0.2997,0.1962,0.2302,0.2022,0.3637,0.1824,0.2590,0.7972,0.4206,0.6737,0.1967,0.6098,0.4102,0.7355,0.2718,0.5332,0.3599,0.5889,0.2796
21137,Lincoln Co.,Kentucky,37.4471,-84.6581,19340,low (0.5-2 psi),0.0000,0.0000,0.1460,0.0611,0.0879,0.1643,0.2045,0.0856,0.1000,0.1098,0.1055,0.1556,0.1788,0.1081,0.1032,0.1682,0.0828,0.2748,0.1425,0.1676,0.3252,0.1584,0.2594,0.2284,0.2670,0.2735,0.3461,0.2030,0.4074,0.1500,0.2741,0.2658
21139,Livingston Co.,Kentucky,37.2037,-88.3264,9254,no (<0.5 psi),0.0000,0.0000,0.0732,0.0674,0.0209,0.0209,0.0137,0.0119,0.0199,0.0229,0.0190,0.0410,0.0216,0.0392,0.0147,0.0089,0.0188,0.1567,0.1907,0.0554,0.0604,0.0542,0.0437,0.0440,0.0284,0.0486,0.0559,0.0314,0.0427,0.0745,0.0647,0.0356
21141,Logan Co.,Kentucky,36.8656,-86.8613,24734,low (0.5-2 psi),0.0000,0.0000,0.1816,0.0627,0.0672,0.1483,0.1094,0.0557,0.0757,0.1207,0.0635,0.1333,0.0969,0.0854,0.0986,0.1087,0.0653,0.3019,0.1561,0.0908,0.0733,0.1398,0.1002,0.0847,0.1088,0.0954,0.0678,0.1384,0.0544,0.1000,0.1160,0.1129
21143,Lyon Co.,Kentucky,37.0139,-88.0721,6402,no (<0.5 psi),0.0000,0.0000,0.0509,0.0496,0.0114,0.0084,0.0089,0.0069,0.0123,0.0119,0.0092,0.0089,0.0084,0.0092,0.0113,0.0074,0.0104,0.1152,0.1337,0.0472,0.0354,0.0245,0.0270,0.0461,0.0290,0.0312,0.0373,0.0265,0.0303,0.0592,0.0484,0.0276
21145,McCracken Co.,Kentucky,37.0832,-88.7218,61886,very high (>=10 psi),1.0000,1.0000,0.3678,0.8905,0.9695,0.4451,0.8419,0.2629,0.9624,0.3772,0.9310,0.8721,0.8979,0.4622,0.9504,0.8581,0.8102,0.5383,0.9173,0.9515,0.4913,0.8930,0.3999,0.9428,0.3526,0.9539,0.8850,0.8661,0.5506,0.9667,0.9087,0.8190
21147,McCreary Co.,Kentucky,36.7769,-84.4887,16319,low (0.5-2 psi),0.0000,0.0000,0.1253,0.0695,0.0237,0.0779,0.0351,0.0542,0.0303,0.0370,0.0227,0.0551,0.0307,0.0589,0.0350,0.0449,0.0368,0.2230,0.1757,0.1113,0.3144,0.1302,0.2499,0.1480,0.2500,0.1071,0.2135,0.1299,0.1876,0.1196,0.1422,0.1211
21149,McLean Co.,Kentucky,37.5307,-87.2116,10079,low (0.5-2 psi),0.0000,0.0000,0.0795,0.0428,0.0158,0.0169,0.0153,0.0128,0.0106,0.0137,0.0152,0.0130,0.0113,0.0130,0.0147,0.0169,0.0183,0.1514,0.1575,0.0623,0.3284,0.0776,0.1704,0.1009,0.1211,0.1434,0.3127,0.0831,0.1162,0.0642,0.1370,0.0884
21151,Madison Co.,Kentucky,37.7158,-84.2903,55063,very high (>=10 psi),1.0000,1.0000,0.3327,0.1946,0.1533,0.0834,0.0904,0.0854,0.1245,0.1512,0.0978,0.1331,0.1149,0.0873,0.1579,0.2304,0.0920,0.5102,0.3913,0.3202,0.5891,0.2691,0.5347,0.3921,0.6609,0.2559,0.4951,0.3776,0.2701,0.4685,0.4811,0.3219
21153,Magoffin Co.,Kentucky,37.6934,-83.0957,14032,low (0.5-2 psi),0.0000,0.0000,0.1096,0.0569,0.0307,0.0540,0.0313,0.0314,0.0297,0.0764,0.0232,0.0412,0.0232,0.0238,0.0282,0.0432,0.0201,0.2175,0.1122,0.0473,0.0892,0.0500,0.0622,0.0385,0.0596,0.0686,0.1007,0.0529,0.0466,0.0933,0.0806,0.0276
21155,Marion Co.,Kentucky,37.5930,-85.2676,17087,no (<0.5 psi),0.0000,0.0000,0.1307,0.0380,0.0853,0.0442,0.0484,0.0391,0.0829,0.0839,0.0473,0.0775,0.0702,0.0416,0.0670,0.0926,0.0603,0.2309,0.0887,0.1694,0.1826,0.1418,0.1092,0.1532,0.3716,0.1161,0.1198,0.1557,0.0580,0.3035,0.1888,0.1722
21157,Marshall Co.,Kentucky,36.9173,-88.3344,25886,no (<0.5 psi),0.0000,0.0000,0.1888,0.1641,0.0753,0.0774,0.0787,0.0266,0.0984,0.1245,0.0473,0.0379,0.1359,0.1180,0.0425,0.0594,0.0648,0.3343,0.3784,0.2543,0.1065,0.1960,0.0763,0.1490,0.1272,0.1383,0.0890,0.2580,0.1756,0.2231,0.2207,0.1360
21169,Metcalfe Co.,Kentucky,37.0035,-85.6250,9472,no (<0.5 psi),0.0000,0.0000,0.0748,0.0286,0.0118,0.0197,0.0172,0.0150,0.0098,0.0224,0.0088,0.0116,0.0115,0.0168,0.0228,0.0272,0.0148,0.1437,0.0734,0.1721,0.0868,0.1676,0.1232,0.1801,0.1352,0.1419,0.0724,0.1842,0.0621,0.1990,0.1857,0.1200
21171,Monroe Co.,Kentucky,36.7295,-85.7180,12152,no (<0.5 psi),0.0000,0.0000,0.0951,0.0400,0.0313,0.0205,0.0287,0.0268,0.0550,0.0406,0.0257,0.0136,0.0535,0.0331,0.0484,0.0281,0.0365,0.1766,0.1003,0.1858,0.0680,0.1452,0.0797,0.2077,0.1533,0.1494,0.0639,0.1646,0.1440,0.2071,0.1405,0.2002
21177,Muhlenberg Co.,Kentucky,37.2285,-87.1370,32691,very high (>=10 psi),1.0000,1.0000,0.2293,0.0959,0.1175,0.1541,0.1043,0.0905,0.1505,0.1446,0.0990,0.1262,0.1773,0.0889,0.0889,0.1240,0.1232,0.3628,0.2276,0.0722,0.1527,0.1454,0.1701,0.1032,0.1576,0.0811,0.1783,0.1211,0.0604,0.1171,0.2405,0.1065
21179,Nelson Co.,Kentucky,37.7566,-85.5297,28733,no (<0.5 psi),0.0000,0.0000,0.2062,0.0552,0.1026,0.1131,0.1801,0.0831,0.0827,0.2031,0.0866,0.0745,0.1188,0.1014,0.0702,0.1430,0.1353,0.3339,0.1613,0.2692,0.1532,0.2756,0.1544,0.2005,0.1579,0.2536,0.1277,0.3631,0.1160,0.3446,0.3614,0.1572
21183,Ohio Co.,Kentucky,37.4741,-86.8754,21655,very high (>=10 psi),1.0000,1.0000,0.1617,0.1488,0.0613,0.0964,0.0656,0.0625,0.1005,0.1324,0.0578,0.0492,0.0726,0.0472,0.0485,0.0562,0.0783,0.2750,0.2128,0.0644,0.1629,0.1010,0.1586,0.0940,0.1684,0.0878,0.0880,0.1012,0.0958,0.1036,0.1628,0.0886
21189,Owsley Co.,Kentucky,37.3986,-83.6840,5400,no (<0.5 psi),0.0000,0.0000,0.0443,0.0134,0.0146,0.0259,0.0214,0.0184,0.0131,0.0376,0.0106,0.0119,0.0240,0.0213,0.0138,0.0294,0.0097,0.0995,0.0372,0.0287,0.0757,0.0326,0.0683,0.0439,0.0765,0.0322,0.0880,0.0405,0.0682,0.0559,0.0689,0.0366
21193,Perry Co.,Kentucky,37.2201,-83.1797,32879,no (<0.5 psi),0.0000,0.0000,0.2273,0.1309,0.1558,0.3429,0.1129,0.2940,0.1865,0.2099,0.2192,0.2687,0.2155,0.3334,0.1162,0.1379,0.1937,0.3876,0.1651,0.1358,0.3016,0.1804,0.3111,0.1404,0.2294,0.1517,0.2382,0.1363,0.2002,0.2255,0.2956,0.1475
21195,Pike Co.,Kentucky,37.4782,-82.3219,79518,very high (>=10 psi),1.0000,1.0000,0.4207,0.3296,0.2496,0.2718,0.3893,0.5149,0.1950,0.2013,0.4197,0.3442,0.2321,0.1773,0.3763,0.5123,0.1681,0.5977,0.4195,0.3803,0.4710,0.5339,0.5289,0.3696,0.4050,0.4944,0.4874,0.4309,0.2505,0.5157,0.6977,0.4014
21199,Pulaski Co.,Kentucky,37.1074,-84.5948,48402,very high (>=10 psi),1.0000,1.0000,0.3101,0.3331,0.1104,0.2907,0.1804,0.1847,0.1468,0.1722,0.1735,0.1814,0.1790,0.2547,0.1081,0.3256,0.0838,0.4560,0.4865,0.6228,0.5587,0.5288,0.5528,0.5922,0.4132,0.6522,0.4913,0.6638,0.5276,0.5771,0.6418,0.4028
21203,Rockcastle Co.,Kentucky,37.3471,-84.3150,14535,medium (2-5 psi),0.0000,1.0000,0.1132,0.0508,0.0546,0.0646,0.0519,0.0466,0.0440,0.1077,0.0386,0.0654,0.0505,0.0341,0.0504,0.0549,0.0267,0.2233,0.1388,0.1233,0.2750,0.0979,0.2244,0.1685,0.1414,0.1473,0.2803,0.1258,0.2596,0.0836,0.1251,0.1631
21207,Russell Co.,Kentucky,37.0026,-85.0245,14402,low (0.5-2 psi),0.0000,0.0000,0.1116,0.0926,0.0433,0.1781,0.0606,0.0849,0.0643,0.0514,0.0666,0.2743,0.0535,0.1291,0.0524,0.1080,0.0572,0.2023,0.1933,0.2920,0.1647,0.2024,0.2005,0.2977,0.1884,0.3049,0.2036,0.2350,0.2451,0.2574,0.2115,0.1723
21213,Simpson Co.,Kentucky,36.7656,-86.5707,15129,no (<0.5 psi),0.0000,0.0000,0.1169,0.0479,0.0565,0.0943,0.0506,0.0591,0.0646,0.0617,0.0375,0.0726,0.0575,0.0671,0.0678,0.0702,0.0465,0.2103,0.1221,0.0595,0.1662,0.1131,0.1532,0.0641,0.0996,0.0664,0.1468,0.0881,0.0966,0.1063,0.1398,0.0532
21217,Taylor Co.,Kentucky,37.3353,-85.3023,21263,no (<0.5 psi),0.0000,0.0000,0.1591,0.0610,0.0867,0.1041,0.0527,0.0761,0.0733,0.0552,0.0869,0.0707,0.0713,0.0962,0.0700,0.0888,0.0795,0.2714,0.1536,0.2733,0.1320,0.1858,0.1241,0.2193,0.1665,0.2157,0.1160,0.3050,0.1568,0.3104,0.2549,0.2988
21219,Todd Co.,Kentucky,36.9225,-87.1709,11083,low (0.5-2 psi),0.0000,0.0000,0.0871,0.0242,0.0280,0.0504,0.0269,0.0493,0.0297,0.0667,0.0211,0.0390,0.0256,0.0249,0.0334,0.0302,0.0352,0.1638,0.0664,0.1372,0.1650,0.1981,0.1103,0.1592,0.2088,0.1242,0.1199,0.2288,0.0501,0.1790,0.2860,0.1150
21221,Trigg Co.,Kentucky,36.8366,-87.9079,10234,low (0.5-2 psi),0.0000,0.0000,0.0807,0.0340,0.0098,0.0382,0.0119,0.0361,0.0115,0.0566,0.0086,0.0274,0.0170,0.0169,0.0096,0.0173,0.0234,0.1700,0.1142,0.0661,0.1090,0.0771,0.0932,0.0626,0.1651,0.0439,0.0762,0.0935,0.0497,0.1164,0.0975,0.0393
21225,Union Co.,Kentucky,37.6864,-87.9460,17856,no (<0.5 psi),0.0000,0.0000,0.1361,0.0603,0.0861,0.0638,0.0756,0.0651,0.0626,0.0982,0.0406,0.0673,0.1399,0.0470,0.0542,0.0449,0.0803,0.2387,0.1486,0.0444,0.1975,0.1326,0.1308,0.0801,0.2862,0.0600,0.2217,0.0858,0.1146,0.0584,0.0711,0.1364
21227,Warren Co.,Kentucky,36.9674,-86.4049,77013,no (<0.5 psi),0.0000,0.0000,0.4227,0.2443,0.2083,0.3950,0.2355,0.3917,0.2827,0.4448,0.2583,0.3765,0.3029,0.3750,0.2745,0.2786,0.2604,0.5699,0.3762,0.4369,0.5968,0.4983,0.4977,0.3597,0.5844,0.4206,0.6153,0.4513,0.4079,0.3196,0.5514,0.3521
21231,Wayne Co.,Kentucky,36.7997,-84.8152,17338,low (0.5-2 psi),0.0000,0.0000,0.1325,0.0576,0.0337,0.0907,0.0375,0.0766,0.0380,0.0453,0.0324,0.0631,0.0477,0.0533,0.0567,0.0687,0.0298,0.2335,0.1475,0.1988,0.1572,0.1779,0.1441,0.2237,0.2133,0.1804,0.1027,0.2525,0.1470,0.1779,0.1483,0.2326
21233,Webster Co.,Kentucky,37.5264,-87.6557,14728,no (<0.5 psi),0.0000,0.0000,0.1140,0.1128,0.0899,0.0338,0.0447,0.0365,0.1161,0.0487,0.0657,0.0731,0.0395,0.0225,0.0947,0.0339,0.0924,0.2059,0.1735,0.0431,0.1075,0.0469,0.0901,0.0818,0.0985,0.0632,0.0963,0.0454,0.1108,0.0762,0.0721,0.0606
21235,Whitley Co.,Kentucky,36.7807,-84.1632,34107,no (<0.5 psi),0.0000,0.0000,0.2340,0.1907,0.0860,0.0920,0.0454,0.0629,0.0806,0.0675,0.1112,0.0936,0.0627,0.1517,0.0778,0.0708,0.0954,0.3960,0.3838,0.1775,0.2715,0.1423,0.2716,0.1949,0.2219,0.1411,0.1895,0.1399,0.2034,0.1707,0.2552,0.2215
21237,Wolfe Co.,Kentucky,37.7395,-83.4898,7152,no (<0.5 psi),0.0000,0.0000,0.0582,0.0246,0.0107,0.0248,0.0105,0.0160,0.0119,0.0223,0.0082,0.0123,0.0169,0.0252,0.0106,0.0194,0.0107,0.1266,0.0574,0.0131,0.0614,0.0164,0.0661,0.0213,0.0284,0.0302,0.0571,0.0195,0.0258,0.0247,0.0429,0.0148
22001,Acadia Par.,Louisiana,30.2659,-92.4009,59018,very high (>=10 psi),1.0000,1.0000,0.3486,0.3214,0.1177,0.1784,0.1178,0.2934,0.1480,0.2118,0.1597,0.1552,0.0811,0.1216,0.1272,0.1055,0.1047,0.5048,0.5906,0.3161,0.4886,0.3690,0.6380,0.2999,0.3653,0.3276,0.3722,0.3282,0.2306,0.3146,0.4535,0.3856
22003,Allen Par.,Louisiana,30.6988,-92.7876,21577,low (0.5-2 psi),0.0000,0.0000,0.1605,0.0771,0.0390,0.1093,0.0566,0.1178,0.0333,0.0884,0.0399,0.0694,0.0387,0.0543,0.0576,0.0686,0.0339,0.2743,0.1591,0.0683,0.1919,0.1253,0.2625,0.0553,0.1124,0.1047,0.1648,0.0884,0.0883,0.0683,0.1218,0.0891
22005,Ascension Par.,Louisiana,30.2034,-90.8921,57975,very high (>=10 psi),1.0000,1.0000,0.3445,0.3809,0.3158,0.5545,0.4193,0.2759,0.4205,0.6755,0.3249,0.2264,0.4252,0.7154,0.1763,0.2761,0.4329,0.5004,0.6570,0.5854,0.6224,0.4454,0.4864,0.6109,0.7105,0.5243,0.3737,0.6354,0.7963,0.5159,0.4554,0.6594
22007,Assumption Par.,Louisiana,29.8530,-91.0543,23637,medium (2-5 psi),0.0000,1.0000,0.1735,0.2173,0.1312,0.0891,0.1013,0.1268,0.0828,0.1834,0.0728,0.1164,0.0996,0.1131,0.1063,0.1038,0.1249,0.2925,0.3194,0.1565,0.1494,0.1297,0.1849,0.1675,0.1493,0.2102,0.1258,0.1599,0.3074,0.1447,0.1082,0.1717
22009,Avoyelles Par.,Louisiana,31.0954,-91.9706,42159,no (<0.5 psi),0.0000,0.0000,0.2751,0.1634,0.0596,0.2889,0.0895,0.2208,0.0520,0.1023,0.0859,0.2575,0.0874,0.1931,0.0918,0.1252,0.1294,0.4225,0.3241,0.1353,0.2384,0.1347,0.3074,0.0893,0.1036,0.1046,0.2596,0.0913,0.3441,0.0939,0.1488,0.1738
22011,Beauregard Par.,Louisiana,30.6467,-93.3275,31754,low (0.5-2 psi),0.0000,0.0000,0.2211,0.1833,0.3582,0.1577,0.3496,0.2279,0.4256,0.2172,0.3074,0.2223,0.3410,0.2363,0.3609,0.1146,0.4402,0.3562,0.3731,0.4402,0.3690,0.4971,0.3820,0.3649,0.2566,0.5039,0.4427,0.4866,0.5429,0.2326,0.3882,0.4941
22013,Bienville Par.,Louisiana,32.3656,-93.0884,16722,low (0.5-2 psi),0.0000,0.0000,0.1284,0.0734,0.0689,0.0778,0.0716,0.0941,0.0460,0.0845,0.0422,0.0593,0.0737,0.0334,0.0571,0.0438,0.0582,0.2272,0.1842,0.3455,0.1877,0.3885,0.2053,0.3221,0.2695,0.3260,0.1417,0.4192,0.1230,0.3622,0.2478,0.2153
22019,Calcasieu Par.,Louisiana,30.2635,-93.3686,172999,very high (>=10 psi),1.0000,1.0000,0.6166,0.8087,0.8240,0.5554,0.7067,0.7636,0.8197,0.7584,0.8423,0.8646,0.6777,0.5390,0.9132,0.5092,0.9193,0.7464,0.8232,0.9054,0.4957,0.6797,0.7058,0.8412,0.6772,0.8750,0.9026,0.6873,0.5926,0.8519,0.6635,0.9116
22021,Caldwell Par.,Louisiana,32.1026,-92.0919,10715,no (<0.5 psi),0.0000,0.0000,0.0918,0.1125,0.0097,0.0740,0.0189,0.0468,0.0151,0.0241,0.0131,0.0366,0.0193,0.0236,0.0180,0.0205,0.0123,0.1798,0.2496,0.0568,0.1900,0.0616,0.1311,0.0628,0.1346,0.0420,0.1031,0.0576,0.0742,0.0584,0.0936,0.0791
22023,Cameron Par.,Louisiana,29.8196,-93.2673,10032,medium (2-5 psi),0.0000,1.0000,0.0803,0.1873,0.1010,0.0496,0.2619,0.0400,0.0998,0.1515,0.0692,0.0357,0.1873,0.1585,0.1835,0.0425,0.2300,0.1508,0.2062,0.3063,0.1802,0.1806,0.1184,0.2385,0.3676,0.1284,0.1671,0.3148,0.2558,0.2334,0.0745,0.4260
22025,Catahoula Par.,Louisiana,31.5903,-91.9171,12141,no (<0.5 psi),0.0000,0.0000,0.0960,0.0615,0.0076,0.0463,0.0095,0.0472,0.0111,0.0122,0.0153,0.0443,0.0119,0.0441,0.0085,0.0148,0.0165,0.1765,0.1357,0.0200,0.0624,0.0268,0.1003,0.0166,0.0546,0.0200,0.1013,0.0336,0.0666,0.0180,0.0308,0.0478
22027,Claiborne Par.,Louisiana,32.7813,-92.9814,18056,very high (>=10 psi),1.0000,1.0000,0.1524,0.1284,0.0378,0.0962,0.0467,0.0787,0.0495,0.1339,0.0335,0.0885,0.0685,0.0653,0.0538,0.0398,0.0708,0.2594,0.2153,0.1086,0.2122,0.1667,0.2010,0.1520,0.1786,0.1145,0.2158,0.2753,0.2383,0.1302,0.1352,0.1719
22029,Concordia Par.,Louisiana,31.3676,-91.7026,23222,no (<0.5 psi),0.0000,0.0000,0.1709,0.1141,0.0225,0.1390,0.0398,0.1021,0.0236,0.0690,0.0424,0.0815,0.0479,0.1426,0.0318,0.0674,0.0406,0.2889,0.2866,0.0574,0.2178,0.0949,0.2356,0.0488,0.1235,0.0696,0.1733,0.0679,0.2215,0.0461,0.0688,0.0952
22031,De Soto Par.,Louisiana,32.0977,-93.7877,27189,low (0.5-2 psi),0.0000,0.0000,0.1950,0.1582,0.2353,0.2769,0.1196,0.2749,0.1990,0.3180,0.1320,0.2224,0.1732,0.1568,0.2520,0.0950,0.1922,0.3219,0.2372,0.5109,0.3514,0.4836,0.3397,0.4706,0.3328,0.5050,0.3995,0.5275,0.3108,0.4005,0.4074,0.3067
22033,East Baton Rouge Par.,Louisiana,30.5143,-91.0875,389275,very high (>=10 psi),1.0000,1.0000,0.7866,0.9824,0.9510,0.9441,0.9749,0.9704,0.8898,0.9440,0.9538,0.9425,0.9472,0.9493,0.9458,0.8694,0.9550,0.8675,0.9892,0.9662,0.9865,0.9726,0.9896,0.9537,0.9698,0.9752,0.9863,0.9711,0.9833,0.9612,0.9534,0.9825
22035,East Carroll Par.,Louisiana,32.7708,-91.2513,10960,no (<0.5 psi),0.0000,0.0000,0.1025,0.1937,0.0186,0.0226,0.1353,0.0229,0.0186,0.0216,0.0237,0.0175,0.0492,0.0868,0.0130,0.0160,0.0397,0.1828,0.3048,0.1766,0.0841,0.1924,0.0824,0.1421,0.1132,0.1373,0.0974,0.1807,0.3506,0.0625,0.0457,0.2339
22037,East Feliciana Par.,Louisiana,30.8243,-91.0380,19747,low (0.5-2 psi),0.0000,0.0000,0.1532,0.1002,0.2947,0.0763,0.3260,0.3361,0.1834,0.1454,0.2769,0.0543,0.3750,0.0963,0.3526,0.5859,0.2018,0.2752,0.3508,0.4327,0.2818,0.5613,0.3843,0.3929,0.4862,0.4450,0.2346,0.5262,0.2906,0.5525,0.7026,0.4112
22039,Evangeline Par.,Louisiana,30.7217,-92.3848,35108,low (0.5-2 psi),0.0000,0.0000,0.2393,0.1259,0.0788,0.1396,0.1316,0.2022,0.0839,0.0822,0.0802,0.1529,0.0801,0.0626,0.1293,0.1395,0.0617,0.3792,0.2762,0.0967,0.2710,0.1329,0.3039,0.0802,0.1374,0.1209,0.1949,0.1098,0.1885,0.0875,0.1819,0.1541
22041,Franklin Par.,Louisiana,32.1418,-91.7007,23757,no (<0.5 psi),0.0000,0.0000,0.1775,0.1844,0.0257,0.0833,0.0453,0.1113,0.0239,0.0309,0.0384,0.0807,0.0355,0.0543,0.0351,0.0459,0.0530,0.3095,0.3871,0.1406,0.2084,0.1096,0.1654,0.1349,0.2540,0.1683,0.1860,0.1060,0.2562,0.0919,0.1096,0.2393
22043,Grant Par.,Louisiana,31.5933,-92.5654,17649,low (0.5-2 psi),0.0000,0.0000,0.1347,0.0556,0.0584,0.1831,0.0737,0.1194,0.0606,0.0925,0.0689,0.1616,0.0662,0.0880,0.0951,0.1661,0.0476,0.2366,0.1681,0.3363,0.5597,0.4438,0.3686,0.3524,0.6418,0.3300,0.4540,0.4189,0.2782,0.4618,0.5133,0.2988
22045,Iberia Par.,Louisiana,29.8955,-91.8243,69483,no (<0.5 psi),0.0000,0.0000,0.3875,0.6526,0.3184,0.5514,0.5059,0.7441,0.3515,0.6913,0.1670,0.3846,0.3439,0.4419,0.4044,0.2267,0.5720,0.5449,0.8093,0.6317,0.6862,0.5501,0.8159,0.7022,0.8567,0.3146,0.5661,0.7280,0.7409,0.7335,0.4528,0.8889
22047,Iberville Par.,Louisiana,30.2602,-91.3151,32420,very high (>=10 psi),1.0000,1.0000,0.2248,0.3057,0.0819,0.1030,0.1631,0.1204,0.0928,0.0612,0.1283,0.0370,0.1002,0.1777,0.0793,0.0678,0.0805,0.3609,0.6066,0.2615,0.1634,0.1860,0.2631,0.1875,0.2084,0.1846,0.1196,0.2166,0.4412,0.2124,0.1265,0.2965
22049,Jackson Par.,Louisiana,32.3641,-92.5695,16968,no (<0.5 psi),0.0000,0.0000,0.1354,0.1791,0.0502,0.0255,0.0374,0.0408,0.0328,0.0191,0.0529,0.0272,0.0303,0.0207,0.0350,0.0178,0.0283,0.2489,0.3216,0.0801,0.1312,0.1030,0.1060,0.1217,0.1163,0.1466,0.1456,0.0912,0.1750,0.1003,0.0595,0.1366
22051,Jefferson Par.,Louisiana,29.8409,-90.1265,466226,very high (>=10 psi),1.0000,1.0000,0.7863,0.9566,0.9768,0.9726,0.9452,0.9431,0.9835,0.9866,0.9747,0.9730,0.9716,0.9697,0.9833,0.9730,0.9802,0.8667,0.9708,0.9870,0.9788,0.9825,0.9739,0.9926,0.9816,0.9909,0.9760,0.9871,0.9883,0.9855,0.9793,0.9883
22053,Jefferson Davis Par.,Louisiana,30.2636,-92.8282,32976,very high (>=10 psi),1.0000,1.0000,0.2279,0.1773,0.0930,0.1087,0.1879,0.1951,0.1053,0.0633,0.1355,0.1020,0.0935,0.0698,0.1362,0.1324,0.0624,0.3647,0.3109,0.1418,0.1211,0.1310,0.2859,0.0937,0.1305,0.1109,0.1047,0.1234,0.1112,0.1345,0.1562,0.1458
22055,Lafayette Par.,Louisiana,30.2081,-92.1126,169553,low (0.5-2 psi),0.0000,0.0000,0.6117,0.7443,0.8117,0.9000,0.7359,0.8799,0.8827,0.9593,0.7328,0.8768,0.7889,0.9133,0.7332,0.7305,0.9225,0.7427,0.8675,0.8867,0.9667,0.8900,0.9669,0.9037,0.9516,0.8758,0.9496,0.8934,0.9584,0.8740,0.9255,0.9302
22057,Lafourche Par.,Louisiana,29.4877,-90.3283,88615,very high (>=10 psi),1.0000,1.0000,0.4307,0.5560,0.3659,0.1866,0.4249,0.3695,0.4644,0.6492,0.2522,0.1277,0.5676,0.4094,0.4403,0.4361,0.5102,0.6035,0.7876,0.8415,0.6672,0.8666,0.7446,0.8194,0.8967,0.6998,0.6975,0.8554,0.7116,0.8945,0.7391,0.8710
22059,La Salle Par.,Louisiana,31.6257,-92.1802,16078,no (<0.5 psi),0.0000,0.0000,0.1240,0.0734,0.0183,0.0314,0.0191,0.0471,0.0299,0.0373,0.0191,0.0216,0.0237,0.0350,0.0278,0.0373,0.0298,0.2204,0.1089,0.1526,0.0709,0.0902,0.1447,0.1524,0.1747,0.1345,0.0915,0.1914,0.0756,0.1780,0.1783,0.1721
22061,Lincoln Par.,Louisiana,32.6046,-92.6422,41611,medium (2-5 psi),0.0000,1.0000,0.2772,0.4760,0.1760,0.2437,0.3032,0.3266,0.1395,0.2950,0.1832,0.2709,0.2032,0.2177,0.1551,0.2522,0.2763,0.4258,0.5325,0.1363,0.3315,0.1834,0.3133,0.1614,0.3962,0.1417,0.3053,0.2160,0.3964,0.1598,0.2077,0.2870
22063,Livingston Par.,Louisiana,30.4128,-90.7416,69802,low (0.5-2 psi),0.0000,0.0000,0.3886,0.3938,0.2306,0.6703,0.2766,0.4306,0.2677,0.6417,0.2106,0.4859,0.3861,0.7053,0.2217,0.3085,0.5366,0.5460,0.6856,0.5360,0.6407,0.4772,0.5708,0.5299,0.6321,0.5536,0.4104,0.6487,0.7777,0.5280,0.5028,0.6138
22065,Madison Par.,Louisiana,32.3766,-91.2326,14555,no (<0.5 psi),0.0000,0.0000,0.1288,0.2289,0.0205,0.0630,0.0457,0.0664,0.0240,0.0304,0.0275,0.0449,0.0472,0.0973,0.0166,0.0337,0.0659,0.2240,0.4067,0.1473,0.0888,0.1357,0.0994,0.1768,0.1307,0.1428,0.0768,0.2053,0.3283,0.0648,0.0726,0.2740
22067,Morehouse Par.,Louisiana,32.7544,-91.8291,34116,no (<0.5 psi),0.0000,0.0000,0.2426,0.5602,0.0684,0.0988,0.0845,0.1515,0.0572,0.0572,0.1277,0.0928,0.0444,0.1439,0.0711,0.0707,0.1589,0.3829,0.7356,0.2317,0.0994,0.1557,0.0834,0.2554,0.0938,0.2986,0.2017,0.1828,0.1544,0.2481,0.2300,0.2152
22069,Natchitoches Par.,Louisiana,31.7415,-93.2050,39190,no (<0.5 psi),0.0000,0.0000,0.2604,0.1818,0.3149,0.2048,0.2114,0.2182,0.3543,0.1734,0.1778,0.2667,0.2411,0.2251,0.1816,0.1451,0.4261,0.4050,0.2972,0.3774,0.1684,0.3275,0.2270,0.2830,0.3195,0.2557,0.2297,0.4420,0.1802,0.3010,0.1821,0.5664
22071,Orleans Par.,Louisiana,30.0362,-89.9717,549348,very high (>=10 psi),1.0000,1.0000,0.8114,0.9894,0.9340,0.9378,0.9259,0.8827,0.9447,0.9590,0.9136,0.8896,0.9519,0.9550,0.9372,0.9658,0.9409,0.8828,0.9948,0.9841,0.9814,0.9853,0.9787,0.9918,0.9794,0.9908,0.9902,0.9867,0.9898,0.9840,0.9823,0.9886
22073,Ouachita Par.,Louisiana,32.4871,-92.1745,144997,no (<0.5 psi),0.0000,0.0000,0.5436,0.8430,0.5291,0.7156,0.6414,0.6865,0.6399,0.8553,0.5461,0.6398,0.7333,0.7414,0.4640,0.6049,0.8701,0.6948,0.8051,0.7551,0.8569,0.8467,0.6877,0.7867,0.8679,0.7247,0.7673,0.8129,0.8537,0.7047,0.8098,0.8885
22075,Plaquemines Par.,Louisiana,29.4094,-89.6804,26625,very high (>=10 psi),1.0000,1.0000,0.1615,0.3734,0.4847,0.0984,0.4610,0.1258,0.5979,0.4947,0.3832,0.1354,0.6530,0.3161,0.5768,0.3335,0.3700,0.3219,0.5175,0.6726,0.1382,0.6419,0.1915,0.7196,0.5471,0.5957,0.1703,0.6442,0.3673,0.5403,0.4320,0.5663
22077,Pointe Coupee Par.,Louisiana,30.7527,-91.6750,24219,very high (>=10 psi),1.0000,1.0000,0.1771,0.1555,0.1632,0.0554,0.0987,0.1007,0.1745,0.0333,0.1850,0.2236,0.0644,0.1043,0.2233,0.0494,0.1460,0.2975,0.2334,0.0545,0.0957,0.0933,0.1644,0.0435,0.0667,0.1061,0.1880,0.0777,0.2568,0.0718,0.0573,0.1550
22079,Rapides Par.,Louisiana,31.2014,-92.5313,136340,very high (>=10 psi),1.0000,1.0000,0.5576,0.7788,0.9270,0.4576,0.9409,0.4747,0.9540,0.7467,0.9240,0.5892,0.9370,0.3619,0.9637,0.9316,0.6921,0.6995,0.9340,0.9416,0.5958,0.9290,0.5987,0.9588,0.5841,0.9570,0.6301,0.9390,0.5582,0.9287,0.9496,0.6528
22081,Red River Par.,Louisiana,32.0619,-93.3173,10397,no (<0.5 psi),0.0000,0.0000,0.0831,0.0429,0.0179,0.0417,0.0214,0.0344,0.0277,0.0201,0.0236,0.0204,0.0243,0.0281,0.0327,0.0240,0.0192,0.1554,0.1057,0.1457,0.1057,0.2076,0.1367,0.1378,0.0593,0.1449,0.1128,0.1729,0.1110,0.1157,0.0961,0.0761
22083,Richland Par.,Louisiana,32.4097,-91.7337,22493,no (<0.5 psi),0.0000,0.0000,0.1799,0.2717,0.0578,0.1221,0.0463,0.1012,0.0527,0.2176,0.0624,0.0841,0.0782,0.1307,0.0535,0.0673,0.1469,0.2991,0.4418,0.1578,0.1357,0.0885,0.1402,0.1406,0.2018,0.1439,0.1423,0.1684,0.2466,0.1315,0.1714,0.2154
22085,Sabine Par.,Louisiana,31.5040,-93.4774,25423,no (<0.5 psi),0.0000,0.0000,0.1844,0.1232,0.0942,0.0764,0.1031,0.0753,0.1092,0.0662,0.0704,0.0662,0.0942,0.0506,0.1159,0.1018,0.0728,0.3076,0.2214,0.1317,0.1487,0.2841,0.1528,0.0990,0.1229,0.1027,0.1134,0.1328,0.0657,0.1360,0.0976,0.1235
22087,St. Bernard Par.,Louisiana,29.8483,-89.6212,67638,very high (>=10 psi),1.0000,1.0000,0.3690,0.6322,0.3220,0.1022,0.3585,0.1124,0.4250,0.6758,0.1688,0.0597,0.5394,0.2006,0.4115,0.4554,0.4520,0.5343,0.7424,0.7844,0.3590,0.8755,0.5084,0.7875,0.8142,0.7230,0.2363,0.8133,0.3378,0.8258,0.8490,0.6078
22089,St. Charles Par.,Louisiana,29.9584,-90.4098,41621,very high (>=10 psi),1.0000,1.0000,0.2724,0.6111,0.7831,0.1657,0.4478,0.1363,0.8268,0.6390,0.6920,0.5985,0.5422,0.4541,0.7215,0.1546,0.8376,0.4194,0.8220,0.9317,0.5109,0.7516,0.5193,0.9452,0.8567,0.8888,0.8171,0.7967,0.7438,0.9054,0.5468,0.9588
22091,St. Helena Par.,Louisiana,30.8243,-90.7047,10166,no (<0.5 psi),0.0000,0.0000,0.0877,0.0633,0.0744,0.0299,0.1407,0.0999,0.0566,0.0567,0.0701,0.0167,0.1079,0.0222,0.1309,0.2669,0.0353,0.1729,0.1938,0.1853,0.1067,0.2346,0.2375,0.1526,0.2159,0.1332,0.0945,0.2004,0.0532,0.3134,0.3961,0.1329
22093,St. James Par.,Louisiana,30.0139,-90.8197,22026,very high (>=10 psi),1.0000,1.0000,0.1634,0.2570,0.1450,0.0595,0.1191,0.0572,0.1307,0.0712,0.1531,0.0408,0.1196,0.2115,0.0687,0.0658,0.0866,0.2783,0.3875,0.1404,0.1633,0.2174,0.1856,0.1833,0.0979,0.2063,0.0839,0.1913,0.4135,0.1212,0.1013,0.1827
22095,St. John the Baptist Par.,Louisiana,30.0722,-90.5403,39819,very high (>=10 psi),1.0000,1.0000,0.2636,0.5620,0.5524,0.6041,0.3601,0.3362,0.7009,0.8376,0.3754,0.7460,0.5449,0.7401,0.4772,0.1723,0.6625,0.4088,0.8545,0.9237,0.6852,0.7069,0.5923,0.9291,0.8787,0.8803,0.9041,0.8134,0.7333,0.9043,0.5236,0.9433
22097,St. Landry Par.,Louisiana,30.5845,-91.9824,86836,very high (>=10 psi),1.0000,1.0000,0.4428,0.3174,0.1530,0.2130,0.2200,0.3728,0.1448,0.3427,0.1458,0.2058,0.1888,0.2981,0.1528,0.1584,0.2835,0.5987,0.5981,0.2696,0.3924,0.3729,0.6230,0.2997,0.3925,0.2402,0.4485,0.3586,0.2290,0.2855,0.3913,0.3722
22099,St. Martin Par.,Louisiana,30.2683,-91.7761,45228,low (0.5-2 psi),0.0000,0.0000,0.2896,0.2250,0.0315,0.2766,0.1130,0.2089,0.0282,0.2616,0.0489,0.1768,0.0559,0.1869,0.0488,0.0748,0.0696,0.4395,0.5478,0.1999,0.5120,0.2892,0.5233,0.2040,0.4241,0.2614,0.3864,0.2497,0.5359,0.2309,0.4073,0.2468
22101,St. Mary Par.,Louisiana,29.6972,-91.3610,63727,no (<0.5 psi),0.0000,0.0000,0.3667,0.7754,0.4005,0.4872,0.3808,0.7752,0.3350,0.6048,0.1963,0.2150,0.3226,0.2288,0.3438,0.1781,0.4863,0.5237,0.7671,0.3957,0.3259,0.3451,0.6457,0.3416,0.7350,0.1072,0.1133,0.4334,0.1093,0.5502,0.2077,0.5329
22103,St. Tammany Par.,Louisiana,30.4302,-89.9623,136594,medium (2-5 psi),0.0000,1.0000,0.5332,0.6482,0.3282,0.4739,0.5653,0.4991,0.3890,0.6626,0.2536,0.3465,0.4728,0.3311,0.3996,0.6877,0.4399,0.6833,0.8289,0.5849,0.7403,0.7935,0.7947,0.6800,0.8924,0.6565,0.5899,0.7202,0.7582,0.6486,0.8470,0.7356
22105,Tangipahoa Par.,Louisiana,30.6116,-90.4078,88876,no (<0.5 psi),0.0000,0.0000,0.4313,0.5007,0.1695,0.2678,0.1996,0.1353,0.2038,0.2138,0.1536,0.1557,0.2363,0.2501,0.1745,0.4466,0.1461,0.5946,0.7433,0.5500,0.5857,0.5099,0.5182,0.5687,0.3869,0.4551,0.5662,0.4895,0.6815,0.4552,0.7330,0.6098
22107,Tensas Par.,Louisiana,31.9912,-91.3005,8021,no (<0.5 psi),0.0000,0.0000,0.0712,0.1191,0.0209,0.0071,0.0101,0.0120,0.0282,0.0062,0.0187,0.0193,0.0092,0.0244,0.0157,0.0073,0.0211,0.1446,0.3741,0.0644,0.0480,0.0422,0.0555,0.0842,0.0436,0.0894,0.0971,0.0493,0.1587,0.0401,0.0209,0.1282
22109,Terrebonne Par.,Louisiana,29.4207,-90.8322,101054,no (<0.5 psi),0.0000,0.0000,0.4616,0.7096,0.4218,0.4859,0.2303,0.5265,0.4808,0.5859,0.2856,0.3425,0.4213,0.4823,0.4811,0.3305,0.4420,0.6340,0.7868,0.5815,0.5895,0.5422,0.6205,0.5167,0.7457,0.4997,0.5112,0.6101,0.6627,0.6238,0.5975,0.6129
22111,Union Par.,Louisiana,32.7989,-92.3901,21890,medium (2-5 psi),0.0000,1.0000,0.1763,0.2084,0.0662,0.1182,0.0494,0.1035,0.0496,0.1468,0.0530,0.1022,0.0727,0.0412,0.0807,0.0544,0.0778,0.2940,0.2951,0.1091,0.1313,0.0914,0.1268,0.1066,0.2242,0.1500,0.2303,0.1268,0.0983,0.1535,0.2009,0.1285
22113,Vermilion Par.,Louisiana,29.9004,-92.2979,52223,low (0.5-2 psi),0.0000,0.0000,0.3208,0.4043,0.3333,0.1973,0.4271,0.2634,0.3665,0.6935,0.1662,0.3162,0.3924,0.1369,0.3630,0.1301,0.4601,0.4747,0.7117,0.6661,0.6077,0.7158,0.7433,0.6402,0.8688,0.3501,0.6359,0.7247,0.5561,0.7665,0.5291,0.8554
22115,Vernon Par.,Louisiana,31.1059,-93.1876,62256,very high (>=10 psi),1.0000,1.0000,0.3612,0.6603,0.9460,0.6051,0.9220,0.5889,0.9408,0.6782,0.9350,0.6897,0.9586,0.6849,0.9609,0.9233,0.8071,0.5180,0.8601,0.9699,0.7202,0.9644,0.7420,0.9629,0.6568,0.9508,0.7836,0.9703,0.6989,0.9472,0.9741,0.6732
22117,Washington Par.,Louisiana,30.8383,-90.0432,45784,no (<0.5 psi),0.0000,0.0000,0.2873,0.2660,0.1738,0.0360,0.1630,0.0930,0.1942,0.1178,0.1313,0.0466,0.2386,0.0643,0.1798,0.3648,0.1056,0.4470,0.4316,0.5567,0.2349,0.5608,0.4192,0.5353,0.4682,0.4826,0.3336,0.5411,0.2479,0.6833,0.7694,0.4285
22121,West Baton Rouge Par.,Louisiana,30.4858,-91.3357,20195,very high (>=10 psi),1.0000,1.0000,0.1516,0.1601,0.1753,0.0428,0.3338,0.1787,0.0463,0.0538,0.1866,0.0640,0.1988,0.0714,0.2239,0.0469,0.2018,0.2615,0.5598,0.2667,0.1947,0.2271,0.3450,0.1649,0.1695,0.2761,0.2335,0.2617,0.2978,0.2689,0.1294,0.3552
22123,West Carroll Par.,Louisiana,32.7952,-91.4673,12824,no (<0.5 psi),0.0000,0.0000,0.1164,0.2096,0.0202,0.1367,0.0301,0.1186,0.0131,0.0633,0.0212,0.1360,0.0171,0.0866,0.0162,0.0353,0.0387,0.2049,0.2944,0.0708,0.1225,0.1394,0.0815,0.0880,0.1120,0.0950,0.1349,0.1113,0.1079,0.0881,0.1022,0.0867
22125,West Feliciana Par.,Louisiana,30.8307,-91.3784,13172,very high (>=10 psi),1.0000,1.0000,0.1035,0.0727,0.0770,0.0379,0.0548,0.0790,0.0860,0.0583,0.1474,0.1196,0.0520,0.0475,0.0997,0.0247,0.1367,0.1885,0.3516,0.5499,0.2628,0.1302,0.3270,0.5359,0.3682,0.6595,0.8956,0.1052,0.1973,0.6343,0.1108,0.8297
22127,Winn Par.,Louisiana,31.9285,-92.6002,16915,no (<0.5 psi),0.0000,0.0000,0.1297,0.0889,0.0204,0.1126,0.0297,0.1414,0.0307,0.0269,0.0289,0.0698,0.0235,0.0564,0.0272,0.0301,0.0239,0.2291,0.1346,0.1205,0.1877,0.2325,0.2348,0.1051,0.0986,0.1431,0.2434,0.1251,0.1071,0.1891,0.1342,0.0861
23009,Hancock Co.,Maine,44.7312,-68.3379,43837,low (0.5-2 psi),0.0000,0.0000,0.2831,0.3093,0.3781,0.2500,0.2468,0.1547,0.4418,0.4350,0.2468,0.1844,0.3660,0.6334,0.1734,0.1300,0.5745,0.4552,0.4865,0.7855,0.5002,0.4198,0.4142,0.7997,0.6920,0.8285,0.4907,0.8369,0.8585,0.3309,0.2793,0.8832
23019,Penobscot Co.,Maine,45.5196,-68.4333,138654,very high (>=10 psi),1.0000,1.0000,0.5619,0.4972,0.7276,0.5113,0.5524,0.2919,0.7915,0.7293,0.5444,0.5941,0.6695,0.4622,0.6042,0.4822,0.7389,0.7177,0.7729,0.8097,0.6710,0.7080,0.5201,0.8407,0.7445,0.7961,0.6383,0.8360,0.8341,0.6775,0.5816,0.8741
23021,Piscataquis Co.,Maine,45.7989,-69.2700,17950,high (5-10 psi),0.0000,1.0000,0.1367,0.0497,0.0930,0.3229,0.1931,0.1481,0.1375,0.1452,0.0823,0.2240,0.0947,0.1493,0.1489,0.1255,0.1244,0.2607,0.1313,0.1129,0.1602,0.1951,0.2038,0.1106,0.1001,0.1937,0.1640,0.1646,0.1532,0.1307,0.1294,0.0539
23029,Washington Co.,Maine,45.0213,-67.5303,34075,no (<0.5 psi),0.0000,0.0000,0.2338,0.3047,0.1302,0.1617,0.1999,0.1393,0.1828,0.1283,0.1143,0.1154,0.1337,0.1547,0.2399,0.0818,0.1206,0.3958,0.4362,0.3956,0.2999,0.3040,0.2714,0.4000,0.2883,0.3429,0.3530,0.4216,0.4731,0.3727,0.1547,0.4728
23031,York Co.,Maine,43.4371,-70.6644,151165,very high (>=10 psi),1.0000,1.0000,0.5981,0.9175,0.9070,0.5226,0.9102,0.3900,0.9254,0.7263,0.8968,0.5173,0.9070,0.4490,0.9398,0.9038,0.5246,0.6835,0.9399,0.9529,0.5682,0.8401,0.5670,0.9330,0.7643,0.9285,0.6370,0.9246,0.4458,0.9285,0.9033,0.6496
24001,Allegany Co.,Maryland,39.5805,-78.5959,76311,very high (>=10 psi),1.0000,1.0000,0.3905,0.3276,0.6470,0.4533,0.7346,0.5428,0.6791,0.2663,0.7308,0.3915,0.6551,0.7301,0.3824,0.6592,0.6364,0.5432,0.5395,0.8610,0.4960,0.8610,0.6650,0.8982,0.5657,0.8578,0.4837,0.9130,0.8537,0.5771,0.6708,0.8596
24003,Anne Arundel Co.,Maryland,38.9769,-76.5864,396028,very high (>=10 psi),1.0000,1.0000,0.8075,0.9991,0.9877,0.9543,0.9784,0.9531,0.9858,0.9359,0.9860,0.9617,0.9773,0.9394,0.9822,0.9591,0.9570,0.8334,0.9993,0.9935,0.9806,0.9882,0.9878,0.9923,0.9857,0.9921,0.9844,0.9909,0.9914,0.9928,0.9794,0.9919
24009,Calvert Co.,Maryland,38.5374,-76.5964,40101,very high (>=10 psi),1.0000,1.0000,0.2351,0.5028,0.8786,0.4391,0.3836,0.4204,0.8625,0.3805,0.8033,0.8270,0.4114,0.3819,0.7991,0.2733,0.8435,0.4042,0.8538,0.9377,0.6033,0.7979,0.7807,0.9474,0.8230,0.9381,0.9412,0.5937,0.5911,0.9712,0.7013,0.9596
24013,Carroll Co.,Maryland,39.5387,-77.0123,106817,high (5-10 psi),0.0000,1.0000,0.4846,0.2885,0.1412,0.1271,0.1889,0.1642,0.1218,0.1281,0.1799,0.0807,0.2110,0.1351,0.1481,0.1841,0.1247,0.6146,0.7436,0.7385,0.8105,0.8072,0.9080,0.7041,0.8337,0.6944,0.8157,0.7108,0.8237,0.6724,0.7893,0.7565
24017,Charles Co.,Maryland,38.4846,-77.0524,84585,very high (>=10 psi),1.0000,1.0000,0.4188,0.7487,0.7612,0.3196,0.5965,0.3282,0.7529,0.3202,0.7457,0.5744,0.4446,0.2994,0.6985,0.3388,0.6389,0.5654,0.9552,0.9484,0.3512,0.9076,0.6039,0.9313,0.6824,0.8985,0.6197,0.8812,0.7100,0.9407,0.7617,0.9039
24019,Dorchester Co.,Maryland,38.4603,-76.0724,29855,medium (2-5 psi),0.0000,1.0000,0.1800,0.2932,0.1377,0.1928,0.1097,0.1249,0.1894,0.4570,0.0858,0.0634,0.1640,0.1227,0.1344,0.0554,0.2496,0.3440,0.6356,0.5735,0.2924,0.3047,0.4670,0.6252,0.4481,0.4970,0.1532,0.5558,0.4404,0.5327,0.4796,0.6213
24021,Frederick Co.,Maryland,39.4736,-77.3688,128502,very high (>=10 psi),1.0000,1.0000,0.5373,0.2530,0.2505,0.1653,0.2807,0.1913,0.2456,0.1150,0.2623,0.1142,0.2189,0.2122,0.1603,0.2101,0.1862,0.6521,0.6906,0.6645,0.7435,0.8747,0.8643,0.7545,0.8028,0.7708,0.7270,0.8195,0.8506,0.6378,0.7613,0.8351
24023,Garrett Co.,Maryland,39.4625,-79.2942,26831,low (0.5-2 psi),0.0000,0.0000,0.1627,0.1743,0.1562,0.0817,0.0767,0.1113,0.0704,0.0424,0.1296,0.0469,0.0944,0.1023,0.1103,0.0938,0.1439,0.3233,0.4542,0.3858,0.1055,0.3022,0.2297,0.3096,0.1440,0.4214,0.1194,0.3121,0.1023,0.3072,0.3796,0.2487
24027,Howard Co.,Maryland,39.2353,-76.8933,143815,high (5-10 psi),0.0000,1.0000,0.5690,0.5456,0.8126,0.6123,0.6996,0.5610,0.7583,0.5308,0.7717,0.5369,0.7387,0.5877,0.7715,0.6948,0.5103,0.6740,0.9132,0.9636,0.9337,0.9361,0.9609,0.9598,0.9456,0.9699,0.9394,0.9555,0.9696,0.9418,0.9580,0.9595
24031,Montgomery Co.,Maryland,39.1441,-77.2389,652945,very high (>=10 psi),1.0000,1.0000,0.8813,0.9423,0.9584,0.9780,0.9171,0.9391,0.9624,0.9603,0.9501,0.9794,0.9428,0.9844,0.9151,0.9351,0.9479,0.8856,0.9837,0.9827,0.9838,0.9751,0.9874,0.9807,0.9832,0.9829,0.9861,0.9840,0.9892,0.9734,0.9698,0.9853
24033,Prince George's Co.,Maryland,38.8275,-76.8459,683487,very high (>=10 psi),1.0000,1.0000,0.8866,0.9892,0.9930,0.9800,0.9841,0.9676,0.9882,0.9714,0.9888,0.9856,0.9849,0.9702,0.9914,0.9700,0.9775,0.8895,0.9928,0.9943,0.9822,0.9885,0.9852,0.9918,0.9873,0.9931,0.9851,0.9936,0.9904,0.9907,0.9790,0.9921
24037,St. Mary's Co.,Maryland,38.2764,-76.6089,64618,very high (>=10 psi),1.0000,1.0000,0.3463,0.9403,0.8985,0.2903,0.8678,0.2941,0.9021,0.4009,0.8717,0.7721,0.8745,0.1781,0.9113,0.8037,0.6965,0.5071,0.9404,0.9191,0.2875,0.8670,0.5186,0.9009,0.4193,0.8996,0.7835,0.8754,0.3011,0.9480,0.7581,0.8224
24039,Somerset Co.,Maryland,38.1057,-75.6989,19710,no (<0.5 psi),0.0000,0.0000,0.1202,0.3386,0.1881,0.1027,0.3588,0.1040,0.2094,0.3524,0.1643,0.0628,0.3115,0.3607,0.1490,0.2004,0.2959,0.2675,0.6036,0.4516,0.1834,0.3579,0.3287,0.3458,0.2608,0.3616,0.1651,0.3914,0.3551,0.3247,0.3191,0.4024
24041,Talbot Co.,Maryland,38.7604,-76.1636,27588,low (0.5-2 psi),0.0000,0.0000,0.1671,0.3992,0.2835,0.2572,0.3101,0.2942,0.2780,0.6723,0.1145,0.1714,0.4528,0.2725,0.2785,0.1762,0.4385,0.3287,0.8256,0.6864,0.4303,0.7085,0.6187,0.7396,0.7802,0.6391,0.3668,0.7254,0.5793,0.7263,0.5005,0.8054
24043,Washington Co.,Maryland,39.5220,-77.7204,115603,very high (>=10 psi),1.0000,1.0000,0.5072,0.8715,0.9036,0.2659,0.9085,0.2722,0.8987,0.3779,0.8542,0.1356,0.9221,0.4853,0.8681,0.8105,0.3825,0.6308,0.8914,0.9376,0.6072,0.9499,0.7277,0.9606,0.7814,0.9365,0.4289,0.9586,0.8772,0.8508,0.8376,0.9205
25001,Barnstable Co.,Massachusetts,41.7989,-69.9737,166578,very high (>=10 psi),1.0000,1.0000,0.5799,0.7995,0.5499,0.7528,0.4363,0.6606,0.6746,0.8199,0.3517,0.7806,0.5129,0.6724,0.5581,0.6559,0.7494,0.6903,0.8529,0.5746,0.6159,0.4985,0.5545,0.5331,0.7431,0.4205,0.6309,0.4384,0.3723,0.6378,0.6655,0.3404
25003,Berkshire Co.,Massachusetts,42.4072,-73.1976,140938,very high (>=10 psi),1.0000,1.0000,0.5802,0.6078,0.2130,0.3616,0.4903,0.3517,0.2253,0.4090,0.2840,0.1791,0.2882,0.3604,0.1943,0.3273,0.3650,0.6701,0.6650,0.5953,0.7507,0.5990,0.7307,0.5656,0.8221,0.5895,0.7342,0.5499,0.6089,0.4194,0.6081,0.7478
25005,Bristol Co.,Massachusetts,41.7963,-71.1773,482713,very high (>=10 psi),1.0000,1.0000,0.7918,0.8467,0.8579,0.9553,0.8436,0.9085,0.9106,0.9734,0.8406,0.9777,0.8787,0.9494,0.8769,0.8894,0.9336,0.8502,0.9274,0.9675,0.9758,0.9609,0.9753,0.9635,0.9843,0.9581,0.9739,0.9654,0.9481,0.9587,0.9614,0.9691
25007,Dukes Co.,Massachusetts,41.3921,-70.6201,10233,low (0.5-2 psi),0.0000,0.0000,0.0882,0.0718,0.0240,0.0592,0.0197,0.0356,0.0274,0.2310,0.0120,0.0213,0.0319,0.0788,0.0207,0.0255,0.0609,0.1612,0.2495,0.1167,0.1330,0.1003,0.1163,0.1240,0.2778,0.0793,0.1044,0.0971,0.1555,0.1415,0.1383,0.1280
25009,Essex Co.,Massachusetts,42.6502,-70.9191,657698,very high (>=10 psi),1.0000,1.0000,0.8363,0.8508,0.8391,0.9537,0.8094,0.9015,0.8571,0.9389,0.8125,0.9659,0.8263,0.9309,0.8341,0.8614,0.9207,0.8816,0.9262,0.9626,0.9574,0.9085,0.9452,0.9575,0.9765,0.9373,0.9674,0.9614,0.9267,0.9411,0.9493,0.9533
25011,Franklin Co.,Massachusetts,42.5190,-72.5626,64129,low (0.5-2 psi),0.0000,0.0000,0.3572,0.3017,0.3496,0.3795,0.0806,0.2588,0.4172,0.3941,0.3761,0.8695,0.1239,0.2076,0.4925,0.1316,0.5122,0.4908,0.4565,0.6209,0.7080,0.6407,0.5804,0.6723,0.7735,0.6476,0.8009,0.5474,0.4071,0.7824,0.7151,0.5778
25013,Hampden Co.,Massachusetts,42.1724,-72.6300,441973,very high (>=10 psi),1.0000,1.0000,0.7776,0.8337,0.8729,0.9682,0.9005,0.9393,0.9243,0.9634,0.9053,0.9791,0.9186,0.9529,0.8890,0.9131,0.9219,0.8401,0.8584,0.9632,0.9848,0.9677,0.9796,0.9732,0.9808,0.9628,0.9796,0.9617,0.9801,0.9678,0.9725,0.9765
25015,Hampshire Co.,Massachusetts,42.3735,-72.7155,140989,high (5-10 psi),0.0000,1.0000,0.5407,0.3703,0.4447,0.5637,0.4328,0.5231,0.5469,0.7655,0.4263,0.4994,0.4854,0.4720,0.5254,0.6526,0.5504,0.6582,0.6014,0.8185,0.6552,0.8755,0.7337,0.8659,0.8525,0.8409,0.5830,0.8310,0.7249,0.8727,0.8685,0.8196
25017,Middlesex Co.,Massachusetts,42.4461,-71.2885,1397037,very high (>=10 psi),1.0000,1.0000,0.9128,0.9135,0.8918,0.9585,0.8881,0.9469,0.8918,0.9688,0.9028,0.9782,0.9206,0.9497,0.9263,0.8710,0.9648,0.9352,0.9515,0.9838,0.9754,0.9643,0.9740,0.9749,0.9842,0.9692,0.9773,0.9750,0.9819,0.9757,0.9582,0.9761
25019,Nantucket Co.,Massachusetts,41.3140,-70.0214,5765,no (<0.5 psi),0.0000,0.0000,0.0530,0.0860,0.0123,0.0640,0.0121,0.0558,0.0256,0.1208,0.0072,0.0487,0.0156,0.0425,0.0199,0.0141,0.0616,0.1040,0.1638,0.0725,0.4490,0.0631,0.2962,0.0734,0.3408,0.0354,0.3702,0.0662,0.2402,0.1101,0.1320,0.1377
25021,Norfolk Co.,Massachusetts,42.1538,-71.2063,610211,very high (>=10 psi),1.0000,1.0000,0.8263,0.8314,0.9179,0.9436,0.8902,0.9387,0.9228,0.9619,0.9256,0.9751,0.9313,0.9637,0.9244,0.8855,0.9743,0.8746,0.8984,0.9698,0.9804,0.9514,0.9764,0.9500,0.9851,0.9460,0.9816,0.9564,0.9519,0.9720,0.9559,0.9647
25023,Plymouth Co.,Massachusetts,41.9703,-70.8634,418693,very high (>=10 psi),1.0000,1.0000,0.7686,0.7365,0.6918,0.8821,0.6935,0.7878,0.7123,0.8832,0.5197,0.7357,0.7324,0.8339,0.6762,0.7439,0.8460,0.8336,0.8897,0.9486,0.9625,0.8839,0.9478,0.9407,0.9794,0.8624,0.9680,0.9088,0.8860,0.9387,0.9462,0.9245
25025,Suffolk Co.,Massachusetts,42.3389,-71.0602,681538,very high (>=10 psi),1.0000,1.0000,0.8409,0.9841,0.9352,0.9570,0.8933,0.9561,0.9081,0.9467,0.9376,0.9657,0.9273,0.9563,0.9079,0.8739,0.9747,0.8849,0.9955,0.9644,0.9660,0.9393,0.9724,0.9524,0.9821,0.9421,0.9703,0.9599,0.9623,0.9688,0.9499,0.9706
25027,Worcester Co.,Massachusetts,42.3659,-71.9584,662239,medium (2-5 psi),0.0000,1.0000,0.8372,0.7188,0.7544,0.9044,0.8098,0.8770,0.8164,0.9182,0.7836,0.9203,0.8301,0.8755,0.8185,0.8610,0.8506,0.8823,0.8414,0.9736,0.9773,0.9666,0.9780,0.9726,0.9762,0.9583,0.9697,0.9527,0.9620,0.9637,0.9557,0.9684
26001,Alcona Co.,Michigan,44.6800,-83.5845,10012,low (0.5-2 psi),0.0000,0.0000,0.0865,0.0406,0.0269,0.0266,0.0369,0.0160,0.0351,0.0293,0.0300,0.0143,0.0362,0.0207,0.0309,0.0262,0.0164,0.1671,0.1556,0.0729,0.0856,0.1371,0.0435,0.0673,0.0518,0.0520,0.0828,0.0811,0.0354,0.0976,0.0968,0.0448
26003,Alger Co.,Michigan,46.3818,-86.7400,8944,low (0.5-2 psi),0.0000,0.0000,0.0526,0.0196,0.0096,0.1375,0.0138,0.0273,0.0138,0.0261,0.0120,0.1263,0.0087,0.0742,0.0073,0.0128,0.0180,0.1369,0.0410,0.0379,0.1382,0.0384,0.0443,0.0524,0.0617,0.0556,0.0833,0.0427,0.0858,0.0471,0.0352,0.0701
26007,Alpena Co.,Michigan,45.0316,-83.6676,30973,very high (>=10 psi),1.0000,1.0000,0.2194,0.1804,0.2052,0.3212,0.1662,0.3125,0.2421,0.4076,0.1997,0.2617,0.2126,0.2002,0.2969,0.2276,0.1586,0.3506,0.2726,0.2860,0.4963,0.2898,0.4066,0.3033,0.3558,0.2566,0.4869,0.2324,0.3196,0.2672,0.2775,0.3579
26009,Antrim Co.,Michigan,45.0089,-85.1159,16964,medium (2-5 psi),0.0000,1.0000,0.1354,0.0378,0.0565,0.0304,0.0523,0.0229,0.0434,0.0466,0.0435,0.0231,0.0732,0.0398,0.0361,0.0534,0.0321,0.2503,0.0931,0.1055,0.1399,0.2309,0.2101,0.1177,0.1421,0.1194,0.1148,0.0986,0.0500,0.1157,0.2133,0.0548
26011,Arenac Co.,Michigan,44.0412,-83.9174,14536,low (0.5-2 psi),0.0000,0.0000,0.1190,0.0299,0.0247,0.0404,0.0412,0.0223,0.0389,0.0628,0.0218,0.0381,0.0446,0.0434,0.0290,0.0290,0.0320,0.2233,0.1446,0.2569,0.1439,0.2291,0.1331,0.2197,0.1235,0.2133,0.1353,0.2699,0.1836,0.1821,0.1594,0.1918
26013,Baraga Co.,Michigan,46.7012,-88.3350,8196,no (<0.5 psi),0.0000,0.0000,0.0478,0.0298,0.0093,0.0880,0.0133,0.0384,0.0112,0.0164,0.0155,0.0526,0.0091,0.0397,0.0067,0.0134,0.0112,0.1270,0.0596,0.0390,0.0858,0.0255,0.0660,0.0530,0.0386,0.0576,0.0662,0.0443,0.0485,0.0222,0.0224,0.0680
26017,Bay Co.,Michigan,43.7094,-84.0494,115017,very high (>=10 psi),1.0000,1.0000,0.4923,0.4363,0.6638,0.6361,0.4535,0.6344,0.7251,0.5964,0.6858,0.8751,0.3597,0.6030,0.7277,0.4482,0.7938,0.6797,0.7534,0.9372,0.8166,0.7826,0.8406,0.9448,0.7982,0.9510,0.9594,0.8631,0.9481,0.9501,0.7788,0.9430
26019,Benzie Co.,Michigan,44.6454,-86.0338,11475,no (<0.5 psi),0.0000,0.0000,0.0974,0.0272,0.0344,0.0441,0.0443,0.0232,0.0310,0.0276,0.0318,0.0320,0.0541,0.0280,0.0272,0.0452,0.0229,0.1862,0.0633,0.0234,0.1011,0.0621,0.0842,0.0310,0.0604,0.0262,0.1068,0.0323,0.0202,0.0567,0.0701,0.0164
26029,Charlevoix Co.,Michigan,45.2427,-85.0587,19837,very high (>=10 psi),1.0000,1.0000,0.1538,0.0450,0.0790,0.1060,0.1064,0.0636,0.0718,0.0473,0.0751,0.0638,0.1273,0.0714,0.0617,0.1151,0.0475,0.2797,0.1035,0.1032,0.1368,0.1904,0.1357,0.1178,0.0810,0.1551,0.1072,0.1498,0.0707,0.1130,0.1915,0.0701
26031,Cheboygan Co.,Michigan,45.5290,-84.4901,20620,no (<0.5 psi),0.0000,0.0000,0.1549,0.0730,0.1487,0.1155,0.0691,0.1154,0.2026,0.1033,0.1758,0.0815,0.1324,0.1318,0.0965,0.1264,0.1025,0.2655,0.1104,0.4800,0.3465,0.4657,0.3074,0.4414,0.3081,0.5545,0.2443,0.5744,0.3951,0.4207,0.5048,0.3241
26033,Chippewa Co.,Michigan,46.3546,-84.6835,29950,very high (>=10 psi),1.0000,1.0000,0.2134,0.1580,0.0736,0.3022,0.0737,0.0435,0.1566,0.1731,0.0814,0.1651,0.0965,0.1162,0.0982,0.1167,0.0714,0.3664,0.3773,0.5110,0.5413,0.2927,0.2703,0.5641,0.5924,0.4029,0.4969,0.5634,0.5585,0.3137,0.3196,0.6401
26035,Clare Co.,Michigan,43.9877,-84.8475,23972,no (<0.5 psi),0.0000,0.0000,0.1787,0.0531,0.0609,0.0483,0.1074,0.0270,0.0914,0.0412,0.0648,0.0546,0.1085,0.1763,0.0569,0.0671,0.0610,0.3180,0.1686,0.1930,0.0916,0.2365,0.1352,0.1718,0.0962,0.2446,0.1202,0.2115,0.2812,0.1497,0.1866,0.1625
26037,Clinton Co.,Michigan,42.9469,-84.6014,55647,medium (2-5 psi),0.0000,1.0000,0.3351,0.0531,0.0582,0.0730,0.1118,0.0728,0.0824,0.1601,0.0985,0.0563,0.0608,0.0945,0.1461,0.1219,0.0880,0.4903,0.2507,0.3290,0.3230,0.2847,0.2758,0.2840,0.4349,0.4272,0.2328,0.3966,0.4314,0.4183,0.3167,0.3676
26039,Crawford Co.,Michigan,44.6830,-84.6100,10628,low (0.5-2 psi),0.0000,0.0000,0.0911,0.0269,0.0133,0.0321,0.0164,0.0267,0.0148,0.0330,0.0162,0.0246,0.0295,0.0297,0.0125,0.0224,0.0170,0.1752,0.0904,0.0477,0.1816,0.1534,0.1885,0.0482,0.0890,0.0362,0.1481,0.0527,0.0482,0.0613,0.0947,0.0351
26041,Delta Co.,Michigan,45.8524,-87.0543,38642,low (0.5-2 psi),0.0000,0.0000,0.2554,0.2704,0.4840,0.2704,0.3117,0.1868,0.3783,0.4896,0.4372,0.3309,0.4312,0.5586,0.3486,0.2630,0.4506,0.4252,0.6544,0.4356,0.5343,0.2953,0.3818,0.5351,0.5247,0.5226,0.5489,0.4860,0.6440,0.3832,0.3252,0.4500
26043,Dickinson Co.,Michigan,45.9539,-87.8670,26564,low (0.5-2 psi),0.0000,0.0000,0.1612,0.1061,0.0535,0.1214,0.0623,0.0632,0.0835,0.0952,0.0531,0.1401,0.0503,0.1335,0.0493,0.0625,0.0580,0.3169,0.1601,0.1347,0.1800,0.2077,0.1671,0.1946,0.1189,0.2128,0.3364,0.2100,0.1388,0.1848,0.2011,0.1208
26047,Emmet Co.,Michigan,45.5135,-84.9181,23621,medium (2-5 psi),0.0000,1.0000,0.1767,0.0613,0.1690,0.1531,0.1316,0.0499,0.0985,0.0691,0.1862,0.0912,0.2252,0.1999,0.0645,0.1757,0.0821,0.3149,0.1567,0.1637,0.2270,0.2064,0.1147,0.1922,0.2511,0.1964,0.1946,0.1934,0.2026,0.2197,0.2148,0.1684
26049,Genesee Co.,Michigan,42.9951,-83.6937,431268,medium (2-5 psi),0.0000,1.0000,0.8037,0.4120,0.8179,0.9121,0.9029,0.8331,0.8385,0.9132,0.8438,0.9198,0.8680,0.9057,0.8520,0.9424,0.7764,0.8787,0.6702,0.9653,0.9920,0.9811,0.9865,0.9732,0.9781,0.9782,0.9915,0.9756,0.9851,0.9811,0.9871,0.9535
26051,Gladwin Co.,Michigan,43.9127,-84.3866,20841,low (0.5-2 psi),0.0000,0.0000,0.1600,0.0603,0.0350,0.0450,0.0431,0.0293,0.0334,0.0670,0.0368,0.0595,0.0653,0.0792,0.0354,0.0386,0.0526,0.2894,0.2604,0.3742,0.3989,0.4384,0.3796,0.3278,0.3852,0.3763,0.3361,0.4018,0.5046,0.3989,0.2853,0.4222
26053,Gogebic Co.,Michigan,46.4314,-89.7644,19246,no (<0.5 psi),0.0000,0.0000,0.1174,0.0810,0.0310,0.1637,0.0365,0.0895,0.0459,0.1656,0.0308,0.1539,0.0366,0.0543,0.0309,0.0286,0.0433,0.2524,0.1091,0.0548,0.3066,0.0562,0.2552,0.0408,0.2382,0.0353,0.3591,0.0411,0.0778,0.0751,0.0617,0.0666
26055,Grand Traverse Co.,Michigan,44.7544,-85.6915,58601,no (<0.5 psi),0.0000,0.0000,0.3378,0.1487,0.2749,0.5385,0.3074,0.4531,0.1968,0.4493,0.2799,0.4871,0.3096,0.3297,0.2451,0.3122,0.1789,0.5252,0.2101,0.1452,0.7581,0.4459,0.6218,0.2083,0.6387,0.1556,0.7413,0.1821,0.1636,0.3823,0.4757,0.1083
26057,Gratiot Co.,Michigan,43.2102,-84.6021,39123,very high (>=10 psi),1.0000,1.0000,0.2577,0.0853,0.2329,0.4452,0.1447,0.1368,0.2175,0.2525,0.1057,0.1988,0.2808,0.2404,0.1439,0.1794,0.0822,0.4281,0.2283,0.3575,0.5422,0.3249,0.3920,0.4581,0.5653,0.3250,0.5464,0.4659,0.5806,0.4034,0.4703,0.3073
26061,Houghton Co.,Michigan,46.8951,-88.7423,36826,very high (>=10 psi),1.0000,1.0000,0.2181,0.1709,0.0742,0.2714,0.0544,0.1489,0.0679,0.2088,0.0923,0.1739,0.0576,0.1557,0.0438,0.0725,0.1088,0.3903,0.1931,0.1678,0.5224,0.1110,0.3793,0.2377,0.3566,0.2304,0.4754,0.1990,0.3279,0.1555,0.1564,0.3109
26063,Huron Co.,Michigan,43.8627,-83.0031,36076,no (<0.5 psi),0.0000,0.0000,0.2432,0.1697,0.2159,0.1286,0.1193,0.0842,0.2161,0.2210,0.2427,0.1605,0.1688,0.2959,0.1679,0.1223,0.2697,0.4090,0.3628,0.3040,0.1193,0.2156,0.1315,0.3144,0.2419,0.2617,0.1428,0.3269,0.3588,0.2310,0.1678,0.2894
26065,Ingham Co.,Michigan,42.6617,-84.3761,271718,very high (>=10 psi),1.0000,1.0000,0.7185,0.8045,0.8600,0.7611,0.9515,0.9152,0.7177,0.7289,0.9333,0.7135,0.9070,0.8627,0.8849,0.7830,0.8516,0.8213,0.9110,0.9399,0.9774,0.9550,0.9813,0.9179,0.9225,0.9629,0.9521,0.9575,0.9668,0.9699,0.9301,0.9234
26069,Iosco Co.,Michigan,44.3350,-83.6103,30104,very high (>=10 psi),1.0000,1.0000,0.2128,0.4084,0.6861,0.1340,0.6328,0.0573,0.6539,0.1914,0.6129,0.1127,0.6581,0.1510,0.7287,0.5453,0.1734,0.3675,0.6952,0.7226,0.3005,0.8187,0.2476,0.7027,0.3048,0.6979,0.2826,0.7174,0.3839,0.7960,0.7249,0.3370
26071,Iron Co.,Michigan,46.1720,-88.5538,13820,no (<0.5 psi),0.0000,0.0000,0.0835,0.0496,0.0105,0.0298,0.0160,0.0215,0.0186,0.0482,0.0084,0.0204,0.0106,0.0232,0.0118,0.0081,0.0182,0.1959,0.0716,0.0255,0.0662,0.0324,0.0356,0.0183,0.0714,0.0185,0.0747,0.0201,0.0239,0.0385,0.0202,0.0230
26073,Isabella Co.,Michigan,43.6399,-84.8468,53419,medium (2-5 psi),0.0000,1.0000,0.3183,0.1062,0.1606,0.2251,0.1485,0.2164,0.1871,0.3651,0.1329,0.2065,0.1730,0.2474,0.1364,0.1724,0.2108,0.5028,0.2428,0.3246,0.4199,0.3914,0.3236,0.3848,0.5235,0.3841,0.3893,0.3283,0.3650,0.3673,0.3282,0.3581
26079,Kalkaska Co.,Michigan,44.6626,-85.0914,12229,no (<0.5 psi),0.0000,0.0000,0.1028,0.0309,0.0301,0.0485,0.0313,0.0268,0.0413,0.0531,0.0308,0.0481,0.0574,0.0768,0.0238,0.0366,0.0306,0.1957,0.1016,0.0431,0.1133,0.1401,0.1243,0.0500,0.1076,0.0445,0.1144,0.0533,0.0295,0.0962,0.1372,0.0205
26083,Keweenaw Co.,Michigan,47.3404,-88.1990,2045,medium (2-5 psi),0.0000,1.0000,0.0102,0.0052,0.0134,0.0417,0.0211,0.0297,0.0213,0.0256,0.0267,0.0450,0.0149,0.0503,0.0170,0.0334,0.0200,0.0357,0.0099,0.0772,0.0989,0.0477,0.0832,0.0670,0.0799,0.1004,0.1452,0.0887,0.1010,0.0818,0.0782,0.0790
26085,Lake Co.,Michigan,43.9900,-85.8019,8192,no (<0.5 psi),0.0000,0.0000,0.0726,0.0194,0.0172,0.0185,0.0160,0.0194,0.0180,0.0546,0.0147,0.0147,0.0328,0.0397,0.0116,0.0195,0.0342,0.1418,0.0760,0.0660,0.0835,0.0447,0.1158,0.0867,0.0785,0.0745,0.0810,0.0957,0.0604,0.0509,0.0578,0.0926
26087,Lapeer Co.,Michigan,43.0939,-83.2265,69362,low (0.5-2 psi),0.0000,0.0000,0.3870,0.0773,0.0890,0.1388,0.0987,0.1130,0.0659,0.1695,0.1088,0.1739,0.0834,0.1111,0.1194,0.2298,0.0707,0.5445,0.2022,0.4195,0.3836,0.4209,0.3695,0.4115,0.3968,0.5111,0.4169,0.4113,0.3609,0.5809,0.5767,0.2554
26089,Leelanau Co.,Michigan,44.9957,-85.6875,15115,no (<0.5 psi),0.0000,0.0000,0.1230,0.0310,0.0777,0.2470,0.1119,0.0909,0.0641,0.1333,0.0580,0.2126,0.0594,0.0925,0.0641,0.1953,0.0370,0.2300,0.0733,0.0584,0.2637,0.2284,0.2470,0.0689,0.2508,0.0627,0.2297,0.0815,0.0410,0.1838,0.1962,0.0250
26093,Livingston Co.,Michigan,42.6213,-83.9124,101723,low (0.5-2 psi),0.0000,0.0000,0.4830,0.1086,0.1090,0.1773,0.1068,0.0646,0.0951,0.0774,0.0978,0.1317,0.0831,0.1260,0.1483,0.2029,0.0595,0.6355,0.4394,0.5558,0.4926,0.4659,0.3859,0.4537,0.4131,0.5708,0.6014,0.5530,0.5359,0.6413,0.5618,0.4182
26095,Luce Co.,Michigan,46.3751,-85.5515,5830,no (<0.5 psi),0.0000,0.0000,0.0463,0.0290,0.0148,0.1016,0.0077,0.0157,0.0111,0.0229,0.0070,0.0791,0.0090,0.0353,0.0098,0.0115,0.0114,0.1063,0.0652,0.0679,0.2319,0.0425,0.1191,0.0779,0.0988,0.0695,0.2204,0.0606,0.2934,0.0439,0.0450,0.1010
26097,Mackinac Co.,Michigan,46.0450,-84.9081,10289,low (0.5-2 psi),0.0000,0.0000,0.0811,0.0303,0.0124,0.0229,0.0095,0.0082,0.0132,0.0126,0.0087,0.0206,0.0122,0.0149,0.0084,0.0144,0.0087,0.1708,0.1196,0.1020,0.0860,0.0323,0.0452,0.1203,0.0557,0.0998,0.0719,0.0927,0.1040,0.0313,0.0517,0.0829
26099,Macomb Co.,Michigan,42.6691,-82.9232,693630,very high (>=10 psi),1.0000,1.0000,0.8694,0.6791,0.8976,0.9625,0.8788,0.9294,0.9136,0.9162,0.8965,0.9777,0.9003,0.9450,0.8632,0.9525,0.9002,0.9205,0.7618,0.9689,0.9850,0.9685,0.9679,0.9717,0.9765,0.9737,0.9833,0.9718,0.9713,0.9623,0.9707,0.9629
26101,Manistee Co.,Michigan,44.3163,-86.0559,21890,no (<0.5 psi),0.0000,0.0000,0.1664,0.0924,0.2041,0.1079,0.1504,0.0580,0.1747,0.1119,0.1285,0.1553,0.1988,0.0857,0.1756,0.0730,0.1249,0.2993,0.1509,0.0699,0.1482,0.0784,0.0898,0.0577,0.1388,0.0490,0.1825,0.0534,0.0601,0.1284,0.1114,0.0579
26103,Marquette Co.,Michigan,46.4541,-87.6157,72088,very high (>=10 psi),1.0000,1.0000,0.3751,0.8583,0.9042,0.6410,0.8775,0.4493,0.9117,0.6537,0.8712,0.5795,0.8464,0.3420,0.8874,0.9146,0.2121,0.5539,0.9035,0.7971,0.7040,0.8579,0.6839,0.8121,0.7315,0.7986,0.7356,0.8357,0.4250,0.8854,0.8756,0.4144
26105,Mason Co.,Michigan,44.0068,-86.2643,25857,no (<0.5 psi),0.0000,0.0000,0.1896,0.2044,0.7624,0.0914,0.1404,0.0615,0.6518,0.2477,0.6614,0.6442,0.2682,0.1540,0.5716,0.0791,0.6579,0.3341,0.3256,0.7288,0.1208,0.1353,0.1122,0.7158,0.1481,0.6898,0.8345,0.1638,0.1715,0.8512,0.1318,0.7552
26107,Mecosta Co.,Michigan,43.6410,-85.3245,36442,no (<0.5 psi),0.0000,0.0000,0.2449,0.0879,0.1945,0.1400,0.2030,0.1027,0.2001,0.3827,0.0994,0.1008,0.2020,0.2261,0.1636,0.1346,0.1295,0.4114,0.1868,0.1924,0.4550,0.2000,0.3161,0.1850,0.4282,0.1940,0.2469,0.2452,0.2298,0.2603,0.2734,0.1675
26109,Menominee Co.,Michigan,45.5440,-87.5368,26057,no (<0.5 psi),0.0000,0.0000,0.1907,0.1508,0.2047,0.1019,0.1261,0.0814,0.2512,0.1851,0.1744,0.1039,0.2755,0.2743,0.1183,0.1306,0.2427,0.3357,0.3080,0.2295,0.2148,0.1321,0.1132,0.2069,0.1845,0.1818,0.2322,0.2481,0.2514,0.1534,0.1625,0.2330
26111,Midland Co.,Michigan,43.6912,-84.3870,72492,medium (2-5 psi),0.0000,1.0000,0.3845,0.2313,0.0505,0.2845,0.0872,0.2078,0.0588,0.2084,0.0680,0.1506,0.0695,0.3418,0.0571,0.0831,0.0745,0.5760,0.5744,0.3434,0.4104,0.2787,0.3906,0.2888,0.3471,0.3044,0.3669,0.3843,0.5310,0.3874,0.2406,0.3434
26113,Missaukee Co.,Michigan,44.2937,-85.0952,11001,no (<0.5 psi),0.0000,0.0000,0.0939,0.0260,0.0228,0.0491,0.0255,0.0439,0.0230,0.0432,0.0184,0.0541,0.0309,0.0629,0.0162,0.0293,0.0327,0.1801,0.0866,0.0621,0.1281,0.1861,0.2243,0.0570,0.0788,0.0660,0.1452,0.0854,0.0483,0.0935,0.1174,0.0574
26117,Montcalm Co.,Michigan,43.2933,-85.0788,50097,very high (>=10 psi),1.0000,1.0000,0.3052,0.1139,0.1123,0.1669,0.1557,0.1688,0.1293,0.2125,0.0802,0.1089,0.1033,0.1124,0.1367,0.1701,0.0593,0.4873,0.2895,0.3154,0.5953,0.3779,0.6376,0.3097,0.3006,0.3086,0.5238,0.3048,0.5085,0.2977,0.4377,0.2799
26119,Montmorency Co.,Michigan,44.9433,-84.1298,7961,no (<0.5 psi),0.0000,0.0000,0.0707,0.0178,0.0097,0.0196,0.0106,0.0170,0.0117,0.0236,0.0117,0.0156,0.0194,0.0300,0.0086,0.0100,0.0160,0.1385,0.0709,0.0617,0.0507,0.0574,0.0591,0.0699,0.0404,0.0468,0.0505,0.0656,0.0411,0.0281,0.0417,0.0494
26121,Muskegon Co.,Michigan,43.3323,-86.2207,155654,no (<0.5 psi),0.0000,0.0000,0.5640,0.2110,0.5363,0.7259,0.6716,0.8488,0.5811,0.8526,0.5724,0.7136,0.7138,0.6896,0.4720,0.7020,0.7190,0.7398,0.4409,0.6099,0.8162,0.5498,0.7856,0.6757,0.8700,0.6555,0.7883,0.6502,0.7950,0.6878,0.7999,0.7760
26123,Newaygo Co.,Michigan,43.6412,-85.8006,36041,no (<0.5 psi),0.0000,0.0000,0.2430,0.0947,0.2232,0.1124,0.1875,0.1392,0.1937,0.3980,0.1296,0.1401,0.1979,0.1197,0.2247,0.1791,0.1310,0.4088,0.2398,0.1268,0.2027,0.1216,0.2862,0.1509,0.3611,0.1299,0.2623,0.1469,0.0799,0.2873,0.2590,0.1382
26125,Oakland Co.,Michigan,42.5681,-83.3815,1020273,very high (>=10 psi),1.0000,1.0000,0.9081,0.7531,0.8986,0.9607,0.9015,0.9393,0.9517,0.8851,0.8974,0.9756,0.8776,0.9337,0.8658,0.9597,0.9194,0.9443,0.9000,0.9675,0.9840,0.9569,0.9832,0.9584,0.9804,0.9719,0.9797,0.9675,0.9727,0.9664,0.9742,0.9581
26127,Oceana Co.,Michigan,43.6391,-86.2897,21981,no (<0.5 psi),0.0000,0.0000,0.1669,0.0434,0.1963,0.1173,0.1813,0.1043,0.1827,0.2956,0.1597,0.1152,0.3113,0.1456,0.1445,0.1427,0.1594,0.3001,0.1306,0.1325,0.3769,0.1666,0.3142,0.1327,0.4813,0.1385,0.3401,0.1896,0.1753,0.2713,0.4052,0.2016
26129,Ogemaw Co.,Michigan,44.2771,-84.1263,17245,very high (>=10 psi),1.0000,1.0000,0.1372,0.0386,0.0690,0.0374,0.0668,0.0223,0.0630,0.0554,0.0727,0.0342,0.1088,0.1218,0.0284,0.0377,0.0489,0.2533,0.1419,0.2443,0.1596,0.3220,0.1605,0.2329,0.1400,0.2200,0.1384,0.2617,0.3424,0.1323,0.1734,0.2070
26131,Ontonagon Co.,Michigan,46.7226,-89.3635,9194,no (<0.5 psi),0.0000,0.0000,0.0541,0.0457,0.0160,0.0530,0.0145,0.0329,0.0176,0.0660,0.0144,0.0477,0.0104,0.0421,0.0101,0.0105,0.0223,0.1401,0.0651,0.0502,0.0347,0.0333,0.0494,0.0603,0.1170,0.0530,0.0311,0.0457,0.0394,0.0388,0.0273,0.0992
26133,Osceola Co.,Michigan,43.9899,-85.3257,19714,no (<0.5 psi),0.0000,0.0000,0.1530,0.0516,0.0615,0.0662,0.0889,0.0549,0.0583,0.0603,0.0724,0.0647,0.1082,0.1080,0.0405,0.0648,0.0571,0.2785,0.1442,0.1646,0.2701,0.2622,0.2023,0.1484,0.2063,0.1932,0.2242,0.1709,0.1724,0.1738,0.2649,0.1272
26135,Oscoda Co.,Michigan,44.6819,-84.1293,7178,low (0.5-2 psi),0.0000,0.0000,0.0645,0.0212,0.0158,0.0123,0.0164,0.0092,0.0166,0.0136,0.0147,0.0122,0.0223,0.0160,0.0116,0.0096,0.0110,0.1270,0.0797,0.0353,0.0495,0.0995,0.0739,0.0318,0.0334,0.0237,0.0531,0.0490,0.0199,0.0480,0.0549,0.0209
26137,Otsego Co.,Michigan,44.9439,-84.6095,15773,low (0.5-2 psi),0.0000,0.0000,0.1274,0.0461,0.0492,0.0379,0.0515,0.0256,0.0269,0.0452,0.0451,0.0262,0.0687,0.0380,0.0260,0.0451,0.0309,0.2373,0.1353,0.0829,0.2023,0.1535,0.1719,0.1035,0.1637,0.0893,0.1467,0.1111,0.0634,0.0789,0.1653,0.0591
26141,Presque Isle Co.,Michigan,45.4052,-83.9761,13806,low (0.5-2 psi),0.0000,0.0000,0.1073,0.0389,0.0756,0.0499,0.0282,0.0478,0.0766,0.1129,0.0330,0.0422,0.0619,0.0490,0.0400,0.0351,0.0548,0.1957,0.0855,0.1473,0.1059,0.0802,0.1109,0.1657,0.1305,0.1131,0.1303,0.0915,0.1050,0.1060,0.1051,0.2188
26143,Roscommon Co.,Michigan,44.2918,-84.6113,17818,medium (2-5 psi),0.0000,1.0000,0.1409,0.0442,0.0550,0.1158,0.0613,0.0484,0.0380,0.0720,0.0496,0.1032,0.0592,0.0771,0.0395,0.0518,0.0344,0.2593,0.1380,0.1219,0.1913,0.2859,0.2524,0.1129,0.1649,0.1262,0.1871,0.1635,0.1549,0.1303,0.1690,0.0845
26145,Saginaw Co.,Michigan,43.3437,-84.0332,215040,medium (2-5 psi),0.0000,1.0000,0.6377,0.3401,0.3695,0.5509,0.6632,0.6440,0.4923,0.6960,0.3084,0.4090,0.5626,0.6092,0.3101,0.6314,0.6612,0.7953,0.7154,0.8964,0.7993,0.8557,0.8625,0.9270,0.8642,0.9198,0.6996,0.9063,0.9339,0.8431,0.8834,0.8811
26147,St. Clair Co.,Michigan,42.8603,-82.6031,138207,very high (>=10 psi),1.0000,1.0000,0.5611,0.3435,0.5533,0.4762,0.5209,0.3398,0.6005,0.2371,0.6223,0.6102,0.3653,0.6241,0.4890,0.4542,0.6700,0.7023,0.5741,0.8501,0.8883,0.8355,0.6823,0.7956,0.7072,0.8574,0.7553,0.8354,0.8663,0.7703,0.7489,0.7991
26151,Sanilac Co.,Michigan,43.4504,-82.8280,39544,no (<0.5 psi),0.0000,0.0000,0.2596,0.1166,0.0688,0.1461,0.1067,0.0596,0.1308,0.2188,0.0933,0.1329,0.0915,0.1618,0.0643,0.1627,0.0776,0.4306,0.2772,0.2380,0.2577,0.1788,0.1771,0.3061,0.3484,0.1815,0.2101,0.2300,0.3454,0.3370,0.2149,0.2480
26153,Schoolcraft Co.,Michigan,46.1001,-86.1772,8397,no (<0.5 psi),0.0000,0.0000,0.0491,0.0340,0.0161,0.1898,0.0160,0.0430,0.0209,0.0591,0.0116,0.1551,0.0184,0.1825,0.0160,0.0137,0.0294,0.1297,0.0625,0.0456,0.2451,0.0335,0.0427,0.0671,0.1092,0.0478,0.1097,0.0637,0.1055,0.0504,0.0264,0.0886
26155,Shiawassee Co.,Michigan,42.8687,-84.1456,69050,low (0.5-2 psi),0.0000,0.0000,0.3859,0.0710,0.1975,0.3500,0.2357,0.1746,0.1614,0.2099,0.1723,0.2815,0.1624,0.3050,0.2701,0.2846,0.1346,0.5434,0.3156,0.5568,0.8850,0.6020,0.6693,0.6229,0.8460,0.6555,0.8670,0.6522,0.8198,0.7289,0.6757,0.5619
26157,Tuscola Co.,Michigan,43.4031,-83.4024,55151,low (0.5-2 psi),0.0000,0.0000,0.3250,0.1400,0.1993,0.3129,0.1244,0.2414,0.1839,0.5247,0.1070,0.2786,0.2275,0.3524,0.2150,0.1978,0.2528,0.5106,0.3381,0.4074,0.4318,0.1981,0.2799,0.4351,0.5839,0.3084,0.4194,0.4136,0.5279,0.3751,0.2549,0.3932
26161,Washtenaw Co.,Michigan,42.2576,-83.8372,262568,very high (>=10 psi),1.0000,1.0000,0.7114,0.2654,0.3787,0.5711,0.3905,0.6501,0.5357,0.5310,0.5254,0.6371,0.3879,0.5609,0.4664,0.5780,0.3939,0.8162,0.6291,0.8097,0.9174,0.8902,0.9343,0.8791,0.9273,0.8556,0.8715,0.8923,0.9056,0.8288,0.8937,0.8396
26163,Wayne Co.,Michigan,42.2497,-83.3314,2172791,very high (>=10 psi),1.0000,1.0000,0.9554,0.9173,0.8798,0.9172,0.8790,0.9152,0.9477,0.8967,0.8983,0.9601,0.8676,0.9094,0.8737,0.9532,0.9215,0.9727,0.9450,0.9620,0.9890,0.9592,0.9822,0.9556,0.9818,0.9767,0.9741,0.9669,0.9858,0.9486,0.9728,0.9683
26165,Wexford Co.,Michigan,44.2699,-85.5787,25965,no (<0.5 psi),0.0000,0.0000,0.1902,0.1012,0.1727,0.0869,0.1471,0.0663,0.1207,0.0627,0.1293,0.0542,0.1953,0.1038,0.1205,0.1043,0.0641,0.3350,0.1836,0.0733,0.1259,0.1353,0.1330,0.0558,0.1207,0.0657,0.1174,0.0722,0.0458,0.1343,0.1443,0.0508
27001,Aitkin Co.,Minnesota,46.5915,-93.4161,13072,no (<0.5 psi),0.0000,0.0000,0.0788,0.1032,0.0197,0.1749,0.0556,0.1488,0.0246,0.4226,0.0182,0.1780,0.0329,0.0663,0.0211,0.0089,0.1032,0.2077,0.2139,0.0634,0.2799,0.0879,0.2118,0.0865,0.2496,0.0380,0.3295,0.0532,0.2004,0.0682,0.0392,0.2207
27003,Anoka Co.,Minnesota,45.2230,-93.2409,213359,high (5-10 psi),0.0000,1.0000,0.6744,0.7169,0.9132,0.5989,0.9454,0.8910,0.8419,0.7244,0.9270,0.5014,0.9311,0.8612,0.7717,0.7824,0.8778,0.7447,0.7468,0.9309,0.9464,0.9560,0.9713,0.8956,0.8627,0.9414,0.9326,0.9385,0.9523,0.9068,0.8865,0.9344
27005,Becker Co.,Minnesota,46.8913,-95.6687,28240,no (<0.5 psi),0.0000,0.0000,0.2032,0.4744,0.0680,0.1246,0.1517,0.1603,0.1039,0.2091,0.0636,0.0724,0.0810,0.0834,0.0971,0.1071,0.2577,0.3437,0.5896,0.2572,0.3151,0.4418,0.2835,0.3097,0.4721,0.2682,0.3157,0.2401,0.3228,0.4350,0.3789,0.2746
27007,Beltrami Co.,Minnesota,47.9805,-94.8395,33011,no (<0.5 psi),0.0000,0.0000,0.1976,0.4126,0.1505,0.3930,0.2245,0.2293,0.1722,0.5280,0.0675,0.2431,0.1487,0.1595,0.2816,0.3460,0.1544,0.3759,0.5686,0.2406,0.5240,0.4006,0.3711,0.3505,0.6153,0.2161,0.5367,0.2824,0.2249,0.5011,0.3679,0.2992
27009,Benton Co.,Minnesota,45.6911,-93.9842,26821,no (<0.5 psi),0.0000,0.0000,0.1627,0.1626,0.1626,0.1672,0.3978,0.4173,0.1125,0.1987,0.1277,0.1527,0.2972,0.2592,0.0897,0.1374,0.2128,0.3233,0.2762,0.2098,0.1917,0.2923,0.5251,0.1874,0.2312,0.1541,0.2194,0.2586,0.3223,0.1867,0.1284,0.3506
27011,Big Stone Co.,Minnesota,45.3809,-96.3292,7184,no (<0.5 psi),0.0000,0.0000,0.0722,0.1209,0.0128,0.0302,0.0106,0.0276,0.0073,0.0067,0.0177,0.0471,0.0080,0.0252,0.0078,0.0079,0.0151,0.1270,0.1286,0.0106,0.0310,0.0247,0.0285,0.0147,0.0259,0.0169,0.0325,0.0104,0.0270,0.0121,0.0145,0.0233
27013,Blue Earth Co.,Minnesota,43.9783,-94.0682,52899,no (<0.5 psi),0.0000,0.0000,0.3229,0.2224,0.0673,0.3593,0.0786,0.3725,0.0640,0.1055,0.0590,0.2764,0.0388,0.3131,0.0610,0.0930,0.1544,0.5005,0.3637,0.0596,0.2855,0.1352,0.3011,0.0829,0.1902,0.0876,0.2957,0.0818,0.2273,0.1656,0.1272,0.1181
27015,Brown Co.,Minnesota,44.3030,-94.6520,28111,no (<0.5 psi),0.0000,0.0000,0.2118,0.1674,0.0423,0.1255,0.0498,0.2091,0.0407,0.0439,0.0340,0.1090,0.0317,0.1674,0.0472,0.0620,0.0619,0.3523,0.2542,0.0558,0.1098,0.0915,0.1192,0.0537,0.0937,0.0674,0.1083,0.0492,0.1199,0.1152,0.0749,0.0689
27017,Carlton Co.,Minnesota,46.5063,-92.6735,29385,very high (>=10 psi),1.0000,1.0000,0.1773,0.2331,0.0516,0.2412,0.0337,0.1247,0.0553,0.1507,0.0499,0.2546,0.0517,0.1576,0.0706,0.0429,0.1163,0.3518,0.3535,0.0935,0.5190,0.0835,0.2712,0.0999,0.3307,0.0887,0.5087,0.0588,0.3426,0.1099,0.0615,0.2351
27019,Carver Co.,Minnesota,44.8477,-93.7656,40208,medium (2-5 psi),0.0000,1.0000,0.2357,0.2011,0.2799,0.1872,0.3561,0.3505,0.2688,0.3336,0.1257,0.0833,0.2539,0.1746,0.1585,0.2464,0.2898,0.4048,0.3481,0.3301,0.6742,0.3402,0.8063,0.3315,0.4147,0.3819,0.5995,0.3692,0.7251,0.2929,0.3775,0.4658
27021,Cass Co.,Minnesota,46.8913,-94.2172,21520,no (<0.5 psi),0.0000,0.0000,0.1313,0.2111,0.0383,0.1982,0.0576,0.1490,0.0449,0.2823,0.0334,0.1553,0.0621,0.1069,0.0423,0.0323,0.0725,0.2909,0.3909,0.1098,0.4534,0.1599,0.3128,0.1518,0.5560,0.0996,0.4941,0.0992,0.3075,0.1752,0.1251,0.3124
27023,Chippewa Co.,Minnesota,44.9507,-95.5260,14289,no (<0.5 psi),0.0000,0.0000,0.1269,0.0866,0.0201,0.0356,0.0326,0.0366,0.0117,0.0194,0.0330,0.0383,0.0226,0.0891,0.0174,0.0390,0.0371,0.2205,0.1307,0.0148,0.0393,0.0263,0.0473,0.0186,0.0520,0.0198,0.0271,0.0156,0.0289,0.0240,0.0252,0.0235
27025,Chisago Co.,Minnesota,45.5097,-92.8703,27536,no (<0.5 psi),0.0000,0.0000,0.1668,0.1203,0.1209,0.1793,0.1170,0.3264,0.1337,0.2306,0.0592,0.0844,0.1465,0.1514,0.1054,0.1893,0.1770,0.3283,0.2385,0.1310,0.3212,0.1442,0.4695,0.0950,0.2349,0.1159,0.3382,0.1185,0.2207,0.1439,0.1643,0.2018
27027,Clay Co.,Minnesota,46.8876,-96.4741,49117,very high (>=10 psi),1.0000,1.0000,0.3134,0.5839,0.1126,0.5317,0.1895,0.2610,0.0871,0.5329,0.0790,0.4041,0.1247,0.3875,0.1799,0.2340,0.3718,0.4626,0.7482,0.1817,0.7494,0.4143,0.6958,0.2323,0.6582,0.2227,0.6371,0.1862,0.4786,0.3760,0.3935,0.2416
27029,Clearwater Co.,Minnesota,47.5868,-95.3688,8725,no (<0.5 psi),0.0000,0.0000,0.0512,0.1651,0.0255,0.1722,0.0256,0.0401,0.0290,0.2126,0.0189,0.1934,0.0269,0.0962,0.0350,0.0536,0.0585,0.1542,0.3466,0.0848,0.0448,0.0744,0.0265,0.1247,0.0294,0.1064,0.0481,0.0862,0.0775,0.0835,0.1029,0.0326
27031,Cook Co.,Minnesota,47.8538,-90.4744,4014,low (0.5-2 psi),0.0000,0.0000,0.0217,0.0438,0.0137,0.0582,0.0106,0.0229,0.0208,0.0336,0.0078,0.0668,0.0113,0.0368,0.0150,0.0095,0.0086,0.0671,0.0519,0.0382,0.4718,0.0629,0.1592,0.0497,0.5405,0.0310,0.3151,0.0487,0.1632,0.0604,0.0650,0.0925
27033,Cottonwood Co.,Minnesota,43.9780,-95.1608,13954,no (<0.5 psi),0.0000,0.0000,0.1245,0.0607,0.0252,0.0510,0.0170,0.0428,0.0184,0.0459,0.0240,0.0432,0.0237,0.1215,0.0169,0.0188,0.0678,0.2166,0.1386,0.0513,0.0525,0.0912,0.0481,0.0623,0.0511,0.0879,0.0371,0.0469,0.1209,0.0482,0.0490,0.0984
27035,Crow Wing Co.,Minnesota,46.4578,-94.0698,42369,no (<0.5 psi),0.0000,0.0000,0.2809,0.4702,0.1654,0.2916,0.3719,0.3588,0.1353,0.1733,0.1491,0.2351,0.3050,0.4154,0.1100,0.2745,0.3512,0.4298,0.6032,0.1110,0.3989,0.2730,0.4134,0.1496,0.2465,0.1192,0.3704,0.1864,0.5867,0.0746,0.0806,0.3658
27037,Dakota Co.,Minnesota,44.6723,-93.0250,221244,very high (>=10 psi),1.0000,1.0000,0.6834,0.7201,0.8390,0.6176,0.8610,0.7713,0.8535,0.6067,0.7824,0.7102,0.8578,0.8360,0.6195,0.7306,0.7998,0.7507,0.7182,0.9268,0.9195,0.9077,0.9405,0.9150,0.8272,0.8996,0.9438,0.9295,0.9581,0.8127,0.8430,0.9463
27039,Dodge Co.,Minnesota,44.0220,-92.8620,15249,no (<0.5 psi),0.0000,0.0000,0.0925,0.0429,0.0129,0.0648,0.0123,0.0287,0.0154,0.0332,0.0118,0.0564,0.0136,0.0763,0.0101,0.0124,0.0279,0.2259,0.1003,0.0556,0.3579,0.0471,0.2037,0.0677,0.1329,0.0504,0.4307,0.0484,0.3581,0.0586,0.0401,0.1090
27041,Douglas Co.,Minnesota,45.9333,-95.4522,28606,no (<0.5 psi),0.0000,0.0000,0.2054,0.3159,0.0185,0.0952,0.0290,0.1256,0.0191,0.0518,0.0255,0.0743,0.0238,0.1083,0.0260,0.0490,0.0649,0.3463,0.4205,0.0153,0.3457,0.0529,0.3982,0.0154,0.0425,0.0293,0.3507,0.0192,0.2372,0.0264,0.0433,0.0277
27043,Faribault Co.,Minnesota,43.6741,-93.9478,18624,no (<0.5 psi),0.0000,0.0000,0.1560,0.0574,0.0146,0.0843,0.0219,0.0744,0.0141,0.0199,0.0207,0.1052,0.0117,0.0556,0.0155,0.0291,0.0195,0.2676,0.1494,0.0285,0.0985,0.0568,0.1104,0.0357,0.0971,0.0497,0.0835,0.0385,0.0871,0.0771,0.0414,0.0666
27045,Fillmore Co.,Minnesota,43.6674,-92.0895,21474,no (<0.5 psi),0.0000,0.0000,0.1310,0.0744,0.0307,0.0627,0.0247,0.0670,0.0233,0.0889,0.0250,0.0637,0.0252,0.0492,0.0317,0.0196,0.0818,0.2824,0.1294,0.0454,0.1738,0.0323,0.1686,0.0431,0.2186,0.0405,0.1216,0.0441,0.1254,0.0433,0.0372,0.0982
27047,Freeborn Co.,Minnesota,43.6739,-93.3488,34474,no (<0.5 psi),0.0000,0.0000,0.2443,0.0891,0.0220,0.1456,0.0344,0.1857,0.0179,0.0246,0.0303,0.1532,0.0195,0.0679,0.0231,0.0730,0.0345,0.3985,0.3034,0.0301,0.1149,0.0462,0.0825,0.0483,0.0743,0.0509,0.1114,0.0391,0.0954,0.0608,0.0681,0.0781
27049,Goodhue Co.,Minnesota,44.4113,-92.7349,39375,no (<0.5 psi),0.0000,0.0000,0.2314,0.2329,0.3160,0.0714,0.1385,0.1796,0.3461,0.0742,0.2376,0.1737,0.1180,0.1259,0.2107,0.1008,0.4009,0.4004,0.3405,0.3750,0.2346,0.2938,0.2721,0.4390,0.2184,0.2551,0.4008,0.3286,0.4917,0.2005,0.1244,0.5244
27051,Grant Co.,Minnesota,45.9343,-96.0112,6796,no (<0.5 psi),0.0000,0.0000,0.0540,0.0501,0.0049,0.0127,0.0071,0.0099,0.0037,0.0066,0.0069,0.0083,0.0060,0.0133,0.0067,0.0060,0.0064,0.1271,0.1438,0.0096,0.0236,0.0089,0.0232,0.0108,0.0139,0.0146,0.0234,0.0073,0.0372,0.0088,0.0090,0.0212
27053,Hennepin Co.,Minnesota,45.0067,-93.4871,985599,very high (>=10 psi),1.0000,1.0000,0.9223,0.9380,0.9416,0.9765,0.9559,0.9686,0.9595,0.9438,0.9456,0.9795,0.9506,0.9637,0.9170,0.9535,0.9680,0.9172,0.8805,0.9573,0.9767,0.9648,0.9822,0.9478,0.9343,0.9599,0.9785,0.9604,0.9849,0.9321,0.9541,0.9708
27055,Houston Co.,Minnesota,43.6658,-91.5012,18477,no (<0.5 psi),0.0000,0.0000,0.1127,0.0911,0.0238,0.1112,0.0326,0.0962,0.0187,0.0811,0.0290,0.0639,0.0208,0.0390,0.0189,0.0145,0.0477,0.2566,0.1676,0.0812,0.1937,0.0819,0.1370,0.0761,0.2425,0.0690,0.1238,0.0851,0.2176,0.0483,0.0328,0.2216
27057,Hubbard Co.,Minnesota,47.0655,-94.9163,14591,no (<0.5 psi),0.0000,0.0000,0.0884,0.1523,0.0243,0.0583,0.0286,0.0679,0.0265,0.1612,0.0265,0.0766,0.0264,0.1066,0.0256,0.0306,0.0739,0.2244,0.3303,0.0553,0.1463,0.0927,0.1152,0.0811,0.0735,0.0849,0.1729,0.0536,0.1163,0.1132,0.1721,0.0894
27059,Isanti Co.,Minnesota,45.6449,-93.3269,24535,no (<0.5 psi),0.0000,0.0000,0.1493,0.0843,0.0749,0.1015,0.0867,0.1917,0.0741,0.1709,0.0602,0.0746,0.1304,0.2514,0.0346,0.0995,0.0954,0.3065,0.2282,0.1450,0.2936,0.1407,0.3733,0.1291,0.3531,0.1238,0.1712,0.1285,0.2764,0.1281,0.1180,0.2532
27061,Itasca Co.,Minnesota,47.4632,-93.5725,42141,no (<0.5 psi),0.0000,0.0000,0.2455,0.5623,0.2196,0.1286,0.0988,0.1205,0.1631,0.2729,0.1158,0.2213,0.1211,0.1347,0.1524,0.0344,0.2925,0.4286,0.6555,0.1448,0.1711,0.2271,0.2027,0.1171,0.4324,0.0786,0.1363,0.1806,0.1992,0.1128,0.0854,0.2386
27063,Jackson Co.,Minnesota,43.6742,-95.1537,12980,no (<0.5 psi),0.0000,0.0000,0.1176,0.0311,0.0177,0.0791,0.0185,0.0602,0.0132,0.0557,0.0174,0.0771,0.0176,0.0604,0.0206,0.0169,0.0440,0.2049,0.1078,0.0461,0.0494,0.0805,0.0520,0.0666,0.0642,0.0779,0.0516,0.0461,0.1029,0.0404,0.0463,0.0902
27065,Kanabec Co.,Minnesota,45.9280,-93.3303,12416,no (<0.5 psi),0.0000,0.0000,0.0971,0.0810,0.0129,0.1472,0.0184,0.1003,0.0225,0.1811,0.0147,0.0804,0.0261,0.0293,0.0235,0.0175,0.0606,0.2002,0.1670,0.0247,0.1512,0.0223,0.2001,0.0205,0.1321,0.0195,0.1174,0.0275,0.0924,0.0172,0.0186,0.0689
27067,Kandiyohi Co.,Minnesota,45.0223,-95.0025,37676,no (<0.5 psi),0.0000,0.0000,0.2226,0.3045,0.0218,0.1092,0.0376,0.1452,0.0316,0.0500,0.0297,0.1520,0.0221,0.1084,0.0286,0.0537,0.0425,0.3912,0.3110,0.0251,0.0995,0.0466,0.1613,0.0328,0.0393,0.0415,0.1162,0.0376,0.1233,0.0413,0.0545,0.0291
27071,Koochiching Co.,Minnesota,48.3050,-93.7591,16621,no (<0.5 psi),0.0000,0.0000,0.1011,0.2232,0.0263,0.1757,0.0683,0.0644,0.0337,0.3152,0.0398,0.1654,0.0311,0.1920,0.0286,0.0505,0.0824,0.2454,0.3570,0.1006,0.1599,0.2352,0.0899,0.1431,0.1942,0.0758,0.1619,0.0699,0.2360,0.1280,0.1092,0.2064
27073,Lac qui Parle Co.,Minnesota,45.0670,-96.1946,9963,no (<0.5 psi),0.0000,0.0000,0.0948,0.0611,0.0069,0.0230,0.0101,0.0197,0.0042,0.0078,0.0092,0.0303,0.0068,0.0218,0.0045,0.0107,0.0130,0.1664,0.0889,0.0132,0.0512,0.0349,0.0359,0.0141,0.0367,0.0180,0.0440,0.0141,0.0291,0.0145,0.0207,0.0290
27075,Lake Co.,Minnesota,47.6396,-91.4077,11360,very high (>=10 psi),1.0000,1.0000,0.0679,0.0719,0.0376,0.5006,0.0313,0.0929,0.0716,0.5879,0.0132,0.4727,0.0335,0.1994,0.0487,0.0300,0.0555,0.1672,0.0492,0.0399,0.3242,0.0319,0.1106,0.0351,0.3029,0.0240,0.2612,0.0301,0.0682,0.0584,0.0291,0.0724
27079,Le Sueur Co.,Minnesota,44.3681,-93.7432,23508,no (<0.5 psi),0.0000,0.0000,0.1432,0.0800,0.0237,0.1412,0.0345,0.1760,0.0495,0.0328,0.0274,0.0637,0.0345,0.0655,0.0336,0.0753,0.0421,0.2986,0.1489,0.0509,0.2371,0.0609,0.3185,0.0612,0.0659,0.0792,0.1454,0.0574,0.1579,0.0781,0.0795,0.0656
27081,Lincoln Co.,Minnesota,44.3702,-96.2656,7489,no (<0.5 psi),0.0000,0.0000,0.0748,0.0258,0.0125,0.0183,0.0122,0.0122,0.0077,0.0165,0.0106,0.0166,0.0122,0.0175,0.0146,0.0108,0.0183,0.1316,0.0579,0.0134,0.0213,0.0267,0.0232,0.0127,0.0507,0.0145,0.0173,0.0141,0.0152,0.0191,0.0151,0.0219
27083,Lyon Co.,Minnesota,44.3694,-95.8365,25313,no (<0.5 psi),0.0000,0.0000,0.1963,0.1453,0.0868,0.0870,0.0648,0.0900,0.0637,0.0850,0.0701,0.0636,0.0972,0.0960,0.0688,0.0550,0.1612,0.3295,0.2020,0.0583,0.1075,0.1342,0.1357,0.0584,0.1159,0.0791,0.1501,0.0598,0.0868,0.0616,0.0532,0.0587
27085,McLeod Co.,Minnesota,44.8051,-94.2542,30704,no (<0.5 psi),0.0000,0.0000,0.1848,0.1528,0.0377,0.1663,0.0802,0.3182,0.0692,0.0623,0.0658,0.1466,0.0496,0.1308,0.0542,0.1464,0.0764,0.3496,0.2051,0.0720,0.2464,0.1138,0.4617,0.0513,0.0896,0.0639,0.2446,0.0812,0.1785,0.1430,0.1446,0.0745
27087,Mahnomen Co.,Minnesota,47.3255,-95.8090,5319,no (<0.5 psi),0.0000,0.0000,0.0422,0.0978,0.0086,0.0093,0.0139,0.0045,0.0102,0.0263,0.0108,0.0084,0.0117,0.0091,0.0159,0.0144,0.0128,0.1046,0.2131,0.1146,0.0247,0.1166,0.0189,0.1546,0.0422,0.1195,0.0324,0.1038,0.0233,0.1578,0.1640,0.0206
27089,Marshall Co.,Minnesota,48.3569,-96.3689,12089,low (0.5-2 psi),0.0000,0.0000,0.0726,0.2761,0.2566,0.1615,0.4233,0.0425,0.2197,0.2766,0.2432,0.1543,0.2510,0.1199,0.2559,0.3989,0.1196,0.1964,0.5847,0.6072,0.0848,0.6819,0.0406,0.5002,0.1973,0.4978,0.1169,0.4754,0.0745,0.5720,0.4799,0.1062
27091,Martin Co.,Minnesota,43.6742,-94.5507,24701,no (<0.5 psi),0.0000,0.0000,0.1928,0.0581,0.0155,0.0975,0.0445,0.0957,0.0098,0.0403,0.0220,0.0706,0.0231,0.0567,0.0201,0.0383,0.0326,0.3243,0.1531,0.0376,0.1342,0.1221,0.1847,0.0443,0.0900,0.0798,0.1198,0.0803,0.1542,0.0813,0.0562,0.0802
27093,Meeker Co.,Minnesota,45.0912,-94.5066,20851,no (<0.5 psi),0.0000,0.0000,0.1272,0.0767,0.0258,0.0971,0.0267,0.2414,0.0250,0.0418,0.0283,0.0586,0.0217,0.0336,0.0302,0.0295,0.0489,0.2772,0.1466,0.0534,0.2985,0.0770,0.4695,0.0625,0.1073,0.0656,0.2216,0.0582,0.1113,0.1165,0.0957,0.0701
27095,Mille Lacs Co.,Minnesota,45.8923,-93.6427,18504,no (<0.5 psi),0.0000,0.0000,0.1405,0.0804,0.0163,0.1304,0.0295,0.1135,0.0227,0.0790,0.0222,0.1360,0.0286,0.0872,0.0233,0.0351,0.0306,0.2637,0.1782,0.0319,0.1774,0.0309,0.2192,0.0374,0.2267,0.0240,0.1813,0.0383,0.2040,0.0224,0.0286,0.1819
27097,Morrison Co.,Minnesota,46.0698,-94.2291,29427,no (<0.5 psi),0.0000,0.0000,0.2103,0.2836,0.0666,0.1126,0.1066,0.2008,0.0561,0.1295,0.0529,0.0899,0.1041,0.2272,0.0469,0.0544,0.1880,0.3520,0.4385,0.0684,0.1122,0.0977,0.2031,0.0706,0.2382,0.0578,0.1363,0.1051,0.3899,0.0403,0.0322,0.3553
27099,Mower Co.,Minnesota,43.6671,-92.7491,39483,no (<0.5 psi),0.0000,0.0000,0.2319,0.1384,0.0962,0.2169,0.0505,0.2157,0.1058,0.1377,0.0819,0.2162,0.0693,0.3134,0.0820,0.0952,0.1864,0.4010,0.1804,0.0610,0.2842,0.0533,0.3728,0.0658,0.2006,0.0555,0.3329,0.0569,0.4838,0.0862,0.0623,0.2344
27101,Murray Co.,Minnesota,44.0225,-95.7630,10682,no (<0.5 psi),0.0000,0.0000,0.1004,0.0292,0.0131,0.0303,0.0124,0.0179,0.0083,0.0314,0.0101,0.0228,0.0142,0.0190,0.0125,0.0121,0.0281,0.1760,0.0790,0.0270,0.0338,0.0548,0.0232,0.0213,0.0579,0.0236,0.0241,0.0177,0.0468,0.0300,0.0276,0.0487
27103,Nicollet Co.,Minnesota,44.3032,-94.2043,27299,no (<0.5 psi),0.0000,0.0000,0.1654,0.1022,0.0332,0.1231,0.0446,0.1533,0.0481,0.0544,0.0480,0.0751,0.0549,0.0894,0.0426,0.0836,0.0462,0.3266,0.1780,0.0556,0.1687,0.0589,0.3615,0.0601,0.0581,0.0676,0.1216,0.0604,0.1708,0.0871,0.0929,0.0527
27105,Nobles Co.,Minnesota,43.6742,-95.7527,20940,no (<0.5 psi),0.0000,0.0000,0.1706,0.0559,0.0315,0.0862,0.0393,0.0784,0.0203,0.0630,0.0519,0.0856,0.0293,0.0989,0.0402,0.0338,0.0756,0.2904,0.1647,0.0595,0.0728,0.0847,0.1354,0.0594,0.0999,0.0897,0.0744,0.0677,0.1119,0.1043,0.0511,0.0748
27107,Norman Co.,Minnesota,47.3253,-96.4500,8500,no (<0.5 psi),0.0000,0.0000,0.0673,0.1860,0.0348,0.0136,0.0422,0.0050,0.0204,0.0268,0.0309,0.0109,0.0479,0.0171,0.0280,0.0341,0.0351,0.1511,0.3990,0.1463,0.0288,0.1555,0.0227,0.1319,0.0379,0.1524,0.0279,0.1248,0.0575,0.1468,0.1496,0.0396
27109,Olmsted Co.,Minnesota,43.9778,-92.3788,98424,no (<0.5 psi),0.0000,0.0000,0.4613,0.2983,0.2324,0.5218,0.2505,0.4088,0.2963,0.4955,0.2784,0.6514,0.2815,0.6825,0.1288,0.2558,0.5344,0.5976,0.2986,0.1863,0.4889,0.1666,0.4371,0.2163,0.5105,0.1417,0.5523,0.1425,0.6033,0.1448,0.1914,0.3511
27111,Otter Tail Co.,Minnesota,46.4995,-95.7176,51371,no (<0.5 psi),0.0000,0.0000,0.3236,0.5079,0.1447,0.1505,0.2605,0.2645,0.1143,0.3030,0.1059,0.2609,0.1410,0.1501,0.2237,0.1475,0.3147,0.4726,0.5909,0.1538,0.3761,0.2253,0.5033,0.1528,0.4514,0.1276,0.4719,0.1927,0.5735,0.2459,0.0989,0.4110
27113,Pennington Co.,Minnesota,48.0967,-96.0467,14053,no (<0.5 psi),0.0000,0.0000,0.0850,0.4203,0.0543,0.0374,0.0625,0.0330,0.0364,0.0476,0.0485,0.0426,0.0300,0.0379,0.0491,0.1186,0.0330,0.2186,0.5479,0.3079,0.0835,0.3331,0.0388,0.3006,0.1184,0.3309,0.0875,0.2694,0.1116,0.2423,0.3418,0.0591
27115,Pine Co.,Minnesota,46.1159,-92.6738,20688,low (0.5-2 psi),0.0000,0.0000,0.1262,0.1184,0.0434,0.1104,0.0255,0.0829,0.0451,0.1630,0.0320,0.0525,0.0482,0.2336,0.0300,0.0202,0.1291,0.2836,0.2414,0.0758,0.5659,0.0974,0.5515,0.1003,0.4208,0.1024,0.4414,0.0862,0.7975,0.0723,0.0780,0.4594
27117,Pipestone Co.,Minnesota,44.0231,-96.2583,10947,no (<0.5 psi),0.0000,0.0000,0.1024,0.0368,0.0321,0.0214,0.0166,0.0224,0.0161,0.0201,0.0369,0.0251,0.0209,0.0303,0.0162,0.0120,0.0377,0.1794,0.0768,0.0262,0.0550,0.0582,0.0613,0.0215,0.1000,0.0323,0.0429,0.0205,0.0527,0.0417,0.0253,0.0373
27119,Polk Co.,Minnesota,47.8341,-96.6681,33440,medium (2-5 psi),0.0000,1.0000,0.2335,0.8063,0.5000,0.0993,0.5674,0.0515,0.4314,0.2227,0.4596,0.0914,0.6239,0.1003,0.5591,0.5666,0.1792,0.3787,0.9189,0.6894,0.1367,0.8224,0.1097,0.5560,0.2772,0.5534,0.1624,0.5942,0.1435,0.7263,0.7134,0.2190
27121,Pope Co.,Minnesota,45.6722,-95.4488,11152,no (<0.5 psi),0.0000,0.0000,0.0666,0.0764,0.0113,0.0302,0.0103,0.0314,0.0127,0.0197,0.0097,0.0280,0.0151,0.0282,0.0134,0.0112,0.0183,0.1818,0.1564,0.0114,0.0350,0.0127,0.0510,0.0131,0.0362,0.0190,0.0471,0.0167,0.0469,0.0171,0.0123,0.0277
27123,Ramsey Co.,Minnesota,44.9954,-93.0959,473859,very high (>=10 psi),1.0000,1.0000,0.8374,0.9890,0.9828,0.9669,0.9778,0.9817,0.9680,0.9346,0.9772,0.9714,0.9753,0.9721,0.9598,0.9474,0.9818,0.8540,0.9790,0.9805,0.9821,0.9813,0.9837,0.9598,0.9556,0.9765,0.9813,0.9835,0.9811,0.9604,0.9511,0.9875
27125,Red Lake Co.,Minnesota,47.8922,-96.0955,4938,no (<0.5 psi),0.0000,0.0000,0.0274,0.1168,0.0515,0.0139,0.0726,0.0123,0.0613,0.0208,0.0647,0.0130,0.0520,0.0264,0.0591,0.1069,0.0146,0.0985,0.3108,0.1295,0.0155,0.1457,0.0114,0.1578,0.0310,0.1590,0.0183,0.1025,0.0220,0.1474,0.1608,0.0175
27127,Redwood Co.,Minnesota,44.3902,-95.2299,18766,no (<0.5 psi),0.0000,0.0000,0.1569,0.1027,0.0153,0.0534,0.0405,0.0854,0.0125,0.0339,0.0279,0.0463,0.0134,0.0633,0.0193,0.0328,0.0255,0.2690,0.1885,0.0292,0.1004,0.1380,0.0933,0.0372,0.1172,0.0744,0.0897,0.0497,0.0914,0.0849,0.0764,0.0501
27129,Renville Co.,Minnesota,44.6715,-94.9672,19486,no (<0.5 psi),0.0000,0.0000,0.1615,0.1133,0.0157,0.0987,0.0202,0.0712,0.0193,0.0228,0.0311,0.0572,0.0152,0.1111,0.0163,0.0374,0.0221,0.2763,0.1803,0.0282,0.0989,0.0482,0.1150,0.0300,0.0933,0.0378,0.0960,0.0320,0.0847,0.0623,0.0497,0.0415
27131,Rice Co.,Minnesota,44.3342,-93.2823,46994,no (<0.5 psi),0.0000,0.0000,0.2692,0.1189,0.1441,0.0812,0.0814,0.1996,0.2066,0.1050,0.1102,0.0703,0.1328,0.0882,0.0698,0.2055,0.1450,0.4379,0.2462,0.1941,0.4988,0.1625,0.6094,0.2263,0.3422,0.1651,0.4068,0.1688,0.3133,0.1923,0.2394,0.1883
27133,Rock Co.,Minnesota,43.6748,-96.2525,10388,low (0.5-2 psi),0.0000,0.0000,0.0981,0.0313,0.0158,0.0376,0.0211,0.0343,0.0116,0.0537,0.0161,0.0191,0.0149,0.0176,0.0231,0.0202,0.0237,0.1721,0.1079,0.0623,0.1254,0.0746,0.0863,0.0397,0.3027,0.0511,0.0600,0.0502,0.0728,0.0960,0.0647,0.1213
27137,St. Louis Co.,Minnesota,47.6336,-92.4275,204237,very high (>=10 psi),1.0000,1.0000,0.6633,0.8331,0.6487,0.6483,0.5626,0.4643,0.5510,0.7887,0.3496,0.5770,0.6404,0.5619,0.6255,0.5266,0.5865,0.7559,0.8953,0.7396,0.9000,0.8127,0.8210,0.6898,0.9074,0.7228,0.7752,0.8272,0.9367,0.7456,0.7470,0.8789
27139,Scott Co.,Minnesota,44.6797,-93.5027,48987,low (0.5-2 psi),0.0000,0.0000,0.2786,0.1724,0.2659,0.2011,0.3354,0.2288,0.3034,0.3680,0.1607,0.0890,0.3206,0.2669,0.0976,0.2000,0.3318,0.4469,0.3578,0.5698,0.6271,0.5445,0.7307,0.4777,0.6034,0.5612,0.5200,0.5336,0.7979,0.3519,0.3887,0.6504
27141,Sherburne Co.,Minnesota,45.4022,-93.7578,34419,no (<0.5 psi),0.0000,0.0000,0.2052,0.3643,0.8658,0.2219,0.5192,0.3341,0.8430,0.2440,0.8776,0.7911,0.5391,0.5120,0.8153,0.1914,0.8700,0.3726,0.5783,0.9403,0.5834,0.5345,0.6705,0.9052,0.3232,0.9302,0.9540,0.4874,0.7494,0.8388,0.1915,0.9660
27143,Sibley Co.,Minnesota,44.5866,-94.2653,14962,no (<0.5 psi),0.0000,0.0000,0.0907,0.0412,0.0200,0.0495,0.0171,0.1265,0.0229,0.0443,0.0161,0.0595,0.0263,0.0292,0.0366,0.0342,0.0409,0.2230,0.1045,0.0403,0.2319,0.0514,0.2721,0.0399,0.2148,0.0593,0.2564,0.0519,0.2255,0.0853,0.1214,0.0821
27145,Stearns Co.,Minnesota,45.5329,-94.6397,112566,no (<0.5 psi),0.0000,0.0000,0.4996,0.5733,0.4117,0.6081,0.4612,0.6148,0.4024,0.5951,0.3253,0.5674,0.4408,0.6125,0.2916,0.2331,0.5487,0.6254,0.5684,0.4722,0.7126,0.4902,0.6630,0.5838,0.6988,0.5501,0.6245,0.5848,0.8277,0.3847,0.4294,0.6505
27147,Steele Co.,Minnesota,44.0224,-93.2261,29895,no (<0.5 psi),0.0000,0.0000,0.1802,0.1504,0.0290,0.0937,0.0447,0.1260,0.0414,0.0387,0.0389,0.0663,0.0366,0.1278,0.0366,0.0703,0.0440,0.3443,0.2156,0.0360,0.1611,0.0286,0.1636,0.0356,0.0634,0.0303,0.1550,0.0374,0.1479,0.0446,0.0364,0.0539
27149,Stevens Co.,Minnesota,45.6727,-96.0057,10967,no (<0.5 psi),0.0000,0.0000,0.0654,0.0824,0.0045,0.0202,0.0114,0.0226,0.0056,0.0070,0.0076,0.0256,0.0083,0.0400,0.0075,0.0124,0.0090,0.1796,0.1333,0.0209,0.1231,0.0200,0.0715,0.0155,0.0404,0.0297,0.1333,0.0168,0.2088,0.0224,0.0242,0.0427
27151,Swift Co.,Minnesota,45.3260,-95.6860,12001,no (<0.5 psi),0.0000,0.0000,0.0720,0.0777,0.0075,0.0373,0.0143,0.0421,0.0081,0.0118,0.0194,0.0274,0.0106,0.0417,0.0098,0.0114,0.0210,0.1915,0.1209,0.0142,0.0390,0.0123,0.0518,0.0107,0.0230,0.0202,0.0449,0.0131,0.0621,0.0109,0.0148,0.0287
27153,Todd Co.,Minnesota,46.0210,-94.8970,24622,no (<0.5 psi),0.0000,0.0000,0.1809,0.1941,0.0203,0.0723,0.0294,0.1057,0.0210,0.0591,0.0315,0.0839,0.0289,0.0611,0.0255,0.0407,0.0594,0.3164,0.2802,0.0257,0.1343,0.0574,0.1358,0.0291,0.0866,0.0201,0.1141,0.0222,0.0808,0.0272,0.0284,0.0862
27155,Traverse Co.,Minnesota,45.8032,-96.4289,5148,no (<0.5 psi),0.0000,0.0000,0.0287,0.0420,0.0051,0.0130,0.0089,0.0154,0.0041,0.0080,0.0065,0.0155,0.0054,0.0098,0.0062,0.0078,0.0065,0.1017,0.0814,0.0109,0.0235,0.0105,0.0243,0.0078,0.0247,0.0113,0.0276,0.0076,0.0245,0.0093,0.0098,0.0173
27157,Wabasha Co.,Minnesota,44.2787,-92.2259,19541,no (<0.5 psi),0.0000,0.0000,0.1192,0.0588,0.0250,0.0661,0.0342,0.0926,0.0473,0.0569,0.0413,0.0355,0.0317,0.0468,0.0268,0.0136,0.0936,0.2660,0.1283,0.1757,0.2637,0.1539,0.2063,0.1740,0.2637,0.1499,0.1604,0.2100,0.5431,0.0629,0.0576,0.5260
27159,Wadena Co.,Minnesota,46.5108,-94.9672,13700,no (<0.5 psi),0.0000,0.0000,0.1065,0.1481,0.0086,0.0245,0.0302,0.0227,0.0108,0.0387,0.0197,0.0253,0.0153,0.0246,0.0195,0.0197,0.0328,0.2147,0.1863,0.0280,0.0493,0.0612,0.0382,0.0476,0.0484,0.0407,0.0531,0.0263,0.0839,0.0459,0.0356,0.0581
27161,Waseca Co.,Minnesota,44.0220,-93.5871,18160,no (<0.5 psi),0.0000,0.0000,0.1107,0.0674,0.0158,0.0214,0.0150,0.0268,0.0242,0.0119,0.0159,0.0239,0.0181,0.0413,0.0201,0.0193,0.0182,0.2537,0.1263,0.0393,0.1099,0.0286,0.1126,0.0267,0.0421,0.0287,0.1147,0.0385,0.1904,0.0308,0.0353,0.0450
27163,Washington Co.,Minnesota,45.0129,-92.8752,124760,very high (>=10 psi),1.0000,1.0000,0.5289,0.5562,0.8285,0.4155,0.8920,0.7970,0.6378,0.4957,0.8131,0.2596,0.8689,0.6804,0.5576,0.5078,0.7818,0.6462,0.7121,0.8556,0.9194,0.8880,0.9326,0.8457,0.8506,0.8347,0.9089,0.8634,0.9243,0.7954,0.7640,0.9092
27165,Watonwan Co.,Minnesota,43.9780,-94.6141,12190,no (<0.5 psi),0.0000,0.0000,0.1118,0.0593,0.0110,0.0226,0.0135,0.0376,0.0076,0.0083,0.0141,0.0193,0.0090,0.0369,0.0069,0.0147,0.0157,0.1952,0.2028,0.0391,0.0724,0.0827,0.0578,0.0573,0.1163,0.0640,0.0792,0.0460,0.0760,0.0727,0.0631,0.1034
27167,Wilkin Co.,Minnesota,46.3232,-96.4400,7988,no (<0.5 psi),0.0000,0.0000,0.0633,0.0792,0.0091,0.0098,0.0107,0.0077,0.0054,0.0132,0.0080,0.0103,0.0087,0.0087,0.0083,0.0086,0.0158,0.1441,0.1700,0.0225,0.0219,0.0166,0.0296,0.0238,0.0102,0.0273,0.0253,0.0211,0.0432,0.0199,0.0261,0.0278
27169,Winona Co.,Minnesota,44.0206,-91.8031,47251,no (<0.5 psi),0.0000,0.0000,0.2704,0.1567,0.2846,0.2620,0.1853,0.2381,0.3484,0.2565,0.2279,0.2586,0.2320,0.3123,0.1050,0.0729,0.4938,0.4391,0.2196,0.3936,0.2049,0.2326,0.3535,0.3333,0.4560,0.3665,0.2764,0.3512,0.6713,0.1261,0.0966,0.7382
27171,Wright Co.,Minnesota,45.2013,-93.9504,61697,low (0.5-2 psi),0.0000,0.0000,0.3345,0.4750,0.7013,0.2079,0.5047,0.2631,0.6846,0.1577,0.7051,0.5872,0.4585,0.3228,0.4626,0.2696,0.7169,0.4970,0.5933,0.9059,0.4287,0.6207,0.7017,0.8719,0.2474,0.9131,0.9211,0.4866,0.7136,0.8000,0.2819,0.9281
27173,Yellow Medicine Co.,Minnesota,44.7370,-95.9384,12832,no (<0.5 psi),0.0000,0.0000,0.1165,0.0662,0.0175,0.0608,0.0245,0.0359,0.0111,0.0188,0.0292,0.0790,0.0128,0.0524,0.0123,0.0305,0.0241,0.2031,0.1072,0.0222,0.0781,0.0539,0.0641,0.0240,0.0566,0.0207,0.0579,0.0206,0.0498,0.0281,0.0323,0.0388
28001,Adams Co.,Mississippi,31.4602,-91.3359,38826,no (<0.5 psi),0.0000,0.0000,0.2563,0.2580,0.0985,0.1651,0.3234,0.1318,0.1246,0.1357,0.1270,0.1208,0.2699,0.1325,0.1578,0.2475,0.1101,0.4107,0.3737,0.1151,0.2926,0.3088,0.2498,0.1520,0.3715,0.1063,0.2765,0.1767,0.3311,0.1572,0.2489,0.2767
28003,Alcorn Co.,Mississippi,34.9269,-88.5937,32405,no (<0.5 psi),0.0000,0.0000,0.2341,0.4160,0.1319,0.1714,0.1335,0.1455,0.1281,0.1641,0.1097,0.1518,0.1162,0.1549,0.1271,0.1969,0.0879,0.3461,0.5276,0.1555,0.1511,0.1855,0.1588,0.1458,0.2415,0.1509,0.1594,0.1233,0.1949,0.1358,0.2375,0.1611
28005,Amite Co.,Mississippi,31.1405,-90.8038,13562,no (<0.5 psi),0.0000,0.0000,0.1123,0.0907,0.0541,0.0622,0.0749,0.0388,0.1044,0.0580,0.1197,0.0510,0.0683,0.0326,0.0900,0.3665,0.0267,0.2132,0.1901,0.1077,0.2090,0.1694,0.2392,0.1458,0.2625,0.1112,0.2113,0.1307,0.1398,0.2934,0.3928,0.1609
28021,Claiborne Co.,Mississippi,32.0083,-90.8995,11949,no (<0.5 psi),0.0000,0.0000,0.1008,0.2038,0.2374,0.0164,0.0808,0.0554,0.2299,0.0140,0.2938,0.1375,0.0606,0.0454,0.1972,0.0341,0.2367,0.1947,0.3841,0.3235,0.1806,0.2360,0.2416,0.3120,0.1568,0.2917,0.3572,0.2051,0.1978,0.3062,0.1559,0.3977
28023,Clarke Co.,Mississippi,32.0589,-88.6824,17127,low (0.5-2 psi),0.0000,0.0000,0.1463,0.1351,0.0530,0.0421,0.0632,0.0346,0.0596,0.0512,0.0470,0.0338,0.0779,0.0184,0.1012,0.1018,0.0175,0.2441,0.1967,0.2523,0.0787,0.2934,0.0649,0.2674,0.1118,0.2276,0.0687,0.2026,0.0705,0.2476,0.2985,0.0874
28029,Copiah Co.,Mississippi,31.8760,-90.4278,26869,no (<0.5 psi),0.0000,0.0000,0.1953,0.2141,0.2699,0.0861,0.2549,0.2611,0.2236,0.1357,0.2316,0.1068,0.2661,0.0803,0.2944,0.3278,0.2212,0.3336,0.4375,0.3109,0.2235,0.2487,0.2265,0.3135,0.2954,0.2516,0.1953,0.2325,0.2328,0.3202,0.3831,0.3229
28031,Covington Co.,Mississippi,31.6923,-89.5779,16233,no (<0.5 psi),0.0000,0.0000,0.1305,0.1071,0.0534,0.0327,0.0900,0.0482,0.0944,0.0278,0.0696,0.0229,0.1091,0.0465,0.0795,0.1644,0.0369,0.2415,0.2101,0.2405,0.0877,0.3255,0.0880,0.2266,0.1413,0.1888,0.0898,0.2966,0.0814,0.2607,0.4277,0.1159
28035,Forrest Co.,Mississippi,31.1782,-89.2472,69178,very high (>=10 psi),1.0000,1.0000,0.3740,0.4622,0.3779,0.4103,0.2311,0.3252,0.4142,0.4965,0.3350,0.4139,0.4428,0.4731,0.3003,0.3750,0.5294,0.5394,0.5931,0.6587,0.3050,0.5554,0.2504,0.6219,0.5601,0.5400,0.3413,0.5974,0.4608,0.6776,0.7189,0.5394
28037,Franklin Co.,Mississippi,31.4795,-90.8945,8758,no (<0.5 psi),0.0000,0.0000,0.0770,0.0679,0.0176,0.0320,0.0172,0.0328,0.0189,0.0273,0.0153,0.0206,0.0206,0.0219,0.0155,0.0338,0.0167,0.1546,0.1228,0.0531,0.2155,0.0813,0.3325,0.0583,0.1654,0.0426,0.1594,0.0682,0.1352,0.0957,0.1250,0.1303
28039,George Co.,Mississippi,30.8230,-88.6508,16033,medium (2-5 psi),0.0000,1.0000,0.1292,0.0841,0.1545,0.0479,0.1275,0.0455,0.1110,0.0803,0.2313,0.0346,0.2284,0.0513,0.1083,0.3759,0.0289,0.2395,0.2521,0.6881,0.5497,0.6256,0.3146,0.6822,0.6875,0.5867,0.4325,0.7126,0.3734,0.7565,0.7061,0.4589
28041,Greene Co.,Mississippi,31.2738,-88.6410,9801,medium (2-5 psi),0.0000,1.0000,0.0849,0.0615,0.0346,0.0491,0.0418,0.0516,0.0435,0.0345,0.0608,0.0281,0.0740,0.0327,0.0514,0.1361,0.0172,0.1683,0.1076,0.0975,0.1030,0.1154,0.0711,0.1176,0.1580,0.1117,0.0918,0.1572,0.0715,0.2260,0.2075,0.0837
28045,Hancock Co.,Mississippi,30.4118,-89.5104,29091,very high (>=10 psi),1.0000,1.0000,0.2074,0.2096,0.2600,0.1336,0.3458,0.1510,0.2651,0.3390,0.2713,0.1177,0.3906,0.1690,0.2643,0.4249,0.1746,0.3497,0.4462,0.6407,0.2866,0.5750,0.3632,0.6151,0.3840,0.5273,0.2069,0.6238,0.2979,0.7237,0.7799,0.3750
28047,Harrison Co.,Mississippi,30.5331,-89.1124,168762,very high (>=10 psi),1.0000,1.0000,0.5829,0.8078,0.7169,0.7094,0.5796,0.5042,0.6754,0.7937,0.6282,0.7218,0.7798,0.6431,0.7062,0.6780,0.7333,0.7229,0.8919,0.8962,0.6800,0.8297,0.6635,0.9005,0.8445,0.9056,0.8113,0.9298,0.8977,0.9326,0.8516,0.9497
28049,Hinds Co.,Mississippi,32.3112,-90.4255,262540,very high (>=10 psi),1.0000,1.0000,0.6804,0.9440,0.9187,0.7592,0.9121,0.8921,0.7030,0.8137,0.9209,0.6811,0.9186,0.7427,0.9144,0.7915,0.9218,0.7951,0.9513,0.9007,0.7046,0.8874,0.8502,0.8279,0.8833,0.9396,0.6925,0.9253,0.8938,0.8673,0.8444,0.9236
28053,Humphreys Co.,Mississippi,33.1256,-90.5370,13383,low (0.5-2 psi),0.0000,0.0000,0.1205,0.1911,0.0151,0.0270,0.0367,0.0373,0.0117,0.0382,0.0122,0.0176,0.0201,0.0178,0.0236,0.0331,0.0297,0.2112,0.3391,0.1231,0.1377,0.1190,0.0685,0.1347,0.1602,0.1335,0.0845,0.1349,0.1125,0.1264,0.1617,0.0968
28055,Issaquena Co.,Mississippi,32.7077,-91.0124,2104,no (<0.5 psi),0.0000,0.0000,0.0249,0.0339,0.0258,0.0484,0.1193,0.0396,0.0189,0.0249,0.0241,0.0431,0.0668,0.1294,0.0077,0.0128,0.0506,0.0483,0.1242,0.0573,0.0926,0.1431,0.0755,0.1175,0.0763,0.0613,0.0636,0.1004,0.1650,0.0374,0.0496,0.1672
28059,Jackson Co.,Mississippi,30.5479,-88.6436,120119,very high (>=10 psi),1.0000,1.0000,0.5027,0.5967,0.7513,0.8239,0.7881,0.7499,0.6468,0.8171,0.8225,0.7635,0.8096,0.6899,0.7875,0.8328,0.7953,0.6578,0.7824,0.8876,0.8073,0.9085,0.6816,0.8730,0.8654,0.9098,0.8720,0.9421,0.8886,0.9124,0.8882,0.9216
28061,Jasper Co.,Mississippi,32.0524,-89.1171,17760,high (5-10 psi),0.0000,1.0000,0.1504,0.1278,0.0802,0.0566,0.0827,0.0441,0.1493,0.0726,0.0698,0.0871,0.1065,0.0424,0.1105,0.1092,0.0260,0.2500,0.2034,0.2287,0.2074,0.1982,0.2006,0.2684,0.1467,0.2420,0.2087,0.2173,0.1079,0.2317,0.2310,0.1439
28063,Jefferson Co.,Mississippi,31.7297,-91.0243,9066,no (<0.5 psi),0.0000,0.0000,0.0793,0.0675,0.0078,0.0107,0.0100,0.0152,0.0078,0.0103,0.0087,0.0083,0.0071,0.0055,0.0090,0.0126,0.0085,0.1587,0.1226,0.0239,0.1161,0.0333,0.1201,0.0239,0.0818,0.0198,0.0690,0.0395,0.0565,0.0361,0.0369,0.0608
28065,Jefferson Davis Co.,Mississippi,31.5808,-89.8391,14204,no (<0.5 psi),0.0000,0.0000,0.1167,0.1315,0.0639,0.0301,0.0939,0.0580,0.0807,0.0249,0.0849,0.0355,0.0770,0.0170,0.1141,0.1765,0.0244,0.2202,0.2384,0.2149,0.0782,0.2655,0.1210,0.1801,0.1355,0.1625,0.0786,0.2187,0.0727,0.2516,0.3045,0.1309
28067,Jones Co.,Mississippi,31.6153,-89.1717,63764,very high (>=10 psi),1.0000,1.0000,0.3560,0.5397,0.3044,0.3503,0.1927,0.2442,0.3367,0.2902,0.1791,0.3177,0.3136,0.3638,0.2588,0.4192,0.2864,0.5211,0.6424,0.5159,0.4146,0.5650,0.2519,0.5508,0.4354,0.4613,0.4793,0.4098,0.2279,0.6297,0.7035,0.3557
28073,Lamar Co.,Mississippi,31.1800,-89.5012,28043,very high (>=10 psi),1.0000,1.0000,0.2017,0.2102,0.2325,0.1482,0.1474,0.1200,0.2339,0.1918,0.1360,0.1855,0.1692,0.1700,0.1615,0.3077,0.0938,0.3422,0.2923,0.5801,0.1724,0.4781,0.2153,0.5768,0.3941,0.4886,0.2156,0.5380,0.4099,0.4388,0.5629,0.4977
28077,Lawrence Co.,Mississippi,31.6198,-90.1101,12957,no (<0.5 psi),0.0000,0.0000,0.1080,0.1322,0.0517,0.0271,0.0548,0.0478,0.0762,0.0184,0.0761,0.0354,0.0382,0.0187,0.0540,0.1259,0.0205,0.2064,0.2321,0.1551,0.0919,0.2130,0.0994,0.1744,0.1451,0.1232,0.0530,0.1827,0.0963,0.2363,0.2792,0.1353
28085,Lincoln Co.,Mississippi,31.4805,-90.4387,31250,no (<0.5 psi),0.0000,0.0000,0.2189,0.2809,0.1116,0.0693,0.1185,0.0953,0.0971,0.0963,0.0799,0.0545,0.1440,0.0440,0.1140,0.1946,0.0755,0.3645,0.3894,0.0915,0.1607,0.1813,0.1634,0.1129,0.1369,0.1423,0.1593,0.1174,0.0729,0.1476,0.2511,0.0793
28089,Madison Co.,Mississippi,32.6431,-90.0085,45658,medium (2-5 psi),0.0000,1.0000,0.2944,0.3814,0.1956,0.2143,0.2646,0.1962,0.3128,0.1986,0.2367,0.2137,0.1665,0.1721,0.2786,0.3659,0.2777,0.4463,0.5828,0.4300,0.4758,0.3853,0.3071,0.4331,0.4680,0.4200,0.3311,0.4048,0.4846,0.2405,0.5676,0.4681
28091,Marion Co.,Mississippi,31.2046,-89.8429,26871,low (0.5-2 psi),0.0000,0.0000,0.1953,0.1465,0.1778,0.0929,0.1520,0.0614,0.2351,0.1099,0.1447,0.0600,0.2440,0.1800,0.1572,0.3262,0.0698,0.3337,0.3268,0.4974,0.1985,0.5133,0.2308,0.5488,0.2921,0.4640,0.2028,0.5275,0.4273,0.5189,0.5552,0.4417
28109,Pearl River Co.,Mississippi,30.7360,-89.5844,37854,low (0.5-2 psi),0.0000,0.0000,0.2517,0.2675,0.2289,0.0376,0.1135,0.0582,0.1623,0.1078,0.1596,0.0499,0.1975,0.0827,0.1396,0.2150,0.1109,0.4052,0.5091,0.6057,0.1524,0.6446,0.3424,0.5475,0.2788,0.4109,0.1679,0.6095,0.4074,0.6027,0.8023,0.4779
28111,Perry Co.,Mississippi,31.2168,-88.9937,10540,no (<0.5 psi),0.0000,0.0000,0.0905,0.1126,0.0558,0.1280,0.0703,0.0515,0.0802,0.0780,0.1056,0.0433,0.0840,0.0526,0.0680,0.1787,0.0228,0.1776,0.2059,0.3536,0.2155,0.3352,0.1698,0.3976,0.2869,0.2879,0.0973,0.4047,0.2100,0.3773,0.4163,0.1861
28113,Pike Co.,Mississippi,31.1749,-90.4039,37889,no (<0.5 psi),0.0000,0.0000,0.2519,0.3241,0.1965,0.1812,0.1731,0.1751,0.1860,0.2471,0.1691,0.1270,0.2589,0.1130,0.1658,0.4153,0.1172,0.4054,0.3818,0.2833,0.3578,0.3967,0.3701,0.2677,0.4652,0.2436,0.3223,0.3161,0.3008,0.2962,0.5186,0.3548
28117,Prentiss Co.,Mississippi,34.6685,-88.5242,23728,no (<0.5 psi),0.0000,0.0000,0.1872,0.2253,0.0493,0.1524,0.0791,0.0992,0.0642,0.1305,0.0448,0.1239,0.0605,0.0740,0.0669,0.0639,0.0493,0.2870,0.3595,0.0571,0.1298,0.0643,0.1069,0.0388,0.1376,0.0471,0.1212,0.0373,0.0647,0.0728,0.0939,0.0622
28121,Rankin Co.,Mississippi,32.3175,-89.9417,78488,very high (>=10 psi),1.0000,1.0000,0.4026,0.4644,0.2829,0.4152,0.3052,0.3113,0.2500,0.3113,0.1922,0.2745,0.2580,0.4283,0.2679,0.3967,0.2480,0.5674,0.7085,0.4836,0.5585,0.5830,0.5104,0.5944,0.6506,0.5347,0.4688,0.5401,0.7010,0.3497,0.6856,0.6529
28123,Scott Co.,Mississippi,32.4644,-89.5392,24384,no (<0.5 psi),0.0000,0.0000,0.1910,0.2136,0.1003,0.0332,0.1195,0.0383,0.1376,0.0330,0.1031,0.0263,0.1041,0.0713,0.0782,0.1330,0.0404,0.3145,0.2938,0.1202,0.0698,0.1724,0.0465,0.1935,0.0710,0.2107,0.0613,0.2248,0.0962,0.1643,0.3206,0.0706
28125,Sharkey Co.,Mississippi,32.8814,-90.8216,7759,low (0.5-2 psi),0.0000,0.0000,0.0771,0.1111,0.0106,0.0438,0.0318,0.0601,0.0083,0.0438,0.0155,0.0175,0.0215,0.0342,0.0113,0.0179,0.0188,0.1409,0.2434,0.0566,0.3129,0.1200,0.1921,0.0604,0.1281,0.0622,0.2361,0.0975,0.2388,0.0570,0.0893,0.1461
28127,Simpson Co.,Mississippi,31.8985,-89.9058,24034,no (<0.5 psi),0.0000,0.0000,0.1791,0.1535,0.1810,0.0633,0.1759,0.2455,0.2449,0.1243,0.1538,0.0702,0.3235,0.0489,0.2236,0.3051,0.1316,0.3118,0.2518,0.1769,0.0823,0.1910,0.0684,0.2659,0.1977,0.1958,0.0924,0.2479,0.1027,0.2457,0.3326,0.1361
28129,Smith Co.,Mississippi,31.9475,-89.4877,15221,low (0.5-2 psi),0.0000,0.0000,0.1237,0.1011,0.0687,0.0887,0.1051,0.1240,0.1576,0.0872,0.0886,0.0691,0.1490,0.0579,0.1322,0.2311,0.0613,0.2311,0.1703,0.3207,0.1012,0.2224,0.1245,0.3926,0.1765,0.2560,0.1223,0.3745,0.1696,0.2439,0.4390,0.1511
28131,Stone Co.,Mississippi,30.8225,-89.1129,10273,no (<0.5 psi),0.0000,0.0000,0.0885,0.0560,0.0387,0.0485,0.0702,0.0376,0.0349,0.0479,0.0689,0.0241,0.0905,0.0337,0.0506,0.1781,0.0162,0.1743,0.1623,0.2996,0.2060,0.4579,0.1613,0.2723,0.3426,0.1889,0.1544,0.3697,0.0936,0.4884,0.5449,0.1425
28141,Tishomingo Co.,Mississippi,34.7322,-88.2240,17534,no (<0.5 psi),0.0000,0.0000,0.1490,0.1305,0.0327,0.0455,0.0445,0.0533,0.0408,0.1146,0.0279,0.0330,0.0708,0.0623,0.0410,0.0466,0.0616,0.2358,0.2864,0.1173,0.0860,0.0969,0.1520,0.1002,0.1323,0.0867,0.0713,0.1311,0.1725,0.0721,0.0739,0.1718
28147,Walthall Co.,Mississippi,31.2046,-90.1459,13665,no (<0.5 psi),0.0000,0.0000,0.1130,0.1124,0.0578,0.0381,0.1056,0.0478,0.1189,0.0272,0.0499,0.0312,0.1198,0.0376,0.0706,0.1785,0.0365,0.2143,0.2133,0.1847,0.0639,0.2462,0.0921,0.1932,0.1725,0.1092,0.0540,0.1784,0.0645,0.2141,0.2581,0.1407
28149,Warren Co.,Mississippi,32.3492,-90.7914,51003,no (<0.5 psi),0.0000,0.0000,0.3088,0.6171,0.3339,0.4056,0.3888,0.2685,0.2402,0.2641,0.3802,0.1996,0.3455,0.2662,0.3028,0.4019,0.3144,0.4710,0.8284,0.5890,0.5218,0.6285,0.2268,0.6030,0.5594,0.6238,0.3912,0.6027,0.5883,0.3746,0.3309,0.6988
28151,Washington Co.,Mississippi,33.2691,-90.8806,71693,no (<0.5 psi),0.0000,0.0000,0.3859,0.8931,0.3491,0.3864,0.3957,0.3054,0.2818,0.3527,0.4149,0.2805,0.2330,0.3348,0.3597,0.3918,0.3157,0.5473,0.8847,0.5251,0.4138,0.4157,0.2661,0.3740,0.1973,0.4185,0.1865,0.3415,0.5815,0.3470,0.3928,0.4724
28153,Wayne Co.,Mississippi,31.5667,-88.7001,19641,medium (2-5 psi),0.0000,1.0000,0.1525,0.1405,0.1074,0.0610,0.1064,0.0510,0.1144,0.0708,0.1738,0.0673,0.1926,0.0330,0.0952,0.2400,0.0479,0.2742,0.2102,0.2812,0.2311,0.3437,0.1675,0.2807,0.2373,0.2718,0.1922,0.2481,0.0640,0.4941,0.4953,0.1153
28157,Wilkinson Co.,Mississippi,31.1832,-91.3246,10094,no (<0.5 psi),0.0000,0.0000,0.0871,0.0562,0.0189,0.0220,0.0254,0.0178,0.0231,0.0249,0.0198,0.0122,0.0236,0.0204,0.0288,0.0778,0.0141,0.1720,0.1376,0.0304,0.0589,0.0439,0.0981,0.0300,0.0786,0.0293,0.0466,0.0406,0.0407,0.0535,0.0545,0.0468
28163,Yazoo Co.,Mississippi,32.7614,-90.3608,27366,very high (>=10 psi),1.0000,1.0000,0.2077,0.4266,0.0737,0.0505,0.0764,0.0898,0.1424,0.1210,0.0832,0.0574,0.0829,0.0441,0.1792,0.1098,0.1275,0.3373,0.5466,0.1268,0.0827,0.1059,0.0968,0.1612,0.1366,0.1870,0.0985,0.1207,0.1014,0.1513,0.1949,0.1517
29001,Adair Co.,Missouri,40.1700,-92.6011,25314,no (<0.5 psi),0.0000,0.0000,0.1852,0.1754,0.0728,0.1492,0.1467,0.0855,0.0696,0.1631,0.0735,0.1169,0.0826,0.1083,0.1843,0.0941,0.0799,0.3218,0.2959,0.2374,0.4096,0.2301,0.3011,0.2756,0.3098,0.2608,0.3800,0.1762,0.3715,0.3292,0.2876,0.2306
29003,Andrew Co.,Missouri,39.9751,-94.8019,14610,medium (2-5 psi),0.0000,1.0000,0.1131,0.0834,0.1532,0.1093,0.2613,0.0800,0.1328,0.1888,0.1645,0.1004,0.1847,0.0581,0.1601,0.3099,0.1403,0.2246,0.1943,0.4877,0.2701,0.4513,0.2157,0.5484,0.3875,0.4520,0.1930,0.5589,0.1715,0.5598,0.6202,0.2428
29005,Atchison Co.,Missouri,40.4202,-95.4189,8150,no (<0.5 psi),0.0000,0.0000,0.0646,0.0699,0.0172,0.0225,0.0093,0.0101,0.0167,0.0197,0.0132,0.0165,0.0152,0.0168,0.0266,0.0132,0.0241,0.1464,0.1928,0.0734,0.0305,0.0217,0.0326,0.0466,0.0889,0.0348,0.0563,0.0253,0.0778,0.0411,0.0241,0.0878
29007,Audrain Co.,Missouri,39.1938,-91.7616,25301,no (<0.5 psi),0.0000,0.0000,0.1852,0.2792,0.0774,0.0822,0.0678,0.0839,0.0838,0.1292,0.0728,0.0739,0.0733,0.0465,0.0795,0.1167,0.0766,0.3217,0.4708,0.2421,0.1282,0.2970,0.1063,0.2325,0.2039,0.2524,0.1492,0.1589,0.0710,0.3673,0.4765,0.0933
29009,Barry Co.,Missouri,36.6233,-93.8264,25977,no (<0.5 psi),0.0000,0.0000,0.2000,0.3406,0.1948,0.1301,0.2245,0.1832,0.1673,0.3255,0.1307,0.2027,0.3091,0.2291,0.2701,0.2419,0.2226,0.3269,0.5137,0.1972,0.3545,0.1796,0.2488,0.2011,0.3348,0.1878,0.2884,0.2211,0.2512,0.2271,0.2322,0.1981
29011,Barton Co.,Missouri,37.4729,-94.3478,11388,low (0.5-2 psi),0.0000,0.0000,0.1058,0.3080,0.0341,0.1012,0.0986,0.0936,0.0230,0.0568,0.0550,0.0221,0.0533,0.1063,0.0335,0.0773,0.0703,0.1880,0.5067,0.2172,0.1588,0.3647,0.1356,0.2473,0.1395,0.2064,0.1364,0.2419,0.1114,0.3599,0.3689,0.1137
29013,Bates Co.,Missouri,38.3016,-94.3423,15445,very high (>=10 psi),1.0000,1.0000,0.1252,0.1547,0.2100,0.0176,0.2381,0.0269,0.1451,0.0546,0.1709,0.0161,0.1768,0.0167,0.1811,0.2352,0.0445,0.2337,0.2511,0.3903,0.3170,0.4941,0.2257,0.4686,0.2815,0.4082,0.3035,0.4486,0.1530,0.6234,0.6081,0.1356
29015,Benton Co.,Missouri,38.3453,-93.2949,12753,very high (>=10 psi),1.0000,1.0000,0.1066,0.3496,0.4351,0.0651,0.2663,0.0610,0.3506,0.0838,0.4145,0.0666,0.3773,0.0448,0.3282,0.5687,0.0359,0.2022,0.4075,0.4543,0.2443,0.4719,0.1846,0.4752,0.1734,0.4837,0.1916,0.4416,0.1101,0.4950,0.7148,0.0726
29017,Bollinger Co.,Missouri,37.4028,-90.0033,10377,no (<0.5 psi),0.0000,0.0000,0.0818,0.0417,0.0062,0.0454,0.0085,0.0373,0.0090,0.0309,0.0054,0.0180,0.0086,0.0364,0.0079,0.0093,0.0221,0.1719,0.1367,0.0242,0.1397,0.0344,0.0967,0.0232,0.0407,0.0241,0.1203,0.0258,0.0490,0.0315,0.0422,0.0329
29019,Boone Co.,Missouri,38.9422,-92.3372,104800,medium (2-5 psi),0.0000,1.0000,0.5031,0.7483,0.2925,0.5788,0.4838,0.4467,0.3389,0.4434,0.2881,0.2911,0.5577,0.5896,0.2736,0.5016,0.3113,0.6297,0.8961,0.6820,0.6561,0.6912,0.5416,0.6487,0.5728,0.5622,0.5630,0.6822,0.5457,0.6993,0.6702,0.6220
29021,Buchanan Co.,Missouri,39.6758,-94.8022,84976,very high (>=10 psi),1.0000,1.0000,0.4209,0.5300,0.2779,0.2567,0.3857,0.3224,0.3156,0.2793,0.2982,0.1221,0.2573,0.4468,0.2975,0.3215,0.4310,0.6130,0.7352,0.7226,0.3634,0.6957,0.4225,0.7313,0.3732,0.7636,0.3673,0.7896,0.7451,0.5248,0.4948,0.6980
29023,Butler Co.,Missouri,36.7128,-90.3904,38483,no (<0.5 psi),0.0000,0.0000,0.2610,0.2929,0.0414,0.1495,0.0604,0.1411,0.0360,0.2029,0.0441,0.1413,0.0534,0.1201,0.0530,0.0769,0.1160,0.4242,0.5577,0.0637,0.1090,0.1037,0.1730,0.0675,0.1265,0.0744,0.0898,0.0823,0.1268,0.0798,0.1362,0.1251
29025,Caldwell Co.,Missouri,39.6786,-93.9825,8253,no (<0.5 psi),0.0000,0.0000,0.0654,0.0524,0.0828,0.1287,0.1347,0.1821,0.0913,0.1652,0.0712,0.0584,0.0864,0.0344,0.1360,0.1218,0.0878,0.1478,0.2242,0.2197,0.1282,0.3057,0.1127,0.2515,0.2636,0.1997,0.1210,0.2147,0.0858,0.3112,0.3420,0.1007
29027,Callaway Co.,Missouri,38.8098,-91.8928,31524,very high (>=10 psi),1.0000,1.0000,0.2226,0.4372,0.4072,0.0288,0.1249,0.0530,0.3781,0.1185,0.3757,0.1106,0.1485,0.0734,0.3692,0.0985,0.2619,0.3663,0.8012,0.5968,0.1281,0.5684,0.1027,0.5597,0.2183,0.5178,0.2073,0.5872,0.1957,0.5525,0.5324,0.3240
29029,Camden Co.,Missouri,38.0296,-92.7911,24144,low (0.5-2 psi),0.0000,0.0000,0.1797,0.2960,0.0912,0.1109,0.1576,0.1476,0.1149,0.1654,0.1226,0.0872,0.1096,0.1451,0.1395,0.1629,0.0610,0.3195,0.4492,0.2845,0.2909,0.3571,0.3494,0.3633,0.3532,0.3398,0.2954,0.2528,0.2812,0.3308,0.6135,0.1532
29031,Cape Girardeau Co.,Missouri,37.3741,-89.6433,60157,no (<0.5 psi),0.0000,0.0000,0.3609,0.3681,0.1260,0.3218,0.1929,0.2821,0.1344,0.2235,0.0861,0.3416,0.1241,0.3549,0.0950,0.0898,0.2325,0.5315,0.5927,0.3930,0.4826,0.5676,0.5204,0.3992,0.3570,0.4893,0.5634,0.5156,0.5003,0.3976,0.3524,0.6206
29033,Carroll Co.,Missouri,39.4105,-93.4719,11371,low (0.5-2 psi),0.0000,0.0000,0.0893,0.2115,0.4484,0.0927,0.4707,0.1270,0.4861,0.1178,0.4593,0.1382,0.3304,0.1094,0.4891,0.4980,0.1152,0.1878,0.5247,0.7011,0.1532,0.7223,0.1152,0.6743,0.1293,0.6816,0.1670,0.5747,0.1384,0.6899,0.6851,0.2565
29035,Carter Co.,Missouri,36.9489,-90.9585,5600,no (<0.5 psi),0.0000,0.0000,0.0445,0.0279,0.0076,0.0179,0.0114,0.0099,0.0113,0.0213,0.0060,0.0110,0.0121,0.0103,0.0090,0.0081,0.0199,0.1027,0.0860,0.0401,0.0826,0.0384,0.0721,0.0312,0.0731,0.0229,0.0810,0.0357,0.0366,0.0332,0.0467,0.0435
29037,Cass Co.,Missouri,38.6120,-94.3643,55934,very high (>=10 psi),1.0000,1.0000,0.3279,0.4966,0.2513,0.2367,0.3573,0.2768,0.2098,0.2922,0.2559,0.1658,0.3520,0.1134,0.3046,0.3609,0.1346,0.5140,0.7485,0.4844,0.3983,0.4583,0.5108,0.4168,0.3219,0.4302,0.3018,0.5470,0.2171,0.6430,0.5799,0.1941
29039,Cedar Co.,Missouri,37.6907,-93.8413,12101,very high (>=10 psi),1.0000,1.0000,0.1111,0.3843,0.0966,0.0619,0.0845,0.0598,0.1188,0.0419,0.0753,0.0488,0.1012,0.0459,0.0890,0.1013,0.0638,0.1965,0.4556,0.5177,0.1641,0.5184,0.1805,0.4952,0.1872,0.3956,0.1443,0.4668,0.0812,0.5039,0.4688,0.2017
29041,Chariton Co.,Missouri,39.4636,-92.9625,9930,no (<0.5 psi),0.0000,0.0000,0.0783,0.1196,0.0912,0.0164,0.1495,0.0168,0.1117,0.0488,0.0740,0.0156,0.0685,0.0284,0.1197,0.1341,0.0352,0.1700,0.4285,0.2561,0.0308,0.2698,0.0440,0.2920,0.0856,0.2805,0.0303,0.2345,0.0762,0.2911,0.3372,0.1279
29043,Christian Co.,Missouri,36.9048,-93.1233,25673,low (0.5-2 psi),0.0000,0.0000,0.1983,0.2080,0.1460,0.0589,0.1373,0.1009,0.1009,0.0870,0.1080,0.0704,0.1826,0.0702,0.0827,0.1292,0.0753,0.3246,0.4184,0.2923,0.3780,0.2791,0.2587,0.3284,0.2350,0.3045,0.3029,0.3755,0.4100,0.2432,0.2426,0.2545
29047,Clay Co.,Missouri,39.3458,-94.4061,141716,very high (>=10 psi),1.0000,1.0000,0.5420,0.6838,0.4588,0.3527,0.5409,0.4863,0.5438,0.3109,0.4876,0.4914,0.4574,0.5245,0.4696,0.4150,0.5505,0.7220,0.8722,0.9112,0.6819,0.8676,0.6812,0.9216,0.7092,0.8606,0.7922,0.9151,0.8102,0.8696,0.8570,0.8812
29049,Clinton Co.,Missouri,39.6390,-94.4042,16037,low (0.5-2 psi),0.0000,0.0000,0.1233,0.0785,0.1293,0.0380,0.2969,0.0807,0.1064,0.0447,0.1710,0.0319,0.1977,0.0524,0.1228,0.2885,0.0669,0.2395,0.3130,0.5120,0.2454,0.5262,0.2384,0.6231,0.2043,0.5127,0.1758,0.6483,0.1572,0.5460,0.6476,0.2599
29051,Cole Co.,Missouri,38.5376,-92.2434,60922,very high (>=10 psi),1.0000,1.0000,0.3640,0.9471,0.7843,0.4392,0.8385,0.7056,0.3266,0.3421,0.6689,0.3556,0.8335,0.4575,0.7290,0.3499,0.6067,0.5109,0.9208,0.7245,0.4905,0.7246,0.4957,0.6280,0.3570,0.6751,0.3142,0.7179,0.5966,0.6074,0.4417,0.6226
29053,Cooper Co.,Missouri,38.8084,-92.8062,14861,very high (>=10 psi),1.0000,1.0000,0.1149,0.2126,0.3526,0.0663,0.4832,0.0663,0.4232,0.1428,0.3129,0.0371,0.4536,0.0509,0.4330,0.4540,0.1098,0.2273,0.6327,0.8041,0.2115,0.7833,0.2276,0.7905,0.2516,0.7964,0.1619,0.8262,0.2996,0.7852,0.7967,0.3092
29055,Crawford Co.,Missouri,37.8945,-91.3119,18478,low (0.5-2 psi),0.0000,0.0000,0.1404,0.0812,0.0346,0.0778,0.0283,0.0918,0.0292,0.0759,0.0344,0.0794,0.0308,0.0684,0.0339,0.0630,0.0486,0.2635,0.2672,0.0654,0.1758,0.0770,0.2043,0.0760,0.2113,0.0781,0.1299,0.0632,0.0711,0.1268,0.0979,0.0913
29057,Dade Co.,Missouri,37.5000,-93.8480,7476,low (0.5-2 psi),0.0000,0.0000,0.0747,0.1770,0.0548,0.0530,0.0521,0.0506,0.0449,0.0299,0.0433,0.0206,0.0556,0.0430,0.0450,0.0730,0.0656,0.1369,0.3265,0.2944,0.0982,0.2930,0.1236,0.2433,0.1230,0.2895,0.0641,0.2686,0.0748,0.2906,0.2318,0.1400
29059,Dallas Co.,Missouri,37.6042,-93.0132,12289,no (<0.5 psi),0.0000,0.0000,0.1125,0.1730,0.0763,0.0587,0.0927,0.0598,0.0706,0.0442,0.0511,0.0392,0.0745,0.0358,0.0752,0.1109,0.0312,0.1987,0.2808,0.3148,0.1481,0.3486,0.1767,0.3520,0.1267,0.3461,0.1156,0.3127,0.0988,0.4358,0.4831,0.1085
29061,Daviess Co.,Missouri,39.9953,-93.9833,8363,no (<0.5 psi),0.0000,0.0000,0.0663,0.0655,0.0377,0.0229,0.0653,0.0277,0.0428,0.0685,0.0414,0.0219,0.0440,0.0131,0.0893,0.0552,0.0457,0.1493,0.1919,0.2324,0.0530,0.2006,0.0506,0.2372,0.1352,0.1364,0.0427,0.1640,0.0247,0.2542,0.2275,0.0655
29063,DeKalb Co.,Missouri,39.9270,-94.4041,8526,low (0.5-2 psi),0.0000,0.0000,0.0675,0.0461,0.0522,0.0281,0.0733,0.0277,0.0749,0.0732,0.0584,0.0180,0.0659,0.0281,0.0809,0.0763,0.0644,0.1515,0.1422,0.3075,0.2174,0.2562,0.1369,0.3367,0.2391,0.2976,0.1231,0.3576,0.0946,0.3192,0.3607,0.1307
29065,Dent Co.,Missouri,37.6481,-91.4811,14112,no (<0.5 psi),0.0000,0.0000,0.1095,0.0670,0.0509,0.0939,0.0413,0.0516,0.0538,0.0986,0.0350,0.1092,0.0759,0.0990,0.0332,0.0489,0.0569,0.2184,0.1451,0.0322,0.1145,0.0394,0.1091,0.0357,0.0946,0.0256,0.1188,0.0426,0.0894,0.0311,0.0610,0.0361
29067,Douglas Co.,Missouri,36.9327,-92.4992,11944,no (<0.5 psi),0.0000,0.0000,0.1099,0.1122,0.0465,0.1118,0.0521,0.0981,0.0261,0.0673,0.0302,0.0920,0.0428,0.0477,0.0408,0.0448,0.0638,0.1946,0.1892,0.1903,0.1627,0.1750,0.1138,0.2445,0.1149,0.2062,0.1742,0.1745,0.1475,0.1453,0.1298,0.1744
29069,Dunklin Co.,Missouri,36.3173,-90.0181,34503,high (5-10 psi),0.0000,1.0000,0.2394,0.4278,0.0655,0.1213,0.0377,0.1312,0.0891,0.1287,0.1070,0.1002,0.1023,0.1332,0.0816,0.1008,0.0775,0.3987,0.6023,0.0969,0.1431,0.1639,0.1237,0.1037,0.1548,0.1260,0.1350,0.1046,0.2745,0.1613,0.1618,0.2106
29071,Franklin Co.,Missouri,38.4410,-91.0516,75383,very high (>=10 psi),1.0000,1.0000,0.4172,0.5102,0.8901,0.1039,0.3438,0.0887,0.8643,0.2002,0.8930,0.7474,0.3888,0.5465,0.8585,0.2289,0.8447,0.5585,0.7984,0.8615,0.2884,0.5650,0.2433,0.8697,0.2880,0.8824,0.8594,0.5233,0.5532,0.7784,0.3411,0.8159
29073,Gasconade Co.,Missouri,38.5038,-91.5047,13573,no (<0.5 psi),0.0000,0.0000,0.1056,0.0517,0.0345,0.0385,0.0464,0.0440,0.0350,0.0523,0.0338,0.0436,0.0389,0.0366,0.0311,0.0532,0.0369,0.2133,0.2864,0.1995,0.0794,0.2070,0.1139,0.2295,0.1361,0.2023,0.0986,0.1953,0.2006,0.1809,0.1770,0.1809
29075,Gentry Co.,Missouri,40.2603,-94.4085,7682,no (<0.5 psi),0.0000,0.0000,0.0609,0.0558,0.0398,0.0135,0.0368,0.0131,0.0275,0.0467,0.0276,0.0130,0.0319,0.0151,0.0599,0.0201,0.0578,0.1398,0.1226,0.1164,0.1219,0.1342,0.0671,0.1562,0.1929,0.0756,0.0934,0.1554,0.0492,0.1714,0.1782,0.0892
29077,Greene Co.,Missouri,37.1839,-93.3350,196617,no (<0.5 psi),0.0000,0.0000,0.6109,0.9557,0.8360,0.8227,0.7932,0.7362,0.8821,0.7739,0.8174,0.8760,0.8239,0.8534,0.8772,0.8479,0.8651,0.7495,0.9514,0.8701,0.7565,0.8281,0.6144,0.8953,0.8543,0.8843,0.8421,0.8879,0.8777,0.8656,0.8372,0.8971
29079,Grundy Co.,Missouri,40.0830,-93.5653,11331,no (<0.5 psi),0.0000,0.0000,0.0890,0.1348,0.0830,0.0210,0.1104,0.0421,0.0952,0.1041,0.0611,0.0355,0.0650,0.0174,0.1905,0.0962,0.1094,0.1873,0.3017,0.2567,0.0529,0.2774,0.0550,0.3639,0.2682,0.2103,0.0840,0.1694,0.0673,0.4693,0.3001,0.1657
29081,Harrison Co.,Missouri,40.3242,-93.9891,9384,no (<0.5 psi),0.0000,0.0000,0.0742,0.0570,0.0344,0.0149,0.0505,0.0243,0.0318,0.0659,0.0248,0.0130,0.0313,0.0167,0.0912,0.0303,0.0465,0.1629,0.1263,0.0668,0.0308,0.1000,0.0426,0.0688,0.0882,0.0541,0.0344,0.0539,0.0154,0.1186,0.0957,0.0491
29083,Henry Co.,Missouri,38.3252,-93.7940,20020,very high (>=10 psi),1.0000,1.0000,0.1549,0.6674,0.5274,0.1317,0.6760,0.0683,0.5537,0.1184,0.6757,0.1338,0.5588,0.0819,0.4946,0.7842,0.0662,0.2815,0.6911,0.6881,0.3143,0.7999,0.1981,0.6863,0.2330,0.7158,0.3241,0.7210,0.2610,0.7660,0.8619,0.1239
29085,Hickory Co.,Missouri,37.9887,-93.2882,6901,medium (2-5 psi),0.0000,1.0000,0.0623,0.0769,0.2066,0.0325,0.1075,0.0196,0.1567,0.0416,0.1397,0.0201,0.1888,0.0214,0.1248,0.2440,0.0167,0.1228,0.1422,0.2501,0.0869,0.2580,0.0689,0.2423,0.1154,0.2112,0.0581,0.2640,0.0314,0.2839,0.4057,0.0392
29087,Holt Co.,Missouri,40.0619,-95.2309,6468,low (0.5-2 psi),0.0000,0.0000,0.0588,0.0367,0.0065,0.0067,0.0113,0.0077,0.0116,0.0297,0.0056,0.0063,0.0093,0.0114,0.0092,0.0086,0.0178,0.1162,0.1968,0.0571,0.0222,0.0669,0.0168,0.0769,0.0677,0.0386,0.0155,0.0695,0.0194,0.0684,0.0334,0.0522
29089,Howard Co.,Missouri,39.1580,-92.6909,9751,medium (2-5 psi),0.0000,1.0000,0.0770,0.1711,0.2025,0.0354,0.2585,0.0332,0.1456,0.1638,0.1019,0.0167,0.2709,0.0225,0.2310,0.3290,0.0550,0.1677,0.4688,0.8140,0.3072,0.8515,0.2878,0.8007,0.4991,0.7011,0.2379,0.8566,0.1664,0.8162,0.8274,0.2292
29091,Howell Co.,Missouri,36.7062,-91.8954,30024,no (<0.5 psi),0.0000,0.0000,0.2219,0.4575,0.2419,0.3845,0.3613,0.2164,0.2563,0.4143,0.2056,0.3376,0.3455,0.4425,0.2723,0.3547,0.2049,0.3562,0.5806,0.4392,0.8274,0.7300,0.6158,0.6266,0.7128,0.5851,0.8267,0.6235,0.6443,0.6398,0.7137,0.3296
29093,Iron Co.,Missouri,37.4807,-90.6596,10751,no (<0.5 psi),0.0000,0.0000,0.0846,0.0610,0.0155,0.0566,0.0208,0.0948,0.0167,0.1384,0.0149,0.0281,0.0142,0.0228,0.0233,0.0196,0.0468,0.1769,0.2297,0.0342,0.1819,0.0382,0.1235,0.0303,0.0663,0.0314,0.0767,0.0404,0.0739,0.0356,0.0473,0.0377
29095,Jackson Co.,Missouri,38.9806,-94.3594,633482,very high (>=10 psi),1.0000,1.0000,0.8313,0.9913,0.9800,0.9690,0.9727,0.9531,0.9815,0.9579,0.9801,0.9725,0.9751,0.9339,0.9878,0.9719,0.9710,0.9169,0.9949,0.9892,0.9830,0.9799,0.9778,0.9870,0.9672,0.9874,0.9832,0.9829,0.9653,0.9866,0.9750,0.9739
29097,Jasper Co.,Missouri,37.1734,-94.3365,88987,no (<0.5 psi),0.0000,0.0000,0.4333,0.7467,0.3619,0.2757,0.3655,0.4590,0.2908,0.1478,0.3735,0.2467,0.4048,0.2917,0.3516,0.3691,0.4433,0.5948,0.7794,0.3792,0.3558,0.3304,0.3078,0.3349,0.3330,0.3122,0.3738,0.4088,0.2273,0.3672,0.3827,0.3550
29099,Jefferson Co.,Missouri,38.2591,-90.5689,156208,medium (2-5 psi),0.0000,1.0000,0.6063,0.5067,0.5732,0.3422,0.5579,0.2639,0.5746,0.3946,0.5543,0.4322,0.6659,0.7526,0.3896,0.3174,0.6178,0.7088,0.7457,0.7545,0.7350,0.7880,0.5135,0.7269,0.7108,0.7066,0.6841,0.7553,0.8519,0.6940,0.6974,0.8026
29101,Johnson Co.,Missouri,38.7444,-93.8133,38833,very high (>=10 psi),1.0000,1.0000,0.2563,0.9034,0.7719,0.1274,0.8408,0.1161,0.8124,0.3673,0.7422,0.0943,0.8372,0.1392,0.7770,0.8110,0.1774,0.4263,0.9273,0.8725,0.1844,0.9113,0.1638,0.8889,0.3429,0.8624,0.1649,0.8847,0.1180,0.9207,0.9027,0.1825
29103,Knox Co.,Missouri,40.1255,-92.1474,5078,no (<0.5 psi),0.0000,0.0000,0.0403,0.0256,0.0301,0.0056,0.0228,0.0062,0.0219,0.0381,0.0168,0.0051,0.0214,0.0097,0.0316,0.0186,0.0238,0.1008,0.1508,0.0839,0.0245,0.0499,0.0258,0.0775,0.0935,0.0744,0.0193,0.0781,0.0453,0.0800,0.0533,0.0881
29105,Laclede Co.,Missouri,37.6812,-92.5892,25831,low (0.5-2 psi),0.0000,0.0000,0.1992,0.2906,0.1595,0.1273,0.3202,0.2545,0.1555,0.1661,0.1413,0.1390,0.2384,0.1612,0.1523,0.3039,0.1105,0.3258,0.4874,0.4694,0.1852,0.5397,0.2954,0.5076,0.1914,0.4645,0.2621,0.5596,0.2110,0.5543,0.6138,0.2338
29107,Lafayette Co.,Missouri,39.0386,-93.7999,30366,very high (>=10 psi),1.0000,1.0000,0.2142,0.3333,0.2390,0.2412,0.3038,0.0833,0.2854,0.0986,0.2596,0.0833,0.3418,0.1276,0.2084,0.3142,0.0750,0.3695,0.6062,0.7021,0.4307,0.7782,0.3578,0.7516,0.3159,0.7669,0.2752,0.8619,0.3795,0.7310,0.6744,0.3698
29109,Lawrence Co.,Missouri,37.1898,-93.8309,29555,no (<0.5 psi),0.0000,0.0000,0.2194,0.2779,0.1713,0.0985,0.2122,0.1091,0.1650,0.0866,0.1597,0.0845,0.2900,0.0790,0.1959,0.2032,0.1573,0.3529,0.4813,0.3801,0.3077,0.4061,0.2504,0.3622,0.2860,0.3627,0.2208,0.4265,0.1663,0.4080,0.4397,0.2316
29111,Lewis Co.,Missouri,40.0917,-91.7248,10701,no (<0.5 psi),0.0000,0.0000,0.0842,0.0611,0.0242,0.0259,0.0231,0.0229,0.0200,0.0818,0.0135,0.0160,0.0319,0.0272,0.0353,0.0263,0.0551,0.1796,0.2288,0.1020,0.0860,0.0914,0.0812,0.0919,0.1758,0.0799,0.0657,0.0964,0.1508,0.0989,0.0651,0.1504
29113,Lincoln Co.,Missouri,39.0503,-90.9875,24811,low (0.5-2 psi),0.0000,0.0000,0.1821,0.0655,0.0414,0.1000,0.0444,0.0516,0.0481,0.1113,0.0463,0.0845,0.0532,0.1138,0.0441,0.0844,0.1124,0.3179,0.3834,0.2029,0.3262,0.1766,0.1981,0.2248,0.2654,0.2129,0.2406,0.2159,0.4260,0.1658,0.2192,0.2718
29115,Linn Co.,Missouri,39.8371,-93.1083,14856,no (<0.5 psi),0.0000,0.0000,0.1149,0.1410,0.0984,0.0233,0.1503,0.0409,0.0831,0.1225,0.1342,0.0364,0.0793,0.0304,0.2005,0.1207,0.1364,0.2272,0.3784,0.4489,0.0611,0.4149,0.0959,0.5035,0.3088,0.4443,0.0716,0.2961,0.1059,0.4633,0.5374,0.2221
29117,Livingston Co.,Missouri,39.8721,-93.5615,14904,no (<0.5 psi),0.0000,0.0000,0.1153,0.1432,0.1350,0.0256,0.1675,0.0468,0.1341,0.3383,0.1225,0.0211,0.1234,0.0247,0.2605,0.1307,0.1650,0.2277,0.3449,0.4783,0.0559,0.4092,0.0637,0.5178,0.3066,0.4158,0.0611,0.3655,0.1397,0.5839,0.4380,0.2534
29119,McDonald Co.,Missouri,36.5836,-94.3459,15762,no (<0.5 psi),0.0000,0.0000,0.1371,0.1155,0.0387,0.1399,0.1277,0.1567,0.0537,0.0816,0.0352,0.0411,0.0855,0.0802,0.0626,0.1432,0.0338,0.2372,0.1704,0.0775,0.2794,0.1219,0.3573,0.0434,0.1160,0.1465,0.2489,0.0676,0.1554,0.1297,0.1302,0.0781
29121,Macon Co.,Missouri,39.8262,-92.5728,16268,no (<0.5 psi),0.0000,0.0000,0.1250,0.1419,0.0704,0.0353,0.0642,0.0346,0.0693,0.0907,0.0730,0.0186,0.0808,0.0326,0.0941,0.0672,0.0892,0.2419,0.3757,0.2951,0.1302,0.2493,0.1609,0.3409,0.2026,0.3535,0.1032,0.1872,0.1931,0.3478,0.3294,0.1639
29123,Madison Co.,Missouri,37.4041,-90.3468,10882,no (<0.5 psi),0.0000,0.0000,0.0856,0.0353,0.0141,0.1062,0.0139,0.0756,0.0112,0.0854,0.0146,0.0282,0.0230,0.0329,0.0125,0.0198,0.0501,0.1786,0.0990,0.0436,0.1974,0.0617,0.1930,0.0415,0.1309,0.0360,0.1408,0.0452,0.0785,0.0597,0.0686,0.0534
29125,Maries Co.,Missouri,38.1034,-91.9071,7819,no (<0.5 psi),0.0000,0.0000,0.0620,0.0347,0.0138,0.0168,0.0224,0.0241,0.0107,0.0260,0.0148,0.0110,0.0164,0.0101,0.0126,0.0174,0.0179,0.1418,0.2001,0.2688,0.1067,0.3730,0.1646,0.3107,0.1629,0.2057,0.1116,0.3345,0.0391,0.3047,0.3740,0.0946
29127,Marion Co.,Missouri,39.8058,-91.6081,28423,no (<0.5 psi),0.0000,0.0000,0.2043,0.1807,0.1559,0.1372,0.1259,0.0871,0.1075,0.2488,0.0771,0.1004,0.2071,0.1447,0.1493,0.0972,0.2260,0.3450,0.4020,0.1896,0.2390,0.2092,0.1852,0.1487,0.2296,0.1728,0.1802,0.1953,0.2062,0.2305,0.1799,0.1961
29129,Mercer Co.,Missouri,40.4273,-93.5654,4221,no (<0.5 psi),0.0000,0.0000,0.0334,0.0251,0.0220,0.0061,0.0319,0.0098,0.0264,0.0375,0.0176,0.0054,0.0256,0.0083,0.0545,0.0228,0.0267,0.0867,0.0985,0.0669,0.0197,0.0657,0.0197,0.0598,0.0849,0.0378,0.0249,0.0438,0.0337,0.0877,0.0737,0.0336
29131,Miller Co.,Missouri,38.2571,-92.4450,20203,high (5-10 psi),0.0000,1.0000,0.1521,0.2802,0.1080,0.1516,0.0599,0.1331,0.0832,0.1894,0.1021,0.1528,0.0828,0.1271,0.0810,0.0684,0.2073,0.2793,0.5911,0.3249,0.2797,0.3752,0.4099,0.2902,0.2905,0.4347,0.2691,0.2317,0.1653,0.4818,0.3381,0.2002
29133,Mississippi Co.,Missouri,36.8253,-89.3309,15381,no (<0.5 psi),0.0000,0.0000,0.1187,0.0987,0.0125,0.0297,0.0264,0.0218,0.0109,0.0432,0.0091,0.0286,0.0203,0.0429,0.0125,0.0218,0.0206,0.2330,0.2769,0.1184,0.1238,0.1111,0.0895,0.0927,0.0727,0.0684,0.1096,0.0986,0.2031,0.0969,0.0983,0.0914
29135,Moniteau Co.,Missouri,38.6384,-92.6339,12441,very high (>=10 psi),1.0000,1.0000,0.0973,0.1673,0.2221,0.0589,0.1873,0.0581,0.2017,0.1397,0.1180,0.0358,0.2169,0.0249,0.3239,0.3304,0.0859,0.2005,0.5586,0.8164,0.2890,0.8109,0.3450,0.7606,0.3385,0.7721,0.2702,0.7664,0.1503,0.8413,0.7849,0.2677
29137,Monroe Co.,Missouri,39.4591,-92.0105,9346,no (<0.5 psi),0.0000,0.0000,0.0739,0.0561,0.0287,0.0189,0.0168,0.0377,0.0185,0.0874,0.0154,0.0245,0.0239,0.0308,0.0369,0.0433,0.0563,0.1624,0.2579,0.1403,0.0410,0.0909,0.0754,0.1354,0.1445,0.1185,0.0395,0.0920,0.0438,0.1739,0.1235,0.1314
29139,Montgomery Co.,Missouri,38.9193,-91.4518,11255,no (<0.5 psi),0.0000,0.0000,0.0884,0.0427,0.0320,0.0943,0.0328,0.0456,0.0332,0.1785,0.0190,0.0777,0.0256,0.0443,0.0424,0.0589,0.0466,0.1864,0.2908,0.2749,0.3365,0.2323,0.1932,0.2965,0.3218,0.2477,0.3238,0.2490,0.4349,0.2621,0.3303,0.3081
29141,Morgan Co.,Missouri,38.4380,-92.8515,14947,very high (>=10 psi),1.0000,1.0000,0.1156,0.1712,0.2682,0.1015,0.2755,0.0958,0.2795,0.1346,0.2467,0.0916,0.3471,0.0654,0.3173,0.3796,0.0788,0.2282,0.5618,0.7316,0.2491,0.7215,0.3905,0.6764,0.2435,0.7087,0.1889,0.6956,0.1996,0.7484,0.7658,0.2043
29143,New Madrid Co.,Missouri,36.6073,-89.6703,22009,low (0.5-2 psi),0.0000,0.0000,0.1641,0.3935,0.1935,0.0671,0.0399,0.0590,0.2350,0.0724,0.1410,0.2295,0.0457,0.1499,0.1374,0.0348,0.1045,0.3004,0.6087,0.1508,0.0817,0.1117,0.1340,0.1776,0.1046,0.1212,0.2404,0.1081,0.2152,0.1726,0.0628,0.2514
29145,Newton Co.,Missouri,36.8491,-94.3417,42517,no (<0.5 psi),0.0000,0.0000,0.2811,0.3424,0.1842,0.2302,0.3760,0.2750,0.2270,0.2016,0.2118,0.1779,0.3962,0.1463,0.3404,0.4270,0.2670,0.4306,0.4993,0.1870,0.3125,0.2563,0.2792,0.2242,0.2794,0.2214,0.2246,0.2484,0.1595,0.2080,0.3464,0.1865
29147,Nodaway Co.,Missouri,40.3242,-94.8898,21867,no (<0.5 psi),0.0000,0.0000,0.1631,0.1231,0.1743,0.0637,0.1071,0.0744,0.1140,0.0604,0.1147,0.0806,0.1382,0.0951,0.1212,0.1630,0.0625,0.2938,0.2513,0.2509,0.1583,0.1675,0.1285,0.3096,0.1605,0.2594,0.1702,0.3145,0.1865,0.2051,0.3614,0.1439
29149,Oregon Co.,Missouri,36.7025,-91.3988,9743,no (<0.5 psi),0.0000,0.0000,0.0931,0.1367,0.0241,0.0223,0.0189,0.0231,0.0117,0.0381,0.0146,0.0281,0.0256,0.0183,0.0175,0.0193,0.0276,0.1676,0.2810,0.1243,0.0244,0.1437,0.0293,0.1162,0.0530,0.1319,0.0310,0.1554,0.0259,0.1739,0.1502,0.0515
29151,Osage Co.,Missouri,38.5129,-91.8299,12113,low (0.5-2 psi),0.0000,0.0000,0.0948,0.0956,0.0433,0.0579,0.0641,0.0590,0.0376,0.1107,0.0323,0.0383,0.0515,0.0593,0.0295,0.0563,0.0613,0.1966,0.4963,0.2845,0.1259,0.3228,0.1972,0.3281,0.1108,0.4289,0.1185,0.3177,0.2934,0.3710,0.2768,0.1951
29153,Ozark Co.,Missouri,36.6465,-92.4424,8372,no (<0.5 psi),0.0000,0.0000,0.0821,0.1057,0.0313,0.0667,0.0472,0.0531,0.0202,0.1212,0.0220,0.0713,0.0567,0.0551,0.0257,0.0397,0.0701,0.1494,0.2374,0.1679,0.1510,0.1588,0.1060,0.1950,0.1609,0.1710,0.1095,0.2034,0.2168,0.1237,0.1230,0.1114
29155,Pemiscot Co.,Missouri,36.2051,-89.8106,23227,very high (>=10 psi),1.0000,1.0000,0.1720,0.2907,0.0595,0.0501,0.0333,0.0394,0.0550,0.0540,0.0555,0.0328,0.0687,0.1131,0.0442,0.0525,0.0347,0.3114,0.5585,0.0798,0.0943,0.1399,0.0935,0.0572,0.1042,0.0868,0.0674,0.0956,0.1297,0.1109,0.1026,0.1098
29157,Perry Co.,Missouri,37.7376,-89.8338,16717,no (<0.5 psi),0.0000,0.0000,0.1281,0.0578,0.0205,0.0403,0.0314,0.0303,0.0375,0.0827,0.0127,0.0346,0.0294,0.0596,0.0224,0.0254,0.0394,0.2476,0.2053,0.1742,0.3097,0.2290,0.2643,0.2050,0.3408,0.1475,0.2973,0.3157,0.4583,0.0897,0.1487,0.4306
29159,Pettis Co.,Missouri,38.7960,-93.2776,35653,very high (>=10 psi),1.0000,1.0000,0.2458,0.6323,0.6504,0.1586,0.5579,0.1641,0.6296,0.2332,0.6621,0.1903,0.6136,0.3073,0.6693,0.6734,0.2476,0.3923,0.8974,0.8071,0.2009,0.7931,0.1016,0.7832,0.3246,0.7790,0.2026,0.7655,0.2446,0.7470,0.8159,0.2643
29161,Phelps Co.,Missouri,37.9004,-91.7753,34572,low (0.5-2 psi),0.0000,0.0000,0.2398,0.1616,0.0876,0.1323,0.1027,0.1167,0.0722,0.2023,0.0707,0.0935,0.0959,0.0723,0.1099,0.1422,0.0873,0.3857,0.5330,0.3974,0.2544,0.4457,0.1807,0.4412,0.3006,0.3681,0.2461,0.4396,0.1379,0.4275,0.5582,0.1992
29163,Pike Co.,Missouri,39.3733,-91.1732,16386,no (<0.5 psi),0.0000,0.0000,0.1258,0.0809,0.0663,0.0506,0.0439,0.0536,0.0794,0.1055,0.0380,0.0392,0.0666,0.1073,0.0602,0.0420,0.1735,0.2431,0.3275,0.2269,0.1302,0.1824,0.1984,0.2917,0.2307,0.1847,0.1046,0.1816,0.3789,0.1752,0.1564,0.3727
29165,Platte Co.,Missouri,39.3360,-94.7548,50062,very high (>=10 psi),1.0000,1.0000,0.3051,0.3107,0.2033,0.1667,0.2395,0.2125,0.2110,0.2148,0.1977,0.1410,0.2612,0.2715,0.2411,0.2687,0.2510,0.4872,0.6905,0.8065,0.6203,0.7063,0.6116,0.8040,0.5147,0.7685,0.5092,0.8105,0.6847,0.7019,0.7246,0.6162
29167,Polk Co.,Missouri,37.6512,-93.3941,20183,medium (2-5 psi),0.0000,1.0000,0.1659,0.3074,0.2326,0.2409,0.2370,0.1841,0.2370,0.4170,0.1358,0.1986,0.3001,0.2766,0.1821,0.2677,0.3064,0.2791,0.3969,0.6408,0.5991,0.5160,0.4517,0.5089,0.5155,0.5942,0.5975,0.5615,0.6336,0.4568,0.4892,0.5344
29169,Pulaski Co.,Missouri,37.7865,-92.2184,40660,very high (>=10 psi),1.0000,1.0000,0.2647,0.5764,0.5668,0.2850,0.6941,0.1993,0.6013,0.3017,0.4900,0.2603,0.6388,0.1142,0.7051,0.7959,0.0894,0.4372,0.6370,0.7105,0.2180,0.7548,0.2234,0.7260,0.2840,0.7374,0.2013,0.6759,0.2061,0.6931,0.8354,0.0970
29171,Putnam Co.,Missouri,40.4673,-93.0336,5469,no (<0.5 psi),0.0000,0.0000,0.0434,0.0562,0.0270,0.0059,0.0227,0.0065,0.0159,0.0191,0.0213,0.0102,0.0203,0.0097,0.0431,0.0157,0.0175,0.1070,0.1409,0.0413,0.0187,0.0476,0.0178,0.0435,0.0844,0.0290,0.0178,0.0299,0.0194,0.0610,0.0489,0.0304
29173,Ralls Co.,Missouri,39.4767,-91.5640,8875,no (<0.5 psi),0.0000,0.0000,0.0702,0.0865,0.0198,0.0231,0.0157,0.0170,0.0200,0.0396,0.0113,0.0134,0.0168,0.0208,0.0265,0.0293,0.0373,0.1562,0.2867,0.1640,0.1243,0.1390,0.1219,0.1193,0.2123,0.0801,0.0595,0.1258,0.0831,0.1638,0.1297,0.1035
29175,Randolph Co.,Missouri,39.4765,-92.5035,26012,no (<0.5 psi),0.0000,0.0000,0.1896,0.4650,0.4023,0.2563,0.0957,0.2141,0.3988,0.2491,0.3212,0.4217,0.1182,0.1816,0.3023,0.0951,0.3373,0.3272,0.6474,0.5213,0.4142,0.3440,0.3606,0.4660,0.3669,0.4418,0.2453,0.3634,0.3340,0.4597,0.3757,0.2745
29177,Ray Co.,Missouri,39.3351,-93.9849,21744,medium (2-5 psi),0.0000,1.0000,0.1623,0.1775,0.6214,0.1052,0.6941,0.1132,0.5740,0.1236,0.6325,0.0896,0.6236,0.1486,0.6294,0.6556,0.2387,0.2928,0.5343,0.7916,0.1250,0.6874,0.1349,0.7613,0.1988,0.8082,0.1160,0.8309,0.4372,0.6101,0.6576,0.4945
29179,Reynolds Co.,Missouri,37.3428,-90.9633,6986,no (<0.5 psi),0.0000,0.0000,0.0555,0.0711,0.0145,0.0082,0.0080,0.0137,0.0126,0.0341,0.0129,0.0116,0.0074,0.0100,0.0225,0.0080,0.0210,0.1241,0.1670,0.0470,0.0367,0.0283,0.0341,0.0361,0.0292,0.0375,0.0420,0.0266,0.0411,0.0428,0.0318,0.0342
29181,Ripley Co.,Missouri,36.6357,-90.8577,12342,no (<0.5 psi),0.0000,0.0000,0.1129,0.1381,0.0200,0.0358,0.0264,0.0293,0.0179,0.0552,0.0154,0.0279,0.0353,0.0287,0.0181,0.0288,0.0227,0.1993,0.3177,0.0631,0.1400,0.1685,0.0561,0.0940,0.1550,0.1096,0.1117,0.0805,0.0928,0.1251,0.1463,0.0711
29183,St. Charles Co.,Missouri,38.7561,-90.7285,171890,very high (>=10 psi),1.0000,1.0000,0.6300,0.6994,0.8774,0.6308,0.7080,0.6338,0.8894,0.6377,0.8571,0.8117,0.7557,0.8480,0.8177,0.5901,0.8194,0.7262,0.8761,0.8130,0.8692,0.8434,0.7717,0.8185,0.7526,0.8223,0.8656,0.6933,0.8755,0.8827,0.7422,0.7625
29185,St. Clair Co.,Missouri,37.9757,-93.7851,8396,very high (>=10 psi),1.0000,1.0000,0.0742,0.1104,0.3701,0.0141,0.1942,0.0117,0.2153,0.0466,0.1436,0.0152,0.3113,0.0211,0.1425,0.2747,0.0308,0.1447,0.1613,0.2335,0.0843,0.2341,0.0659,0.2782,0.0552,0.2263,0.0725,0.2845,0.0295,0.3186,0.3659,0.0342
29186,Ste. Genevieve Co.,Missouri,37.9008,-90.1966,15423,no (<0.5 psi),0.0000,0.0000,0.1190,0.0364,0.0341,0.1171,0.0568,0.0667,0.0330,0.0860,0.0296,0.0659,0.0515,0.1683,0.0343,0.0563,0.0487,0.2332,0.2139,0.0587,0.1987,0.0975,0.1484,0.0694,0.1529,0.0568,0.1692,0.0670,0.2315,0.0730,0.0610,0.1223
29187,St. Francois Co.,Missouri,37.8569,-90.5374,43986,no (<0.5 psi),0.0000,0.0000,0.2890,0.1082,0.0937,0.2219,0.1928,0.1413,0.0866,0.1502,0.1225,0.1510,0.1611,0.3202,0.1272,0.2119,0.1453,0.4381,0.4542,0.2395,0.4174,0.2715,0.2472,0.3537,0.3732,0.3459,0.3759,0.3339,0.5039,0.2128,0.2290,0.3081
29189,St. Louis Co.,Missouri,38.6287,-90.5203,984907,very high (>=10 psi),1.0000,1.0000,0.9143,0.9063,0.9643,0.9687,0.9418,0.9557,0.9706,0.9322,0.9638,0.9539,0.9659,0.9796,0.9264,0.9508,0.9693,0.9271,0.9430,0.9704,0.9798,0.9754,0.9498,0.9690,0.9513,0.9781,0.9719,0.9697,0.9903,0.9541,0.9707,0.9756
29195,Saline Co.,Missouri,39.1731,-93.1911,24353,very high (>=10 psi),1.0000,1.0000,0.1792,0.5239,0.4445,0.0640,0.5840,0.0548,0.4092,0.0922,0.4351,0.0354,0.3231,0.0613,0.5472,0.5519,0.0629,0.3143,0.7688,0.7841,0.1727,0.8400,0.1059,0.7907,0.3142,0.7766,0.1169,0.7967,0.1309,0.7623,0.8190,0.2132
29199,Scotland Co.,Missouri,40.4719,-92.1480,5221,no (<0.5 psi),0.0000,0.0000,0.0485,0.0407,0.0112,0.0080,0.0073,0.0114,0.0090,0.0179,0.0090,0.0081,0.0112,0.0105,0.0078,0.0078,0.0117,0.0966,0.0921,0.0286,0.0281,0.0222,0.0262,0.0342,0.0432,0.0246,0.0327,0.0309,0.0371,0.0204,0.0201,0.0553
29201,Scott Co.,Missouri,37.0575,-89.5770,39779,no (<0.5 psi),0.0000,0.0000,0.2677,0.3635,0.1517,0.1894,0.1637,0.1175,0.1386,0.2841,0.0922,0.1964,0.1652,0.2711,0.1564,0.1084,0.1986,0.4320,0.5802,0.6190,0.3501,0.5558,0.3921,0.5477,0.3507,0.5204,0.2682,0.5497,0.4705,0.5983,0.5061,0.5436
29203,Shannon Co.,Missouri,37.1531,-91.3440,7789,no (<0.5 psi),0.0000,0.0000,0.0618,0.0388,0.0077,0.0091,0.0098,0.0075,0.0093,0.0159,0.0065,0.0084,0.0094,0.0057,0.0099,0.0078,0.0179,0.1360,0.0799,0.0183,0.0383,0.0204,0.0347,0.0173,0.0248,0.0175,0.0359,0.0182,0.0118,0.0173,0.0200,0.0127
29205,Shelby Co.,Missouri,39.8056,-92.0679,7386,no (<0.5 psi),0.0000,0.0000,0.0586,0.0619,0.0138,0.0072,0.0146,0.0092,0.0120,0.0212,0.0114,0.0060,0.0155,0.0091,0.0193,0.0218,0.0221,0.1357,0.1756,0.0958,0.0358,0.1045,0.0460,0.0867,0.0624,0.0948,0.0250,0.0636,0.0381,0.1376,0.1209,0.0411
29207,Stoddard Co.,Missouri,36.8778,-89.9720,28772,no (<0.5 psi),0.0000,0.0000,0.2064,0.1888,0.0604,0.0519,0.0380,0.0598,0.0478,0.1908,0.0469,0.0566,0.0629,0.0740,0.0410,0.0378,0.1527,0.3574,0.4222,0.1007,0.1210,0.0937,0.1716,0.0718,0.1631,0.0851,0.1122,0.0913,0.1401,0.1093,0.0951,0.1427
29209,Stone Co.,Missouri,36.7734,-93.4409,17196,no (<0.5 psi),0.0000,0.0000,0.1467,0.2390,0.0783,0.0230,0.0784,0.0351,0.0873,0.0295,0.0538,0.0278,0.1076,0.0317,0.1026,0.0775,0.0385,0.2511,0.4354,0.2236,0.1854,0.2413,0.1754,0.2310,0.2289,0.1986,0.2370,0.2787,0.2489,0.3328,0.2356,0.2169
29211,Sullivan Co.,Missouri,40.1518,-93.1112,6929,no (<0.5 psi),0.0000,0.0000,0.0550,0.0470,0.0337,0.0067,0.0260,0.0082,0.0275,0.0280,0.0264,0.0049,0.0288,0.0099,0.0442,0.0196,0.0389,0.1291,0.1659,0.1614,0.0277,0.0901,0.0344,0.1549,0.1327,0.1165,0.0252,0.0973,0.0329,0.1693,0.1224,0.0690
29213,Taney Co.,Missouri,36.6142,-93.0407,23777,no (<0.5 psi),0.0000,0.0000,0.1875,0.4913,0.2792,0.2183,0.2109,0.3156,0.1975,0.3716,0.1732,0.1282,0.2173,0.0795,0.2538,0.1611,0.3390,0.3097,0.5041,0.3848,0.2136,0.2931,0.2236,0.3965,0.3263,0.3303,0.2226,0.3538,0.3875,0.3895,0.2822,0.2655
29215,Texas Co.,Missouri,37.3388,-91.9497,21370,low (0.5-2 psi),0.0000,0.0000,0.1732,0.1922,0.1046,0.1178,0.1429,0.0733,0.1218,0.1452,0.0634,0.0875,0.1615,0.0906,0.1229,0.1326,0.0847,0.2896,0.3734,0.2110,0.2691,0.3683,0.2056,0.2904,0.2965,0.3225,0.2197,0.3748,0.2579,0.2814,0.3988,0.2019
29217,Vernon Co.,Missouri,37.8283,-94.3426,19451,low (0.5-2 psi),0.0000,0.0000,0.1513,0.3146,0.1233,0.0708,0.1438,0.0978,0.0786,0.1353,0.1336,0.0697,0.1011,0.0542,0.1061,0.2111,0.1317,0.2759,0.3885,0.2444,0.1112,0.1892,0.1350,0.2667,0.1569,0.2115,0.1719,0.2025,0.1134,0.2340,0.2813,0.2200
29219,Warren Co.,Missouri,38.7420,-91.1902,17222,no (<0.5 psi),0.0000,0.0000,0.1317,0.0633,0.0818,0.1221,0.1430,0.1356,0.1038,0.1429,0.0800,0.1481,0.1532,0.2340,0.0531,0.0574,0.1208,0.2514,0.3112,0.2295,0.3689,0.3054,0.3514,0.3007,0.4300,0.3265,0.3276,0.4139,0.5476,0.2229,0.1886,0.3360
29221,Washington Co.,Missouri,37.8701,-90.8699,18811,no (<0.5 psi),0.0000,0.0000,0.1427,0.0575,0.0428,0.2020,0.0449,0.1661,0.0494,0.0875,0.0500,0.1939,0.0455,0.1248,0.0404,0.1236,0.0826,0.2666,0.2280,0.0628,0.2769,0.0840,0.3179,0.0910,0.2700,0.0925,0.2684,0.0893,0.1741,0.1060,0.1155,0.1489
29223,Wayne Co.,Missouri,37.1120,-90.5008,11427,no (<0.5 psi),0.0000,0.0000,0.0897,0.0513,0.0167,0.0493,0.0172,0.0635,0.0154,0.0533,0.0132,0.0236,0.0168,0.0321,0.0236,0.0265,0.0329,0.1856,0.1572,0.0463,0.0657,0.0414,0.0571,0.0348,0.0303,0.0577,0.0467,0.0650,0.0711,0.0300,0.0521,0.0387
29225,Webster Co.,Missouri,37.3423,-92.8825,22121,no (<0.5 psi),0.0000,0.0000,0.1777,0.2601,0.1757,0.1951,0.1970,0.1996,0.1594,0.2322,0.1359,0.1660,0.1660,0.1837,0.1573,0.2329,0.1123,0.2960,0.4841,0.4023,0.3387,0.4419,0.2515,0.4851,0.2890,0.4471,0.3123,0.4527,0.3691,0.4281,0.4555,0.2975
29229,Wright Co.,Missouri,37.3682,-92.4710,16539,no (<0.5 psi),0.0000,0.0000,0.1424,0.1443,0.0901,0.0807,0.1171,0.0568,0.0743,0.0735,0.0626,0.0691,0.1144,0.0722,0.0783,0.1033,0.0872,0.2446,0.3327,0.3774,0.1636,0.3401,0.1522,0.4086,0.1380,0.3723,0.1687,0.4405,0.1775,0.4344,0.4095,0.1610
29510,St. Louis city,Missouri,38.6446,-90.2418,426737,very high (>=10 psi),1.0000,1.0000,0.8158,0.8145,0.9143,0.7960,0.8988,0.7635,0.9040,0.8837,0.8704,0.8159,0.9052,0.9633,0.8425,0.8689,0.9331,0.8572,0.9643,0.9803,0.9725,0.9791,0.9447,0.9839,0.9741,0.9850,0.9819,0.9751,0.9892,0.9653,0.9712,0.9766
30003,Big Horn Co.,Montana,45.5957,-107.3990,11411,low (0.5-2 psi),0.0000,0.0000,0.0906,0.1046,0.2081,0.1838,0.2563,0.0734,0.2758,0.2706,0.2287,0.1876,0.1566,0.2995,0.1684,0.1639,0.2433,0.1854,0.1107,0.4854,0.1755,0.3373,0.0711,0.4142,0.3855,0.4716,0.2872,0.4424,0.5353,0.3915,0.3792,0.4882
30007,Broadwater Co.,Montana,46.3091,-111.4519,3494,no (<0.5 psi),0.0000,0.0000,0.0186,0.1417,0.0716,0.0496,0.0888,0.0429,0.0806,0.0225,0.2303,0.0523,0.0965,0.0375,0.0790,0.1547,0.0413,0.0747,0.2809,0.6650,0.2112,0.7098,0.3178,0.5776,0.2399,0.7173,0.2426,0.6327,0.2594,0.5809,0.7779,0.3307
30011,Carter Co.,Montana,45.6148,-104.5116,1727,medium (2-5 psi),0.0000,1.0000,0.0142,0.0484,0.2590,0.1132,0.2984,0.3059,0.1805,0.0754,0.2392,0.0934,0.2588,0.1276,0.1936,0.2461,0.1296,0.0354,0.0442,0.3680,0.1985,0.3880,0.3977,0.2560,0.1819,0.3947,0.1854,0.3494,0.1820,0.3098,0.2352,0.3467
30013,Cascade Co.,Montana,47.2737,-111.4160,79591,very high (>=10 psi),1.0000,1.0000,0.4020,0.9997,0.9479,0.5037,0.9526,0.4083,0.9536,0.5167,0.9617,0.5331,0.9632,0.7761,0.9520,0.9512,0.6673,0.5523,0.9962,0.9727,0.8080,0.9348,0.7248,0.9795,0.8058,0.9670,0.7567,0.9805,0.8363,0.9509,0.9577,0.8365
30015,Chouteau Co.,Montana,47.8093,-110.4729,5924,very high (>=10 psi),1.0000,1.0000,0.0335,0.2449,0.5816,0.0203,0.6962,0.0362,0.6095,0.0441,0.6604,0.0230,0.6234,0.0373,0.5999,0.5116,0.0823,0.1078,0.3110,0.7513,0.1375,0.6568,0.0906,0.7503,0.0567,0.6963,0.1046,0.8098,0.1689,0.7556,0.6666,0.1393
30019,Daniels Co.,Montana,48.7370,-105.5294,2609,no (<0.5 psi),0.0000,0.0000,0.0134,0.0353,0.0826,0.1278,0.0630,0.0270,0.0736,0.0613,0.0511,0.1257,0.0954,0.0596,0.0911,0.0874,0.0255,0.0449,0.0377,0.2157,0.5264,0.2147,0.2482,0.2641,0.3559,0.2524,0.5078,0.2899,0.5420,0.2311,0.2484,0.2721
30027,Fergus Co.,Montana,47.2496,-109.3589,12898,very high (>=10 psi),1.0000,1.0000,0.0777,0.3834,0.2310,0.2635,0.3754,0.1372,0.1630,0.0970,0.2674,0.2373,0.2268,0.0995,0.3024,0.5408,0.0819,0.2039,0.3027,0.6544,0.2447,0.6285,0.1896,0.6967,0.2809,0.7488,0.2004,0.7199,0.1563,0.6629,0.8039,0.2378
30029,Flathead Co.,Montana,48.2994,-114.0926,57662,no (<0.5 psi),0.0000,0.0000,0.3175,0.7448,0.7439,0.7753,0.7892,0.6870,0.7246,0.5576,0.7948,0.6833,0.7298,0.7703,0.5631,0.7002,0.6777,0.4822,0.8319,0.6859,0.7011,0.7907,0.5369,0.6733,0.4370,0.7446,0.6662,0.6098,0.8459,0.5016,0.3897,0.6295
30035,Glacier Co.,Montana,48.6578,-112.9647,11645,very high (>=10 psi),1.0000,1.0000,0.0913,0.2417,0.3251,0.3268,0.2763,0.2384,0.3943,0.2022,0.2857,0.2490,0.4846,0.1675,0.4944,0.3733,0.2400,0.1772,0.2853,0.3532,0.2727,0.3145,0.1233,0.4061,0.1714,0.3755,0.2862,0.3563,0.2896,0.4387,0.3132,0.2262
30037,Golden Valley Co.,Montana,46.4083,-109.1311,1062,very high (>=10 psi),1.0000,1.0000,0.0049,0.0088,0.0777,0.0085,0.0478,0.0111,0.0873,0.0211,0.0903,0.0109,0.1096,0.0236,0.0845,0.0580,0.0206,0.0224,0.0164,0.2229,0.0460,0.1638,0.0283,0.2207,0.3724,0.3358,0.0478,0.2008,0.1213,0.1708,0.1309,0.2746
30039,Granite Co.,Montana,46.3864,-113.4197,2694,no (<0.5 psi),0.0000,0.0000,0.0139,0.0236,0.0433,0.0447,0.0662,0.0253,0.0223,0.0134,0.0384,0.0535,0.0416,0.0809,0.0277,0.0261,0.0233,0.0604,0.1140,0.0767,0.1561,0.1611,0.1334,0.0787,0.0541,0.1121,0.1605,0.0942,0.1309,0.0719,0.1346,0.0568
30041,Hill Co.,Montana,48.5671,-110.1225,17847,no (<0.5 psi),0.0000,0.0000,0.1360,0.5043,0.6016,0.1508,0.5531,0.2471,0.6224,0.2325,0.6440,0.1757,0.6406,0.2436,0.6511,0.4980,0.5146,0.2386,0.4799,0.7391,0.3380,0.7062,0.5065,0.7626,0.3912,0.6747,0.3840,0.8279,0.2984,0.8456,0.7526,0.6082
30043,Jefferson Co.,Montana,46.1606,-112.1490,7709,medium (2-5 psi),0.0000,1.0000,0.0447,0.1486,0.1387,0.5291,0.1583,0.3095,0.1335,0.0735,0.2875,0.4827,0.1208,0.4183,0.1335,0.2502,0.0917,0.1386,0.3144,0.1452,0.2942,0.3732,0.3568,0.1318,0.0575,0.3164,0.3808,0.1764,0.1022,0.1859,0.3750,0.0603
30045,Judith Basin Co.,Montana,47.0534,-110.2000,2585,very high (>=10 psi),1.0000,1.0000,0.0133,0.0665,0.4556,0.0241,0.5644,0.0401,0.4513,0.0194,0.6212,0.0275,0.5841,0.0183,0.5585,0.5382,0.0236,0.0514,0.0739,0.5971,0.1239,0.6830,0.0817,0.5754,0.0874,0.5104,0.1424,0.6483,0.0932,0.6755,0.6330,0.0686
30047,Lake Co.,Montana,47.5958,-114.1256,20823,low (0.5-2 psi),0.0000,0.0000,0.1270,0.2706,0.4176,0.3283,0.4885,0.2633,0.3675,0.1158,0.5671,0.3906,0.4067,0.4077,0.3809,0.4608,0.2131,0.2769,0.3890,0.2543,0.3249,0.5999,0.2962,0.2410,0.1434,0.4102,0.4307,0.2498,0.1971,0.3300,0.4156,0.1705
30049,Lewis and Clark Co.,Montana,47.1848,-112.5343,46912,very high (>=10 psi),1.0000,1.0000,0.2688,0.9285,0.7975,0.9211,0.9319,0.8678,0.6343,0.7600,0.8436,0.8684,0.7125,0.8165,0.8237,0.7934,0.6501,0.4376,0.9529,0.6699,0.7788,0.8741,0.8412,0.5998,0.5474,0.8688,0.7580,0.7040,0.5015,0.7567,0.6596,0.5537
30051,Liberty Co.,Montana,48.3931,-111.0144,2392,very high (>=10 psi),1.0000,1.0000,0.0122,0.0751,0.3743,0.0248,0.2648,0.0382,0.3565,0.0526,0.4426,0.0278,0.3304,0.0401,0.2872,0.3308,0.0913,0.0479,0.1048,0.6247,0.2383,0.5196,0.1504,0.6487,0.1409,0.6022,0.2527,0.6192,0.3241,0.5163,0.5453,0.3150
30053,Lincoln Co.,Montana,48.3829,-115.4481,18634,no (<0.5 psi),0.0000,0.0000,0.1136,0.2600,0.3253,0.4560,0.4645,0.3283,0.4059,0.3271,0.4950,0.4085,0.4035,0.2609,0.3515,0.5792,0.2681,0.2580,0.4455,0.3715,0.6147,0.5224,0.3874,0.3818,0.2491,0.4880,0.6436,0.3021,0.3560,0.4398,0.6026,0.2671
30059,Meagher Co.,Montana,46.6371,-110.8196,2075,low (0.5-2 psi),0.0000,0.0000,0.0104,0.0494,0.1601,0.0217,0.2350,0.0353,0.1211,0.0152,0.2145,0.0244,0.1587,0.0222,0.1496,0.1983,0.0206,0.0487,0.1368,0.7625,0.2221,0.7659,0.2400,0.7133,0.1171,0.7727,0.1770,0.7917,0.1014,0.7478,0.8450,0.1968
30061,Mineral Co.,Montana,47.0990,-114.8626,3650,no (<0.5 psi),0.0000,0.0000,0.0196,0.0228,0.0322,0.1172,0.0535,0.0814,0.0277,0.0158,0.0401,0.1098,0.0338,0.1750,0.0372,0.0375,0.0368,0.0774,0.0818,0.0448,0.2372,0.1112,0.2573,0.0561,0.0378,0.0842,0.3800,0.0550,0.2693,0.0532,0.1058,0.0541
30063,Missoula Co.,Montana,47.1078,-113.9440,77774,very high (>=10 psi),1.0000,1.0000,0.3956,0.6381,0.5510,0.5960,0.4331,0.4637,0.4456,0.3028,0.6633,0.6405,0.4824,0.7053,0.3625,0.3543,0.6255,0.5474,0.7425,0.5190,0.5255,0.5886,0.5147,0.5519,0.3355,0.7157,0.5994,0.5767,0.8976,0.3860,0.4284,0.6656
30065,Musselshell Co.,Montana,46.4235,-108.3207,4759,no (<0.5 psi),0.0000,0.0000,0.0263,0.0395,0.0299,0.0143,0.0277,0.0107,0.0274,0.0431,0.0239,0.0187,0.0352,0.0112,0.0399,0.0469,0.0149,0.0890,0.0691,0.3833,0.1454,0.2327,0.0860,0.4162,0.7654,0.3603,0.1944,0.3484,0.4792,0.3454,0.2166,0.6929
30069,Petroleum Co.,Montana,47.1752,-108.3331,579,low (0.5-2 psi),0.0000,0.0000,0.0024,0.0085,0.1309,0.0871,0.1057,0.0225,0.1583,0.1998,0.1101,0.0847,0.1359,0.0480,0.1845,0.2713,0.0348,0.0126,0.0124,0.4036,0.1246,0.2613,0.0667,0.3990,0.5991,0.2300,0.1106,0.3788,0.2836,0.3616,0.2848,0.4865
30073,Pondera Co.,Montana,48.2342,-112.4458,6747,very high (>=10 psi),1.0000,1.0000,0.0387,0.1904,0.1496,0.3422,0.3597,0.1910,0.1356,0.0356,0.2120,0.2916,0.1583,0.1403,0.2925,0.3947,0.0376,0.1205,0.1957,0.5111,0.5874,0.5692,0.3928,0.6308,0.5281,0.5580,0.5910,0.4603,0.5310,0.7175,0.6939,0.2866
30075,Powder River Co.,Montana,45.3973,-105.6106,2465,no (<0.5 psi),0.0000,0.0000,0.0204,0.0801,0.0824,0.2166,0.0993,0.1360,0.0760,0.1668,0.1109,0.1801,0.1132,0.2065,0.0625,0.1056,0.1628,0.0492,0.0660,0.4035,0.1741,0.3296,0.2737,0.2861,0.4055,0.3593,0.1747,0.3654,0.3587,0.3386,0.1849,0.4766
30077,Powell Co.,Montana,47.0057,-113.0486,6904,low (0.5-2 psi),0.0000,0.0000,0.0396,0.0854,0.0793,0.0940,0.1817,0.1025,0.0765,0.0288,0.1120,0.0648,0.0964,0.1163,0.0709,0.0946,0.0239,0.1276,0.2741,0.2247,0.1183,0.4392,0.3619,0.1616,0.0644,0.5050,0.1344,0.3062,0.1035,0.2891,0.3632,0.1281
30085,Roosevelt Co.,Montana,48.3042,-104.9248,11485,very high (>=10 psi),1.0000,1.0000,0.1065,0.3074,0.1294,0.1094,0.1404,0.1177,0.2329,0.1758,0.1353,0.0964,0.1494,0.0664,0.2007,0.2525,0.1104,0.1856,0.2597,0.3594,0.3245,0.2545,0.1296,0.3535,0.2947,0.3347,0.3094,0.3428,0.1300,0.3855,0.3556,0.1701
30087,Rosebud Co.,Montana,46.0021,-106.5647,12191,no (<0.5 psi),0.0000,0.0000,0.0732,0.2460,0.5874,0.0368,0.0679,0.0224,0.5820,0.0558,0.5845,0.5179,0.1067,0.0368,0.5128,0.0798,0.5426,0.1952,0.3869,0.8840,0.1381,0.5804,0.1104,0.8485,0.4930,0.8946,0.8345,0.5573,0.5812,0.8962,0.5181,0.8869
30089,Sanders Co.,Montana,47.6888,-115.1536,9169,no (<0.5 psi),0.0000,0.0000,0.0540,0.1910,0.0933,0.1627,0.1635,0.1776,0.1189,0.0508,0.1799,0.1728,0.0957,0.3795,0.0756,0.1510,0.1101,0.1577,0.4157,0.1399,0.2662,0.1761,0.1225,0.1583,0.0414,0.3477,0.2224,0.1116,0.3162,0.1254,0.2662,0.0955
30091,Sheridan Co.,Montana,48.7804,-104.5427,5568,very high (>=10 psi),1.0000,1.0000,0.0313,0.0754,0.1338,0.0478,0.1161,0.0258,0.0982,0.2540,0.0537,0.0557,0.1325,0.0452,0.1724,0.1233,0.0780,0.0904,0.0934,0.2607,0.1776,0.2041,0.0767,0.2570,0.3878,0.2168,0.1910,0.2921,0.2548,0.2519,0.2618,0.2354
30099,Teton Co.,Montana,47.8181,-112.1613,6374,very high (>=10 psi),1.0000,1.0000,0.0363,0.1600,0.2870,0.0271,0.3004,0.0248,0.2011,0.0173,0.2702,0.0316,0.3031,0.0437,0.2372,0.2204,0.0217,0.1148,0.1673,0.5606,0.1465,0.5848,0.1005,0.5953,0.2307,0.5136,0.1187,0.4556,0.2098,0.7442,0.5683,0.1172
30101,Toole Co.,Montana,48.7402,-111.7307,5583,very high (>=10 psi),1.0000,1.0000,0.0443,0.1830,0.4013,0.2043,0.4505,0.3502,0.5193,0.1813,0.5126,0.2280,0.4282,0.4846,0.4106,0.4229,0.5028,0.1014,0.1854,0.6366,0.2588,0.6371,0.2831,0.6816,0.2340,0.6424,0.2810,0.7180,0.3770,0.6973,0.6565,0.3910
30103,Treasure Co.,Montana,46.1692,-107.2362,993,no (<0.5 psi),0.0000,0.0000,0.0045,0.0037,0.0149,0.0135,0.0134,0.0063,0.0192,0.0359,0.0201,0.0150,0.0262,0.0256,0.0177,0.0240,0.0218,0.0211,0.0116,0.1817,0.0542,0.0722,0.0218,0.2006,0.3347,0.2964,0.0496,0.1915,0.4319,0.0700,0.0863,0.3247
30107,Wheatland Co.,Montana,46.3553,-109.8415,2268,very high (>=10 psi),1.0000,1.0000,0.0115,0.0455,0.0635,0.0739,0.0989,0.0439,0.0832,0.0244,0.1399,0.0753,0.1075,0.0306,0.0809,0.1281,0.0245,0.0525,0.0873,0.7117,0.5474,0.6460,0.4305,0.7192,0.3499,0.7744,0.4931,0.6638,0.3214,0.7472,0.7621,0.4316
30111,Yellowstone Co.,Montana,45.9726,-108.3597,119310,very high (>=10 psi),1.0000,1.0000,0.5162,0.6951,0.7088,0.7982,0.7441,0.8038,0.7901,0.8624,0.8197,0.8163,0.8482,0.7144,0.7657,0.7420,0.8645,0.6874,0.6644,0.9148,0.7078,0.8765,0.7776,0.9251,0.7984,0.9182,0.8091,0.9108,0.9169,0.8795,0.9012,0.9412
31001,Adams Co.,Nebraska,40.5201,-98.5008,30856,low (0.5-2 psi),0.0000,0.0000,0.2262,0.2568,0.2197,0.3238,0.1821,0.3792,0.2590,0.0985,0.2273,0.2989,0.1669,0.6602,0.1317,0.1465,0.2464,0.3618,0.3022,0.1052,0.3826,0.0853,0.5420,0.1026,0.0670,0.1122,0.3435,0.0849,0.4721,0.0751,0.1166,0.1511
31005,Arthur Co.,Nebraska,41.5689,-101.6955,478,no (<0.5 psi),0.0000,0.0000,0.0020,0.0053,0.0472,0.0906,0.0345,0.0475,0.0559,0.0639,0.0498,0.0755,0.0366,0.0546,0.0424,0.0824,0.0594,0.0087,0.0171,0.0799,0.0890,0.0464,0.1039,0.0677,0.0624,0.1249,0.0696,0.0728,0.1235,0.0795,0.1089,0.0935
31007,Banner Co.,Nebraska,41.5531,-103.7095,948,very high (>=10 psi),1.0000,1.0000,0.0043,0.0222,0.3285,0.0066,0.3684,0.0126,0.2944,0.0119,0.4312,0.0092,0.3419,0.0145,0.2879,0.3413,0.0145,0.0170,0.0856,0.3636,0.0339,0.5238,0.0508,0.3822,0.0637,0.4211,0.0510,0.4138,0.0300,0.4134,0.4355,0.0403
31009,Blaine Co.,Nebraska,41.9131,-99.9763,724,no (<0.5 psi),0.0000,0.0000,0.0096,0.0073,0.0262,0.1202,0.0202,0.1827,0.0186,0.1208,0.0352,0.1330,0.0229,0.2492,0.0142,0.0135,0.2652,0.0191,0.0127,0.0488,0.2952,0.0481,0.2270,0.0746,0.2601,0.0568,0.3146,0.0740,0.4367,0.0599,0.0567,0.2944
31011,Boone Co.,Nebraska,41.6337,-98.0604,7076,no (<0.5 psi),0.0000,0.0000,0.0713,0.0173,0.0158,0.0218,0.0110,0.0286,0.0085,0.0226,0.0123,0.0305,0.0140,0.0231,0.0123,0.0100,0.0174,0.1312,0.0380,0.0123,0.0239,0.0085,0.0203,0.0102,0.0168,0.0141,0.0254,0.0131,0.0448,0.0124,0.0140,0.0188
31013,Box Butte Co.,Nebraska,42.2139,-103.0937,14083,no (<0.5 psi),0.0000,0.0000,0.0852,0.2483,0.1050,0.0525,0.1016,0.0785,0.1093,0.0860,0.0640,0.0709,0.0646,0.0322,0.1293,0.0806,0.0848,0.1988,0.3645,0.2562,0.1390,0.1144,0.0848,0.2224,0.0686,0.2894,0.1165,0.1746,0.1182,0.1938,0.1565,0.0798
31017,Brown Co.,Nebraska,42.5809,-99.9296,4144,no (<0.5 psi),0.0000,0.0000,0.0451,0.0575,0.0232,0.5745,0.0280,0.1956,0.0295,0.2497,0.0258,0.5533,0.0247,0.4808,0.0166,0.0180,0.2352,0.0854,0.0682,0.0245,0.1980,0.0419,0.1204,0.0233,0.1564,0.0251,0.2485,0.0258,0.3341,0.0398,0.0364,0.1630
31019,Buffalo Co.,Nebraska,40.8731,-99.0736,37087,no (<0.5 psi),0.0000,0.0000,0.2568,0.1430,0.1417,0.4577,0.2831,0.5313,0.1590,0.2586,0.2286,0.3097,0.2129,0.6885,0.1674,0.1627,0.4032,0.4008,0.2128,0.1470,0.5654,0.1305,0.5425,0.2045,0.1959,0.2103,0.5344,0.1636,0.7892,0.1164,0.2502,0.3938
31023,Butler Co.,Nebraska,41.2116,-97.1380,9032,low (0.5-2 psi),0.0000,0.0000,0.0875,0.0220,0.0119,0.0339,0.0117,0.0489,0.0050,0.0131,0.0090,0.0193,0.0097,0.0223,0.0107,0.0100,0.0143,0.1583,0.0559,0.0135,0.1150,0.0180,0.1277,0.0105,0.0221,0.0166,0.1085,0.0117,0.0621,0.0141,0.0164,0.0309
31029,Chase Co.,Nebraska,40.5688,-101.6974,4654,no (<0.5 psi),0.0000,0.0000,0.0256,0.0453,0.0135,0.2121,0.0087,0.0560,0.0132,0.0224,0.0109,0.2133,0.0103,0.0576,0.0179,0.0297,0.0209,0.0769,0.0686,0.0251,0.1844,0.0226,0.0644,0.0308,0.0495,0.0427,0.2125,0.0326,0.1310,0.0325,0.0364,0.0492
31031,Cherry Co.,Nebraska,42.6122,-101.1246,6874,no (<0.5 psi),0.0000,0.0000,0.0696,0.1354,0.0208,0.0624,0.0349,0.0307,0.0345,0.1374,0.0181,0.0720,0.0293,0.1246,0.0241,0.0218,0.0690,0.1283,0.1795,0.0396,0.1418,0.0783,0.0804,0.0410,0.3567,0.0329,0.1923,0.0351,0.1875,0.0840,0.0642,0.2310
31033,Cheyenne Co.,Nebraska,41.1350,-102.9929,9827,low (0.5-2 psi),0.0000,0.0000,0.0582,0.3177,0.1802,0.0641,0.1553,0.0445,0.1726,0.0519,0.1886,0.0485,0.1563,0.0404,0.2042,0.1833,0.0792,0.1482,0.4528,0.1867,0.1193,0.3284,0.0613,0.1840,0.0579,0.3179,0.0613,0.2319,0.0258,0.2652,0.3693,0.0257
31035,Clay Co.,Nebraska,40.5244,-98.0510,7722,low (0.5-2 psi),0.0000,0.0000,0.0768,0.0337,0.0092,0.0189,0.0106,0.0184,0.0065,0.0084,0.0123,0.0258,0.0086,0.0953,0.0049,0.0090,0.0183,0.1404,0.0890,0.0112,0.0254,0.0091,0.0356,0.0092,0.0075,0.0169,0.0276,0.0097,0.0480,0.0089,0.0135,0.0136
31041,Custer Co.,Nebraska,41.3937,-99.7268,13331,no (<0.5 psi),0.0000,0.0000,0.1201,0.1219,0.0471,0.4278,0.0469,0.3752,0.0340,0.3052,0.0417,0.3148,0.0652,0.4969,0.0338,0.0228,0.5638,0.2106,0.1562,0.0557,0.1648,0.0821,0.0679,0.0843,0.3067,0.0563,0.1155,0.0993,0.2748,0.0793,0.0496,0.2564
31045,Dawes Co.,Nebraska,42.6124,-103.1263,9468,no (<0.5 psi),0.0000,0.0000,0.0559,0.1061,0.0673,0.0507,0.0943,0.0374,0.0620,0.0895,0.0522,0.0736,0.0494,0.0437,0.0884,0.0516,0.0802,0.1436,0.2068,0.2069,0.0992,0.1857,0.0615,0.2396,0.1344,0.2079,0.0999,0.1522,0.0829,0.2230,0.1697,0.1252
31047,Dawson Co.,Nebraska,40.8734,-99.8246,21642,no (<0.5 psi),0.0000,0.0000,0.1748,0.2562,0.0705,0.3504,0.0759,0.4878,0.0704,0.1421,0.1215,0.3076,0.0856,0.4107,0.0670,0.0591,0.4163,0.2919,0.3099,0.1156,0.2456,0.0644,0.1927,0.1154,0.0605,0.1369,0.1955,0.0836,0.4898,0.0747,0.0971,0.1759
31049,Deuel Co.,Nebraska,41.1349,-102.3324,2322,medium (2-5 psi),0.0000,1.0000,0.0118,0.0435,0.0465,0.2121,0.0296,0.0771,0.0385,0.0429,0.0512,0.2077,0.0242,0.1749,0.0401,0.0349,0.0617,0.0403,0.0645,0.0875,0.2067,0.0720,0.1140,0.0833,0.0577,0.1171,0.1675,0.0723,0.1310,0.0838,0.0699,0.0521
31059,Fillmore Co.,Nebraska,40.5244,-97.5961,7509,no (<0.5 psi),0.0000,0.0000,0.0750,0.0221,0.0069,0.0244,0.0114,0.0318,0.0039,0.0093,0.0091,0.0365,0.0083,0.0279,0.0066,0.0105,0.0104,0.1374,0.0576,0.0111,0.0334,0.0124,0.0487,0.0095,0.0084,0.0179,0.0286,0.0116,0.0338,0.0086,0.0137,0.0162
31063,Frontier Co.,Nebraska,40.4898,-100.3809,3415,no (<0.5 psi),0.0000,0.0000,0.0182,0.0200,0.0109,0.0934,0.0120,0.0371,0.0130,0.0279,0.0122,0.0604,0.0119,0.1065,0.0177,0.0314,0.0166,0.0578,0.0340,0.0171,0.0578,0.0189,0.0431,0.0141,0.0298,0.0199,0.0365,0.0198,0.0428,0.0160,0.0328,0.0333
31067,Gage Co.,Nebraska,40.3060,-96.6895,23548,no (<0.5 psi),0.0000,0.0000,0.1763,0.0952,0.0546,0.0958,0.0502,0.1506,0.0487,0.0744,0.0514,0.0858,0.0928,0.0744,0.0454,0.0368,0.1066,0.3143,0.2124,0.1366,0.1248,0.0836,0.1873,0.1070,0.1009,0.1029,0.1124,0.1179,0.1700,0.1099,0.1017,0.1036
31069,Garden Co.,Nebraska,41.5768,-102.3109,2723,high (5-10 psi),0.0000,1.0000,0.0141,0.0338,0.0620,0.0400,0.0765,0.0186,0.0709,0.0828,0.0431,0.0478,0.0437,0.0308,0.0633,0.0561,0.0633,0.0468,0.0679,0.2354,0.4653,0.2542,0.1902,0.2642,0.3331,0.2978,0.4557,0.2804,0.2803,0.2348,0.2068,0.1780
31071,Garfield Co.,Nebraska,41.9144,-98.9909,2274,no (<0.5 psi),0.0000,0.0000,0.0267,0.0156,0.0132,0.2265,0.0116,0.1962,0.0097,0.1051,0.0108,0.1264,0.0131,0.1731,0.0091,0.0089,0.1197,0.0517,0.0235,0.0403,0.2199,0.0277,0.0723,0.0475,0.1653,0.0371,0.1068,0.0487,0.1907,0.0262,0.0472,0.0811
31073,Gosper Co.,Nebraska,40.5617,-99.8118,2135,no (<0.5 psi),0.0000,0.0000,0.0107,0.0153,0.0139,0.0959,0.0101,0.1126,0.0151,0.0257,0.0180,0.0725,0.0094,0.0941,0.0164,0.0121,0.0497,0.0372,0.0272,0.0183,0.0746,0.0115,0.0784,0.0125,0.0446,0.0187,0.0729,0.0170,0.0515,0.0161,0.0205,0.0366
31075,Grant Co.,Nebraska,41.8760,-101.7463,846,no (<0.5 psi),0.0000,0.0000,0.0037,0.0086,0.0556,0.0438,0.0247,0.0292,0.0729,0.0424,0.0486,0.0356,0.0330,0.0460,0.0401,0.0578,0.0674,0.0153,0.0156,0.0667,0.0992,0.0571,0.0901,0.0627,0.0785,0.0960,0.0987,0.0727,0.0953,0.0720,0.1149,0.0949
31077,Greeley Co.,Nebraska,41.6105,-98.5212,3261,no (<0.5 psi),0.0000,0.0000,0.0366,0.0109,0.0224,0.0336,0.0086,0.0285,0.0121,0.0269,0.0192,0.0271,0.0156,0.0533,0.0096,0.0058,0.0465,0.0700,0.0281,0.0144,0.0159,0.0069,0.0136,0.0098,0.0136,0.0144,0.0184,0.0146,0.0497,0.0066,0.0102,0.0154
31079,Hall Co.,Nebraska,40.9593,-98.5018,49495,very high (>=10 psi),1.0000,1.0000,0.3098,0.3601,0.2558,0.4416,0.3291,0.5562,0.3085,0.1621,0.3769,0.3682,0.1687,0.7100,0.1682,0.3266,0.3472,0.4643,0.3480,0.2413,0.7620,0.2177,0.8325,0.2345,0.2118,0.3957,0.6397,0.2109,0.8478,0.1172,0.2776,0.3672
31081,Hamilton Co.,Nebraska,40.9370,-98.0162,9114,medium (2-5 psi),0.0000,1.0000,0.0881,0.0257,0.0072,0.0261,0.0132,0.0228,0.0044,0.0071,0.0107,0.0198,0.0075,0.0362,0.0048,0.0142,0.0111,0.1594,0.0725,0.0115,0.0561,0.0161,0.1161,0.0125,0.0091,0.0219,0.0597,0.0147,0.1134,0.0108,0.0247,0.0169
31091,Hooker Co.,Nebraska,41.9157,-101.1348,913,no (<0.5 psi),0.0000,0.0000,0.0118,0.0188,0.0257,0.1036,0.0215,0.0557,0.0265,0.1024,0.0303,0.1066,0.0219,0.2891,0.0165,0.0196,0.1202,0.0234,0.0303,0.0595,0.5453,0.0601,0.2640,0.0900,0.4121,0.0842,0.4870,0.0673,0.5281,0.1068,0.0757,0.3009
31093,Howard Co.,Nebraska,41.2202,-98.5163,6440,low (0.5-2 psi),0.0000,0.0000,0.0659,0.0169,0.0119,0.0160,0.0104,0.0185,0.0073,0.0123,0.0083,0.0210,0.0096,0.0167,0.0095,0.0063,0.0141,0.1219,0.0403,0.0090,0.0245,0.0078,0.0265,0.0077,0.0154,0.0091,0.0222,0.0100,0.0248,0.0087,0.0123,0.0121
31095,Jefferson Co.,Nebraska,40.1759,-97.1421,9339,no (<0.5 psi),0.0000,0.0000,0.0814,0.0366,0.0072,0.0155,0.0090,0.0148,0.0078,0.0165,0.0066,0.0118,0.0101,0.0085,0.0062,0.0076,0.0077,0.1579,0.0983,0.0335,0.0340,0.0259,0.0485,0.0244,0.0432,0.0206,0.0377,0.0229,0.0135,0.0433,0.0372,0.0200
31097,Johnson Co.,Nebraska,40.3925,-96.2649,4932,no (<0.5 psi),0.0000,0.0000,0.0460,0.0189,0.0085,0.0115,0.0081,0.0115,0.0079,0.0153,0.0073,0.0112,0.0097,0.0048,0.0086,0.0068,0.0110,0.0919,0.0892,0.0199,0.0290,0.0176,0.0256,0.0274,0.0587,0.0136,0.0283,0.0202,0.0089,0.0375,0.0173,0.0188
31099,Kearney Co.,Nebraska,40.5014,-98.9514,6754,no (<0.5 psi),0.0000,0.0000,0.0686,0.0320,0.0091,0.0151,0.0105,0.0179,0.0066,0.0058,0.0184,0.0177,0.0068,0.0921,0.0047,0.0058,0.0270,0.1265,0.0787,0.0082,0.0311,0.0080,0.0301,0.0069,0.0084,0.0100,0.0301,0.0060,0.0612,0.0075,0.0149,0.0101
31101,Keith Co.,Nebraska,41.1345,-101.6624,9073,no (<0.5 psi),0.0000,0.0000,0.0534,0.1725,0.0463,0.1526,0.0240,0.0724,0.0811,0.0253,0.0757,0.1088,0.0359,0.1641,0.0449,0.0548,0.0584,0.1386,0.1959,0.0590,0.1242,0.0402,0.0682,0.0314,0.0358,0.0664,0.0613,0.0385,0.1332,0.0567,0.0540,0.0312
31103,Keya Paha Co.,Nebraska,42.8755,-99.7276,1172,no (<0.5 psi),0.0000,0.0000,0.0148,0.0124,0.0137,0.1198,0.0208,0.0656,0.0161,0.1098,0.0108,0.1251,0.0136,0.1263,0.0140,0.0168,0.0823,0.0292,0.0250,0.0260,0.1244,0.0318,0.0482,0.0272,0.0934,0.0153,0.1144,0.0283,0.0577,0.0403,0.0431,0.0519
31105,Kimball Co.,Nebraska,41.2204,-103.7143,4784,very high (>=10 psi),1.0000,1.0000,0.0264,0.9090,0.7364,0.2286,0.7113,0.0538,0.7568,0.0219,0.8212,0.1788,0.6798,0.1603,0.7509,0.6804,0.0255,0.0788,0.9060,0.6848,0.4582,0.8299,0.1462,0.7263,0.0697,0.8251,0.2737,0.7408,0.0984,0.7670,0.7920,0.0292
31109,Lancaster Co.,Nebraska,40.9000,-96.6871,202280,very high (>=10 psi),1.0000,1.0000,0.6170,0.8055,0.8559,0.7682,0.8615,0.9250,0.7010,0.6121,0.8749,0.7547,0.8678,0.8584,0.8124,0.6310,0.8852,0.7543,0.8528,0.8997,0.8706,0.8616,0.9242,0.8645,0.8460,0.9371,0.8850,0.9297,0.9575,0.8079,0.8131,0.9050
31111,Lincoln Co.,Nebraska,41.0252,-100.7367,34029,no (<0.5 psi),0.0000,0.0000,0.2031,0.4082,0.2818,0.1230,0.0689,0.1177,0.2763,0.1228,0.1918,0.3142,0.0795,0.1613,0.2316,0.1115,0.1858,0.3720,0.3500,0.0911,0.2030,0.0551,0.2034,0.0857,0.1440,0.1517,0.2304,0.0870,0.1381,0.1096,0.1201,0.1791
31113,Logan Co.,Nebraska,41.6423,-100.4818,951,no (<0.5 psi),0.0000,0.0000,0.0123,0.0112,0.0110,0.4353,0.0225,0.1749,0.0157,0.1503,0.0179,0.3827,0.0125,0.5000,0.0086,0.0169,0.1688,0.0243,0.0173,0.0565,0.5298,0.0636,0.2472,0.0800,0.3629,0.0559,0.5026,0.0740,0.4671,0.0603,0.0698,0.2741
31115,Loup Co.,Nebraska,41.9134,-99.4542,829,no (<0.5 psi),0.0000,0.0000,0.0108,0.0055,0.0186,0.3379,0.0192,0.2544,0.0134,0.1800,0.0235,0.2993,0.0178,0.4340,0.0094,0.0074,0.3110,0.0215,0.0076,0.0505,0.4981,0.0441,0.2380,0.0565,0.3025,0.0461,0.5003,0.0703,0.5813,0.0531,0.0466,0.3148
31117,McPherson Co.,Nebraska,41.6423,-101.0595,567,no (<0.5 psi),0.0000,0.0000,0.0077,0.0082,0.0139,0.1606,0.0148,0.0461,0.0176,0.1090,0.0127,0.1512,0.0113,0.1946,0.0122,0.0198,0.0991,0.0154,0.0138,0.0495,0.2495,0.0506,0.1937,0.0705,0.3533,0.0569,0.2513,0.0524,0.4095,0.0911,0.0707,0.2779
31121,Merrick Co.,Nebraska,41.1473,-98.0685,8628,high (5-10 psi),0.0000,1.0000,0.0842,0.0279,0.0080,0.0278,0.0161,0.0289,0.0050,0.0100,0.0104,0.0202,0.0078,0.0475,0.0059,0.0149,0.0128,0.1529,0.0701,0.0089,0.0346,0.0153,0.0470,0.0096,0.0096,0.0118,0.0379,0.0107,0.0499,0.0089,0.0197,0.0127
31123,Morrill Co.,Nebraska,41.7289,-103.0035,5696,very high (>=10 psi),1.0000,1.0000,0.0321,0.0913,0.1569,0.2103,0.1468,0.0648,0.1206,0.1017,0.1582,0.2568,0.1022,0.0793,0.1473,0.0918,0.0962,0.0923,0.1412,0.2599,0.4287,0.2765,0.1952,0.2309,0.2345,0.3247,0.4942,0.2894,0.1649,0.2410,0.2602,0.1034
31125,Nance Co.,Nebraska,41.4378,-97.9972,4520,no (<0.5 psi),0.0000,0.0000,0.0486,0.0103,0.0145,0.0148,0.0111,0.0129,0.0086,0.0145,0.0119,0.0196,0.0148,0.0274,0.0104,0.0083,0.0180,0.0917,0.0331,0.0147,0.0198,0.0103,0.0239,0.0101,0.0165,0.0121,0.0193,0.0133,0.0224,0.0128,0.0164,0.0152
31127,Nemaha Co.,Nebraska,40.4123,-95.8633,8453,no (<0.5 psi),0.0000,0.0000,0.0746,0.0663,0.0288,0.0389,0.0148,0.0295,0.0370,0.0236,0.0243,0.0722,0.0186,0.0303,0.0231,0.0107,0.0365,0.1455,0.2993,0.1787,0.0747,0.0729,0.0687,0.1264,0.0724,0.1367,0.1315,0.0889,0.0661,0.1380,0.0480,0.1310
31129,Nuckolls Co.,Nebraska,40.1765,-98.0471,6511,no (<0.5 psi),0.0000,0.0000,0.0591,0.0319,0.0107,0.0115,0.0100,0.0096,0.0140,0.0131,0.0125,0.0110,0.0236,0.0568,0.0059,0.0066,0.0179,0.1169,0.0642,0.0536,0.0304,0.0489,0.0374,0.0369,0.0263,0.0390,0.0302,0.0520,0.1574,0.0338,0.0359,0.1322
31131,Otoe Co.,Nebraska,40.6549,-96.1245,14778,no (<0.5 psi),0.0000,0.0000,0.1303,0.0534,0.0535,0.0979,0.0516,0.2004,0.0405,0.0589,0.0439,0.0635,0.0694,0.0689,0.0712,0.0498,0.0663,0.2264,0.1548,0.1124,0.5048,0.1580,0.6738,0.1000,0.0646,0.1265,0.3489,0.1247,0.3699,0.0787,0.1448,0.1277
31133,Pawnee Co.,Nebraska,40.1311,-96.2367,3648,no (<0.5 psi),0.0000,0.0000,0.0349,0.0105,0.0087,0.0116,0.0058,0.0098,0.0084,0.0192,0.0068,0.0144,0.0130,0.0088,0.0052,0.0050,0.0091,0.0703,0.0535,0.0171,0.0157,0.0235,0.0185,0.0205,0.0410,0.0128,0.0126,0.0152,0.0090,0.0294,0.0160,0.0173
31135,Perkins Co.,Nebraska,40.8999,-101.6494,3651,no (<0.5 psi),0.0000,0.0000,0.0196,0.0421,0.0267,0.0926,0.0148,0.0388,0.0290,0.0219,0.0401,0.0888,0.0259,0.1298,0.0349,0.0510,0.0296,0.0615,0.0772,0.0661,0.0910,0.0352,0.0436,0.0770,0.0475,0.0931,0.0886,0.0658,0.1340,0.0530,0.0726,0.0554
31137,Phelps Co.,Nebraska,40.5050,-99.4107,10110,no (<0.5 psi),0.0000,0.0000,0.0600,0.0503,0.0122,0.0179,0.0118,0.0300,0.0109,0.0095,0.0112,0.0139,0.0129,0.0422,0.0087,0.0101,0.0317,0.1518,0.0865,0.0428,0.1201,0.0333,0.1112,0.0485,0.0714,0.0445,0.1092,0.0454,0.1801,0.0362,0.0531,0.0881
31141,Platte Co.,Nebraska,41.6345,-97.5413,29423,no (<0.5 psi),0.0000,0.0000,0.2188,0.1196,0.1316,0.2278,0.1340,0.2172,0.0841,0.0828,0.1513,0.1958,0.0792,0.2062,0.1004,0.0991,0.1166,0.3520,0.1605,0.0793,0.2303,0.0940,0.4674,0.0752,0.0470,0.0866,0.2011,0.0830,0.3005,0.0480,0.0885,0.1104
31143,Polk Co.,Nebraska,41.2211,-97.5727,5883,no (<0.5 psi),0.0000,0.0000,0.0610,0.0111,0.0085,0.0121,0.0131,0.0213,0.0048,0.0094,0.0092,0.0219,0.0090,0.0217,0.0086,0.0094,0.0115,0.1134,0.0285,0.0127,0.0394,0.0118,0.0645,0.0130,0.0141,0.0171,0.0256,0.0159,0.0500,0.0085,0.0121,0.0257
31147,Richardson Co.,Nebraska,40.1331,-95.7169,10547,low (0.5-2 psi),0.0000,0.0000,0.0905,0.0734,0.0099,0.0151,0.0090,0.0108,0.0164,0.0223,0.0089,0.0208,0.0127,0.0144,0.0152,0.0102,0.0157,0.1742,0.2513,0.1315,0.0576,0.0517,0.0758,0.1075,0.0646,0.0749,0.0430,0.0662,0.0526,0.0859,0.0586,0.0764
31149,Rock Co.,Nebraska,42.5761,-99.4606,2262,no (<0.5 psi),0.0000,0.0000,0.0266,0.0294,0.0207,0.3118,0.0213,0.2584,0.0173,0.1860,0.0269,0.3365,0.0207,0.3605,0.0123,0.0119,0.2228,0.0514,0.0394,0.0430,0.3794,0.0513,0.2083,0.0510,0.2119,0.0288,0.3945,0.0434,0.2478,0.0551,0.0485,0.1723
31151,Saline Co.,Nebraska,40.6107,-97.1404,12998,low (0.5-2 psi),0.0000,0.0000,0.1177,0.0540,0.0240,0.0684,0.0299,0.1626,0.0162,0.0217,0.0247,0.0676,0.0220,0.0456,0.0362,0.0401,0.0373,0.2068,0.1514,0.0865,0.1278,0.0735,0.4480,0.0469,0.0361,0.0776,0.1255,0.0582,0.2107,0.0455,0.0555,0.0854
31157,Scotts Bluff Co.,Nebraska,41.8721,-103.7072,37543,very high (>=10 psi),1.0000,1.0000,0.2219,0.5431,0.7816,0.4010,0.7812,0.3703,0.7154,0.4030,0.7848,0.3588,0.7648,0.2782,0.6796,0.8063,0.3317,0.3949,0.5925,0.7199,0.5141,0.6339,0.4837,0.6914,0.2358,0.6884,0.4678,0.6444,0.1883,0.8057,0.7782,0.1507
31159,Seward Co.,Nebraska,40.8722,-97.1393,15368,medium (2-5 psi),0.0000,1.0000,0.1344,0.0239,0.0274,0.0720,0.0275,0.2086,0.0194,0.0231,0.0265,0.0519,0.0332,0.0529,0.0297,0.0324,0.0401,0.2326,0.1035,0.1012,0.5625,0.0819,0.6744,0.0868,0.0616,0.0985,0.4477,0.0902,0.5217,0.0507,0.1323,0.1738
31161,Sheridan Co.,Nebraska,42.6143,-102.4196,7444,no (<0.5 psi),0.0000,0.0000,0.0744,0.1724,0.0922,0.4330,0.1092,0.1005,0.1261,0.3984,0.0637,0.4422,0.0978,0.5389,0.0768,0.1539,0.2812,0.1365,0.2544,0.2988,0.3828,0.3171,0.2967,0.2492,0.6043,0.2241,0.4201,0.2634,0.5320,0.3443,0.1938,0.5973
31163,Sherman Co.,Nebraska,41.2205,-98.9756,3982,no (<0.5 psi),0.0000,0.0000,0.0436,0.0106,0.0175,0.0152,0.0142,0.0173,0.0081,0.0184,0.0135,0.0192,0.0089,0.0286,0.0115,0.0066,0.0290,0.0827,0.0298,0.0146,0.0275,0.0086,0.0227,0.0133,0.0155,0.0152,0.0295,0.0161,0.0538,0.0107,0.0183,0.0230
31165,Sioux Co.,Nebraska,42.5245,-103.7660,1727,very high (>=10 psi),1.0000,1.0000,0.0084,0.0164,0.0887,0.0256,0.0988,0.0200,0.0953,0.1151,0.0582,0.0247,0.0535,0.0501,0.1294,0.0628,0.0842,0.0304,0.0312,0.2237,0.0838,0.2914,0.0672,0.1749,0.1426,0.2518,0.0736,0.2177,0.0541,0.2639,0.1493,0.0751
31169,Thayer Co.,Nebraska,40.1762,-97.5946,7248,no (<0.5 psi),0.0000,0.0000,0.0651,0.0571,0.0114,0.0132,0.0064,0.0084,0.0160,0.0211,0.0111,0.0155,0.0117,0.0121,0.0105,0.0070,0.0123,0.1280,0.1196,0.0457,0.0292,0.0495,0.0327,0.0408,0.0307,0.0318,0.0405,0.0338,0.0299,0.0598,0.0421,0.0343
31171,Thomas Co.,Nebraska,41.9133,-100.5550,951,no (<0.5 psi),0.0000,0.0000,0.0123,0.0098,0.0243,0.2823,0.0190,0.0679,0.0264,0.2117,0.0243,0.2661,0.0222,0.6294,0.0091,0.0178,0.2518,0.0243,0.0151,0.0636,0.5082,0.0579,0.2353,0.0788,0.3988,0.0671,0.5197,0.0795,0.5571,0.0712,0.0678,0.3074
31175,Valley Co.,Nebraska,41.5673,-98.9817,5726,no (<0.5 psi),0.0000,0.0000,0.0596,0.0353,0.0173,0.0272,0.0078,0.0412,0.0093,0.0236,0.0108,0.0380,0.0153,0.0659,0.0106,0.0059,0.0564,0.1110,0.0475,0.0160,0.0349,0.0094,0.0331,0.0150,0.0226,0.0152,0.0239,0.0169,0.0817,0.0087,0.0127,0.0203
31181,Webster Co.,Nebraska,40.1764,-98.4998,4607,no (<0.5 psi),0.0000,0.0000,0.0433,0.0259,0.0119,0.0157,0.0084,0.0156,0.0158,0.0157,0.0112,0.0151,0.0215,0.0372,0.0081,0.0065,0.0252,0.0865,0.0597,0.0344,0.0195,0.0327,0.0269,0.0265,0.0235,0.0249,0.0246,0.0246,0.0973,0.0225,0.0163,0.0809
31183,Wheeler Co.,Nebraska,41.8281,-98.5273,1012,no (<0.5 psi),0.0000,0.0000,0.0130,0.0032,0.0163,0.0641,0.0109,0.0754,0.0086,0.0504,0.0152,0.0656,0.0167,0.0672,0.0101,0.0091,0.0429,0.0256,0.0105,0.0270,0.1153,0.0187,0.0402,0.0256,0.0465,0.0229,0.0875,0.0269,0.1055,0.0173,0.0349,0.0356
31185,York Co.,Nebraska,40.8726,-97.5969,14900,no (<0.5 psi),0.0000,0.0000,0.1312,0.0350,0.0222,0.1411,0.0508,0.1882,0.0220,0.0455,0.0486,0.1820,0.0442,0.1495,0.0301,0.0587,0.0319,0.2277,0.0875,0.0345,0.1390,0.0411,0.3791,0.0383,0.0220,0.0557,0.1315,0.0373,0.1492,0.0212,0.0566,0.0342
32001,Churchill Co.,Nevada,39.5371,-118.3038,15029,very high (>=10 psi),1.0000,1.0000,0.1321,0.1026,0.0354,0.3620,0.0658,0.1319,0.0380,0.0297,0.0570,0.2924,0.0332,0.2403,0.0347,0.0732,0.0249,0.2290,0.2719,0.0995,0.3542,0.2140,0.2345,0.0643,0.0652,0.1609,0.3153,0.0947,0.1796,0.1033,0.2948,0.0551
32005,Douglas Co.,Nevada,38.8382,-119.5931,22276,medium (2-5 psi),0.0000,1.0000,0.1358,0.1331,0.1317,0.1368,0.2375,0.2807,0.1342,0.0369,0.4581,0.1252,0.1354,0.1702,0.1861,0.2979,0.0699,0.3028,0.3058,0.0970,0.2413,0.2792,0.4230,0.0957,0.0846,0.2731,0.2071,0.0914,0.2400,0.0975,0.4286,0.0956
32007,Elko Co.,Nevada,41.4427,-115.5287,21822,no (<0.5 psi),0.0000,0.0000,0.1621,0.1044,0.0795,0.0828,0.0929,0.0318,0.0747,0.0465,0.0541,0.0520,0.0530,0.0534,0.0643,0.1226,0.0308,0.2987,0.2872,0.2333,0.2022,0.3269,0.1333,0.1859,0.1209,0.2542,0.2159,0.2344,0.1119,0.3208,0.5289,0.0819
32011,Eureka Co.,Nevada,40.0827,-116.2186,1220,no (<0.5 psi),0.0000,0.0000,0.0093,0.0090,0.0263,0.0740,0.0278,0.0421,0.0211,0.0210,0.0103,0.0731,0.0222,0.0174,0.0165,0.0232,0.0134,0.0312,0.0253,0.0590,0.1284,0.0688,0.0570,0.1127,0.0440,0.0501,0.1207,0.0783,0.1056,0.0964,0.0754,0.0677
32013,Humboldt Co.,Nevada,41.2707,-118.1607,10457,no (<0.5 psi),0.0000,0.0000,0.0835,0.0945,0.0958,0.0521,0.0940,0.0287,0.0673,0.0652,0.0755,0.0399,0.1200,0.0455,0.1011,0.0987,0.0576,0.1730,0.1714,0.1914,0.1081,0.1717,0.0936,0.2088,0.1220,0.1652,0.2160,0.1544,0.0750,0.2704,0.1817,0.1483
32015,Lander Co.,Nevada,40.0367,-117.0570,4617,no (<0.5 psi),0.0000,0.0000,0.0495,0.0398,0.0097,0.0117,0.0126,0.0197,0.0075,0.0044,0.0257,0.0151,0.0094,0.0166,0.0077,0.0100,0.0060,0.0867,0.1050,0.0219,0.1372,0.0585,0.0907,0.0302,0.0242,0.0464,0.1573,0.0321,0.0428,0.0541,0.1031,0.0155
32017,Lincoln Co.,Nevada,37.7779,-114.9716,3520,no (<0.5 psi),0.0000,0.0000,0.0392,0.0312,0.0063,0.2214,0.0069,0.0256,0.0057,0.0183,0.0053,0.2543,0.0075,0.1201,0.0047,0.0078,0.0104,0.0681,0.0617,0.0540,0.2557,0.0470,0.0790,0.0276,0.0244,0.0302,0.2753,0.0387,0.1221,0.0369,0.0405,0.0276
32019,Lyon Co.,Nevada,39.0792,-119.0318,16707,medium (2-5 psi),0.0000,1.0000,0.1017,0.1632,0.1085,0.0378,0.2041,0.0827,0.0882,0.0233,0.1977,0.0329,0.1556,0.0623,0.1014,0.1582,0.0390,0.2475,0.2990,0.1623,0.1165,0.1949,0.1158,0.1436,0.1627,0.0952,0.1419,0.1805,0.0881,0.2124,0.1859,0.1707
32021,Mineral Co.,Nevada,38.6195,-118.3806,6369,no (<0.5 psi),0.0000,0.0000,0.0363,0.0543,0.0235,0.0322,0.0242,0.0437,0.0184,0.0102,0.0201,0.0287,0.0352,0.0179,0.0249,0.0166,0.0256,0.1147,0.1386,0.0427,0.1247,0.0921,0.0954,0.0383,0.0176,0.0564,0.1443,0.0381,0.0801,0.0615,0.1009,0.0302
32027,Pershing Co.,Nevada,40.2602,-118.3799,3628,no (<0.5 psi),0.0000,0.0000,0.0402,0.0230,0.0360,0.0283,0.0165,0.0306,0.0306,0.0125,0.0294,0.0364,0.0279,0.1086,0.0152,0.0090,0.0846,0.0699,0.0866,0.1025,0.0979,0.0665,0.0672,0.0770,0.0435,0.0555,0.1154,0.1261,0.1153,0.0627,0.0615,0.1291
32029,Storey Co.,Nevada,39.4261,-119.5360,2052,low (0.5-2 psi),0.0000,0.0000,0.0102,0.0102,0.0242,0.0084,0.0134,0.0155,0.0221,0.0030,0.0334,0.0087,0.0166,0.0151,0.0156,0.0190,0.0089,0.0416,0.0990,0.0965,0.0348,0.0475,0.0451,0.0984,0.0276,0.1819,0.0296,0.0887,0.2265,0.0293,0.0721,0.1375
32033,White Pine Co.,Nevada,39.3079,-114.9770,8080,no (<0.5 psi),0.0000,0.0000,0.0641,0.0648,0.0088,0.1222,0.0219,0.0237,0.0090,0.0148,0.0068,0.0823,0.0099,0.0276,0.0067,0.0192,0.0082,0.1436,0.1277,0.0274,0.1115,0.0722,0.0481,0.0417,0.0279,0.0567,0.1430,0.0421,0.1519,0.0287,0.0687,0.0524
32510,Carson City,Nevada,39.1675,-119.7225,36389,very high (>=10 psi),1.0000,1.0000,0.2158,0.5700,0.5437,0.4837,0.6555,0.7302,0.2418,0.1992,0.6478,0.2533,0.5700,0.1669,0.6245,0.5135,0.3864,0.4111,0.6800,0.4589,0.5870,0.5929,0.8074,0.2529,0.4376,0.5780,0.5862,0.3958,0.3500,0.5606,0.5008,0.5165
33001,Belknap Co.,New Hampshire,43.5237,-71.4352,45084,no (<0.5 psi),0.0000,0.0000,0.2943,0.1493,0.1275,0.1534,0.0955,0.1322,0.1216,0.3321,0.1361,0.1172,0.1103,0.2460,0.1242,0.1142,0.1558,0.4291,0.3838,0.4610,0.5860,0.4692,0.5688,0.3434,0.6031,0.3044,0.4527,0.3495,0.3888,0.4488,0.3568,0.4385
33003,Carroll Co.,New Hampshire,43.8819,-71.2775,29484,no (<0.5 psi),0.0000,0.0000,0.2107,0.0966,0.0846,0.3685,0.0710,0.1331,0.1106,0.1824,0.1201,0.1840,0.0910,0.5184,0.0443,0.0975,0.1472,0.3416,0.2541,0.2749,0.2884,0.2962,0.2216,0.2069,0.3522,0.2744,0.2597,0.2602,0.6120,0.1073,0.1583,0.3657
33005,Cheshire Co.,New Hampshire,42.9466,-72.2974,64602,no (<0.5 psi),0.0000,0.0000,0.3589,0.1824,0.0457,0.1282,0.0507,0.0999,0.0618,0.2297,0.0368,0.1571,0.0567,0.0845,0.0577,0.0813,0.0798,0.4924,0.3641,0.6095,0.5120,0.4810,0.4150,0.5905,0.6589,0.4934,0.5012,0.5391,0.5708,0.6122,0.5586,0.5988
33009,Grafton Co.,New Hampshire,43.9687,-71.7368,67781,no (<0.5 psi),0.0000,0.0000,0.3903,0.2761,0.0812,0.3627,0.0582,0.2629,0.0758,0.2687,0.1039,0.4404,0.0482,0.1472,0.0843,0.0516,0.1965,0.5175,0.3913,0.1599,0.3497,0.2215,0.2689,0.2066,0.2107,0.2290,0.4066,0.1517,0.1887,0.1365,0.1826,0.2310
33011,HillsBor. Co.,New Hampshire,42.9565,-71.7212,307490,very high (>=10 psi),1.0000,1.0000,0.7122,0.5092,0.2886,0.6860,0.4090,0.5819,0.3490,0.5288,0.2989,0.7326,0.2880,0.5064,0.3564,0.5221,0.3798,0.7925,0.6739,0.9173,0.8759,0.9090,0.9053,0.9269,0.9016,0.8795,0.8692,0.9145,0.9059,0.9367,0.9266,0.9028
33013,Merrimack Co.,New Hampshire,43.3036,-71.6770,104582,medium (2-5 psi),0.0000,1.0000,0.5025,0.8904,0.6638,0.2765,0.7264,0.5502,0.2964,0.4590,0.6802,0.2275,0.7135,0.3722,0.6731,0.3182,0.6760,0.6103,0.9073,0.6254,0.5221,0.6512,0.5975,0.4673,0.6036,0.6225,0.5627,0.5786,0.4284,0.7132,0.6177,0.6056
33015,Rockingham Co.,New Hampshire,43.0052,-71.0682,212906,very high (>=10 psi),1.0000,1.0000,0.6355,0.8790,0.8298,0.6808,0.7482,0.6186,0.8823,0.7639,0.8240,0.6229,0.8317,0.7965,0.8412,0.7521,0.7505,0.7344,0.9491,0.9738,0.8454,0.9437,0.8608,0.9776,0.8164,0.9773,0.8539,0.9759,0.9134,0.9645,0.9579,0.8966
33017,Strafford Co.,New Hampshire,43.3278,-71.0588,93762,medium (2-5 psi),0.0000,1.0000,0.4738,0.2403,0.3586,0.3793,0.4498,0.3057,0.3610,0.7420,0.3884,0.3308,0.4264,0.5390,0.4093,0.4357,0.3949,0.5874,0.5287,0.6211,0.4464,0.6465,0.5133,0.6160,0.5478,0.6368,0.3152,0.6822,0.6918,0.5454,0.5533,0.7099
33019,Sullivan Co.,New Hampshire,43.3642,-72.2380,36985,no (<0.5 psi),0.0000,0.0000,0.2530,0.1242,0.0452,0.0730,0.0693,0.0648,0.0361,0.1579,0.0455,0.0663,0.0526,0.1246,0.0459,0.0536,0.0796,0.3873,0.3106,0.3734,0.1663,0.3132,0.3623,0.3044,0.4495,0.2627,0.1661,0.3870,0.2432,0.3170,0.2245,0.3453
34003,Bergen Co.,New Jersey,40.9538,-74.0255,842541,high (5-10 psi),0.0000,1.0000,0.9006,0.9375,0.9562,0.9671,0.9120,0.9529,0.9617,0.9577,0.9521,0.9459,0.9389,0.9632,0.9368,0.9243,0.9723,0.9062,0.9590,0.9835,0.9831,0.9546,0.9845,0.9867,0.9859,0.9836,0.9880,0.9724,0.9900,0.9778,0.9440,0.9920
34013,Essex Co.,New Jersey,40.7903,-74.2560,820168,high (5-10 psi),0.0000,1.0000,0.8980,0.8995,0.9477,0.9510,0.9138,0.9471,0.9339,0.9421,0.9395,0.9304,0.9299,0.9565,0.9176,0.8694,0.9586,0.9042,0.9439,0.9746,0.9842,0.9557,0.9827,0.9695,0.9862,0.9724,0.9859,0.9656,0.9866,0.9558,0.9428,0.9881
34017,Hudson Co.,New Jersey,40.7271,-74.0707,568869,high (5-10 psi),0.0000,1.0000,0.8570,0.9403,0.9659,0.9664,0.9350,0.9546,0.9569,0.9770,0.9600,0.9562,0.9578,0.9629,0.9524,0.9227,0.9759,0.8728,0.9750,0.9855,0.9819,0.9574,0.9826,0.9858,0.9873,0.9847,0.9859,0.9707,0.9875,0.9788,0.9415,0.9916
34019,Hunterdon Co.,New Jersey,40.5586,-74.9123,95829,medium (2-5 psi),0.0000,1.0000,0.4796,0.3028,0.3380,0.3798,0.2146,0.3767,0.3469,0.6631,0.3608,0.3141,0.2738,0.2989,0.3584,0.3694,0.5200,0.5920,0.5962,0.5035,0.5704,0.4537,0.7037,0.4000,0.6478,0.5101,0.6197,0.3745,0.5071,0.5192,0.3737,0.6639
34023,Middlesex Co.,New Jersey,40.4245,-74.4088,633428,very high (>=10 psi),1.0000,1.0000,0.8585,0.8318,0.9048,0.8185,0.8316,0.8347,0.9097,0.8745,0.8989,0.9171,0.8442,0.8900,0.8546,0.8829,0.9137,0.9169,0.9359,0.9820,0.9638,0.9852,0.9849,0.9817,0.9821,0.9862,0.9735,0.9838,0.9780,0.9849,0.9789,0.9822
34025,Monmouth Co.,New Jersey,40.2679,-74.2040,528986,very high (>=10 psi),1.0000,1.0000,0.8346,0.5731,0.8515,0.8443,0.8762,0.8719,0.7465,0.9233,0.7431,0.8406,0.7906,0.8201,0.8651,0.8501,0.8123,0.9026,0.7798,0.9411,0.9539,0.9827,0.9770,0.9464,0.9836,0.8918,0.9598,0.9532,0.9485,0.9617,0.9790,0.9475
34027,Morris Co.,New Jersey,40.8671,-74.5717,419190,very high (>=10 psi),1.0000,1.0000,0.8130,0.6833,0.7468,0.9199,0.8258,0.8825,0.7548,0.7705,0.8842,0.8403,0.8334,0.9275,0.6366,0.8494,0.7134,0.8402,0.8396,0.9369,0.9822,0.9330,0.9826,0.9235,0.9743,0.9650,0.9716,0.9588,0.9875,0.9130,0.9453,0.9795
34031,Passaic Co.,New Jersey,41.0114,-74.3082,458946,very high (>=10 psi),1.0000,1.0000,0.8270,0.7541,0.8807,0.9203,0.8043,0.8752,0.8884,0.8943,0.9036,0.8760,0.8937,0.9416,0.8124,0.8659,0.8813,0.8505,0.8541,0.9540,0.9819,0.9308,0.9838,0.9576,0.9810,0.9653,0.9766,0.9540,0.9831,0.9024,0.9435,0.9828
34035,Somerset Co.,New Jersey,40.5668,-74.6250,214352,very high (>=10 psi),1.0000,1.0000,0.6823,0.3528,0.7227,0.6775,0.6174,0.6571,0.6461,0.8526,0.6994,0.5705,0.7652,0.8027,0.6723,0.6555,0.7464,0.7454,0.6033,0.8688,0.9522,0.8441,0.9692,0.8492,0.9589,0.8830,0.9205,0.8803,0.9594,0.8618,0.8698,0.9314
34037,Sussex Co.,New Jersey,41.1262,-74.7014,122341,medium (2-5 psi),0.0000,1.0000,0.5436,0.2782,0.3036,0.3820,0.3135,0.4824,0.3205,0.5190,0.3815,0.3605,0.4498,0.4355,0.2877,0.3583,0.4348,0.6423,0.4821,0.5775,0.7830,0.6204,0.8897,0.5514,0.7862,0.6351,0.7897,0.6465,0.7803,0.5213,0.7006,0.7570
34039,Union Co.,New Jersey,40.6663,-74.2745,505826,very high (>=10 psi),1.0000,1.0000,0.8412,0.8853,0.9654,0.9653,0.9165,0.9570,0.9597,0.9716,0.9460,0.9599,0.9565,0.9624,0.9551,0.9233,0.9816,0.8610,0.9465,0.9811,0.9844,0.9518,0.9844,0.9837,0.9877,0.9813,0.9893,0.9678,0.9847,0.9770,0.9452,0.9905
34041,Warren Co.,New Jersey,40.8416,-74.9598,86368,high (5-10 psi),0.0000,1.0000,0.4524,0.3720,0.8080,0.1417,0.2746,0.2863,0.7214,0.3498,0.7626,0.6127,0.1687,0.0919,0.7561,0.1897,0.8293,0.5699,0.6188,0.7951,0.3837,0.3660,0.6487,0.7951,0.6226,0.8778,0.8808,0.4181,0.3378,0.8359,0.3711,0.8978
35001,Bernalillo Co.,New Mexico,35.1275,-106.6971,452555,very high (>=10 psi),1.0000,1.0000,0.7815,0.9876,0.9803,0.9230,0.9646,0.9267,0.9851,0.9704,0.9682,0.9536,0.9729,0.9633,0.9653,0.9664,0.9537,0.8429,0.9555,0.9880,0.9415,0.9847,0.9324,0.9883,0.9688,0.9846,0.9488,0.9858,0.9749,0.9791,0.9747,0.9738
35003,Catron Co.,New Mexico,34.0674,-108.3809,2594,no (<0.5 psi),0.0000,0.0000,0.0133,0.0292,0.0057,0.0660,0.0106,0.0379,0.0076,0.0101,0.0076,0.0648,0.0066,0.0248,0.0091,0.0119,0.0094,0.0447,0.1070,0.0277,0.2451,0.0439,0.3848,0.0277,0.0390,0.0309,0.2310,0.0262,0.1068,0.0333,0.0328,0.0805
35005,Chaves Co.,New Mexico,33.2225,-104.3351,56517,very high (>=10 psi),1.0000,1.0000,0.3387,0.1281,0.1889,0.3207,0.1065,0.3592,0.1756,0.4670,0.1816,0.3752,0.2779,0.3531,0.1234,0.1309,0.4801,0.4631,0.1704,0.4340,0.5187,0.2850,0.4774,0.3321,0.7025,0.3927,0.5790,0.4375,0.6138,0.3446,0.3930,0.7552
35007,Colfax Co.,New Mexico,36.5992,-104.6868,14185,no (<0.5 psi),0.0000,0.0000,0.1107,0.1215,0.0524,0.5862,0.0816,0.6970,0.0486,0.3088,0.0773,0.5371,0.0691,0.4945,0.0654,0.1140,0.5095,0.2200,0.1826,0.1632,0.5336,0.1731,0.5491,0.1387,0.2536,0.1642,0.5037,0.1457,0.4137,0.1324,0.2198,0.3827
35009,Curry Co.,New Mexico,34.6480,-103.3740,42890,very high (>=10 psi),1.0000,1.0000,0.2748,0.5125,0.8934,0.4953,0.9055,0.6162,0.8581,0.6026,0.8266,0.4650,0.8405,0.6905,0.8767,0.8619,0.7152,0.4037,0.2709,0.8616,0.5108,0.7925,0.7733,0.8119,0.7027,0.8249,0.5666,0.8296,0.7358,0.8403,0.8483,0.7938
35011,DeBaca Co.,New Mexico,34.4756,-104.4200,2441,no (<0.5 psi),0.0000,0.0000,0.0241,0.0149,0.0137,0.1091,0.0124,0.1929,0.0225,0.2546,0.0112,0.1253,0.0279,0.2878,0.0104,0.0085,0.6149,0.0518,0.0106,0.0373,0.1835,0.0263,0.1694,0.0353,0.4098,0.0223,0.1819,0.0246,0.2917,0.0243,0.0293,0.4658
35013,Dona Ana Co.,New Mexico,32.3033,-106.8371,116321,very high (>=10 psi),1.0000,1.0000,0.4937,0.2246,0.6785,0.4330,0.6030,0.6099,0.6554,0.6497,0.6661,0.5476,0.6577,0.5735,0.6291,0.4010,0.7313,0.6513,0.2577,0.6776,0.5427,0.7641,0.7317,0.6986,0.7437,0.7109,0.6127,0.7641,0.7982,0.6248,0.6106,0.7355
35015,Eddy Co.,New Mexico,32.3867,-104.2866,52477,very high (>=10 psi),1.0000,1.0000,0.3219,0.1123,0.2595,0.4645,0.2091,0.4076,0.2149,0.7309,0.2024,0.5745,0.3165,0.6349,0.1740,0.1944,0.4560,0.4470,0.1586,0.5373,0.6588,0.3078,0.5050,0.3863,0.8083,0.4529,0.6411,0.4607,0.7534,0.4111,0.4763,0.7899
35017,Grant Co.,New Mexico,32.5604,-108.2845,26852,no (<0.5 psi),0.0000,0.0000,0.1628,0.1795,0.0900,0.1491,0.0698,0.0730,0.0876,0.1060,0.0381,0.2023,0.0686,0.2014,0.1127,0.0683,0.0667,0.3192,0.2498,0.0760,0.2816,0.0931,0.1823,0.1056,0.1757,0.1083,0.2950,0.0801,0.2256,0.1500,0.0980,0.1556
35019,Guadalupe Co.,New Mexico,34.8667,-104.7095,4409,no (<0.5 psi),0.0000,0.0000,0.0416,0.0266,0.0090,0.3768,0.0097,0.5192,0.0159,0.4310,0.0109,0.3987,0.0156,0.4050,0.0145,0.0066,0.5461,0.0840,0.0188,0.0282,0.1884,0.0168,0.1935,0.0295,0.3343,0.0220,0.2313,0.0235,0.3974,0.0246,0.0230,0.4938
35021,Harding Co.,New Mexico,35.8042,-103.8717,944,no (<0.5 psi),0.0000,0.0000,0.0077,0.0034,0.0126,0.1026,0.0160,0.4215,0.0126,0.2423,0.0085,0.0966,0.0169,0.1354,0.0089,0.0118,0.2841,0.0241,0.0125,0.0591,0.2242,0.0580,0.3867,0.0587,0.2721,0.0495,0.2235,0.0389,0.3374,0.0585,0.0694,0.2772
35023,Hidalgo Co.,New Mexico,31.9718,-108.7860,6434,no (<0.5 psi),0.0000,0.0000,0.0525,0.0107,0.0059,0.0553,0.0050,0.0233,0.0041,0.0701,0.0026,0.0444,0.0065,0.0410,0.0062,0.0069,0.0211,0.1209,0.0328,0.0252,0.1721,0.0266,0.2575,0.0189,0.1445,0.0166,0.1740,0.0320,0.1452,0.0360,0.0155,0.1178
35025,Lea Co.,New Mexico,32.7407,-103.4390,65293,very high (>=10 psi),1.0000,1.0000,0.3725,0.2936,0.3529,0.3113,0.2590,0.3879,0.4661,0.5773,0.3317,0.1990,0.4413,0.4975,0.2954,0.1811,0.4274,0.4947,0.3196,0.3716,0.4413,0.3833,0.4682,0.4046,0.6768,0.3764,0.3652,0.4656,0.5927,0.5020,0.4337,0.6053
35027,Lincoln Co.,New Mexico,33.7412,-105.4716,13359,no (<0.5 psi),0.0000,0.0000,0.1048,0.0698,0.0118,0.2125,0.0240,0.2870,0.0139,0.1121,0.0136,0.2144,0.0174,0.2425,0.0182,0.0229,0.1156,0.1955,0.0713,0.0443,0.1992,0.0394,0.2107,0.0355,0.1343,0.0285,0.2063,0.0350,0.2156,0.0318,0.0422,0.0809
35028,Los Alamos,New Mexico,35.8934,-106.3227,17928,low (0.5-2 psi),0.0000,0.0000,0.1366,0.3564,0.2299,0.2811,0.5733,0.3443,0.2235,0.1018,0.3165,0.1915,0.3695,0.3426,0.3722,0.5494,0.1074,0.2582,0.5330,0.5363,0.3156,0.7160,0.5796,0.5241,0.2372,0.5340,0.2749,0.5775,0.4043,0.6656,0.6757,0.2214
35029,Luna Co.,New Mexico,32.2984,-107.7635,17062,no (<0.5 psi),0.0000,0.0000,0.1458,0.0351,0.0299,0.2452,0.0269,0.0619,0.0543,0.1213,0.0322,0.2508,0.0609,0.1120,0.0392,0.0677,0.0638,0.2498,0.0903,0.1683,0.6327,0.1353,0.3795,0.1671,0.5667,0.1592,0.7008,0.1914,0.3369,0.1783,0.1739,0.4160
35031,McKinley Co.,New Mexico,35.4941,-108.1762,60879,very high (>=10 psi),1.0000,1.0000,0.3459,0.5429,0.7826,0.7803,0.4622,0.8367,0.7046,0.8084,0.5875,0.7199,0.6421,0.8647,0.5097,0.4498,0.7393,0.4794,0.3748,0.3271,0.5357,0.2334,0.6184,0.3178,0.4383,0.2640,0.4906,0.2696,0.5966,0.1625,0.2386,0.4765
35033,Mora Co.,New Mexico,36.0083,-104.9410,4532,no (<0.5 psi),0.0000,0.0000,0.0373,0.0296,0.0113,0.0346,0.0108,0.0700,0.0081,0.0710,0.0095,0.0384,0.0147,0.1776,0.0088,0.0158,0.1833,0.0919,0.0861,0.0717,0.1130,0.0395,0.1986,0.0572,0.1217,0.0498,0.1368,0.0625,0.3149,0.0449,0.0520,0.3567
35035,Otero Co.,New Mexico,32.7813,-105.8639,50312,very high (>=10 psi),1.0000,1.0000,0.3125,0.4325,0.7312,0.3788,0.6185,0.4387,0.6553,0.2798,0.6964,0.4403,0.6790,0.5856,0.6367,0.7612,0.2467,0.4378,0.4032,0.7884,0.5007,0.6825,0.4817,0.6699,0.2854,0.8294,0.5892,0.7615,0.7095,0.6557,0.8340,0.4836
35037,Quay Co.,New Mexico,35.1626,-103.5607,11750,no (<0.5 psi),0.0000,0.0000,0.0931,0.0363,0.0343,0.4335,0.0494,0.4335,0.0471,0.4074,0.0589,0.4583,0.0625,0.3787,0.0247,0.0518,0.5319,0.1924,0.0789,0.2301,0.4945,0.2784,0.6397,0.2854,0.6147,0.2185,0.5281,0.2731,0.5807,0.3963,0.2632,0.5708
35039,Rio Arriba Co.,New Mexico,36.4611,-106.7825,32197,no (<0.5 psi),0.0000,0.0000,0.2236,0.1652,0.0593,0.2113,0.1046,0.3049,0.0912,0.1686,0.0562,0.2000,0.0808,0.2021,0.0759,0.0890,0.1713,0.3707,0.3964,0.1989,0.4681,0.2337,0.5269,0.1331,0.4767,0.1666,0.5687,0.1826,0.6731,0.2333,0.2486,0.4992
35041,Roosevelt Co.,New Mexico,34.1712,-103.4944,16623,medium (2-5 psi),0.0000,1.0000,0.1331,0.0950,0.0484,0.0825,0.0309,0.1536,0.0633,0.1488,0.0395,0.0757,0.0927,0.1384,0.0586,0.0573,0.3466,0.2274,0.0363,0.0773,0.1822,0.0538,0.2470,0.0717,0.2941,0.0581,0.1701,0.0807,0.1983,0.0627,0.0517,0.3376
35043,Sandoval Co.,New Mexico,35.6617,-106.7779,46902,low (0.5-2 psi),0.0000,0.0000,0.2921,0.1573,0.1313,0.0861,0.0860,0.0855,0.1807,0.0887,0.1268,0.1174,0.0727,0.1534,0.0774,0.0742,0.1361,0.4227,0.1469,0.2740,0.3049,0.3053,0.2383,0.2033,0.1786,0.2907,0.4413,0.1926,0.4373,0.2561,0.4171,0.2989
35045,San Juan Co.,New Mexico,36.5564,-108.3347,91644,very high (>=10 psi),1.0000,1.0000,0.4385,0.6081,0.8442,0.7031,0.4778,0.7280,0.7720,0.8516,0.7113,0.8001,0.5574,0.7390,0.7550,0.3934,0.8904,0.5688,0.4630,0.6589,0.7451,0.5021,0.8392,0.6888,0.7819,0.4775,0.7506,0.5270,0.7513,0.6606,0.5259,0.7511
35047,San Miguel Co.,New Mexico,35.5270,-104.7555,25337,low (0.5-2 psi),0.0000,0.0000,0.1839,0.1643,0.0423,0.2771,0.0593,0.3023,0.0343,0.1577,0.0369,0.2237,0.0528,0.2236,0.0502,0.0621,0.1937,0.3220,0.3120,0.3008,0.4306,0.3029,0.5950,0.2048,0.4132,0.2422,0.5171,0.3064,0.6736,0.2792,0.3876,0.5715
35049,Santa Fe Co.,New Mexico,35.4682,-105.9826,85676,very high (>=10 psi),1.0000,1.0000,0.4394,0.6107,0.6026,0.4330,0.6096,0.6979,0.2316,0.5621,0.4238,0.4598,0.4896,0.5546,0.4411,0.3399,0.8156,0.5866,0.6961,0.7126,0.5957,0.6704,0.7575,0.5502,0.6522,0.7556,0.4703,0.6805,0.7225,0.7520,0.5547,0.8070
35051,Sierra Co.,New Mexico,33.0429,-107.1078,9191,no (<0.5 psi),0.0000,0.0000,0.0541,0.0299,0.0206,0.0467,0.0119,0.0451,0.0267,0.0274,0.0156,0.0680,0.0206,0.1051,0.0228,0.0157,0.0348,0.1401,0.0568,0.0751,0.1463,0.0470,0.1900,0.0717,0.1666,0.0554,0.1064,0.0696,0.3062,0.0816,0.0445,0.1894
35053,Socorro Co.,New Mexico,34.0673,-106.8197,14081,no (<0.5 psi),0.0000,0.0000,0.1100,0.0608,0.0142,0.1997,0.0291,0.3229,0.0147,0.1069,0.0146,0.2193,0.0288,0.2128,0.0201,0.0307,0.0998,0.2028,0.1051,0.0681,0.1462,0.0388,0.1549,0.0387,0.0751,0.0379,0.1522,0.0500,0.1120,0.0280,0.0389,0.1073
35055,Taos Co.,New Mexico,36.5026,-105.6377,22545,no (<0.5 psi),0.0000,0.0000,0.1667,0.1791,0.0381,0.1008,0.0550,0.0827,0.0355,0.0615,0.0320,0.0954,0.0435,0.1030,0.0280,0.0435,0.0794,0.2996,0.2943,0.0809,0.2351,0.0971,0.2767,0.0546,0.2077,0.0643,0.2249,0.0820,0.1517,0.1092,0.2303,0.1415
35057,Torrance Co.,New Mexico,34.6592,-105.8774,8530,low (0.5-2 psi),0.0000,0.0000,0.0689,0.0189,0.0093,0.0340,0.0074,0.0449,0.0068,0.0576,0.0054,0.0306,0.0077,0.0450,0.0073,0.0087,0.0978,0.1408,0.0423,0.0432,0.1548,0.0244,0.1200,0.0339,0.1250,0.0217,0.1725,0.0365,0.1825,0.0265,0.0218,0.1750
35059,Union Co.,New Mexico,36.3592,-103.5246,4912,no (<0.5 psi),0.0000,0.0000,0.0390,0.0352,0.0218,0.0657,0.0118,0.2425,0.0193,0.0933,0.0141,0.0838,0.0218,0.1478,0.0207,0.0133,0.1328,0.0916,0.0945,0.1356,0.2565,0.0515,0.3154,0.1786,0.5690,0.0934,0.2294,0.1897,0.6301,0.0634,0.0319,0.7661
35061,Valencia Co.,New Mexico,34.6592,-106.8343,36616,low (0.5-2 psi),0.0000,0.0000,0.2473,0.0836,0.0711,0.1251,0.0863,0.1083,0.0697,0.2318,0.0390,0.1951,0.0773,0.2757,0.0444,0.0576,0.2811,0.3707,0.1666,0.2081,0.2865,0.1656,0.2029,0.2929,0.1932,0.2215,0.3285,0.2482,0.4452,0.1311,0.1668,0.2845
36001,Albany Co.,New York,42.6146,-73.9790,289760,very high (>=10 psi),1.0000,1.0000,0.7468,0.9646,0.8778,0.6829,0.9161,0.8650,0.7507,0.4286,0.9399,0.6744,0.8525,0.7396,0.8625,0.7342,0.8910,0.7921,0.9516,0.9379,0.9169,0.9637,0.9319,0.9121,0.8083,0.9540,0.9106,0.9461,0.9311,0.9312,0.9192,0.9383
36003,Allegany Co.,New York,42.2018,-78.0247,50723,no (<0.5 psi),0.0000,0.0000,0.3207,0.2410,0.1991,0.3234,0.1486,0.1493,0.1629,0.4571,0.1417,0.3753,0.2185,0.2673,0.1378,0.1076,0.2674,0.4544,0.3383,0.3547,0.6792,0.2855,0.5473,0.2987,0.6647,0.3736,0.7024,0.4775,0.5759,0.2524,0.2283,0.5811
36005,Bronx Co.,New York,40.8571,-73.8574,1187894,very high (>=10 psi),1.0000,1.0000,0.9285,0.9798,0.9630,0.9660,0.9386,0.9600,0.9655,0.9695,0.9604,0.9537,0.9481,0.9592,0.9544,0.9275,0.9761,0.9288,0.9823,0.9784,0.9820,0.9504,0.9692,0.9840,0.9876,0.9847,0.9842,0.9672,0.9868,0.9744,0.9428,0.9906
36007,Broome Co.,New York,42.2042,-75.8620,213846,no (<0.5 psi),0.0000,0.0000,0.6818,0.5615,0.3221,0.7937,0.4494,0.6734,0.4057,0.5099,0.4865,0.7460,0.4191,0.7577,0.2184,0.6924,0.4089,0.7451,0.6492,0.6474,0.7675,0.6722,0.6698,0.7464,0.6858,0.5781,0.7162,0.7184,0.8280,0.6430,0.7197,0.7316
36009,Cattaraugus Co.,New York,42.2813,-78.6844,85545,high (5-10 psi),0.0000,1.0000,0.4499,0.3565,0.4001,0.5672,0.3729,0.4427,0.2993,0.7067,0.3012,0.5524,0.3588,0.6924,0.2167,0.2495,0.5773,0.5679,0.4596,0.4736,0.6587,0.2192,0.3480,0.5122,0.5842,0.4932,0.5388,0.5640,0.7967,0.1771,0.1970,0.6730
36011,Cayuga Co.,New York,43.0129,-76.6048,79927,medium (2-5 psi),0.0000,1.0000,0.4323,0.2239,0.0597,0.2764,0.1239,0.3360,0.0660,0.3781,0.0393,0.1035,0.1784,0.0783,0.0734,0.1843,0.1340,0.5533,0.4858,0.1536,0.3527,0.1862,0.5064,0.1186,0.2793,0.1476,0.2532,0.2675,0.2438,0.1670,0.1595,0.2546
36013,Chautauqua Co.,New York,42.2840,-79.3911,144052,medium (2-5 psi),0.0000,1.0000,0.5858,0.6342,0.5816,0.5561,0.4009,0.5990,0.5140,0.7835,0.5237,0.6984,0.4675,0.6404,0.4893,0.3382,0.7465,0.6743,0.6750,0.5867,0.6566,0.5436,0.5390,0.5944,0.7896,0.6579,0.6253,0.6046,0.7882,0.5758,0.5525,0.7836
36015,Chemung Co.,New York,42.1478,-76.7633,92200,no (<0.5 psi),0.0000,0.0000,0.4694,0.3379,0.1331,0.5340,0.2282,0.5545,0.1043,0.4866,0.1718,0.3061,0.1902,0.3407,0.1235,0.1602,0.2832,0.5838,0.4596,0.2778,0.6286,0.3628,0.6819,0.3573,0.6447,0.2817,0.6286,0.3130,0.4513,0.2561,0.2500,0.4538
36017,Chenango Co.,New York,42.4679,-75.6347,49668,no (<0.5 psi),0.0000,0.0000,0.3159,0.1726,0.0276,0.1223,0.0533,0.1241,0.0367,0.0986,0.0367,0.1324,0.0391,0.0822,0.0375,0.0666,0.0596,0.4499,0.3652,0.1851,0.3096,0.1244,0.4849,0.1649,0.3625,0.1887,0.3210,0.1600,0.2990,0.1623,0.1391,0.3371
36019,Clinton Co.,New York,44.7250,-73.6779,82675,very high (>=10 psi),1.0000,1.0000,0.4410,0.8932,0.7896,0.4308,0.8652,0.4652,0.6554,0.2794,0.8215,0.3029,0.8262,0.4178,0.7874,0.8063,0.2530,0.5605,0.9233,0.8193,0.2658,0.7682,0.2497,0.7872,0.2850,0.8448,0.2700,0.8131,0.4763,0.5926,0.7099,0.4402
36021,Columbia Co.,New York,42.2371,-73.6470,61291,medium (2-5 psi),0.0000,1.0000,0.3655,0.2712,0.0973,0.2960,0.1497,0.1999,0.1660,0.2960,0.1536,0.1743,0.1430,0.5001,0.0742,0.0894,0.3455,0.4956,0.4598,0.3734,0.3060,0.2921,0.2808,0.3318,0.2606,0.4142,0.2737,0.4932,0.7408,0.1512,0.1273,0.6190
36023,Cortland Co.,New York,42.5196,-76.0666,47659,no (<0.5 psi),0.0000,0.0000,0.3066,0.1533,0.0460,0.2284,0.0547,0.3524,0.0433,0.1564,0.0408,0.2102,0.0614,0.1417,0.0388,0.0816,0.0795,0.4410,0.3277,0.1893,0.8441,0.4078,0.7817,0.2021,0.7650,0.1812,0.8003,0.1771,0.5146,0.2697,0.2929,0.3920
36025,Delaware Co.,New York,42.1820,-74.9528,46329,no (<0.5 psi),0.0000,0.0000,0.3003,0.2353,0.0571,0.2152,0.0639,0.1717,0.0494,0.1686,0.0367,0.2357,0.0488,0.0968,0.0876,0.0743,0.1792,0.4349,0.4233,0.1352,0.5107,0.1719,0.4720,0.2046,0.6004,0.1991,0.5919,0.1910,0.2516,0.2385,0.2343,0.3420
36027,Dutchess Co.,New York,41.7624,-73.7287,252443,very high (>=10 psi),1.0000,1.0000,0.7184,0.6559,0.6100,0.7558,0.7214,0.7247,0.6339,0.6994,0.6651,0.6366,0.6956,0.8279,0.4118,0.7109,0.6594,0.7716,0.7380,0.8224,0.8370,0.8669,0.8957,0.8310,0.8864,0.8188,0.7304,0.8768,0.9271,0.7275,0.8248,0.9213
36029,Erie Co.,New York,42.7541,-78.6780,973610,very high (>=10 psi),1.0000,1.0000,0.9134,0.8051,0.8992,0.9520,0.8831,0.9617,0.8776,0.9534,0.8422,0.8992,0.9088,0.9424,0.8787,0.9043,0.8991,0.9164,0.8385,0.9335,0.9816,0.9210,0.9749,0.9372,0.9782,0.9570,0.9714,0.9454,0.9842,0.9086,0.9641,0.9748
36031,Essex Co.,New York,44.1482,-73.7492,36437,medium (2-5 psi),0.0000,1.0000,0.2500,0.2427,0.0864,0.2828,0.1058,0.1572,0.0539,0.1486,0.0603,0.3300,0.0736,0.1644,0.0687,0.0624,0.0787,0.3843,0.3944,0.1496,0.2156,0.1375,0.1316,0.1327,0.1448,0.1463,0.2607,0.1217,0.1290,0.1191,0.1073,0.1846
36033,Franklin Co.,New York,44.5022,-74.2493,43776,no (<0.5 psi),0.0000,0.0000,0.2879,0.3325,0.1186,0.3401,0.1078,0.4041,0.0830,0.2902,0.0733,0.2896,0.0868,0.2547,0.0759,0.0624,0.2795,0.4228,0.4627,0.2269,0.4374,0.2077,0.3935,0.1564,0.5991,0.1305,0.4655,0.1444,0.2330,0.2815,0.1468,0.3879
36035,Fulton Co.,New York,43.1349,-74.4271,54480,low (0.5-2 psi),0.0000,0.0000,0.3373,0.2139,0.0811,0.1656,0.0884,0.1818,0.0857,0.1896,0.0633,0.1749,0.0650,0.1607,0.0853,0.0980,0.1112,0.4699,0.4320,0.2338,0.5422,0.1926,0.3423,0.2488,0.3782,0.2317,0.5782,0.1962,0.3679,0.2897,0.2993,0.2908
36037,Genesee Co.,New York,43.0123,-78.1860,59152,no (<0.5 psi),0.0000,0.0000,0.3569,0.1732,0.0884,0.0807,0.0885,0.1062,0.0878,0.1598,0.1175,0.0438,0.1404,0.0703,0.1268,0.0988,0.1347,0.4878,0.4431,0.1514,0.4985,0.1761,0.5215,0.0912,0.4985,0.1898,0.4657,0.2139,0.4141,0.1784,0.3326,0.3141
36039,Greene Co.,New York,42.2893,-74.1284,42492,low (0.5-2 psi),0.0000,0.0000,0.2816,0.2866,0.0633,0.1670,0.0830,0.1631,0.0683,0.0660,0.0904,0.1298,0.0638,0.1651,0.0712,0.1231,0.1236,0.4164,0.5482,0.2857,0.2944,0.4814,0.2744,0.1920,0.2155,0.3932,0.2984,0.3089,0.5106,0.2083,0.2857,0.3963
36041,Hamilton Co.,New York,43.6076,-74.4944,4965,low (0.5-2 psi),0.0000,0.0000,0.0394,0.0230,0.0063,0.0139,0.0083,0.0083,0.0095,0.0235,0.0061,0.0132,0.0124,0.0115,0.0060,0.0056,0.0296,0.0988,0.1212,0.0220,0.0679,0.0442,0.0485,0.0329,0.1559,0.0207,0.0740,0.0452,0.0354,0.0416,0.0352,0.0434
36043,Herkimer Co.,New York,43.4132,-74.9544,66536,medium (2-5 psi),0.0000,1.0000,0.3539,0.2679,0.2555,0.3299,0.1164,0.2297,0.2254,0.3195,0.1637,0.2900,0.1037,0.3680,0.3212,0.2327,0.1292,0.5135,0.6029,0.1696,0.5369,0.1850,0.4770,0.2390,0.7337,0.1637,0.5560,0.1783,0.4199,0.2481,0.2881,0.3637
36045,Jefferson Co.,New York,44.0336,-75.9012,88954,very high (>=10 psi),1.0000,1.0000,0.4328,0.8830,0.9063,0.4333,0.8526,0.4731,0.8481,0.5341,0.9106,0.2471,0.8838,0.4091,0.9175,0.9090,0.2961,0.5762,0.8428,0.8190,0.3557,0.7284,0.2473,0.7786,0.3703,0.7447,0.2600,0.7953,0.3235,0.8089,0.7953,0.2889
36047,Kings Co.,New York,40.6546,-73.9582,2304368,very high (>=10 psi),1.0000,1.0000,0.9631,0.9899,0.9783,0.9643,0.9430,0.9556,0.9748,0.9748,0.9793,0.9660,0.9521,0.9555,0.9686,0.9206,0.9845,0.9588,0.9848,0.9849,0.9819,0.9494,0.9648,0.9873,0.9858,0.9867,0.9864,0.9670,0.9872,0.9815,0.9359,0.9922
36049,Lewis Co.,New York,43.8352,-75.4921,24837,low (0.5-2 psi),0.0000,0.0000,0.1511,0.0857,0.0453,0.0756,0.0260,0.0361,0.0526,0.0746,0.0486,0.2149,0.0531,0.0591,0.0644,0.0309,0.0381,0.3088,0.3004,0.1862,0.1279,0.1746,0.0707,0.1619,0.3105,0.1692,0.1706,0.1820,0.0939,0.1936,0.1712,0.1566
36051,Livingston Co.,New York,42.7165,-77.7809,59074,low (0.5-2 psi),0.0000,0.0000,0.3565,0.1416,0.0744,0.1590,0.0919,0.0777,0.0592,0.1424,0.0836,0.1419,0.1159,0.1356,0.0918,0.1136,0.0983,0.4875,0.2927,0.1103,0.3486,0.1374,0.2056,0.0954,0.3019,0.1263,0.3276,0.1444,0.1976,0.1023,0.1889,0.2167
36053,Madison Co.,New York,42.9842,-75.7296,66509,low (0.5-2 psi),0.0000,0.0000,0.3856,0.2003,0.0806,0.4169,0.1273,0.4462,0.0853,0.2444,0.1479,0.2890,0.0825,0.2088,0.0951,0.2267,0.0896,0.5134,0.4975,0.2866,0.4216,0.2557,0.4737,0.2075,0.2990,0.2861,0.3433,0.2233,0.2598,0.2291,0.2839,0.3560
36055,Monroe Co.,New York,43.1842,-77.6854,704672,very high (>=10 psi),1.0000,1.0000,0.8901,0.8946,0.9274,0.9720,0.9204,0.9464,0.9517,0.9668,0.8894,0.9812,0.9347,0.9493,0.9463,0.9536,0.9392,0.8921,0.8949,0.9196,0.9645,0.9075,0.9328,0.9208,0.9647,0.9279,0.9592,0.9219,0.9523,0.9389,0.9585,0.9639
36057,Montgomery Co.,New York,42.9265,-74.4209,52223,low (0.5-2 psi),0.0000,0.0000,0.3274,0.2207,0.0780,0.1414,0.1006,0.1566,0.0902,0.2653,0.0707,0.1340,0.0964,0.1057,0.1177,0.0790,0.1399,0.4607,0.4583,0.2838,0.7264,0.2657,0.5998,0.1932,0.5219,0.2968,0.6917,0.2100,0.3350,0.3852,0.2456,0.3560
36059,Nassau Co.,New York,40.7677,-73.5839,1314652,very high (>=10 psi),1.0000,1.0000,0.9353,0.9769,0.9723,0.9678,0.9519,0.9610,0.9728,0.9693,0.9708,0.9612,0.9445,0.9436,0.9633,0.9234,0.9806,0.9344,0.9628,0.9771,0.9828,0.9640,0.9745,0.9795,0.9897,0.9655,0.9836,0.9728,0.9870,0.9639,0.9446,0.9894
36061,New York Co.,New York,40.7813,-73.9594,1464286,very high (>=10 psi),1.0000,1.0000,0.9418,0.9927,0.9749,0.9641,0.9400,0.9601,0.9789,0.9716,0.9758,0.9654,0.9556,0.9549,0.9712,0.9229,0.9859,0.9400,0.9920,0.9823,0.9819,0.9508,0.9678,0.9862,0.9875,0.9877,0.9863,0.9710,0.9878,0.9811,0.9434,0.9930
36063,Niagara Co.,New York,43.1866,-78.7567,218246,very high (>=10 psi),1.0000,1.0000,0.6864,0.7721,0.9183,0.7159,0.5859,0.7307,0.9050,0.7447,0.9123,0.9585,0.6492,0.5881,0.9131,0.5165,0.9541,0.7873,0.7099,0.9369,0.9587,0.8604,0.9385,0.9361,0.9634,0.9231,0.9665,0.9376,0.9603,0.8842,0.8623,0.9800
36065,Oneida Co.,New York,43.2377,-75.4938,252832,very high (>=10 psi),1.0000,1.0000,0.7154,0.9249,0.9167,0.6404,0.9409,0.6793,0.9388,0.6420,0.9238,0.6336,0.9453,0.5868,0.9333,0.9312,0.4298,0.7718,0.9457,0.9015,0.7987,0.8948,0.7823,0.9176,0.7949,0.8954,0.7058,0.9121,0.6493,0.9047,0.9150,0.5923
36067,Onondaga Co.,New York,43.0460,-76.2051,467054,very high (>=10 psi),1.0000,1.0000,0.8297,0.6544,0.7098,0.9202,0.8792,0.9059,0.7895,0.9323,0.6680,0.8408,0.8470,0.8822,0.7630,0.9273,0.8286,0.8525,0.7858,0.8783,0.9634,0.9356,0.9274,0.8940,0.9587,0.8488,0.9253,0.9124,0.9381,0.8952,0.9367,0.9010
36069,Ontario Co.,New York,42.7929,-77.2824,92204,high (5-10 psi),0.0000,1.0000,0.4694,0.1970,0.0715,0.1763,0.2965,0.2673,0.0683,0.3174,0.0715,0.1277,0.2244,0.1273,0.1864,0.2582,0.1339,0.5838,0.3553,0.1057,0.2391,0.2336,0.2632,0.1207,0.2214,0.1437,0.2436,0.1842,0.1758,0.1871,0.2576,0.1661
36071,Orange Co.,New York,41.3856,-74.3321,279432,no (<0.5 psi),0.0000,0.0000,0.7395,0.7990,0.9041,0.7827,0.7611,0.7584,0.9178,0.8478,0.9174,0.8887,0.7485,0.7422,0.8614,0.7015,0.9284,0.7868,0.8211,0.8705,0.9161,0.8804,0.9548,0.8379,0.9428,0.8816,0.9623,0.8552,0.9376,0.8851,0.8625,0.9551
36073,Orleans Co.,New York,43.2595,-78.2302,38879,no (<0.5 psi),0.0000,0.0000,0.2630,0.1309,0.1114,0.2669,0.1261,0.1974,0.1338,0.3449,0.1109,0.1521,0.2159,0.1196,0.1192,0.1297,0.1495,0.4031,0.2136,0.1714,0.6613,0.1399,0.5176,0.2448,0.6430,0.1987,0.5828,0.2651,0.5371,0.1652,0.2255,0.4060
36075,Oswego Co.,New York,43.4391,-76.2080,116820,very high (>=10 psi),1.0000,1.0000,0.5102,0.5447,0.8585,0.4119,0.3701,0.5089,0.8947,0.4504,0.8537,0.9445,0.4636,0.4366,0.9107,0.3222,0.9044,0.6330,0.7366,0.8602,0.6779,0.3959,0.6250,0.8727,0.7198,0.8347,0.9546,0.3053,0.5160,0.9067,0.4245,0.9334
36077,Otsego Co.,New York,42.6098,-74.9902,58627,low (0.5-2 psi),0.0000,0.0000,0.3547,0.2387,0.0683,0.1587,0.0680,0.1301,0.0474,0.2319,0.0451,0.2052,0.0479,0.1150,0.0884,0.1027,0.0863,0.4859,0.4280,0.1492,0.4154,0.0912,0.2577,0.1970,0.4956,0.1566,0.3520,0.1391,0.3731,0.1192,0.1007,0.3195
36079,Putnam Co.,New York,41.4281,-73.7566,79989,no (<0.5 psi),0.0000,0.0000,0.4325,0.5189,0.8289,0.3195,0.5018,0.3896,0.8020,0.4799,0.8651,0.6851,0.4037,0.5702,0.7235,0.3602,0.8100,0.5534,0.7177,0.9465,0.6018,0.8190,0.7765,0.9243,0.8088,0.9579,0.9389,0.8422,0.8974,0.9193,0.5888,0.9713
36081,Queens Co.,New York,40.6751,-73.7944,1949579,very high (>=10 psi),1.0000,1.0000,0.9563,0.9898,0.9841,0.9644,0.9437,0.9558,0.9849,0.9813,0.9861,0.9783,0.9600,0.9570,0.9854,0.9247,0.9912,0.9526,0.9846,0.9864,0.9819,0.9541,0.9661,0.9890,0.9865,0.9862,0.9880,0.9735,0.9871,0.9840,0.9413,0.9927
36083,Rensselaer Co.,New York,42.7190,-73.4881,152640,very high (>=10 psi),1.0000,1.0000,0.6005,0.6076,0.3216,0.4395,0.5047,0.5007,0.3948,0.5042,0.5029,0.5249,0.3137,0.6335,0.4088,0.5234,0.4838,0.6853,0.6981,0.6741,0.6652,0.8425,0.6687,0.6914,0.7139,0.7214,0.6908,0.5838,0.7338,0.6588,0.7943,0.7454
36085,Richmond Co.,New York,40.5683,-74.1495,367927,very high (>=10 psi),1.0000,1.0000,0.7912,0.9025,0.9697,0.8952,0.8735,0.8807,0.9613,0.9587,0.9629,0.9303,0.9240,0.9110,0.9513,0.8413,0.9793,0.8243,0.9299,0.9862,0.9730,0.9482,0.9625,0.9883,0.9869,0.9870,0.9841,0.9655,0.9876,0.9833,0.9409,0.9929
36087,Rockland Co.,New York,41.1591,-74.0573,264364,low (0.5-2 psi),0.0000,0.0000,0.7281,0.8954,0.9593,0.8733,0.8066,0.8259,0.9616,0.8738,0.9639,0.9366,0.8356,0.8681,0.9308,0.7773,0.9711,0.7786,0.9126,0.9746,0.9559,0.9505,0.9299,0.9792,0.9725,0.9795,0.9843,0.9437,0.9741,0.9693,0.8635,0.9891
36089,St. Lawrence Co.,New York,44.5538,-75.1497,113029,no (<0.5 psi),0.0000,0.0000,0.5229,0.7195,0.3664,0.5428,0.4278,0.5052,0.4480,0.5356,0.2780,0.5166,0.5370,0.4377,0.4589,0.3603,0.6365,0.6262,0.7588,0.5839,0.7952,0.4141,0.5160,0.5897,0.6466,0.5241,0.6978,0.4686,0.6078,0.5189,0.4539,0.6031
36091,Saratoga Co.,New York,43.0860,-73.8457,161661,very high (>=10 psi),1.0000,1.0000,0.5729,0.5394,0.5103,0.4884,0.5234,0.4219,0.6009,0.5692,0.5224,0.4742,0.5700,0.5101,0.4160,0.6751,0.6005,0.6847,0.6798,0.7682,0.4827,0.7706,0.6134,0.7646,0.6077,0.8186,0.5003,0.7216,0.7270,0.7013,0.7071,0.7315
36093,Schenectady Co.,New York,42.8271,-74.0473,149612,very high (>=10 psi),1.0000,1.0000,0.5954,0.5575,0.6453,0.8841,0.7589,0.8257,0.7492,0.6650,0.7759,0.7604,0.6759,0.8557,0.5855,0.8501,0.6139,0.6815,0.7604,0.8762,0.9360,0.9412,0.9357,0.8353,0.9123,0.9138,0.8708,0.8965,0.9343,0.8944,0.9028,0.9370
36095,Schoharie Co.,New York,42.5793,-74.4456,30063,low (0.5-2 psi),0.0000,0.0000,0.2141,0.2812,0.1762,0.3760,0.0743,0.2215,0.1497,0.2016,0.2232,0.3796,0.0789,0.1475,0.1475,0.1245,0.3109,0.3454,0.5833,0.4387,0.3876,0.2529,0.3111,0.4475,0.3912,0.4984,0.5136,0.2832,0.2696,0.5004,0.2257,0.5816
36097,Schuyler Co.,New York,42.4171,-76.8969,17990,low (0.5-2 psi),0.0000,0.0000,0.1370,0.0432,0.0245,0.0727,0.0396,0.0910,0.0269,0.0922,0.0280,0.0824,0.0386,0.0639,0.0248,0.0320,0.0515,0.2521,0.1546,0.1351,0.2182,0.2317,0.3313,0.1999,0.3875,0.1289,0.2125,0.2282,0.1392,0.2082,0.1500,0.2592
36099,Seneca Co.,New York,42.7812,-76.8587,33347,very high (>=10 psi),1.0000,1.0000,0.2330,0.1353,0.0621,0.1362,0.1206,0.3052,0.0469,0.2336,0.0460,0.1131,0.1140,0.0713,0.1030,0.0908,0.0857,0.3661,0.3126,0.1158,0.3225,0.3001,0.3869,0.1590,0.3656,0.1341,0.2949,0.2900,0.2377,0.2085,0.2377,0.1959
36101,Steuben Co.,New York,42.3412,-77.4183,96800,no (<0.5 psi),0.0000,0.0000,0.4822,0.3255,0.2473,0.5007,0.2673,0.5396,0.1818,0.7478,0.1729,0.5230,0.2158,0.2500,0.1710,0.1311,0.6507,0.5941,0.4539,0.3225,0.6927,0.2419,0.7108,0.2289,0.7685,0.2226,0.6612,0.3108,0.5913,0.2239,0.1959,0.6966
36103,Suffolk Co.,New York,40.8902,-72.9038,1306894,very high (>=10 psi),1.0000,1.0000,0.9349,0.9769,0.9820,0.9665,0.9730,0.9610,0.9773,0.9756,0.9718,0.9783,0.9563,0.9561,0.9829,0.9438,0.9844,0.9341,0.9589,0.9738,0.9819,0.9698,0.9689,0.9785,0.9876,0.9620,0.9862,0.9635,0.9750,0.9706,0.9741,0.9862
36105,Sullivan Co.,New York,41.7241,-74.7953,65130,no (<0.5 psi),0.0000,0.0000,0.3804,0.4033,0.0592,0.2900,0.0743,0.1407,0.0605,0.1715,0.0918,0.1996,0.0595,0.2790,0.0473,0.1221,0.1160,0.5088,0.4798,0.1196,0.3400,0.0979,0.2811,0.1201,0.3305,0.1518,0.2726,0.1257,0.2035,0.1145,0.1131,0.2160
36107,Tioga Co.,New York,42.2032,-76.3113,50873,no (<0.5 psi),0.0000,0.0000,0.3214,0.1972,0.0672,0.2143,0.0746,0.2802,0.0569,0.1133,0.0828,0.1502,0.0974,0.1367,0.0405,0.0633,0.1203,0.4550,0.3594,0.2269,0.4675,0.2400,0.5433,0.2910,0.4238,0.2312,0.4546,0.2854,0.2520,0.2054,0.2507,0.3567
36109,Tompkins Co.,New York,42.4771,-76.4751,89791,low (0.5-2 psi),0.0000,0.0000,0.4625,0.2717,0.0611,0.3732,0.1272,0.4522,0.0577,0.1727,0.0592,0.3700,0.0983,0.2574,0.0661,0.1301,0.1353,0.5782,0.4153,0.1570,0.3844,0.2427,0.3360,0.1730,0.3483,0.1302,0.2152,0.1762,0.2526,0.1250,0.1484,0.1924
36111,Ulster Co.,New York,41.8784,-74.2025,159880,high (5-10 psi),0.0000,1.0000,0.6121,0.5968,0.2653,0.5994,0.5015,0.5405,0.3772,0.4796,0.3302,0.4614,0.2836,0.5957,0.2391,0.4505,0.5063,0.6940,0.6994,0.5715,0.5720,0.5667,0.6701,0.5680,0.6738,0.5798,0.4697,0.6795,0.7834,0.3046,0.3998,0.7724
36113,Warren Co.,New York,43.5155,-73.9067,55491,very high (>=10 psi),1.0000,1.0000,0.3416,0.3760,0.0985,0.0872,0.1825,0.0901,0.0870,0.0671,0.0817,0.0748,0.0720,0.2123,0.0482,0.1163,0.0542,0.4739,0.5035,0.2019,0.3745,0.3034,0.3181,0.1913,0.4263,0.2589,0.3555,0.1562,0.3293,0.1698,0.3999,0.2299
36115,Washington Co.,New York,43.3616,-73.4295,55942,medium (2-5 psi),0.0000,1.0000,0.3435,0.2506,0.1793,0.1879,0.1228,0.1462,0.1722,0.2305,0.1937,0.1634,0.1620,0.3475,0.0675,0.1523,0.1892,0.4757,0.4594,0.4616,0.3400,0.4052,0.2363,0.5431,0.3438,0.5349,0.3523,0.5351,0.7939,0.2516,0.4474,0.6210
36117,Wayne Co.,New York,43.1648,-77.0407,86266,medium (2-5 psi),0.0000,1.0000,0.4521,0.2874,0.1593,0.1536,0.2054,0.2131,0.1264,0.3767,0.1733,0.1524,0.3319,0.0756,0.2475,0.3161,0.3108,0.5696,0.4194,0.3218,0.2457,0.2248,0.2160,0.3579,0.2797,0.2637,0.2719,0.3476,0.2410,0.2720,0.2415,0.4037
36119,Westchester Co.,New York,41.1194,-73.7890,873022,very high (>=10 psi),1.0000,1.0000,0.9039,0.9769,0.9824,0.9653,0.9508,0.9550,0.9864,0.9702,0.9785,0.9784,0.9558,0.9542,0.9810,0.9282,0.9896,0.9089,0.9735,0.9856,0.9844,0.9713,0.9736,0.9853,0.9862,0.9847,0.9889,0.9702,0.9827,0.9843,0.9425,0.9920
36121,Wyoming Co.,New York,42.7241,-78.2099,40721,no (<0.5 psi),0.0000,0.0000,0.2726,0.1135,0.0780,0.1076,0.1143,0.1168,0.0699,0.1692,0.0858,0.0924,0.1022,0.0531,0.1124,0.1240,0.0923,0.4074,0.3778,0.1563,0.4583,0.2017,0.4154,0.0999,0.3029,0.1923,0.4954,0.1738,0.3465,0.1575,0.3313,0.2643
36123,Yates Co.,New York,42.6029,-77.1311,21538,medium (2-5 psi),0.0000,1.0000,0.1610,0.1085,0.0696,0.0642,0.0772,0.0891,0.0572,0.0657,0.0635,0.0847,0.0687,0.0665,0.0678,0.0546,0.0504,0.2829,0.2404,0.2327,0.2771,0.3035,0.2438,0.2343,0.2717,0.2021,0.1837,0.2094,0.1466,0.2621,0.2320,0.1913
37001,Alamance Co.,North Carolina,35.9950,-79.4018,102524,very high (>=10 psi),1.0000,1.0000,0.4850,0.2446,0.2295,0.1649,0.2825,0.1569,0.2587,0.1997,0.2560,0.1082,0.3851,0.1295,0.4143,0.6557,0.1486,0.6373,0.5413,0.6553,0.4456,0.7099,0.6745,0.6380,0.5526,0.6390,0.4941,0.6888,0.4735,0.6403,0.8004,0.4965
37003,Alexander Co.,North Carolina,35.9013,-81.1823,26348,no (<0.5 psi),0.0000,0.0000,0.1900,0.0762,0.1216,0.1724,0.1102,0.2502,0.0948,0.0698,0.1579,0.1509,0.1138,0.2433,0.0504,0.0994,0.1114,0.3381,0.2406,0.2692,0.3032,0.5936,0.4597,0.2444,0.2267,0.3503,0.3462,0.3903,0.3502,0.2461,0.4224,0.2858
37005,Alleghany Co.,North Carolina,36.4695,-81.1265,9549,no (<0.5 psi),0.0000,0.0000,0.0767,0.0298,0.0092,0.0311,0.0134,0.0259,0.0133,0.0289,0.0105,0.0155,0.0147,0.0303,0.0094,0.0213,0.0156,0.1608,0.1135,0.0527,0.1065,0.0829,0.0755,0.0362,0.0682,0.0684,0.0815,0.0613,0.0778,0.0338,0.0907,0.0570
37007,Anson Co.,North Carolina,35.0141,-80.0972,24848,no (<0.5 psi),0.0000,0.0000,0.1838,0.1228,0.0559,0.0570,0.0287,0.0254,0.0655,0.0609,0.0312,0.0367,0.0732,0.1137,0.0307,0.0295,0.0585,0.3256,0.3219,0.3772,0.2106,0.3561,0.1940,0.4109,0.1917,0.3469,0.3120,0.3975,0.5647,0.1958,0.1887,0.4383
37009,Ashe Co.,North Carolina,36.4155,-81.4984,22716,no (<0.5 psi),0.0000,0.0000,0.1677,0.0850,0.0616,0.1196,0.0496,0.0983,0.0671,0.0814,0.0600,0.1118,0.0492,0.1924,0.0334,0.0733,0.1033,0.3068,0.2174,0.2027,0.2143,0.3294,0.3411,0.1478,0.2010,0.1921,0.1647,0.2924,0.1259,0.1747,0.2789,0.1379
37011,Avery Co.,North Carolina,36.0997,-81.9295,14723,no (<0.5 psi),0.0000,0.0000,0.1145,0.0450,0.0318,0.0607,0.0271,0.0453,0.0317,0.0558,0.0352,0.0393,0.0245,0.1019,0.0234,0.0490,0.0393,0.2255,0.1695,0.1201,0.3145,0.3287,0.2671,0.1139,0.1543,0.1881,0.2319,0.1904,0.2406,0.1563,0.2394,0.1185
37013,Beaufort Co.,North Carolina,35.4710,-76.8791,42211,no (<0.5 psi),0.0000,0.0000,0.2753,0.7652,0.2667,0.0963,0.4543,0.1143,0.3285,0.3429,0.1816,0.1347,0.3705,0.0321,0.3199,0.2385,0.1432,0.4228,0.9044,0.3331,0.3981,0.5075,0.3418,0.3689,0.7512,0.1923,0.4894,0.4712,0.0833,0.7583,0.4482,0.4269
37015,Bertie Co.,North Carolina,36.0233,-76.9685,21001,no (<0.5 psi),0.0000,0.0000,0.1568,0.2313,0.0501,0.1327,0.0241,0.0435,0.0415,0.1039,0.0371,0.0792,0.0394,0.0448,0.0316,0.0246,0.0564,0.2690,0.5095,0.0757,0.2332,0.0969,0.2121,0.0877,0.2639,0.0614,0.1878,0.0818,0.0542,0.2120,0.1617,0.0917
37017,Bladen Co.,North Carolina,34.6112,-78.5687,29615,medium (2-5 psi),0.0000,1.0000,0.2114,0.1133,0.0417,0.1740,0.0395,0.0841,0.0351,0.0548,0.0491,0.1958,0.0329,0.1577,0.0249,0.0269,0.0482,0.3425,0.2851,0.1206,0.4918,0.0912,0.3210,0.1283,0.3040,0.1592,0.4622,0.0951,0.3587,0.0800,0.1091,0.2831
37019,Brunswick Co.,North Carolina,34.1012,-78.2413,44808,very high (>=10 psi),1.0000,1.0000,0.2831,0.2664,0.2218,0.0722,0.1140,0.0738,0.2464,0.0638,0.3773,0.1562,0.0632,0.1307,0.3007,0.1161,0.3001,0.4605,0.6758,0.7217,0.7174,0.6990,0.6373,0.8180,0.6256,0.7409,0.7056,0.6843,0.6168,0.7666,0.5155,0.7684
37021,Buncombe Co.,North Carolina,35.6205,-82.5387,167134,no (<0.5 psi),0.0000,0.0000,0.6082,0.5105,0.4809,0.7606,0.3944,0.7828,0.4297,0.6374,0.5147,0.7678,0.4374,0.6410,0.3380,0.3697,0.4699,0.7528,0.5909,0.3884,0.5506,0.4422,0.5847,0.3521,0.6468,0.4599,0.6248,0.3439,0.4028,0.4878,0.4171,0.3622
37023,Burke Co.,North Carolina,35.7788,-81.7536,74448,no (<0.5 psi),0.0000,0.0000,0.4043,0.3312,0.1600,0.2799,0.2080,0.2204,0.1521,0.2000,0.2397,0.2279,0.2062,0.3464,0.1449,0.1440,0.2810,0.5823,0.4793,0.5665,0.3274,0.4756,0.4443,0.4431,0.4652,0.4762,0.4363,0.4447,0.2707,0.5589,0.3947,0.5125
37025,Cabarrus Co.,North Carolina,35.3069,-80.5522,92230,low (0.5-2 psi),0.0000,0.0000,0.4580,0.2342,0.2538,0.4703,0.4399,0.5632,0.2479,0.4803,0.3266,0.3700,0.3442,0.4811,0.2877,0.3221,0.4927,0.6316,0.5165,0.6231,0.7486,0.6591,0.7432,0.5200,0.7342,0.4899,0.7134,0.6471,0.7145,0.4692,0.5354,0.7697
37027,Caldwell Co.,North Carolina,35.9412,-81.5589,69940,no (<0.5 psi),0.0000,0.0000,0.3891,0.2646,0.2866,0.1634,0.5776,0.2244,0.3314,0.0951,0.4703,0.1384,0.4117,0.3976,0.1530,0.1893,0.2522,0.5675,0.4591,0.7038,0.3290,0.8751,0.5189,0.6225,0.4394,0.6777,0.3994,0.7071,0.5335,0.5511,0.4476,0.6731
37029,Camden Co.,North Carolina,36.3536,-76.1641,5597,no (<0.5 psi),0.0000,0.0000,0.0315,0.0251,0.0116,0.0093,0.0114,0.0089,0.0086,0.0221,0.0054,0.0111,0.0106,0.0075,0.0128,0.0056,0.0134,0.1016,0.1657,0.0996,0.2955,0.0578,0.2865,0.0964,0.2419,0.0728,0.2314,0.0935,0.1280,0.1552,0.1431,0.1828
37031,Carteret Co.,North Carolina,34.8293,-76.6946,48320,very high (>=10 psi),1.0000,1.0000,0.3097,0.4254,0.1353,0.7026,0.2314,0.7579,0.1363,0.8175,0.1153,0.6946,0.2462,0.2857,0.2003,0.3966,0.2323,0.4439,0.6502,0.3790,0.7406,0.3898,0.6564,0.4180,0.8474,0.3451,0.7958,0.3818,0.3325,0.5550,0.6243,0.5116
37033,Caswell Co.,North Carolina,36.3564,-79.3371,21577,medium (2-5 psi),0.0000,1.0000,0.1605,0.0519,0.0348,0.0539,0.0523,0.0719,0.0276,0.0648,0.0280,0.0600,0.0586,0.0366,0.0401,0.0779,0.0373,0.2743,0.1968,0.2964,0.1834,0.3386,0.2901,0.3730,0.2387,0.3402,0.1696,0.5422,0.1679,0.3017,0.3697,0.2913
37035,Catawba Co.,North Carolina,35.6866,-81.2051,112094,very high (>=10 psi),1.0000,1.0000,0.5078,0.4945,0.8353,0.4399,0.5593,0.5904,0.8571,0.4216,0.8698,0.7665,0.5785,0.3553,0.8357,0.4930,0.8381,0.6743,0.6689,0.9286,0.7703,0.6660,0.7860,0.8842,0.8288,0.8662,0.9461,0.7692,0.7095,0.9353,0.6583,0.9420
37037,Chatham Co.,North Carolina,35.6938,-79.2566,35811,no (<0.5 psi),0.0000,0.0000,0.2430,0.0704,0.0383,0.1227,0.0756,0.1717,0.0581,0.1504,0.0511,0.0906,0.1130,0.0752,0.0965,0.1522,0.0608,0.3838,0.2865,0.4726,0.2281,0.3782,0.3255,0.5028,0.2425,0.4575,0.1909,0.5893,0.3609,0.3592,0.4661,0.3570
37039,Cherokee Co.,North Carolina,35.1400,-84.0763,19675,medium (2-5 psi),0.0000,1.0000,0.1485,0.1414,0.0526,0.2073,0.0511,0.0586,0.0584,0.1136,0.0486,0.1726,0.0546,0.0939,0.0555,0.0679,0.0492,0.2565,0.1712,0.0576,0.1494,0.0466,0.1616,0.0513,0.0994,0.0661,0.1278,0.0717,0.1099,0.0768,0.0710,0.0648
37041,Chowan Co.,North Carolina,36.1873,-76.6593,13056,no (<0.5 psi),0.0000,0.0000,0.0787,0.0754,0.0347,0.0282,0.0500,0.0495,0.0389,0.0968,0.0238,0.0320,0.0450,0.0337,0.0455,0.0283,0.0487,0.1923,0.2613,0.0508,0.0726,0.0556,0.0618,0.0446,0.1055,0.0594,0.0786,0.0544,0.0859,0.0591,0.0712,0.0587
37043,Clay Co.,North Carolina,35.0729,-83.7500,7005,no (<0.5 psi),0.0000,0.0000,0.0707,0.0418,0.0050,0.0265,0.0104,0.0160,0.0066,0.0142,0.0069,0.0206,0.0062,0.0226,0.0085,0.0180,0.0058,0.1302,0.1121,0.0479,0.0934,0.0681,0.0720,0.0289,0.0451,0.0492,0.1046,0.0464,0.0618,0.0673,0.0688,0.0502
37045,Cleveland Co.,North Carolina,35.3883,-81.5658,84172,no (<0.5 psi),0.0000,0.0000,0.4349,0.2415,0.1827,0.1473,0.2612,0.2927,0.0941,0.2232,0.1868,0.1089,0.1923,0.0908,0.2738,0.1830,0.1952,0.6108,0.4045,0.3781,0.3046,0.3623,0.4738,0.3007,0.5795,0.2274,0.3371,0.4071,0.2031,0.4067,0.2919,0.5591
37047,Columbus Co.,North Carolina,34.2105,-78.6405,50675,no (<0.5 psi),0.0000,0.0000,0.3075,0.2260,0.1334,0.1969,0.1116,0.1898,0.0929,0.0890,0.1527,0.2432,0.1019,0.2357,0.0930,0.1137,0.2517,0.4901,0.4852,0.2334,0.3605,0.3231,0.3694,0.3266,0.1814,0.2519,0.3143,0.2282,0.3146,0.3971,0.2652,0.3346
37049,Craven Co.,North Carolina,35.1271,-77.1201,79439,low (0.5-2 psi),0.0000,0.0000,0.4204,0.9436,0.9496,0.3330,0.9426,0.3858,0.9633,0.5969,0.9483,0.4115,0.9470,0.3531,0.9355,0.9348,0.6391,0.5774,0.9860,0.9179,0.5002,0.9483,0.5040,0.9154,0.8338,0.8519,0.5546,0.9444,0.2868,0.9683,0.9406,0.6194
37051,Cumberland Co.,North Carolina,35.0507,-78.8718,261674,very high (>=10 psi),1.0000,1.0000,0.7260,0.9915,0.9428,0.8450,0.9208,0.8202,0.9436,0.8363,0.9536,0.8875,0.9139,0.7882,0.9522,0.9333,0.7963,0.7770,0.9869,0.9736,0.8223,0.9622,0.8629,0.9752,0.8036,0.9763,0.9052,0.9608,0.8276,0.9650,0.9574,0.8601
37053,Currituck Co.,North Carolina,36.3106,-75.9464,12545,low (0.5-2 psi),0.0000,0.0000,0.0755,0.1105,0.0561,0.0403,0.0539,0.0302,0.0414,0.1793,0.0235,0.0366,0.0536,0.0195,0.0548,0.0213,0.0849,0.1869,0.4013,0.0773,0.1059,0.0699,0.1556,0.0601,0.2068,0.0445,0.1147,0.0705,0.0576,0.1309,0.0761,0.1648
37055,Dare Co.,North Carolina,35.7796,-75.8719,17027,no (<0.5 psi),0.0000,0.0000,0.1037,0.1727,0.0650,0.0287,0.1545,0.0877,0.0877,0.1839,0.0497,0.0334,0.0725,0.0796,0.0648,0.0490,0.1341,0.2312,0.3068,0.1318,0.2234,0.3535,0.2611,0.1373,0.4703,0.1321,0.2073,0.2200,0.1860,0.3826,0.2974,0.1663
37057,Davidson Co.,North Carolina,35.7631,-80.2535,120053,medium (2-5 psi),0.0000,1.0000,0.5253,0.4203,0.6504,0.6167,0.7924,0.4940,0.7505,0.5145,0.6591,0.5312,0.7149,0.7425,0.6064,0.6174,0.5548,0.6887,0.7334,0.8160,0.7895,0.8771,0.8448,0.8786,0.8282,0.8431,0.8112,0.8898,0.8631,0.7667,0.7283,0.8723
37059,Davie Co.,North Carolina,35.9028,-80.5373,26345,low (0.5-2 psi),0.0000,0.0000,0.1900,0.0595,0.1078,0.1742,0.3832,0.1650,0.1108,0.1497,0.1629,0.0746,0.2295,0.1095,0.0884,0.2144,0.0937,0.3381,0.2649,0.4589,0.4212,0.7677,0.5446,0.4953,0.4701,0.4952,0.2668,0.6691,0.5325,0.3590,0.6645,0.6137
37061,Duplin Co.,North Carolina,34.9480,-77.9078,40541,low (0.5-2 psi),0.0000,0.0000,0.2717,0.1572,0.0575,0.0706,0.0448,0.1207,0.0649,0.0292,0.0842,0.1049,0.0657,0.1836,0.0486,0.0517,0.0503,0.4065,0.3853,0.0810,0.2150,0.1335,0.2856,0.1038,0.1113,0.1656,0.2486,0.1581,0.2477,0.1324,0.1345,0.1605
37063,Durham Co.,North Carolina,36.0507,-78.8680,163959,low (0.5-2 psi),0.0000,0.0000,0.6036,0.4252,0.8390,0.8369,0.7793,0.7582,0.8789,0.9374,0.6674,0.8346,0.8387,0.8045,0.8778,0.8502,0.8241,0.7363,0.7075,0.9358,0.9624,0.9390,0.9629,0.9182,0.9652,0.9122,0.9522,0.9411,0.9313,0.9587,0.9346,0.9425
37065,Edgecombe Co.,North Carolina,35.9449,-77.5831,57697,no (<0.5 psi),0.0000,0.0000,0.3434,0.2770,0.1037,0.1544,0.0903,0.1285,0.0876,0.1155,0.0687,0.1143,0.1011,0.0450,0.0876,0.1057,0.1299,0.4992,0.5981,0.2553,0.4767,0.2929,0.5330,0.2649,0.3048,0.2661,0.3548,0.3599,0.1158,0.2914,0.2456,0.2559
37067,Forsyth Co.,North Carolina,36.1170,-80.2573,257028,very high (>=10 psi),1.0000,1.0000,0.7069,0.5954,0.8417,0.9039,0.9285,0.8596,0.8460,0.8684,0.8232,0.8512,0.8639,0.8390,0.8265,0.8759,0.8252,0.8219,0.7288,0.7657,0.7549,0.9237,0.7892,0.8612,0.8047,0.7166,0.6973,0.8997,0.7399,0.7982,0.8765,0.9042
37069,Franklin Co.,North Carolina,36.0511,-78.3273,32708,no (<0.5 psi),0.0000,0.0000,0.2264,0.0910,0.0774,0.4522,0.1042,0.2697,0.1447,0.2848,0.0904,0.3836,0.1787,0.2022,0.1096,0.1345,0.1376,0.3629,0.4347,0.7382,0.6480,0.5425,0.5759,0.6619,0.7879,0.5481,0.6209,0.7042,0.5860,0.6521,0.4037,0.7427
37071,Gaston Co.,North Carolina,35.2877,-81.1818,171767,medium (2-5 psi),0.0000,1.0000,0.6149,0.6552,0.8279,0.7975,0.7312,0.8834,0.8461,0.8300,0.7997,0.8336,0.7396,0.8358,0.8249,0.5896,0.8833,0.7577,0.8129,0.8615,0.8530,0.8368,0.7906,0.8744,0.9127,0.7550,0.8290,0.7754,0.7641,0.8716,0.7303,0.9018
37073,Gates Co.,North Carolina,36.4286,-76.7108,9116,no (<0.5 psi),0.0000,0.0000,0.0536,0.0285,0.0151,0.0144,0.0178,0.0158,0.0121,0.0405,0.0079,0.0105,0.0153,0.0072,0.0172,0.0098,0.0193,0.1480,0.1526,0.0841,0.1278,0.0507,0.1174,0.0580,0.1488,0.0595,0.0927,0.0527,0.0436,0.0869,0.0659,0.0958
37075,Graham Co.,North Carolina,35.3413,-83.8333,7271,no (<0.5 psi),0.0000,0.0000,0.0577,0.0579,0.0088,0.0147,0.0090,0.0066,0.0126,0.0161,0.0096,0.0219,0.0087,0.0149,0.0089,0.0095,0.0079,0.1145,0.0921,0.0358,0.1564,0.0344,0.0974,0.0319,0.0574,0.0362,0.0672,0.0418,0.0826,0.0430,0.0360,0.0384
37077,Granville Co.,North Carolina,36.3608,-78.6554,35973,no (<0.5 psi),0.0000,0.0000,0.2439,0.1372,0.1231,0.0981,0.1254,0.1204,0.1175,0.0992,0.0682,0.0644,0.1569,0.0589,0.1115,0.1660,0.0753,0.3848,0.3851,0.3807,0.1826,0.3568,0.2744,0.4203,0.1996,0.2958,0.1574,0.5039,0.1916,0.3193,0.3536,0.2388
37079,Greene Co.,North Carolina,35.4996,-77.6679,15944,low (0.5-2 psi),0.0000,0.0000,0.1231,0.0510,0.0286,0.0529,0.0458,0.0519,0.0290,0.0179,0.0369,0.0337,0.0249,0.0374,0.0209,0.0376,0.0188,0.2190,0.2495,0.1405,0.2533,0.2112,0.3108,0.1234,0.0635,0.2107,0.1776,0.1431,0.2189,0.1215,0.1745,0.0734
37081,Guilford Co.,North Carolina,36.0465,-79.7911,329656,medium (2-5 psi),0.0000,1.0000,0.7567,0.6152,0.7559,0.8543,0.7527,0.7557,0.7563,0.8452,0.7083,0.7608,0.7508,0.6569,0.8247,0.8894,0.7274,0.8475,0.8067,0.9396,0.9834,0.9436,0.9475,0.9396,0.9646,0.9405,0.9744,0.9326,0.9334,0.9535,0.9583,0.9359
37083,Halifax Co.,North Carolina,36.2569,-77.6839,55104,no (<0.5 psi),0.0000,0.0000,0.3329,0.3695,0.1354,0.2027,0.1382,0.3563,0.0992,0.1609,0.1575,0.1491,0.1208,0.0364,0.1478,0.1099,0.1867,0.4879,0.6154,0.2174,0.3438,0.1756,0.4494,0.2030,0.2093,0.2956,0.1977,0.1949,0.0771,0.3623,0.2852,0.1928
37085,Harnett Co.,North Carolina,35.3874,-78.8389,63537,medium (2-5 psi),0.0000,1.0000,0.3660,0.1143,0.1054,0.2947,0.1199,0.2152,0.1540,0.3527,0.1560,0.2097,0.1701,0.1590,0.3271,0.2608,0.1670,0.5230,0.4168,0.7233,0.4512,0.6758,0.4730,0.7726,0.6611,0.6908,0.2616,0.8250,0.4859,0.7935,0.6377,0.4748
37087,Haywood Co.,North Carolina,35.5418,-82.9664,47331,no (<0.5 psi),0.0000,0.0000,0.3050,0.3764,0.0376,0.1574,0.0425,0.0867,0.0393,0.0595,0.0715,0.2104,0.0291,0.0886,0.0355,0.0351,0.0401,0.4506,0.3867,0.0408,0.2455,0.0899,0.2786,0.0361,0.1120,0.0547,0.2645,0.0381,0.0285,0.1052,0.1537,0.0253
37089,Henderson Co.,North Carolina,35.3234,-82.4745,65084,no (<0.5 psi),0.0000,0.0000,0.3717,0.2528,0.1418,0.4864,0.1778,0.5498,0.1246,0.4617,0.2120,0.3686,0.1572,0.2077,0.1319,0.1637,0.2000,0.5504,0.3934,0.2784,0.3088,0.3147,0.2946,0.2574,0.4922,0.2269,0.2156,0.2639,0.2316,0.2829,0.2636,0.2205
37091,Hertford Co.,North Carolina,36.3955,-77.0339,23375,no (<0.5 psi),0.0000,0.0000,0.1424,0.0714,0.0293,0.1321,0.0817,0.1436,0.0227,0.0979,0.0381,0.1258,0.0665,0.1057,0.0406,0.0612,0.0332,0.2843,0.2188,0.0733,0.2134,0.1039,0.1571,0.0637,0.0974,0.0913,0.2051,0.0840,0.1165,0.0763,0.1054,0.0647
37093,Hoke Co.,North Carolina,35.0242,-79.2617,21612,medium (2-5 psi),0.0000,1.0000,0.1647,0.0331,0.0549,0.1317,0.1289,0.0651,0.0548,0.2489,0.0777,0.0925,0.0569,0.0805,0.1280,0.1001,0.0712,0.2967,0.1519,0.3723,0.5315,0.4430,0.4507,0.3840,0.5540,0.3954,0.2962,0.3969,0.1944,0.4751,0.4352,0.3141
37095,Hyde Co.,North Carolina,35.5154,-76.2746,5834,no (<0.5 psi),0.0000,0.0000,0.0478,0.0651,0.0106,0.0192,0.0185,0.0130,0.0156,0.0601,0.0079,0.0212,0.0160,0.0109,0.0160,0.0106,0.0169,0.0942,0.1834,0.0475,0.0435,0.0467,0.0525,0.0480,0.1937,0.0253,0.0587,0.0701,0.0285,0.0852,0.0707,0.0753
37097,Iredell Co.,North Carolina,35.7905,-80.9131,87100,very high (>=10 psi),1.0000,1.0000,0.4435,0.3653,0.6575,0.3595,0.4424,0.4155,0.5991,0.1689,0.6882,0.6019,0.4581,0.2806,0.6631,0.3967,0.6238,0.6186,0.6098,0.9038,0.5968,0.6845,0.6594,0.8643,0.5956,0.8273,0.8554,0.7094,0.5613,0.8938,0.5759,0.9365
37099,Jackson Co.,North Carolina,35.2614,-83.1164,26702,no (<0.5 psi),0.0000,0.0000,0.1939,0.2035,0.0246,0.1465,0.0252,0.0395,0.0364,0.0557,0.0331,0.1461,0.0152,0.0940,0.0181,0.0362,0.0222,0.3180,0.2334,0.0306,0.0915,0.0777,0.0936,0.0371,0.0611,0.0531,0.1659,0.0438,0.0613,0.0553,0.0699,0.0505
37101,Johnston Co.,North Carolina,35.5521,-78.3744,75858,low (0.5-2 psi),0.0000,0.0000,0.4090,0.1941,0.2380,0.6457,0.1966,0.2745,0.2917,0.4556,0.2177,0.5003,0.3070,0.4215,0.4173,0.3463,0.3329,0.5663,0.6324,0.7908,0.6705,0.6340,0.5021,0.7602,0.8028,0.6202,0.5172,0.7708,0.7024,0.7406,0.5036,0.7655
37103,Jones Co.,North Carolina,35.0136,-77.4110,9384,low (0.5-2 psi),0.0000,0.0000,0.0742,0.0403,0.0068,0.0430,0.0122,0.0682,0.0074,0.0130,0.0088,0.0436,0.0099,0.0367,0.0050,0.0057,0.0102,0.1604,0.2072,0.0883,0.1642,0.2620,0.2357,0.1105,0.1593,0.1216,0.1262,0.1823,0.0916,0.1203,0.1432,0.0915
37105,Lee Co.,North Carolina,35.4672,-79.1904,39719,low (0.5-2 psi),0.0000,0.0000,0.2631,0.1014,0.1433,0.4899,0.1243,0.3445,0.2395,0.3962,0.1306,0.3101,0.1485,0.2572,0.1549,0.1715,0.2452,0.4082,0.2598,0.3353,0.4512,0.4440,0.4387,0.3347,0.5685,0.3033,0.2873,0.4128,0.2780,0.4836,0.5391,0.3170
37107,Lenoir Co.,North Carolina,35.2031,-77.6754,58856,low (0.5-2 psi),0.0000,0.0000,0.3480,0.2219,0.2790,0.3183,0.3047,0.2880,0.3980,0.2018,0.2076,0.3641,0.1599,0.1771,0.2769,0.2190,0.2714,0.5041,0.5359,0.3522,0.3813,0.5859,0.5402,0.3582,0.2771,0.3705,0.5005,0.3092,0.2474,0.5243,0.4493,0.2294
37109,Lincoln Co.,North Carolina,35.4870,-81.2191,45601,very high (>=10 psi),1.0000,1.0000,0.2914,0.1786,0.1412,0.2562,0.2520,0.3168,0.0828,0.3311,0.1265,0.1470,0.1716,0.0873,0.2402,0.2018,0.1210,0.4647,0.4498,0.4908,0.6875,0.4763,0.4597,0.3536,0.6839,0.2764,0.5908,0.4324,0.2763,0.4624,0.4472,0.5351
37111,McDowell Co.,North Carolina,35.7446,-82.0461,35824,no (<0.5 psi),0.0000,0.0000,0.2431,0.0997,0.0693,0.0804,0.0628,0.0601,0.0451,0.0531,0.0869,0.0938,0.0711,0.1259,0.0496,0.0648,0.0757,0.4074,0.2376,0.1368,0.3193,0.2227,0.1847,0.1114,0.1653,0.1780,0.2458,0.1545,0.1531,0.1754,0.2019,0.0837
37113,Macon Co.,North Carolina,35.1657,-83.4788,22756,no (<0.5 psi),0.0000,0.0000,0.1689,0.1592,0.0211,0.2598,0.0584,0.0998,0.0363,0.0643,0.0385,0.0976,0.0303,0.1175,0.0222,0.0653,0.0340,0.2848,0.2010,0.0294,0.0930,0.0498,0.0988,0.0372,0.0861,0.0556,0.1094,0.0478,0.0788,0.0572,0.0673,0.0473
37115,Madison Co.,North Carolina,35.8717,-82.6650,17037,no (<0.5 psi),0.0000,0.0000,0.1306,0.0550,0.0167,0.0167,0.0245,0.0155,0.0249,0.0269,0.0269,0.0117,0.0252,0.0295,0.0195,0.0302,0.0186,0.2511,0.1881,0.0927,0.3095,0.1237,0.1899,0.1228,0.2742,0.1397,0.1980,0.1263,0.2013,0.0893,0.1623,0.0906
37117,Martin Co.,North Carolina,35.8660,-77.1960,25858,no (<0.5 psi),0.0000,0.0000,0.1871,0.2071,0.0396,0.1013,0.0271,0.0792,0.0286,0.0497,0.0257,0.0732,0.0240,0.0205,0.0255,0.0402,0.0365,0.3112,0.3653,0.0768,0.1596,0.0883,0.2499,0.0532,0.0994,0.0713,0.1440,0.0625,0.0319,0.1388,0.1534,0.0480
37119,Mecklenburg Co.,North Carolina,35.2628,-80.8362,448881,very high (>=10 psi),1.0000,1.0000,0.8101,0.8915,0.9057,0.9346,0.8922,0.9400,0.9204,0.9015,0.9181,0.9147,0.8273,0.8667,0.9299,0.8408,0.9196,0.8878,0.9322,0.9682,0.9754,0.9268,0.9614,0.9692,0.9576,0.9689,0.9712,0.9350,0.9531,0.9738,0.9260,0.9728
37121,Mitchell Co.,North Carolina,35.9917,-82.1273,14395,no (<0.5 psi),0.0000,0.0000,0.1122,0.0416,0.0268,0.0375,0.0214,0.0365,0.0205,0.0485,0.0271,0.0231,0.0245,0.0431,0.0182,0.0277,0.0234,0.2217,0.1346,0.0457,0.2139,0.0698,0.1037,0.0515,0.1230,0.1020,0.1592,0.0789,0.1180,0.0646,0.1522,0.0484
37123,Montgomery Co.,North Carolina,35.3309,-79.8966,23169,low (0.5-2 psi),0.0000,0.0000,0.1706,0.0903,0.0408,0.0365,0.0482,0.0522,0.0512,0.0509,0.0593,0.0308,0.0812,0.1019,0.0592,0.0493,0.0372,0.3109,0.2919,0.4688,0.2161,0.5128,0.2754,0.4006,0.3031,0.4292,0.2964,0.4659,0.3421,0.2902,0.2222,0.4066
37125,Moore Co.,North Carolina,35.2882,-79.4569,53954,very high (>=10 psi),1.0000,1.0000,0.3281,0.1220,0.1249,0.2421,0.1697,0.2664,0.1332,0.2366,0.1343,0.1639,0.1586,0.2137,0.1645,0.1854,0.2323,0.5053,0.2964,0.3277,0.2861,0.4032,0.3775,0.2936,0.3562,0.2627,0.2505,0.3434,0.2352,0.3565,0.3254,0.3746
37127,Nash Co.,North Carolina,35.9702,-77.9736,71102,no (<0.5 psi),0.0000,0.0000,0.3931,0.2973,0.1883,0.3164,0.1460,0.2769,0.2223,0.4401,0.1293,0.2359,0.2780,0.2188,0.1690,0.1731,0.3644,0.5505,0.5928,0.4752,0.4801,0.3806,0.5891,0.4373,0.2873,0.3566,0.3288,0.5026,0.4888,0.2608,0.2870,0.4282
37129,New Hanover Co.,North Carolina,34.1619,-77.8919,112014,very high (>=10 psi),1.0000,1.0000,0.5205,0.7021,0.6594,0.6432,0.8777,0.6522,0.6908,0.8740,0.6862,0.7103,0.8474,0.7906,0.7438,0.8329,0.7568,0.6244,0.8332,0.7759,0.8716,0.8266,0.7658,0.8211,0.8523,0.8297,0.8505,0.8495,0.8600,0.6952,0.8457,0.8634
37131,Northampton Co.,North Carolina,36.3541,-77.3706,21912,no (<0.5 psi),0.0000,0.0000,0.1627,0.1529,0.0256,0.0301,0.0199,0.0271,0.0223,0.0158,0.0240,0.0398,0.0203,0.0134,0.0230,0.0254,0.0218,0.2773,0.2801,0.1542,0.0836,0.1265,0.1799,0.0771,0.0520,0.1467,0.0882,0.1183,0.0288,0.1419,0.2383,0.0616
37133,Onslow Co.,North Carolina,34.7035,-77.3898,133240,very high (>=10 psi),1.0000,1.0000,0.5658,0.9926,0.8751,0.8617,0.8939,0.8680,0.8569,0.8097,0.8481,0.8991,0.8409,0.7696,0.8537,0.8122,0.6689,0.6592,0.9927,0.8794,0.7845,0.8532,0.6495,0.8578,0.8520,0.8688,0.7745,0.8926,0.7271,0.8664,0.8247,0.8147
37135,Orange Co.,North Carolina,36.1245,-79.1154,83604,no (<0.5 psi),0.0000,0.0000,0.4332,0.2379,0.3274,0.4993,0.3526,0.3732,0.4095,0.4838,0.2807,0.5108,0.4442,0.4712,0.4698,0.7062,0.2328,0.5897,0.5372,0.6214,0.7617,0.6243,0.6637,0.6653,0.7681,0.5392,0.6634,0.7504,0.5761,0.6886,0.7007,0.6088
37137,Pamlico Co.,North Carolina,35.1387,-76.7637,11037,no (<0.5 psi),0.0000,0.0000,0.0879,0.1352,0.0396,0.1360,0.0691,0.0713,0.0427,0.1539,0.0313,0.1030,0.0580,0.0362,0.0538,0.0642,0.0203,0.1633,0.4177,0.1465,0.2507,0.3014,0.1998,0.2379,0.4244,0.1274,0.2077,0.3308,0.0554,0.3157,0.2889,0.1440
37139,Pasquotank Co.,North Carolina,36.3097,-76.3046,29493,no (<0.5 psi),0.0000,0.0000,0.1780,0.1575,0.1433,0.0708,0.1667,0.1500,0.1259,0.6627,0.0679,0.0598,0.2279,0.0490,0.2229,0.0642,0.3855,0.3276,0.3819,0.1525,0.1172,0.1486,0.1617,0.1229,0.5306,0.1307,0.1140,0.1403,0.1052,0.2387,0.1291,0.3147
37141,Pender Co.,North Carolina,34.5128,-77.9224,24390,low (0.5-2 psi),0.0000,0.0000,0.1794,0.1400,0.0713,0.1514,0.0956,0.0821,0.0916,0.2176,0.0776,0.1607,0.0938,0.3672,0.0638,0.0581,0.1842,0.3054,0.4141,0.2850,0.3003,0.2179,0.1960,0.2665,0.2961,0.4091,0.3031,0.3320,0.5597,0.1093,0.1780,0.4011
37143,Perquimans Co.,North Carolina,36.2223,-76.4462,9944,no (<0.5 psi),0.0000,0.0000,0.0589,0.0717,0.0177,0.0178,0.0148,0.0180,0.0163,0.0468,0.0076,0.0155,0.0185,0.0090,0.0188,0.0099,0.0263,0.1579,0.2941,0.0474,0.0952,0.0339,0.0866,0.0429,0.1323,0.0329,0.0725,0.0464,0.0558,0.0626,0.0245,0.0997
37145,Person Co.,North Carolina,36.3843,-78.9726,29468,very high (>=10 psi),1.0000,1.0000,0.2083,0.1899,0.8620,0.1057,0.1129,0.0786,0.8582,0.1604,0.8022,0.7065,0.1450,0.0691,0.8728,0.1571,0.7900,0.3395,0.4323,0.9007,0.1311,0.2464,0.1422,0.9031,0.1936,0.8882,0.8739,0.3670,0.1175,0.8989,0.3141,0.8621
37147,Pitt Co.,North Carolina,35.5805,-77.3683,97730,no (<0.5 psi),0.0000,0.0000,0.4728,0.4970,0.2761,0.5898,0.2879,0.4971,0.3383,0.5682,0.2364,0.5939,0.3846,0.3704,0.2847,0.4726,0.3875,0.6263,0.7688,0.3705,0.7158,0.5171,0.6668,0.3565,0.5513,0.3412,0.6849,0.3736,0.4416,0.5490,0.6695,0.4204
37149,Polk Co.,North Carolina,35.2949,-82.1767,14025,no (<0.5 psi),0.0000,0.0000,0.1096,0.0266,0.0237,0.0786,0.0228,0.0465,0.0199,0.0699,0.0232,0.0543,0.0267,0.0336,0.0272,0.0297,0.0306,0.2174,0.1073,0.0624,0.4201,0.1544,0.1722,0.0619,0.2095,0.1253,0.2720,0.0970,0.2284,0.0809,0.2057,0.0692
37151,Randolph Co.,North Carolina,35.6791,-79.8041,97590,low (0.5-2 psi),0.0000,0.0000,0.4724,0.2125,0.1501,0.1990,0.2092,0.1331,0.1543,0.1482,0.2419,0.1867,0.2292,0.2084,0.2151,0.4109,0.1735,0.6442,0.4472,0.5094,0.4662,0.5010,0.5197,0.5734,0.4167,0.5419,0.3397,0.7626,0.5023,0.4824,0.5176,0.4918
37153,Richmond Co.,North Carolina,34.9992,-79.7267,45103,very high (>=10 psi),1.0000,1.0000,0.2844,0.1792,0.0757,0.2114,0.0744,0.1316,0.1049,0.2864,0.0689,0.2239,0.1163,0.3138,0.0872,0.0816,0.1378,0.4620,0.4134,0.5716,0.4439,0.6676,0.3961,0.5717,0.4774,0.4635,0.3509,0.6318,0.6914,0.2479,0.2661,0.6681
37155,Robeson Co.,North Carolina,34.6272,-79.1437,104472,very high (>=10 psi),1.0000,1.0000,0.4695,0.4944,0.1997,0.3827,0.2105,0.2905,0.2398,0.4643,0.2436,0.1808,0.1604,0.3146,0.2170,0.2278,0.3684,0.6592,0.7129,0.6100,0.6311,0.5856,0.6691,0.5813,0.5491,0.7079,0.5196,0.5160,0.8076,0.5509,0.4996,0.6773
37157,Rockingham Co.,North Carolina,36.4017,-79.7777,85010,low (0.5-2 psi),0.0000,0.0000,0.4374,0.2407,0.3255,0.1525,0.2797,0.0776,0.2907,0.1225,0.3012,0.1536,0.4353,0.1715,0.2770,0.5397,0.2427,0.5936,0.4801,0.3064,0.3556,0.2850,0.3162,0.3899,0.3025,0.2899,0.3086,0.4220,0.4029,0.2184,0.3616,0.4234
37159,Rowan Co.,North Carolina,35.6822,-80.5506,104406,no (<0.5 psi),0.0000,0.0000,0.4896,0.2749,0.2700,0.1997,0.5674,0.2631,0.4379,0.1573,0.3893,0.1827,0.4398,0.4063,0.2155,0.3590,0.3407,0.6590,0.5813,0.7451,0.7034,0.8259,0.7826,0.8174,0.7453,0.6976,0.6970,0.8299,0.8743,0.6658,0.6265,0.8917
37161,Rutherford Co.,North Carolina,35.3960,-81.9149,56153,no (<0.5 psi),0.0000,0.0000,0.3372,0.1604,0.1224,0.0740,0.0863,0.1000,0.0861,0.0984,0.1305,0.0605,0.1471,0.0886,0.0918,0.0776,0.1011,0.5149,0.2933,0.2940,0.4107,0.3076,0.4203,0.2352,0.4937,0.1688,0.3063,0.2732,0.2700,0.2471,0.2386,0.3385
37163,Sampson Co.,North Carolina,34.9331,-78.3607,48449,low (0.5-2 psi),0.0000,0.0000,0.3103,0.1598,0.0612,0.2395,0.0834,0.3142,0.0537,0.0564,0.0687,0.2093,0.0941,0.3250,0.0486,0.0434,0.0726,0.4445,0.3933,0.1807,0.8020,0.2733,0.7837,0.2445,0.5565,0.3098,0.7917,0.2508,0.5365,0.3141,0.3172,0.3471
37165,Scotland Co.,North Carolina,34.8366,-79.4847,33004,medium (2-5 psi),0.0000,1.0000,0.2279,0.0880,0.0672,0.2181,0.0965,0.1314,0.0906,0.3465,0.0644,0.1630,0.0729,0.1242,0.1032,0.1083,0.1128,0.3884,0.2597,0.2256,0.3898,0.2135,0.4555,0.2269,0.3007,0.2719,0.2992,0.1757,0.2608,0.1617,0.1767,0.2730
37167,Stanly Co.,North Carolina,35.3309,-80.2414,50192,no (<0.5 psi),0.0000,0.0000,0.3120,0.1970,0.1528,0.0619,0.1853,0.0887,0.1239,0.1650,0.1759,0.0570,0.2028,0.1529,0.2127,0.1379,0.1708,0.4878,0.4593,0.5955,0.2851,0.7379,0.5023,0.6503,0.4752,0.5232,0.2991,0.6610,0.5803,0.4954,0.3683,0.7242
37169,Stokes Co.,North Carolina,36.3819,-80.2405,35371,very high (>=10 psi),1.0000,1.0000,0.2407,0.1835,0.8045,0.0810,0.1528,0.0768,0.8552,0.0774,0.8539,0.6379,0.1443,0.1180,0.7007,0.2001,0.7295,0.3809,0.3770,0.8263,0.2251,0.1859,0.2021,0.7882,0.1225,0.8460,0.9129,0.1156,0.3358,0.7824,0.1484,0.8592
37171,Surry Co.,North Carolina,36.3924,-80.7009,60525,low (0.5-2 psi),0.0000,0.0000,0.3545,0.2208,0.3162,0.1612,0.5858,0.1565,0.3627,0.0916,0.4045,0.1442,0.5405,0.3914,0.1593,0.3111,0.2430,0.5330,0.3805,0.4540,0.2390,0.6972,0.3175,0.3727,0.2414,0.4406,0.1854,0.5571,0.4083,0.2536,0.2528,0.5193
37173,Swain Co.,North Carolina,35.4864,-83.5975,10848,no (<0.5 psi),0.0000,0.0000,0.0853,0.0723,0.0092,0.0689,0.0102,0.0177,0.0125,0.0103,0.0128,0.0264,0.0145,0.0279,0.0070,0.0219,0.0100,0.1609,0.1828,0.0285,0.0913,0.0351,0.0701,0.0346,0.0686,0.0346,0.0743,0.0408,0.0857,0.0389,0.0551,0.0423
37175,Transylvania Co.,North Carolina,35.2269,-82.7690,24950,no (<0.5 psi),0.0000,0.0000,0.1829,0.1241,0.0432,0.1269,0.0509,0.0793,0.0411,0.0618,0.0383,0.0898,0.0480,0.2130,0.0311,0.0611,0.0482,0.3037,0.2479,0.0537,0.1738,0.0682,0.2132,0.0717,0.0763,0.0557,0.1322,0.0587,0.1386,0.0654,0.0997,0.0898
37177,Tyrrell Co.,North Carolina,35.7995,-76.2093,4017,no (<0.5 psi),0.0000,0.0000,0.0218,0.0348,0.0169,0.0105,0.0214,0.0098,0.0182,0.0581,0.0080,0.0103,0.0209,0.0100,0.0141,0.0085,0.0224,0.0780,0.1300,0.0502,0.0548,0.0514,0.0599,0.0443,0.3131,0.0154,0.0531,0.0453,0.0308,0.1000,0.0459,0.0657
37179,Union Co.,North Carolina,35.0087,-80.5650,76715,low (0.5-2 psi),0.0000,0.0000,0.3973,0.1670,0.1380,0.2003,0.2425,0.2591,0.1090,0.1509,0.1959,0.0911,0.1910,0.2871,0.1077,0.2117,0.1750,0.5893,0.4019,0.3328,0.4092,0.3256,0.5000,0.3267,0.3402,0.2951,0.3145,0.4264,0.3864,0.2876,0.3406,0.3757
37181,Vance Co.,North Carolina,36.3801,-78.4019,38005,no (<0.5 psi),0.0000,0.0000,0.2544,0.1734,0.0870,0.1613,0.0558,0.0972,0.1353,0.1115,0.0770,0.1129,0.1174,0.0471,0.0838,0.1062,0.1031,0.3978,0.3305,0.2220,0.1526,0.1759,0.1838,0.2208,0.1442,0.1413,0.1336,0.2311,0.1154,0.1151,0.1557,0.1784
37183,Wake Co.,North Carolina,35.8058,-78.6013,359163,very high (>=10 psi),1.0000,1.0000,0.7725,0.9045,0.9502,0.9444,0.9402,0.9539,0.8861,0.9509,0.9382,0.8903,0.9552,0.9087,0.9592,0.8598,0.9687,0.8582,0.9749,0.9837,0.9867,0.9751,0.9851,0.9716,0.9854,0.9775,0.9821,0.9856,0.9802,0.9812,0.9589,0.9889
37185,Warren Co.,North Carolina,36.3441,-78.1059,16746,no (<0.5 psi),0.0000,0.0000,0.1286,0.0575,0.0246,0.0155,0.0316,0.0177,0.0264,0.0317,0.0183,0.0192,0.0578,0.0328,0.0188,0.0198,0.0306,0.2274,0.2173,0.2282,0.1391,0.1522,0.1571,0.1587,0.1410,0.1711,0.1108,0.2394,0.1814,0.1051,0.1143,0.2931
37187,Washington Co.,North Carolina,35.8473,-76.5739,14281,no (<0.5 psi),0.0000,0.0000,0.1114,0.2310,0.0290,0.0452,0.0226,0.0560,0.0236,0.0410,0.0182,0.0395,0.0192,0.0232,0.0467,0.0148,0.0228,0.2010,0.4625,0.1112,0.1107,0.1111,0.1968,0.1142,0.2976,0.0587,0.1384,0.1014,0.0499,0.2780,0.1390,0.1283
37189,Watauga Co.,North Carolina,36.2514,-81.7032,35083,no (<0.5 psi),0.0000,0.0000,0.2392,0.1591,0.0925,0.0650,0.1290,0.0857,0.1052,0.1189,0.0829,0.0608,0.1222,0.0647,0.0721,0.1215,0.0958,0.4025,0.3714,0.3644,0.1948,0.7061,0.3953,0.2920,0.3020,0.4585,0.1665,0.4092,0.1859,0.2333,0.3984,0.2275
37191,Wayne Co.,North Carolina,35.3758,-77.9790,101193,very high (>=10 psi),1.0000,1.0000,0.4817,0.9362,0.8898,0.2640,0.8426,0.2195,0.8699,0.4058,0.8546,0.2585,0.9087,0.0966,0.9081,0.9086,0.1900,0.6343,0.9957,0.8659,0.3286,0.9067,0.3641,0.8653,0.2151,0.8589,0.3720,0.8661,0.4332,0.8976,0.8679,0.3975
37193,Wilkes Co.,North Carolina,36.2205,-81.1714,59848,no (<0.5 psi),0.0000,0.0000,0.3519,0.2012,0.3172,0.1036,0.6251,0.1524,0.3207,0.0781,0.4737,0.1192,0.5527,0.3642,0.1715,0.2933,0.3053,0.5303,0.3879,0.5831,0.3932,0.8264,0.4735,0.5442,0.3501,0.6491,0.2897,0.7634,0.4802,0.4164,0.5587,0.5377
37195,Wilson Co.,North Carolina,35.7201,-77.9431,64380,low (0.5-2 psi),0.0000,0.0000,0.3691,0.2471,0.3559,0.5108,0.2164,0.2809,0.3742,0.5330,0.2084,0.2720,0.3334,0.1952,0.2866,0.2308,0.3525,0.5262,0.5711,0.3615,0.2809,0.3385,0.2190,0.4033,0.1892,0.2224,0.2238,0.3386,0.2582,0.2171,0.1996,0.4289
37197,Yadkin Co.,North Carolina,36.1620,-80.6587,29352,low (0.5-2 psi),0.0000,0.0000,0.2076,0.0739,0.2214,0.0566,0.4908,0.0716,0.2133,0.0829,0.2283,0.0603,0.3695,0.1355,0.0954,0.2021,0.1742,0.3619,0.2623,0.4479,0.2827,0.8378,0.3328,0.3824,0.3997,0.4217,0.1902,0.6878,0.2891,0.3655,0.6003,0.4367
37199,Yancey Co.,North Carolina,35.8899,-82.2968,15351,no (<0.5 psi),0.0000,0.0000,0.1189,0.0442,0.0241,0.0288,0.0279,0.0341,0.0176,0.0309,0.0295,0.0286,0.0277,0.0539,0.0133,0.0403,0.0202,0.2326,0.1516,0.0555,0.2734,0.1585,0.1444,0.0822,0.1395,0.1468,0.2171,0.0813,0.2050,0.0733,0.2253,0.0565
38003,Barnes Co.,North Dakota,46.8049,-98.0602,13237,very high (>=10 psi),1.0000,1.0000,0.1031,0.2015,0.0533,0.0284,0.0600,0.0242,0.0718,0.0874,0.0284,0.0267,0.0502,0.0169,0.0574,0.0404,0.0433,0.2095,0.3575,0.1995,0.0664,0.2130,0.0541,0.3023,0.0568,0.2149,0.0999,0.1820,0.0514,0.2802,0.2823,0.0625
38005,Benson Co.,North Dakota,48.1098,-99.4804,7904,very high (>=10 psi),1.0000,1.0000,0.0627,0.2334,0.2552,0.1351,0.5466,0.0986,0.2427,0.1188,0.1848,0.0842,0.2775,0.0488,0.2613,0.3057,0.1021,0.1430,0.4615,0.3596,0.0647,0.4680,0.1299,0.2678,0.0587,0.3664,0.0730,0.2808,0.0666,0.4578,0.3994,0.1130
38009,Bottineau Co.,North Dakota,48.8596,-100.8394,9079,very high (>=10 psi),1.0000,1.0000,0.0878,0.5967,0.7658,0.1298,0.8777,0.2798,0.8043,0.2595,0.8787,0.1490,0.8076,0.1555,0.7913,0.8553,0.2623,0.1589,0.6203,0.8684,0.1033,0.8773,0.2309,0.8208,0.0946,0.8963,0.1033,0.8356,0.1491,0.8771,0.9040,0.1569
38013,Burke Co.,North Dakota,48.7637,-102.5456,3681,very high (>=10 psi),1.0000,1.0000,0.0197,0.1096,0.5098,0.0827,0.3461,0.0704,0.4785,0.2251,0.5329,0.0900,0.4156,0.1539,0.5204,0.5478,0.2169,0.0620,0.1805,0.7797,0.2020,0.7265,0.2030,0.7429,0.3519,0.8202,0.2537,0.7935,0.2930,0.7875,0.8431,0.3415
38015,Burleigh Co.,North Dakota,46.9754,-100.5057,59608,very high (>=10 psi),1.0000,1.0000,0.3470,0.9033,0.9311,0.9053,0.9140,0.9436,0.8159,0.8054,0.8983,0.8832,0.9168,0.8292,0.9340,0.9475,0.8867,0.4895,0.9190,0.8801,0.8843,0.8760,0.9052,0.8625,0.7957,0.9348,0.8940,0.8819,0.8525,0.9286,0.8769,0.7669
38017,Cass Co.,North Dakota,46.9330,-97.2360,97015,very high (>=10 psi),1.0000,1.0000,0.4828,0.7536,0.2541,0.5658,0.5653,0.5560,0.2298,0.5791,0.3325,0.6485,0.2586,0.4707,0.4657,0.4186,0.4251,0.6134,0.8795,0.2813,0.6923,0.6395,0.5922,0.3447,0.4918,0.3243,0.7108,0.3466,0.5475,0.4508,0.6836,0.3754
38019,Cavalier Co.,North Dakota,48.8590,-98.4745,6848,very high (>=10 psi),1.0000,1.0000,0.0694,0.4643,0.4127,0.4624,0.6127,0.4306,0.4533,0.4636,0.6314,0.4060,0.4176,0.2736,0.3917,0.5600,0.3297,0.1279,0.4132,0.3898,0.2687,0.5922,0.1871,0.4156,0.1231,0.5118,0.2849,0.3619,0.1095,0.4167,0.5898,0.0859
38021,Dickey Co.,North Dakota,46.1113,-98.5055,6985,no (<0.5 psi),0.0000,0.0000,0.0706,0.1138,0.0308,0.0437,0.0856,0.1962,0.0261,0.0407,0.0762,0.0616,0.0414,0.0620,0.0296,0.0730,0.0757,0.1287,0.1302,0.0408,0.0509,0.0523,0.1219,0.0292,0.0657,0.0605,0.0753,0.0301,0.1239,0.0418,0.0454,0.0673
38023,Divide Co.,North Dakota,48.8597,-103.4934,3224,very high (>=10 psi),1.0000,1.0000,0.0170,0.0739,0.2250,0.0734,0.1168,0.0257,0.2657,0.1994,0.1854,0.0696,0.1424,0.0473,0.1848,0.2777,0.0795,0.0548,0.0977,0.7289,0.3198,0.7236,0.2111,0.6783,0.3506,0.7030,0.3173,0.6282,0.3167,0.7616,0.7580,0.2833
38025,Dunn Co.,North Dakota,47.4516,-102.6520,4728,no (<0.5 psi),0.0000,0.0000,0.0506,0.2703,0.8352,0.0805,0.7181,0.3739,0.8484,0.2764,0.7516,0.0929,0.8132,0.0545,0.8625,0.8421,0.3102,0.0951,0.2247,0.8628,0.1630,0.8563,0.2653,0.8664,0.3459,0.8710,0.2139,0.8330,0.1236,0.9027,0.9127,0.2204
38027,Eddy Co.,North Dakota,47.7232,-98.9110,3316,very high (>=10 psi),1.0000,1.0000,0.0261,0.1442,0.2328,0.0810,0.4050,0.0702,0.2098,0.0895,0.3124,0.0762,0.2668,0.0216,0.3186,0.4960,0.0414,0.0710,0.3959,0.6591,0.1387,0.7458,0.0797,0.6793,0.1720,0.7068,0.1633,0.5339,0.1126,0.5724,0.7407,0.1461
38029,Emmons Co.,North Dakota,46.2956,-100.2423,5469,no (<0.5 psi),0.0000,0.0000,0.0573,0.0961,0.0742,0.5089,0.0922,0.4679,0.1006,0.4403,0.0608,0.4637,0.1020,0.0818,0.1735,0.1121,0.1915,0.1066,0.1153,0.0411,0.5646,0.0430,0.4463,0.0505,0.3026,0.0347,0.5302,0.0487,0.1064,0.0552,0.0523,0.1230
38031,Foster Co.,North Dakota,47.4571,-98.8825,4519,low (0.5-2 psi),0.0000,0.0000,0.0358,0.1587,0.1347,0.0223,0.2884,0.0216,0.1126,0.0294,0.1884,0.0218,0.1655,0.0090,0.2425,0.3059,0.0130,0.0917,0.2733,0.5235,0.0413,0.6021,0.0396,0.4842,0.0300,0.6237,0.0511,0.4581,0.0565,0.5100,0.6000,0.0422
38035,Grand Forks Co.,North Dakota,47.9348,-97.4587,70272,very high (>=10 psi),1.0000,1.0000,0.3994,0.9997,0.9388,0.8632,0.9565,0.7984,0.9240,0.7519,0.9543,0.8681,0.9302,0.5242,0.9730,0.9610,0.6086,0.5429,0.9999,0.9380,0.9041,0.9766,0.8082,0.9646,0.7755,0.9465,0.8986,0.9454,0.6565,0.9772,0.9809,0.5454
38037,Grant Co.,North Dakota,46.3280,-101.5475,4106,no (<0.5 psi),0.0000,0.0000,0.0448,0.0901,0.2239,0.0757,0.2576,0.1395,0.2325,0.1464,0.1735,0.0763,0.2282,0.0467,0.2637,0.2091,0.1189,0.0850,0.1541,0.0990,0.0512,0.1166,0.1865,0.1288,0.1077,0.1346,0.0709,0.1391,0.0567,0.1403,0.1004,0.1292
38039,Griggs Co.,North Dakota,47.4568,-98.2424,3581,very high (>=10 psi),1.0000,1.0000,0.0283,0.1023,0.1961,0.0424,0.3235,0.0202,0.1523,0.0767,0.2248,0.0522,0.2867,0.0165,0.2740,0.3332,0.0319,0.0757,0.2604,0.5412,0.0507,0.5497,0.0300,0.5848,0.0534,0.5617,0.0512,0.4092,0.0394,0.5039,0.5408,0.0616
38043,Kidder Co.,North Dakota,46.8071,-99.7627,3619,no (<0.5 psi),0.0000,0.0000,0.0401,0.1015,0.3243,0.2825,0.3043,0.2646,0.3371,0.3730,0.2428,0.3676,0.3228,0.2452,0.2745,0.3560,0.4095,0.0768,0.1409,0.1157,0.1836,0.2086,0.1992,0.1662,0.1419,0.1479,0.1738,0.2071,0.1861,0.2034,0.2414,0.1890
38045,LaMoure Co.,North Dakota,46.4568,-98.5352,6047,no (<0.5 psi),0.0000,0.0000,0.0624,0.1172,0.0577,0.0452,0.1186,0.1071,0.0668,0.0396,0.0657,0.0435,0.0652,0.0470,0.0797,0.0879,0.0648,0.1152,0.1733,0.1042,0.0701,0.1350,0.1135,0.0893,0.0440,0.1746,0.0921,0.0695,0.1831,0.0968,0.0941,0.0866
38047,Logan Co.,North Dakota,46.4569,-99.4763,3211,no (<0.5 psi),0.0000,0.0000,0.0361,0.0619,0.2153,0.1767,0.2616,0.4523,0.1276,0.0930,0.2195,0.1775,0.2242,0.1161,0.2451,0.2916,0.1269,0.0697,0.0958,0.0477,0.1054,0.1016,0.2026,0.0496,0.0357,0.0793,0.0940,0.0537,0.0903,0.0601,0.1084,0.0495
38049,McHenry Co.,North Dakota,48.1970,-100.6255,7492,very high (>=10 psi),1.0000,1.0000,0.0595,0.3415,0.8048,0.0888,0.8882,0.0809,0.7453,0.2375,0.7163,0.0742,0.7963,0.0573,0.8610,0.8424,0.1133,0.1372,0.6098,0.8314,0.1184,0.8673,0.1353,0.7753,0.2075,0.8078,0.0990,0.8115,0.1193,0.8168,0.8545,0.2228
38051,McIntosh Co.,North Dakota,46.1123,-99.4415,4472,no (<0.5 psi),0.0000,0.0000,0.0482,0.0839,0.0502,0.1842,0.0731,0.3206,0.0623,0.0615,0.1005,0.1656,0.0530,0.0698,0.0603,0.0672,0.0580,0.0910,0.1088,0.0369,0.2370,0.0655,0.1925,0.0402,0.0475,0.0508,0.2227,0.0384,0.1075,0.0443,0.0722,0.0401
38053,McKenzie Co.,North Dakota,47.7491,-103.3420,8021,high (5-10 psi),0.0000,1.0000,0.0792,0.3404,0.7100,0.0721,0.5806,0.1686,0.5692,0.1310,0.6088,0.0769,0.6823,0.0340,0.7103,0.7473,0.1164,0.1428,0.3010,0.7965,0.1161,0.8249,0.2259,0.8125,0.1377,0.8268,0.1272,0.7600,0.0543,0.8501,0.9034,0.0856
38055,McLean Co.,North Dakota,47.5008,-101.0393,12036,very high (>=10 psi),1.0000,1.0000,0.1106,0.7936,0.6850,0.1868,0.4592,0.2308,0.7445,0.2269,0.5740,0.3298,0.6809,0.0616,0.6455,0.5429,0.3814,0.1919,0.6565,0.5988,0.3534,0.5667,0.5532,0.6280,0.2496,0.4509,0.2996,0.6701,0.0841,0.7282,0.6797,0.1423
38057,Mercer Co.,North Dakota,47.2743,-101.7085,12050,low (0.5-2 psi),0.0000,0.0000,0.1107,0.7529,0.5767,0.0316,0.2390,0.1600,0.4631,0.0466,0.5254,0.2924,0.4418,0.0126,0.5503,0.3547,0.2573,0.1920,0.6302,0.4045,0.0874,0.3229,0.2339,0.4623,0.0420,0.3667,0.1269,0.4021,0.0336,0.5379,0.4334,0.0743
38059,Morton Co.,North Dakota,46.6327,-101.1883,25713,very high (>=10 psi),1.0000,1.0000,0.1986,0.5062,0.3260,0.1331,0.1950,0.4625,0.5290,0.2393,0.2795,0.1485,0.3326,0.0694,0.4997,0.3952,0.2491,0.3153,0.4968,0.1896,0.1367,0.1613,0.2871,0.1994,0.2304,0.1978,0.1519,0.1811,0.0827,0.3270,0.1810,0.1338
38061,Mountrail Co.,North Dakota,48.2512,-102.3748,7868,very high (>=10 psi),1.0000,1.0000,0.0780,0.6904,0.9587,0.2647,0.8890,0.5730,0.9538,0.4364,0.9401,0.3487,0.9629,0.2990,0.9739,0.9449,0.5469,0.1408,0.5424,0.9514,0.2514,0.8954,0.4692,0.9380,0.4930,0.9342,0.2951,0.9278,0.2202,0.9467,0.9454,0.4077
38063,Nelson Co.,North Dakota,47.9671,-98.2036,4953,very high (>=10 psi),1.0000,1.0000,0.0393,0.9169,0.7649,0.4311,0.8416,0.1312,0.6989,0.1501,0.7664,0.5369,0.8003,0.1162,0.7614,0.7664,0.0722,0.0988,0.9628,0.8733,0.3280,0.9192,0.1135,0.8674,0.1502,0.8862,0.2865,0.8389,0.1066,0.8202,0.8745,0.1176
38065,Oliver Co.,North Dakota,47.1316,-101.3529,2606,low (0.5-2 psi),0.0000,0.0000,0.0301,0.3207,0.5367,0.0334,0.3332,0.0803,0.5410,0.0367,0.4809,0.1213,0.4960,0.0164,0.5556,0.5585,0.0952,0.0588,0.3416,0.3979,0.0579,0.4461,0.1206,0.3949,0.0428,0.4355,0.0850,0.4393,0.0246,0.5173,0.6248,0.0421
38069,Pierce Co.,North Dakota,48.1964,-100.0418,5780,no (<0.5 psi),0.0000,0.0000,0.0459,0.1986,0.2498,0.0332,0.4051,0.0593,0.1041,0.0435,0.1615,0.0303,0.1770,0.0164,0.2728,0.3792,0.0424,0.1118,0.3812,0.2449,0.0195,0.3008,0.0513,0.2092,0.0202,0.2785,0.0276,0.1721,0.0186,0.2672,0.3276,0.0331
38071,Ramsey Co.,North Dakota,48.2823,-98.7458,13013,very high (>=10 psi),1.0000,1.0000,0.1015,0.5937,0.5896,0.0841,0.7178,0.0882,0.4715,0.1803,0.4800,0.0690,0.5705,0.0333,0.5398,0.5664,0.0859,0.2070,0.6487,0.5285,0.1388,0.7145,0.0983,0.5465,0.0604,0.6116,0.1269,0.5052,0.0463,0.6099,0.5953,0.0535
38073,Ransom Co.,North Dakota,46.4559,-97.6568,6343,no (<0.5 psi),0.0000,0.0000,0.0504,0.1038,0.0082,0.0116,0.0080,0.0073,0.0080,0.0054,0.0080,0.0098,0.0094,0.0082,0.0088,0.0138,0.0046,0.1204,0.2152,0.0838,0.0204,0.0495,0.0177,0.0789,0.0101,0.0766,0.0255,0.0578,0.0224,0.0476,0.0947,0.0098
38075,Renville Co.,North Dakota,48.7635,-101.7588,3609,very high (>=10 psi),1.0000,1.0000,0.0400,0.4548,0.9480,0.3626,0.9075,0.4949,0.9535,0.2681,0.9550,0.3708,0.9452,0.3129,0.9552,0.9455,0.3727,0.0762,0.4297,0.8609,0.2293,0.8878,0.2647,0.8615,0.1279,0.8854,0.2429,0.8437,0.2212,0.8659,0.9249,0.1871
38077,Richland Co.,North Dakota,46.2841,-96.9386,19049,no (<0.5 psi),0.0000,0.0000,0.1443,0.1873,0.0301,0.0484,0.0327,0.0488,0.0163,0.0278,0.0288,0.0752,0.0264,0.0303,0.0345,0.0391,0.0415,0.2688,0.3333,0.0459,0.0817,0.0593,0.0790,0.0489,0.0210,0.0620,0.1141,0.0440,0.0774,0.0605,0.0581,0.0633
38079,Rolette Co.,North Dakota,48.8591,-99.8540,12891,no (<0.5 psi),0.0000,0.0000,0.1169,0.4825,0.7239,0.3414,0.5555,0.3968,0.7122,0.3565,0.7139,0.2906,0.7206,0.1529,0.7677,0.7730,0.3383,0.2056,0.4715,0.5137,0.2799,0.4478,0.3134,0.5267,0.1603,0.5221,0.2541,0.4424,0.1088,0.5087,0.6809,0.1870
38081,Sargent Co.,North Dakota,46.1397,-97.6330,5057,no (<0.5 psi),0.0000,0.0000,0.0536,0.0694,0.0246,0.0296,0.0302,0.0307,0.0206,0.0162,0.0545,0.0353,0.0253,0.0750,0.0148,0.0193,0.0318,0.1003,0.0869,0.0180,0.0222,0.0385,0.0331,0.0201,0.0184,0.0268,0.0335,0.0165,0.0432,0.0166,0.0241,0.0209
38083,Sheridan Co.,North Dakota,47.5006,-100.3526,2480,high (5-10 psi),0.0000,1.0000,0.0288,0.1129,0.5036,0.2539,0.3407,0.2964,0.3935,0.2515,0.4462,0.2284,0.5031,0.1045,0.5728,0.7242,0.1191,0.0565,0.1103,0.4730,0.2551,0.5501,0.3164,0.4411,0.1868,0.5090,0.2389,0.4675,0.1505,0.5650,0.7492,0.1708
38085,Sioux Co.,North Dakota,46.1869,-100.8971,3697,no (<0.5 psi),0.0000,0.0000,0.0409,0.0677,0.0960,0.1719,0.0641,0.3054,0.1400,0.2742,0.0990,0.2182,0.1411,0.0789,0.1323,0.0887,0.1567,0.0782,0.0780,0.0433,0.2638,0.0337,0.3349,0.0452,0.2502,0.0423,0.3079,0.0584,0.1078,0.0503,0.0573,0.1329
38091,Steele Co.,North Dakota,47.4991,-97.7293,2784,very high (>=10 psi),1.0000,1.0000,0.0218,0.0817,0.2731,0.0224,0.4099,0.0107,0.1855,0.0336,0.2927,0.0267,0.2904,0.0087,0.4164,0.4287,0.0155,0.0613,0.3352,0.5391,0.0583,0.6430,0.0358,0.6226,0.0610,0.5299,0.0669,0.5559,0.0311,0.5698,0.6469,0.0504
38093,Stutsman Co.,North Dakota,46.8057,-98.9433,23854,no (<0.5 psi),0.0000,0.0000,0.1879,0.7014,0.5021,0.1725,0.3252,0.3400,0.5633,0.2763,0.3632,0.1500,0.4991,0.2539,0.4820,0.3790,0.4765,0.3013,0.6156,0.4112,0.2072,0.3733,0.2887,0.4635,0.1688,0.4079,0.2036,0.4275,0.4302,0.5165,0.3736,0.2528
38095,Towner Co.,North Dakota,48.6314,-99.2314,4059,medium (2-5 psi),0.0000,1.0000,0.0443,0.2881,0.4300,0.4156,0.7217,0.3992,0.3514,0.3365,0.7350,0.4003,0.3966,0.3722,0.4713,0.7974,0.3531,0.0840,0.2492,0.4358,0.2228,0.5035,0.1538,0.2759,0.0719,0.4512,0.2785,0.3178,0.1127,0.3514,0.4696,0.1078
38097,Traill Co.,North Dakota,47.4558,-97.1659,9396,low (0.5-2 psi),0.0000,0.0000,0.0742,0.3166,0.2616,0.0225,0.4138,0.0107,0.1366,0.0390,0.3206,0.0230,0.3625,0.0119,0.3277,0.2532,0.0350,0.1631,0.6010,0.4087,0.0575,0.5048,0.0368,0.4139,0.0416,0.5012,0.0635,0.3581,0.0508,0.4658,0.5505,0.0434
38099,Walsh Co.,North Dakota,48.3663,-97.7234,15204,very high (>=10 psi),1.0000,1.0000,0.1174,0.5544,0.5139,0.0537,0.6358,0.0506,0.5066,0.1241,0.3904,0.0394,0.5089,0.0270,0.6206,0.5333,0.1359,0.2309,0.7849,0.6006,0.0821,0.7188,0.0642,0.6261,0.0949,0.5923,0.0614,0.5850,0.0691,0.6467,0.5696,0.1257
38101,Ward Co.,North Dakota,48.1973,-101.4681,61674,very high (>=10 psi),1.0000,1.0000,0.3541,1.0000,0.9915,0.8606,0.9851,0.8591,0.9911,0.7966,0.9851,0.8359,0.9885,0.9060,0.9924,0.9906,0.8114,0.4969,0.9997,0.9889,0.8383,0.9706,0.8173,0.9853,0.9031,0.9865,0.8107,0.9813,0.8881,0.9868,0.9800,0.8481
38103,Wells Co.,North Dakota,47.4574,-99.6492,6736,no (<0.5 psi),0.0000,0.0000,0.0535,0.1391,0.1420,0.3905,0.3010,0.3698,0.1404,0.3150,0.1029,0.3635,0.1452,0.1263,0.2695,0.1627,0.1239,0.1262,0.3098,0.3925,0.2441,0.6516,0.2462,0.3364,0.3063,0.4442,0.2024,0.3171,0.1039,0.4831,0.5674,0.2320
38105,Williams Co.,North Dakota,48.2595,-103.4366,26842,very high (>=10 psi),1.0000,1.0000,0.2048,0.7273,0.7607,0.0607,0.4577,0.2784,0.6295,0.1881,0.6032,0.1039,0.5682,0.0609,0.7124,0.5815,0.2224,0.3234,0.6817,0.5790,0.1238,0.5736,0.2120,0.5777,0.2100,0.5741,0.1167,0.5852,0.1019,0.7713,0.7122,0.1417
39007,Ashtabula Co.,Ohio,41.7823,-80.7615,100761,very high (>=10 psi),1.0000,1.0000,0.4806,0.1639,0.3177,0.4021,0.2838,0.3665,0.1559,0.2496,0.3479,0.3859,0.2991,0.2170,0.3962,0.4356,0.1593,0.6334,0.2958,0.7557,0.7948,0.7239,0.7337,0.7399,0.7824,0.7791,0.7647,0.7954,0.7838,0.7872,0.7586,0.7022
39009,Athens Co.,Ohio,39.3509,-82.0722,58208,medium (2-5 psi),0.0000,1.0000,0.3363,0.2475,0.2888,0.2254,0.2363,0.1909,0.2641,0.3702,0.1952,0.2658,0.2323,0.2737,0.3231,0.3508,0.3501,0.4696,0.3232,0.2868,0.2352,0.2526,0.1976,0.3493,0.2848,0.2498,0.2081,0.3708,0.2944,0.3283,0.3597,0.3839
39013,Belmont Co.,Ohio,40.0175,-80.9858,77482,medium (2-5 psi),0.0000,1.0000,0.3946,0.2367,0.5192,0.2938,0.6516,0.3276,0.4684,0.2929,0.5883,0.1284,0.6376,0.4162,0.3096,0.5497,0.4788,0.5465,0.3992,0.7300,0.3650,0.8887,0.5556,0.7064,0.3924,0.7384,0.2512,0.7851,0.6887,0.6653,0.7292,0.5402
39019,Carroll Co.,Ohio,40.5830,-81.0919,26144,very high (>=10 psi),1.0000,1.0000,0.1888,0.0429,0.0516,0.2780,0.1301,0.2035,0.0630,0.1911,0.0646,0.2210,0.0860,0.1608,0.1039,0.1544,0.0616,0.3135,0.1564,0.2730,0.4952,0.4323,0.3555,0.2467,0.3458,0.3199,0.4252,0.4326,0.3282,0.3624,0.3405,0.2546
39021,Champaign Co.,Ohio,40.1476,-83.7637,34166,low (0.5-2 psi),0.0000,0.0000,0.2337,0.0590,0.0601,0.3400,0.0991,0.1527,0.0488,0.2545,0.0374,0.1208,0.0738,0.0875,0.0956,0.1609,0.0715,0.3566,0.0963,0.0663,0.4199,0.0994,0.3060,0.0782,0.3712,0.0562,0.2294,0.0956,0.2040,0.0870,0.2357,0.1315
39023,Clark Co.,Ohio,39.9452,-83.7876,147075,very high (>=10 psi),1.0000,1.0000,0.5507,0.2548,0.2736,0.5183,0.4978,0.4454,0.2379,0.5098,0.2836,0.4862,0.2694,0.2972,0.3838,0.5971,0.2226,0.6665,0.2752,0.5870,0.8896,0.6824,0.8773,0.5983,0.8656,0.5584,0.8358,0.6633,0.7608,0.6935,0.8315,0.5912
39027,Clinton Co.,Ohio,39.4616,-83.7855,34021,no (<0.5 psi),0.0000,0.0000,0.2330,0.0595,0.0696,0.5912,0.1232,0.3136,0.0524,0.4227,0.0543,0.4425,0.0910,0.1438,0.1053,0.2095,0.0809,0.3558,0.1107,0.1160,0.5614,0.1045,0.3379,0.1063,0.3992,0.0873,0.4473,0.1046,0.4465,0.1065,0.2754,0.2197
39029,Columbiana Co.,Ohio,40.7895,-80.8032,109127,very high (>=10 psi),1.0000,1.0000,0.5010,0.2074,0.4678,0.3163,0.4069,0.3395,0.3832,0.1482,0.4230,0.2841,0.4986,0.3836,0.2977,0.4676,0.2466,0.6514,0.4551,0.9092,0.8723,0.9080,0.7047,0.8857,0.7911,0.8763,0.9109,0.9124,0.8894,0.7704,0.8634,0.8194
39031,Coshocton Co.,Ohio,40.3035,-81.9059,35438,very high (>=10 psi),1.0000,1.0000,0.2400,0.2315,0.2732,0.3030,0.1255,0.2175,0.2449,0.2734,0.1751,0.1264,0.1597,0.1306,0.2761,0.2379,0.1095,0.3640,0.3201,0.2306,0.2900,0.1428,0.2542,0.2031,0.3594,0.2659,0.2043,0.1594,0.1854,0.2295,0.2075,0.2362
39035,Cuyahoga Co.,Ohio,41.4645,-81.6801,1458564,very high (>=10 psi),1.0000,1.0000,0.9344,0.8634,0.9454,0.9302,0.9172,0.9378,0.9549,0.9355,0.9527,0.9671,0.9578,0.9464,0.9502,0.9608,0.9303,0.9602,0.8986,0.9754,0.9874,0.9706,0.9613,0.9809,0.9883,0.9840,0.9791,0.9788,0.9923,0.9714,0.9792,0.9770
39037,Darke Co.,Ohio,40.1010,-84.6195,53545,high (5-10 psi),0.0000,1.0000,0.3188,0.1177,0.0606,0.3288,0.1475,0.2047,0.0897,0.1714,0.0815,0.1779,0.0682,0.1689,0.0783,0.1505,0.0942,0.4513,0.2365,0.5978,0.7194,0.6963,0.6349,0.4683,0.4765,0.5340,0.6502,0.5177,0.7950,0.4634,0.6815,0.5958
39041,Delaware Co.,Ohio,40.3132,-82.9985,58010,low (0.5-2 psi),0.0000,0.0000,0.3356,0.1639,0.1178,0.1602,0.1657,0.1377,0.0762,0.1349,0.1048,0.0872,0.1421,0.1719,0.1145,0.2663,0.0371,0.4688,0.2836,0.2769,0.6204,0.3264,0.2190,0.2621,0.3416,0.2110,0.5045,0.2338,0.4373,0.2430,0.5763,0.1449
39043,Erie Co.,Ohio,41.3918,-82.6898,76915,low (0.5-2 psi),0.0000,0.0000,0.4124,0.1138,0.2369,0.3179,0.4149,0.3055,0.2405,0.4682,0.2671,0.3966,0.3839,0.3699,0.2270,0.4561,0.2500,0.5696,0.2422,0.5292,0.8258,0.6232,0.6324,0.5553,0.7767,0.5693,0.7718,0.6200,0.8467,0.6073,0.6670,0.5568
39045,Fairfield Co.,Ohio,39.7697,-82.6141,96404,low (0.5-2 psi),0.0000,0.0000,0.4504,0.1988,0.1102,0.2183,0.1309,0.1291,0.0812,0.1647,0.0749,0.1755,0.1007,0.1037,0.1155,0.1362,0.0784,0.5796,0.3283,0.2869,0.4086,0.3362,0.2447,0.3418,0.3486,0.2524,0.4098,0.3252,0.3973,0.3542,0.5957,0.2104
39047,Fayette Co.,Ohio,39.5473,-83.4438,27301,no (<0.5 psi),0.0000,0.0000,0.1977,0.0574,0.0494,0.4043,0.1202,0.2064,0.0330,0.2204,0.0397,0.2683,0.0670,0.0875,0.0767,0.0987,0.0456,0.3128,0.0903,0.0475,0.5750,0.1007,0.3077,0.0628,0.2461,0.0580,0.4039,0.0733,0.2895,0.0658,0.2198,0.1147
39049,Franklin Co.,Ohio,39.9672,-83.0134,902756,very high (>=10 psi),1.0000,1.0000,0.8735,0.9749,0.9385,0.9483,0.9559,0.9613,0.8665,0.9396,0.9449,0.9232,0.9619,0.9374,0.9699,0.9134,0.9488,0.9077,0.9540,0.9476,0.9621,0.9662,0.9690,0.9292,0.9522,0.9235,0.9647,0.9465,0.9696,0.9537,0.9627,0.9529
39053,Gallia Co.,Ohio,38.8062,-82.3917,30307,very high (>=10 psi),1.0000,1.0000,0.2139,0.1143,0.3409,0.1096,0.1133,0.1028,0.4672,0.1976,0.3140,0.5235,0.1326,0.2331,0.3339,0.1114,0.4598,0.3329,0.1987,0.3691,0.3687,0.2910,0.3217,0.3495,0.3685,0.2701,0.4565,0.3378,0.3710,0.2539,0.2229,0.3732
39055,Geauga Co.,Ohio,41.5357,-81.1973,75562,no (<0.5 psi),0.0000,0.0000,0.4080,0.1081,0.1380,0.2498,0.2095,0.2107,0.0870,0.1699,0.2764,0.1977,0.1217,0.0997,0.2879,0.3343,0.0805,0.5653,0.4102,0.5028,0.4704,0.5348,0.3634,0.4599,0.3761,0.6037,0.5524,0.5961,0.6172,0.5131,0.4978,0.3171
39057,Greene Co.,Ohio,39.6774,-83.8825,129898,very high (>=10 psi),1.0000,1.0000,0.5213,0.4793,0.8678,0.6537,0.8648,0.6339,0.7473,0.5463,0.7823,0.5668,0.8232,0.2539,0.8575,0.9201,0.2238,0.6418,0.5453,0.9033,0.8651,0.9315,0.8355,0.9046,0.8415,0.8730,0.8630,0.9279,0.8094,0.9218,0.9540,0.6179
39059,Guernsey Co.,Ohio,40.0522,-81.4762,40558,low (0.5-2 psi),0.0000,0.0000,0.2643,0.1231,0.1681,0.3446,0.1569,0.2703,0.1759,0.3796,0.1240,0.1915,0.1829,0.1282,0.2907,0.3084,0.0885,0.3919,0.2667,0.3277,0.5886,0.2798,0.3556,0.3470,0.6058,0.3256,0.5018,0.3066,0.3451,0.4547,0.5198,0.3220
39067,Harrison Co.,Ohio,40.2588,-81.1073,16882,low (0.5-2 psi),0.0000,0.0000,0.1028,0.0367,0.0727,0.0381,0.0849,0.0631,0.0935,0.0921,0.0878,0.0344,0.1160,0.0277,0.0509,0.0753,0.0460,0.2418,0.1646,0.5616,0.2121,0.6400,0.4267,0.5532,0.3859,0.6735,0.1701,0.6805,0.2907,0.5641,0.4851,0.4670
39073,Hocking Co.,Ohio,39.5134,-82.4496,24463,no (<0.5 psi),0.0000,0.0000,0.1816,0.0618,0.0270,0.0915,0.0355,0.0646,0.0222,0.0414,0.0275,0.0592,0.0358,0.0510,0.0325,0.0332,0.0348,0.2925,0.1267,0.0582,0.1794,0.0714,0.1319,0.0679,0.1856,0.0754,0.1562,0.0745,0.1224,0.0800,0.1002,0.1055
39079,Jackson Co.,Ohio,38.9916,-82.6215,30376,no (<0.5 psi),0.0000,0.0000,0.2143,0.0862,0.1000,0.1146,0.0760,0.0880,0.1138,0.2692,0.0783,0.0851,0.1347,0.0850,0.1002,0.1208,0.1713,0.3333,0.1902,0.3332,0.1996,0.2873,0.1733,0.3254,0.4542,0.3238,0.2083,0.4076,0.2070,0.3728,0.3637,0.4605
39081,Jefferson Co.,Ohio,40.3771,-80.7425,84980,very high (>=10 psi),1.0000,1.0000,0.4201,0.5693,0.9466,0.1925,0.8315,0.3609,0.9234,0.4454,0.9426,0.7643,0.7827,0.5604,0.8996,0.4610,0.9231,0.5664,0.7167,0.9782,0.5142,0.9033,0.6867,0.9784,0.6744,0.9813,0.9333,0.9248,0.7993,0.9760,0.8128,0.9735
39083,Knox Co.,Ohio,40.4028,-82.4149,46675,low (0.5-2 psi),0.0000,0.0000,0.2911,0.1038,0.1157,0.3164,0.1848,0.2055,0.0775,0.1928,0.1073,0.1444,0.1684,0.2599,0.1251,0.1730,0.0746,0.4217,0.2051,0.2168,0.4939,0.3116,0.4131,0.2133,0.3632,0.2451,0.3171,0.2070,0.3717,0.2767,0.3942,0.1471
39085,Lake Co.,Ohio,41.7038,-81.2481,213641,very high (>=10 psi),1.0000,1.0000,0.6662,0.3968,0.8776,0.9220,0.8199,0.9097,0.8552,0.8438,0.8882,0.9237,0.8553,0.9228,0.8212,0.8120,0.7177,0.7838,0.5706,0.8659,0.9640,0.8993,0.9019,0.9177,0.9169,0.9194,0.9330,0.9124,0.9387,0.8971,0.9208,0.8023
39087,Lawrence Co.,Ohio,38.6208,-82.5562,62742,very high (>=10 psi),1.0000,1.0000,0.3525,0.1972,0.2103,0.3745,0.3289,0.2582,0.2304,0.3861,0.2010,0.2771,0.1596,0.2669,0.1740,0.4710,0.1912,0.4860,0.3254,0.6420,0.3412,0.5394,0.3754,0.6048,0.5787,0.4587,0.2573,0.6893,0.5046,0.4070,0.5172,0.6125
39089,Licking Co.,Ohio,40.0510,-82.4808,124394,medium (2-5 psi),0.0000,1.0000,0.5110,0.3036,0.2620,0.4850,0.2829,0.3542,0.1969,0.2710,0.1949,0.4263,0.2765,0.3634,0.2273,0.2088,0.1972,0.6330,0.4369,0.4731,0.6144,0.5461,0.4294,0.5353,0.5227,0.4237,0.5931,0.4910,0.6204,0.5664,0.7148,0.3037
39091,Logan Co.,Ohio,40.4001,-83.7675,40028,low (0.5-2 psi),0.0000,0.0000,0.2618,0.0759,0.0475,0.4098,0.0969,0.2434,0.0437,0.2378,0.0633,0.2720,0.0825,0.1649,0.0772,0.2298,0.0560,0.3892,0.1174,0.0757,0.3712,0.1244,0.2958,0.1026,0.2821,0.0940,0.3047,0.0937,0.1840,0.1286,0.2417,0.1159
39093,Lorain Co.,Ohio,41.3178,-82.1107,268298,very high (>=10 psi),1.0000,1.0000,0.7159,0.4556,0.5898,0.7149,0.7293,0.7057,0.6211,0.7160,0.6366,0.7082,0.7248,0.7576,0.6530,0.7239,0.5202,0.8194,0.7508,0.9020,0.9684,0.9083,0.9057,0.9245,0.9427,0.9225,0.9683,0.9214,0.9338,0.9128,0.9161,0.8906
39097,Madison Co.,Ohio,39.8652,-83.4020,34628,low (0.5-2 psi),0.0000,0.0000,0.2360,0.0717,0.0984,0.1563,0.1242,0.0962,0.0473,0.1002,0.0785,0.0762,0.1061,0.1792,0.0953,0.1618,0.0566,0.3594,0.1389,0.1128,0.4473,0.1854,0.2309,0.1273,0.3197,0.0938,0.4136,0.1365,0.3129,0.1221,0.4392,0.1004
39099,Mahoning Co.,Ohio,41.0565,-80.7597,274535,medium (2-5 psi),0.0000,1.0000,0.7206,0.4600,0.8147,0.8895,0.8144,0.8636,0.7134,0.8184,0.7984,0.8901,0.7267,0.8384,0.8060,0.7975,0.8151,0.8227,0.6737,0.9337,0.9837,0.9348,0.9519,0.9388,0.9675,0.9570,0.9840,0.9503,0.9498,0.9632,0.9491,0.9254
39103,Medina Co.,Ohio,41.0999,-81.9290,115175,medium (2-5 psi),0.0000,1.0000,0.5147,0.1279,0.2388,0.4841,0.3185,0.3249,0.1626,0.4443,0.3118,0.4714,0.3023,0.3307,0.3817,0.4910,0.1671,0.6634,0.4281,0.6552,0.7672,0.7107,0.5368,0.7233,0.7529,0.7407,0.8347,0.7137,0.7568,0.7024,0.7378,0.5116
39105,Meigs Co.,Ohio,39.0381,-82.0562,23304,high (5-10 psi),0.0000,1.0000,0.1748,0.1955,0.5069,0.0617,0.1806,0.0280,0.4895,0.0938,0.3821,0.3065,0.1246,0.1615,0.3754,0.0299,0.6113,0.2837,0.3593,0.8313,0.1846,0.3213,0.1291,0.8578,0.2292,0.8040,0.7843,0.3836,0.3753,0.7705,0.1051,0.8724
39107,Mercer Co.,Ohio,40.4653,-84.6294,38473,medium (2-5 psi),0.0000,1.0000,0.2546,0.0960,0.1019,0.3747,0.1969,0.2411,0.1031,0.2397,0.1078,0.1360,0.1403,0.3795,0.0580,0.1579,0.1376,0.3809,0.1909,0.2738,0.4066,0.3705,0.2501,0.2812,0.2374,0.2607,0.2698,0.3336,0.4241,0.1725,0.2573,0.2936
39109,Miami Co.,Ohio,39.9814,-84.2347,90014,low (0.5-2 psi),0.0000,0.0000,0.4343,0.2201,0.2520,0.2320,0.2516,0.2352,0.2123,0.2407,0.1933,0.1979,0.2216,0.1528,0.2387,0.3982,0.2100,0.5649,0.2824,0.6685,0.7733,0.6668,0.7331,0.6525,0.6280,0.6946,0.6820,0.6058,0.6722,0.7719,0.7616,0.6269
39111,Monroe Co.,Ohio,39.7052,-81.0570,16237,high (5-10 psi),0.0000,1.0000,0.1305,0.1271,0.2533,0.0193,0.0330,0.0163,0.1387,0.0219,0.1068,0.1087,0.0606,0.0595,0.1561,0.0254,0.1153,0.2238,0.2582,0.7004,0.0983,0.3992,0.0695,0.7577,0.1426,0.6346,0.3719,0.4372,0.2092,0.5699,0.2546,0.5327
39115,Morgan Co.,Ohio,39.6272,-81.8101,14107,low (0.5-2 psi),0.0000,0.0000,0.1161,0.0444,0.0468,0.0458,0.0306,0.0147,0.0367,0.0468,0.0434,0.0256,0.0461,0.0501,0.0391,0.0390,0.0484,0.2031,0.1185,0.1371,0.1173,0.1202,0.1748,0.1065,0.2339,0.0983,0.1243,0.1139,0.0993,0.1581,0.1192,0.1694
39119,Muskingum Co.,Ohio,40.0516,-81.9578,82976,high (5-10 psi),0.0000,1.0000,0.4154,0.3462,0.2120,0.3679,0.1562,0.1898,0.1882,0.3208,0.1261,0.1922,0.1426,0.1167,0.3054,0.2458,0.0933,0.5472,0.4917,0.3268,0.4572,0.2685,0.4202,0.4492,0.4987,0.3708,0.5232,0.3611,0.4650,0.4138,0.4045,0.3505
39121,Noble Co.,Ohio,39.7973,-81.5061,11363,low (0.5-2 psi),0.0000,0.0000,0.0965,0.0363,0.0243,0.0442,0.0382,0.0231,0.0168,0.0270,0.0228,0.0343,0.0232,0.0320,0.0311,0.0315,0.0182,0.1741,0.1024,0.0976,0.2366,0.1343,0.1704,0.0914,0.1651,0.0760,0.2470,0.0602,0.0853,0.2029,0.1303,0.0656
39127,Perry Co.,Ohio,39.7350,-82.2233,31256,no (<0.5 psi),0.0000,0.0000,0.2189,0.0807,0.0962,0.3201,0.0773,0.2001,0.0478,0.2707,0.0514,0.1006,0.1182,0.0946,0.0851,0.0657,0.0912,0.3389,0.1662,0.1022,0.4143,0.1167,0.2851,0.1002,0.3658,0.1005,0.2299,0.1136,0.1377,0.1699,0.1755,0.1798
39129,Pickaway Co.,Ohio,39.6284,-83.0478,45305,medium (2-5 psi),0.0000,1.0000,0.2853,0.1055,0.1071,0.0807,0.0860,0.0708,0.0556,0.0829,0.0860,0.0602,0.1003,0.0780,0.0799,0.1254,0.0677,0.4153,0.2103,0.2614,0.4331,0.2247,0.1618,0.2714,0.3446,0.1961,0.4525,0.2108,0.2859,0.2272,0.5619,0.1323
39131,Pike Co.,Ohio,39.1119,-83.0822,23650,very high (>=10 psi),1.0000,1.0000,0.1769,0.2131,0.1967,0.0363,0.3068,0.0318,0.2389,0.0272,0.2093,0.0312,0.2912,0.0713,0.1783,0.3210,0.0434,0.2864,0.3978,0.5245,0.1386,0.5904,0.1291,0.5653,0.1573,0.5700,0.1561,0.6056,0.1316,0.5846,0.6619,0.1453
39133,Portage Co.,Ohio,41.2403,-81.1966,137932,low (0.5-2 psi),0.0000,0.0000,0.5606,0.1911,0.4519,0.3281,0.3765,0.3462,0.4015,0.2337,0.5487,0.3857,0.4538,0.3272,0.3839,0.4461,0.2801,0.7019,0.4992,0.8135,0.8434,0.8396,0.6417,0.8283,0.7905,0.8957,0.8831,0.8601,0.8252,0.8613,0.8307,0.7096
39141,Ross Co.,Ohio,39.3433,-83.0647,67048,low (0.5-2 psi),0.0000,0.0000,0.3670,0.3043,0.1447,0.2271,0.1740,0.1681,0.1008,0.1483,0.1090,0.2788,0.1212,0.0739,0.1166,0.2594,0.0976,0.5006,0.3228,0.2482,0.1881,0.2780,0.1724,0.3592,0.2618,0.3179,0.2052,0.2334,0.1175,0.3453,0.4745,0.1140
39145,Scioto Co.,Ohio,38.8058,-82.9620,82518,medium (2-5 psi),0.0000,1.0000,0.4141,0.5380,0.2830,0.4903,0.4422,0.4058,0.3003,0.4497,0.2844,0.5092,0.3752,0.4208,0.2468,0.4883,0.3800,0.5460,0.6245,0.7607,0.4727,0.8205,0.5630,0.8021,0.5837,0.7780,0.4806,0.8860,0.7666,0.6129,0.7122,0.7431
39149,Shelby Co.,Ohio,40.3357,-84.2190,43574,high (5-10 psi),0.0000,1.0000,0.2778,0.1775,0.0937,0.2108,0.0973,0.1424,0.0912,0.2153,0.0917,0.2010,0.0790,0.1605,0.1123,0.1474,0.1418,0.4070,0.2391,0.2325,0.3203,0.1810,0.2474,0.3322,0.2315,0.2890,0.3435,0.2119,0.3643,0.2922,0.3128,0.2890
39151,Stark Co.,Ohio,40.8160,-81.3680,370383,very high (>=10 psi),1.0000,1.0000,0.7780,0.5267,0.8020,0.9188,0.8033,0.8426,0.8075,0.8061,0.7723,0.9319,0.7603,0.8620,0.7978,0.9037,0.7634,0.8618,0.7182,0.9449,0.9880,0.9604,0.9508,0.9547,0.9727,0.9660,0.9858,0.9523,0.9669,0.9559,0.9665,0.9274
39153,Summit Co.,Ohio,41.1329,-81.5399,510525,very high (>=10 psi),1.0000,1.0000,0.8295,0.5898,0.9294,0.9329,0.9075,0.9290,0.9026,0.9225,0.9385,0.9555,0.9184,0.9189,0.9156,0.9499,0.8875,0.8954,0.7642,0.9719,0.9888,0.9729,0.9641,0.9788,0.9866,0.9796,0.9890,0.9785,0.9865,0.9719,0.9783,0.9674
39155,Trumbull Co.,Ohio,41.2408,-80.7601,233564,very high (>=10 psi),1.0000,1.0000,0.6862,0.4662,0.8021,0.7795,0.6368,0.7813,0.7452,0.7575,0.7694,0.7713,0.7323,0.7359,0.8125,0.6838,0.7617,0.7983,0.6355,0.9336,0.9749,0.9363,0.9399,0.9427,0.9701,0.9503,0.9781,0.9527,0.9426,0.9553,0.9492,0.9344
39157,Tuscarawas Co.,Ohio,40.4386,-81.4897,84347,low (0.5-2 psi),0.0000,0.0000,0.4180,0.3261,0.2357,0.1006,0.1114,0.1593,0.1571,0.1961,0.1830,0.0777,0.1650,0.1051,0.1482,0.1882,0.1000,0.5648,0.5583,0.6159,0.2389,0.4409,0.5232,0.5841,0.2941,0.5650,0.2460,0.5836,0.3317,0.5859,0.5953,0.4104
39159,Union Co.,Ohio,40.3442,-83.3933,30291,low (0.5-2 psi),0.0000,0.0000,0.2138,0.0635,0.0664,0.2060,0.0853,0.1115,0.0290,0.1124,0.0430,0.0929,0.0662,0.0626,0.1138,0.1138,0.0369,0.3328,0.1196,0.0608,0.2272,0.0773,0.2165,0.0457,0.1305,0.0803,0.1839,0.0596,0.1759,0.0618,0.1225,0.1105
39163,Vinton Co.,Ohio,39.2504,-82.5118,11323,low (0.5-2 psi),0.0000,0.0000,0.0962,0.0338,0.0124,0.0266,0.0138,0.0126,0.0108,0.0277,0.0119,0.0228,0.0169,0.0261,0.0136,0.0115,0.0248,0.1736,0.0900,0.0799,0.3102,0.0805,0.2145,0.0888,0.2099,0.0946,0.2994,0.0669,0.1116,0.1736,0.1381,0.1149
39167,Washington Co.,Ohio,39.4209,-81.5211,63835,very high (>=10 psi),1.0000,1.0000,0.3562,0.4264,0.5693,0.4146,0.6287,0.3177,0.5641,0.3457,0.5764,0.4890,0.5605,0.5132,0.5245,0.4141,0.6314,0.4898,0.5913,0.7884,0.3183,0.7733,0.3240,0.8134,0.4110,0.8255,0.5817,0.8290,0.7310,0.5941,0.5822,0.7009
39169,Wayne Co.,Ohio,40.8448,-81.8874,98441,high (5-10 psi),0.0000,1.0000,0.4746,0.2267,0.1653,0.2718,0.1756,0.1965,0.1591,0.0989,0.2374,0.1800,0.1337,0.1957,0.1812,0.3087,0.0677,0.6280,0.4826,0.5043,0.5655,0.4847,0.4083,0.5070,0.4451,0.5397,0.3391,0.4967,0.6484,0.4396,0.5237,0.2615
40001,Adair Co.,Oklahoma,35.8299,-94.6561,18357,no (<0.5 psi),0.0000,0.0000,0.1543,0.1591,0.0691,0.0366,0.0770,0.0565,0.1001,0.0506,0.0628,0.0352,0.1164,0.0427,0.1280,0.0764,0.0682,0.2649,0.1760,0.0725,0.1557,0.0729,0.1543,0.0492,0.1395,0.0980,0.1813,0.0571,0.0642,0.0874,0.1109,0.0511
40003,Alfalfa Co.,Oklahoma,36.7682,-98.3246,7197,low (0.5-2 psi),0.0000,0.0000,0.0415,0.0444,0.0116,0.0339,0.0150,0.0368,0.0101,0.0213,0.0150,0.0271,0.0109,0.0250,0.0152,0.0201,0.0207,0.1237,0.1234,0.0839,0.0576,0.0563,0.0739,0.1060,0.0669,0.0969,0.0737,0.0725,0.0696,0.0817,0.0769,0.1422
40007,Beaver Co.,Oklahoma,36.7206,-100.4780,6971,medium (2-5 psi),0.0000,1.0000,0.0401,0.0364,0.0161,0.2962,0.0175,0.1993,0.0236,0.2904,0.0122,0.1990,0.0298,0.2212,0.0190,0.0150,0.0622,0.1207,0.0724,0.0251,0.2354,0.0335,0.1613,0.0415,0.3559,0.0191,0.3114,0.0278,0.3762,0.0256,0.0431,0.2496
40009,Beckham Co.,Oklahoma,35.3203,-99.6820,22160,low (0.5-2 psi),0.0000,0.0000,0.1650,0.0851,0.2028,0.1348,0.1895,0.2523,0.1473,0.1543,0.1180,0.1639,0.1207,0.2719,0.1495,0.1332,0.2530,0.3018,0.1783,0.2158,0.2073,0.3569,0.4176,0.2737,0.2565,0.3016,0.2215,0.3685,0.3423,0.1874,0.2663,0.3518
40011,Blaine Co.,Oklahoma,35.8545,-98.4199,13558,no (<0.5 psi),0.0000,0.0000,0.0819,0.0385,0.0316,0.0554,0.0398,0.0935,0.0222,0.0368,0.0577,0.0494,0.0684,0.1532,0.0297,0.0236,0.1276,0.1975,0.1041,0.0775,0.1042,0.0813,0.2044,0.0661,0.0640,0.0812,0.1154,0.0731,0.1819,0.0620,0.0425,0.2653
40015,Caddo Co.,Oklahoma,35.1526,-98.3544,32664,very high (>=10 psi),1.0000,1.0000,0.1956,0.1685,0.3148,0.1777,0.0699,0.3135,0.1194,0.2024,0.3139,0.3864,0.1569,0.2800,0.3116,0.0594,0.5797,0.3476,0.3045,0.1793,0.2099,0.1702,0.2554,0.1535,0.1339,0.1970,0.1806,0.2173,0.3679,0.1346,0.1331,0.3440
40017,Canadian Co.,Oklahoma,35.4612,-97.9889,71931,very high (>=10 psi),1.0000,1.0000,0.3745,0.1703,0.2535,0.2850,0.1541,0.1891,0.1665,0.2371,0.2878,0.2366,0.1723,0.2890,0.1348,0.2481,0.1944,0.5160,0.2812,0.5399,0.3705,0.5305,0.4817,0.5104,0.3268,0.5962,0.3810,0.6213,0.6001,0.4481,0.5290,0.6760
40021,Cherokee Co.,Oklahoma,35.8890,-95.0375,33162,low (0.5-2 psi),0.0000,0.0000,0.2379,0.3714,0.3415,0.2954,0.3047,0.3550,0.4098,0.3315,0.3441,0.1457,0.5772,0.2991,0.3843,0.4226,0.5004,0.3895,0.3517,0.2129,0.2792,0.2780,0.2383,0.1738,0.2534,0.1586,0.1955,0.2069,0.2167,0.2356,0.2907,0.1667
40025,Cimarron Co.,Oklahoma,36.6749,-102.5168,3790,no (<0.5 psi),0.0000,0.0000,0.0300,0.0229,0.0145,0.0228,0.0102,0.0239,0.0126,0.2075,0.0114,0.0316,0.0156,0.0616,0.0089,0.0128,0.0763,0.0727,0.0631,0.1208,0.0725,0.0735,0.1373,0.0880,0.6767,0.0654,0.0752,0.0886,0.2269,0.1073,0.0440,0.5244
40027,Cleveland Co.,Oklahoma,35.1730,-97.3028,164533,very high (>=10 psi),1.0000,1.0000,0.6062,0.3991,0.5184,0.7080,0.4780,0.6311,0.4843,0.3842,0.5911,0.6867,0.4844,0.7550,0.4197,0.5552,0.5539,0.6880,0.4176,0.7734,0.7901,0.6510,0.7826,0.6483,0.5987,0.7498,0.6863,0.7069,0.7873,0.6589,0.7618,0.7258
40031,Comanche Co.,Oklahoma,34.6376,-98.4836,120211,very high (>=10 psi),1.0000,1.0000,0.5183,0.9082,0.9543,0.7807,0.9525,0.7400,0.9398,0.6533,0.9627,0.7454,0.9412,0.8747,0.9591,0.9500,0.7382,0.6260,0.7922,0.9330,0.7930,0.9420,0.7351,0.9333,0.6270,0.9287,0.7434,0.9385,0.8345,0.9460,0.9385,0.6479
40033,Cotton Co.,Oklahoma,34.2251,-98.3741,7050,low (0.5-2 psi),0.0000,0.0000,0.0406,0.0158,0.0073,0.0237,0.0123,0.0758,0.0058,0.0112,0.0071,0.0188,0.0149,0.0370,0.0065,0.0096,0.0174,0.1217,0.0684,0.0514,0.1249,0.0598,0.1052,0.0658,0.1103,0.0707,0.0953,0.1160,0.1192,0.0639,0.1287,0.1132
40035,Craig Co.,Oklahoma,36.8066,-95.2153,15040,no (<0.5 psi),0.0000,0.0000,0.1322,0.1356,0.0649,0.2109,0.1237,0.1463,0.0707,0.1673,0.0697,0.0864,0.1177,0.1553,0.0872,0.1393,0.1461,0.2291,0.1779,0.0783,0.1609,0.0538,0.1116,0.0714,0.1172,0.0768,0.1669,0.0786,0.2018,0.0806,0.0645,0.1375
40037,Creek Co.,Oklahoma,35.9212,-96.3247,67432,high (5-10 psi),0.0000,1.0000,0.3728,0.4853,0.4643,0.4467,0.5741,0.4585,0.5252,0.5140,0.4725,0.4244,0.7003,0.4516,0.6482,0.5364,0.6476,0.5588,0.6024,0.7131,0.7354,0.6087,0.6399,0.6972,0.7521,0.6672,0.7124,0.7182,0.7674,0.6009,0.5980,0.7239
40039,Custer Co.,Oklahoma,35.6819,-99.0039,29659,low (0.5-2 psi),0.0000,0.0000,0.1789,0.1174,0.0671,0.1739,0.0541,0.1424,0.0744,0.1078,0.0926,0.1280,0.0755,0.3142,0.0328,0.0473,0.1213,0.3287,0.1967,0.1311,0.3016,0.1278,0.2616,0.1656,0.1810,0.1464,0.4342,0.1498,0.3853,0.1223,0.1431,0.3161
40041,Delaware Co.,Oklahoma,36.3744,-94.8015,26914,no (<0.5 psi),0.0000,0.0000,0.2052,0.2989,0.1592,0.0868,0.1495,0.1324,0.1429,0.2506,0.1318,0.1413,0.1727,0.0640,0.3276,0.1486,0.2782,0.3428,0.3096,0.0833,0.2073,0.1150,0.1752,0.0543,0.1692,0.1027,0.1276,0.0732,0.1557,0.1279,0.1234,0.1064
40043,Dewey Co.,Oklahoma,35.9558,-99.0084,6200,no (<0.5 psi),0.0000,0.0000,0.0352,0.0272,0.0143,0.0102,0.0103,0.0296,0.0135,0.0217,0.0107,0.0115,0.0139,0.0122,0.0131,0.0075,0.0419,0.1102,0.0745,0.0240,0.0843,0.0213,0.1228,0.0268,0.0514,0.0210,0.0980,0.0243,0.0753,0.0219,0.0257,0.0722
40045,Ellis Co.,Oklahoma,36.2054,-99.7977,5598,low (0.5-2 psi),0.0000,0.0000,0.0315,0.0249,0.0161,0.0538,0.0152,0.0779,0.0150,0.0971,0.0101,0.0632,0.0141,0.1285,0.0173,0.0126,0.1881,0.1017,0.0720,0.0232,0.1186,0.0283,0.1141,0.0475,0.1359,0.0306,0.1595,0.0272,0.2664,0.0207,0.0422,0.2213
40047,Garfield Co.,Oklahoma,36.3140,-97.7823,64151,very high (>=10 psi),1.0000,1.0000,0.3445,0.2903,0.2951,0.3309,0.2185,0.3598,0.3336,0.2661,0.3668,0.3551,0.3436,0.5664,0.2594,0.4152,0.5994,0.4909,0.4007,0.4549,0.3642,0.4113,0.4774,0.5528,0.2619,0.5166,0.3457,0.5247,0.7523,0.5541,0.4567,0.6829
40053,Grant Co.,Oklahoma,36.7679,-97.7856,6617,low (0.5-2 psi),0.0000,0.0000,0.0378,0.0504,0.0136,0.0112,0.0147,0.0109,0.0151,0.0194,0.0209,0.0102,0.0159,0.0153,0.0114,0.0124,0.0242,0.1159,0.1872,0.0724,0.0982,0.0784,0.1350,0.1186,0.0780,0.0898,0.0829,0.1268,0.0919,0.1108,0.0632,0.1253
40055,Greer Co.,Oklahoma,34.9203,-99.5141,7097,low (0.5-2 psi),0.0000,0.0000,0.0409,0.0142,0.0120,0.0177,0.0155,0.0848,0.0122,0.0132,0.0127,0.0111,0.0115,0.0308,0.0150,0.0084,0.0259,0.1223,0.0540,0.0314,0.0527,0.0227,0.0722,0.0364,0.0501,0.0339,0.0403,0.0236,0.0838,0.0429,0.0308,0.1085
40057,Harmon Co.,Oklahoma,34.8126,-99.8598,4286,no (<0.5 psi),0.0000,0.0000,0.0234,0.0080,0.0067,0.0518,0.0072,0.1001,0.0069,0.0184,0.0052,0.0825,0.0076,0.0210,0.0088,0.0071,0.0184,0.0822,0.0256,0.0167,0.0642,0.0198,0.0690,0.0275,0.0868,0.0169,0.0752,0.0186,0.0675,0.0197,0.0172,0.1389
40059,Harper Co.,Oklahoma,36.7073,-99.6486,4654,low (0.5-2 psi),0.0000,0.0000,0.0256,0.0314,0.0145,0.0611,0.0128,0.0865,0.0151,0.0942,0.0147,0.0645,0.0120,0.0832,0.0159,0.0247,0.0827,0.0878,0.0742,0.0245,0.1347,0.0212,0.0845,0.0290,0.1662,0.0190,0.1853,0.0210,0.2050,0.0252,0.0331,0.2056
40061,Haskell Co.,Oklahoma,35.2321,-95.1323,11445,no (<0.5 psi),0.0000,0.0000,0.1062,0.1789,0.0312,0.1634,0.0506,0.0892,0.0202,0.0805,0.0178,0.0723,0.0433,0.0331,0.0494,0.0602,0.0287,0.1858,0.2212,0.0797,0.2754,0.0780,0.2327,0.0565,0.1104,0.0614,0.2200,0.0780,0.1167,0.0917,0.1213,0.0790
40065,Jackson Co.,Oklahoma,34.6009,-99.3752,31313,very high (>=10 psi),1.0000,1.0000,0.1882,0.9207,0.5589,0.0823,0.4170,0.1639,0.5090,0.0275,0.5192,0.0613,0.3282,0.1298,0.5657,0.5181,0.0604,0.3393,0.7275,0.4906,0.1483,0.4760,0.1819,0.4955,0.0972,0.6111,0.1442,0.4749,0.2151,0.5409,0.4829,0.2202
40067,Jefferson Co.,Oklahoma,34.0666,-97.8386,7956,low (0.5-2 psi),0.0000,0.0000,0.0463,0.0188,0.0146,0.0402,0.0177,0.0887,0.0120,0.0154,0.0103,0.0449,0.0207,0.0317,0.0103,0.0126,0.0263,0.1335,0.0626,0.0337,0.0505,0.0369,0.0877,0.0386,0.0691,0.0351,0.0404,0.0477,0.0537,0.0364,0.0555,0.0886
40071,Kay Co.,Oklahoma,36.8903,-97.1064,51627,medium (2-5 psi),0.0000,1.0000,0.3181,0.8849,0.5879,0.1366,0.5684,0.3135,0.6134,0.1291,0.6096,0.1109,0.6573,0.3626,0.7090,0.7475,0.4657,0.4946,0.7915,0.5961,0.1154,0.5591,0.2465,0.6352,0.1855,0.6379,0.1031,0.6410,0.5499,0.4484,0.4205,0.5714
40073,Kingfisher Co.,Oklahoma,35.9453,-97.9415,15755,no (<0.5 psi),0.0000,0.0000,0.0957,0.0712,0.0314,0.2041,0.0346,0.1847,0.0256,0.0935,0.0348,0.1394,0.0338,0.1426,0.0269,0.0422,0.0491,0.2193,0.1626,0.1710,0.1719,0.2050,0.4141,0.1807,0.1768,0.2041,0.1721,0.2517,0.2857,0.1896,0.0971,0.3473
40075,Kiowa Co.,Oklahoma,34.8588,-98.8992,12497,low (0.5-2 psi),0.0000,0.0000,0.0751,0.0168,0.0149,0.0337,0.0176,0.0958,0.0193,0.0209,0.0243,0.0333,0.0198,0.1172,0.0222,0.0148,0.0420,0.1864,0.0763,0.0579,0.0843,0.0554,0.1396,0.0625,0.0507,0.0801,0.0831,0.0592,0.2485,0.0884,0.0644,0.1480
40077,Latimer Co.,Oklahoma,34.8985,-95.2525,9962,no (<0.5 psi),0.0000,0.0000,0.0948,0.0990,0.0224,0.0394,0.0185,0.0275,0.0174,0.0313,0.0212,0.0346,0.0335,0.0298,0.0242,0.0358,0.0364,0.1704,0.1852,0.0278,0.0860,0.0254,0.0808,0.0205,0.0556,0.0281,0.0578,0.0186,0.0381,0.0331,0.0402,0.0512
40079,Le Flore Co.,Oklahoma,35.0002,-94.6865,41819,no (<0.5 psi),0.0000,0.0000,0.2781,0.5767,0.2929,0.1059,0.1940,0.1709,0.2332,0.0898,0.2832,0.1623,0.2219,0.1488,0.3596,0.2892,0.2734,0.4269,0.5986,0.1734,0.2223,0.2549,0.2121,0.2136,0.2152,0.1420,0.2483,0.1575,0.2086,0.2854,0.2469,0.1860
40081,Lincoln Co.,Oklahoma,35.6725,-96.8805,30411,very high (>=10 psi),1.0000,1.0000,0.1831,0.0835,0.0347,0.0846,0.0361,0.2560,0.0272,0.1226,0.0254,0.0978,0.0293,0.0863,0.0547,0.0523,0.0611,0.3335,0.2353,0.1958,0.3383,0.2193,0.5704,0.1928,0.2870,0.1789,0.3079,0.2574,0.2218,0.2024,0.3294,0.3256
40083,Logan Co.,Oklahoma,35.9432,-97.4354,30989,low (0.5-2 psi),0.0000,0.0000,0.1864,0.1105,0.0591,0.1463,0.0468,0.3107,0.0487,0.1019,0.0635,0.1037,0.0458,0.1571,0.1034,0.0992,0.0787,0.3372,0.2848,0.3333,0.3201,0.2629,0.3826,0.3451,0.1920,0.2379,0.2928,0.3295,0.3070,0.2774,0.2808,0.3192
40087,McClain Co.,Oklahoma,35.1010,-97.5366,24045,medium (2-5 psi),0.0000,1.0000,0.1464,0.0528,0.0773,0.1906,0.0640,0.2383,0.0476,0.0547,0.0702,0.1588,0.0639,0.1887,0.0706,0.0792,0.1147,0.2893,0.1392,0.4803,0.2505,0.2820,0.4621,0.2939,0.1191,0.4063,0.2234,0.4259,0.3461,0.2274,0.2240,0.4997
40091,McIntosh Co.,Oklahoma,35.3520,-95.6628,17128,low (0.5-2 psi),0.0000,0.0000,0.1463,0.1270,0.0526,0.0577,0.0405,0.0458,0.0977,0.0835,0.0389,0.0365,0.0748,0.0373,0.0587,0.0949,0.0825,0.2520,0.1618,0.1742,0.2482,0.1209,0.2069,0.1877,0.1979,0.1232,0.3079,0.1846,0.2788,0.2140,0.2546,0.2143
40093,Major Co.,Oklahoma,36.3189,-98.5321,9174,low (0.5-2 psi),0.0000,0.0000,0.0540,0.0478,0.0164,0.0333,0.0126,0.0607,0.0239,0.0273,0.0350,0.0263,0.0314,0.0851,0.0122,0.0196,0.0754,0.1487,0.1052,0.0648,0.0930,0.0465,0.1389,0.0719,0.0568,0.0820,0.1000,0.0878,0.1534,0.0687,0.0507,0.1954
40097,Mayes Co.,Oklahoma,36.3829,-95.2204,34133,no (<0.5 psi),0.0000,0.0000,0.2427,0.4965,0.4593,0.3694,0.2638,0.5202,0.4044,0.5575,0.3877,0.4110,0.3466,0.2103,0.5797,0.4090,0.6141,0.3962,0.4226,0.2092,0.1820,0.0921,0.2517,0.1806,0.2484,0.1088,0.3169,0.1409,0.1345,0.2683,0.1552,0.2299
40101,Muskogee Co.,Oklahoma,35.5955,-95.4200,70264,very high (>=10 psi),1.0000,1.0000,0.3816,0.7377,0.9515,0.3820,0.5894,0.5424,0.9544,0.5083,0.9397,0.9177,0.7924,0.4467,0.9458,0.6752,0.9409,0.5686,0.6047,0.7897,0.3984,0.4260,0.4700,0.7876,0.5965,0.6998,0.8872,0.5200,0.5595,0.8323,0.4738,0.8099
40103,Noble Co.,Oklahoma,36.4201,-97.2464,11921,no (<0.5 psi),0.0000,0.0000,0.0715,0.1787,0.0945,0.0497,0.0280,0.1089,0.0868,0.0323,0.1217,0.1614,0.0376,0.0540,0.1450,0.0499,0.1830,0.1802,0.3575,0.1840,0.1383,0.1007,0.2081,0.1854,0.0904,0.1728,0.0956,0.1524,0.1125,0.1772,0.0880,0.1965
40105,Nowata Co.,Oklahoma,36.7696,-95.6205,11138,very high (>=10 psi),1.0000,1.0000,0.1039,0.1053,0.0273,0.0529,0.0550,0.0777,0.0229,0.0525,0.0257,0.0189,0.0321,0.0228,0.0266,0.0469,0.0652,0.1819,0.1468,0.0844,0.2097,0.0752,0.1640,0.0883,0.0993,0.0852,0.2554,0.0679,0.1598,0.0844,0.1172,0.0926
40107,Okfuskee Co.,Oklahoma,35.4656,-96.2642,11957,low (0.5-2 psi),0.0000,0.0000,0.0717,0.0590,0.0452,0.1225,0.0257,0.1920,0.0326,0.0660,0.0570,0.1197,0.0403,0.0878,0.0389,0.0478,0.0608,0.1806,0.1156,0.0874,0.2790,0.0948,0.3302,0.0684,0.1237,0.0705,0.1828,0.0840,0.1250,0.1183,0.1158,0.1331
40109,Oklahoma Co.,Oklahoma,35.5851,-97.4067,620966,very high (>=10 psi),1.0000,1.0000,0.8751,0.9990,0.9927,0.9862,0.9848,0.9857,0.9844,0.9735,0.9907,0.9883,0.9815,0.9734,0.9900,0.9774,0.9766,0.8763,0.9880,0.9869,0.9652,0.9782,0.9805,0.9781,0.9532,0.9858,0.9604,0.9809,0.9720,0.9832,0.9827,0.9706
40111,Okmulgee Co.,Oklahoma,35.5955,-95.9526,39285,very high (>=10 psi),1.0000,1.0000,0.2669,0.2604,0.1987,0.1400,0.2017,0.2975,0.2277,0.3705,0.1758,0.0958,0.4614,0.1608,0.3283,0.4765,0.4940,0.4291,0.2432,0.2415,0.3847,0.3172,0.4107,0.3064,0.4187,0.2123,0.3337,0.2721,0.3946,0.4095,0.5204,0.3210
40113,Osage Co.,Oklahoma,36.5790,-96.4465,42843,no (<0.5 psi),0.0000,0.0000,0.2825,0.5980,0.4279,0.4982,0.3419,0.4006,0.6079,0.5612,0.4083,0.3216,0.6169,0.4201,0.5858,0.6397,0.6196,0.4497,0.4623,0.7295,0.6755,0.6258,0.5913,0.7461,0.8236,0.4852,0.6516,0.6810,0.4976,0.7477,0.6626,0.4637
40115,Ottawa Co.,Oklahoma,36.8548,-94.8086,33147,low (0.5-2 psi),0.0000,0.0000,0.2378,0.3255,0.1413,0.2664,0.2487,0.3119,0.2095,0.1541,0.1515,0.1856,0.2329,0.2010,0.1993,0.2682,0.2129,0.3894,0.3498,0.1122,0.1521,0.1114,0.2465,0.1074,0.1959,0.1144,0.1248,0.1031,0.1668,0.1245,0.0978,0.2069
40117,Pawnee Co.,Oklahoma,36.3617,-96.7794,16602,low (0.5-2 psi),0.0000,0.0000,0.1428,0.2436,0.0997,0.0947,0.2268,0.1785,0.1457,0.1612,0.1140,0.0627,0.2409,0.0952,0.1667,0.2380,0.1868,0.2464,0.2541,0.3258,0.2434,0.3995,0.2943,0.3696,0.3665,0.2417,0.2893,0.4079,0.2252,0.3246,0.3338,0.2339
40119,Payne Co.,Oklahoma,36.1087,-96.9878,64394,very high (>=10 psi),1.0000,1.0000,0.3454,0.3716,0.2724,0.0860,0.1475,0.2950,0.2810,0.0742,0.3145,0.0900,0.2220,0.2701,0.2136,0.2573,0.5166,0.4917,0.4395,0.4386,0.1907,0.4078,0.4303,0.5207,0.1668,0.3981,0.1930,0.4335,0.4702,0.4733,0.3907,0.5886
40125,Pottawatomie Co.,Oklahoma,35.1705,-96.9587,62567,low (0.5-2 psi),0.0000,0.0000,0.3381,0.1426,0.2080,0.4039,0.2710,0.3400,0.1673,0.3810,0.1406,0.2336,0.2910,0.3153,0.2371,0.3048,0.3192,0.4854,0.2103,0.3868,0.4197,0.3249,0.4697,0.3295,0.4535,0.3561,0.3990,0.4827,0.5168,0.2506,0.4692,0.6974
40129,Roger Mills Co.,Oklahoma,35.7156,-99.6880,5168,low (0.5-2 psi),0.0000,0.0000,0.0410,0.0225,0.0150,0.0472,0.0144,0.0362,0.0137,0.0507,0.0100,0.0559,0.0131,0.0595,0.0161,0.0128,0.1250,0.0957,0.0635,0.0450,0.0459,0.0619,0.0668,0.0493,0.0707,0.0439,0.0416,0.0383,0.0503,0.0437,0.0587,0.0739
40131,Rogers Co.,Oklahoma,36.3251,-95.6236,54878,very high (>=10 psi),1.0000,1.0000,0.3302,0.7307,0.7258,0.5887,0.4553,0.6479,0.7210,0.5699,0.7816,0.7832,0.5284,0.3017,0.8480,0.5610,0.6163,0.5094,0.7718,0.5616,0.7656,0.3225,0.6975,0.6133,0.6992,0.4740,0.7990,0.4537,0.6687,0.6487,0.4998,0.6222
40133,Seminole Co.,Oklahoma,35.2029,-96.6084,28577,very high (>=10 psi),1.0000,1.0000,0.1727,0.1050,0.1480,0.1506,0.0531,0.3345,0.1322,0.1003,0.1879,0.3020,0.0493,0.0907,0.1677,0.1210,0.3183,0.3215,0.1547,0.1473,0.2177,0.1470,0.4106,0.1189,0.1659,0.1489,0.3462,0.0983,0.1551,0.1310,0.2352,0.2430
40135,Sequoyah Co.,Oklahoma,35.4632,-94.7501,33191,no (<0.5 psi),0.0000,0.0000,0.2380,0.5566,0.3214,0.3818,0.5114,0.3347,0.3244,0.4053,0.2368,0.3548,0.4506,0.2355,0.4804,0.4357,0.3665,0.3897,0.4324,0.1281,0.2521,0.2278,0.1491,0.1107,0.1434,0.1570,0.2324,0.1576,0.0948,0.1780,0.1954,0.1124
40139,Texas Co.,Oklahoma,36.6743,-101.4927,18404,medium (2-5 psi),0.0000,1.0000,0.1399,0.1088,0.0910,0.1137,0.0694,0.0661,0.0801,0.2606,0.0421,0.1379,0.0907,0.3798,0.0609,0.0651,0.2740,0.2654,0.1728,0.1749,0.1269,0.2131,0.1033,0.1351,0.3656,0.1188,0.1602,0.1928,0.1032,0.1949,0.1618,0.2773
40141,Tillman Co.,Oklahoma,34.3834,-98.9380,11405,low (0.5-2 psi),0.0000,0.0000,0.0682,0.0175,0.0254,0.0423,0.0194,0.1392,0.0189,0.0237,0.0218,0.0404,0.0190,0.1653,0.0288,0.0219,0.0771,0.1745,0.0685,0.0305,0.0345,0.0279,0.0913,0.0303,0.0492,0.0429,0.0363,0.0298,0.0923,0.0361,0.0225,0.1420
40143,Tulsa Co.,Oklahoma,36.1182,-96.0294,504424,very high (>=10 psi),1.0000,1.0000,0.7869,0.9807,0.9732,0.9588,0.9706,0.9690,0.9757,0.9666,0.9757,0.9432,0.9657,0.9740,0.9752,0.9724,0.9843,0.8985,0.9656,0.9656,0.9708,0.9568,0.9738,0.9767,0.9697,0.9613,0.9696,0.9718,0.9795,0.9456,0.9557,0.9780
40145,Wagoner Co.,Oklahoma,35.9571,-95.5179,47739,very high (>=10 psi),1.0000,1.0000,0.3029,0.3265,0.2735,0.6528,0.4673,0.6043,0.3136,0.3827,0.3160,0.6080,0.5205,0.3326,0.3566,0.5625,0.3560,0.4757,0.4666,0.3882,0.8068,0.6001,0.7103,0.4341,0.7109,0.3706,0.7774,0.5798,0.5182,0.4762,0.5303,0.4446
40147,Washington Co.,Oklahoma,36.7696,-95.9051,52910,low (0.5-2 psi),0.0000,0.0000,0.3229,0.4478,0.4412,0.3357,0.4307,0.3877,0.5545,0.4713,0.3986,0.4165,0.5654,0.5559,0.5128,0.5232,0.5205,0.5005,0.3830,0.4877,0.3305,0.4511,0.4097,0.5916,0.6665,0.3034,0.4273,0.5325,0.5435,0.5616,0.4537,0.5800
40149,Washita Co.,Oklahoma,35.3416,-98.9936,14120,very high (>=10 psi),1.0000,1.0000,0.0854,0.0315,0.0115,0.0424,0.0132,0.0855,0.0169,0.0234,0.0182,0.0307,0.0123,0.0776,0.0079,0.0113,0.0534,0.2032,0.0908,0.0305,0.0425,0.0267,0.0598,0.0237,0.0311,0.0276,0.0478,0.0233,0.1500,0.0186,0.0180,0.1345
40151,Woods Co.,Oklahoma,36.7050,-98.7961,10388,no (<0.5 psi),0.0000,0.0000,0.0617,0.0951,0.0412,0.0789,0.0347,0.1238,0.0426,0.0992,0.0657,0.0882,0.0522,0.1597,0.0424,0.0430,0.2747,0.1630,0.2046,0.0774,0.0401,0.0670,0.0776,0.0828,0.1052,0.0963,0.0559,0.0668,0.1358,0.0752,0.0813,0.3743
40153,Woodward Co.,Oklahoma,36.3768,-99.2825,22260,very high (>=10 psi),1.0000,1.0000,0.1357,0.2995,0.1380,0.2453,0.0914,0.2640,0.0985,0.1765,0.1110,0.2177,0.0949,0.1361,0.1260,0.0805,0.2721,0.2756,0.3242,0.1198,0.2806,0.1266,0.3143,0.1456,0.3191,0.1526,0.1690,0.1109,0.3142,0.1772,0.1505,0.3160
41003,Benton Co.,Oregon,44.4955,-123.4039,67275,no (<0.5 psi),0.0000,0.0000,0.3723,0.1259,0.3414,0.3882,0.2928,0.2696,0.3515,0.3310,0.4852,0.3814,0.3825,0.3383,0.2322,0.3416,0.2978,0.5331,0.3584,0.5651,0.4010,0.5111,0.3750,0.5891,0.3526,0.4993,0.4110,0.5424,0.5198,0.4068,0.4517,0.4413
41013,Crook Co.,Oregon,44.0476,-120.3209,13137,no (<0.5 psi),0.0000,0.0000,0.1187,0.0511,0.0276,0.5082,0.0416,0.1413,0.0201,0.0667,0.0279,0.4898,0.0236,0.2580,0.0288,0.0432,0.0320,0.2084,0.1837,0.2947,0.3282,0.3221,0.1784,0.3978,0.2387,0.3222,0.2561,0.2773,0.2617,0.2431,0.1575,0.2035
41017,Deschutes Co.,Oregon,44.0050,-121.4044,64959,no (<0.5 psi),0.0000,0.0000,0.3649,0.2255,0.4409,0.7592,0.3042,0.4405,0.4439,0.4721,0.3948,0.7574,0.3160,0.6808,0.4761,0.5790,0.3354,0.5253,0.4845,0.6540,0.8027,0.6721,0.7647,0.6692,0.8223,0.6824,0.7545,0.6642,0.6624,0.6493,0.7094,0.7842
41025,Harney Co.,Oregon,43.0482,-119.0793,7209,no (<0.5 psi),0.0000,0.0000,0.0586,0.0534,0.0313,0.1093,0.0462,0.0445,0.0293,0.0307,0.0215,0.0956,0.0379,0.0785,0.0261,0.0357,0.0259,0.1274,0.0799,0.0849,0.1426,0.0779,0.0620,0.0784,0.0406,0.0586,0.1219,0.0817,0.1366,0.0997,0.1191,0.0408
41037,Lake Co.,Oregon,42.8332,-120.6456,7608,no (<0.5 psi),0.0000,0.0000,0.0618,0.0306,0.0260,0.0762,0.0278,0.0451,0.0250,0.0356,0.0178,0.0734,0.0324,0.0211,0.0423,0.0456,0.0319,0.1333,0.0818,0.0736,0.1201,0.0516,0.0693,0.0586,0.0471,0.0377,0.0951,0.0607,0.0315,0.1056,0.0529,0.0467
41039,Lane Co.,Oregon,43.8646,-122.7469,267051,no (<0.5 psi),0.0000,0.0000,0.6746,0.7204,0.8107,0.6299,0.7769,0.5779,0.7562,0.5852,0.8743,0.7367,0.8057,0.9063,0.5094,0.7207,0.7724,0.7976,0.8575,0.8738,0.8963,0.8902,0.8666,0.9036,0.8930,0.9112,0.8746,0.8941,0.9177,0.7743,0.7914,0.8375
41041,Lincoln Co.,Oregon,44.6648,-123.8306,35979,low (0.5-2 psi),0.0000,0.0000,0.2516,0.1058,0.2113,0.1549,0.1794,0.1546,0.3139,0.1939,0.1533,0.1772,0.1888,0.0842,0.3048,0.2153,0.2068,0.3942,0.2918,0.4405,0.1989,0.2747,0.3041,0.3633,0.2534,0.3068,0.1653,0.3021,0.1541,0.4272,0.4180,0.2901
41043,Linn Co.,Oregon,44.4965,-122.5247,88019,low (0.5-2 psi),0.0000,0.0000,0.4309,0.2567,0.2166,0.3445,0.1768,0.3309,0.1684,0.1447,0.3864,0.2968,0.2003,0.4512,0.1720,0.3244,0.1732,0.5925,0.5091,0.5021,0.4563,0.4235,0.4602,0.5305,0.3803,0.6192,0.3142,0.5459,0.5844,0.3390,0.4198,0.3656
41045,Malheur Co.,Oregon,43.1320,-117.6265,27878,no (<0.5 psi),0.0000,0.0000,0.1991,0.0696,0.1805,0.2333,0.1733,0.0943,0.1871,0.1641,0.2129,0.2115,0.1648,0.1304,0.2293,0.2983,0.1167,0.3168,0.1315,0.1776,0.3289,0.2383,0.2184,0.1299,0.2348,0.1566,0.2895,0.1435,0.0996,0.2301,0.3350,0.1289
41047,Marion Co.,Oregon,44.9838,-122.8037,213019,very high (>=10 psi),1.0000,1.0000,0.6281,0.6004,0.8466,0.3783,0.7866,0.8203,0.6503,0.5289,0.8259,0.3456,0.8699,0.6746,0.7561,0.4895,0.8867,0.7628,0.8029,0.9445,0.7576,0.8829,0.8642,0.9378,0.9222,0.9501,0.7297,0.9185,0.9022,0.8997,0.7952,0.9357
41053,Polk Co.,Oregon,44.8990,-123.4263,45231,high (5-10 psi),0.0000,1.0000,0.2926,0.0632,0.0709,0.1435,0.1147,0.1845,0.1160,0.0994,0.1824,0.0966,0.0956,0.2354,0.0328,0.1669,0.0901,0.4443,0.2926,0.5083,0.2651,0.4810,0.3953,0.3522,0.1709,0.5042,0.2821,0.4064,0.4846,0.2918,0.4478,0.3406
41057,Tillamook Co.,Oregon,45.4128,-123.7122,21022,very high (>=10 psi),1.0000,1.0000,0.1711,0.0458,0.0446,0.2008,0.1053,0.0704,0.0458,0.0869,0.0617,0.1456,0.0361,0.0969,0.0378,0.1325,0.0541,0.2865,0.1705,0.1630,0.2667,0.2329,0.2034,0.1820,0.2095,0.1715,0.2746,0.1147,0.2183,0.3170,0.3159,0.1260
41059,Umatilla Co.,Oregon,45.4936,-118.6302,60024,very high (>=10 psi),1.0000,1.0000,0.3604,0.2193,0.1478,0.8311,0.2048,0.4996,0.2126,0.4707,0.2853,0.8067,0.1764,0.4998,0.2169,0.3053,0.3188,0.5090,0.3806,0.2659,0.6371,0.1739,0.4398,0.3290,0.3674,0.3507,0.6334,0.2295,0.4655,0.3965,0.2432,0.3812
41061,Union Co.,Oregon,45.3966,-118.0450,24131,no (<0.5 psi),0.0000,0.0000,0.1778,0.1010,0.0851,0.1936,0.0880,0.0519,0.1312,0.1193,0.1662,0.1318,0.0711,0.1232,0.0663,0.1052,0.1076,0.2968,0.2055,0.0695,0.2201,0.0804,0.1307,0.0788,0.1549,0.0995,0.2077,0.0868,0.1942,0.0981,0.0819,0.1360
41063,Wallowa Co.,Oregon,45.5418,-117.1265,7323,no (<0.5 psi),0.0000,0.0000,0.0581,0.0775,0.0198,0.0558,0.0080,0.0324,0.0236,0.0514,0.0112,0.0824,0.0114,0.0241,0.0137,0.0117,0.0271,0.1152,0.0657,0.0358,0.2243,0.0274,0.0615,0.0558,0.0850,0.0209,0.1408,0.0438,0.0501,0.0701,0.0294,0.0329
41071,Yamhill Co.,Oregon,45.2556,-123.2310,58837,low (0.5-2 psi),0.0000,0.0000,0.3444,0.0686,0.1793,0.3093,0.1757,0.2739,0.2973,0.2068,0.2428,0.1742,0.3153,0.4603,0.0944,0.3140,0.2727,0.5031,0.3403,0.5168,0.3250,0.4724,0.3075,0.5706,0.3153,0.5973,0.2574,0.5342,0.4651,0.3934,0.4401,0.4784
42003,Allegheny Co.,Pennsylvania,40.4520,-80.0171,1380315,very high (>=10 psi),1.0000,1.0000,0.9458,0.9826,0.9709,0.9113,0.9660,0.9391,0.9733,0.9242,0.9709,0.9359,0.9665,0.9753,0.9590,0.9326,0.9730,0.9370,0.9700,0.9860,0.9826,0.9873,0.9785,0.9881,0.9766,0.9869,0.9853,0.9906,0.9900,0.9831,0.9826,0.9875
42005,Armstrong Co.,Pennsylvania,40.8525,-79.4537,76507,very high (>=10 psi),1.0000,1.0000,0.4111,0.3975,0.8216,0.1399,0.7553,0.2890,0.7402,0.0713,0.8529,0.6336,0.7205,0.4482,0.7708,0.4642,0.7240,0.5683,0.5395,0.9519,0.5412,0.9198,0.6638,0.9629,0.4703,0.9652,0.7998,0.8669,0.7898,0.9628,0.8202,0.9443
42007,Beaver Co.,Pennsylvania,40.6566,-80.3335,192077,very high (>=10 psi),1.0000,1.0000,0.6416,0.5906,0.9090,0.4868,0.8478,0.6316,0.8711,0.5624,0.8808,0.7661,0.8832,0.7081,0.8241,0.5983,0.7541,0.7655,0.7867,0.9797,0.9685,0.9804,0.9331,0.9820,0.9589,0.9823,0.9462,0.9724,0.9662,0.9780,0.9681,0.9557
42009,Bedford Co.,Pennsylvania,40.0294,-78.4836,47044,low (0.5-2 psi),0.0000,0.0000,0.2695,0.1221,0.3168,0.1629,0.2808,0.2314,0.2248,0.0969,0.1892,0.1432,0.3035,0.1904,0.1151,0.1593,0.1917,0.4382,0.3515,0.2574,0.3174,0.3550,0.5233,0.2895,0.3330,0.3447,0.2801,0.4345,0.2603,0.3556,0.3489,0.3445
42013,Blair Co.,Pennsylvania,40.4940,-78.3485,132253,low (0.5-2 psi),0.0000,0.0000,0.5499,0.4869,0.5628,0.6764,0.6064,0.7301,0.6141,0.5814,0.5771,0.7550,0.5492,0.7102,0.5312,0.6127,0.5778,0.6931,0.6431,0.7946,0.8529,0.8668,0.8681,0.7954,0.7791,0.8154,0.7977,0.8311,0.8633,0.8811,0.8930,0.7954
42015,Bradford Co.,Pennsylvania,41.7292,-76.5067,61719,no (<0.5 psi),0.0000,0.0000,0.3672,0.2108,0.0561,0.3484,0.0793,0.3768,0.0490,0.2226,0.0294,0.4203,0.0619,0.1750,0.0429,0.0644,0.1915,0.4971,0.3113,0.1193,0.6379,0.1295,0.6064,0.1075,0.4076,0.1253,0.5892,0.1565,0.2492,0.1329,0.0856,0.2286
42019,Butler Co.,Pennsylvania,40.9278,-79.9269,147920,very high (>=10 psi),1.0000,1.0000,0.5781,0.3268,0.3640,0.4629,0.5079,0.4268,0.3481,0.3680,0.4766,0.4692,0.3189,0.2649,0.4619,0.4985,0.2411,0.7161,0.5066,0.8961,0.7232,0.9296,0.7824,0.9121,0.7292,0.9315,0.7565,0.8764,0.8183,0.9114,0.9167,0.8342
42021,Cambria Co.,Pennsylvania,40.4817,-78.7335,172797,low (0.5-2 psi),0.0000,0.0000,0.6163,0.5905,0.6350,0.6884,0.5873,0.6719,0.6913,0.5981,0.5971,0.6440,0.5766,0.7497,0.4908,0.6315,0.6142,0.7462,0.7198,0.8685,0.8370,0.8773,0.8678,0.8613,0.7996,0.8493,0.8041,0.9054,0.8662,0.9042,0.8990,0.8132
42023,Cameron Co.,Pennsylvania,41.4398,-78.2047,6320,no (<0.5 psi),0.0000,0.0000,0.0502,0.0339,0.0113,0.0120,0.0251,0.0193,0.0129,0.0233,0.0167,0.0101,0.0177,0.0108,0.0074,0.0178,0.0161,0.1192,0.0929,0.0288,0.0364,0.0271,0.0502,0.0277,0.0518,0.0193,0.0328,0.0294,0.0168,0.0333,0.0216,0.0456
42025,Carbon Co.,Pennsylvania,40.9294,-75.7539,53741,very high (>=10 psi),1.0000,1.0000,0.3341,0.2008,0.0937,0.1246,0.1884,0.2476,0.1300,0.4516,0.0705,0.1493,0.1163,0.0837,0.0764,0.2023,0.1101,0.4669,0.4930,0.3142,0.3285,0.4027,0.5980,0.2299,0.4893,0.3296,0.2736,0.3180,0.2340,0.2952,0.4150,0.4311
42027,Centre Co.,Pennsylvania,40.9709,-77.8035,116567,very high (>=10 psi),1.0000,1.0000,0.5310,0.4115,0.2200,0.5358,0.3535,0.4696,0.2080,0.5845,0.1603,0.5334,0.2747,0.4251,0.1969,0.3678,0.3103,0.6325,0.5306,0.4001,0.5190,0.3734,0.5685,0.3490,0.6372,0.3039,0.4879,0.4978,0.4925,0.4166,0.4615,0.5161
42031,Clarion Co.,Pennsylvania,41.2082,-79.4350,42867,very high (>=10 psi),1.0000,1.0000,0.2785,0.1629,0.2685,0.1439,0.2700,0.2348,0.1841,0.1197,0.2831,0.1011,0.3357,0.1976,0.2658,0.3341,0.1040,0.4265,0.2766,0.3002,0.3890,0.6395,0.3708,0.2834,0.2228,0.3793,0.3292,0.4151,0.1710,0.5510,0.5759,0.2120
42033,Clearfield Co.,Pennsylvania,40.9888,-78.4448,81610,low (0.5-2 psi),0.0000,0.0000,0.4377,0.5869,0.4346,0.4730,0.2671,0.5521,0.3931,0.5495,0.3177,0.3323,0.3567,0.6711,0.3688,0.2642,0.3551,0.5577,0.5908,0.4607,0.7475,0.3330,0.8047,0.4260,0.7692,0.4912,0.4301,0.4455,0.6451,0.5548,0.4617,0.5503
42035,Clinton Co.,Pennsylvania,41.2204,-77.6248,37351,low (0.5-2 psi),0.0000,0.0000,0.2550,0.2347,0.0826,0.1054,0.0731,0.1503,0.0747,0.1427,0.0729,0.1205,0.0697,0.0727,0.0670,0.0639,0.0682,0.3894,0.3784,0.4271,0.2031,0.3428,0.5252,0.3014,0.4011,0.3504,0.2551,0.3564,0.1331,0.4910,0.4104,0.3079
42037,Columbia Co.,Pennsylvania,41.0424,-76.3978,61531,very high (>=10 psi),1.0000,1.0000,0.3664,0.2884,0.4776,0.1493,0.0799,0.2457,0.3724,0.2161,0.4636,0.4221,0.1375,0.1886,0.4278,0.1103,0.5515,0.4964,0.5255,0.7366,0.3581,0.3484,0.6349,0.6986,0.4156,0.7628,0.9201,0.2315,0.2984,0.8356,0.2847,0.7901
42039,Crawford Co.,Pennsylvania,41.7366,-80.0661,88674,no (<0.5 psi),0.0000,0.0000,0.4481,0.2103,0.2465,0.0941,0.2001,0.1072,0.1338,0.1362,0.3081,0.1055,0.1708,0.2367,0.1717,0.1665,0.1329,0.6036,0.3944,0.5998,0.3967,0.6307,0.4144,0.6135,0.4483,0.6654,0.4251,0.6644,0.4686,0.6245,0.5761,0.4380
42047,Elk Co.,Pennsylvania,41.4140,-78.7571,36835,no (<0.5 psi),0.0000,0.0000,0.2522,0.2021,0.2908,0.2678,0.2881,0.2714,0.2862,0.4299,0.1968,0.3712,0.2822,0.1692,0.2081,0.2017,0.2684,0.3865,0.2965,0.2517,0.1963,0.2880,0.2654,0.2407,0.3112,0.1981,0.1782,0.2922,0.1234,0.2969,0.2658,0.3012
42049,Erie Co.,Pennsylvania,42.0688,-80.0062,277584,very high (>=10 psi),1.0000,1.0000,0.7229,0.5470,0.6097,0.7470,0.6245,0.8339,0.6055,0.7089,0.7551,0.7184,0.5220,0.8197,0.6217,0.6636,0.5936,0.8243,0.6684,0.8954,0.7227,0.8646,0.8431,0.9127,0.8490,0.9181,0.6778,0.9003,0.8874,0.8907,0.8409,0.8907
42051,Fayette Co.,Pennsylvania,39.9324,-79.6543,153832,very high (>=10 psi),1.0000,1.0000,0.5878,0.3611,0.4740,0.4902,0.5398,0.6625,0.4592,0.3246,0.5460,0.4402,0.4376,0.5128,0.4731,0.7176,0.4272,0.6868,0.5212,0.7809,0.7024,0.8139,0.8002,0.6350,0.6103,0.7995,0.5996,0.8363,0.6882,0.7807,0.8615,0.6923
42053,Forest Co.,Pennsylvania,41.5445,-79.2350,4829,no (<0.5 psi),0.0000,0.0000,0.0383,0.0217,0.0200,0.0173,0.0364,0.0232,0.0244,0.0178,0.0270,0.0167,0.0308,0.0215,0.0215,0.0174,0.0185,0.0967,0.0891,0.1095,0.1642,0.1129,0.0683,0.1396,0.1925,0.1099,0.1110,0.1337,0.1297,0.1322,0.0738,0.1606
42055,Franklin Co.,Pennsylvania,40.0043,-77.7068,116882,very high (>=10 psi),1.0000,1.0000,0.5103,0.3278,0.4865,0.2456,0.4752,0.3473,0.4083,0.1608,0.4324,0.2838,0.4991,0.5023,0.3247,0.3987,0.4448,0.6331,0.6207,0.4836,0.5081,0.5660,0.6055,0.5037,0.5249,0.5415,0.3898,0.5608,0.5670,0.4843,0.5357,0.6595
42057,Fulton Co.,Pennsylvania,39.9425,-78.0937,13343,low (0.5-2 psi),0.0000,0.0000,0.0805,0.0303,0.0322,0.0392,0.0358,0.0275,0.0278,0.0222,0.0282,0.0220,0.0265,0.0258,0.0300,0.0290,0.0185,0.2062,0.1953,0.1409,0.2026,0.3071,0.1884,0.2107,0.2220,0.2053,0.1366,0.1901,0.1425,0.1659,0.1080,0.1559
42059,Greene Co.,Pennsylvania,39.8727,-80.2217,41068,very high (>=10 psi),1.0000,1.0000,0.2400,0.1240,0.3230,0.2337,0.5464,0.3599,0.3965,0.2212,0.2812,0.1111,0.5502,0.2285,0.3167,0.6112,0.2069,0.4092,0.3135,0.3988,0.3447,0.6693,0.5075,0.3668,0.3348,0.4215,0.2520,0.6271,0.2405,0.5866,0.6463,0.2360
42061,Huntingdon Co.,Pennsylvania,40.4009,-78.0386,43425,low (0.5-2 psi),0.0000,0.0000,0.2519,0.1196,0.1898,0.0682,0.1999,0.3547,0.1544,0.0827,0.2429,0.1015,0.2088,0.0744,0.2068,0.2104,0.1411,0.4211,0.4095,0.3921,0.3101,0.3298,0.6161,0.3370,0.4326,0.4973,0.3136,0.4927,0.2817,0.4244,0.4245,0.5473
42063,Indiana Co.,Pennsylvania,40.6609,-79.0802,92099,very high (>=10 psi),1.0000,1.0000,0.4577,0.4565,0.6970,0.2231,0.4672,0.3696,0.7201,0.1109,0.8176,0.6348,0.2809,0.2648,0.7970,0.4351,0.5705,0.6125,0.6489,0.9032,0.6972,0.7742,0.8338,0.8825,0.6160,0.9227,0.7850,0.7550,0.5646,0.9455,0.7354,0.8982
42065,Jefferson Co.,Pennsylvania,41.1664,-78.9984,47617,very high (>=10 psi),1.0000,1.0000,0.3006,0.1742,0.2735,0.1566,0.3014,0.2471,0.2217,0.1019,0.3147,0.1487,0.3675,0.1120,0.2728,0.3903,0.1504,0.4520,0.2868,0.2054,0.3575,0.3173,0.3318,0.2374,0.3009,0.2099,0.3710,0.3096,0.0846,0.4507,0.4486,0.0996
42067,Juniata Co.,Pennsylvania,40.4841,-77.4942,19780,no (<0.5 psi),0.0000,0.0000,0.1492,0.0753,0.1171,0.0778,0.1757,0.2828,0.1145,0.1553,0.1210,0.0869,0.1425,0.1042,0.1173,0.1074,0.1942,0.2681,0.2435,0.5008,0.2372,0.3956,0.4585,0.5042,0.2700,0.4204,0.2265,0.4353,0.2683,0.3582,0.3544,0.5292
42069,Lackawanna Co.,Pennsylvania,41.4076,-75.6408,223267,very high (>=10 psi),1.0000,1.0000,0.6915,0.6306,0.3443,0.5961,0.5547,0.5919,0.3644,0.6390,0.4201,0.4634,0.4201,0.6182,0.3523,0.6064,0.4152,0.7521,0.7539,0.8904,0.9285,0.9122,0.9512,0.8636,0.9218,0.8344,0.9272,0.8506,0.9015,0.8408,0.8824,0.9206
42073,Lawrence Co.,Pennsylvania,40.9501,-80.3415,100582,medium (2-5 psi),0.0000,1.0000,0.4801,0.3474,0.7176,0.5732,0.5764,0.6144,0.6956,0.6963,0.5945,0.4203,0.7945,0.5771,0.6787,0.6437,0.5490,0.6330,0.5128,0.9475,0.8955,0.9295,0.7858,0.9284,0.9311,0.8867,0.7232,0.9333,0.9058,0.9194,0.9033,0.8764
42077,Lehigh Co.,Pennsylvania,40.6040,-75.5855,278011,very high (>=10 psi),1.0000,1.0000,0.7384,0.7024,0.8083,0.8809,0.7170,0.8132,0.8448,0.8352,0.8596,0.8837,0.7766,0.8926,0.6988,0.8124,0.8378,0.7861,0.7855,0.9261,0.9559,0.9005,0.9646,0.9110,0.9652,0.9080,0.9627,0.9259,0.9457,0.8755,0.8955,0.9634
42079,Luzerne Co.,Pennsylvania,41.1666,-75.9554,329198,medium (2-5 psi),0.0000,1.0000,0.7713,0.8514,0.9217,0.8023,0.6927,0.7506,0.9040,0.6774,0.9631,0.9531,0.5639,0.7805,0.9295,0.7794,0.9005,0.8098,0.8440,0.9797,0.9627,0.9451,0.9653,0.9734,0.9439,0.9794,0.9823,0.9212,0.9556,0.9756,0.9466,0.9849
42081,Lycoming Co.,Pennsylvania,41.3256,-77.0500,115787,very high (>=10 psi),1.0000,1.0000,0.5292,0.5207,0.2375,0.5759,0.3145,0.5310,0.1448,0.4804,0.1882,0.4113,0.2356,0.4294,0.1505,0.3183,0.2712,0.6312,0.5761,0.3681,0.8226,0.4132,0.8259,0.3361,0.7816,0.3949,0.8250,0.4476,0.5017,0.4235,0.4239,0.6267
42083,McKean Co.,Pennsylvania,41.7301,-78.5786,49392,very high (>=10 psi),1.0000,1.0000,0.3146,0.2889,0.3461,0.4884,0.3196,0.5700,0.2873,0.5417,0.2240,0.4598,0.3790,0.4003,0.2538,0.1567,0.4650,0.4487,0.3931,0.4062,0.6143,0.5170,0.7405,0.3479,0.6887,0.4940,0.6357,0.5263,0.6694,0.3940,0.3118,0.7117
42085,Mercer Co.,Pennsylvania,41.3261,-80.2597,123346,medium (2-5 psi),0.0000,1.0000,0.5322,0.2702,0.5605,0.6199,0.4980,0.5332,0.3818,0.4401,0.5028,0.5342,0.3828,0.5424,0.5166,0.4552,0.4014,0.6783,0.4391,0.8672,0.8662,0.8827,0.7914,0.8739,0.8095,0.8929,0.8566,0.8962,0.9112,0.8590,0.8800,0.8435
42087,Mifflin Co.,Pennsylvania,40.5955,-77.6513,46016,low (0.5-2 psi),0.0000,0.0000,0.2988,0.1833,0.1678,0.1671,0.2160,0.3832,0.1797,0.3966,0.1316,0.1214,0.2288,0.0897,0.1805,0.1807,0.1196,0.4334,0.3651,0.4565,0.6824,0.4900,0.7897,0.3990,0.6855,0.5206,0.6350,0.5328,0.2570,0.5490,0.6051,0.4284
42089,Monroe Co.,Pennsylvania,41.0291,-75.2946,75250,medium (2-5 psi),0.0000,1.0000,0.4168,0.3171,0.1969,0.2947,0.1832,0.4286,0.1590,0.4472,0.1999,0.2568,0.1298,0.2849,0.1378,0.2017,0.2362,0.5402,0.5182,0.2457,0.2723,0.1808,0.5421,0.1734,0.3433,0.3390,0.2262,0.2572,0.2059,0.2187,0.1484,0.4080
42093,Montour Co.,Pennsylvania,41.0277,-76.6633,17148,low (0.5-2 psi),0.0000,0.0000,0.1312,0.1600,0.6108,0.0920,0.0446,0.1775,0.6209,0.0993,0.6987,0.8285,0.0310,0.0800,0.6560,0.0369,0.7331,0.2443,0.2796,0.6266,0.2408,0.1108,0.4225,0.6501,0.2210,0.7637,0.8288,0.1149,0.1249,0.7452,0.1175,0.7723
42095,Northampton Co.,Pennsylvania,40.7567,-75.3954,230136,very high (>=10 psi),1.0000,1.0000,0.6983,0.6682,0.9260,0.5584,0.6569,0.6079,0.9300,0.6327,0.9581,0.9127,0.5507,0.7387,0.9189,0.6336,0.9467,0.7570,0.6891,0.9596,0.8901,0.8554,0.9359,0.9574,0.9264,0.9601,0.9583,0.9082,0.8880,0.9600,0.8463,0.9755
42097,Northumberland Co.,Pennsylvania,40.8883,-76.6856,98957,low (0.5-2 psi),0.0000,0.0000,0.4880,0.5040,0.4725,0.2660,0.1508,0.4282,0.3893,0.2119,0.5139,0.6399,0.1068,0.1628,0.4876,0.1480,0.4810,0.5987,0.6225,0.6291,0.4550,0.2393,0.6419,0.6892,0.6443,0.6822,0.9232,0.2102,0.2662,0.7563,0.1584,0.7511
42103,Pike Co.,Pennsylvania,41.3429,-75.0492,19706,no (<0.5 psi),0.0000,0.0000,0.1487,0.1048,0.0665,0.2582,0.0723,0.2031,0.0450,0.2309,0.0719,0.1860,0.0820,0.1246,0.0578,0.0799,0.1084,0.2674,0.2788,0.1714,0.4872,0.3187,0.5391,0.1629,0.4626,0.2581,0.4333,0.1743,0.3853,0.1684,0.2194,0.4581
42105,Potter Co.,Pennsylvania,41.8084,-77.9056,17455,no (<0.5 psi),0.0000,0.0000,0.1333,0.1654,0.1159,0.1034,0.1078,0.1238,0.0849,0.0873,0.1022,0.1018,0.1744,0.2342,0.0477,0.0247,0.1542,0.2472,0.3001,0.1332,0.1018,0.1246,0.1438,0.1290,0.1919,0.1682,0.1166,0.1820,0.1414,0.0902,0.0838,0.2058
42107,Schuylkill Co.,Pennsylvania,40.7204,-76.1602,155423,medium (2-5 psi),0.0000,1.0000,0.6050,0.4774,0.2870,0.6624,0.3287,0.7870,0.2340,0.5632,0.2380,0.4974,0.2367,0.5375,0.3414,0.3694,0.3948,0.6887,0.6192,0.6124,0.7812,0.6956,0.8683,0.4647,0.7710,0.5834,0.7500,0.5323,0.7005,0.6257,0.6407,0.7796
42109,Snyder Co.,Pennsylvania,40.7533,-77.1065,35645,no (<0.5 psi),0.0000,0.0000,0.2457,0.1233,0.1088,0.3154,0.2482,0.5101,0.0769,0.3119,0.0715,0.1324,0.1988,0.1034,0.1817,0.2220,0.1127,0.3797,0.3209,0.4292,0.4201,0.4394,0.6704,0.2918,0.5087,0.3265,0.2641,0.4823,0.2422,0.3868,0.2928,0.4940
42111,Somerset Co.,Pennsylvania,39.9704,-79.0539,80494,medium (2-5 psi),0.0000,1.0000,0.4051,0.2413,0.3244,0.2210,0.3578,0.5231,0.2515,0.1808,0.2940,0.1580,0.3286,0.0946,0.3360,0.4333,0.2193,0.5548,0.4797,0.4311,0.3239,0.4571,0.6020,0.4008,0.3981,0.4167,0.3364,0.5039,0.3258,0.4017,0.4820,0.2854
42113,Sullivan Co.,Pennsylvania,41.4582,-76.5097,6046,low (0.5-2 psi),0.0000,0.0000,0.0480,0.0202,0.0033,0.0133,0.0056,0.0210,0.0037,0.0087,0.0033,0.0145,0.0064,0.0081,0.0037,0.0106,0.0055,0.1152,0.0913,0.0308,0.1073,0.0561,0.1298,0.0219,0.1142,0.0285,0.0792,0.0324,0.0462,0.0533,0.0265,0.0557
42115,Susquehanna Co.,Pennsylvania,41.8249,-75.8025,38878,low (0.5-2 psi),0.0000,0.0000,0.2630,0.1584,0.0372,0.1210,0.0649,0.1431,0.0349,0.1297,0.0361,0.0931,0.0554,0.0745,0.0408,0.0613,0.0708,0.3977,0.4042,0.2171,0.2777,0.3549,0.3655,0.1859,0.3724,0.2568,0.2085,0.2778,0.2417,0.1905,0.2523,0.3474
42117,Tioga Co.,Pennsylvania,41.7014,-77.2454,40396,low (0.5-2 psi),0.0000,0.0000,0.2709,0.2940,0.1445,0.1313,0.1428,0.1985,0.1554,0.3477,0.0932,0.1673,0.2202,0.1396,0.1004,0.0698,0.3152,0.4058,0.4398,0.1902,0.2450,0.1485,0.3896,0.1809,0.3975,0.1566,0.3229,0.2241,0.2621,0.1798,0.1114,0.4088
42119,Union Co.,Pennsylvania,40.9823,-77.0451,34591,low (0.5-2 psi),0.0000,0.0000,0.2399,0.1493,0.0617,0.0980,0.1332,0.2920,0.0475,0.3013,0.0431,0.0947,0.1350,0.0982,0.0645,0.0895,0.0833,0.3736,0.3276,0.2210,0.2646,0.1800,0.4074,0.1168,0.2925,0.1586,0.2565,0.2722,0.1756,0.2570,0.1012,0.2529
42121,Venango Co.,Pennsylvania,41.4131,-79.7391,62714,very high (>=10 psi),1.0000,1.0000,0.3629,0.1851,0.5637,0.2804,0.4563,0.2094,0.3051,0.1280,0.5982,0.2803,0.5633,0.5920,0.1941,0.2831,0.3677,0.5198,0.3614,0.8205,0.6002,0.8910,0.5013,0.8133,0.4780,0.7771,0.5075,0.8592,0.8322,0.5841,0.7095,0.7066
42123,Warren Co.,Pennsylvania,41.7290,-79.2826,46633,very high (>=10 psi),1.0000,1.0000,0.3017,0.4450,0.5129,0.3862,0.6840,0.4899,0.3829,0.5431,0.4944,0.2823,0.5468,0.5515,0.4691,0.2166,0.6591,0.4363,0.4851,0.7501,0.7530,0.6873,0.7171,0.7781,0.7815,0.7873,0.6710,0.8088,0.7670,0.6403,0.4732,0.8443
42125,Washington Co.,Pennsylvania,40.2190,-80.2407,211201,medium (2-5 psi),0.0000,1.0000,0.6718,0.5398,0.6967,0.5434,0.7846,0.6120,0.6650,0.7492,0.7029,0.4674,0.6865,0.5663,0.7199,0.7819,0.6183,0.7430,0.6715,0.8762,0.8931,0.9430,0.9245,0.8272,0.9178,0.8834,0.8845,0.9132,0.9270,0.9164,0.9280,0.8708
42127,Wayne Co.,Pennsylvania,41.6132,-75.2612,36686,medium (2-5 psi),0.0000,1.0000,0.2514,0.1801,0.0363,0.1239,0.0831,0.2101,0.0260,0.0623,0.0351,0.0736,0.0534,0.0729,0.0287,0.0690,0.0755,0.3857,0.3864,0.1432,0.2379,0.1775,0.3150,0.0974,0.2701,0.1492,0.1959,0.1638,0.1250,0.1032,0.0977,0.2425
42129,Westmoreland Co.,Pennsylvania,40.3623,-79.3844,380825,high (5-10 psi),0.0000,1.0000,0.8005,0.7993,0.8879,0.8593,0.9307,0.8687,0.9054,0.8471,0.9297,0.8786,0.9017,0.8987,0.9036,0.9481,0.8723,0.8286,0.8538,0.9762,0.9460,0.9676,0.9459,0.9812,0.9435,0.9829,0.9776,0.9693,0.9477,0.9819,0.9770,0.9713
42131,Wyoming Co.,Pennsylvania,41.5166,-76.0094,27277,low (0.5-2 psi),0.0000,0.0000,0.1974,0.0790,0.0487,0.3819,0.0574,0.3303,0.0487,0.3298,0.0387,0.2282,0.0602,0.1175,0.0458,0.0750,0.1016,0.3265,0.2283,0.2807,0.3532,0.3690,0.5711,0.2708,0.4390,0.2155,0.3829,0.3167,0.2579,0.2343,0.2160,0.4732
44001,Bristol Co.,Rhode Island,41.7074,-71.2660,47630,high (5-10 psi),0.0000,1.0000,0.2951,0.2570,0.1593,0.4628,0.2324,0.2206,0.2216,0.7218,0.1067,0.3203,0.3504,0.4913,0.2364,0.1921,0.5225,0.4260,0.5745,0.6766,0.6207,0.5965,0.3823,0.6338,0.7743,0.6084,0.6646,0.6634,0.4189,0.6267,0.6405,0.5754
44003,Kent Co.,Rhode Island,41.6782,-71.6176,156019,very high (>=10 psi),1.0000,1.0000,0.5646,0.3268,0.6213,0.7918,0.7033,0.7820,0.4769,0.6869,0.6119,0.7371,0.6880,0.7917,0.6818,0.6716,0.7569,0.6779,0.5946,0.8557,0.8830,0.8786,0.8437,0.7798,0.8944,0.8598,0.8922,0.8918,0.8625,0.8712,0.8732,0.8230
44005,Newport Co.,Rhode Island,41.5603,-71.1693,85347,very high (>=10 psi),1.0000,1.0000,0.4219,0.6164,0.6407,0.6254,0.6669,0.3905,0.7382,0.7756,0.3925,0.4205,0.7767,0.5414,0.6408,0.6533,0.5400,0.5534,0.8508,0.8126,0.7023,0.8371,0.5359,0.8636,0.8060,0.8472,0.7546,0.8106,0.5505,0.8465,0.9097,0.5277
44007,Providence Co.,Rhode Island,41.8713,-71.5670,580396,very high (>=10 psi),1.0000,1.0000,0.8193,0.9281,0.9096,0.9493,0.9145,0.9511,0.8443,0.9510,0.9195,0.9612,0.9358,0.9435,0.9378,0.9020,0.9538,0.8697,0.9629,0.9662,0.9724,0.9729,0.9700,0.9440,0.9804,0.9499,0.9673,0.9566,0.9572,0.9724,0.9607,0.9642
44009,Washington Co.,Rhode Island,41.4862,-71.6073,99564,very high (>=10 psi),1.0000,1.0000,0.4581,0.2712,0.1862,0.4062,0.1502,0.3042,0.3142,0.5942,0.1435,0.3559,0.2877,0.6369,0.1634,0.2060,0.6202,0.5865,0.6149,0.7231,0.8265,0.7426,0.6003,0.7117,0.8611,0.7361,0.8107,0.7807,0.8059,0.6518,0.7141,0.7718
45001,Abbeville Co.,South Carolina,34.2580,-82.4722,22963,no (<0.5 psi),0.0000,0.0000,0.1827,0.0836,0.0216,0.0993,0.0354,0.0307,0.0249,0.1249,0.0284,0.0659,0.0444,0.0551,0.0240,0.0523,0.0271,0.3030,0.2102,0.0874,0.1727,0.1407,0.1401,0.0891,0.1696,0.0468,0.1253,0.1001,0.1126,0.1113,0.1398,0.1995
45003,Aiken Co.,South Carolina,33.5923,-81.5960,112494,very high (>=10 psi),1.0000,1.0000,0.4861,0.3459,0.2908,0.7230,0.2559,0.5537,0.2358,0.7480,0.2123,0.5963,0.2768,0.3587,0.2233,0.4055,0.3601,0.6444,0.5686,0.7025,0.8188,0.6645,0.8092,0.7980,0.9162,0.5785,0.8038,0.7565,0.8109,0.5823,0.6645,0.8555
45005,Allendale Co.,South Carolina,32.9514,-81.3654,11096,high (5-10 psi),0.0000,1.0000,0.1036,0.0406,0.0130,0.0260,0.0431,0.0181,0.0148,0.0297,0.0097,0.0153,0.0402,0.0691,0.0105,0.0353,0.0270,0.1845,0.1554,0.1607,0.1848,0.1613,0.1811,0.1464,0.1799,0.1090,0.2106,0.1503,0.3692,0.1150,0.1453,0.3953
45007,Anderson Co.,South Carolina,34.5142,-82.6574,138975,low (0.5-2 psi),0.0000,0.0000,0.5340,0.5512,0.2914,0.5697,0.4004,0.5837,0.2503,0.4697,0.3713,0.6421,0.3729,0.7723,0.2748,0.4690,0.6201,0.6866,0.7051,0.6405,0.8015,0.7786,0.8282,0.6105,0.8854,0.6266,0.8910,0.6355,0.8528,0.7723,0.6434,0.8681
45009,Bamberg Co.,South Carolina,33.2353,-81.0340,17846,no (<0.5 psi),0.0000,0.0000,0.1510,0.0573,0.0084,0.0435,0.0190,0.0231,0.0183,0.0238,0.0135,0.0445,0.0180,0.0399,0.0078,0.0232,0.0301,0.2574,0.2020,0.0561,0.2250,0.0786,0.0786,0.0571,0.1053,0.0681,0.1906,0.0665,0.0818,0.0504,0.0783,0.1056
45011,Barnwell Co.,South Carolina,33.3284,-81.4015,19961,high (5-10 psi),0.0000,1.0000,0.1645,0.4103,0.5690,0.1009,0.6992,0.0397,0.6476,0.1569,0.5656,0.0880,0.6916,0.0693,0.5529,0.7074,0.0478,0.2771,0.5740,0.5266,0.1028,0.6740,0.0847,0.4927,0.2021,0.4370,0.0988,0.5626,0.0973,0.6643,0.6507,0.1382
45013,Beaufort Co.,South Carolina,32.3879,-80.6363,77295,very high (>=10 psi),1.0000,1.0000,0.4022,0.9967,0.9645,0.5967,0.9779,0.5655,0.9770,0.7738,0.9593,0.4543,0.9737,0.5987,0.9681,0.9493,0.8235,0.5640,0.9878,0.8896,0.3192,0.9473,0.4678,0.8997,0.5821,0.8958,0.2905,0.8969,0.3018,0.9422,0.9260,0.5281
45015,Berkeley Co.,South Carolina,33.1621,-79.9108,114451,very high (>=10 psi),1.0000,1.0000,0.4912,0.8207,0.8931,0.8262,0.8753,0.7903,0.8903,0.5432,0.8859,0.6360,0.8749,0.7105,0.8958,0.9039,0.5536,0.6787,0.9469,0.9668,0.9324,0.9611,0.9156,0.9679,0.7582,0.9748,0.9134,0.9656,0.9479,0.9695,0.9688,0.8309
45017,Calhoun Co.,South Carolina,33.6755,-80.7874,12169,high (5-10 psi),0.0000,1.0000,0.1024,0.0309,0.0307,0.0669,0.0327,0.0685,0.0208,0.1014,0.0219,0.0377,0.0519,0.0431,0.0312,0.0363,0.0435,0.1950,0.1303,0.1516,0.3372,0.1907,0.3376,0.1974,0.3954,0.1529,0.3785,0.1295,0.1544,0.4241,0.2877,0.2391
45019,Charleston Co.,South Carolina,32.8541,-80.0626,283942,very high (>=10 psi),1.0000,1.0000,0.6964,0.9883,0.9268,0.8158,0.8913,0.7572,0.9591,0.8631,0.9150,0.7281,0.9093,0.8648,0.9380,0.9345,0.8341,0.8356,0.9948,0.9877,0.7851,0.9666,0.8064,0.9855,0.8835,0.9789,0.8313,0.9857,0.9565,0.9821,0.9687,0.9823
45021,Cherokee Co.,South Carolina,35.0153,-81.6348,42212,low (0.5-2 psi),0.0000,0.0000,0.2717,0.1557,0.0811,0.2362,0.0865,0.1697,0.0951,0.3181,0.0510,0.1636,0.0685,0.0906,0.0692,0.0796,0.1210,0.4462,0.3443,0.4399,0.5076,0.3446,0.6368,0.4374,0.7285,0.3003,0.4959,0.3800,0.3809,0.4699,0.2599,0.6586
45023,Chester Co.,South Carolina,34.6789,-81.1665,31266,no (<0.5 psi),0.0000,0.0000,0.2189,0.0761,0.0759,0.0596,0.0976,0.0513,0.0575,0.0861,0.0524,0.0644,0.0521,0.0450,0.0902,0.0627,0.0383,0.3761,0.1629,0.1955,0.2938,0.2053,0.2627,0.2325,0.2837,0.2125,0.3487,0.2183,0.1625,0.2047,0.1997,0.2562
45025,Chesterfield Co.,South Carolina,34.5915,-80.0968,38350,no (<0.5 psi),0.0000,0.0000,0.2540,0.2342,0.3182,0.1673,0.0856,0.0918,0.1474,0.1814,0.1290,0.2801,0.0940,0.1382,0.2292,0.0455,0.3263,0.4234,0.4842,0.4614,0.1810,0.2265,0.1424,0.4481,0.2381,0.3810,0.4585,0.1989,0.3304,0.3583,0.0765,0.6017
45027,Clarendon Co.,South Carolina,33.6838,-80.2489,27625,low (0.5-2 psi),0.0000,0.0000,0.1994,0.0562,0.0670,0.0812,0.0532,0.0634,0.0515,0.1366,0.0485,0.0622,0.0747,0.0461,0.0430,0.0596,0.0469,0.3485,0.1462,0.0684,0.1849,0.1378,0.0950,0.0876,0.1880,0.1014,0.1102,0.1005,0.1233,0.0834,0.1807,0.0633
45029,Colleton Co.,South Carolina,32.8287,-80.6509,33475,low (0.5-2 psi),0.0000,0.0000,0.2394,0.1269,0.0492,0.1203,0.0750,0.0710,0.0531,0.1034,0.0496,0.0990,0.0911,0.2060,0.0523,0.1241,0.0931,0.3789,0.3269,0.3717,0.3765,0.4318,0.3293,0.4784,0.3093,0.3463,0.2921,0.3778,0.2808,0.3499,0.3297,0.3639
45031,Darlington Co.,South Carolina,34.3104,-79.9123,62152,no (<0.5 psi),0.0000,0.0000,0.3504,0.3520,0.3068,0.3095,0.1703,0.1889,0.3142,0.2161,0.3696,0.6269,0.1227,0.3037,0.3102,0.1287,0.4072,0.5393,0.5831,0.5284,0.5584,0.6198,0.4701,0.4951,0.3123,0.5061,0.6417,0.4559,0.7007,0.3242,0.3290,0.5966
45033,Dillon Co.,South Carolina,34.4606,-79.4014,30793,no (<0.5 psi),0.0000,0.0000,0.2165,0.1335,0.0311,0.1209,0.0379,0.1060,0.0484,0.1079,0.0236,0.0815,0.0311,0.1083,0.0327,0.0691,0.0556,0.3726,0.3911,0.3018,0.4500,0.5082,0.4081,0.3284,0.2645,0.2785,0.3699,0.2746,0.4411,0.1882,0.2097,0.4430
45035,Dorchester Co.,South Carolina,33.0740,-80.4242,70960,low (0.5-2 psi),0.0000,0.0000,0.3797,0.1789,0.2411,0.7326,0.3121,0.4944,0.4333,0.4421,0.4372,0.6484,0.2748,0.6070,0.2559,0.5806,0.3089,0.5710,0.5236,0.4378,0.8504,0.5133,0.8033,0.4854,0.6062,0.6068,0.8289,0.3549,0.8672,0.4704,0.7001,0.5902
45037,Edgefield Co.,South Carolina,33.7522,-81.9491,17441,medium (2-5 psi),0.0000,1.0000,0.1483,0.0618,0.0105,0.0345,0.0314,0.0318,0.0118,0.0622,0.0113,0.0210,0.0302,0.0423,0.0138,0.0366,0.0260,0.2535,0.2284,0.1230,0.2302,0.1586,0.2221,0.1507,0.4279,0.0867,0.1650,0.1832,0.2022,0.3140,0.2214,0.3333
45039,Fairfield Co.,South Carolina,34.3723,-81.0787,21336,low (0.5-2 psi),0.0000,0.0000,0.1630,0.0942,0.4766,0.1453,0.0789,0.1225,0.4835,0.0876,0.4353,0.7132,0.0754,0.0495,0.6043,0.0549,0.4623,0.2941,0.2436,0.6004,0.3981,0.1719,0.3811,0.6854,0.3448,0.6624,0.7622,0.2615,0.2215,0.7348,0.2063,0.5798
45041,Florence Co.,South Carolina,34.0424,-79.7528,113278,no (<0.5 psi),0.0000,0.0000,0.4887,0.5581,0.3661,0.4777,0.4701,0.5869,0.4801,0.4853,0.5495,0.4954,0.3724,0.6726,0.3629,0.5059,0.6020,0.6765,0.7837,0.6938,0.8536,0.8200,0.8160,0.8260,0.7025,0.7793,0.7967,0.7262,0.9084,0.6343,0.7579,0.8043
45043,Georgetown Co.,South Carolina,33.4407,-79.3528,44123,very high (>=10 psi),1.0000,1.0000,0.2802,0.5245,0.2127,0.0891,0.1726,0.0478,0.2625,0.2741,0.1448,0.1387,0.0928,0.1221,0.1877,0.0772,0.1981,0.4568,0.7152,0.7249,0.1754,0.6156,0.1745,0.6979,0.5324,0.4058,0.2431,0.5557,0.5646,0.6311,0.1599,0.8622
45045,Greenville Co.,South Carolina,34.8474,-82.3501,302514,low (0.5-2 psi),0.0000,0.0000,0.6989,0.5382,0.5489,0.8988,0.7112,0.8698,0.5390,0.8570,0.5561,0.7408,0.6949,0.8096,0.5083,0.8235,0.6758,0.8151,0.7552,0.9046,0.9311,0.8870,0.9202,0.8903,0.9429,0.8547,0.9089,0.9144,0.9311,0.8409,0.8953,0.9069
45047,Greenwood Co.,South Carolina,34.1820,-82.0805,58275,no (<0.5 psi),0.0000,0.0000,0.3424,0.1829,0.0562,0.1278,0.0691,0.0957,0.0468,0.1301,0.0769,0.0901,0.0598,0.2199,0.0414,0.0756,0.0847,0.5009,0.3018,0.0967,0.2731,0.1657,0.3826,0.1078,0.2578,0.0796,0.2500,0.1176,0.2151,0.2203,0.1961,0.2104
45049,Hampton Co.,South Carolina,32.7885,-81.1021,18052,low (0.5-2 psi),0.0000,0.0000,0.1523,0.0746,0.0125,0.0748,0.0342,0.0380,0.0197,0.0382,0.0137,0.0758,0.0234,0.0439,0.0107,0.0325,0.0393,0.2594,0.2287,0.1641,0.2572,0.2459,0.2144,0.1996,0.1693,0.1814,0.2873,0.2001,0.3232,0.1782,0.2200,0.2517
45051,Horry Co.,South Carolina,33.9393,-78.9799,126528,very high (>=10 psi),1.0000,1.0000,0.5150,0.8148,0.7486,0.5866,0.7731,0.6291,0.7455,0.4731,0.7511,0.4720,0.6161,0.3689,0.7950,0.8521,0.4083,0.6994,0.9203,0.9003,0.8364,0.9472,0.8290,0.8767,0.6097,0.9350,0.8180,0.9193,0.8335,0.9348,0.9504,0.8132
45053,Jasper Co.,South Carolina,32.4027,-81.0116,14782,medium (2-5 psi),0.0000,1.0000,0.1304,0.1581,0.0783,0.1827,0.1867,0.0942,0.0754,0.2363,0.0492,0.0425,0.2136,0.1769,0.0355,0.1773,0.0939,0.2264,0.3989,0.2696,0.3006,0.4032,0.2964,0.4327,0.2740,0.3085,0.2695,0.4094,0.4554,0.2962,0.4117,0.4649
45055,Kershaw Co.,South Carolina,34.3417,-80.5571,41336,low (0.5-2 psi),0.0000,0.0000,0.2678,0.1606,0.1464,0.1196,0.1460,0.0612,0.0985,0.1605,0.1779,0.0881,0.1244,0.0797,0.1486,0.1863,0.0760,0.4412,0.4012,0.3605,0.2563,0.2683,0.2537,0.3642,0.3805,0.2831,0.2062,0.2425,0.1591,0.3957,0.3585,0.2324
45057,Lancaster Co.,South Carolina,34.7690,-80.6986,54006,no (<0.5 psi),0.0000,0.0000,0.3206,0.1398,0.1755,0.1299,0.1493,0.1582,0.1063,0.1825,0.1530,0.1156,0.1612,0.1634,0.1062,0.1026,0.1552,0.5055,0.2425,0.1624,0.2104,0.1244,0.1924,0.2347,0.1821,0.1272,0.2263,0.1381,0.1713,0.1570,0.1580,0.2129
45059,Laurens Co.,South Carolina,34.4938,-81.9864,54551,no (<0.5 psi),0.0000,0.0000,0.3290,0.1687,0.0563,0.1125,0.0656,0.0915,0.0489,0.1071,0.0556,0.1196,0.0815,0.0708,0.0467,0.0979,0.0891,0.4861,0.3469,0.1614,0.3826,0.1462,0.5228,0.1462,0.4647,0.0850,0.3935,0.1423,0.2064,0.2196,0.1906,0.3077
45061,Lee Co.,South Carolina,34.1598,-80.3183,18666,low (0.5-2 psi),0.0000,0.0000,0.1464,0.0325,0.0656,0.0580,0.0613,0.0433,0.0407,0.0580,0.0478,0.0446,0.0803,0.0484,0.0605,0.0636,0.0521,0.2680,0.0936,0.1577,0.1464,0.1855,0.2183,0.1641,0.3268,0.1515,0.1226,0.2456,0.1097,0.3183,0.2029,0.3104
45063,Lexington Co.,South Carolina,33.9258,-81.2846,151809,high (5-10 psi),0.0000,1.0000,0.5582,0.4187,0.4503,0.7796,0.5823,0.6690,0.4413,0.7928,0.5134,0.7672,0.3828,0.5516,0.5747,0.6438,0.4513,0.7351,0.6441,0.7130,0.7909,0.6064,0.7555,0.7517,0.8191,0.6964,0.8368,0.6785,0.6389,0.7147,0.7240,0.6597
45065,McCormick Co.,South Carolina,33.8389,-82.2405,7518,low (0.5-2 psi),0.0000,0.0000,0.0751,0.0671,0.0648,0.0753,0.0382,0.0321,0.0455,0.0278,0.0536,0.0549,0.0797,0.1807,0.0305,0.0219,0.0391,0.1375,0.1519,0.1160,0.2110,0.1507,0.1126,0.1327,0.2193,0.1447,0.1380,0.1084,0.5612,0.1031,0.1096,0.1898
45067,Marion Co.,South Carolina,33.9968,-79.4222,34146,no (<0.5 psi),0.0000,0.0000,0.2336,0.2101,0.0451,0.1047,0.1210,0.1040,0.0807,0.0988,0.0566,0.1049,0.1137,0.2077,0.0321,0.0751,0.0871,0.3963,0.5019,0.2901,0.2494,0.5621,0.2914,0.3314,0.2964,0.3229,0.2742,0.4216,0.4428,0.3084,0.2512,0.5107
45069,Marlboro Co.,South Carolina,34.5518,-79.6569,30697,no (<0.5 psi),0.0000,0.0000,0.2160,0.1014,0.0434,0.1088,0.0594,0.0816,0.0491,0.0571,0.0449,0.1139,0.0762,0.3528,0.0246,0.0522,0.0558,0.3719,0.3096,0.3385,0.5866,0.5988,0.3972,0.3364,0.3188,0.3723,0.4499,0.4193,0.7957,0.1453,0.2386,0.4967
45071,Newberry Co.,South Carolina,34.3015,-81.6226,32541,no (<0.5 psi),0.0000,0.0000,0.2255,0.0820,0.0792,0.0874,0.1009,0.0457,0.0478,0.0881,0.0486,0.0614,0.0617,0.0501,0.0572,0.0702,0.0508,0.3852,0.1819,0.1231,0.1377,0.1218,0.1250,0.1557,0.1483,0.1168,0.1593,0.1189,0.1031,0.0960,0.1279,0.1471
45073,Oconee Co.,South Carolina,34.7638,-83.1066,52176,very high (>=10 psi),1.0000,1.0000,0.3202,0.4486,0.8673,0.4304,0.2212,0.3478,0.7734,0.3489,0.9059,0.9501,0.2433,0.5487,0.8837,0.1863,0.8854,0.4761,0.5704,0.8419,0.5168,0.2725,0.5312,0.8763,0.5162,0.8942,0.9367,0.4396,0.6537,0.8634,0.2113,0.9175
45075,Orangeburg Co.,South Carolina,33.4417,-80.8074,83775,low (0.5-2 psi),0.0000,0.0000,0.4176,0.1890,0.1214,0.3800,0.2171,0.1872,0.1793,0.4447,0.1176,0.5229,0.1402,0.1476,0.1628,0.1657,0.2715,0.6097,0.3345,0.1894,0.3900,0.1734,0.1805,0.1860,0.5481,0.1653,0.4620,0.2650,0.2864,0.2074,0.2355,0.2713
45077,Pickens Co.,South Carolina,34.8498,-82.6930,85462,very high (>=10 psi),1.0000,1.0000,0.4243,0.5933,0.4602,0.3772,0.1566,0.3103,0.2879,0.2268,0.4274,0.7743,0.1640,0.6096,0.3623,0.1014,0.5519,0.5861,0.6746,0.6790,0.4375,0.2568,0.4836,0.6568,0.4314,0.7375,0.8215,0.3390,0.4442,0.7223,0.1642,0.7624
45079,Richland Co.,South Carolina,34.0046,-80.8502,278114,very high (>=10 psi),1.0000,1.0000,0.6922,0.9513,0.9720,0.9036,0.9681,0.9445,0.9708,0.9130,0.9807,0.9101,0.9748,0.7731,0.9852,0.9751,0.9231,0.8328,0.9673,0.9811,0.8694,0.9609,0.9331,0.9724,0.8650,0.9828,0.8058,0.9760,0.8090,0.9841,0.9644,0.9305
45081,Saluda Co.,South Carolina,34.0192,-81.7342,16549,no (<0.5 psi),0.0000,0.0000,0.1424,0.0461,0.0093,0.0420,0.0120,0.0239,0.0120,0.0951,0.0097,0.0187,0.0189,0.0186,0.0118,0.0172,0.0165,0.2447,0.1678,0.0602,0.2730,0.1193,0.2405,0.0797,0.4026,0.0514,0.2029,0.0770,0.1242,0.1021,0.1288,0.1466
45083,Spartanburg Co.,South Carolina,34.8827,-81.9827,214981,very high (>=10 psi),1.0000,1.0000,0.6377,0.4545,0.2338,0.6241,0.3743,0.6331,0.3504,0.6448,0.3341,0.6097,0.3580,0.4974,0.3223,0.3661,0.4268,0.7952,0.6303,0.6718,0.6963,0.6344,0.7206,0.7371,0.8008,0.6231,0.6447,0.7036,0.6921,0.6074,0.5286,0.8275
45085,Sumter Co.,South Carolina,33.9098,-80.3396,96362,very high (>=10 psi),1.0000,1.0000,0.4503,0.4899,0.8213,0.3844,0.8202,0.2072,0.8655,0.3594,0.8337,0.3136,0.8556,0.3882,0.8361,0.9095,0.2875,0.6414,0.6777,0.8033,0.4546,0.8828,0.4372,0.8224,0.3199,0.7579,0.3852,0.7887,0.5682,0.8715,0.9137,0.3004
45087,Union Co.,South Carolina,34.6774,-81.6400,30514,low (0.5-2 psi),0.0000,0.0000,0.2150,0.0937,0.0676,0.2572,0.0498,0.1245,0.0625,0.1344,0.0444,0.1162,0.1121,0.0809,0.0614,0.0456,0.0809,0.3706,0.2122,0.3491,0.5181,0.3076,0.3605,0.4178,0.4780,0.3114,0.4818,0.3087,0.4075,0.3131,0.2432,0.4640
45089,Williamsburg Co.,South Carolina,33.6128,-79.7378,37749,no (<0.5 psi),0.0000,0.0000,0.2512,0.1384,0.0520,0.1018,0.0600,0.0544,0.0880,0.0440,0.0742,0.1126,0.0490,0.2094,0.0298,0.0713,0.0743,0.4197,0.3614,0.1620,0.2236,0.2437,0.1886,0.1563,0.1321,0.1947,0.2242,0.1585,0.3617,0.1504,0.2296,0.2023
45091,York Co.,South Carolina,34.9929,-81.1881,117905,low (0.5-2 psi),0.0000,0.0000,0.4982,0.3488,0.1890,0.5896,0.2142,0.4941,0.2122,0.2940,0.2138,0.5235,0.2200,0.2583,0.2284,0.2529,0.3109,0.6849,0.5728,0.7055,0.8345,0.7439,0.8358,0.6246,0.7995,0.6139,0.7920,0.6389,0.6078,0.6730,0.6486,0.6732
46003,Aurora Co.,South Dakota,43.7149,-98.5603,3375,no (<0.5 psi),0.0000,0.0000,0.0179,0.0217,0.0172,0.1734,0.0207,0.0701,0.0259,0.1142,0.0124,0.1114,0.0137,0.0435,0.0283,0.0252,0.0666,0.0676,0.0354,0.0171,0.1167,0.0160,0.0982,0.0216,0.0934,0.0125,0.1169,0.0149,0.0358,0.0170,0.0209,0.0635
46005,Beadle Co.,South Dakota,44.3705,-98.2769,18440,no (<0.5 psi),0.0000,0.0000,0.1124,0.2570,0.0246,0.1352,0.0371,0.1137,0.0391,0.1198,0.0269,0.1599,0.0202,0.0503,0.0436,0.0373,0.1461,0.2438,0.1718,0.0268,0.1678,0.0299,0.1638,0.0300,0.1140,0.0263,0.0965,0.0238,0.0750,0.0295,0.0420,0.1058
46007,Bennett Co.,South Dakota,43.2590,-101.6686,3261,no (<0.5 psi),0.0000,0.0000,0.0269,0.0900,0.1133,0.0539,0.0968,0.0818,0.1537,0.1797,0.1234,0.0508,0.1236,0.1303,0.1256,0.1203,0.1712,0.0635,0.1103,0.1988,0.2117,0.2329,0.3138,0.2277,0.2485,0.3200,0.2024,0.2746,0.2757,0.1653,0.2942,0.3183
46011,Brookings Co.,South Dakota,44.3700,-96.7903,25034,no (<0.5 psi),0.0000,0.0000,0.1947,0.1030,0.0476,0.1338,0.0996,0.1489,0.0315,0.1090,0.0717,0.1277,0.0579,0.1120,0.0358,0.0567,0.0930,0.3272,0.1662,0.0530,0.2185,0.1524,0.2881,0.0472,0.2722,0.0742,0.1973,0.0583,0.0979,0.0693,0.0832,0.0973
46013,Brown Co.,South Dakota,45.5900,-98.3505,36542,no (<0.5 psi),0.0000,0.0000,0.2542,0.3622,0.0938,0.2884,0.1874,0.4370,0.0776,0.1876,0.1866,0.2564,0.1239,0.2798,0.1003,0.1541,0.2549,0.4120,0.3240,0.1230,0.5153,0.3823,0.4331,0.1620,0.4183,0.1206,0.3728,0.1719,0.2163,0.2354,0.2097,0.2584
46015,Brule Co.,South Dakota,43.7190,-99.1020,5696,no (<0.5 psi),0.0000,0.0000,0.0321,0.0480,0.0222,0.0203,0.0217,0.0416,0.0176,0.0753,0.0116,0.0217,0.0282,0.0305,0.0225,0.0120,0.0794,0.1031,0.0767,0.0308,0.1657,0.0216,0.2328,0.0209,0.1079,0.0202,0.1824,0.0246,0.0775,0.0259,0.0240,0.1472
46017,Buffalo Co.,South Dakota,44.0642,-99.2258,1641,no (<0.5 psi),0.0000,0.0000,0.0079,0.0236,0.0389,0.1104,0.0733,0.1330,0.0568,0.1015,0.0338,0.0827,0.0451,0.0390,0.0369,0.0332,0.1407,0.0371,0.0472,0.0345,0.1213,0.0337,0.1294,0.0280,0.1813,0.0274,0.1326,0.0381,0.0291,0.0359,0.0336,0.1124
46019,Butte Co.,South Dakota,44.8440,-103.5071,8007,very high (>=10 psi),1.0000,1.0000,0.0649,0.2467,0.7574,0.1030,0.7949,0.1003,0.7330,0.1582,0.7088,0.0989,0.7881,0.0703,0.7098,0.6508,0.1899,0.1391,0.2384,0.7307,0.0714,0.7976,0.1541,0.6479,0.1868,0.6662,0.0668,0.7281,0.0984,0.6989,0.5348,0.3297
46021,Campbell Co.,South Dakota,45.7399,-100.0235,2182,no (<0.5 psi),0.0000,0.0000,0.0257,0.0464,0.0220,0.1791,0.0391,0.3760,0.0274,0.0627,0.0349,0.1836,0.0227,0.0617,0.0343,0.0780,0.0269,0.0440,0.0552,0.0210,0.1643,0.0385,0.1490,0.0320,0.1066,0.0331,0.1592,0.0239,0.0692,0.0338,0.0685,0.0339
46023,Charles Mix Co.,South Dakota,43.1742,-98.4753,9433,no (<0.5 psi),0.0000,0.0000,0.0557,0.1241,0.0282,0.0898,0.0225,0.0794,0.0462,0.1595,0.0162,0.0594,0.0242,0.0717,0.0287,0.0074,0.1628,0.1518,0.1340,0.0178,0.1218,0.0182,0.1462,0.0138,0.1163,0.0202,0.0638,0.0175,0.0901,0.0191,0.0146,0.0590
46025,Clark Co.,South Dakota,44.8477,-97.7340,4805,no (<0.5 psi),0.0000,0.0000,0.0513,0.0358,0.0122,0.1033,0.0146,0.0813,0.0134,0.0912,0.0078,0.0946,0.0222,0.0631,0.0146,0.0132,0.0586,0.0898,0.0562,0.0168,0.0568,0.0208,0.0457,0.0149,0.0583,0.0202,0.0376,0.0142,0.0358,0.0120,0.0124,0.0303
46029,Codington Co.,South Dakota,45.0636,-97.1884,21983,no (<0.5 psi),0.0000,0.0000,0.1769,0.3029,0.0898,0.6024,0.1823,0.4634,0.0795,0.2196,0.1266,0.6171,0.1004,0.4584,0.0832,0.1073,0.2332,0.3001,0.2855,0.1078,0.4293,0.1645,0.4148,0.0931,0.2741,0.1805,0.3930,0.0982,0.2947,0.1017,0.1599,0.2162
46031,Corson Co.,South Dakota,45.7399,-101.1649,4839,no (<0.5 psi),0.0000,0.0000,0.0268,0.0644,0.1335,0.0447,0.1479,0.1530,0.1248,0.1166,0.1190,0.0506,0.1158,0.0444,0.1354,0.0867,0.0744,0.0906,0.1144,0.1712,0.2374,0.1424,0.3136,0.2336,0.3004,0.1947,0.2810,0.1709,0.1352,0.1959,0.1365,0.2699
46033,Custer Co.,South Dakota,43.6662,-103.4817,6537,low (0.5-2 psi),0.0000,0.0000,0.0534,0.2368,0.8879,0.1508,0.8793,0.1044,0.8924,0.3842,0.9238,0.1444,0.8880,0.1444,0.8574,0.8817,0.2070,0.1173,0.2613,0.7760,0.1379,0.8589,0.1632,0.7550,0.3235,0.7201,0.1115,0.7557,0.0872,0.7130,0.8003,0.1458
46035,Davison Co.,South Dakota,43.7186,-98.1455,17723,no (<0.5 psi),0.0000,0.0000,0.1080,0.1254,0.0307,0.1259,0.0254,0.1576,0.0309,0.0825,0.0166,0.1236,0.0216,0.0313,0.0271,0.0181,0.0718,0.2375,0.1047,0.0391,0.2459,0.0651,0.2465,0.0559,0.1176,0.0390,0.2727,0.0397,0.1019,0.0617,0.0626,0.1231
46037,Day Co.,South Dakota,45.4280,-97.6032,7629,no (<0.5 psi),0.0000,0.0000,0.0760,0.0770,0.0129,0.0252,0.0145,0.0396,0.0066,0.0178,0.0109,0.0323,0.0102,0.0477,0.0094,0.0085,0.0266,0.1336,0.0939,0.0174,0.0261,0.0240,0.0356,0.0169,0.0317,0.0330,0.0266,0.0202,0.0539,0.0106,0.0102,0.0618
46039,Deuel Co.,South Dakota,44.7178,-96.6680,4880,no (<0.5 psi),0.0000,0.0000,0.0520,0.0253,0.0138,0.0151,0.0129,0.0139,0.0113,0.0227,0.0094,0.0153,0.0206,0.0412,0.0129,0.0085,0.0524,0.0910,0.0404,0.0149,0.0191,0.0179,0.0185,0.0109,0.0260,0.0179,0.0192,0.0155,0.0437,0.0132,0.0097,0.0363
46041,Dewey Co.,South Dakota,45.0963,-100.9054,5503,no (<0.5 psi),0.0000,0.0000,0.0309,0.1104,0.2292,0.0270,0.2176,0.0542,0.2133,0.1935,0.1583,0.0290,0.1733,0.0201,0.2508,0.1191,0.1537,0.1003,0.1759,0.3888,0.2062,0.3110,0.3939,0.3173,0.3789,0.3308,0.2689,0.3861,0.1123,0.3668,0.2768,0.3848
46043,Douglas Co.,South Dakota,43.2838,-98.2503,3984,no (<0.5 psi),0.0000,0.0000,0.0216,0.0231,0.0154,0.0180,0.0119,0.0215,0.0162,0.0217,0.0074,0.0222,0.0103,0.0123,0.0132,0.0046,0.0320,0.0774,0.0423,0.0152,0.0596,0.0145,0.0596,0.0136,0.0726,0.0102,0.0528,0.0127,0.0234,0.0161,0.0146,0.0321
46045,Edmunds Co.,South Dakota,45.4185,-99.2150,4864,no (<0.5 psi),0.0000,0.0000,0.0518,0.0582,0.0267,0.2138,0.0333,0.3519,0.0266,0.0986,0.0218,0.2172,0.0305,0.0976,0.0342,0.0421,0.0997,0.0908,0.0601,0.0151,0.2144,0.0217,0.1656,0.0205,0.0868,0.0213,0.2131,0.0178,0.0781,0.0227,0.0404,0.0289
46047,Fall River Co.,South Dakota,43.2388,-103.5269,7792,no (<0.5 psi),0.0000,0.0000,0.0632,0.2186,0.4259,0.4344,0.5520,0.2844,0.4652,0.4005,0.4135,0.3849,0.5823,0.2684,0.4237,0.5475,0.3980,0.1360,0.2008,0.6606,0.3678,0.7481,0.2291,0.6834,0.6068,0.5312,0.2699,0.6136,0.2259,0.6812,0.7148,0.2486
46049,Faulk Co.,South Dakota,45.0706,-99.1449,3049,no (<0.5 psi),0.0000,0.0000,0.0345,0.0444,0.0281,0.2948,0.0603,0.5466,0.0253,0.2724,0.0295,0.2163,0.0388,0.1586,0.0412,0.0558,0.1364,0.0598,0.0425,0.0224,0.1930,0.0227,0.1403,0.0233,0.1587,0.0233,0.1421,0.0197,0.1094,0.0267,0.0402,0.0552
46051,Grant Co.,South Dakota,45.2105,-96.8393,8964,no (<0.5 psi),0.0000,0.0000,0.0869,0.0782,0.0277,0.0980,0.0143,0.0596,0.0233,0.0523,0.0140,0.0823,0.0280,0.0739,0.0264,0.0117,0.0888,0.1527,0.0912,0.0343,0.0619,0.0393,0.0567,0.0328,0.0752,0.0408,0.1410,0.0260,0.0515,0.0316,0.0200,0.0809
46053,Gregory Co.,South Dakota,43.2482,-99.2298,5743,no (<0.5 psi),0.0000,0.0000,0.0324,0.0472,0.0274,0.1308,0.0318,0.1452,0.0348,0.0753,0.0194,0.1801,0.0281,0.0969,0.0193,0.0107,0.1032,0.1037,0.0717,0.0223,0.4275,0.0175,0.4019,0.0200,0.3122,0.0185,0.5590,0.0204,0.2863,0.0247,0.0243,0.1788
46055,Haakon Co.,South Dakota,44.4276,-101.5776,2881,very high (>=10 psi),1.0000,1.0000,0.0150,0.0591,0.6422,0.0172,0.4359,0.0589,0.5960,0.2396,0.4921,0.0227,0.5536,0.0236,0.5464,0.3689,0.1942,0.0594,0.1363,0.6455,0.1967,0.5492,0.2353,0.7059,0.4891,0.6239,0.2078,0.6317,0.1332,0.5987,0.6021,0.5631
46057,Hamlin Co.,South Dakota,44.6740,-97.1881,5202,no (<0.5 psi),0.0000,0.0000,0.0549,0.0257,0.0097,0.0194,0.0104,0.0209,0.0077,0.0162,0.0074,0.0230,0.0115,0.0322,0.0075,0.0073,0.0167,0.0963,0.0586,0.0128,0.0384,0.0229,0.0260,0.0166,0.0272,0.0242,0.0319,0.0155,0.0334,0.0108,0.0099,0.0334
46059,Hand Co.,South Dakota,44.3720,-99.0002,4681,no (<0.5 psi),0.0000,0.0000,0.0258,0.0353,0.0379,0.0625,0.0471,0.0845,0.0369,0.3795,0.0167,0.0872,0.0390,0.0481,0.0510,0.0215,0.2163,0.0882,0.0562,0.0574,0.1173,0.0355,0.1337,0.0249,0.2758,0.0235,0.1481,0.0344,0.0448,0.0456,0.0230,0.2332
46061,Hanson Co.,South Dakota,43.6743,-97.7866,3165,no (<0.5 psi),0.0000,0.0000,0.0167,0.0113,0.0156,0.0283,0.0108,0.0277,0.0168,0.0293,0.0067,0.0261,0.0098,0.0112,0.0119,0.0063,0.0374,0.0642,0.0241,0.0196,0.0583,0.0159,0.0685,0.0173,0.0552,0.0121,0.0613,0.0132,0.0245,0.0152,0.0145,0.0445
46063,Harding Co.,South Dakota,45.5594,-103.4959,1773,low (0.5-2 psi),0.0000,0.0000,0.0087,0.0319,0.2776,0.0210,0.2142,0.0201,0.3721,0.1464,0.1895,0.0230,0.2671,0.0444,0.2079,0.1432,0.1591,0.0396,0.0842,0.7266,0.1200,0.7671,0.1463,0.7775,0.2458,0.7177,0.1038,0.7939,0.1519,0.7370,0.7232,0.4747
46065,Hughes Co.,South Dakota,44.3236,-99.9113,14638,very high (>=10 psi),1.0000,1.0000,0.0887,0.7102,0.1827,0.0455,0.1796,0.4909,0.1073,0.1200,0.1891,0.0857,0.1139,0.0229,0.1683,0.0611,0.2990,0.2084,0.5644,0.2301,0.3052,0.1652,0.6986,0.1099,0.2256,0.1577,0.2942,0.1605,0.0938,0.2587,0.0909,0.4981
46067,Hutchinson Co.,South Dakota,43.3479,-97.7559,8916,no (<0.5 psi),0.0000,0.0000,0.0524,0.0383,0.0117,0.0240,0.0096,0.0305,0.0138,0.0235,0.0069,0.0307,0.0086,0.0170,0.0119,0.0046,0.0421,0.1455,0.0660,0.0176,0.0342,0.0150,0.0513,0.0131,0.0462,0.0122,0.0415,0.0136,0.0238,0.0147,0.0161,0.0342
46069,Hyde Co.,South Dakota,44.3825,-99.4815,1916,no (<0.5 psi),0.0000,0.0000,0.0095,0.0215,0.0423,0.0449,0.0667,0.1087,0.0603,0.0889,0.0359,0.0423,0.0461,0.0249,0.0456,0.0505,0.1186,0.0423,0.0420,0.0688,0.1008,0.0433,0.1811,0.0409,0.1142,0.0394,0.1102,0.0455,0.0312,0.0764,0.0458,0.1779
46071,Jackson Co.,South Dakota,43.6915,-101.6304,3189,very high (>=10 psi),1.0000,1.0000,0.0263,0.0963,0.2634,0.1635,0.3089,0.1950,0.2906,0.4204,0.2121,0.1733,0.3278,0.2844,0.3061,0.2554,0.4192,0.0623,0.0956,0.4793,0.2062,0.6154,0.3265,0.5783,0.4538,0.3770,0.2091,0.5933,0.2010,0.5639,0.5834,0.4614
46073,Jerauld Co.,South Dakota,44.0673,-98.6289,2721,no (<0.5 psi),0.0000,0.0000,0.0141,0.0178,0.0280,0.1796,0.0300,0.1555,0.0391,0.0904,0.0240,0.1221,0.0281,0.0511,0.0483,0.0415,0.1117,0.0566,0.0324,0.0376,0.1418,0.0381,0.2011,0.0457,0.1764,0.0232,0.1607,0.0311,0.0360,0.0407,0.0374,0.1537
46075,Jones Co.,South Dakota,43.9265,-100.7148,1487,low (0.5-2 psi),0.0000,0.0000,0.0071,0.0176,0.1202,0.0159,0.0886,0.0567,0.1399,0.0733,0.1867,0.0205,0.1489,0.0221,0.1192,0.1252,0.1034,0.0341,0.0430,0.3523,0.1766,0.2529,0.2266,0.3811,0.2651,0.3801,0.2068,0.3129,0.1150,0.3466,0.3840,0.2711
46077,Kingsbury Co.,South Dakota,44.3695,-97.4908,6392,no (<0.5 psi),0.0000,0.0000,0.0655,0.0499,0.0061,0.0166,0.0101,0.0199,0.0040,0.0185,0.0053,0.0213,0.0069,0.0327,0.0049,0.0064,0.0215,0.1150,0.0677,0.0121,0.0277,0.0162,0.0368,0.0112,0.0289,0.0118,0.0330,0.0095,0.0188,0.0134,0.0126,0.0270
46079,Lake Co.,South Dakota,44.0218,-97.1290,10872,no (<0.5 psi),0.0000,0.0000,0.1019,0.0297,0.0252,0.0664,0.0264,0.0504,0.0217,0.1663,0.0140,0.0278,0.0426,0.0625,0.0238,0.0145,0.1009,0.1784,0.0867,0.0307,0.1323,0.0508,0.1275,0.0340,0.2551,0.0325,0.1331,0.0262,0.0406,0.0442,0.0461,0.0454
46081,Lawrence Co.,South Dakota,44.4587,-103.8116,19520,very high (>=10 psi),1.0000,1.0000,0.1472,0.5362,0.9187,0.2466,0.8891,0.2860,0.9228,0.5553,0.9447,0.2212,0.9053,0.2190,0.8557,0.9148,0.2362,0.2766,0.4297,0.7457,0.2339,0.7813,0.2152,0.7519,0.3514,0.7309,0.2120,0.6793,0.2038,0.6448,0.7936,0.1060
46083,Lincoln Co.,South Dakota,43.2906,-96.7521,14515,very high (>=10 psi),1.0000,1.0000,0.0879,0.0528,0.0268,0.0407,0.0214,0.0449,0.0180,0.0359,0.0181,0.0359,0.0216,0.0422,0.0262,0.0122,0.0430,0.2072,0.1005,0.0259,0.3125,0.0258,0.2148,0.0276,0.1012,0.0250,0.2365,0.0344,0.1782,0.0287,0.0359,0.1051
46085,Lyman Co.,South Dakota,43.8530,-99.8392,3768,low (0.5-2 psi),0.0000,0.0000,0.0203,0.0510,0.0860,0.0302,0.0810,0.1045,0.1175,0.3107,0.0485,0.0386,0.0922,0.0367,0.0825,0.0297,0.2673,0.0740,0.0574,0.0993,0.2778,0.0642,0.4084,0.0463,0.4448,0.0532,0.2045,0.0616,0.1577,0.0697,0.0324,0.4511
46087,McCook Co.,South Dakota,43.6739,-97.3682,6011,no (<0.5 psi),0.0000,0.0000,0.0340,0.0230,0.0170,0.0101,0.0113,0.0195,0.0155,0.0224,0.0057,0.0096,0.0116,0.0084,0.0178,0.0052,0.0394,0.1075,0.0463,0.0214,0.0727,0.0158,0.0744,0.0158,0.0872,0.0109,0.0699,0.0159,0.0269,0.0176,0.0147,0.0487
46089,McPherson Co.,South Dakota,45.7661,-99.2209,3615,no (<0.5 psi),0.0000,0.0000,0.0401,0.0507,0.0254,0.2238,0.0459,0.4411,0.0201,0.1103,0.0242,0.1829,0.0254,0.0625,0.0419,0.0537,0.0612,0.0697,0.0594,0.0115,0.0649,0.0188,0.0802,0.0177,0.0553,0.0152,0.0476,0.0157,0.0192,0.0206,0.0275,0.0205
46091,Marshall Co.,South Dakota,45.7619,-97.6031,5142,no (<0.5 psi),0.0000,0.0000,0.0544,0.0517,0.0286,0.0467,0.0136,0.0274,0.0302,0.0662,0.0115,0.0677,0.0320,0.0654,0.0278,0.0090,0.0730,0.0953,0.0644,0.0127,0.0179,0.0164,0.0192,0.0151,0.0335,0.0172,0.0219,0.0144,0.0215,0.0113,0.0082,0.0377
46093,Meade Co.,South Dakota,44.5579,-102.7837,21804,very high (>=10 psi),1.0000,1.0000,0.1620,0.9997,0.9657,0.0954,0.9560,0.2168,0.9546,0.3246,0.9675,0.0853,0.9588,0.1079,0.9622,0.9370,0.3435,0.2985,0.9957,0.9266,0.1571,0.9431,0.3934,0.9509,0.3037,0.8990,0.1654,0.9389,0.1745,0.9285,0.8873,0.3302
46095,Mellette Co.,South Dakota,43.5875,-100.7290,2219,very high (>=10 psi),1.0000,1.0000,0.0183,0.0393,0.0640,0.0498,0.0572,0.1063,0.0656,0.3281,0.0413,0.0661,0.0533,0.0761,0.0606,0.0519,0.2940,0.0447,0.0626,0.0586,0.0777,0.0637,0.0731,0.0574,0.2934,0.0457,0.0772,0.0541,0.0609,0.0616,0.0564,0.1695
46097,Miner Co.,South Dakota,44.0225,-97.6097,3462,no (<0.5 psi),0.0000,0.0000,0.0184,0.0122,0.0149,0.0322,0.0124,0.0282,0.0173,0.0289,0.0072,0.0271,0.0108,0.0173,0.0180,0.0077,0.0406,0.0691,0.0264,0.0168,0.0387,0.0146,0.0691,0.0156,0.0444,0.0132,0.0490,0.0137,0.0348,0.0170,0.0198,0.0397
46099,Minnehaha Co.,South Dakota,43.6740,-96.7909,118598,very high (>=10 psi),1.0000,1.0000,0.4981,0.2835,0.3687,0.6463,0.3882,0.7684,0.2431,0.6181,0.4488,0.6691,0.4488,0.7466,0.3011,0.2516,0.6886,0.6861,0.4629,0.4958,0.8817,0.7000,0.8368,0.4016,0.7716,0.4512,0.8573,0.5420,0.6943,0.6289,0.7160,0.6473
46101,Moody Co.,South Dakota,44.0228,-96.6707,6600,no (<0.5 psi),0.0000,0.0000,0.0673,0.0185,0.0101,0.0225,0.0103,0.0140,0.0044,0.0168,0.0088,0.0161,0.0105,0.0258,0.0075,0.0066,0.0163,0.1182,0.0678,0.0105,0.0538,0.0232,0.0398,0.0111,0.0761,0.0148,0.0437,0.0128,0.0098,0.0251,0.0233,0.0261
46103,Pennington Co.,South Dakota,44.0674,-103.0306,76825,very high (>=10 psi),1.0000,1.0000,0.4121,0.9887,0.9596,0.9065,0.9396,0.9247,0.9718,0.9295,0.9654,0.8842,0.9512,0.8649,0.9555,0.9482,0.8796,0.5896,0.9686,0.9486,0.8015,0.9439,0.8761,0.9532,0.8857,0.9263,0.7532,0.9443,0.7009,0.9466,0.9179,0.8334
46105,Perkins Co.,South Dakota,45.6026,-102.4750,4439,very high (>=10 psi),1.0000,1.0000,0.0243,0.1044,0.2863,0.0538,0.2151,0.0569,0.2847,0.0694,0.2617,0.0722,0.2783,0.0821,0.1787,0.1572,0.0752,0.0845,0.1634,0.6381,0.2063,0.5586,0.3059,0.6608,0.4189,0.5809,0.2791,0.6596,0.2089,0.6351,0.5216,0.5410
46107,Potter Co.,South Dakota,45.0667,-99.9464,3606,no (<0.5 psi),0.0000,0.0000,0.0193,0.0558,0.0252,0.2788,0.0339,0.3618,0.0383,0.0426,0.0375,0.3012,0.0388,0.0929,0.0229,0.0550,0.0455,0.0714,0.0802,0.0544,0.2483,0.0356,0.3184,0.0574,0.1071,0.0494,0.3328,0.0494,0.0774,0.0451,0.0541,0.1046
46109,Roberts Co.,South Dakota,45.6268,-97.0373,10592,no (<0.5 psi),0.0000,0.0000,0.0997,0.0920,0.0155,0.0306,0.0125,0.0311,0.0152,0.0365,0.0110,0.0325,0.0230,0.0494,0.0125,0.0081,0.0681,0.1748,0.1023,0.0297,0.0938,0.0505,0.0926,0.0287,0.0789,0.0350,0.1083,0.0274,0.0864,0.0237,0.0222,0.0789
46111,Sanborn Co.,South Dakota,44.0665,-98.0906,3047,no (<0.5 psi),0.0000,0.0000,0.0160,0.0187,0.0097,0.1189,0.0142,0.0648,0.0115,0.0358,0.0109,0.1068,0.0084,0.0314,0.0155,0.0200,0.0486,0.0622,0.0316,0.0181,0.0882,0.0165,0.0689,0.0267,0.0999,0.0144,0.0893,0.0162,0.0341,0.0194,0.0333,0.0514
46113,Shannon Co.,South Dakota,43.2595,-102.5549,10314,low (0.5-2 psi),0.0000,0.0000,0.0825,0.2519,0.3358,0.5183,0.6115,0.6048,0.3781,0.6566,0.2432,0.4166,0.5186,0.2976,0.4530,0.3746,0.5017,0.1711,0.2030,0.7423,0.5584,0.8311,0.7066,0.7240,0.5248,0.7293,0.4071,0.7497,0.4790,0.6489,0.6785,0.5623
46115,Spink Co.,South Dakota,45.0301,-98.3494,8704,no (<0.5 psi),0.0000,0.0000,0.0848,0.0782,0.0090,0.1185,0.0249,0.2219,0.0076,0.1782,0.0137,0.1808,0.0137,0.1162,0.0119,0.0190,0.0622,0.1491,0.0802,0.0189,0.2351,0.0263,0.3218,0.0247,0.2945,0.0232,0.2869,0.0187,0.1139,0.0266,0.0241,0.1308
46117,Stanley Co.,South Dakota,44.4793,-100.8661,2456,very high (>=10 psi),1.0000,1.0000,0.0125,0.0480,0.2248,0.0613,0.2509,0.1164,0.2732,0.2784,0.2162,0.0632,0.2932,0.0414,0.2833,0.1632,0.2019,0.0520,0.0873,0.4862,0.3449,0.4285,0.3518,0.4927,0.4146,0.5344,0.3944,0.4848,0.1459,0.5316,0.5104,0.3761
46119,Sully Co.,South Dakota,44.7233,-100.1491,1790,low (0.5-2 psi),0.0000,0.0000,0.0088,0.0269,0.0678,0.0465,0.1041,0.0958,0.0824,0.0674,0.0597,0.0504,0.0659,0.0300,0.0663,0.0719,0.1085,0.0399,0.0511,0.0743,0.1018,0.0571,0.1932,0.0674,0.0869,0.0669,0.1190,0.0636,0.0356,0.0719,0.0692,0.1418
46121,Todd Co.,South Dakota,43.2589,-100.7207,7488,no (<0.5 psi),0.0000,0.0000,0.0608,0.1565,0.0534,0.1412,0.0706,0.2805,0.0509,0.1814,0.0255,0.1498,0.0352,0.1360,0.0684,0.0594,0.1088,0.1316,0.1670,0.0590,0.3900,0.0733,0.5363,0.0609,0.2589,0.0728,0.3514,0.0454,0.2663,0.0708,0.1089,0.1440
46123,Tripp Co.,South Dakota,43.2595,-99.8735,7226,no (<0.5 psi),0.0000,0.0000,0.0417,0.0724,0.0407,0.4024,0.0385,0.4420,0.0517,0.5335,0.0276,0.3573,0.0580,0.2154,0.0615,0.0405,0.2307,0.1240,0.0937,0.0493,0.4642,0.0554,0.4678,0.0394,0.5704,0.0298,0.5464,0.0410,0.3021,0.0509,0.0383,0.3506
46125,Turner Co.,South Dakota,43.3348,-97.1621,8805,low (0.5-2 psi),0.0000,0.0000,0.0517,0.0323,0.0161,0.0330,0.0111,0.0279,0.0184,0.0256,0.0067,0.0188,0.0146,0.0149,0.0170,0.0061,0.0368,0.1442,0.0695,0.0213,0.1109,0.0183,0.0608,0.0153,0.1172,0.0115,0.1051,0.0149,0.0347,0.0236,0.0171,0.0513
46129,Walworth Co.,South Dakota,45.4291,-100.0114,6607,no (<0.5 psi),0.0000,0.0000,0.0378,0.1145,0.0260,0.0334,0.0213,0.0796,0.0301,0.0149,0.0278,0.0345,0.0214,0.0278,0.0189,0.0299,0.0156,0.1157,0.1298,0.0355,0.0382,0.0149,0.1010,0.0281,0.0384,0.0234,0.0712,0.0229,0.0280,0.0286,0.0401,0.0274
46137,Ziebach Co.,South Dakota,44.8704,-101.5682,2302,high (5-10 psi),0.0000,1.0000,0.0116,0.0683,0.6334,0.0751,0.5728,0.2100,0.6122,0.4027,0.5238,0.0755,0.5770,0.0402,0.5758,0.4258,0.2769,0.0493,0.1270,0.6170,0.2276,0.5714,0.3238,0.7215,0.5321,0.5789,0.2041,0.6199,0.1455,0.6463,0.6528,0.5893
47001,Anderson Co.,Tennessee,36.1066,-84.2305,67398,very high (>=10 psi),1.0000,1.0000,0.3889,0.8772,0.8197,0.3153,0.8059,0.3839,0.7642,0.1519,0.8986,0.4539,0.7760,0.5789,0.7698,0.8476,0.3984,0.5375,0.9618,0.8562,0.5188,0.9096,0.5036,0.8772,0.4062,0.9132,0.3673,0.9026,0.7680,0.8605,0.8613,0.5653
47003,Bedford Co.,Tennessee,35.5118,-86.4506,29146,medium (2-5 psi),0.0000,1.0000,0.2086,0.0852,0.0819,0.1162,0.0544,0.1022,0.0971,0.0674,0.0703,0.0786,0.1284,0.1163,0.0443,0.0795,0.1207,0.3603,0.1651,0.1234,0.1971,0.1789,0.2113,0.1016,0.2624,0.0944,0.1560,0.1352,0.3269,0.1211,0.1567,0.1747
47005,Benton Co.,Tennessee,36.0891,-88.0814,14744,no (<0.5 psi),0.0000,0.0000,0.1141,0.1202,0.0932,0.0275,0.0589,0.0220,0.0859,0.0329,0.0734,0.0267,0.0835,0.0723,0.0445,0.0386,0.0403,0.2257,0.2813,0.0902,0.1209,0.1799,0.0795,0.0822,0.0825,0.1037,0.1579,0.0675,0.1153,0.0621,0.0702,0.0816
47007,Bledsoe Co.,Tennessee,35.5648,-85.2669,9824,no (<0.5 psi),0.0000,0.0000,0.0775,0.0367,0.0086,0.0265,0.0161,0.0235,0.0107,0.0232,0.0121,0.0121,0.0141,0.0206,0.0147,0.0175,0.0161,0.1482,0.1445,0.1270,0.2056,0.1628,0.2259,0.1092,0.1335,0.1407,0.1476,0.0961,0.2391,0.1150,0.0978,0.1663
47009,Blount Co.,Tennessee,35.6796,-83.9102,81556,low (0.5-2 psi),0.0000,0.0000,0.4375,0.4534,0.2516,0.4202,0.2824,0.5438,0.3418,0.2509,0.3685,0.3412,0.3075,0.5597,0.2683,0.2166,0.4368,0.5837,0.6574,0.7655,0.6149,0.7068,0.6910,0.6870,0.4209,0.7295,0.6941,0.6497,0.8414,0.4636,0.5746,0.7783
47011,Bradley Co.,Tennessee,35.1721,-84.8528,70740,very high (>=10 psi),1.0000,1.0000,0.4011,0.4488,0.7154,0.3717,0.2953,0.4215,0.7378,0.3242,0.7019,0.8741,0.4446,0.4747,0.7913,0.3129,0.8218,0.5493,0.7357,0.9129,0.4916,0.4976,0.4932,0.9115,0.6603,0.8319,0.9016,0.6345,0.6706,0.8657,0.3304,0.9493
47013,Campbell Co.,Tennessee,36.3847,-84.1331,35596,no (<0.5 psi),0.0000,0.0000,0.2455,0.1734,0.0651,0.2165,0.1098,0.1376,0.1278,0.0948,0.1091,0.1244,0.0897,0.2817,0.0815,0.1126,0.0822,0.3824,0.4504,0.1124,0.2450,0.1800,0.2572,0.1193,0.1319,0.0797,0.2374,0.0777,0.1283,0.1342,0.1389,0.1025
47015,Cannon Co.,Tennessee,35.8076,-86.0529,10497,no (<0.5 psi),0.0000,0.0000,0.0827,0.0281,0.0150,0.0197,0.0101,0.0156,0.0098,0.0097,0.0170,0.0093,0.0152,0.0158,0.0125,0.0165,0.0117,0.1566,0.0975,0.0570,0.0645,0.1367,0.0994,0.0584,0.0732,0.0839,0.0553,0.0599,0.0266,0.1201,0.0923,0.0388
47017,Carroll Co.,Tennessee,35.9741,-88.4561,27904,high (5-10 psi),0.0000,1.0000,0.2012,0.1531,0.0495,0.0558,0.0958,0.0411,0.0588,0.0913,0.0425,0.0704,0.0471,0.0648,0.0542,0.0727,0.0702,0.3507,0.3280,0.1197,0.1552,0.1401,0.1082,0.1124,0.1365,0.0921,0.1021,0.1333,0.1050,0.1123,0.1490,0.1094
47019,Carter Co.,Tennessee,36.3043,-82.1544,51890,no (<0.5 psi),0.0000,0.0000,0.3194,0.3047,0.1832,0.2025,0.2423,0.2610,0.2082,0.3240,0.1958,0.1559,0.1526,0.2355,0.2133,0.2666,0.1522,0.4958,0.5146,0.3599,0.2460,0.2964,0.3542,0.4160,0.2851,0.5242,0.2962,0.3671,0.2557,0.3139,0.3797,0.2875
47021,Cheatham Co.,Tennessee,36.2489,-87.0834,23634,low (0.5-2 psi),0.0000,0.0000,0.1746,0.0978,0.1699,0.4697,0.2382,0.3387,0.1416,0.5035,0.1688,0.4122,0.2699,0.2876,0.2058,0.2410,0.1941,0.3150,0.2563,0.3431,0.4676,0.4058,0.5000,0.0983,0.4233,0.3127,0.4009,0.3411,0.2801,0.4477,0.2447,0.3742
47023,Chester Co.,Tennessee,35.4231,-88.6012,12700,no (<0.5 psi),0.0000,0.0000,0.0992,0.1018,0.0166,0.0233,0.0261,0.0263,0.0139,0.0219,0.0105,0.0210,0.0179,0.0218,0.0141,0.0203,0.0194,0.2015,0.3405,0.0572,0.1033,0.0649,0.0917,0.0430,0.0354,0.0630,0.1081,0.0557,0.0701,0.0693,0.0977,0.0395
47025,Claiborne Co.,Tennessee,36.4845,-83.6632,26258,no (<0.5 psi),0.0000,0.0000,0.1895,0.1132,0.0739,0.3601,0.0814,0.2204,0.0846,0.1268,0.0843,0.2136,0.0773,0.3986,0.0492,0.0586,0.1442,0.3374,0.2180,0.1436,0.2018,0.1549,0.2456,0.1544,0.2111,0.1024,0.1811,0.1926,0.2461,0.1045,0.1261,0.2456
47027,Clay Co.,Tennessee,36.5139,-85.5350,7599,no (<0.5 psi),0.0000,0.0000,0.0603,0.0410,0.0140,0.0098,0.0102,0.0073,0.0164,0.0098,0.0140,0.0127,0.0118,0.0113,0.0140,0.0180,0.0100,0.1190,0.0958,0.1287,0.0693,0.1394,0.0889,0.1117,0.1097,0.1346,0.1241,0.1058,0.0492,0.1693,0.1292,0.0903
47029,Cocke Co.,Tennessee,35.9544,-83.0974,29266,no (<0.5 psi),0.0000,0.0000,0.2071,0.1099,0.0359,0.1204,0.0562,0.0579,0.0367,0.0717,0.0500,0.1213,0.0247,0.0806,0.0430,0.0540,0.0469,0.3612,0.2136,0.0837,0.2376,0.0964,0.1523,0.0701,0.1241,0.1115,0.1697,0.0933,0.1345,0.0836,0.1232,0.1095
47031,Coffee Co.,Tennessee,35.4979,-86.0602,39487,very high (>=10 psi),1.0000,1.0000,0.2662,0.1493,0.1513,0.1457,0.1018,0.1464,0.1956,0.1467,0.1516,0.2432,0.1288,0.1236,0.1396,0.1319,0.1784,0.4068,0.3390,0.1454,0.2493,0.2211,0.3427,0.1386,0.1615,0.1425,0.2516,0.1438,0.0336,0.3401,0.2586,0.0773
47033,Crockett Co.,Tennessee,35.8341,-89.1820,14033,low (0.5-2 psi),0.0000,0.0000,0.1090,0.0853,0.0191,0.0362,0.0200,0.0259,0.0151,0.0103,0.0237,0.0318,0.0168,0.0440,0.0144,0.0244,0.0108,0.2175,0.2505,0.0474,0.1751,0.0305,0.1233,0.0298,0.0251,0.0445,0.1097,0.0372,0.0821,0.0426,0.0646,0.0303
47035,Cumberland Co.,Tennessee,35.9394,-84.9746,31134,low (0.5-2 psi),0.0000,0.0000,0.2203,0.1335,0.0549,0.1110,0.0585,0.0707,0.0588,0.1080,0.0540,0.1088,0.0492,0.1207,0.0547,0.0548,0.0636,0.3517,0.3451,0.3391,0.2303,0.2256,0.1803,0.3538,0.1739,0.2269,0.2260,0.2994,0.3039,0.2097,0.1948,0.2400
47037,Davidson Co.,Tennessee,36.1913,-86.7815,492320,very high (>=10 psi),1.0000,1.0000,0.8374,0.9773,0.9848,0.9709,0.9844,0.9796,0.9595,0.9542,0.9766,0.9734,0.9855,0.9740,0.9770,0.9532,0.9812,0.8920,0.9837,0.9842,0.9844,0.9880,0.9891,0.9688,0.9770,0.9810,0.9819,0.9827,0.9722,0.9872,0.9755,0.9854
47039,Decatur Co.,Tennessee,35.6132,-88.1116,10870,no (<0.5 psi),0.0000,0.0000,0.0855,0.0689,0.0339,0.0484,0.0425,0.0295,0.0327,0.0365,0.0216,0.0233,0.0511,0.0755,0.0143,0.0189,0.0270,0.1784,0.1590,0.0757,0.2245,0.1096,0.1276,0.0706,0.0883,0.0552,0.1989,0.0735,0.0812,0.0938,0.0663,0.0575
47041,DeKalb Co.,Tennessee,35.9801,-85.8383,14005,no (<0.5 psi),0.0000,0.0000,0.1087,0.0740,0.0377,0.0362,0.0261,0.0222,0.0514,0.0285,0.0461,0.0616,0.0525,0.0327,0.0338,0.0314,0.0318,0.1979,0.1718,0.0811,0.0558,0.2252,0.1096,0.0803,0.0737,0.0815,0.0570,0.0873,0.0287,0.1635,0.1542,0.0381
47043,Dickson Co.,Tennessee,36.1461,-87.3611,31629,low (0.5-2 psi),0.0000,0.0000,0.2232,0.1291,0.1370,0.1678,0.1767,0.1390,0.1716,0.1522,0.1897,0.1074,0.3049,0.1846,0.0687,0.1673,0.1695,0.3787,0.2638,0.1843,0.2300,0.1667,0.3140,0.1056,0.3233,0.1127,0.1192,0.2747,0.3027,0.1113,0.1200,0.3420
47045,Dyer Co.,Tennessee,36.0582,-89.4227,34060,low (0.5-2 psi),0.0000,0.0000,0.2370,0.2771,0.0537,0.0655,0.0397,0.0612,0.0497,0.0569,0.0740,0.0640,0.0651,0.0647,0.0659,0.0474,0.0644,0.3957,0.6043,0.2517,0.2305,0.2624,0.2439,0.1888,0.1809,0.2218,0.1576,0.2734,0.3131,0.1383,0.2218,0.2910
47047,Fayette Co.,Tennessee,35.2273,-89.4139,25319,no (<0.5 psi),0.0000,0.0000,0.1963,0.1744,0.0273,0.0861,0.0302,0.0610,0.0162,0.0749,0.0216,0.0518,0.0350,0.0748,0.0214,0.0297,0.0479,0.3219,0.5856,0.1751,0.4806,0.0736,0.2711,0.2086,0.4303,0.1750,0.3186,0.1905,0.4968,0.1438,0.1379,0.4344
47049,Fentress Co.,Tennessee,36.3559,-84.9259,15237,no (<0.5 psi),0.0000,0.0000,0.1176,0.0612,0.0211,0.0734,0.0237,0.0499,0.0219,0.0451,0.0145,0.0456,0.0262,0.0375,0.0307,0.0320,0.0217,0.2115,0.1708,0.1473,0.2043,0.1047,0.2082,0.1480,0.2082,0.1438,0.1823,0.1494,0.1649,0.1242,0.1123,0.1923
47051,Franklin Co.,Tennessee,35.1753,-86.0831,33363,very high (>=10 psi),1.0000,1.0000,0.2331,0.1699,0.0893,0.1640,0.0866,0.1005,0.1271,0.1615,0.1262,0.1372,0.1487,0.4019,0.0648,0.1132,0.1289,0.3909,0.2604,0.1455,0.1917,0.1176,0.1743,0.0956,0.1691,0.1218,0.1615,0.1039,0.1914,0.1249,0.1424,0.1348
47053,Gibson Co.,Tennessee,36.0033,-88.9438,48111,very high (>=10 psi),1.0000,1.0000,0.3087,0.2648,0.0623,0.2257,0.1147,0.2560,0.0870,0.1802,0.1024,0.2706,0.1034,0.2061,0.0783,0.0866,0.1821,0.4776,0.5088,0.2376,0.4972,0.1629,0.5924,0.1571,0.3680,0.2144,0.5067,0.2563,0.3698,0.1878,0.2451,0.3360
47055,Giles Co.,Tennessee,35.2245,-87.0215,25297,no (<0.5 psi),0.0000,0.0000,0.1851,0.1061,0.0346,0.0896,0.0347,0.0327,0.0405,0.0673,0.0413,0.0821,0.0433,0.0873,0.0486,0.0581,0.0445,0.3294,0.2755,0.0559,0.1723,0.1174,0.1400,0.0728,0.2055,0.0591,0.2268,0.0743,0.1747,0.1017,0.1358,0.1032
47057,Grainger Co.,Tennessee,36.2519,-83.5482,17211,no (<0.5 psi),0.0000,0.0000,0.1317,0.1062,0.0456,0.0330,0.0634,0.0340,0.0402,0.0442,0.0527,0.0185,0.0783,0.0843,0.0324,0.0297,0.0459,0.2529,0.3420,0.3219,0.2691,0.4618,0.2719,0.2646,0.1627,0.3796,0.2036,0.3140,0.4540,0.1609,0.1371,0.3465
47059,Greene Co.,Tennessee,36.1718,-82.9070,56097,high (5-10 psi),0.0000,1.0000,0.3370,0.2287,0.1508,0.0638,0.0877,0.0659,0.0866,0.0979,0.1271,0.0961,0.0936,0.1361,0.1098,0.0739,0.0862,0.5147,0.4818,0.5008,0.3655,0.4911,0.2954,0.4320,0.3767,0.5273,0.3418,0.5265,0.5820,0.3353,0.3005,0.4956
47061,Grundy Co.,Tennessee,35.3729,-85.6874,14110,no (<0.5 psi),0.0000,0.0000,0.1095,0.0539,0.0389,0.1124,0.0275,0.0358,0.0363,0.0346,0.0558,0.0865,0.0626,0.0768,0.0283,0.0489,0.0342,0.1991,0.1469,0.1718,0.0939,0.1624,0.1426,0.1444,0.0929,0.1046,0.0832,0.1238,0.1000,0.1535,0.1569,0.0999
47063,Hamblen Co.,Tennessee,36.2153,-83.2686,51051,no (<0.5 psi),0.0000,0.0000,0.3158,0.3427,0.5463,0.3798,0.3822,0.3133,0.5594,0.3727,0.5190,0.4205,0.6165,0.6421,0.2236,0.2170,0.5472,0.4919,0.5966,0.6002,0.2370,0.6908,0.2130,0.6141,0.3529,0.5847,0.3266,0.6673,0.6153,0.4246,0.2384,0.5609
47065,Hamilton Co.,Tennessee,35.2318,-85.1467,282614,very high (>=10 psi),1.0000,1.0000,0.7418,0.8855,0.8971,0.6615,0.6121,0.5936,0.9344,0.7065,0.9322,0.9493,0.6654,0.8885,0.9113,0.5851,0.9522,0.8269,0.8941,0.9712,0.9444,0.9387,0.9235,0.9766,0.9433,0.9704,0.9752,0.9305,0.9615,0.9733,0.9265,0.9709
47067,Hancock Co.,Tennessee,36.4913,-83.2626,6923,low (0.5-2 psi),0.0000,0.0000,0.0564,0.0200,0.0073,0.0160,0.0155,0.0088,0.0070,0.0193,0.0080,0.0090,0.0145,0.0237,0.0082,0.0091,0.0081,0.1231,0.0867,0.0588,0.0934,0.1102,0.0682,0.0725,0.1045,0.0856,0.0747,0.0614,0.1283,0.0598,0.0570,0.0819
47069,Hardeman Co.,Tennessee,35.1816,-88.9879,23411,no (<0.5 psi),0.0000,0.0000,0.1732,0.1290,0.0306,0.0632,0.0389,0.0416,0.0382,0.0708,0.0272,0.0524,0.0382,0.0683,0.0414,0.0337,0.0577,0.3131,0.3205,0.1492,0.3710,0.1488,0.2958,0.1060,0.2649,0.1248,0.2953,0.2231,0.1860,0.2210,0.2119,0.1751
47071,Hardin Co.,Tennessee,35.1494,-88.1784,22406,no (<0.5 psi),0.0000,0.0000,0.1666,0.3219,0.0494,0.0830,0.0828,0.0540,0.1053,0.0706,0.0575,0.1048,0.1100,0.1666,0.0447,0.0536,0.0469,0.3040,0.4882,0.1326,0.1441,0.1401,0.1237,0.1204,0.1222,0.0805,0.1776,0.1218,0.2119,0.1175,0.0574,0.2721
47073,Hawkins Co.,Tennessee,36.4151,-82.9537,44913,high (5-10 psi),0.0000,1.0000,0.2882,0.1858,0.1783,0.0585,0.2267,0.0452,0.1399,0.0360,0.2344,0.0650,0.2593,0.2688,0.0940,0.0684,0.1819,0.4610,0.4066,0.5955,0.2820,0.7951,0.2218,0.6263,0.2444,0.6229,0.3038,0.7926,0.7368,0.2909,0.2632,0.6716
47075,Haywood Co.,Tennessee,35.6388,-89.2698,20056,no (<0.5 psi),0.0000,0.0000,0.1511,0.1314,0.0343,0.0472,0.0422,0.0386,0.0369,0.0277,0.0456,0.0530,0.0367,0.0631,0.0644,0.0471,0.0299,0.2819,0.3443,0.1654,0.3627,0.1472,0.3061,0.1276,0.1630,0.1180,0.2995,0.1452,0.2252,0.1542,0.2478,0.1453
47077,Henderson Co.,Tennessee,35.6166,-88.4007,22025,low (0.5-2 psi),0.0000,0.0000,0.1642,0.1434,0.0260,0.0656,0.0624,0.0529,0.0293,0.0630,0.0390,0.0679,0.0349,0.0370,0.0451,0.0812,0.0262,0.3005,0.3226,0.1211,0.2710,0.2241,0.1500,0.0985,0.1366,0.1044,0.2003,0.1024,0.1775,0.1099,0.1373,0.1922
47079,Henry Co.,Tennessee,36.3124,-88.3125,28567,no (<0.5 psi),0.0000,0.0000,0.2052,0.1316,0.0785,0.1480,0.0671,0.0733,0.0874,0.1379,0.0609,0.1213,0.0950,0.1091,0.0452,0.0620,0.0771,0.3558,0.2795,0.1160,0.1534,0.1595,0.0972,0.0792,0.1270,0.0773,0.1345,0.1218,0.2225,0.0789,0.0857,0.1772
47081,Hickman Co.,Tennessee,35.7840,-87.4749,15862,no (<0.5 psi),0.0000,0.0000,0.1221,0.0618,0.0692,0.2341,0.0751,0.1057,0.0957,0.1107,0.0918,0.1332,0.1175,0.2359,0.0429,0.0974,0.0816,0.2383,0.1525,0.0926,0.2968,0.1039,0.1540,0.1074,0.2120,0.0702,0.2370,0.1316,0.2425,0.0691,0.1411,0.1403
47083,Houston Co.,Tennessee,36.2747,-87.7333,6938,very high (>=10 psi),1.0000,1.0000,0.0551,0.0397,0.0632,0.0128,0.0141,0.0098,0.0606,0.0166,0.0499,0.0562,0.0147,0.0101,0.0724,0.0127,0.0751,0.1234,0.1345,0.3860,0.0564,0.0393,0.0439,0.3392,0.0391,0.4369,0.6999,0.0422,0.0440,0.3321,0.0488,0.3039
47085,Humphreys Co.,Tennessee,36.0243,-87.7737,15887,low (0.5-2 psi),0.0000,0.0000,0.1223,0.1802,0.1807,0.0717,0.0620,0.0383,0.2794,0.0852,0.2425,0.2700,0.0900,0.0902,0.1324,0.0585,0.1602,0.2386,0.2937,0.2070,0.1938,0.1374,0.1182,0.2472,0.1289,0.1273,0.3723,0.0981,0.1640,0.1600,0.0946,0.2709
47087,Jackson Co.,Tennessee,36.3634,-85.6658,9067,no (<0.5 psi),0.0000,0.0000,0.0717,0.0282,0.0230,0.0202,0.0189,0.0231,0.0293,0.0528,0.0151,0.0235,0.0293,0.0303,0.0265,0.0281,0.0268,0.1385,0.0922,0.1780,0.1231,0.2272,0.1425,0.1156,0.2135,0.0985,0.0677,0.1531,0.0438,0.2505,0.1594,0.1233
47089,Jefferson Co.,Tennessee,36.0437,-83.4657,32493,no (<0.5 psi),0.0000,0.0000,0.2281,0.2011,0.1218,0.2082,0.1299,0.1074,0.2086,0.1683,0.1003,0.1848,0.1445,0.2290,0.0939,0.0669,0.1540,0.3614,0.4239,0.2524,0.2271,0.1690,0.2192,0.3380,0.1820,0.2127,0.2577,0.2967,0.3289,0.2051,0.1133,0.2781
47091,Johnson Co.,Tennessee,36.4394,-81.8505,14058,no (<0.5 psi),0.0000,0.0000,0.1098,0.0609,0.0268,0.0247,0.0468,0.0266,0.0262,0.0470,0.0317,0.0295,0.0207,0.0409,0.0343,0.0483,0.0268,0.2178,0.2355,0.1138,0.1850,0.2748,0.1573,0.0952,0.1725,0.1829,0.2494,0.1618,0.0926,0.1911,0.3095,0.0766
47093,Knox Co.,Tennessee,35.9902,-83.8970,326408,very high (>=10 psi),1.0000,1.0000,0.7697,0.8587,0.8503,0.8383,0.7171,0.8213,0.8844,0.7136,0.8503,0.8433,0.8646,0.9257,0.7921,0.7861,0.9156,0.8463,0.9382,0.9794,0.9853,0.9798,0.9715,0.9841,0.9636,0.9752,0.9868,0.9814,0.9856,0.9684,0.9574,0.9687
47095,Lake Co.,Tennessee,36.3454,-89.4634,8093,no (<0.5 psi),0.0000,0.0000,0.0642,0.0933,0.0500,0.0170,0.0187,0.0147,0.0311,0.0127,0.0246,0.0481,0.0312,0.0652,0.0314,0.0090,0.0351,0.1404,0.3720,0.0677,0.0545,0.0550,0.0335,0.0434,0.0345,0.0636,0.0768,0.0628,0.1104,0.0381,0.0556,0.0939
47097,Lauderdale Co.,Tennessee,35.7439,-89.6482,23674,low (0.5-2 psi),0.0000,0.0000,0.1748,0.1921,0.1270,0.1334,0.0978,0.1299,0.1665,0.1066,0.1709,0.1340,0.1681,0.3863,0.1012,0.1271,0.2758,0.3154,0.5033,0.5636,0.3681,0.4111,0.4063,0.4530,0.2706,0.4154,0.2937,0.5957,0.8022,0.3159,0.3501,0.5977
47099,Lawrence Co.,Tennessee,35.2570,-87.3974,35042,no (<0.5 psi),0.0000,0.0000,0.2424,0.1781,0.0407,0.0723,0.0777,0.0460,0.0605,0.1564,0.0512,0.0922,0.0541,0.1045,0.0520,0.0907,0.0629,0.4023,0.3105,0.0927,0.1298,0.0796,0.1084,0.1044,0.2596,0.0601,0.1362,0.1155,0.1600,0.1553,0.1008,0.1887
47101,Lewis Co.,Tennessee,35.5244,-87.4864,9672,no (<0.5 psi),0.0000,0.0000,0.0764,0.0386,0.0118,0.0269,0.0121,0.0162,0.0144,0.0191,0.0111,0.0165,0.0151,0.0597,0.0086,0.0113,0.0220,0.1625,0.1003,0.0240,0.0987,0.0316,0.0634,0.0218,0.0362,0.0266,0.1016,0.0210,0.0682,0.0430,0.0353,0.0308
47103,Lincoln Co.,Tennessee,35.1809,-86.6016,27291,low (0.5-2 psi),0.0000,0.0000,0.1975,0.0954,0.0596,0.2249,0.0508,0.0748,0.0939,0.1534,0.0555,0.2137,0.0592,0.1073,0.0571,0.1112,0.0878,0.3458,0.1756,0.1159,0.2796,0.1032,0.1697,0.0731,0.2596,0.0772,0.2905,0.0892,0.1993,0.0886,0.1670,0.1255
47105,Loudon Co.,Tennessee,35.7553,-84.2900,30183,medium (2-5 psi),0.0000,1.0000,0.2148,0.2666,0.2221,0.3558,0.1415,0.2421,0.2548,0.2537,0.1416,0.3967,0.1848,0.4317,0.2214,0.1112,0.3672,0.3448,0.5174,0.4166,0.4102,0.4492,0.3952,0.4822,0.3742,0.4098,0.5119,0.5656,0.5824,0.2598,0.3261,0.4310
47107,McMinn Co.,Tennessee,35.4441,-84.6196,42736,high (5-10 psi),0.0000,1.0000,0.2828,0.2966,0.2051,0.1501,0.1266,0.1446,0.1779,0.2099,0.1808,0.1870,0.2036,0.2027,0.1543,0.0673,0.2795,0.4258,0.4678,0.4444,0.2069,0.2335,0.2186,0.3998,0.2721,0.3368,0.1936,0.3942,0.5282,0.1633,0.1911,0.5221
47109,McNairy Co.,Tennessee,35.1815,-88.5782,22644,no (<0.5 psi),0.0000,0.0000,0.1682,0.1858,0.0237,0.0811,0.0356,0.0539,0.0245,0.0711,0.0189,0.0484,0.0245,0.0465,0.0320,0.0313,0.0350,0.3062,0.4455,0.1242,0.1080,0.1542,0.0903,0.0918,0.1241,0.0898,0.0914,0.1200,0.1513,0.0784,0.0711,0.1450
47111,Macon Co.,Tennessee,36.5269,-86.0140,15813,no (<0.5 psi),0.0000,0.0000,0.1218,0.0430,0.0591,0.0492,0.0588,0.0456,0.0632,0.0698,0.0475,0.0322,0.1172,0.0468,0.0597,0.0443,0.0506,0.2176,0.1448,0.2023,0.1635,0.2429,0.1718,0.2043,0.2267,0.1400,0.1147,0.2181,0.1259,0.2659,0.2038,0.1903
47113,Madison Co.,Tennessee,35.6071,-88.8424,77093,low (0.5-2 psi),0.0000,0.0000,0.4230,0.4272,0.1589,0.1864,0.1515,0.2027,0.1490,0.3366,0.1417,0.2446,0.1302,0.2277,0.1430,0.1490,0.2913,0.5905,0.6836,0.3325,0.4330,0.3555,0.4074,0.2923,0.4800,0.2441,0.4965,0.3144,0.5056,0.3800,0.4205,0.4406
47115,Marion Co.,Tennessee,35.1514,-85.6260,24348,medium (2-5 psi),0.0000,1.0000,0.1791,0.2558,0.3558,0.1016,0.0530,0.0573,0.3320,0.0521,0.4157,0.5922,0.0408,0.1827,0.3737,0.0543,0.4848,0.2986,0.3968,0.8412,0.2326,0.2722,0.2670,0.8312,0.1914,0.8177,0.8008,0.2382,0.2909,0.7837,0.1618,0.8031
47117,Marshall Co.,Tennessee,35.4863,-86.7769,20327,no (<0.5 psi),0.0000,0.0000,0.1529,0.0588,0.0513,0.0857,0.0694,0.0530,0.0505,0.0714,0.0372,0.0894,0.0529,0.0696,0.0616,0.0549,0.0676,0.2845,0.1413,0.0846,0.1557,0.1310,0.1504,0.0860,0.1720,0.0715,0.1548,0.0899,0.1488,0.1098,0.1412,0.1212
47119,Maury Co.,Tennessee,35.6317,-87.0784,52191,no (<0.5 psi),0.0000,0.0000,0.3273,0.1896,0.0709,0.1514,0.1510,0.1367,0.1053,0.1463,0.1199,0.1743,0.1186,0.1126,0.1054,0.2364,0.0977,0.4972,0.3884,0.0880,0.2461,0.1346,0.1403,0.1011,0.2396,0.0688,0.2195,0.1271,0.1254,0.1380,0.2048,0.1020
47121,Meigs Co.,Tennessee,35.5182,-84.8022,7568,medium (2-5 psi),0.0000,1.0000,0.0601,0.0473,0.0107,0.0271,0.0227,0.0126,0.0118,0.0172,0.0116,0.0133,0.0247,0.0440,0.0115,0.0112,0.0162,0.1185,0.1783,0.1745,0.1430,0.1331,0.1172,0.1751,0.1438,0.2112,0.2284,0.2181,0.3951,0.1363,0.1253,0.2589
47123,Monroe Co.,Tennessee,35.4377,-84.2159,29910,low (0.5-2 psi),0.0000,0.0000,0.2132,0.1769,0.0409,0.0918,0.0450,0.0478,0.0515,0.0488,0.0625,0.0648,0.0503,0.1124,0.0518,0.0501,0.0346,0.3428,0.3498,0.2498,0.2037,0.1570,0.1305,0.2636,0.1078,0.2376,0.2142,0.2303,0.4479,0.1437,0.1737,0.2242
47125,Montgomery Co.,Tennessee,36.4862,-87.3700,90741,very high (>=10 psi),1.0000,1.0000,0.4653,0.2529,0.2726,0.4359,0.2822,0.3734,0.3627,0.4241,0.2781,0.3519,0.4324,0.2476,0.2688,0.4473,0.2777,0.6279,0.4068,0.2976,0.3403,0.3402,0.3104,0.2976,0.4460,0.3103,0.4643,0.3741,0.3977,0.2744,0.5143,0.1904
47127,Moore Co.,Tennessee,35.2675,-86.3608,4882,high (5-10 psi),0.0000,1.0000,0.0387,0.0181,0.0094,0.0150,0.0068,0.0084,0.0084,0.0251,0.0069,0.0179,0.0098,0.0112,0.0071,0.0131,0.0133,0.0911,0.0614,0.0309,0.0638,0.0453,0.0442,0.0376,0.0566,0.0395,0.0626,0.0287,0.0354,0.0363,0.0680,0.0217
47129,Morgan Co.,Tennessee,36.1424,-84.6652,17193,medium (2-5 psi),0.0000,1.0000,0.1315,0.0756,0.0209,0.0726,0.0279,0.0446,0.0338,0.0427,0.0296,0.0720,0.0263,0.0602,0.0344,0.0310,0.0350,0.2320,0.2063,0.1085,0.2192,0.2903,0.1914,0.1235,0.1489,0.0886,0.2408,0.1238,0.0813,0.1307,0.2088,0.1010
47131,Obion Co.,Tennessee,36.3645,-89.1726,32947,low (0.5-2 psi),0.0000,0.0000,0.2307,0.2064,0.0369,0.1033,0.0381,0.0590,0.0433,0.1170,0.0337,0.0742,0.0489,0.0759,0.0370,0.0451,0.0709,0.3880,0.4923,0.1365,0.2305,0.1231,0.2119,0.1040,0.1805,0.1031,0.2020,0.1325,0.2432,0.0761,0.1055,0.2072
47133,Overton Co.,Tennessee,36.3400,-85.3091,17640,no (<0.5 psi),0.0000,0.0000,0.1346,0.0629,0.0439,0.0591,0.0262,0.0393,0.0552,0.0688,0.0285,0.0457,0.0382,0.0319,0.0516,0.0408,0.0455,0.2365,0.1776,0.1035,0.1162,0.0822,0.1700,0.0782,0.2176,0.0868,0.1031,0.1318,0.0651,0.1466,0.1158,0.1237
47135,Perry Co.,Tennessee,35.6320,-87.8588,6496,no (<0.5 psi),0.0000,0.0000,0.0516,0.0343,0.0092,0.0108,0.0090,0.0109,0.0142,0.0100,0.0130,0.0076,0.0136,0.0129,0.0063,0.0076,0.0090,0.1166,0.1083,0.0410,0.0611,0.0554,0.0472,0.0339,0.0459,0.0207,0.0540,0.0350,0.0220,0.0378,0.0429,0.0232
47137,Pickett Co.,Tennessee,36.5146,-85.1511,4497,no (<0.5 psi),0.0000,0.0000,0.0356,0.0102,0.0057,0.0123,0.0078,0.0086,0.0068,0.0087,0.0076,0.0094,0.0063,0.0104,0.0097,0.0183,0.0085,0.0745,0.0380,0.0374,0.0921,0.0832,0.0719,0.0348,0.0542,0.0666,0.0672,0.0392,0.0570,0.0459,0.0712,0.0334
47139,Polk Co.,Tennessee,35.1284,-84.5133,13746,low (0.5-2 psi),0.0000,0.0000,0.1069,0.0822,0.0226,0.0313,0.0250,0.0211,0.0217,0.0269,0.0319,0.0343,0.0230,0.0309,0.0292,0.0343,0.0221,0.1950,0.1843,0.0453,0.0903,0.0385,0.0803,0.0478,0.1018,0.0695,0.0876,0.0472,0.1452,0.0412,0.0585,0.0761
47141,Putnam Co.,Tennessee,36.1416,-85.4568,49018,no (<0.5 psi),0.0000,0.0000,0.3129,0.1699,0.1498,0.1734,0.0795,0.1265,0.2254,0.1534,0.1281,0.2131,0.0994,0.1536,0.1318,0.1271,0.1834,0.4591,0.3766,0.2101,0.3223,0.2382,0.3427,0.1445,0.2537,0.1878,0.3654,0.1620,0.0848,0.3100,0.2872,0.1312
47143,Rhea Co.,Tennessee,35.6159,-84.9153,24333,low (0.5-2 psi),0.0000,0.0000,0.1790,0.2148,0.0788,0.1574,0.0954,0.1094,0.1054,0.1729,0.0803,0.1559,0.0913,0.1877,0.1038,0.0612,0.1549,0.2985,0.3767,0.2179,0.2800,0.2482,0.2595,0.3056,0.2432,0.2124,0.2529,0.2381,0.2075,0.2294,0.1755,0.2759
47145,Roane Co.,Tennessee,35.8463,-84.5457,48800,very high (>=10 psi),1.0000,1.0000,0.3119,0.9842,0.9537,0.1653,0.7929,0.1764,0.9413,0.2516,0.9492,0.8856,0.8720,0.4774,0.9407,0.6426,0.9271,0.4580,0.9954,0.9605,0.3874,0.9244,0.4264,0.9534,0.3821,0.9557,0.6832,0.9511,0.7213,0.9471,0.8725,0.8254
47147,Robertson Co.,Tennessee,36.5033,-86.8817,38404,low (0.5-2 psi),0.0000,0.0000,0.2605,0.0957,0.1008,0.3126,0.1945,0.1525,0.1295,0.3057,0.1262,0.1714,0.2143,0.1799,0.1213,0.2579,0.0995,0.4002,0.3977,0.4078,0.5221,0.5615,0.5031,0.3506,0.5419,0.3714,0.4761,0.5175,0.3353,0.4808,0.3852,0.5512
47149,Rutherford Co.,Tennessee,35.8594,-86.3921,97914,low (0.5-2 psi),0.0000,0.0000,0.4852,0.2769,0.2582,0.5990,0.3108,0.6148,0.3305,0.5907,0.2888,0.5690,0.4632,0.3301,0.2797,0.4106,0.3429,0.6268,0.6010,0.5406,0.6842,0.6173,0.7620,0.3703,0.7853,0.5650,0.6371,0.5641,0.6082,0.5035,0.5022,0.5629
47151,Scott Co.,Tennessee,36.3829,-84.5114,19472,no (<0.5 psi),0.0000,0.0000,0.1472,0.0768,0.0265,0.1097,0.0278,0.0579,0.0355,0.0491,0.0337,0.0829,0.0264,0.0669,0.0465,0.0336,0.0377,0.2546,0.1904,0.1063,0.1527,0.1089,0.1306,0.1090,0.1067,0.1290,0.1699,0.0787,0.0603,0.1032,0.1041,0.0724
47153,Sequatchie Co.,Tennessee,35.3559,-85.3691,8768,low (0.5-2 psi),0.0000,0.0000,0.0694,0.0263,0.0062,0.0209,0.0078,0.0191,0.0074,0.0136,0.0078,0.0130,0.0088,0.0189,0.0104,0.0124,0.0111,0.1346,0.0932,0.1028,0.1577,0.0991,0.2276,0.0927,0.0977,0.1795,0.1400,0.0851,0.2707,0.0917,0.0968,0.1371
47155,Sevier Co.,Tennessee,35.8040,-83.5120,46467,no (<0.5 psi),0.0000,0.0000,0.3010,0.3103,0.0533,0.3697,0.1729,0.2827,0.0863,0.2143,0.0982,0.2080,0.0566,0.1471,0.0935,0.1186,0.0756,0.4461,0.4766,0.2407,0.3441,0.3004,0.4480,0.2032,0.2896,0.2137,0.2951,0.2166,0.3208,0.1932,0.2147,0.2605
47157,Shelby Co.,Tennessee,35.2033,-89.8648,789903,very high (>=10 psi),1.0000,1.0000,0.8473,0.9428,0.8688,0.9556,0.9160,0.9379,0.8945,0.9640,0.8875,0.9303,0.9372,0.9702,0.8645,0.9464,0.9399,0.9126,0.9780,0.9730,0.9761,0.9629,0.9629,0.9746,0.9747,0.9679,0.9708,0.9726,0.9854,0.9591,0.9723,0.9832
47159,Smith Co.,Tennessee,36.2548,-85.9737,14138,no (<0.5 psi),0.0000,0.0000,0.1097,0.0653,0.0554,0.0374,0.0431,0.0366,0.0546,0.0598,0.0355,0.0483,0.0726,0.0362,0.0548,0.0509,0.0284,0.1994,0.1612,0.1750,0.1563,0.2239,0.1343,0.1712,0.2500,0.1210,0.2626,0.1617,0.0839,0.1995,0.1889,0.1250
47161,Stewart Co.,Tennessee,36.5054,-87.8323,9237,very high (>=10 psi),1.0000,1.0000,0.0730,0.0874,0.2636,0.0292,0.0149,0.0242,0.2804,0.0245,0.2482,0.5883,0.0158,0.0140,0.3806,0.0123,0.5050,0.1565,0.2193,0.6024,0.0927,0.0650,0.1031,0.5404,0.0838,0.6173,0.8918,0.0331,0.0351,0.6862,0.0685,0.5194
47163,Sullivan Co.,Tennessee,36.5039,-82.3126,143923,very high (>=10 psi),1.0000,1.0000,0.5713,0.6785,0.6624,0.8139,0.7745,0.8559,0.7830,0.8275,0.7658,0.6348,0.7557,0.8099,0.7391,0.7406,0.6098,0.7249,0.7995,0.9015,0.7488,0.8784,0.8160,0.8682,0.7840,0.8850,0.7986,0.8246,0.8608,0.8573,0.7877,0.8440
47165,Sumner Co.,Tennessee,36.4442,-86.4736,93494,low (0.5-2 psi),0.0000,0.0000,0.4731,0.5155,0.9096,0.6724,0.3616,0.4943,0.9332,0.5390,0.9304,0.9632,0.4038,0.5708,0.8955,0.5025,0.8844,0.6161,0.7383,0.8793,0.6512,0.6565,0.6338,0.8319,0.6958,0.8714,0.9493,0.6027,0.6079,0.9077,0.6485,0.8617
47167,Tipton Co.,Tennessee,35.5091,-89.7598,34007,high (5-10 psi),0.0000,1.0000,0.2420,0.3123,0.1049,0.1324,0.1194,0.1612,0.0939,0.1166,0.1127,0.1222,0.0927,0.3961,0.0738,0.0928,0.2366,0.3822,0.7163,0.2872,0.1762,0.2738,0.2351,0.2358,0.2761,0.2930,0.2004,0.3001,0.3879,0.3093,0.2333,0.3102
47169,Trousdale Co.,Tennessee,36.3921,-86.1359,5703,no (<0.5 psi),0.0000,0.0000,0.0453,0.0182,0.0171,0.0174,0.0174,0.0192,0.0106,0.0412,0.0090,0.0148,0.0212,0.0140,0.0168,0.0158,0.0115,0.0924,0.0711,0.1163,0.1609,0.1569,0.1720,0.1200,0.2499,0.0801,0.1650,0.1349,0.0464,0.1221,0.1078,0.1110
47171,Unicoi Co.,Tennessee,36.1065,-82.4761,16834,no (<0.5 psi),0.0000,0.0000,0.1292,0.0555,0.0156,0.0304,0.0255,0.0260,0.0135,0.0199,0.0155,0.0304,0.0142,0.0335,0.0133,0.0306,0.0133,0.2489,0.1621,0.0619,0.3753,0.1383,0.2219,0.0723,0.0820,0.1949,0.2420,0.0975,0.2335,0.0788,0.2070,0.0885
47173,Union Co.,Tennessee,36.3019,-83.8313,12499,no (<0.5 psi),0.0000,0.0000,0.0977,0.0648,0.0217,0.1265,0.0415,0.0652,0.0221,0.0507,0.0252,0.0852,0.0350,0.0791,0.0400,0.0526,0.0237,0.1807,0.2359,0.1700,0.2086,0.1255,0.1504,0.1724,0.1919,0.1520,0.1979,0.1320,0.2393,0.1191,0.1306,0.1145
47175,Van Buren Co.,Tennessee,35.6913,-85.4484,4977,no (<0.5 psi),0.0000,0.0000,0.0395,0.0213,0.0081,0.0235,0.0069,0.0119,0.0090,0.0111,0.0094,0.0139,0.0095,0.0179,0.0064,0.0149,0.0103,0.0817,0.0796,0.1227,0.0817,0.0595,0.0894,0.0788,0.0573,0.1052,0.1174,0.0616,0.0716,0.1067,0.0711,0.1075
47177,Warren Co.,Tennessee,35.6770,-85.7952,32944,no (<0.5 psi),0.0000,0.0000,0.2307,0.1717,0.0915,0.1752,0.0422,0.0891,0.1396,0.2274,0.0541,0.1482,0.0833,0.1485,0.0804,0.0739,0.1323,0.3645,0.3205,0.1476,0.1184,0.1571,0.1692,0.1076,0.1405,0.1271,0.2106,0.1202,0.0365,0.3167,0.2174,0.0975
47179,Washington Co.,Tennessee,36.2783,-82.4870,90698,very high (>=10 psi),1.0000,1.0000,0.4538,0.4647,0.3673,0.3799,0.3641,0.5312,0.3416,0.4193,0.3588,0.3167,0.3472,0.4990,0.2658,0.2669,0.3266,0.6278,0.7053,0.7129,0.5640,0.6879,0.5088,0.6474,0.4833,0.7302,0.5448,0.6491,0.7296,0.5334,0.5336,0.6320
47181,Wayne Co.,Tennessee,35.2431,-87.7801,14128,no (<0.5 psi),0.0000,0.0000,0.1096,0.0837,0.0294,0.0971,0.0239,0.0466,0.0325,0.0659,0.0245,0.0381,0.0277,0.0276,0.0233,0.0458,0.0284,0.2186,0.1976,0.0329,0.0887,0.0405,0.0717,0.0382,0.0577,0.0274,0.0640,0.0357,0.0624,0.0415,0.0404,0.0319
47183,Weakley Co.,Tennessee,36.3078,-88.7397,32465,low (0.5-2 psi),0.0000,0.0000,0.2280,0.1732,0.0445,0.0390,0.0507,0.0296,0.0387,0.0449,0.0554,0.0454,0.0576,0.1000,0.0323,0.0430,0.0624,0.3847,0.4113,0.1139,0.1680,0.0926,0.1459,0.0774,0.1515,0.0721,0.1277,0.1091,0.1337,0.0837,0.1428,0.1334
47185,White Co.,Tennessee,35.9378,-85.4560,19704,no (<0.5 psi),0.0000,0.0000,0.1487,0.0790,0.0499,0.1216,0.0254,0.0589,0.0500,0.0870,0.0298,0.0831,0.0485,0.0661,0.0523,0.0348,0.0718,0.2568,0.2410,0.1277,0.1824,0.1036,0.1754,0.0997,0.1984,0.0731,0.1956,0.0965,0.0497,0.2145,0.1353,0.1104
47187,Williamson Co.,Tennessee,35.8735,-86.9156,68042,low (0.5-2 psi),0.0000,0.0000,0.3913,0.2414,0.1994,0.7636,0.3601,0.5420,0.2488,0.5234,0.3466,0.6199,0.3677,0.5530,0.2398,0.5977,0.2088,0.5610,0.5590,0.3000,0.7396,0.2495,0.4916,0.2459,0.5490,0.2315,0.6446,0.3271,0.5859,0.2800,0.4346,0.2081
47189,Wilson Co.,Tennessee,36.1593,-86.3244,60979,low (0.5-2 psi),0.0000,0.0000,0.3642,0.2437,0.6037,0.5392,0.2115,0.4141,0.6423,0.5284,0.6734,0.8862,0.1822,0.3461,0.6626,0.3394,0.6349,0.5128,0.6972,0.8690,0.6713,0.5516,0.6083,0.8289,0.6524,0.8741,0.9439,0.5370,0.4920,0.8777,0.5602,0.8500
48003,Andrews Co.,Texas,32.3045,-102.6374,16345,no (<0.5 psi),0.0000,0.0000,0.1258,0.0342,0.0309,0.1903,0.0233,0.0930,0.0461,0.1118,0.0211,0.2177,0.0441,0.1216,0.0119,0.0186,0.0614,0.2426,0.0539,0.1070,0.1404,0.1602,0.1229,0.1247,0.1347,0.1126,0.0810,0.1901,0.1414,0.0782,0.1161,0.0788
48005,Angelina Co.,Texas,31.2760,-94.6354,68500,no (<0.5 psi),0.0000,0.0000,0.3840,0.3593,0.3595,0.8276,0.3662,0.8329,0.3155,0.6521,0.3864,0.8348,0.4558,0.5945,0.4206,0.4235,0.5906,0.5414,0.4730,0.4969,0.7664,0.5258,0.8447,0.5096,0.6065,0.5102,0.7484,0.6492,0.6711,0.4154,0.5153,0.6050
48007,Aransas Co.,Texas,28.1118,-97.0707,17707,low (0.5-2 psi),0.0000,0.0000,0.1351,0.1799,0.2349,0.1844,0.1093,0.1046,0.2186,0.2918,0.1925,0.1457,0.2225,0.3775,0.2736,0.1012,0.3694,0.2372,0.4326,0.6112,0.4671,0.3502,0.3466,0.5184,0.6300,0.3466,0.3721,0.5062,0.5691,0.5061,0.2612,0.6676
48009,Archer Co.,Texas,33.6504,-98.6876,8041,low (0.5-2 psi),0.0000,0.0000,0.0468,0.0240,0.0055,0.0819,0.0097,0.0532,0.0078,0.0150,0.0060,0.0467,0.0083,0.0230,0.0089,0.0142,0.0083,0.1346,0.0946,0.0229,0.1603,0.0182,0.0934,0.0231,0.0889,0.0162,0.1572,0.0247,0.0543,0.0257,0.0330,0.0384
48011,Armstrong Co.,Texas,34.9651,-101.3569,2054,medium (2-5 psi),0.0000,1.0000,0.0102,0.0038,0.0112,0.0063,0.0170,0.0104,0.0108,0.0140,0.0089,0.0099,0.0126,0.0233,0.0107,0.0135,0.0178,0.0448,0.0293,0.1691,0.1197,0.1870,0.2522,0.1382,0.0973,0.1931,0.0998,0.1926,0.1696,0.1516,0.1588,0.1515
48013,Atascosa Co.,Texas,28.9861,-98.5457,28746,low (0.5-2 psi),0.0000,0.0000,0.2063,0.0524,0.1437,0.3221,0.2424,0.3141,0.2534,0.1739,0.2017,0.2652,0.1845,0.0832,0.3618,0.3625,0.1941,0.3340,0.1361,0.4978,0.4310,0.4193,0.3907,0.5775,0.5204,0.4438,0.3220,0.5133,0.4075,0.4280,0.5434,0.5152
48017,Bailey Co.,Texas,34.1615,-102.8290,7769,low (0.5-2 psi),0.0000,0.0000,0.0692,0.0632,0.0320,0.0212,0.0123,0.0867,0.0270,0.0152,0.0363,0.0365,0.0150,0.0392,0.0307,0.0082,0.0752,0.1311,0.0615,0.0663,0.0434,0.0551,0.1775,0.0315,0.0853,0.0650,0.0579,0.0714,0.1543,0.0642,0.0333,0.2227
48019,Bandera Co.,Texas,29.7505,-99.2253,9109,no (<0.5 psi),0.0000,0.0000,0.0881,0.0077,0.0155,0.0332,0.0295,0.0836,0.0129,0.0187,0.0181,0.0399,0.0187,0.0404,0.0184,0.0370,0.0251,0.1593,0.0450,0.1193,0.0496,0.1070,0.1141,0.1206,0.0657,0.1278,0.0511,0.1459,0.1849,0.0691,0.1019,0.1566
48021,Bastrop Co.,Texas,30.0986,-97.3270,34545,high (5-10 psi),0.0000,1.0000,0.2447,0.2001,0.2511,0.3183,0.1472,0.3000,0.2313,0.1542,0.3098,0.3225,0.1916,0.1535,0.2499,0.1856,0.2201,0.3856,0.3473,0.5040,0.3037,0.4682,0.3487,0.5877,0.5356,0.5671,0.3058,0.5120,0.3469,0.4396,0.4191,0.5213
48023,Baylor Co.,Texas,33.5662,-99.2132,4858,no (<0.5 psi),0.0000,0.0000,0.0269,0.0162,0.0042,0.0246,0.0065,0.0137,0.0054,0.0090,0.0041,0.0312,0.0063,0.0115,0.0048,0.0047,0.0072,0.0908,0.0624,0.0150,0.0726,0.0165,0.0617,0.0185,0.0532,0.0100,0.1078,0.0182,0.0386,0.0173,0.0180,0.0344
48025,Bee Co.,Texas,28.4280,-97.7131,26536,very high (>=10 psi),1.0000,1.0000,0.1928,0.0760,0.2395,0.2161,0.1314,0.4722,0.2745,0.1786,0.3554,0.1383,0.2034,0.2926,0.2203,0.2395,0.3040,0.3167,0.1168,0.2953,0.2401,0.1744,0.3680,0.3456,0.2639,0.3331,0.2694,0.3600,0.3469,0.1548,0.1748,0.4325
48029,Bexar Co.,Texas,29.3488,-98.5083,1122089,very high (>=10 psi),1.0000,1.0000,0.9245,0.9820,0.9830,0.9838,0.9757,0.9716,0.9881,0.9628,0.9827,0.9827,0.9609,0.9756,0.9817,0.9677,0.9749,0.9490,0.9928,0.9925,0.9907,0.9878,0.9845,0.9926,0.9719,0.9899,0.9843,0.9850,0.9802,0.9880,0.9916,0.9787
48031,Blanco Co.,Texas,30.2474,-98.4020,5376,no (<0.5 psi),0.0000,0.0000,0.0565,0.0057,0.0171,0.0156,0.0449,0.0250,0.0107,0.0119,0.0199,0.0226,0.0173,0.0176,0.0154,0.0208,0.0229,0.1055,0.0417,0.2381,0.0992,0.3110,0.1887,0.2823,0.0936,0.3998,0.1317,0.2492,0.2538,0.1395,0.1837,0.2234
48033,Borden Co.,Texas,32.7443,-101.4316,846,no (<0.5 psi),0.0000,0.0000,0.0089,0.0028,0.0067,0.0470,0.0057,0.0301,0.0093,0.0270,0.0099,0.0333,0.0141,0.0226,0.0104,0.0128,0.0189,0.0211,0.0128,0.0297,0.0983,0.0236,0.0938,0.0480,0.0589,0.0214,0.1225,0.0196,0.0796,0.0259,0.0488,0.0417
48043,Brewster Co.,Texas,29.8165,-103.0828,8426,no (<0.5 psi),0.0000,0.0000,0.0826,0.0414,0.0075,0.0326,0.0133,0.0298,0.0078,0.0221,0.0098,0.0440,0.0101,0.0226,0.0090,0.0153,0.0126,0.1501,0.1303,0.1035,0.1546,0.1317,0.1864,0.0553,0.0825,0.0964,0.1790,0.0599,0.0699,0.1314,0.1595,0.0504
48045,Briscoe Co.,Texas,34.5301,-101.2081,2214,no (<0.5 psi),0.0000,0.0000,0.0111,0.0047,0.0099,0.0562,0.0143,0.0219,0.0109,0.0256,0.0092,0.0695,0.0124,0.0471,0.0100,0.0175,0.0127,0.0477,0.0229,0.0471,0.1558,0.0623,0.2097,0.0449,0.1317,0.0592,0.1525,0.0617,0.1717,0.0552,0.0836,0.1048
48047,Brooks Co.,Texas,26.9188,-98.2027,8646,no (<0.5 psi),0.0000,0.0000,0.0844,0.0368,0.0702,0.0433,0.0254,0.0458,0.0675,0.0887,0.0601,0.0734,0.0550,0.0479,0.0510,0.0554,0.0404,0.1531,0.0756,0.2501,0.1921,0.1579,0.1963,0.1482,0.1889,0.1665,0.1601,0.2491,0.0905,0.2490,0.1486,0.1870
48049,Brown Co.,Texas,31.9132,-99.0059,34929,no (<0.5 psi),0.0000,0.0000,0.2465,0.0734,0.2723,0.3927,0.3161,0.4958,0.2739,0.3167,0.2626,0.3923,0.4059,0.2769,0.3729,0.4406,0.3994,0.3879,0.2012,0.2962,0.6001,0.4752,0.7921,0.3272,0.4961,0.2590,0.6394,0.3182,0.2600,0.5188,0.5781,0.3990
48053,Burnet Co.,Texas,30.7258,-98.1917,22368,low (0.5-2 psi),0.0000,0.0000,0.1792,0.0698,0.1722,0.2578,0.2014,0.2374,0.1643,0.1070,0.1878,0.1408,0.1852,0.1258,0.2136,0.1274,0.1060,0.2981,0.1723,0.4095,0.2321,0.4623,0.3274,0.3860,0.2238,0.4985,0.1304,0.5458,0.4854,0.3211,0.3154,0.4132
48055,Caldwell Co.,Texas,29.8516,-97.6257,26572,very high (>=10 psi),1.0000,1.0000,0.2034,0.0471,0.1295,0.1687,0.2899,0.2993,0.1307,0.1285,0.1961,0.1943,0.1847,0.1242,0.1373,0.2180,0.1370,0.3314,0.1382,0.5611,0.2785,0.7404,0.5954,0.5796,0.3267,0.5678,0.2488,0.6176,0.4487,0.5519,0.6788,0.5248
48057,Calhoun Co.,Texas,28.5102,-96.6870,21010,very high (>=10 psi),1.0000,1.0000,0.1575,0.2222,0.1889,0.1104,0.1977,0.1381,0.1702,0.2634,0.1836,0.0720,0.1985,0.1866,0.3019,0.1241,0.2488,0.2691,0.4401,0.5226,0.4120,0.3743,0.4443,0.3599,0.6790,0.2735,0.3572,0.4436,0.4618,0.4988,0.2942,0.6864
48059,Callahan Co.,Texas,32.2978,-99.3731,12747,low (0.5-2 psi),0.0000,0.0000,0.1159,0.0246,0.0414,0.1091,0.0279,0.0941,0.0433,0.0485,0.0279,0.1097,0.0476,0.0867,0.0627,0.0251,0.0972,0.2040,0.1148,0.1452,0.1611,0.0876,0.2254,0.0863,0.1080,0.1095,0.1912,0.0919,0.2327,0.0832,0.0705,0.1714
48061,Cameron Co.,Texas,26.1240,-97.5727,245894,very high (>=10 psi),1.0000,1.0000,0.6580,0.7279,0.7879,0.8432,0.6212,0.7998,0.8320,0.8546,0.8149,0.7929,0.8678,0.9211,0.6314,0.4570,0.9217,0.7853,0.8214,0.9014,0.8319,0.8725,0.9147,0.8834,0.8088,0.8682,0.8394,0.8925,0.9428,0.7162,0.7182,0.9362
48065,Carson Co.,Texas,35.4011,-101.3540,7163,very high (>=10 psi),1.0000,1.0000,0.0569,0.1621,0.0665,0.0091,0.1463,0.0197,0.0643,0.0111,0.0916,0.0072,0.0863,0.0156,0.0632,0.0906,0.0176,0.1267,0.4654,0.5227,0.1245,0.5737,0.2609,0.5209,0.1104,0.6269,0.0885,0.5449,0.1349,0.6146,0.5693,0.1703
48069,Castro Co.,Texas,34.5300,-102.2614,9925,no (<0.5 psi),0.0000,0.0000,0.0859,0.0468,0.0154,0.0185,0.0112,0.1196,0.0143,0.0346,0.0126,0.0195,0.0176,0.0265,0.0202,0.0130,0.0574,0.1576,0.0581,0.0472,0.0231,0.0541,0.1369,0.0236,0.0825,0.0444,0.0357,0.0568,0.0418,0.0632,0.0471,0.1660
48073,Cherokee Co.,Texas,31.7846,-95.1848,40089,low (0.5-2 psi),0.0000,0.0000,0.2649,0.2096,0.1413,0.2136,0.1458,0.3329,0.1742,0.2229,0.1078,0.2738,0.1207,0.1247,0.1138,0.0760,0.3196,0.4104,0.2119,0.3990,0.3044,0.5263,0.5412,0.4104,0.2574,0.4440,0.4135,0.4649,0.3196,0.4761,0.3712,0.3429
48075,Childress Co.,Texas,34.4370,-100.2070,6531,no (<0.5 psi),0.0000,0.0000,0.0373,0.0189,0.0062,0.0153,0.0058,0.0184,0.0037,0.0139,0.0048,0.0191,0.0047,0.0139,0.0065,0.0053,0.0099,0.1147,0.0581,0.0327,0.0225,0.0343,0.0540,0.0185,0.0445,0.0306,0.0384,0.0432,0.0446,0.0312,0.0199,0.0861
48077,Clay Co.,Texas,33.6515,-98.2002,10294,medium (2-5 psi),0.0000,1.0000,0.0611,0.0268,0.0124,0.0600,0.0092,0.0482,0.0114,0.0347,0.0095,0.0401,0.0152,0.0496,0.0118,0.0153,0.0263,0.1619,0.1076,0.0331,0.1395,0.0246,0.0658,0.0474,0.0734,0.0320,0.1408,0.0517,0.2127,0.0255,0.0302,0.0748
48079,Cochran Co.,Texas,33.6975,-102.8292,4625,no (<0.5 psi),0.0000,0.0000,0.0434,0.0175,0.0106,0.0149,0.0123,0.0737,0.0076,0.0174,0.0127,0.0205,0.0140,0.0076,0.0150,0.0080,0.0214,0.0873,0.0234,0.0369,0.0444,0.0568,0.1956,0.0156,0.0725,0.0326,0.0547,0.0515,0.0531,0.0425,0.0213,0.1389
48081,Coke Co.,Texas,31.8887,-100.5291,3673,no (<0.5 psi),0.0000,0.0000,0.0406,0.0060,0.0126,0.0209,0.0077,0.0290,0.0103,0.0223,0.0073,0.0270,0.0127,0.0134,0.0111,0.0077,0.0240,0.0773,0.0212,0.0283,0.0513,0.0267,0.0583,0.0238,0.0484,0.0213,0.0641,0.0324,0.0544,0.0203,0.0181,0.0515
48083,Coleman Co.,Texas,31.6627,-99.4615,10617,no (<0.5 psi),0.0000,0.0000,0.0999,0.0208,0.0374,0.0307,0.0263,0.0918,0.0251,0.0606,0.0190,0.0305,0.0363,0.0627,0.0329,0.0226,0.1037,0.1786,0.0695,0.1008,0.1045,0.0651,0.2804,0.0816,0.0939,0.0689,0.0941,0.0444,0.1276,0.0515,0.0316,0.1751
48087,Collingsworth Co.,Texas,34.8890,-100.2699,4098,no (<0.5 psi),0.0000,0.0000,0.0223,0.0094,0.0088,0.2091,0.0095,0.0908,0.0084,0.0612,0.0062,0.2695,0.0087,0.2278,0.0092,0.0122,0.0317,0.0792,0.0338,0.0412,0.2276,0.0636,0.2842,0.0254,0.1541,0.0531,0.2053,0.0532,0.2343,0.0407,0.0303,0.1464
48089,Colorado Co.,Texas,29.6022,-96.5244,20424,no (<0.5 psi),0.0000,0.0000,0.1536,0.0718,0.0819,0.1875,0.1300,0.2506,0.0619,0.1499,0.1945,0.1794,0.0819,0.1010,0.1122,0.1843,0.1721,0.2636,0.1753,0.1876,0.4468,0.1514,0.4216,0.1472,0.3940,0.2043,0.4180,0.1797,0.5131,0.1776,0.2562,0.3756
48091,Comal Co.,Texas,29.8044,-98.2945,45098,medium (2-5 psi),0.0000,1.0000,0.2921,0.0388,0.1354,0.3695,0.3733,0.2525,0.1655,0.1605,0.2360,0.2417,0.2114,0.1869,0.1940,0.3274,0.0849,0.4436,0.1457,0.7742,0.4018,0.8202,0.5742,0.7568,0.3345,0.8333,0.2712,0.8772,0.4996,0.6822,0.7786,0.4607
48093,Comanche Co.,Texas,31.9605,-98.5926,13378,no (<0.5 psi),0.0000,0.0000,0.1204,0.0292,0.0381,0.1504,0.0778,0.1875,0.0457,0.0751,0.0389,0.1437,0.0953,0.1016,0.0828,0.1217,0.0602,0.2111,0.1107,0.1944,0.2317,0.2733,0.3252,0.1884,0.1113,0.2590,0.1980,0.1902,0.1480,0.3127,0.2819,0.1093
48095,Concho Co.,Texas,31.2776,-99.8578,3073,no (<0.5 psi),0.0000,0.0000,0.0348,0.0068,0.0286,0.1042,0.0289,0.2028,0.0254,0.0302,0.0266,0.1270,0.0264,0.1373,0.0147,0.0158,0.0772,0.0666,0.0193,0.0668,0.0712,0.0992,0.1160,0.0544,0.0428,0.0638,0.0860,0.0862,0.0502,0.0687,0.0651,0.0546
48097,Cooke Co.,Texas,33.5756,-97.2149,29397,no (<0.5 psi),0.0000,0.0000,0.1774,0.0688,0.0583,0.0670,0.0761,0.1446,0.0376,0.1042,0.0537,0.0499,0.0847,0.1151,0.0787,0.0796,0.1016,0.3269,0.2831,0.2245,0.2246,0.4018,0.3954,0.2275,0.3551,0.2745,0.2149,0.2322,0.1494,0.2904,0.2888,0.2591
48101,Cottle Co.,Texas,34.0301,-100.2826,2706,no (<0.5 psi),0.0000,0.0000,0.0140,0.0076,0.0080,0.1415,0.0096,0.0715,0.0080,0.0473,0.0067,0.1213,0.0112,0.1000,0.0091,0.0141,0.0264,0.0564,0.0266,0.0397,0.1440,0.0466,0.1994,0.0379,0.1231,0.0477,0.1690,0.0523,0.1560,0.0474,0.0444,0.1299
48103,Crane Co.,Texas,31.3521,-102.5395,5241,low (0.5-2 psi),0.0000,0.0000,0.0430,0.0119,0.0065,0.0110,0.0054,0.0072,0.0055,0.0072,0.0038,0.0114,0.0080,0.0209,0.0045,0.0077,0.0124,0.1034,0.0170,0.0458,0.1258,0.0820,0.0757,0.0455,0.0756,0.0523,0.1365,0.0498,0.0634,0.0475,0.0701,0.0510
48105,Crockett Co.,Texas,30.6883,-101.3734,4720,no (<0.5 psi),0.0000,0.0000,0.0388,0.0248,0.0263,0.2288,0.0172,0.1176,0.0191,0.0738,0.0190,0.2286,0.0201,0.0941,0.0117,0.0206,0.0373,0.0950,0.0482,0.0879,0.2613,0.0731,0.3165,0.0746,0.1706,0.0706,0.2934,0.0959,0.0810,0.1349,0.0809,0.0966
48107,Crosby Co.,Texas,33.6137,-101.2997,8014,low (0.5-2 psi),0.0000,0.0000,0.0712,0.0315,0.0171,0.0326,0.0126,0.0482,0.0152,0.0303,0.0191,0.0260,0.0179,0.0192,0.0208,0.0263,0.0228,0.1343,0.1050,0.0549,0.2604,0.0556,0.2261,0.0538,0.1311,0.0591,0.2288,0.0565,0.1193,0.0890,0.0932,0.0882
48109,Culberson Co.,Texas,31.3650,-104.4948,3600,no (<0.5 psi),0.0000,0.0000,0.0399,0.0116,0.0111,0.0251,0.0179,0.0663,0.0115,0.0416,0.0117,0.0333,0.0151,0.0383,0.0133,0.0141,0.0268,0.0760,0.0299,0.0810,0.0614,0.1175,0.2360,0.0449,0.1233,0.0778,0.0774,0.0693,0.0744,0.1265,0.0812,0.1097
48111,Dallam Co.,Texas,36.2778,-102.6016,6225,no (<0.5 psi),0.0000,0.0000,0.0495,0.0388,0.0192,0.1641,0.0195,0.4308,0.0204,0.3190,0.0179,0.1568,0.0264,0.2169,0.0222,0.0200,0.1759,0.1125,0.1016,0.1207,0.2562,0.1051,0.3903,0.1508,0.5674,0.1175,0.2056,0.1521,0.7468,0.0566,0.0437,0.6683
48113,Dallas Co.,Texas,32.6811,-96.7785,1760803,very high (>=10 psi),1.0000,1.0000,0.9584,0.9736,0.9569,0.9758,0.9555,0.9706,0.9755,0.9765,0.9384,0.9726,0.9606,0.9561,0.9696,0.9492,0.9603,0.9465,0.9633,0.9701,0.9780,0.9623,0.9679,0.9724,0.9798,0.9694,0.9759,0.9620,0.9779,0.9695,0.9810,0.9793
48115,Dawson Co.,Texas,32.7420,-101.9474,15931,no (<0.5 psi),0.0000,0.0000,0.1285,0.0694,0.0280,0.0270,0.0240,0.0670,0.0326,0.0186,0.0517,0.0290,0.0458,0.0734,0.0239,0.0505,0.0399,0.2209,0.0976,0.0548,0.1381,0.1045,0.1902,0.0712,0.0984,0.0718,0.1277,0.0858,0.2669,0.1318,0.1309,0.0961
48117,Deaf Smith Co.,Texas,35.0686,-102.6047,20095,no (<0.5 psi),0.0000,0.0000,0.1554,0.0899,0.1045,0.0637,0.0937,0.2403,0.1666,0.2222,0.0875,0.0884,0.1125,0.2907,0.0945,0.0633,0.4708,0.2580,0.0937,0.1062,0.0757,0.1181,0.3657,0.0781,0.2503,0.1184,0.1117,0.0782,0.1368,0.1390,0.1284,0.3338
48121,Denton Co.,Texas,33.1976,-97.1150,211105,medium (2-5 psi),0.0000,1.0000,0.6717,0.5328,0.4349,0.5158,0.4115,0.4762,0.4749,0.3660,0.3407,0.6297,0.4633,0.4487,0.4961,0.4787,0.3876,0.7330,0.7617,0.8271,0.7469,0.8407,0.7312,0.8587,0.7055,0.8770,0.7744,0.8480,0.8769,0.8079,0.8204,0.8375
48123,DeWitt Co.,Texas,29.0553,-97.3652,19762,low (0.5-2 psi),0.0000,0.0000,0.1491,0.0540,0.0845,0.1707,0.1268,0.2297,0.1000,0.1230,0.1408,0.1322,0.1364,0.2824,0.1746,0.1997,0.1612,0.2574,0.1258,0.2415,0.3493,0.3047,0.4341,0.2111,0.2845,0.2173,0.3711,0.2381,0.2749,0.2210,0.4779,0.2213
48125,Dickens Co.,Texas,33.6157,-100.7786,3075,no (<0.5 psi),0.0000,0.0000,0.0298,0.0106,0.0099,0.0935,0.0107,0.0428,0.0092,0.0488,0.0113,0.1061,0.0124,0.0931,0.0138,0.0198,0.0307,0.0627,0.0255,0.0322,0.2263,0.0440,0.1969,0.0325,0.1062,0.0327,0.1982,0.0295,0.1755,0.0315,0.0521,0.0775
48129,Donley Co.,Texas,34.9652,-100.8138,4044,no (<0.5 psi),0.0000,0.0000,0.0219,0.0105,0.0126,0.0353,0.0129,0.0337,0.0117,0.0370,0.0112,0.0534,0.0123,0.1126,0.0104,0.0093,0.0413,0.0784,0.0466,0.0624,0.0746,0.0888,0.2218,0.0451,0.0805,0.1008,0.0932,0.0613,0.2025,0.0539,0.0487,0.1535
48135,Ector Co.,Texas,31.8687,-102.5427,133225,very high (>=10 psi),1.0000,1.0000,0.5518,0.3528,0.5511,0.6636,0.6187,0.6977,0.5649,0.7403,0.5153,0.7420,0.6466,0.7149,0.5119,0.5457,0.6987,0.6784,0.3086,0.9274,0.8655,0.8815,0.8939,0.9436,0.9099,0.9066,0.8565,0.9196,0.9013,0.8303,0.8960,0.9137
48137,Edwards Co.,Texas,29.9606,-100.3477,2225,no (<0.5 psi),0.0000,0.0000,0.0184,0.0057,0.0191,0.0597,0.0180,0.0989,0.0186,0.0662,0.0128,0.0693,0.0154,0.0187,0.0167,0.0192,0.0617,0.0507,0.0264,0.1545,0.1937,0.1235,0.3496,0.1154,0.2411,0.1147,0.2383,0.1397,0.0419,0.1880,0.1199,0.1802
48141,El Paso Co.,Texas,31.6803,-106.1681,538809,very high (>=10 psi),1.0000,1.0000,0.7968,0.9526,0.9801,0.8101,0.9658,0.9406,0.9792,0.9343,0.9728,0.9102,0.9800,0.8993,0.9751,0.9258,0.9464,0.8810,0.8835,0.9850,0.9254,0.9773,0.9765,0.9871,0.9706,0.9883,0.9084,0.9834,0.9772,0.9850,0.9804,0.9739
48149,Fayette Co.,Texas,29.8769,-96.9296,21356,low (0.5-2 psi),0.0000,0.0000,0.1731,0.2400,0.5655,0.2498,0.1178,0.1488,0.5919,0.1986,0.6311,0.7205,0.1033,0.1023,0.7617,0.1117,0.5748,0.2895,0.3565,0.8334,0.2104,0.2574,0.4517,0.7736,0.2669,0.8193,0.7782,0.2991,0.2116,0.8445,0.3435,0.8582
48151,Fisher Co.,Texas,32.7425,-100.4014,5613,no (<0.5 psi),0.0000,0.0000,0.0517,0.0269,0.0091,0.0184,0.0066,0.0217,0.0089,0.0128,0.0072,0.0209,0.0101,0.0093,0.0119,0.0104,0.0151,0.1019,0.0808,0.0259,0.0492,0.0149,0.0933,0.0288,0.0479,0.0158,0.0596,0.0207,0.0680,0.0180,0.0254,0.0559
48153,Floyd Co.,Texas,34.0729,-101.3023,8887,no (<0.5 psi),0.0000,0.0000,0.0780,0.0416,0.0182,0.0166,0.0234,0.0526,0.0114,0.0213,0.0291,0.0227,0.0219,0.0209,0.0203,0.0331,0.0248,0.1452,0.0908,0.0442,0.0674,0.0512,0.1223,0.0482,0.0550,0.0629,0.0689,0.0795,0.1022,0.0507,0.0823,0.0866
48155,Foard Co.,Texas,33.9458,-99.7615,2062,no (<0.5 psi),0.0000,0.0000,0.0103,0.0035,0.0074,0.0657,0.0056,0.0267,0.0070,0.0461,0.0056,0.0817,0.0066,0.0953,0.0060,0.0077,0.0188,0.0449,0.0270,0.0160,0.1121,0.0159,0.0832,0.0170,0.1238,0.0144,0.1182,0.0146,0.1068,0.0167,0.0179,0.0753
48165,Gaines Co.,Texas,32.7410,-102.6347,15027,no (<0.5 psi),0.0000,0.0000,0.1224,0.0573,0.0581,0.1246,0.0450,0.0996,0.0654,0.1712,0.0643,0.1879,0.0544,0.1157,0.0554,0.0715,0.1588,0.2122,0.0844,0.0479,0.1650,0.0660,0.1765,0.0667,0.1194,0.0841,0.1596,0.0863,0.1429,0.0732,0.0939,0.0965
48169,Garza Co.,Texas,33.1824,-101.2975,5785,no (<0.5 psi),0.0000,0.0000,0.0532,0.0321,0.0086,0.0289,0.0086,0.0218,0.0110,0.0206,0.0111,0.0299,0.0143,0.0191,0.0098,0.0133,0.0166,0.1043,0.0935,0.0397,0.1143,0.0301,0.0732,0.0370,0.0375,0.0302,0.0833,0.0314,0.0826,0.0253,0.0430,0.0422
48171,Gillespie Co.,Texas,30.3924,-98.9464,15756,no (<0.5 psi),0.0000,0.0000,0.1371,0.0330,0.0544,0.0484,0.0994,0.1167,0.0955,0.0541,0.0681,0.0436,0.0725,0.2191,0.0589,0.0787,0.0993,0.2366,0.1260,0.3649,0.1307,0.5058,0.3257,0.4107,0.1832,0.4290,0.1284,0.4285,0.3184,0.2746,0.3514,0.3220
48173,Glasscock Co.,Texas,31.8690,-101.5204,1411,no (<0.5 psi),0.0000,0.0000,0.0175,0.0022,0.0086,0.0956,0.0172,0.0600,0.0060,0.0317,0.0071,0.0739,0.0093,0.0664,0.0113,0.0197,0.0209,0.0343,0.0171,0.0977,0.3597,0.1037,0.2041,0.1270,0.1661,0.0718,0.3108,0.1041,0.1618,0.0846,0.1481,0.1112
48175,Goliad Co.,Texas,28.6560,-97.4675,5818,medium (2-5 psi),0.0000,1.0000,0.0462,0.0240,0.0232,0.0076,0.0073,0.0081,0.0210,0.0102,0.0204,0.0137,0.0134,0.0080,0.0227,0.0113,0.0306,0.0940,0.0425,0.0818,0.0750,0.0436,0.0882,0.0720,0.0450,0.1153,0.0653,0.0924,0.1646,0.0578,0.0416,0.1019
48177,Gonzales Co.,Texas,29.4363,-97.5088,18571,very high (>=10 psi),1.0000,1.0000,0.1410,0.0333,0.0649,0.3752,0.1404,0.4448,0.1046,0.1504,0.1540,0.2678,0.1185,0.2073,0.1038,0.2738,0.1103,0.2458,0.0720,0.1807,0.1695,0.2255,0.3641,0.1258,0.2517,0.1874,0.1468,0.1649,0.1969,0.1476,0.3575,0.1999
48179,Gray Co.,Texas,35.4011,-100.8124,27693,medium (2-5 psi),0.0000,1.0000,0.1999,0.1007,0.1148,0.1860,0.2143,0.4108,0.0878,0.2635,0.1147,0.1749,0.1136,0.4373,0.1248,0.1855,0.3311,0.3490,0.2189,0.3935,0.3426,0.5318,0.6373,0.2778,0.1957,0.4816,0.2430,0.4360,0.4646,0.4611,0.5850,0.4244
48187,Guadalupe Co.,Texas,29.6157,-97.9566,55963,medium (2-5 psi),0.0000,1.0000,0.3436,0.0825,0.1516,0.3958,0.2321,0.3947,0.2414,0.5232,0.2319,0.4453,0.2568,0.2220,0.2594,0.3942,0.2105,0.4917,0.1924,0.5417,0.5994,0.6308,0.5582,0.4826,0.5914,0.5001,0.4066,0.5586,0.4974,0.4682,0.7010,0.4054
48189,Hale Co.,Texas,34.0714,-101.8257,36510,low (0.5-2 psi),0.0000,0.0000,0.2453,0.2081,0.2671,0.3661,0.4097,0.6497,0.3059,0.4039,0.2556,0.3604,0.2905,0.5733,0.4013,0.3361,0.4335,0.3701,0.2436,0.1787,0.4160,0.2681,0.6101,0.1973,0.2837,0.2373,0.3457,0.2612,0.2693,0.2148,0.2685,0.3288
48191,Hall Co.,Texas,34.5308,-100.6808,4792,no (<0.5 psi),0.0000,0.0000,0.0265,0.0129,0.0077,0.0759,0.0115,0.0357,0.0078,0.0291,0.0068,0.1065,0.0088,0.1047,0.0100,0.0108,0.0171,0.0899,0.0339,0.0620,0.0658,0.0607,0.1641,0.0362,0.0761,0.0685,0.0668,0.0722,0.1020,0.0544,0.0516,0.1020
48195,Hansford Co.,Texas,36.2784,-101.3541,6487,no (<0.5 psi),0.0000,0.0000,0.0515,0.0344,0.0100,0.0158,0.0095,0.0570,0.0077,0.0245,0.0117,0.0141,0.0137,0.0347,0.0060,0.0117,0.0504,0.1165,0.0978,0.0512,0.0424,0.0935,0.1558,0.0441,0.0393,0.0789,0.0355,0.0539,0.0374,0.0487,0.0472,0.0806
48197,Hardeman Co.,Texas,34.3426,-99.7359,6325,no (<0.5 psi),0.0000,0.0000,0.0360,0.0160,0.0061,0.0233,0.0056,0.0170,0.0042,0.0115,0.0050,0.0261,0.0062,0.0223,0.0069,0.0050,0.0092,0.1119,0.0598,0.0339,0.0541,0.0299,0.0556,0.0158,0.0501,0.0266,0.0852,0.0361,0.1098,0.0351,0.0145,0.0787
48205,Hartley Co.,Texas,35.8972,-102.6016,4207,no (<0.5 psi),0.0000,0.0000,0.0333,0.0136,0.0100,0.0199,0.0125,0.1079,0.0100,0.1204,0.0151,0.0261,0.0106,0.0873,0.0099,0.0130,0.1597,0.0798,0.0467,0.1685,0.0407,0.0851,0.2472,0.1256,0.4226,0.1647,0.0505,0.1586,0.2408,0.0757,0.0479,0.5336
48207,Haskell Co.,Texas,33.1787,-99.7305,7397,no (<0.5 psi),0.0000,0.0000,0.0428,0.0243,0.0071,0.0711,0.0048,0.0403,0.0059,0.0157,0.0048,0.0704,0.0066,0.0312,0.0064,0.0089,0.0116,0.1263,0.0770,0.0196,0.0598,0.0153,0.0754,0.0217,0.0535,0.0173,0.0688,0.0236,0.0645,0.0178,0.0236,0.0495
48209,Hays Co.,Texas,30.1322,-98.0595,56225,low (0.5-2 psi),0.0000,0.0000,0.3351,0.0527,0.1596,0.4007,0.3470,0.3070,0.1865,0.1361,0.1896,0.3646,0.1807,0.1947,0.2314,0.4044,0.0938,0.4929,0.1932,0.5066,0.5827,0.6325,0.4912,0.5067,0.4702,0.5500,0.5026,0.6135,0.4432,0.5480,0.6648,0.3970
48211,Hemphill Co.,Texas,35.7501,-100.2699,5267,no (<0.5 psi),0.0000,0.0000,0.0418,0.0233,0.0060,0.0199,0.0113,0.0813,0.0069,0.0167,0.0101,0.0178,0.0077,0.0600,0.0089,0.0059,0.0315,0.0973,0.0617,0.0569,0.0574,0.0664,0.1613,0.0314,0.0205,0.0561,0.0645,0.0442,0.2576,0.0419,0.0295,0.1303
48215,Hidalgo Co.,Texas,26.3903,-98.1905,341145,very high (>=10 psi),1.0000,1.0000,0.7214,0.6315,0.7403,0.8910,0.6353,0.8700,0.8264,0.8185,0.8542,0.8674,0.7879,0.9009,0.6695,0.6402,0.8552,0.8308,0.7387,0.9474,0.9365,0.9445,0.9651,0.9391,0.9307,0.9353,0.9461,0.9533,0.9806,0.8810,0.9062,0.9642
48219,Hockley Co.,Texas,33.6070,-102.3425,25708,medium (2-5 psi),0.0000,1.0000,0.1887,0.0956,0.0995,0.0845,0.0921,0.1711,0.1235,0.0833,0.0815,0.0930,0.1310,0.0969,0.1532,0.1275,0.1598,0.3016,0.1519,0.1021,0.1503,0.1430,0.2509,0.1072,0.1760,0.1282,0.1716,0.1671,0.2240,0.1394,0.1380,0.1869
48221,Hood Co.,Texas,32.4150,-97.8206,23925,no (<0.5 psi),0.0000,0.0000,0.1457,0.0573,0.0742,0.0888,0.0915,0.1406,0.0917,0.0544,0.0908,0.0824,0.1210,0.0608,0.0913,0.0988,0.0561,0.2884,0.2838,0.3805,0.1710,0.4934,0.3444,0.3133,0.1464,0.4826,0.1380,0.3255,0.2271,0.4142,0.3202,0.2796
48227,Howard Co.,Texas,32.3057,-101.4352,35203,no (<0.5 psi),0.0000,0.0000,0.2478,0.1103,0.3042,0.6504,0.5760,0.6075,0.3908,0.4354,0.2953,0.5255,0.4597,0.4493,0.4571,0.6524,0.3016,0.3896,0.1747,0.4064,0.7062,0.6125,0.6827,0.5103,0.5458,0.4685,0.7711,0.3635,0.6253,0.6211,0.7432,0.4122
48229,Hudspeth Co.,Texas,31.3265,-105.4249,2725,no (<0.5 psi),0.0000,0.0000,0.0313,0.0030,0.0132,0.1522,0.0139,0.1292,0.0154,0.0417,0.0141,0.1185,0.0253,0.0772,0.0121,0.0161,0.0515,0.0602,0.0110,0.0785,0.1837,0.0833,0.3261,0.0530,0.1028,0.0842,0.2072,0.0773,0.1214,0.0790,0.0710,0.1393
48233,Hutchinson Co.,Texas,35.8402,-101.3541,28694,very high (>=10 psi),1.0000,1.0000,0.2059,0.1883,0.1814,0.1680,0.1402,0.3700,0.1304,0.2671,0.1493,0.2799,0.1455,0.4054,0.1170,0.1428,0.4492,0.3568,0.3280,0.3962,0.3659,0.5352,0.6331,0.2152,0.3354,0.4428,0.4037,0.3998,0.4520,0.5902,0.5223,0.5651
48235,Irion Co.,Texas,31.3051,-100.9808,1875,no (<0.5 psi),0.0000,0.0000,0.0225,0.0043,0.0130,0.0201,0.0092,0.0354,0.0134,0.0237,0.0104,0.0238,0.0147,0.0249,0.0120,0.0088,0.0335,0.0438,0.0085,0.0562,0.1140,0.0552,0.1937,0.0626,0.1289,0.0449,0.0916,0.0966,0.0387,0.0465,0.0543,0.0710
48237,Jack Co.,Texas,33.1388,-98.1718,7970,low (0.5-2 psi),0.0000,0.0000,0.0464,0.0155,0.0093,0.0613,0.0112,0.0712,0.0104,0.0283,0.0101,0.0472,0.0148,0.0624,0.0105,0.0179,0.0211,0.1337,0.1079,0.0312,0.1929,0.0493,0.1110,0.0437,0.0612,0.0290,0.1615,0.0481,0.1737,0.0328,0.0457,0.0574
48239,Jackson Co.,Texas,28.9684,-96.5611,13899,medium (2-5 psi),0.0000,1.0000,0.1080,0.0940,0.0309,0.0444,0.0506,0.0831,0.0311,0.0275,0.0674,0.0336,0.0435,0.0258,0.0394,0.0540,0.0580,0.1967,0.2767,0.0802,0.0532,0.0523,0.1424,0.0888,0.0896,0.0728,0.1068,0.0880,0.1347,0.0843,0.0756,0.1511
48241,Jasper Co.,Texas,30.6944,-93.9991,32283,medium (2-5 psi),0.0000,1.0000,0.2241,0.1729,0.4254,0.2641,0.2487,0.2141,0.4224,0.2964,0.3417,0.3502,0.3371,0.3551,0.3105,0.1406,0.4977,0.3599,0.1611,0.1962,0.3789,0.2683,0.3252,0.1899,0.1979,0.3081,0.5441,0.2837,0.4462,0.2078,0.2873,0.2611
48243,Jeff Davis Co.,Texas,30.7161,-104.1663,1829,no (<0.5 psi),0.0000,0.0000,0.0220,0.0069,0.0059,0.0175,0.0120,0.0574,0.0053,0.0147,0.0116,0.0221,0.0060,0.0286,0.0061,0.0116,0.0128,0.0429,0.0186,0.1043,0.1155,0.1784,0.3800,0.0462,0.0943,0.1315,0.1463,0.0829,0.1015,0.1098,0.1259,0.0928
48251,Johnson Co.,Texas,32.4339,-97.3511,86968,low (0.5-2 psi),0.0000,0.0000,0.4265,0.2349,0.1827,0.1565,0.2411,0.3199,0.1781,0.0805,0.1892,0.1037,0.2603,0.2504,0.2418,0.1964,0.2287,0.5574,0.6713,0.7654,0.7511,0.8332,0.8336,0.7313,0.6131,0.8316,0.7337,0.8095,0.8354,0.8385,0.8127,0.8068
48253,Jones Co.,Texas,32.7398,-99.8783,18257,low (0.5-2 psi),0.0000,0.0000,0.1438,0.0788,0.1175,0.2216,0.0918,0.1585,0.1014,0.1170,0.1216,0.1607,0.0943,0.0728,0.2060,0.1815,0.0539,0.2422,0.2143,0.2018,0.3591,0.1635,0.3579,0.2285,0.1570,0.2780,0.4474,0.1656,0.2447,0.3546,0.3696,0.1822
48255,Karnes Co.,Texas,28.9678,-97.8952,13340,medium (2-5 psi),0.0000,1.0000,0.1039,0.0172,0.0272,0.1033,0.0263,0.1922,0.0305,0.0216,0.0420,0.0821,0.0191,0.0649,0.0359,0.0486,0.0353,0.1904,0.0298,0.0697,0.1298,0.0918,0.2070,0.0860,0.0620,0.0785,0.1414,0.0911,0.1103,0.0673,0.1075,0.0824
48257,Kaufman Co.,Texas,32.6794,-96.2985,46503,low (0.5-2 psi),0.0000,0.0000,0.2669,0.1298,0.1632,0.4301,0.2287,0.4854,0.1467,0.2452,0.1155,0.2462,0.2682,0.2515,0.2906,0.4268,0.2886,0.4209,0.4562,0.6272,0.7750,0.6731,0.7781,0.5755,0.7608,0.5671,0.7793,0.6640,0.6935,0.6058,0.7495,0.6712
48259,Kendall Co.,Texas,29.9005,-98.6881,12516,no (<0.5 psi),0.0000,0.0000,0.1142,0.0095,0.0660,0.1186,0.1185,0.1766,0.0524,0.0581,0.0927,0.1042,0.0768,0.1954,0.0453,0.0885,0.0922,0.2013,0.0393,0.5017,0.2464,0.7036,0.4002,0.5563,0.2809,0.4934,0.2246,0.5991,0.3846,0.4027,0.5391,0.4478
48261,Kenedy Co.,Texas,26.9409,-97.7697,570,no (<0.5 psi),0.0000,0.0000,0.0077,0.0027,0.0740,0.0285,0.0251,0.0260,0.1045,0.0467,0.0825,0.0230,0.0774,0.0262,0.0530,0.0316,0.0998,0.0155,0.0100,0.3598,0.1292,0.4142,0.1514,0.2849,0.2042,0.2482,0.1346,0.5171,0.1028,0.3794,0.2018,0.2381
48263,Kent Co.,Texas,33.1836,-100.7781,1133,no (<0.5 psi),0.0000,0.0000,0.0117,0.0055,0.0081,0.0344,0.0086,0.0212,0.0086,0.0262,0.0079,0.0292,0.0129,0.0224,0.0103,0.0150,0.0161,0.0271,0.0220,0.0167,0.0812,0.0226,0.0533,0.0312,0.0651,0.0152,0.1071,0.0180,0.0604,0.0224,0.0439,0.0404
48265,Kerr Co.,Texas,30.0101,-99.3051,34592,no (<0.5 psi),0.0000,0.0000,0.2449,0.0770,0.3734,0.5545,0.4831,0.6485,0.5045,0.4279,0.4034,0.5543,0.4362,0.3975,0.4345,0.5570,0.3190,0.3858,0.2312,0.5052,0.4130,0.7030,0.5056,0.6121,0.6422,0.5061,0.4660,0.6351,0.6651,0.6503,0.6297,0.5936
48267,Kimble Co.,Texas,30.3950,-99.7094,4166,no (<0.5 psi),0.0000,0.0000,0.0453,0.0113,0.0271,0.2460,0.0401,0.5032,0.0284,0.1658,0.0173,0.2941,0.0295,0.1278,0.0339,0.0261,0.2161,0.0858,0.0320,0.0798,0.2787,0.1611,0.3611,0.0858,0.2313,0.0652,0.3187,0.0811,0.0569,0.0933,0.0747,0.1956
48269,King Co.,Texas,33.6167,-100.2555,387,no (<0.5 psi),0.0000,0.0000,0.0015,0.0008,0.0070,0.0419,0.0068,0.0206,0.0086,0.0292,0.0067,0.0359,0.0089,0.0418,0.0075,0.0145,0.0133,0.0107,0.0071,0.0224,0.0707,0.0163,0.0859,0.0314,0.0782,0.0200,0.0817,0.0177,0.0772,0.0205,0.0353,0.0596
48275,Knox Co.,Texas,33.5662,-99.7329,5443,no (<0.5 psi),0.0000,0.0000,0.0305,0.0269,0.0067,0.0150,0.0094,0.0150,0.0061,0.0119,0.0049,0.0201,0.0070,0.0180,0.0064,0.0059,0.0101,0.0994,0.0863,0.0202,0.0428,0.0182,0.0326,0.0189,0.0388,0.0179,0.0420,0.0224,0.0522,0.0200,0.0226,0.0480
48279,Lamb Co.,Texas,34.0689,-102.3512,17150,low (0.5-2 psi),0.0000,0.0000,0.1366,0.1992,0.3780,0.0389,0.0350,0.1963,0.4033,0.0353,0.3970,0.3870,0.0401,0.0667,0.4456,0.0618,0.4057,0.2323,0.1608,0.1745,0.0685,0.1431,0.2569,0.1218,0.1314,0.1634,0.1066,0.1246,0.2004,0.1864,0.0974,0.1946
48281,Lampasas Co.,Texas,31.3204,-98.2475,13013,low (0.5-2 psi),0.0000,0.0000,0.1178,0.0185,0.0672,0.2981,0.1075,0.3178,0.0729,0.1413,0.0574,0.2530,0.1429,0.2106,0.0819,0.2306,0.0959,0.2070,0.0910,0.7203,0.4061,0.6578,0.5103,0.7140,0.2761,0.6866,0.3350,0.7229,0.5878,0.4915,0.6150,0.5338
48285,Lavaca Co.,Texas,29.3597,-96.9001,19523,low (0.5-2 psi),0.0000,0.0000,0.1475,0.0657,0.0731,0.1627,0.1014,0.2274,0.0562,0.1442,0.1175,0.1395,0.0703,0.0813,0.1605,0.2338,0.0693,0.2551,0.1478,0.1667,0.3098,0.1350,0.3911,0.1358,0.3847,0.1532,0.2752,0.1615,0.1833,0.1988,0.2480,0.2436
48287,Lee Co.,Texas,30.2936,-96.8882,14082,no (<0.5 psi),0.0000,0.0000,0.1255,0.0319,0.0317,0.1367,0.0557,0.1248,0.0275,0.1043,0.0225,0.0994,0.0289,0.0483,0.0400,0.0540,0.0606,0.2189,0.0942,0.1504,0.1117,0.1616,0.1804,0.1140,0.2882,0.1280,0.1146,0.1952,0.1166,0.1306,0.1457,0.1571
48295,Lipscomb Co.,Texas,36.2779,-100.2730,4156,no (<0.5 psi),0.0000,0.0000,0.0226,0.0203,0.0179,0.0431,0.0223,0.0437,0.0158,0.0704,0.0212,0.0440,0.0237,0.1201,0.0227,0.0212,0.0875,0.0801,0.0674,0.0566,0.0516,0.0863,0.1385,0.0426,0.0671,0.0676,0.0514,0.0618,0.0881,0.0622,0.0342,0.1323
48297,Live Oak Co.,Texas,28.3978,-98.1344,9595,very high (>=10 psi),1.0000,1.0000,0.0758,0.0204,0.0156,0.0204,0.0119,0.0631,0.0119,0.0200,0.0159,0.0165,0.0177,0.0143,0.0188,0.0193,0.0222,0.1453,0.0411,0.0903,0.1583,0.0434,0.1556,0.0681,0.0565,0.0812,0.1303,0.1017,0.1216,0.0448,0.0495,0.0866
48299,Llano Co.,Texas,30.6968,-98.6868,11885,medium (2-5 psi),0.0000,1.0000,0.1095,0.0176,0.0396,0.0495,0.0728,0.0969,0.0360,0.0481,0.0311,0.0422,0.0413,0.0456,0.0405,0.0289,0.0539,0.1940,0.0556,0.3365,0.1357,0.3810,0.3226,0.3319,0.1107,0.3626,0.1163,0.2864,0.2776,0.2036,0.1890,0.2795
48301,Loving Co.,Texas,31.8103,-103.5675,83,no (<0.5 psi),0.0000,0.0000,0.0006,0.0000,0.0100,0.0279,0.0137,0.0746,0.0078,0.0206,0.0084,0.0226,0.0127,0.0308,0.0081,0.0079,0.0401,0.0028,0.0005,0.1213,0.0447,0.0640,0.0462,0.0724,0.0362,0.1077,0.0533,0.0843,0.0588,0.0666,0.0498,0.0808
48303,Lubbock Co.,Texas,33.6096,-101.8201,219679,very high (>=10 psi),1.0000,1.0000,0.6424,0.8248,0.7493,0.7123,0.7011,0.8792,0.8028,0.7804,0.8478,0.7483,0.6731,0.8968,0.8514,0.7673,0.8091,0.7398,0.7764,0.8908,0.7940,0.8699,0.8550,0.8873,0.7519,0.8933,0.7145,0.8906,0.8988,0.8033,0.8610,0.9314
48305,Lynn Co.,Texas,33.1756,-101.8162,7806,low (0.5-2 psi),0.0000,0.0000,0.0695,0.0288,0.0111,0.0337,0.0140,0.0428,0.0123,0.0277,0.0211,0.0238,0.0151,0.0139,0.0222,0.0201,0.0233,0.1316,0.0780,0.0529,0.1053,0.0500,0.1314,0.0387,0.0928,0.0443,0.1092,0.0483,0.0801,0.0724,0.0570,0.0798
48307,McCulloch Co.,Texas,31.2483,-99.3467,9196,no (<0.5 psi),0.0000,0.0000,0.0888,0.0242,0.0377,0.0456,0.0371,0.1151,0.0181,0.0223,0.0276,0.0344,0.0282,0.0299,0.0347,0.0300,0.0447,0.1604,0.0732,0.0941,0.0972,0.1293,0.2350,0.0613,0.0835,0.0717,0.0935,0.0686,0.0395,0.1194,0.1120,0.0826
48317,Martin Co.,Texas,32.3053,-101.9511,5396,no (<0.5 psi),0.0000,0.0000,0.0567,0.0101,0.0057,0.0211,0.0106,0.0203,0.0053,0.0214,0.0059,0.0199,0.0076,0.0152,0.0076,0.0116,0.0117,0.1058,0.0357,0.0576,0.2002,0.0646,0.0792,0.0539,0.1546,0.0503,0.1797,0.0644,0.1051,0.0470,0.0636,0.0631
48319,Mason Co.,Texas,30.8159,-99.2241,3656,no (<0.5 psi),0.0000,0.0000,0.0405,0.0083,0.0206,0.1429,0.0257,0.4730,0.0163,0.0520,0.0151,0.1750,0.0221,0.1799,0.0157,0.0156,0.1538,0.0770,0.0387,0.0589,0.0395,0.0698,0.0743,0.0520,0.0352,0.0749,0.0452,0.0515,0.0357,0.0383,0.0347,0.0799
48321,Matagorda Co.,Texas,28.8602,-95.9477,40331,medium (2-5 psi),0.0000,1.0000,0.2706,0.3264,0.4030,0.4233,0.3831,0.4457,0.2931,0.4873,0.3317,0.2906,0.4576,0.3696,0.4047,0.2372,0.5813,0.4119,0.4326,0.5853,0.4088,0.4222,0.5054,0.5295,0.7069,0.3661,0.4506,0.6052,0.4297,0.5752,0.2218,0.7661
48327,Menard Co.,Texas,30.8255,-99.7998,2319,no (<0.5 psi),0.0000,0.0000,0.0271,0.0056,0.0247,0.3962,0.0286,0.5158,0.0171,0.0706,0.0220,0.4369,0.0193,0.2059,0.0108,0.0162,0.1794,0.0525,0.0222,0.0719,0.3395,0.1291,0.4233,0.0979,0.1603,0.0881,0.4029,0.0747,0.0829,0.0628,0.0592,0.1001
48329,Midland Co.,Texas,31.8690,-102.0311,108601,medium (2-5 psi),0.0000,1.0000,0.4997,0.3136,0.2487,0.2809,0.2422,0.3072,0.2698,0.2209,0.2299,0.3123,0.2529,0.4506,0.1327,0.1805,0.3608,0.6371,0.2930,0.8252,0.6051,0.7963,0.7048,0.8398,0.7081,0.8087,0.5544,0.8212,0.8362,0.6106,0.7674,0.8114
48333,Mills Co.,Texas,31.4763,-98.6520,4651,no (<0.5 psi),0.0000,0.0000,0.0499,0.0110,0.0278,0.0144,0.0268,0.0440,0.0243,0.0221,0.0185,0.0169,0.0269,0.0370,0.0207,0.0221,0.0531,0.0939,0.0538,0.2113,0.0632,0.1102,0.1137,0.1793,0.0500,0.2091,0.0917,0.1589,0.0865,0.1123,0.1289,0.1259
48335,Mitchell Co.,Texas,32.3055,-100.9207,9090,no (<0.5 psi),0.0000,0.0000,0.0879,0.0265,0.0172,0.0313,0.0103,0.0338,0.0126,0.0210,0.0073,0.0272,0.0135,0.0352,0.0118,0.0193,0.0234,0.1590,0.0854,0.0203,0.0534,0.0168,0.0683,0.0260,0.0369,0.0184,0.0494,0.0183,0.0556,0.0196,0.0173,0.0401
48337,Montague Co.,Texas,33.6582,-97.7318,18457,no (<0.5 psi),0.0000,0.0000,0.1125,0.0428,0.0319,0.1899,0.0357,0.1496,0.0352,0.0970,0.0316,0.1888,0.0552,0.1851,0.0520,0.0523,0.0632,0.2440,0.1655,0.2191,0.4035,0.2217,0.3976,0.2204,0.2200,0.3388,0.4169,0.2822,0.4338,0.1753,0.2389,0.2521
48341,Moore Co.,Texas,35.8413,-101.8926,18182,low (0.5-2 psi),0.0000,0.0000,0.1383,0.0644,0.0702,0.2649,0.0886,0.2775,0.0599,0.1635,0.0723,0.3332,0.0892,0.4791,0.0439,0.0711,0.2340,0.2631,0.1925,0.2951,0.3488,0.4461,0.4912,0.2913,0.4376,0.3542,0.3819,0.3456,0.2931,0.4399,0.3956,0.4643
48345,Motley Co.,Texas,34.0740,-100.7793,1647,no (<0.5 psi),0.0000,0.0000,0.0080,0.0042,0.0098,0.0493,0.0112,0.0260,0.0082,0.0236,0.0091,0.0627,0.0079,0.0443,0.0096,0.0113,0.0095,0.0372,0.0162,0.0448,0.1545,0.0768,0.2202,0.0403,0.0811,0.0533,0.1778,0.0543,0.1017,0.0460,0.0764,0.0622
48347,Nacogdoches Co.,Texas,31.5342,-94.5937,51413,no (<0.5 psi),0.0000,0.0000,0.3173,0.2711,0.2794,0.5646,0.3177,0.5962,0.2917,0.4108,0.2768,0.5785,0.3672,0.3894,0.3336,0.3015,0.4382,0.4708,0.4111,0.5207,0.6493,0.5521,0.7521,0.5009,0.6207,0.5090,0.6609,0.6736,0.6370,0.4447,0.4763,0.6557
48351,Newton Co.,Texas,30.7144,-93.7448,13378,low (0.5-2 psi),0.0000,0.0000,0.1050,0.0626,0.0874,0.0671,0.0873,0.0274,0.0892,0.0594,0.1023,0.0563,0.1013,0.3836,0.0493,0.0328,0.1021,0.1909,0.0844,0.0995,0.0796,0.0810,0.0601,0.0830,0.0534,0.1140,0.0971,0.1124,0.2016,0.0512,0.0571,0.0808
48353,Nolan Co.,Texas,32.3040,-100.4057,17806,low (0.5-2 psi),0.0000,0.0000,0.1507,0.0424,0.0499,0.0525,0.0812,0.1165,0.0849,0.0589,0.0554,0.0616,0.0734,0.0785,0.0837,0.0845,0.0528,0.2570,0.1755,0.2730,0.2984,0.1513,0.2908,0.2809,0.1885,0.2006,0.3052,0.1878,0.3647,0.1430,0.1594,0.2625
48357,Ochiltree Co.,Texas,36.2784,-100.8155,11139,no (<0.5 psi),0.0000,0.0000,0.0875,0.0678,0.0173,0.0187,0.0285,0.1029,0.0152,0.0378,0.0217,0.0221,0.0286,0.0287,0.0171,0.0261,0.0294,0.1819,0.1518,0.0576,0.0882,0.1482,0.1791,0.0614,0.0367,0.0870,0.0861,0.0643,0.0859,0.0917,0.0863,0.0922
48359,Oldham Co.,Texas,35.4036,-102.6030,2464,low (0.5-2 psi),0.0000,0.0000,0.0193,0.0057,0.0098,0.0305,0.0141,0.0739,0.0096,0.1027,0.0110,0.0275,0.0086,0.0568,0.0094,0.0084,0.1670,0.0492,0.0268,0.0560,0.0468,0.0761,0.1320,0.0417,0.2859,0.0494,0.0543,0.0606,0.0613,0.0469,0.0271,0.2759
48363,Palo Pinto Co.,Texas,32.7554,-98.3187,25935,low (0.5-2 psi),0.0000,0.0000,0.1575,0.1488,0.0777,0.1479,0.1143,0.2510,0.0715,0.0877,0.1402,0.1638,0.0850,0.1050,0.0782,0.1362,0.0803,0.3032,0.3701,0.3050,0.2708,0.3120,0.4071,0.2522,0.1347,0.3669,0.2126,0.2717,0.4271,0.2042,0.2041,0.2815
48365,Panola Co.,Texas,32.1726,-94.3117,22074,very high (>=10 psi),1.0000,1.0000,0.1637,0.0936,0.0662,0.1548,0.0614,0.1121,0.0448,0.0630,0.0400,0.1239,0.0814,0.0522,0.0798,0.0866,0.0375,0.2788,0.1845,0.1665,0.3117,0.2353,0.3639,0.1596,0.2960,0.1814,0.2910,0.2938,0.0985,0.2507,0.2774,0.1848
48367,Parker Co.,Texas,32.7764,-97.8042,54281,low (0.5-2 psi),0.0000,0.0000,0.3028,0.1271,0.2760,0.3701,0.5434,0.5631,0.2720,0.3034,0.3179,0.1607,0.4079,0.5180,0.3622,0.4642,0.2707,0.4543,0.5801,0.6753,0.7928,0.8277,0.8233,0.6583,0.6296,0.7674,0.7795,0.6577,0.6618,0.7949,0.8517,0.5899
48369,Parmer Co.,Texas,34.5299,-102.7839,10393,low (0.5-2 psi),0.0000,0.0000,0.0894,0.0514,0.0197,0.0187,0.0134,0.1152,0.0176,0.0255,0.0182,0.0192,0.0204,0.0364,0.0197,0.0152,0.0660,0.1631,0.0450,0.0538,0.0229,0.0608,0.1380,0.0291,0.0599,0.0403,0.0339,0.0585,0.0806,0.0655,0.0405,0.2179
48371,Pecos Co.,Texas,30.7138,-102.6588,17025,no (<0.5 psi),0.0000,0.0000,0.1305,0.0696,0.0446,0.1855,0.0636,0.0825,0.0502,0.1180,0.0556,0.1516,0.0436,0.1087,0.0456,0.0802,0.0551,0.2494,0.1250,0.3558,0.3824,0.2824,0.2549,0.2936,0.3328,0.2330,0.4350,0.3609,0.3069,0.4235,0.3299,0.2517
48375,Potter Co.,Texas,35.4016,-101.8935,104190,very high (>=10 psi),1.0000,1.0000,0.5015,0.5612,0.8178,0.4940,0.5801,0.7854,0.7910,0.4532,0.8370,0.7537,0.5001,0.6870,0.8394,0.6095,0.8429,0.6586,0.7246,0.9704,0.8933,0.9472,0.9191,0.9542,0.8837,0.9685,0.9143,0.9448,0.8897,0.9360,0.9491,0.9469
48377,Presidio Co.,Texas,29.9430,-104.2378,5722,no (<0.5 psi),0.0000,0.0000,0.0596,0.0344,0.0129,0.0436,0.0135,0.0922,0.0151,0.0335,0.0165,0.0542,0.0134,0.0378,0.0155,0.0140,0.0358,0.1109,0.0967,0.1403,0.2075,0.1147,0.4592,0.0661,0.1052,0.1165,0.2467,0.0884,0.1434,0.1681,0.0727,0.0862
48381,Randall Co.,Texas,34.9656,-101.8967,83536,medium (2-5 psi),0.0000,1.0000,0.4153,0.3706,0.5620,0.4479,0.6746,0.6739,0.5995,0.5861,0.6175,0.4085,0.7082,0.6547,0.6354,0.6101,0.7545,0.5487,0.4418,0.7927,0.4463,0.7420,0.8030,0.7795,0.6267,0.7984,0.5621,0.8110,0.8110,0.7527,0.7669,0.8870
48383,Reagan Co.,Texas,31.3041,-101.5233,5225,no (<0.5 psi),0.0000,0.0000,0.0429,0.0203,0.0119,0.0397,0.0096,0.0254,0.0155,0.0282,0.0093,0.0407,0.0122,0.0325,0.0072,0.0088,0.0223,0.1031,0.0208,0.0342,0.0493,0.0521,0.0911,0.0334,0.0715,0.0313,0.0424,0.0569,0.0333,0.0364,0.0444,0.0379
48385,Real Co.,Texas,29.8598,-99.8116,2424,no (<0.5 psi),0.0000,0.0000,0.0200,0.0056,0.0100,0.3121,0.0155,0.5200,0.0093,0.0350,0.0127,0.3364,0.0125,0.0929,0.0083,0.0140,0.0705,0.0545,0.0236,0.0930,0.4636,0.1390,0.5057,0.1128,0.2397,0.1496,0.4971,0.1053,0.1497,0.0970,0.1306,0.2274
48389,Reeves Co.,Texas,31.3828,-103.6477,17026,no (<0.5 psi),0.0000,0.0000,0.1305,0.0721,0.0348,0.1153,0.0388,0.1220,0.0350,0.1043,0.0292,0.1222,0.0346,0.2598,0.0354,0.0449,0.0825,0.2494,0.1025,0.4055,0.5064,0.4193,0.3030,0.3645,0.5050,0.3201,0.5210,0.3493,0.5219,0.4350,0.4557,0.4795
48391,Refugio Co.,Texas,28.2957,-97.2002,8884,low (0.5-2 psi),0.0000,0.0000,0.0703,0.0481,0.0165,0.0276,0.0150,0.0572,0.0148,0.0122,0.0254,0.0323,0.0296,0.0248,0.0180,0.0206,0.0254,0.1361,0.1202,0.1621,0.0592,0.0829,0.0541,0.1987,0.1298,0.1135,0.0604,0.1981,0.1588,0.0817,0.0324,0.2663
48393,Roberts Co.,Texas,35.8402,-100.8126,1123,no (<0.5 psi),0.0000,0.0000,0.0085,0.0034,0.0084,0.0466,0.0131,0.1319,0.0085,0.0389,0.0108,0.0444,0.0100,0.0674,0.0108,0.0125,0.0376,0.0236,0.0213,0.0478,0.0322,0.0448,0.1165,0.0285,0.0238,0.0392,0.0363,0.0583,0.0839,0.0467,0.0229,0.1151
48399,Runnels Co.,Texas,31.8874,-99.9758,12550,low (0.5-2 psi),0.0000,0.0000,0.1144,0.0219,0.0409,0.1727,0.0441,0.1823,0.0323,0.0754,0.0335,0.1480,0.0468,0.0676,0.0746,0.0378,0.0601,0.2017,0.0823,0.0978,0.2302,0.1217,0.3476,0.0803,0.1367,0.0985,0.2055,0.0780,0.1444,0.0864,0.1077,0.1232
48401,Rusk Co.,Texas,32.1311,-94.7868,43926,very high (>=10 psi),1.0000,1.0000,0.2835,0.3439,0.5821,0.3185,0.1164,0.3637,0.5865,0.2773,0.6002,0.8777,0.1048,0.1226,0.6801,0.0907,0.7600,0.4324,0.4178,0.7284,0.5121,0.3402,0.5729,0.7757,0.5139,0.8077,0.9527,0.3690,0.2141,0.7709,0.2850,0.8253
48403,Sabine Co.,Texas,31.3768,-93.8469,9513,no (<0.5 psi),0.0000,0.0000,0.0764,0.0375,0.0240,0.0979,0.0311,0.0264,0.0204,0.0491,0.0203,0.0609,0.0277,0.0698,0.0225,0.0251,0.0293,0.1442,0.0724,0.1169,0.1114,0.1670,0.0924,0.1041,0.1171,0.0627,0.1173,0.1458,0.0670,0.0698,0.1746,0.0516
48405,San Augustine Co.,Texas,31.3763,-94.1745,8487,no (<0.5 psi),0.0000,0.0000,0.0686,0.0284,0.0100,0.0196,0.0097,0.0143,0.0131,0.0112,0.0134,0.0210,0.0122,0.0155,0.0115,0.0091,0.0140,0.1309,0.0894,0.0442,0.1077,0.0505,0.0499,0.0451,0.0624,0.0425,0.0865,0.0664,0.0449,0.0487,0.0570,0.0496
48409,San Patricio Co.,Texas,27.9988,-97.5009,61135,very high (>=10 psi),1.0000,1.0000,0.3649,0.3939,0.4886,0.3416,0.3710,0.6144,0.4337,0.6011,0.4150,0.3927,0.6280,0.3721,0.6119,0.3995,0.6676,0.5135,0.6715,0.7700,0.6440,0.6652,0.6804,0.7358,0.8316,0.6285,0.6035,0.8559,0.8497,0.7127,0.5803,0.9376
48411,San Saba Co.,Texas,31.2173,-98.8284,5815,no (<0.5 psi),0.0000,0.0000,0.0604,0.0117,0.0255,0.0522,0.0287,0.1030,0.0164,0.0582,0.0131,0.0495,0.0201,0.0610,0.0193,0.0175,0.0677,0.1124,0.0478,0.0740,0.0596,0.1580,0.1599,0.0768,0.0654,0.0680,0.0626,0.0576,0.0359,0.0695,0.0516,0.0584
48413,Schleicher Co.,Texas,30.8963,-100.5382,3261,no (<0.5 psi),0.0000,0.0000,0.0366,0.0069,0.0179,0.0185,0.0271,0.0747,0.0129,0.0300,0.0218,0.0175,0.0173,0.0250,0.0204,0.0173,0.0487,0.0700,0.0372,0.1122,0.0474,0.0884,0.1011,0.0794,0.0994,0.0817,0.0482,0.0854,0.0546,0.0637,0.0472,0.1093
48415,Scurry Co.,Texas,32.7455,-100.9157,20823,no (<0.5 psi),0.0000,0.0000,0.1599,0.1524,0.0473,0.2200,0.0516,0.1834,0.0641,0.1647,0.0546,0.2651,0.0923,0.1251,0.0801,0.1285,0.0599,0.2641,0.2266,0.1507,0.3510,0.1610,0.3348,0.1729,0.1647,0.1455,0.3979,0.1495,0.1953,0.2004,0.2158,0.1439
48417,Shackelford Co.,Texas,32.7358,-99.3537,4198,no (<0.5 psi),0.0000,0.0000,0.0229,0.0081,0.0106,0.0359,0.0087,0.0552,0.0109,0.0339,0.0070,0.0353,0.0093,0.0293,0.0082,0.0124,0.0242,0.0808,0.0494,0.0190,0.1004,0.0195,0.0708,0.0186,0.0625,0.0168,0.0864,0.0136,0.0877,0.0169,0.0192,0.0375
48419,Shelby Co.,Texas,31.7743,-94.1276,22812,no (<0.5 psi),0.0000,0.0000,0.1683,0.0955,0.0420,0.0620,0.0339,0.0674,0.0368,0.0342,0.0391,0.0530,0.0498,0.0412,0.0496,0.0265,0.0511,0.2853,0.1549,0.1185,0.1502,0.1499,0.2351,0.1107,0.1552,0.1573,0.1611,0.1723,0.0619,0.1894,0.1015,0.1404
48421,Sherman Co.,Texas,36.2774,-101.8928,3112,no (<0.5 psi),0.0000,0.0000,0.0245,0.0120,0.0106,0.0307,0.0113,0.0808,0.0113,0.0312,0.0141,0.0322,0.0130,0.0580,0.0082,0.0136,0.0827,0.0609,0.0385,0.0421,0.0486,0.0554,0.1607,0.0374,0.1073,0.0592,0.0452,0.0350,0.0890,0.0365,0.0233,0.1331
48427,Starr Co.,Texas,26.5124,-98.7862,34274,no (<0.5 psi),0.0000,0.0000,0.2433,0.1152,0.3233,0.1466,0.1141,0.1257,0.3149,0.1637,0.3240,0.1532,0.2543,0.1320,0.3272,0.1943,0.2169,0.3839,0.1162,0.2984,0.1007,0.2516,0.1511,0.2718,0.2085,0.3074,0.1184,0.2307,0.1244,0.2927,0.1838,0.1260
48429,Stephens Co.,Texas,32.7346,-98.8356,10494,low (0.5-2 psi),0.0000,0.0000,0.0624,0.0352,0.0098,0.0389,0.0087,0.0664,0.0079,0.0215,0.0068,0.0191,0.0117,0.0327,0.0085,0.0119,0.0148,0.1643,0.1127,0.0187,0.0642,0.0178,0.0627,0.0227,0.0624,0.0153,0.0772,0.0162,0.0504,0.0201,0.0250,0.0539
48431,Sterling Co.,Texas,31.8959,-101.0441,1632,no (<0.5 psi),0.0000,0.0000,0.0199,0.0027,0.0082,0.0135,0.0071,0.0115,0.0064,0.0126,0.0059,0.0187,0.0113,0.0199,0.0089,0.0099,0.0114,0.0389,0.0121,0.0662,0.0574,0.0327,0.0841,0.0651,0.0459,0.0447,0.0478,0.0598,0.0636,0.0410,0.0481,0.0707
48433,Stonewall Co.,Texas,33.1801,-100.2537,2329,no (<0.5 psi),0.0000,0.0000,0.0231,0.0124,0.0059,0.0529,0.0054,0.0195,0.0066,0.0240,0.0054,0.0468,0.0090,0.0242,0.0097,0.0120,0.0173,0.0498,0.0323,0.0177,0.1850,0.0186,0.1261,0.0222,0.1135,0.0137,0.2110,0.0168,0.1009,0.0189,0.0272,0.0726
48435,Sutton Co.,Texas,30.4980,-100.5381,5495,no (<0.5 psi),0.0000,0.0000,0.0451,0.0137,0.0191,0.0734,0.0244,0.0936,0.0195,0.0637,0.0150,0.0808,0.0150,0.0382,0.0194,0.0151,0.0515,0.1074,0.0426,0.1006,0.1494,0.1152,0.2510,0.0831,0.1257,0.0924,0.1238,0.0777,0.0916,0.0951,0.0746,0.1137
48437,Swisher Co.,Texas,34.5302,-101.7345,8937,no (<0.5 psi),0.0000,0.0000,0.0783,0.0511,0.0094,0.0120,0.0105,0.0940,0.0071,0.0200,0.0137,0.0169,0.0114,0.0253,0.0125,0.0074,0.0371,0.1458,0.0778,0.0569,0.0354,0.0500,0.1455,0.0319,0.0598,0.0570,0.0377,0.0633,0.0973,0.0630,0.0548,0.1541
48439,Tarrant Co.,Texas,32.7699,-97.2911,1043207,very high (>=10 psi),1.0000,1.0000,0.9269,0.9979,0.9841,0.9854,0.9807,0.9832,0.9866,0.9831,0.9797,0.9846,0.9860,0.9706,0.9888,0.9831,0.9731,0.9178,0.9942,0.9841,0.9792,0.9823,0.9722,0.9827,0.9825,0.9876,0.9718,0.9794,0.9813,0.9868,0.9912,0.9763
48441,Taylor Co.,Texas,32.2985,-99.8895,122466,very high (>=10 psi),1.0000,1.0000,0.5054,0.8082,0.9609,0.4859,0.9469,0.6451,0.9800,0.6299,0.9555,0.5285,0.9668,0.7000,0.9666,0.9417,0.7503,0.6617,0.8838,0.9799,0.7568,0.9691,0.8739,0.9832,0.8613,0.9812,0.7971,0.9697,0.9088,0.9810,0.9816,0.9022
48443,Terrell Co.,Texas,30.1678,-102.1625,1571,no (<0.5 psi),0.0000,0.0000,0.0129,0.0058,0.0114,0.0818,0.0113,0.0638,0.0069,0.0520,0.0075,0.0923,0.0110,0.0979,0.0081,0.0159,0.0351,0.0376,0.0242,0.1171,0.2740,0.0589,0.1441,0.0990,0.1739,0.0930,0.2835,0.0782,0.0951,0.1353,0.1086,0.1563
48445,Terry Co.,Texas,33.1740,-102.3350,14732,no (<0.5 psi),0.0000,0.0000,0.1204,0.0605,0.0593,0.1421,0.0451,0.1727,0.0717,0.1289,0.0900,0.0921,0.1119,0.1231,0.0827,0.1087,0.1412,0.2093,0.0851,0.0488,0.1127,0.0744,0.1634,0.0474,0.1443,0.0514,0.1063,0.0774,0.1360,0.1043,0.0974,0.1043
48447,Throckmorton Co.,Texas,33.1772,-99.2118,2189,no (<0.5 psi),0.0000,0.0000,0.0110,0.0045,0.0076,0.0167,0.0060,0.0164,0.0069,0.0163,0.0059,0.0136,0.0069,0.0117,0.0059,0.0086,0.0108,0.0473,0.0295,0.0136,0.0673,0.0165,0.0494,0.0215,0.0527,0.0085,0.0585,0.0133,0.0277,0.0183,0.0231,0.0253
48451,Tom Green Co.,Texas,31.3058,-100.4018,96368,very high (>=10 psi),1.0000,1.0000,0.4511,0.2133,0.6658,0.7360,0.6832,0.8823,0.6392,0.6417,0.7361,0.7702,0.7676,0.7350,0.7204,0.6980,0.7916,0.6120,0.3810,0.6654,0.7962,0.7936,0.8623,0.7286,0.7687,0.7217,0.7906,0.7615,0.7324,0.7096,0.8233,0.6444
48453,Travis Co.,Texas,30.2914,-97.7625,530511,very high (>=10 psi),1.0000,1.0000,0.7945,0.9961,0.9874,0.9374,0.9820,0.9556,0.9771,0.8932,0.9848,0.9588,0.9843,0.9015,0.9889,0.9584,0.9500,0.8795,0.9876,0.9827,0.9793,0.9822,0.9797,0.9793,0.9775,0.9822,0.9763,0.9850,0.9761,0.9843,0.9861,0.9776
48461,Upton Co.,Texas,31.2862,-102.0427,5487,low (0.5-2 psi),0.0000,0.0000,0.0450,0.0119,0.0164,0.0419,0.0118,0.0233,0.0155,0.0309,0.0101,0.0310,0.0159,0.0601,0.0081,0.0107,0.0257,0.1073,0.0228,0.0589,0.0478,0.0659,0.0500,0.0626,0.0709,0.0371,0.0634,0.0806,0.0555,0.0482,0.0535,0.0504
48465,Val Verde Co.,Texas,29.7636,-101.0491,39365,very high (>=10 psi),1.0000,1.0000,0.2613,0.1423,0.1036,0.4629,0.1997,0.4127,0.1195,0.4722,0.1385,0.5256,0.0743,0.3035,0.1957,0.3407,0.2030,0.4137,0.3486,0.5013,0.6115,0.4993,0.6776,0.5539,0.5364,0.4332,0.6944,0.5112,0.3680,0.6403,0.6415,0.4815
48469,Victoria Co.,Texas,28.7936,-96.9364,75875,low (0.5-2 psi),0.0000,0.0000,0.4189,0.3802,0.2936,0.4408,0.4587,0.5053,0.2683,0.3970,0.4066,0.5536,0.3987,0.6142,0.3462,0.4482,0.5640,0.5663,0.5858,0.6081,0.7461,0.5766,0.8213,0.5716,0.5727,0.6049,0.7947,0.6402,0.7354,0.5545,0.7668,0.6330
48475,Ward Co.,Texas,31.4583,-103.1280,15994,no (<0.5 psi),0.0000,0.0000,0.1234,0.0500,0.0247,0.0333,0.0298,0.0316,0.0206,0.0287,0.0181,0.0279,0.0274,0.0996,0.0164,0.0268,0.0324,0.2391,0.0473,0.3736,0.2110,0.3799,0.1758,0.3255,0.2232,0.3722,0.1782,0.3994,0.2605,0.2350,0.3968,0.2468
48481,Wharton Co.,Texas,29.2953,-96.2223,41561,low (0.5-2 psi),0.0000,0.0000,0.2769,0.2514,0.3543,0.1904,0.2332,0.4322,0.2594,0.2329,0.3306,0.2113,0.3842,0.2747,0.2767,0.2453,0.3764,0.4191,0.2796,0.1741,0.1757,0.1573,0.3819,0.1641,0.1152,0.1814,0.2205,0.2054,0.1045,0.2100,0.2301,0.2238
48483,Wheeler Co.,Texas,35.3027,-100.2695,7343,no (<0.5 psi),0.0000,0.0000,0.0583,0.0298,0.0083,0.0164,0.0110,0.0510,0.0071,0.0139,0.0090,0.0156,0.0109,0.0425,0.0071,0.0064,0.0244,0.1294,0.0729,0.0578,0.0506,0.0989,0.1406,0.0343,0.0225,0.0545,0.0477,0.0404,0.1168,0.0440,0.0437,0.0691
48485,Wichita Co.,Texas,33.9492,-98.6876,126136,very high (>=10 psi),1.0000,1.0000,0.5320,0.4412,0.6224,0.7431,0.5906,0.7880,0.5358,0.4322,0.5423,0.7245,0.6378,0.7431,0.5992,0.6861,0.5264,0.6358,0.5213,0.5716,0.7439,0.5231,0.8165,0.5124,0.4600,0.6895,0.6657,0.6790,0.8412,0.5556,0.6976,0.7598
48487,Wilbarger Co.,Texas,34.1416,-99.2137,16966,no (<0.5 psi),0.0000,0.0000,0.1033,0.0363,0.0204,0.1863,0.0174,0.0882,0.0141,0.0352,0.0154,0.0808,0.0157,0.0993,0.0151,0.0326,0.0208,0.2306,0.1368,0.0402,0.1715,0.0452,0.1263,0.0389,0.0807,0.0623,0.1486,0.0522,0.1606,0.0551,0.0470,0.0800
48489,Willacy Co.,Texas,26.4576,-97.7209,18373,low (0.5-2 psi),0.0000,0.0000,0.1544,0.1052,0.2995,0.1048,0.1622,0.1321,0.3958,0.1911,0.3831,0.0409,0.3039,0.1368,0.3358,0.1943,0.2023,0.2625,0.2980,0.7022,0.3752,0.5184,0.4437,0.6863,0.5573,0.5232,0.4367,0.6140,0.4036,0.6083,0.5021,0.6366
48491,Williamson Co.,Texas,30.6818,-97.6336,110657,low (0.5-2 psi),0.0000,0.0000,0.4824,0.1275,0.2990,0.5933,0.4297,0.4362,0.3114,0.3889,0.3373,0.4728,0.3756,0.5719,0.3769,0.3732,0.4250,0.6410,0.3826,0.7066,0.6576,0.8737,0.7125,0.7483,0.7775,0.7130,0.5741,0.8518,0.7710,0.7455,0.7542,0.8363
48493,Wilson Co.,Texas,29.1678,-98.0814,19158,medium (2-5 psi),0.0000,1.0000,0.1450,0.0194,0.0686,0.3187,0.1209,0.2191,0.1467,0.1278,0.1328,0.2842,0.1124,0.2447,0.1010,0.2608,0.1253,0.2516,0.1107,0.4062,0.3722,0.4269,0.3402,0.4630,0.4395,0.4398,0.3844,0.4053,0.4106,0.3160,0.4917,0.3398
48495,Winkler Co.,Texas,31.8259,-103.0626,10849,no (<0.5 psi),0.0000,0.0000,0.0865,0.0187,0.0125,0.0481,0.0095,0.0415,0.0104,0.0704,0.0120,0.0544,0.0123,0.0808,0.0098,0.0125,0.0317,0.1815,0.0376,0.1307,0.3192,0.1697,0.1648,0.1347,0.2331,0.1657,0.2901,0.1366,0.1757,0.0916,0.2182,0.2166
48497,Wise Co.,Texas,33.2158,-97.6550,31745,very high (>=10 psi),1.0000,1.0000,0.1906,0.0707,0.0538,0.1029,0.0379,0.1421,0.0598,0.1066,0.0601,0.1380,0.0560,0.1179,0.0794,0.1029,0.1053,0.3420,0.3062,0.2820,0.2402,0.2541,0.3742,0.2301,0.2349,0.3476,0.2426,0.2350,0.3775,0.2809,0.3325,0.2224
48501,Yoakum Co.,Texas,33.1737,-102.8273,9521,no (<0.5 psi),0.0000,0.0000,0.0828,0.0404,0.0139,0.0202,0.0136,0.0555,0.0077,0.0239,0.0126,0.0216,0.0127,0.0218,0.0193,0.0175,0.0261,0.1529,0.0498,0.0301,0.0466,0.0431,0.0582,0.0321,0.0578,0.0283,0.0505,0.0544,0.0455,0.0510,0.0380,0.0617
48503,Young Co.,Texas,33.1388,-98.6876,20689,very high (>=10 psi),1.0000,1.0000,0.1262,0.2273,0.0791,0.1455,0.0597,0.1182,0.0598,0.0497,0.1163,0.1501,0.0490,0.0973,0.0923,0.0670,0.0693,0.2630,0.3495,0.1814,0.2529,0.2020,0.2165,0.1303,0.1304,0.2049,0.2721,0.1386,0.2305,0.1525,0.1596,0.1792
48505,Zapata Co.,Texas,26.9465,-99.1708,8366,no (<0.5 psi),0.0000,0.0000,0.0821,0.0281,0.0381,0.0227,0.0126,0.0145,0.0324,0.0358,0.0259,0.0273,0.0395,0.0282,0.0301,0.0238,0.0251,0.1493,0.0403,0.0666,0.0531,0.0669,0.0558,0.0492,0.0672,0.0867,0.0470,0.0781,0.0514,0.0917,0.0744,0.0342
49001,Beaver Co.,Utah,38.3591,-113.2055,5087,no (<0.5 psi),0.0000,0.0000,0.0404,0.0244,0.0169,0.0288,0.0206,0.0658,0.0146,0.0141,0.0195,0.0355,0.0235,0.0695,0.0101,0.0153,0.0321,0.1007,0.0557,0.1022,0.1237,0.0739,0.1309,0.0937,0.0974,0.1193,0.0975,0.1064,0.3133,0.0978,0.1076,0.2038
49003,Box Elder Co.,Utah,41.5028,-112.9733,35948,very high (>=10 psi),1.0000,1.0000,0.2438,0.0775,0.1095,0.1399,0.1241,0.2374,0.0860,0.3085,0.0764,0.1542,0.1465,0.2806,0.1337,0.1447,0.3377,0.3670,0.0869,0.1957,0.2612,0.1156,0.1821,0.1353,0.2400,0.0816,0.2781,0.1743,0.3234,0.1446,0.0926,0.3989
49007,Carbon Co.,Utah,39.6389,-110.6009,22339,no (<0.5 psi),0.0000,0.0000,0.1662,0.1219,0.0769,0.2292,0.1259,0.2543,0.0731,0.0811,0.1885,0.1778,0.0830,0.3417,0.0485,0.0729,0.2302,0.2978,0.2602,0.1955,0.2328,0.1182,0.3112,0.1261,0.0959,0.3430,0.2308,0.1552,0.5492,0.0566,0.0879,0.2920
49011,Davis Co.,Utah,40.9735,-112.0989,169887,very high (>=10 psi),1.0000,1.0000,0.6122,0.5464,0.8700,0.7330,0.8323,0.6200,0.9055,0.7418,0.8922,0.6747,0.9008,0.8060,0.8006,0.9103,0.6954,0.6940,0.2942,0.8896,0.8420,0.8620,0.7422,0.8975,0.5031,0.8864,0.7443,0.8552,0.7981,0.7320,0.9096,0.6983
49013,Duchesne Co.,Utah,40.2950,-110.4357,15310,very high (>=10 psi),1.0000,1.0000,0.1182,0.0986,0.0353,0.1047,0.0516,0.0829,0.0426,0.0496,0.0777,0.0777,0.0723,0.2403,0.0323,0.0555,0.0682,0.2320,0.1544,0.0685,0.2548,0.1410,0.2381,0.0784,0.1607,0.0974,0.1408,0.1044,0.3523,0.0634,0.0534,0.2271
49015,Emery Co.,Utah,39.1075,-110.7060,11600,no (<0.5 psi),0.0000,0.0000,0.0910,0.1136,0.2387,0.1569,0.0595,0.2371,0.1735,0.0888,0.3127,0.5267,0.0553,0.2436,0.1815,0.0277,0.4404,0.1906,0.1580,0.1645,0.2275,0.0804,0.3114,0.1418,0.1452,0.1684,0.4280,0.0594,0.3101,0.0781,0.0645,0.3029
49017,Garfield Co.,Utah,37.8463,-111.4953,3990,no (<0.5 psi),0.0000,0.0000,0.0316,0.0356,0.0144,0.0306,0.0196,0.0429,0.0129,0.0266,0.0123,0.0240,0.0138,0.1039,0.0078,0.0126,0.0227,0.0831,0.0785,0.0661,0.0899,0.1113,0.1481,0.0761,0.0536,0.1145,0.0658,0.0755,0.2711,0.0624,0.0944,0.0840
49019,Grand Co.,Utah,38.9981,-109.6034,7391,low (0.5-2 psi),0.0000,0.0000,0.0587,0.0461,0.0319,0.1287,0.0331,0.3460,0.0260,0.2107,0.0249,0.0885,0.0319,0.3224,0.0207,0.0195,0.2530,0.1357,0.1640,0.0568,0.2224,0.0481,0.3127,0.0417,0.0964,0.0519,0.1843,0.0481,0.4605,0.0290,0.0389,0.1732
49021,Iron Co.,Utah,37.8458,-113.3127,19970,no (<0.5 psi),0.0000,0.0000,0.1646,0.0679,0.0592,0.0695,0.0449,0.0273,0.0713,0.0873,0.0327,0.0836,0.0811,0.0705,0.0477,0.0356,0.0615,0.2810,0.1869,0.4936,0.3766,0.2619,0.1116,0.4142,0.3249,0.3319,0.3262,0.5184,0.4591,0.4501,0.3220,0.3242
49023,Juab Co.,Utah,39.6658,-112.8815,6245,no (<0.5 psi),0.0000,0.0000,0.0496,0.0223,0.0290,0.0397,0.0237,0.0543,0.0279,0.0746,0.0214,0.0389,0.0411,0.0994,0.0185,0.0267,0.1198,0.1181,0.0446,0.1509,0.1556,0.1413,0.1728,0.1465,0.1480,0.1307,0.1493,0.1964,0.2274,0.2481,0.1967,0.2086
49025,Kane Co.,Utah,37.2708,-111.8831,4692,medium (2-5 psi),0.0000,1.0000,0.0440,0.0419,0.0047,0.0135,0.0074,0.0107,0.0068,0.0105,0.0042,0.0171,0.0062,0.0171,0.0078,0.0099,0.0090,0.0883,0.0504,0.0265,0.0455,0.0260,0.0321,0.0254,0.0287,0.0235,0.0532,0.0276,0.0388,0.0304,0.0368,0.0324
49027,Millard Co.,Utah,39.1799,-113.0310,13626,no (<0.5 psi),0.0000,0.0000,0.1060,0.0668,0.0613,0.0407,0.0317,0.0587,0.0597,0.1020,0.0306,0.0300,0.0788,0.0912,0.0440,0.0354,0.1115,0.2092,0.1513,0.1877,0.1159,0.1839,0.1175,0.2524,0.1756,0.1128,0.0882,0.1790,0.1503,0.2572,0.2004,0.2040
49029,Morgan Co.,Utah,41.0783,-111.6494,5181,low (0.5-2 psi),0.0000,0.0000,0.0425,0.0041,0.0092,0.0204,0.0134,0.0333,0.0086,0.0123,0.0151,0.0094,0.0107,0.0697,0.0070,0.0157,0.0265,0.0956,0.0202,0.0426,0.1232,0.0438,0.1592,0.0252,0.0447,0.0602,0.1199,0.0326,0.1570,0.0399,0.0381,0.0985
49031,Piute Co.,Utah,38.3293,-112.0912,1397,no (<0.5 psi),0.0000,0.0000,0.0107,0.0090,0.0171,0.0928,0.0194,0.1975,0.0155,0.0287,0.0481,0.1399,0.0170,0.2171,0.0083,0.0198,0.0456,0.0350,0.0198,0.0365,0.1764,0.0757,0.2014,0.0481,0.0472,0.1065,0.1773,0.0307,0.2194,0.0486,0.1380,0.0466
49035,Salt Lake Co.,Utah,40.6690,-111.9021,693445,very high (>=10 psi),1.0000,1.0000,0.8694,0.9323,0.9488,0.9513,0.9311,0.9587,0.8542,0.9100,0.9526,0.9494,0.9216,0.9264,0.9352,0.9156,0.9360,0.8864,0.8245,0.9170,0.9569,0.9135,0.9761,0.8887,0.9543,0.9089,0.9598,0.8832,0.9152,0.9328,0.9219,0.9271
49037,San Juan Co.,Utah,37.7469,-109.7443,12121,no (<0.5 psi),0.0000,0.0000,0.1020,0.1481,0.0156,0.5237,0.0313,0.1246,0.0172,0.1272,0.0192,0.4778,0.0256,0.5468,0.0296,0.0549,0.0417,0.1824,0.2067,0.0353,0.2936,0.0471,0.1979,0.0336,0.0545,0.0438,0.3206,0.0328,0.2736,0.0365,0.0590,0.0441
49039,Sanpete Co.,Utah,39.4214,-111.5235,16471,no (<0.5 psi),0.0000,0.0000,0.1264,0.0615,0.0202,0.0308,0.0373,0.0348,0.0219,0.0375,0.0477,0.0309,0.0292,0.0780,0.0218,0.0315,0.0593,0.2439,0.0805,0.0668,0.2201,0.1776,0.2176,0.0539,0.1216,0.1232,0.1554,0.0633,0.3234,0.0691,0.1191,0.1891
49041,Sevier Co.,Utah,38.8011,-111.7633,15902,no (<0.5 psi),0.0000,0.0000,0.1224,0.1133,0.0309,0.1132,0.0747,0.1587,0.0347,0.0729,0.0940,0.1228,0.0461,0.1463,0.0344,0.0410,0.1023,0.2324,0.1471,0.1087,0.4019,0.2201,0.3615,0.0908,0.1624,0.2433,0.3580,0.0833,0.3544,0.1070,0.2604,0.1668
49043,Summit Co.,Utah,40.9051,-110.7546,12766,low (0.5-2 psi),0.0000,0.0000,0.1005,0.1034,0.0357,0.0605,0.0389,0.1284,0.0293,0.0303,0.0573,0.0911,0.0351,0.1378,0.0274,0.0339,0.0966,0.1893,0.0901,0.0846,0.1743,0.2173,0.3267,0.0745,0.0665,0.0996,0.2033,0.0704,0.1702,0.0840,0.1775,0.1516
49045,Tooele Co.,Utah,40.4893,-113.1112,27432,very high (>=10 psi),1.0000,1.0000,0.1964,0.1217,0.1754,0.3197,0.2884,0.5571,0.1966,0.2786,0.2040,0.3838,0.2615,0.3997,0.1473,0.1440,0.5209,0.3137,0.0678,0.2134,0.3346,0.1851,0.3242,0.1480,0.3079,0.1482,0.3246,0.2362,0.2918,0.1873,0.1928,0.4594
49047,Uintah Co.,Utah,40.1907,-109.5128,25589,high (5-10 psi),0.0000,1.0000,0.1870,0.1794,0.1735,0.1666,0.1815,0.1577,0.1763,0.1887,0.1298,0.1661,0.2821,0.2096,0.1796,0.1370,0.3236,0.3240,0.3298,0.1437,0.1524,0.1765,0.1669,0.1486,0.1870,0.1443,0.1449,0.1958,0.3465,0.1246,0.1163,0.2821
49049,Utah Co.,Utah,40.1753,-111.6887,244529,low (0.5-2 psi),0.0000,0.0000,0.7116,0.4216,0.7718,0.6258,0.7120,0.6794,0.7229,0.7717,0.8221,0.5825,0.7894,0.7660,0.5465,0.7454,0.8360,0.7845,0.5522,0.8712,0.8518,0.8172,0.9018,0.8230,0.9235,0.8902,0.8044,0.8885,0.8983,0.7383,0.8569,0.9066
49051,Wasatch Co.,Utah,40.2956,-111.1334,9388,low (0.5-2 psi),0.0000,0.0000,0.0742,0.0527,0.0150,0.0114,0.0263,0.0165,0.0134,0.0149,0.0201,0.0106,0.0213,0.0186,0.0129,0.0177,0.0365,0.1630,0.1415,0.0555,0.3318,0.1106,0.2697,0.0371,0.1044,0.0557,0.2267,0.0421,0.2381,0.0344,0.0855,0.1199
49053,Washington Co.,Utah,37.2890,-113.4757,35761,no (<0.5 psi),0.0000,0.0000,0.2416,0.1616,0.0784,0.0511,0.0431,0.0258,0.0505,0.0223,0.0805,0.0458,0.0456,0.1077,0.0370,0.1169,0.0322,0.3659,0.1873,0.0767,0.1542,0.1304,0.1158,0.0720,0.0607,0.1327,0.1285,0.0660,0.1962,0.0776,0.1720,0.0739
49055,Wayne Co.,Utah,38.3262,-110.9043,2169,no (<0.5 psi),0.0000,0.0000,0.0169,0.0095,0.0271,0.0402,0.0215,0.0681,0.0241,0.0852,0.0139,0.0412,0.0283,0.1066,0.0211,0.0142,0.1861,0.0506,0.0240,0.0679,0.0795,0.0785,0.1209,0.1009,0.0910,0.1126,0.0587,0.0845,0.1354,0.1034,0.0884,0.1850
49057,Weber Co.,Utah,41.2537,-111.8946,156087,very high (>=10 psi),1.0000,1.0000,0.5914,0.1676,0.4553,0.8044,0.4209,0.8031,0.5231,0.5201,0.6124,0.8190,0.4183,0.8071,0.3228,0.7252,0.5541,0.6780,0.1816,0.5522,0.6898,0.5043,0.6915,0.4781,0.4532,0.6088,0.6621,0.5296,0.7657,0.3692,0.5419,0.6803
50001,Addison Co.,Vermont,44.0242,-73.0781,30642,medium (2-5 psi),0.0000,1.0000,0.2175,0.1365,0.0374,0.0881,0.0542,0.0865,0.0378,0.1103,0.0440,0.0573,0.0412,0.0925,0.0651,0.0595,0.0514,0.3492,0.3906,0.2028,0.2220,0.1938,0.3947,0.1270,0.2542,0.1551,0.2011,0.1599,0.1428,0.1865,0.1383,0.2607
50003,Bennington Co.,Vermont,43.0268,-73.1368,34839,no (<0.5 psi),0.0000,0.0000,0.2371,0.0852,0.0408,0.0308,0.0463,0.0361,0.0337,0.0188,0.0360,0.0335,0.0753,0.0926,0.0375,0.0451,0.0237,0.3606,0.2322,0.1134,0.1758,0.1869,0.1311,0.1527,0.0717,0.1753,0.1435,0.1251,0.1990,0.1935,0.3794,0.0810
50005,Caledonia Co.,Vermont,44.4793,-72.1207,26013,no (<0.5 psi),0.0000,0.0000,0.1896,0.1208,0.0332,0.0967,0.0446,0.1585,0.0151,0.1079,0.0406,0.0550,0.0355,0.0585,0.0176,0.0613,0.0291,0.3175,0.2926,0.1569,0.1146,0.1383,0.2581,0.0939,0.1875,0.0999,0.0708,0.1709,0.1177,0.1296,0.0804,0.2317
50007,Chittenden Co.,Vermont,44.4449,-73.0535,122341,very high (>=10 psi),1.0000,1.0000,0.5436,0.5488,0.3120,0.6482,0.3198,0.6145,0.3619,0.6275,0.4383,0.5452,0.3095,0.6356,0.5727,0.4493,0.5964,0.6423,0.7823,0.4853,0.7837,0.4663,0.8538,0.5021,0.7638,0.5592,0.7765,0.5301,0.5831,0.5450,0.5468,0.6448
50011,Franklin Co.,Vermont,44.8176,-72.8847,36578,medium (2-5 psi),0.0000,1.0000,0.2508,0.2129,0.0808,0.2287,0.1029,0.2105,0.0578,0.2255,0.0673,0.1150,0.1056,0.2816,0.0628,0.1370,0.1011,0.3851,0.4723,0.1832,0.3338,0.1149,0.3006,0.1478,0.2449,0.2102,0.2635,0.1647,0.3292,0.1473,0.1228,0.2771
50013,Grand Isle Co.,Vermont,44.7953,-73.2910,4832,medium (2-5 psi),0.0000,1.0000,0.0383,0.0226,0.0129,0.0070,0.0085,0.0102,0.0100,0.0188,0.0096,0.0060,0.0122,0.0191,0.0079,0.0135,0.0124,0.0967,0.2222,0.1197,0.2499,0.0652,0.1837,0.0936,0.1373,0.1237,0.1637,0.1169,0.2167,0.0820,0.0681,0.1676
50015,Lamoille Co.,Vermont,44.6117,-72.6562,17802,no (<0.5 psi),0.0000,0.0000,0.1357,0.0596,0.0525,0.1367,0.0918,0.1565,0.0304,0.1194,0.0469,0.0598,0.0568,0.1072,0.0612,0.1136,0.0385,0.2504,0.2693,0.2016,0.3653,0.2930,0.6891,0.1273,0.3565,0.1913,0.3468,0.1827,0.2300,0.2058,0.1401,0.3480
50017,Orange Co.,Vermont,43.9986,-72.4377,23854,no (<0.5 psi),0.0000,0.0000,0.1760,0.0725,0.0324,0.1253,0.0396,0.1171,0.0294,0.0959,0.0355,0.0766,0.0358,0.1060,0.0313,0.0531,0.0408,0.3013,0.2254,0.1766,0.3321,0.1838,0.5290,0.1136,0.3182,0.1375,0.2143,0.1951,0.2074,0.1891,0.0890,0.3136
50019,Orleans Co.,Vermont,44.7753,-72.2571,23371,no (<0.5 psi),0.0000,0.0000,0.1729,0.1016,0.0254,0.1001,0.0449,0.1262,0.0188,0.1265,0.0317,0.0467,0.0346,0.0489,0.0152,0.0471,0.0451,0.2976,0.2607,0.1048,0.2158,0.1182,0.2265,0.0992,0.2852,0.0793,0.1639,0.1174,0.0882,0.1264,0.0914,0.1733
50021,Rutland Co.,Vermont,43.5756,-73.0288,59258,no (<0.5 psi),0.0000,0.0000,0.3573,0.2454,0.0625,0.2864,0.1097,0.2200,0.0884,0.3769,0.0673,0.3648,0.0704,0.2256,0.0776,0.0983,0.1317,0.4882,0.3707,0.1001,0.2787,0.1211,0.1879,0.1202,0.2562,0.1107,0.2947,0.1280,0.1586,0.1360,0.2156,0.1422
50023,Washington Co.,Vermont,44.2594,-72.6156,53138,no (<0.5 psi),0.0000,0.0000,0.3314,0.7508,0.2018,0.0948,0.2150,0.3535,0.0414,0.3004,0.2817,0.1091,0.2372,0.1097,0.2577,0.0430,0.3005,0.4645,0.8453,0.2483,0.1994,0.2356,0.4750,0.1464,0.3171,0.2987,0.2956,0.2382,0.1956,0.2764,0.2009,0.3660
50025,Windham Co.,Vermont,42.9932,-72.7348,38944,no (<0.5 psi),0.0000,0.0000,0.2568,0.1155,0.0286,0.1315,0.0291,0.0645,0.0338,0.0505,0.0272,0.0921,0.0336,0.0857,0.0342,0.0377,0.0272,0.3834,0.2684,0.3143,0.2302,0.2771,0.1609,0.2859,0.3235,0.3747,0.2425,0.3449,0.2385,0.2389,0.4021,0.2438
50027,Windsor Co.,Vermont,43.5958,-72.5453,52241,no (<0.5 psi),0.0000,0.0000,0.3275,0.2413,0.0469,0.1069,0.0650,0.0867,0.0507,0.1502,0.0589,0.1357,0.0451,0.1545,0.0395,0.0749,0.0720,0.4608,0.4037,0.2138,0.3180,0.1404,0.1992,0.2259,0.4092,0.2042,0.3839,0.2070,0.2976,0.1386,0.2125,0.3530
51001,Accomack Co.,Virginia,37.7259,-75.6952,31075,medium (2-5 psi),0.0000,1.0000,0.1868,0.4076,0.2106,0.3801,0.2839,0.3212,0.1854,0.4733,0.1310,0.2260,0.2787,0.3234,0.1706,0.1860,0.3756,0.3378,0.5355,0.2927,0.2974,0.2171,0.2828,0.2201,0.3548,0.2080,0.2953,0.2535,0.3905,0.2142,0.1279,0.3673
51003,Albemarle Co.,Virginia,37.9014,-78.5764,61229,low (0.5-2 psi),0.0000,0.0000,0.3326,0.2176,0.3756,0.3626,0.5223,0.3933,0.4230,0.3877,0.4537,0.4445,0.4001,0.3630,0.4749,0.6943,0.2718,0.4953,0.5194,0.3108,0.5250,0.4042,0.5888,0.3374,0.4710,0.3647,0.4732,0.4048,0.4248,0.3111,0.5120,0.5354
51005,Alleghany Co.,Virginia,37.7785,-80.1079,13855,low (0.5-2 psi),0.0000,0.0000,0.1143,0.0889,0.0786,0.0280,0.0412,0.0363,0.0514,0.0230,0.1060,0.0325,0.0346,0.0213,0.0456,0.0390,0.0376,0.2006,0.1913,0.2940,0.1398,0.2892,0.1823,0.3099,0.1655,0.2665,0.1003,0.2891,0.1610,0.3164,0.2127,0.2989
51007,Amelia Co.,Virginia,37.3417,-78.0393,8276,low (0.5-2 psi),0.0000,0.0000,0.0483,0.0285,0.0102,0.0152,0.0171,0.0434,0.0075,0.0098,0.0098,0.0141,0.0142,0.0108,0.0135,0.0152,0.0137,0.1376,0.1278,0.1051,0.1256,0.1154,0.1819,0.0561,0.1589,0.0908,0.0756,0.0957,0.0716,0.1349,0.0723,0.1382
51009,Amherst Co.,Virginia,37.5995,-79.1633,28715,high (5-10 psi),0.0000,1.0000,0.2039,0.2025,0.1214,0.1273,0.1297,0.1828,0.1124,0.1660,0.1214,0.0892,0.1120,0.1290,0.1033,0.1187,0.1745,0.3338,0.3800,0.1920,0.1738,0.1645,0.2958,0.1922,0.2350,0.1599,0.1936,0.2268,0.2530,0.1655,0.1583,0.3278
51011,Appomattox Co.,Virginia,37.3679,-78.7912,12124,low (0.5-2 psi),0.0000,0.0000,0.0959,0.0791,0.0245,0.0287,0.0331,0.0417,0.0186,0.0300,0.0190,0.0205,0.0338,0.0287,0.0167,0.0328,0.0294,0.1763,0.2289,0.0446,0.1857,0.0662,0.2508,0.0498,0.1922,0.0436,0.1232,0.1054,0.1155,0.0604,0.0806,0.1758
51013,Arlington Co.,Virginia,38.8865,-77.1129,165356,very high (>=10 psi),1.0000,1.0000,0.6076,0.9823,0.9521,0.7675,0.9333,0.6171,0.9636,0.7676,0.9579,0.7046,0.9518,0.9001,0.9341,0.9112,0.8296,0.7002,0.9917,0.9852,0.9504,0.9776,0.9633,0.9836,0.9685,0.9887,0.9222,0.9902,0.9877,0.9709,0.9511,0.9836
51015,Augusta Co.,Virginia,38.1785,-79.3067,49426,very high (>=10 psi),1.0000,1.0000,0.3025,0.2968,0.1550,0.2446,0.2663,0.1980,0.1032,0.1221,0.1992,0.2304,0.1630,0.1306,0.1613,0.2352,0.1025,0.4340,0.5507,0.1874,0.4205,0.3541,0.3503,0.1820,0.2440,0.2475,0.3525,0.2338,0.1658,0.4299,0.4594,0.1373
51017,Bath Co.,Virginia,38.0578,-79.7342,5330,no (<0.5 psi),0.0000,0.0000,0.0494,0.0203,0.0168,0.0069,0.0141,0.0199,0.0107,0.0102,0.0111,0.0063,0.0138,0.0101,0.0163,0.0100,0.0108,0.0978,0.0957,0.0691,0.0369,0.0672,0.0694,0.0563,0.0621,0.0545,0.0254,0.0639,0.0235,0.0628,0.0584,0.0893
51019,Bedford Co.,Virginia,37.3121,-79.5654,39240,high (5-10 psi),0.0000,1.0000,0.2607,0.2111,0.1030,0.2030,0.3004,0.3083,0.1241,0.1379,0.1633,0.1382,0.1009,0.1362,0.1436,0.1851,0.0986,0.4053,0.3404,0.2058,0.3546,0.2088,0.3870,0.2082,0.4530,0.2289,0.3742,0.2545,0.4068,0.1684,0.1320,0.3194
51021,Bland Co.,Virginia,37.1260,-81.0793,6438,low (0.5-2 psi),0.0000,0.0000,0.0526,0.0274,0.0076,0.0496,0.0108,0.0236,0.0096,0.0225,0.0072,0.0189,0.0097,0.0204,0.0104,0.0196,0.0095,0.1029,0.0696,0.0485,0.1426,0.0372,0.0616,0.0499,0.1037,0.0457,0.0954,0.0553,0.1226,0.0301,0.0481,0.0505
51023,Botetourt Co.,Virginia,37.5625,-79.7654,23819,very high (>=10 psi),1.0000,1.0000,0.1746,0.0914,0.0207,0.0270,0.0303,0.0351,0.0182,0.0277,0.0224,0.0432,0.0249,0.0299,0.0271,0.0356,0.0203,0.2941,0.2179,0.0833,0.1390,0.0854,0.1958,0.1146,0.1433,0.0825,0.1473,0.1071,0.1516,0.0820,0.0722,0.1002
51025,Brunswick Co.,Virginia,36.8360,-77.8398,15893,low (0.5-2 psi),0.0000,0.0000,0.1227,0.0926,0.0217,0.1738,0.0432,0.1049,0.0165,0.0947,0.0188,0.1126,0.0406,0.0463,0.0242,0.0373,0.0310,0.2185,0.2328,0.1283,0.1998,0.1744,0.1547,0.1130,0.1614,0.1390,0.1461,0.1890,0.0693,0.1813,0.2094,0.1207
51027,Buchanan Co.,Virginia,37.2878,-82.0610,35585,no (<0.5 psi),0.0000,0.0000,0.2419,0.1515,0.0863,0.2178,0.2361,0.2022,0.0704,0.1530,0.1194,0.1038,0.0914,0.0917,0.1098,0.2584,0.0819,0.4058,0.2573,0.2978,0.6549,0.5276,0.5383,0.2294,0.3399,0.4183,0.4648,0.3698,0.2426,0.3251,0.4421,0.1804
51029,Buckingham Co.,Virginia,37.5613,-78.5617,12488,no (<0.5 psi),0.0000,0.0000,0.0985,0.0652,0.0326,0.0742,0.0710,0.1583,0.0334,0.0842,0.0241,0.0431,0.0770,0.0663,0.0513,0.0957,0.0566,0.1806,0.2069,0.0547,0.0969,0.0636,0.1607,0.0634,0.1298,0.0427,0.0890,0.0839,0.0954,0.0657,0.0767,0.1905
51031,Campbell Co.,Virginia,37.2321,-79.0959,46134,high (5-10 psi),0.0000,1.0000,0.2938,0.2729,0.1918,0.2648,0.3076,0.2875,0.2245,0.1656,0.1770,0.2265,0.2139,0.1264,0.1947,0.2651,0.1840,0.4443,0.3803,0.2673,0.4516,0.2168,0.4447,0.3328,0.4501,0.2224,0.3927,0.3672,0.3175,0.2964,0.2386,0.5700
51033,Caroline Co.,Virginia,38.0143,-77.3693,18223,very high (>=10 psi),1.0000,1.0000,0.1111,0.0747,0.0589,0.0343,0.0610,0.0848,0.0449,0.0438,0.0409,0.0319,0.0458,0.0507,0.0467,0.0604,0.0558,0.2543,0.4130,0.3111,0.2310,0.2487,0.4933,0.2903,0.1386,0.3105,0.1865,0.3198,0.1549,0.2675,0.3949,0.2923
51035,Carroll Co.,Virginia,36.7574,-80.7521,27151,low (0.5-2 psi),0.0000,0.0000,0.1948,0.1443,0.0519,0.1508,0.0954,0.1356,0.0485,0.0820,0.0756,0.1096,0.0646,0.0521,0.0610,0.0695,0.0633,0.3216,0.2507,0.0591,0.2437,0.0531,0.2448,0.0906,0.2134,0.0359,0.2189,0.0710,0.0688,0.0760,0.0768,0.1211
51036,Charles City Co.,Virginia,37.3563,-77.0833,6530,high (5-10 psi),0.0000,1.0000,0.0373,0.0610,0.0113,0.0083,0.0146,0.0150,0.0090,0.0160,0.0066,0.0065,0.0095,0.0092,0.0166,0.0056,0.0208,0.1147,0.2837,0.2053,0.1395,0.1237,0.2419,0.1408,0.2209,0.1601,0.1980,0.1128,0.1673,0.1625,0.1814,0.1959
51037,Charlotte Co.,Virginia,36.9742,-78.6047,11758,no (<0.5 psi),0.0000,0.0000,0.0932,0.0610,0.0208,0.0182,0.0204,0.0115,0.0134,0.0203,0.0115,0.0154,0.0256,0.0132,0.0127,0.0226,0.0188,0.1720,0.1649,0.0553,0.0468,0.0845,0.1189,0.0633,0.0996,0.0417,0.0506,0.0917,0.0377,0.0716,0.0665,0.1413
51041,Chesterfield Co.,Virginia,37.3905,-77.6301,166556,very high (>=10 psi),1.0000,1.0000,0.6096,0.8112,0.9155,0.8369,0.8333,0.8549,0.7404,0.8877,0.8143,0.8351,0.7763,0.7552,0.8808,0.6236,0.9048,0.6903,0.7835,0.9020,0.8185,0.8807,0.9103,0.8300,0.8710,0.9166,0.8334,0.8557,0.8536,0.9191,0.8175,0.8961
51043,Clarke Co.,Virginia,39.1242,-77.9692,10929,very high (>=10 psi),1.0000,1.0000,0.0652,0.2158,0.1954,0.0309,0.2674,0.0701,0.1924,0.0266,0.2045,0.0266,0.2474,0.0332,0.1925,0.2550,0.0355,0.1792,0.5363,0.4694,0.1298,0.6179,0.3531,0.5830,0.1316,0.5715,0.0957,0.5389,0.2118,0.3903,0.4227,0.1933
51045,Craig Co.,Virginia,37.4897,-80.1835,4119,low (0.5-2 psi),0.0000,0.0000,0.0339,0.0106,0.0063,0.0147,0.0068,0.0095,0.0068,0.0126,0.0074,0.0099,0.0074,0.0162,0.0087,0.0145,0.0088,0.0687,0.0403,0.0440,0.0982,0.0399,0.0567,0.0381,0.1033,0.0385,0.0984,0.0486,0.1851,0.0457,0.0432,0.0728
51047,Culpeper Co.,Virginia,38.5068,-78.0025,23879,low (0.5-2 psi),0.0000,0.0000,0.1454,0.0693,0.1578,0.1875,0.2253,0.2457,0.1592,0.1740,0.1492,0.1029,0.2861,0.1790,0.1842,0.2646,0.1760,0.3015,0.3793,0.4729,0.3543,0.3434,0.5388,0.4218,0.2786,0.3386,0.2433,0.4797,0.2230,0.3466,0.2905,0.3853
51049,Cumberland Co.,Virginia,37.5434,-78.2129,7881,no (<0.5 psi),0.0000,0.0000,0.0458,0.0259,0.0092,0.0354,0.0208,0.0278,0.0081,0.0207,0.0099,0.0280,0.0130,0.0152,0.0184,0.0232,0.0118,0.1326,0.1129,0.0466,0.1396,0.0700,0.0844,0.0484,0.0691,0.0606,0.0827,0.0643,0.0792,0.1179,0.0742,0.0607
51051,Dickenson Co.,Virginia,37.1311,-82.3605,19635,no (<0.5 psi),0.0000,0.0000,0.1479,0.0816,0.0875,0.1415,0.1027,0.1578,0.0739,0.1224,0.0885,0.0909,0.1078,0.1544,0.0628,0.1089,0.0845,0.2777,0.1863,0.2851,0.4715,0.5818,0.3809,0.3299,0.3524,0.3739,0.3248,0.4217,0.1445,0.4910,0.5276,0.1087
51053,Dinwiddie Co.,Virginia,37.1009,-77.6474,20997,medium (2-5 psi),0.0000,1.0000,0.1281,0.0976,0.0342,0.0645,0.0536,0.0653,0.0241,0.0340,0.0289,0.0494,0.0253,0.0319,0.0299,0.0468,0.0416,0.2655,0.2963,0.2808,0.2777,0.3598,0.2671,0.1738,0.3722,0.1874,0.1712,0.2809,0.1225,0.3125,0.2290,0.3127
51057,Essex Co.,Virginia,37.9444,-76.9615,8805,no (<0.5 psi),0.0000,0.0000,0.0517,0.0898,0.0205,0.0551,0.0235,0.0376,0.0230,0.0425,0.0103,0.0272,0.0214,0.0163,0.0219,0.0134,0.0263,0.1531,0.4168,0.1321,0.1970,0.1093,0.1689,0.1219,0.0900,0.1035,0.1528,0.1088,0.1178,0.1264,0.1706,0.1315
51059,Fairfax Co.,Virginia,38.8317,-77.3231,714934,very high (>=10 psi),1.0000,1.0000,0.8917,0.8742,0.9521,0.9784,0.9534,0.9446,0.9509,0.9713,0.9476,0.9583,0.9371,0.9776,0.9523,0.9471,0.9375,0.8933,0.9682,0.9852,0.9783,0.9859,0.9853,0.9832,0.9877,0.9857,0.9775,0.9918,0.9892,0.9726,0.9696,0.9893
51061,Fauquier Co.,Virginia,38.7138,-77.8177,40809,very high (>=10 psi),1.0000,1.0000,0.2387,0.0979,0.0955,0.3178,0.1737,0.4444,0.0708,0.1327,0.1056,0.1243,0.1120,0.1062,0.1040,0.1871,0.0765,0.4079,0.5531,0.5042,0.5320,0.7251,0.8389,0.5111,0.4135,0.6440,0.4753,0.6551,0.4142,0.5932,0.6981,0.5572
51063,Floyd Co.,Virginia,36.9112,-80.4086,11680,medium (2-5 psi),0.0000,1.0000,0.0926,0.0464,0.0126,0.0171,0.0217,0.0199,0.0126,0.0177,0.0111,0.0128,0.0174,0.0192,0.0144,0.0144,0.0133,0.1710,0.1639,0.0354,0.1491,0.0437,0.0961,0.0439,0.1706,0.0239,0.1411,0.0566,0.1000,0.0525,0.0704,0.0896
51065,Fluvanna Co.,Virginia,37.8508,-78.2716,10763,no (<0.5 psi),0.0000,0.0000,0.0641,0.0310,0.0163,0.0292,0.0231,0.0268,0.0139,0.0262,0.0152,0.0189,0.0207,0.0171,0.0214,0.0294,0.0180,0.1772,0.1845,0.1063,0.0752,0.0731,0.1030,0.0653,0.1029,0.0796,0.0446,0.0807,0.1029,0.0686,0.0905,0.0953
51067,Franklin Co.,Virginia,37.0056,-79.8632,36926,low (0.5-2 psi),0.0000,0.0000,0.2489,0.1208,0.0435,0.0498,0.1032,0.1003,0.0586,0.0515,0.0731,0.0433,0.0717,0.0644,0.0522,0.1056,0.0478,0.3910,0.3219,0.0773,0.1799,0.1234,0.2303,0.0828,0.1600,0.0878,0.1784,0.1163,0.1841,0.0802,0.1182,0.2366
51069,Frederick Co.,Virginia,39.2359,-78.2252,37536,low (0.5-2 psi),0.0000,0.0000,0.2218,0.0835,0.2094,0.1046,0.4023,0.2850,0.1357,0.0921,0.1746,0.0589,0.3014,0.1999,0.1856,0.3042,0.1435,0.3904,0.3546,0.3982,0.3230,0.6093,0.4556,0.4765,0.4274,0.4142,0.1916,0.5494,0.2461,0.2767,0.3347,0.3865
51071,Giles Co.,Virginia,37.3108,-80.6743,17180,medium (2-5 psi),0.0000,1.0000,0.1315,0.1112,0.0340,0.0398,0.0457,0.0678,0.0283,0.0651,0.0353,0.0554,0.0344,0.0371,0.0501,0.0318,0.0363,0.2319,0.1555,0.0685,0.1866,0.0880,0.3513,0.0619,0.3357,0.0561,0.2833,0.0814,0.0694,0.1132,0.1356,0.0750
51073,Gloucester Co.,Virginia,37.4163,-76.5619,25572,low (0.5-2 psi),0.0000,0.0000,0.1554,0.1528,0.1340,0.2038,0.2211,0.2313,0.1204,0.3277,0.0907,0.2047,0.1690,0.1579,0.1435,0.2213,0.2714,0.3006,0.4181,0.4849,0.3208,0.4227,0.4405,0.4437,0.3515,0.4322,0.2850,0.4356,0.5126,0.3768,0.5556,0.4453
51075,Goochland Co.,Virginia,37.7336,-77.9672,12665,low (0.5-2 psi),0.0000,0.0000,0.0762,0.0520,0.0840,0.0624,0.0558,0.1042,0.0654,0.0400,0.0718,0.0475,0.0677,0.0871,0.0626,0.0817,0.1044,0.1882,0.2203,0.1558,0.0893,0.1314,0.1659,0.0929,0.1001,0.1239,0.0923,0.1389,0.1368,0.1357,0.1081,0.1899
51077,Grayson Co.,Virginia,36.6861,-81.2383,16501,no (<0.5 psi),0.0000,0.0000,0.1269,0.1055,0.0189,0.0773,0.0344,0.0478,0.0277,0.0794,0.0167,0.0385,0.0242,0.0588,0.0207,0.0447,0.0269,0.2453,0.2811,0.2228,0.2535,0.2215,0.2194,0.2070,0.3801,0.1833,0.1892,0.2497,0.1689,0.1720,0.1886,0.1561
51079,Greene Co.,Virginia,38.3321,-78.4793,8790,no (<0.5 psi),0.0000,0.0000,0.0516,0.0225,0.0329,0.0670,0.0400,0.0892,0.0278,0.0370,0.0371,0.0384,0.0300,0.0365,0.0434,0.0630,0.0266,0.1529,0.1869,0.1287,0.1563,0.1566,0.2200,0.1118,0.0956,0.1534,0.1200,0.1228,0.1342,0.0828,0.2198,0.1451
51081,Greensville Co.,Virginia,36.7213,-77.5732,9322,no (<0.5 psi),0.0000,0.0000,0.0750,0.0419,0.0085,0.0254,0.0131,0.0192,0.0082,0.0152,0.0065,0.0334,0.0123,0.0214,0.0073,0.0115,0.0111,0.1418,0.1106,0.0477,0.1321,0.0551,0.1251,0.0304,0.0452,0.0452,0.1034,0.0506,0.0266,0.0546,0.0823,0.0389
51083,Halifax Co.,Virginia,36.7970,-78.9194,29457,high (5-10 psi),0.0000,1.0000,0.2082,0.1293,0.0990,0.1698,0.1145,0.0921,0.1086,0.0898,0.0766,0.0790,0.1388,0.1019,0.0698,0.0995,0.0940,0.3394,0.2954,0.1040,0.1612,0.1204,0.3072,0.1273,0.1881,0.0801,0.1281,0.2073,0.1762,0.1134,0.1409,0.2460
51085,Hanover Co.,Virginia,37.7734,-77.5528,53138,medium (2-5 psi),0.0000,1.0000,0.2977,0.2431,0.2905,0.4027,0.2520,0.2055,0.1528,0.3025,0.2248,0.2424,0.2927,0.2629,0.2071,0.2273,0.1582,0.4645,0.6304,0.4038,0.5303,0.4330,0.4653,0.3238,0.5694,0.3713,0.3584,0.4764,0.3423,0.4351,0.5744,0.4195
51087,Henrico Co.,Virginia,37.5311,-77.3037,197750,very high (>=10 psi),1.0000,1.0000,0.6551,0.8113,0.9153,0.9055,0.8607,0.8888,0.8179,0.8898,0.9199,0.9446,0.8237,0.8688,0.9161,0.7408,0.9464,0.7216,0.8226,0.8867,0.7913,0.7963,0.9047,0.8015,0.7930,0.9035,0.8166,0.8309,0.8298,0.8734,0.7933,0.8899
51089,Henry Co.,Virginia,36.6935,-79.9878,57790,no (<0.5 psi),0.0000,0.0000,0.3438,0.2432,0.3194,0.2712,0.3011,0.1715,0.3797,0.3373,0.3064,0.1700,0.3392,0.2138,0.3493,0.4042,0.2505,0.4996,0.3534,0.1493,0.3101,0.1749,0.2885,0.1820,0.3702,0.0848,0.3106,0.1730,0.2328,0.1778,0.1988,0.2169
51091,Highland Co.,Virginia,38.3882,-79.5171,2797,no (<0.5 psi),0.0000,0.0000,0.0273,0.0165,0.0116,0.0171,0.0275,0.0293,0.0098,0.0097,0.0128,0.0167,0.0177,0.0146,0.0106,0.0115,0.0089,0.0580,0.0992,0.0563,0.0820,0.1281,0.0930,0.0597,0.1096,0.0371,0.0557,0.0550,0.0528,0.0615,0.1071,0.0489
51093,Isle of Wight Co.,Virginia,36.8984,-76.6869,23252,high (5-10 psi),0.0000,1.0000,0.1417,0.0436,0.2397,0.1933,0.4465,0.3662,0.1535,0.3374,0.1678,0.0969,0.3090,0.2732,0.2765,0.2453,0.3197,0.2833,0.2144,0.4871,0.3202,0.5639,0.4848,0.5170,0.5880,0.5244,0.3717,0.6055,0.4052,0.4697,0.4960,0.4558
51095,James City Co.,Virginia,37.3119,-76.8044,27690,very high (>=10 psi),1.0000,1.0000,0.1677,0.1395,0.1150,0.2320,0.2267,0.2934,0.0883,0.2235,0.1189,0.2947,0.1831,0.2943,0.1028,0.1931,0.2136,0.3155,0.4354,0.4922,0.4441,0.4210,0.4660,0.4721,0.4211,0.5548,0.6539,0.4119,0.4331,0.3943,0.4850,0.5424
51097,King and Queen Co.,Virginia,37.6987,-76.8564,6165,no (<0.5 psi),0.0000,0.0000,0.0350,0.0380,0.0158,0.0067,0.0198,0.0110,0.0134,0.0247,0.0084,0.0063,0.0176,0.0104,0.0160,0.0065,0.0229,0.1097,0.1981,0.1563,0.1564,0.0937,0.1628,0.1184,0.1884,0.1095,0.2581,0.1145,0.1358,0.1354,0.0596,0.1844
51099,King George Co.,Virginia,38.2706,-77.1797,11438,low (0.5-2 psi),0.0000,0.0000,0.0684,0.0965,0.1215,0.0529,0.1580,0.1089,0.1314,0.1052,0.0993,0.0675,0.1144,0.0468,0.1143,0.0874,0.0954,0.1851,0.5154,0.7130,0.1318,0.5951,0.3568,0.6943,0.1825,0.5972,0.1781,0.6241,0.2599,0.5852,0.4096,0.4248
51101,King William Co.,Virginia,37.7136,-77.1186,9763,low (0.5-2 psi),0.0000,0.0000,0.0578,0.0476,0.0203,0.0129,0.0170,0.0231,0.0128,0.0108,0.0139,0.0109,0.0208,0.0242,0.0140,0.0130,0.0215,0.1557,0.1702,0.1134,0.1933,0.1057,0.2237,0.1003,0.1584,0.1150,0.1361,0.1108,0.1270,0.1316,0.1214,0.1617
51103,Lancaster Co.,Virginia,37.7234,-76.4740,10471,no (<0.5 psi),0.0000,0.0000,0.0623,0.0948,0.0227,0.0216,0.0616,0.0336,0.0286,0.0596,0.0157,0.0181,0.0427,0.0314,0.0259,0.0257,0.0324,0.1640,0.2955,0.0654,0.0651,0.0478,0.0615,0.0753,0.0683,0.0658,0.0553,0.0680,0.1520,0.0397,0.0359,0.1229
51105,Lee Co.,Virginia,36.7433,-82.9799,25789,no (<0.5 psi),0.0000,0.0000,0.1867,0.0900,0.0927,0.1836,0.1434,0.1549,0.0903,0.1535,0.1628,0.1101,0.1404,0.1915,0.0853,0.1102,0.1007,0.3335,0.1772,0.2481,0.3696,0.5454,0.3209,0.1912,0.3440,0.3165,0.3048,0.2664,0.2652,0.1800,0.2630,0.2649
51107,Loudoun Co.,Virginia,39.0831,-77.6648,67225,very high (>=10 psi),1.0000,1.0000,0.3566,0.2878,0.4805,0.2417,0.5082,0.4318,0.3553,0.1384,0.4075,0.3636,0.4357,0.3873,0.2376,0.2597,0.3648,0.5157,0.7829,0.5479,0.3255,0.7691,0.6886,0.6355,0.3363,0.7301,0.4615,0.7353,0.6632,0.4730,0.5396,0.6741
51109,Louisa Co.,Virginia,37.9276,-77.9191,18763,very high (>=10 psi),1.0000,1.0000,0.1144,0.1722,0.7536,0.0668,0.0795,0.0718,0.7022,0.0777,0.6139,0.7099,0.0739,0.0694,0.6633,0.0517,0.7199,0.2591,0.5055,0.8221,0.2627,0.2751,0.3064,0.8882,0.3265,0.8048,0.8834,0.2766,0.1914,0.8667,0.2246,0.8699
51111,Lunenburg Co.,Virginia,36.9509,-78.2442,11767,medium (2-5 psi),0.0000,1.0000,0.0932,0.0640,0.0239,0.0595,0.0431,0.0518,0.0150,0.0237,0.0168,0.0605,0.0309,0.0527,0.0229,0.0166,0.0343,0.1721,0.1688,0.0835,0.1442,0.1315,0.1484,0.0838,0.1456,0.0851,0.1520,0.1426,0.1045,0.1023,0.1104,0.1865
51113,Madison Co.,Virginia,38.4308,-78.2784,10798,no (<0.5 psi),0.0000,0.0000,0.0643,0.0199,0.0105,0.0201,0.0121,0.0172,0.0104,0.0093,0.0098,0.0152,0.0112,0.0133,0.0139,0.0144,0.0124,0.1776,0.1603,0.1339,0.1421,0.1446,0.1422,0.1733,0.0831,0.1436,0.1023,0.1507,0.1916,0.1152,0.1309,0.1506
51115,Mathews Co.,Virginia,37.4255,-76.3494,8306,low (0.5-2 psi),0.0000,0.0000,0.0485,0.0397,0.0384,0.0376,0.1003,0.1548,0.0536,0.1793,0.0293,0.0240,0.0754,0.0301,0.0506,0.0826,0.0580,0.1380,0.1674,0.2173,0.2571,0.2490,0.3136,0.2044,0.4239,0.2360,0.1253,0.2524,0.1941,0.2275,0.4002,0.2348
51117,Mecklenburg Co.,Virginia,36.7372,-78.3240,29506,no (<0.5 psi),0.0000,0.0000,0.2085,0.2274,0.1054,0.1722,0.0717,0.0801,0.0889,0.1641,0.0859,0.1087,0.1200,0.0502,0.1035,0.0821,0.0891,0.3397,0.4064,0.4986,0.1896,0.2319,0.2026,0.3319,0.3117,0.3475,0.2217,0.4803,0.2026,0.2872,0.1937,0.3822
51119,Middlesex Co.,Virginia,37.6483,-76.6249,8225,no (<0.5 psi),0.0000,0.0000,0.0480,0.0753,0.0298,0.0575,0.0494,0.0426,0.0342,0.0596,0.0192,0.0322,0.0317,0.0388,0.0219,0.0197,0.0379,0.1369,0.2892,0.0853,0.1151,0.0885,0.0982,0.0901,0.0788,0.1201,0.0932,0.0778,0.1360,0.0917,0.0583,0.1124
51121,Montgomery Co.,Virginia,37.1759,-80.3741,67256,very high (>=10 psi),1.0000,1.0000,0.3796,0.3851,0.2772,0.7656,0.5671,0.7456,0.4091,0.6028,0.3566,0.5859,0.3701,0.3691,0.4360,0.4814,0.2271,0.5369,0.5210,0.2334,0.6621,0.3820,0.7091,0.2188,0.5213,0.3045,0.5107,0.2641,0.6006,0.2481,0.3881,0.3380
51125,Nelson Co.,Virginia,37.7910,-78.9038,12523,medium (2-5 psi),0.0000,1.0000,0.1049,0.0619,0.0226,0.0302,0.0382,0.0317,0.0230,0.0260,0.0378,0.0318,0.0316,0.0577,0.0231,0.0601,0.0387,0.1867,0.2192,0.2045,0.1243,0.1451,0.1308,0.1592,0.1142,0.1441,0.1214,0.1303,0.1519,0.1193,0.1480,0.1506
51127,New Kent Co.,Virginia,37.5021,-76.9888,9248,low (0.5-2 psi),0.0000,0.0000,0.0545,0.0558,0.0223,0.0221,0.0192,0.0323,0.0135,0.0280,0.0163,0.0192,0.0146,0.0263,0.0155,0.0154,0.0297,0.1496,0.2362,0.1600,0.2262,0.1620,0.1594,0.1508,0.2695,0.1685,0.2089,0.1184,0.1734,0.1383,0.1631,0.2112
51131,Northampton Co.,Virginia,37.3350,-75.8741,13695,medium (2-5 psi),0.0000,1.0000,0.0827,0.1376,0.0262,0.0441,0.0265,0.0312,0.0305,0.0573,0.0111,0.0274,0.0339,0.0249,0.0279,0.0139,0.0445,0.1989,0.3560,0.2140,0.0487,0.0939,0.0528,0.1811,0.1143,0.1811,0.0456,0.1705,0.1563,0.1541,0.0714,0.1721
51133,Northumberland Co.,Virginia,37.8631,-76.3938,9939,no (<0.5 psi),0.0000,0.0000,0.0589,0.0823,0.0418,0.0388,0.0656,0.0678,0.0408,0.0810,0.0277,0.0197,0.0535,0.0730,0.0320,0.0343,0.0573,0.1673,0.3014,0.1057,0.0639,0.0789,0.1365,0.0992,0.0831,0.0947,0.0437,0.1001,0.1399,0.0879,0.0891,0.1451
51135,Nottoway Co.,Virginia,37.1319,-78.0696,15126,very high (>=10 psi),1.0000,1.0000,0.1174,0.0960,0.0381,0.0441,0.0890,0.0794,0.0364,0.0673,0.0313,0.0359,0.0760,0.0545,0.0295,0.0429,0.0533,0.2103,0.2990,0.1102,0.2126,0.1805,0.2221,0.0847,0.3111,0.0847,0.2107,0.1889,0.1306,0.1266,0.1269,0.2091
51137,Orange Co.,Virginia,38.2549,-77.9909,19037,low (0.5-2 psi),0.0000,0.0000,0.1161,0.0555,0.1126,0.1070,0.1430,0.1763,0.1052,0.1089,0.1022,0.1278,0.2073,0.0976,0.1367,0.1217,0.0949,0.2616,0.3097,0.3713,0.3609,0.2751,0.5338,0.3548,0.2355,0.3066,0.3219,0.4346,0.2382,0.2740,0.2590,0.4153
51139,Page Co.,Virginia,38.6250,-78.4824,20076,no (<0.5 psi),0.0000,0.0000,0.1225,0.0639,0.1701,0.1198,0.2667,0.1685,0.1065,0.1256,0.2060,0.0611,0.2747,0.0730,0.2484,0.2767,0.0990,0.2706,0.2819,0.4031,0.2595,0.5548,0.4588,0.3321,0.2178,0.2927,0.1352,0.4303,0.1726,0.3222,0.4564,0.2820
51141,Patrick Co.,Virginia,36.7074,-80.2739,17457,low (0.5-2 psi),0.0000,0.0000,0.1334,0.0622,0.0391,0.0320,0.0344,0.0251,0.0395,0.0275,0.0328,0.0316,0.0474,0.0406,0.0297,0.0258,0.0394,0.2347,0.1415,0.0712,0.1588,0.0547,0.1637,0.0597,0.1621,0.0339,0.1556,0.0754,0.1712,0.0669,0.0705,0.0960
51143,Pittsylvania Co.,Virginia,36.7502,-79.4170,55405,low (0.5-2 psi),0.0000,0.0000,0.3341,0.2206,0.1935,0.0954,0.2146,0.0779,0.1966,0.1790,0.1098,0.0901,0.2656,0.0681,0.2408,0.2814,0.0970,0.4892,0.3405,0.1457,0.2278,0.1916,0.1874,0.1153,0.2108,0.0980,0.1601,0.2453,0.1433,0.2193,0.2277,0.1693
51145,Powhatan Co.,Virginia,37.5301,-77.9059,13124,low (0.5-2 psi),0.0000,0.0000,0.0791,0.0575,0.0600,0.0408,0.0771,0.1125,0.0299,0.0430,0.0464,0.0334,0.0620,0.0295,0.0641,0.1153,0.0518,0.1930,0.2022,0.1494,0.1948,0.1488,0.2626,0.1057,0.2226,0.1323,0.1504,0.1698,0.2298,0.1481,0.2282,0.1827
51147,Prince Edward Co.,Virginia,37.2420,-78.4589,16652,low (0.5-2 psi),0.0000,0.0000,0.1279,0.1091,0.0474,0.1273,0.0942,0.0995,0.0359,0.0912,0.0281,0.0841,0.0953,0.0555,0.0423,0.0842,0.0558,0.2264,0.2273,0.0916,0.2217,0.1265,0.1886,0.0858,0.1732,0.0585,0.1867,0.2020,0.1471,0.0994,0.1248,0.2465
51149,Prince George Co.,Virginia,37.1595,-77.2490,26145,very high (>=10 psi),1.0000,1.0000,0.1587,0.1793,0.1184,0.1630,0.2236,0.1939,0.0990,0.3722,0.1176,0.1555,0.1770,0.1706,0.1317,0.1883,0.2027,0.3047,0.4414,0.3134,0.2760,0.2915,0.2841,0.2269,0.4570,0.2434,0.2337,0.2363,0.2622,0.1891,0.2975,0.2862
51153,Prince William Co.,Virginia,38.7218,-77.4449,174067,very high (>=10 psi),1.0000,1.0000,0.6215,0.5363,0.8836,0.7104,0.8597,0.6744,0.8486,0.7674,0.8603,0.6067,0.8156,0.8154,0.8410,0.7313,0.7212,0.7095,0.8877,0.9790,0.9310,0.9785,0.9724,0.9750,0.9729,0.9721,0.9084,0.9799,0.9740,0.9629,0.9462,0.9764
51155,Pulaski Co.,Virginia,37.0633,-80.7303,35233,very high (>=10 psi),1.0000,1.0000,0.2400,0.2659,0.0855,0.1190,0.1443,0.1572,0.1139,0.1951,0.0917,0.0717,0.0776,0.0863,0.1111,0.1131,0.0821,0.3800,0.3215,0.0530,0.2655,0.0791,0.3724,0.0497,0.2630,0.0337,0.1276,0.0552,0.0872,0.0806,0.0953,0.0549
51157,Rappahannock Co.,Virginia,38.6926,-78.1292,6188,low (0.5-2 psi),0.0000,0.0000,0.0351,0.0088,0.0101,0.0099,0.0092,0.0133,0.0077,0.0067,0.0077,0.0088,0.0091,0.0084,0.0110,0.0138,0.0081,0.1173,0.1094,0.0515,0.1013,0.0517,0.1225,0.0651,0.0608,0.1118,0.0477,0.0790,0.0988,0.0485,0.0938,0.0841
51159,Richmond Co.,Virginia,37.9509,-76.7339,6871,no (<0.5 psi),0.0000,0.0000,0.0394,0.0940,0.0150,0.0310,0.0165,0.0177,0.0229,0.0180,0.0086,0.0189,0.0138,0.0079,0.0190,0.0066,0.0126,0.1271,0.3681,0.1294,0.1264,0.1021,0.1910,0.1006,0.0668,0.1203,0.0924,0.1090,0.1014,0.1306,0.1482,0.1438
51161,Roanoke Co.,Virginia,37.2643,-80.1492,75457,low (0.5-2 psi),0.0000,0.0000,0.4077,0.4069,0.2977,0.6894,0.6042,0.6966,0.4485,0.5865,0.5146,0.5534,0.3997,0.5026,0.4269,0.5305,0.3312,0.5650,0.4333,0.2488,0.4979,0.3708,0.6015,0.2806,0.4412,0.2933,0.4029,0.3425,0.4577,0.3370,0.4586,0.2749
51163,Rockbridge Co.,Virginia,37.8107,-79.4403,17925,low (0.5-2 psi),0.0000,0.0000,0.1416,0.0810,0.0494,0.0464,0.0687,0.0440,0.0463,0.0398,0.0520,0.0383,0.0459,0.0488,0.0537,0.0962,0.0360,0.2393,0.2107,0.3193,0.1425,0.2534,0.2031,0.2907,0.2376,0.3063,0.1589,0.2876,0.1726,0.4156,0.2515,0.2721
51165,Rockingham Co.,Virginia,38.5291,-78.9407,53559,low (0.5-2 psi),0.0000,0.0000,0.2996,0.2107,0.6576,0.1340,0.8394,0.2780,0.5925,0.2573,0.8248,0.2052,0.7837,0.2346,0.6987,0.8088,0.5697,0.4662,0.4718,0.4364,0.2387,0.7120,0.4602,0.4450,0.3253,0.6637,0.2954,0.5902,0.2691,0.5088,0.6930,0.4701
51167,Russell Co.,Virginia,36.9185,-82.0764,31096,low (0.5-2 psi),0.0000,0.0000,0.2175,0.2397,0.1442,0.2290,0.3965,0.2216,0.1532,0.1784,0.1949,0.0743,0.2467,0.2627,0.1339,0.2050,0.1286,0.3748,0.4724,0.6857,0.6229,0.8877,0.5556,0.5798,0.4451,0.7334,0.5842,0.7837,0.4629,0.5104,0.6681,0.5064
51169,Scott Co.,Virginia,36.7407,-82.5834,24541,medium (2-5 psi),0.0000,1.0000,0.1791,0.1445,0.0589,0.1313,0.1484,0.0552,0.0732,0.0494,0.0778,0.0620,0.1676,0.2361,0.0489,0.0550,0.0661,0.3230,0.3876,0.4680,0.2710,0.7257,0.2952,0.3748,0.2684,0.4961,0.2235,0.5744,0.4294,0.4088,0.3319,0.3270
51171,Shenandoah Co.,Virginia,38.8435,-78.5946,28904,no (<0.5 psi),0.0000,0.0000,0.1746,0.1023,0.3298,0.1970,0.3269,0.2434,0.2907,0.1380,0.4328,0.1275,0.3120,0.2690,0.3662,0.3641,0.1702,0.3377,0.3433,0.4621,0.2721,0.6171,0.4212,0.4256,0.4735,0.4009,0.1822,0.4948,0.2467,0.3494,0.4686,0.3796
51173,Smyth Co.,Virginia,36.8458,-81.5273,32817,no (<0.5 psi),0.0000,0.0000,0.2270,0.1567,0.1508,0.1913,0.4057,0.2006,0.1706,0.1670,0.2028,0.1600,0.2473,0.2523,0.1258,0.1663,0.0903,0.3871,0.4331,0.4699,0.3648,0.6856,0.2935,0.3776,0.3269,0.4538,0.3291,0.5098,0.2935,0.2549,0.4461,0.2914
51175,Southampton Co.,Virginia,36.7681,-77.0991,17603,no (<0.5 psi),0.0000,0.0000,0.1072,0.0319,0.0156,0.0609,0.0259,0.0489,0.0140,0.0172,0.0135,0.0540,0.0132,0.0422,0.0114,0.0213,0.0181,0.2364,0.1337,0.1251,0.1984,0.2147,0.2301,0.1205,0.1307,0.1494,0.1711,0.1245,0.1364,0.1751,0.2784,0.1165
51177,Spotsylvania Co.,Virginia,38.1544,-77.6911,39673,very high (>=10 psi),1.0000,1.0000,0.2329,0.2530,0.6292,0.2466,0.2384,0.2683,0.5440,0.1544,0.4506,0.5147,0.1978,0.1412,0.4953,0.3177,0.5128,0.4020,0.6746,0.8094,0.5744,0.3726,0.6694,0.8347,0.5538,0.7742,0.9077,0.4236,0.3632,0.8191,0.4410,0.8799
51179,Stafford Co.,Virginia,38.4144,-77.4757,47777,high (5-10 psi),0.0000,1.0000,0.2729,0.8201,0.9287,0.5237,0.8355,0.6677,0.8828,0.6129,0.8970,0.4521,0.9029,0.4423,0.9121,0.8658,0.5683,0.4415,0.9290,0.9603,0.6164,0.9692,0.8320,0.9664,0.8452,0.9576,0.5019,0.9684,0.6343,0.9618,0.9550,0.7929
51181,Surry Co.,Virginia,37.0960,-76.8951,6060,very high (>=10 psi),1.0000,1.0000,0.0343,0.0405,0.0570,0.0073,0.0256,0.0114,0.0393,0.0310,0.0297,0.0255,0.0197,0.0144,0.0553,0.0107,0.0660,0.1082,0.1675,0.4826,0.3994,0.3106,0.4614,0.3866,0.3173,0.5976,0.6347,0.3262,0.3319,0.4870,0.3140,0.4878
51183,Sussex Co.,Virginia,36.9110,-77.2870,10413,low (0.5-2 psi),0.0000,0.0000,0.0619,0.0228,0.0049,0.0348,0.0077,0.0197,0.0048,0.0066,0.0046,0.0241,0.0054,0.0164,0.0053,0.0081,0.0084,0.1633,0.1162,0.1019,0.1996,0.1470,0.2512,0.0857,0.1261,0.1128,0.2012,0.1315,0.1320,0.0843,0.0786,0.1226
51185,Tazewell Co.,Virginia,37.1330,-81.5986,49072,high (5-10 psi),0.0000,1.0000,0.3071,0.2279,0.3641,0.5444,0.6352,0.5137,0.2944,0.3350,0.5061,0.4665,0.4176,0.4801,0.3324,0.3620,0.2568,0.4823,0.3941,0.6349,0.6953,0.8539,0.5589,0.4013,0.4390,0.6727,0.6825,0.6047,0.6919,0.3651,0.5019,0.5161
51187,Warren Co.,Virginia,38.8975,-78.1976,22626,no (<0.5 psi),0.0000,0.0000,0.1379,0.0417,0.0928,0.1976,0.1567,0.2437,0.0639,0.1410,0.0888,0.1171,0.1611,0.1150,0.1047,0.2540,0.0780,0.2917,0.2357,0.2021,0.2308,0.2887,0.3703,0.1954,0.1463,0.3144,0.1721,0.3097,0.2481,0.1304,0.2057,0.2522
51191,Washington Co.,Virginia,36.7600,-81.9567,45733,no (<0.5 psi),0.0000,0.0000,0.2920,0.2361,0.2953,0.2634,0.6546,0.3275,0.2759,0.1938,0.4629,0.2038,0.5704,0.4286,0.2008,0.3541,0.1932,0.4654,0.5273,0.7166,0.5813,0.8929,0.6130,0.6044,0.3826,0.7368,0.5201,0.7574,0.5337,0.4590,0.6886,0.5082
51193,Westmoreland Co.,Virginia,38.1207,-76.7381,14412,low (0.5-2 psi),0.0000,0.0000,0.0873,0.1730,0.0721,0.0476,0.0970,0.0866,0.0739,0.1693,0.0511,0.0530,0.1017,0.0363,0.0732,0.0581,0.0946,0.2174,0.5499,0.2736,0.1285,0.2818,0.3254,0.3212,0.1635,0.3185,0.1493,0.3243,0.0991,0.3737,0.3069,0.3087
51195,Wise Co.,Virginia,36.9990,-82.6279,43113,no (<0.5 psi),0.0000,0.0000,0.2796,0.1825,0.4033,0.3814,0.3961,0.3069,0.3944,0.4227,0.4429,0.2812,0.4317,0.6365,0.2421,0.2932,0.4244,0.4512,0.2727,0.4139,0.4353,0.5058,0.4798,0.2553,0.3281,0.5188,0.3676,0.3051,0.2730,0.3689,0.5283,0.2837
51197,Wythe Co.,Virginia,36.9199,-81.0629,25288,no (<0.5 psi),0.0000,0.0000,0.1836,0.1787,0.0287,0.0845,0.0521,0.1311,0.0373,0.1266,0.0386,0.1048,0.0381,0.0671,0.0542,0.0571,0.0416,0.3293,0.4887,0.2937,0.3198,0.2531,0.2720,0.2751,0.3112,0.2346,0.1946,0.3572,0.1208,0.2586,0.2350,0.1597
51199,York Co.,Virginia,37.2354,-76.5352,37819,very high (>=10 psi),1.0000,1.0000,0.2233,0.8880,0.9425,0.3030,0.7035,0.3705,0.9130,0.4135,0.9436,0.7459,0.7225,0.2838,0.8845,0.6264,0.7362,0.3774,0.7136,0.9214,0.3819,0.8566,0.6386,0.9260,0.4953,0.9647,0.7690,0.8148,0.4859,0.9258,0.8286,0.8309
51510,Alexandria city,Virginia,38.8181,-77.0889,111324,very high (>=10 psi),1.0000,1.0000,0.4964,0.6525,0.8599,0.7633,0.8066,0.6119,0.8810,0.7633,0.8624,0.6856,0.8517,0.8061,0.7682,0.7294,0.8239,0.6231,0.9509,0.9644,0.9474,0.9626,0.9719,0.9707,0.9715,0.9700,0.9285,0.9770,0.9765,0.9526,0.9125,0.9774
51515,Bedford city,Virginia,37.3365,-79.5213,6021,low (0.5-2 psi),0.0000,0.0000,0.0493,0.0320,0.0182,0.1459,0.0615,0.1147,0.0423,0.1147,0.0275,0.0597,0.0353,0.1103,0.0323,0.0559,0.0361,0.0969,0.0589,0.0306,0.2871,0.0539,0.2412,0.0481,0.2679,0.0336,0.1825,0.0445,0.2407,0.0512,0.0712,0.1033
51520,Bristol city,Virginia,36.6196,-82.1567,18774,no (<0.5 psi),0.0000,0.0000,0.1423,0.1282,0.1552,0.2771,0.2901,0.3383,0.1892,0.2188,0.1837,0.2465,0.1642,0.3496,0.2019,0.1850,0.1512,0.2691,0.3211,0.6849,0.4796,0.7915,0.4911,0.6662,0.3976,0.7152,0.4389,0.6540,0.5953,0.4826,0.6828,0.3813
51530,Buena Vista city,Virginia,37.7286,-79.3556,6470,no (<0.5 psi),0.0000,0.0000,0.0528,0.0376,0.0285,0.1335,0.0407,0.0885,0.0426,0.1239,0.0245,0.0457,0.0513,0.0961,0.0434,0.0476,0.0557,0.1033,0.0643,0.0774,0.1560,0.0468,0.1920,0.0880,0.1424,0.1007,0.1616,0.0752,0.2709,0.0660,0.0659,0.2107
51540,Charlottesville city,Virginia,38.0407,-78.4786,40263,no (<0.5 psi),0.0000,0.0000,0.2360,0.1992,0.5893,0.5554,0.6289,0.5204,0.5315,0.5316,0.5203,0.4404,0.5280,0.3319,0.6741,0.7157,0.3036,0.4051,0.3258,0.4355,0.3947,0.4668,0.5688,0.3626,0.4138,0.4265,0.2501,0.4526,0.3466,0.4128,0.6332,0.5629
51550,Chesapeake city,Virginia,36.7087,-76.2765,128814,very high (>=10 psi),1.0000,1.0000,0.5380,0.3133,0.6207,0.4801,0.5909,0.3282,0.7165,0.7993,0.5561,0.5329,0.5256,0.4613,0.6225,0.3821,0.6547,0.6401,0.5679,0.7633,0.8403,0.7518,0.7726,0.7402,0.8471,0.7860,0.7967,0.7314,0.5542,0.8996,0.8554,0.7870
51560,Clifton Forge city,Virginia,37.8266,-79.8237,4936,no (<0.5 psi),0.0000,0.0000,0.0461,0.0240,0.0254,0.0158,0.0288,0.0402,0.0245,0.0248,0.0331,0.0146,0.0187,0.0143,0.0325,0.0212,0.0245,0.0920,0.0585,0.1131,0.0473,0.0748,0.0992,0.1002,0.0311,0.1348,0.0698,0.0722,0.0674,0.1332,0.0790,0.1244
51570,Colonial Heights city,Virginia,37.2642,-77.3985,16335,high (5-10 psi),0.0000,1.0000,0.0993,0.3532,0.2399,0.1575,0.2154,0.2152,0.1531,0.1726,0.1711,0.1294,0.1525,0.1073,0.2188,0.1322,0.2610,0.2248,0.4436,0.3049,0.2290,0.1791,0.2700,0.2127,0.3071,0.2604,0.3008,0.2254,0.2976,0.1679,0.1557,0.3563
51580,Covington city,Virginia,37.7810,-79.9895,7631,no (<0.5 psi),0.0000,0.0000,0.0681,0.0391,0.0218,0.0201,0.0225,0.0445,0.0198,0.0227,0.0411,0.0221,0.0157,0.0192,0.0233,0.0218,0.0237,0.1293,0.0782,0.1169,0.0910,0.0556,0.1398,0.1225,0.0336,0.1320,0.0928,0.0801,0.0936,0.1269,0.0796,0.1293
51590,Danville city,Virginia,36.5922,-79.4166,54319,no (<0.5 psi),0.0000,0.0000,0.3296,0.2561,0.4800,0.5290,0.4576,0.4097,0.5930,0.5537,0.3975,0.4460,0.5132,0.4954,0.6013,0.4931,0.4287,0.4843,0.2586,0.3527,0.7410,0.3134,0.6084,0.2781,0.7274,0.2397,0.5912,0.3478,0.5775,0.3254,0.5208,0.5184
51595,Emporia city,Virginia,36.6936,-77.5347,5747,no (<0.5 psi),0.0000,0.0000,0.0471,0.0302,0.0221,0.0949,0.0282,0.0486,0.0336,0.0546,0.0242,0.0399,0.0381,0.0683,0.0368,0.0351,0.0327,0.0930,0.0478,0.0522,0.1439,0.0616,0.1863,0.0326,0.0871,0.0582,0.0866,0.0559,0.0393,0.0842,0.0900,0.0630
51600,Fairfax city,Virginia,38.8579,-77.3018,19722,medium (2-5 psi),0.0000,1.0000,0.1203,0.1283,0.2748,0.1566,0.3512,0.2185,0.2774,0.1388,0.4025,0.0966,0.3865,0.4503,0.2180,0.1690,0.2480,0.2676,0.5448,0.8861,0.8843,0.9106,0.9287,0.9355,0.8811,0.9192,0.7170,0.9541,0.9596,0.8492,0.8524,0.9306
51610,Falls Church city,Virginia,38.8825,-77.1755,9546,high (5-10 psi),0.0000,1.0000,0.0564,0.1036,0.1026,0.0982,0.1969,0.1059,0.1688,0.1385,0.1635,0.0482,0.2708,0.3447,0.1146,0.1295,0.1400,0.1625,0.5923,0.7559,0.8206,0.8846,0.7996,0.8554,0.8418,0.7918,0.4527,0.9345,0.9297,0.6512,0.7578,0.7985
51620,Franklin city,Virginia,36.6772,-76.9331,7667,no (<0.5 psi),0.0000,0.0000,0.0445,0.0203,0.0268,0.1636,0.0398,0.1244,0.0248,0.0961,0.0226,0.0705,0.0262,0.0738,0.0418,0.0553,0.0403,0.1298,0.0474,0.0492,0.0896,0.0596,0.1250,0.0322,0.0482,0.0703,0.0498,0.0378,0.0427,0.0511,0.0565,0.0528
51630,Fredericksburg city,Virginia,38.3009,-77.4863,16759,low (0.5-2 psi),0.0000,0.0000,0.1020,0.0957,0.1902,0.0874,0.2520,0.1563,0.3030,0.1709,0.1499,0.0852,0.1793,0.0925,0.1891,0.1946,0.1927,0.2407,0.3397,0.7758,0.4564,0.7962,0.7539,0.7929,0.7192,0.7528,0.2508,0.8443,0.4714,0.7501,0.7456,0.6488
51640,Galax city,Virginia,36.6592,-80.9276,6673,no (<0.5 psi),0.0000,0.0000,0.0544,0.0354,0.0227,0.1172,0.0414,0.0854,0.0388,0.0718,0.0252,0.0769,0.0314,0.1026,0.0292,0.0624,0.0368,0.1193,0.0963,0.0552,0.0661,0.0578,0.0618,0.0534,0.0587,0.0486,0.0873,0.0515,0.0383,0.0480,0.0495,0.0581
51650,Hampton city,Virginia,37.0520,-76.3676,126607,very high (>=10 psi),1.0000,1.0000,0.5331,0.9918,0.9665,0.7271,0.9330,0.5349,0.9728,0.8850,0.9599,0.8314,0.9353,0.5774,0.9633,0.9399,0.7682,0.6366,0.9342,0.9233,0.7920,0.9341,0.7198,0.9292,0.8599,0.9663,0.8309,0.9302,0.5393,0.9566,0.9579,0.8190
51660,Harrisonburg city,Virginia,38.4415,-78.8718,26857,no (<0.5 psi),0.0000,0.0000,0.1629,0.1465,0.3848,0.3968,0.5566,0.3762,0.3849,0.4469,0.4027,0.3578,0.4668,0.2516,0.5449,0.6111,0.2720,0.3235,0.2695,0.3739,0.3271,0.5797,0.4357,0.3110,0.4025,0.5006,0.2938,0.4089,0.3005,0.3701,0.5718,0.3645
51670,Hopewell city,Virginia,37.2899,-77.2928,23906,very high (>=10 psi),1.0000,1.0000,0.1455,0.4543,0.3228,0.3625,0.3470,0.3344,0.3148,0.5229,0.1766,0.3671,0.2987,0.1658,0.3157,0.2167,0.5390,0.2883,0.5042,0.3803,0.2878,0.2591,0.2845,0.2696,0.4689,0.3519,0.3562,0.2292,0.2349,0.2489,0.1907,0.3591
51678,Lexington city,Virginia,37.7813,-79.4455,6833,no (<0.5 psi),0.0000,0.0000,0.0618,0.0237,0.0143,0.0196,0.0212,0.0305,0.0189,0.0236,0.0205,0.0105,0.0196,0.0187,0.0254,0.0262,0.0144,0.1188,0.0614,0.1367,0.0728,0.0977,0.0777,0.1122,0.0542,0.1170,0.0810,0.0866,0.0832,0.1121,0.0979,0.0688
51680,Lynchburg city,Virginia,37.4026,-79.1874,66840,very high (>=10 psi),1.0000,1.0000,0.3781,0.4640,0.7385,0.7524,0.7579,0.6912,0.6891,0.7964,0.6960,0.7988,0.6851,0.7477,0.7118,0.7307,0.6124,0.5354,0.6031,0.3445,0.6204,0.3389,0.6502,0.3898,0.6669,0.3743,0.7866,0.4274,0.5630,0.4868,0.5245,0.5507
51683,Manassas city,Virginia,38.7434,-77.4851,18721,low (0.5-2 psi),0.0000,0.0000,0.1142,0.0933,0.5708,0.5829,0.5208,0.5226,0.5098,0.4668,0.5522,0.4273,0.5439,0.6637,0.4428,0.4231,0.5677,0.2587,0.5306,0.9028,0.8725,0.9127,0.9402,0.9336,0.8792,0.9232,0.7445,0.9437,0.9230,0.8499,0.8888,0.9038
51685,Manassas Park city,Virginia,38.7752,-77.4373,6739,no (<0.5 psi),0.0000,0.0000,0.0386,0.0336,0.1604,0.0589,0.1238,0.0642,0.1077,0.0957,0.1634,0.0362,0.2187,0.1743,0.0990,0.1073,0.1066,0.1252,0.2846,0.7636,0.7683,0.8554,0.7738,0.7932,0.7765,0.8140,0.4056,0.9184,0.8244,0.6453,0.7530,0.7322
51690,Martinsville city,Virginia,36.6779,-79.8712,17019,no (<0.5 psi),0.0000,0.0000,0.1304,0.0737,0.0687,0.1223,0.1010,0.1846,0.1084,0.1716,0.0872,0.1092,0.1558,0.1329,0.1104,0.1240,0.0924,0.2302,0.1136,0.0759,0.4001,0.0606,0.2824,0.0772,0.3285,0.0600,0.3270,0.1005,0.1572,0.0973,0.1456,0.2037
51700,Newport News city,Virginia,37.0914,-76.5311,156924,very high (>=10 psi),1.0000,1.0000,0.5933,0.9683,0.9806,0.7938,0.9324,0.6878,0.9700,0.8528,0.9717,0.8952,0.9484,0.8506,0.9633,0.9439,0.8770,0.6790,0.9399,0.9562,0.8486,0.9566,0.8938,0.9611,0.8488,0.9839,0.9274,0.9567,0.8870,0.9581,0.9588,0.9313
51710,Norfolk city,Virginia,36.8973,-76.2625,266585,very high (>=10 psi),1.0000,1.0000,0.7275,0.9976,0.9766,0.8249,0.9266,0.5962,0.9676,0.8795,0.9561,0.8566,0.9388,0.6688,0.9697,0.9329,0.7227,0.7711,0.9801,0.9269,0.9158,0.8969,0.8885,0.9262,0.9361,0.9466,0.9266,0.8890,0.7094,0.9638,0.9626,0.8367
51720,Norton city,Virginia,36.9275,-82.6378,4535,no (<0.5 psi),0.0000,0.0000,0.0373,0.0152,0.0481,0.1609,0.0793,0.1056,0.0448,0.1733,0.0377,0.0503,0.0540,0.0897,0.0630,0.0724,0.0536,0.0853,0.0335,0.0575,0.0581,0.0943,0.0808,0.0393,0.0432,0.0706,0.0455,0.0573,0.0488,0.0663,0.0889,0.0424
51730,Petersburg city,Virginia,37.2062,-77.3907,39846,very high (>=10 psi),1.0000,1.0000,0.2338,0.6088,0.4937,0.3291,0.2792,0.3611,0.3763,0.2766,0.3907,0.3150,0.3182,0.1524,0.3163,0.2002,0.4160,0.3882,0.6666,0.4794,0.6425,0.3732,0.5144,0.3852,0.6296,0.4886,0.7584,0.4058,0.4215,0.5302,0.4716,0.3809
51735,Poquoson city,Virginia,37.1356,-76.3602,10117,very high (>=10 psi),1.0000,1.0000,0.0600,0.0323,0.1418,0.0736,0.1300,0.0596,0.1696,0.2091,0.0943,0.0979,0.1179,0.1066,0.1572,0.0994,0.1274,0.1599,0.1274,0.5325,0.3088,0.4462,0.3393,0.4831,0.5303,0.6069,0.4357,0.5165,0.4751,0.5051,0.4453,0.5035
51740,Portsmouth city,Virginia,36.8537,-76.3484,106562,very high (>=10 psi),1.0000,1.0000,0.4839,0.9254,0.9600,0.5252,0.8965,0.3591,0.9418,0.7501,0.9258,0.5196,0.9013,0.2810,0.9534,0.9108,0.5104,0.6009,0.8473,0.8708,0.7670,0.8743,0.7217,0.8842,0.8615,0.9298,0.7384,0.8760,0.3921,0.9556,0.9472,0.7114
51750,Radford city,Virginia,37.1198,-80.5624,14567,very high (>=10 psi),1.0000,1.0000,0.1134,0.1126,0.0674,0.2327,0.1067,0.2581,0.1432,0.3237,0.0824,0.2079,0.0774,0.1677,0.1201,0.1373,0.0768,0.2042,0.1905,0.0709,0.5419,0.0908,0.3773,0.0733,0.5248,0.0421,0.3727,0.1202,0.3634,0.1328,0.1381,0.2011
51760,Richmond city,Virginia,37.5219,-77.4595,212730,very high (>=10 psi),1.0000,1.0000,0.6736,0.9703,0.9058,0.7149,0.7917,0.7993,0.7537,0.6866,0.9018,0.6896,0.7969,0.6176,0.8708,0.5366,0.8807,0.7343,0.9637,0.8804,0.8550,0.8392,0.9287,0.8301,0.8625,0.8848,0.9106,0.8209,0.7948,0.9151,0.8812,0.8709
51770,Roanoke city,Virginia,37.2745,-79.9611,99000,medium (2-5 psi),0.0000,1.0000,0.4761,0.4776,0.5045,0.8132,0.7919,0.8270,0.6432,0.7649,0.6880,0.7419,0.7017,0.8139,0.6666,0.6009,0.5380,0.6293,0.4786,0.4683,0.7668,0.4965,0.7939,0.5026,0.7788,0.4345,0.7732,0.5612,0.7740,0.5709,0.6135,0.6373
51775,Salem city,Virginia,37.2885,-80.0698,23887,low (0.5-2 psi),0.0000,0.0000,0.1750,0.1234,0.0953,0.3168,0.1707,0.3952,0.1385,0.3245,0.1295,0.2321,0.1314,0.2793,0.1196,0.1665,0.1354,0.2947,0.1641,0.0663,0.3092,0.1161,0.3551,0.0774,0.2681,0.0545,0.2200,0.0813,0.2445,0.0931,0.1545,0.1280
51780,South Boston city,Virginia,36.7052,-78.9055,7078,no (<0.5 psi),0.0000,0.0000,0.0576,0.0478,0.0685,0.1786,0.0660,0.1221,0.0968,0.1810,0.0633,0.1219,0.0509,0.1282,0.0674,0.1091,0.1087,0.1118,0.1141,0.1286,0.1824,0.0656,0.1548,0.1581,0.1952,0.1077,0.3817,0.0841,0.2090,0.1836,0.1034,0.1892
51790,Staunton city,Virginia,38.1598,-79.0628,24066,low (0.5-2 psi),0.0000,0.0000,0.1793,0.1353,0.0692,0.1172,0.0623,0.1009,0.0862,0.0834,0.0872,0.1008,0.0982,0.1197,0.0883,0.1578,0.0654,0.2895,0.2056,0.1439,0.2767,0.1466,0.2184,0.1690,0.2230,0.1446,0.1924,0.1862,0.1994,0.1800,0.3436,0.1559
51800,Suffolk city,Virginia,36.7256,-76.6275,48793,medium (2-5 psi),0.0000,1.0000,0.2777,0.1341,0.2700,0.0956,0.2436,0.1776,0.1214,0.2625,0.1821,0.0808,0.1261,0.0720,0.1518,0.1515,0.1983,0.4312,0.4004,0.5186,0.3593,0.5804,0.4677,0.5543,0.6174,0.5454,0.3338,0.5685,0.1470,0.6514,0.6840,0.5007
51810,Virginia Beach city,Virginia,36.7365,-76.0304,321304,very high (>=10 psi),1.0000,1.0000,0.7677,0.9986,0.9586,0.9093,0.9276,0.8350,0.9620,0.9576,0.9187,0.9419,0.9295,0.9176,0.9564,0.9334,0.9070,0.7988,0.9835,0.9552,0.9768,0.9514,0.9663,0.9464,0.9773,0.9520,0.9660,0.9328,0.9427,0.9759,0.9632,0.9495
51820,Waynesboro city,Virginia,38.0667,-78.9055,18354,very high (>=10 psi),1.0000,1.0000,0.1444,0.0841,0.0220,0.0588,0.0546,0.0764,0.0370,0.0454,0.0476,0.0564,0.0374,0.0515,0.0505,0.1034,0.0308,0.2431,0.1541,0.1116,0.1198,0.0964,0.1476,0.1452,0.0972,0.1168,0.1075,0.1202,0.1221,0.1231,0.2152,0.1160
51830,Williamsburg city,Virginia,37.2783,-76.6946,10452,medium (2-5 psi),0.0000,1.0000,0.0621,0.0882,0.5364,0.0831,0.1593,0.0952,0.4553,0.1592,0.5419,0.6014,0.1320,0.2055,0.4042,0.1504,0.4812,0.1638,0.1954,0.6826,0.1565,0.2448,0.1889,0.6832,0.1909,0.8064,0.8551,0.2159,0.2494,0.7424,0.2898,0.7135
51840,Winchester city,Virginia,39.1688,-78.1734,19682,low (0.5-2 psi),0.0000,0.0000,0.1201,0.0605,0.1720,0.3181,0.3268,0.4054,0.1575,0.2209,0.2175,0.1588,0.2501,0.2045,0.2340,0.3241,0.1719,0.2672,0.1632,0.3747,0.5458,0.5891,0.5996,0.5135,0.5511,0.5396,0.4132,0.6138,0.4343,0.4730,0.5187,0.4698
53003,Asotin Co.,Washington,46.2203,-117.1892,17385,no (<0.5 psi),0.0000,0.0000,0.1480,0.0827,0.0199,0.2774,0.0530,0.0532,0.0312,0.0615,0.0550,0.2423,0.0255,0.1249,0.0323,0.0969,0.0297,0.2344,0.1564,0.2075,0.4620,0.3365,0.3335,0.2426,0.3190,0.2963,0.4359,0.1852,0.0995,0.3857,0.4254,0.1015
53005,Benton Co.,Washington,46.2827,-119.5698,110353,very high (>=10 psi),1.0000,1.0000,0.4817,0.8676,0.9486,0.5869,0.9259,0.6654,0.9671,0.4981,0.9675,0.8340,0.9383,0.5257,0.9640,0.9587,0.6925,0.6082,0.7528,0.8903,0.4625,0.8295,0.6984,0.8316,0.5363,0.9128,0.5985,0.8547,0.4842,0.8724,0.8574,0.7264
53009,Clallam Co.,Washington,48.1255,-124.0676,52068,very high (>=10 psi),1.0000,1.0000,0.3198,0.2910,0.3345,0.5805,0.4641,0.2914,0.2727,0.1847,0.2238,0.6380,0.2867,0.5497,0.2209,0.4674,0.2173,0.4453,0.3912,0.3526,0.6127,0.4260,0.2953,0.3771,0.4259,0.3168,0.6140,0.3682,0.5452,0.3387,0.4412,0.4122
53013,Columbia Co.,Washington,46.3167,-117.9258,4138,no (<0.5 psi),0.0000,0.0000,0.0451,0.0174,0.0159,0.0501,0.0103,0.0254,0.0227,0.0166,0.0228,0.0490,0.0115,0.0213,0.0147,0.0173,0.0224,0.0799,0.0531,0.0457,0.0853,0.0484,0.0408,0.0469,0.0665,0.0551,0.1193,0.0293,0.0585,0.0619,0.0772,0.0307
53021,Franklin Co.,Washington,46.4605,-118.9438,36047,medium (2-5 psi),0.0000,1.0000,0.2519,0.3077,0.3681,0.1688,0.1184,0.2021,0.4581,0.3812,0.4268,0.3675,0.1077,0.2042,0.4950,0.1940,0.3339,0.3675,0.3890,0.2839,0.2787,0.3136,0.3199,0.3141,0.3639,0.3206,0.1907,0.2459,0.4542,0.4508,0.4014,0.4214
53023,Garfield Co.,Washington,46.3610,-117.5461,2431,no (<0.5 psi),0.0000,0.0000,0.0283,0.0090,0.0054,0.0661,0.0066,0.0207,0.0060,0.0158,0.0098,0.0704,0.0062,0.0189,0.0058,0.0135,0.0096,0.0516,0.0393,0.0275,0.1017,0.0329,0.0327,0.0277,0.0575,0.0321,0.1520,0.0233,0.0295,0.0387,0.0458,0.0220
53025,Grant Co.,Washington,47.2913,-119.4904,52546,very high (>=10 psi),1.0000,1.0000,0.3216,0.2060,0.1976,0.7349,0.2037,0.4797,0.2029,0.2714,0.2532,0.6930,0.2119,0.5192,0.1877,0.3716,0.3003,0.4472,0.3502,0.2768,0.6631,0.2592,0.7290,0.3421,0.7045,0.3016,0.6967,0.2183,0.5061,0.3802,0.3972,0.6496
53029,Island Co.,Washington,48.1623,-122.4962,48703,very high (>=10 psi),1.0000,1.0000,0.3067,0.7087,0.8680,0.5224,0.8319,0.2989,0.8933,0.4844,0.8856,0.3844,0.8775,0.6051,0.8729,0.8662,0.4269,0.4308,0.6912,0.8487,0.4150,0.7495,0.4048,0.8354,0.4791,0.8470,0.4377,0.8681,0.7468,0.7674,0.7707,0.5887
53031,Jefferson Co.,Washington,47.8290,-123.5936,17443,very high (>=10 psi),1.0000,1.0000,0.1484,0.0455,0.0299,0.1760,0.0802,0.0422,0.0465,0.0346,0.0374,0.1761,0.0426,0.1029,0.0312,0.1168,0.0213,0.2350,0.1378,0.1348,0.2139,0.1255,0.0864,0.1261,0.1696,0.2671,0.2749,0.1174,0.3693,0.1013,0.2319,0.1625
53033,King Co.,Washington,47.4321,-121.9584,1352665,very high (>=10 psi),1.0000,1.0000,0.9004,0.8464,0.8217,0.8621,0.8319,0.8895,0.8434,0.8259,0.8877,0.9266,0.8258,0.9225,0.8163,0.8289,0.8910,0.9335,0.8419,0.9618,0.9754,0.9462,0.9819,0.9607,0.9548,0.9441,0.9794,0.9545,0.9751,0.9549,0.9532,0.9759
53035,Kitsap Co.,Washington,47.6714,-122.6501,163546,very high (>=10 psi),1.0000,1.0000,0.5705,0.9884,0.9463,0.4355,0.9361,0.4851,0.9582,0.6200,0.9449,0.3389,0.9532,0.6577,0.9442,0.8493,0.7299,0.6869,0.9495,0.9215,0.4478,0.8630,0.5635,0.9153,0.5850,0.8814,0.4706,0.9311,0.7682,0.8744,0.8383,0.8207
53037,Kittitas Co.,Washington,47.1654,-120.6607,25247,low (0.5-2 psi),0.0000,0.0000,0.1959,0.0710,0.0308,0.0529,0.0175,0.0325,0.0384,0.0177,0.0373,0.0569,0.0288,0.0418,0.0216,0.0633,0.0517,0.2982,0.1776,0.0598,0.1010,0.0626,0.1421,0.0828,0.1217,0.0933,0.1120,0.0798,0.0930,0.0899,0.1170,0.2894
53045,Mason Co.,Washington,47.3379,-123.1545,34535,low (0.5-2 psi),0.0000,0.0000,0.2446,0.1783,0.1681,0.2058,0.5193,0.1236,0.2221,0.1763,0.2201,0.1168,0.2953,0.2343,0.3264,0.2264,0.1688,0.3588,0.2714,0.5413,0.1407,0.3653,0.3339,0.4299,0.2812,0.3989,0.1131,0.4020,0.4005,0.4309,0.2260,0.3862
53051,Pend Oreille Co.,Washington,48.5135,-117.2663,8852,no (<0.5 psi),0.0000,0.0000,0.0520,0.0493,0.0192,0.0455,0.0198,0.0171,0.0284,0.0142,0.0166,0.0984,0.0131,0.0233,0.0211,0.0202,0.0244,0.1537,0.1415,0.0455,0.1913,0.0512,0.0527,0.0314,0.0357,0.0793,0.2549,0.0357,0.1077,0.0370,0.0463,0.0417
53053,Pierce Co.,Washington,47.0681,-122.0380,528270,very high (>=10 psi),1.0000,1.0000,0.7938,0.9952,0.9405,0.9008,0.9518,0.8703,0.9447,0.7249,0.9719,0.9422,0.9487,0.9124,0.9451,0.9291,0.7523,0.8600,0.9694,0.9634,0.9548,0.9652,0.9629,0.9463,0.9017,0.9654,0.9582,0.9590,0.9604,0.9402,0.9671,0.9137
53061,Snohomish Co.,Washington,48.0357,-121.6991,377091,very high (>=10 psi),1.0000,1.0000,0.7393,0.6543,0.2847,0.5370,0.5062,0.7215,0.4308,0.5100,0.4150,0.6483,0.3592,0.6575,0.3428,0.5627,0.4843,0.8204,0.7487,0.8543,0.8299,0.7833,0.9202,0.8368,0.8374,0.8234,0.8266,0.8918,0.9551,0.8224,0.8537,0.9164
53071,Walla Walla Co.,Washington,46.2997,-118.5036,48357,low (0.5-2 psi),0.0000,0.0000,0.3053,0.1272,0.1435,0.2876,0.1295,0.2340,0.2273,0.3387,0.1189,0.3398,0.1477,0.3322,0.1684,0.2505,0.2582,0.4293,0.2977,0.3834,0.2686,0.2668,0.4529,0.3809,0.3667,0.3598,0.3107,0.3144,0.3909,0.3342,0.3049,0.5297
53073,Whatcom Co.,Washington,48.8260,-121.7243,112441,very high (>=10 psi),1.0000,1.0000,0.4869,0.4367,0.4064,0.5903,0.5053,0.6505,0.3461,0.3830,0.5282,0.3728,0.5526,0.4993,0.4281,0.4641,0.3174,0.6122,0.6527,0.2659,0.5810,0.3557,0.7018,0.1966,0.2793,0.4297,0.3811,0.2637,0.5902,0.2517,0.3361,0.4594
53077,Yakima Co.,Washington,46.5674,-120.6485,181321,very high (>=10 psi),1.0000,1.0000,0.5933,0.4450,0.5427,0.6488,0.3295,0.5241,0.5871,0.5353,0.4453,0.5837,0.4478,0.5177,0.3980,0.4411,0.6417,0.7060,0.5071,0.5517,0.6650,0.4498,0.6400,0.6173,0.7013,0.5885,0.6176,0.4848,0.6972,0.4282,0.4656,0.7724
54001,Barbour Co.,West Virginia,39.1238,-80.0279,16754,medium (2-5 psi),0.0000,1.0000,0.1340,0.0814,0.0217,0.0157,0.0309,0.0204,0.0281,0.0215,0.0214,0.0142,0.0324,0.0183,0.0247,0.0526,0.0194,0.2287,0.2007,0.3039,0.0647,0.2595,0.1217,0.2942,0.0830,0.2090,0.0416,0.4374,0.1056,0.2676,0.2439,0.1238
54003,Berkeley Co.,West Virginia,39.4439,-78.0254,51160,very high (>=10 psi),1.0000,1.0000,0.2887,0.1745,0.4049,0.2856,0.4865,0.2505,0.5035,0.2357,0.4044,0.2154,0.4975,0.5207,0.2102,0.4029,0.2972,0.4563,0.5027,0.6851,0.4590,0.7084,0.5507,0.7134,0.4986,0.6739,0.2726,0.8107,0.6913,0.3974,0.3798,0.6472
54005,Boone Co.,West Virginia,37.9955,-81.7149,29175,low (0.5-2 psi),0.0000,0.0000,0.2079,0.0981,0.0797,0.1258,0.0935,0.0961,0.0523,0.0721,0.0718,0.1508,0.0807,0.0321,0.0930,0.0934,0.0605,0.3255,0.1519,0.3148,0.3145,0.2934,0.2550,0.2936,0.4421,0.2156,0.2772,0.3523,0.0839,0.4444,0.4523,0.1663
54007,Braxton Co.,West Virginia,38.6928,-80.7457,14130,no (<0.5 psi),0.0000,0.0000,0.1162,0.0543,0.0292,0.0305,0.0400,0.0214,0.0241,0.0338,0.0226,0.0280,0.0311,0.0181,0.0267,0.0330,0.0285,0.2033,0.1110,0.1657,0.0519,0.1835,0.0586,0.1183,0.0970,0.1054,0.0520,0.1158,0.0769,0.2088,0.1510,0.0881
54009,Brooke Co.,West Virginia,40.2821,-80.5672,28733,very high (>=10 psi),1.0000,1.0000,0.1736,0.2081,0.8686,0.5110,0.8304,0.5529,0.8845,0.5248,0.8700,0.5954,0.8297,0.8658,0.8016,0.5926,0.8579,0.3365,0.4169,0.9641,0.7325,0.9369,0.6775,0.9689,0.6807,0.9725,0.9062,0.9275,0.9363,0.9551,0.7787,0.9493
54011,Cabell Co.,West Virginia,38.4225,-82.2582,104521,very high (>=10 psi),1.0000,1.0000,0.4696,0.3881,0.4168,0.5233,0.5291,0.4133,0.3951,0.5674,0.4462,0.4801,0.4774,0.5904,0.4102,0.5385,0.4258,0.5968,0.4747,0.8064,0.6642,0.7655,0.7379,0.8523,0.8077,0.8287,0.5740,0.8330,0.8551,0.6233,0.8298,0.8309
54013,Calhoun Co.,West Virginia,38.8294,-81.1144,8393,no (<0.5 psi),0.0000,0.0000,0.0741,0.0339,0.0134,0.0155,0.0171,0.0241,0.0144,0.0103,0.0164,0.0099,0.0238,0.0173,0.0156,0.0144,0.0156,0.1391,0.0633,0.0973,0.0794,0.1048,0.0795,0.1031,0.0583,0.1252,0.0496,0.1155,0.1062,0.1375,0.1255,0.0750
54015,Clay Co.,West Virginia,38.4433,-81.0724,10957,medium (2-5 psi),0.0000,1.0000,0.0936,0.0377,0.0263,0.0228,0.0216,0.0467,0.0179,0.0238,0.0223,0.0247,0.0343,0.0159,0.0240,0.0196,0.0242,0.1695,0.0853,0.3862,0.2357,0.3584,0.3206,0.2811,0.3013,0.3112,0.2167,0.3368,0.2227,0.4339,0.3495,0.2430
54017,Doddridge Co.,West Virginia,39.2699,-80.7485,7499,low (0.5-2 psi),0.0000,0.0000,0.0671,0.0391,0.0184,0.0369,0.0231,0.0129,0.0190,0.0339,0.0097,0.0189,0.0264,0.0406,0.0175,0.0233,0.0223,0.1276,0.1147,0.2118,0.1294,0.1706,0.1001,0.2044,0.1635,0.0990,0.0747,0.2331,0.0738,0.2286,0.1256,0.1110
54019,Fayette Co.,West Virginia,38.0372,-81.0966,54812,low (0.5-2 psi),0.0000,0.0000,0.3237,0.3255,0.4641,0.5073,0.3200,0.2592,0.5143,0.4150,0.4947,0.4657,0.3671,0.2555,0.4207,0.4379,0.2676,0.4564,0.4163,0.5844,0.6480,0.6674,0.5540,0.7204,0.6820,0.7095,0.6156,0.5215,0.3293,0.6743,0.7887,0.4772
54021,Gilmer Co.,West Virginia,38.9125,-80.8123,8441,no (<0.5 psi),0.0000,0.0000,0.0745,0.0347,0.0109,0.0156,0.0170,0.0143,0.0130,0.0175,0.0089,0.0110,0.0203,0.0151,0.0116,0.0150,0.0176,0.1397,0.0711,0.1410,0.0652,0.1187,0.0884,0.1176,0.0787,0.1111,0.0414,0.1849,0.1056,0.1660,0.1169,0.1103
54023,Grant Co.,West Virginia,39.0707,-79.1884,10335,very high (>=10 psi),1.0000,1.0000,0.0614,0.0999,0.0891,0.0138,0.0259,0.0198,0.0716,0.0134,0.0937,0.0764,0.0211,0.0239,0.0780,0.0187,0.0789,0.1721,0.3260,0.1564,0.0346,0.1138,0.0627,0.1757,0.0444,0.2257,0.0850,0.0681,0.0553,0.2291,0.0486,0.0909
54025,Greenbrier Co.,West Virginia,37.9662,-80.4150,36760,very high (>=10 psi),1.0000,1.0000,0.2465,0.4341,0.5275,0.1326,0.6716,0.1092,0.5409,0.0826,0.4919,0.1476,0.4146,0.0732,0.6253,0.5995,0.0758,0.3715,0.5550,0.7057,0.1828,0.6321,0.1751,0.6351,0.2029,0.6773,0.1550,0.7380,0.1828,0.6614,0.6593,0.2815
54027,Hampshire Co.,West Virginia,39.3129,-78.6324,15344,no (<0.5 psi),0.0000,0.0000,0.0931,0.0520,0.1006,0.1150,0.1156,0.0649,0.0832,0.0500,0.0876,0.0812,0.0895,0.0600,0.1092,0.0995,0.0481,0.2269,0.2716,0.3719,0.2790,0.5730,0.4513,0.4793,0.3416,0.5699,0.3200,0.6003,0.2474,0.4028,0.4286,0.3683
54029,Hancock Co.,West Virginia,40.5095,-80.5697,38268,very high (>=10 psi),1.0000,1.0000,0.2558,0.1502,0.6355,0.4309,0.5790,0.4287,0.6714,0.3448,0.6379,0.4470,0.6924,0.5930,0.5221,0.4348,0.5046,0.3994,0.4686,0.9583,0.9134,0.9146,0.7678,0.9683,0.7586,0.9574,0.9609,0.8836,0.8657,0.9440,0.8206,0.9175
54031,Hardy Co.,West Virginia,38.9920,-78.8279,10385,no (<0.5 psi),0.0000,0.0000,0.0617,0.0344,0.0159,0.0250,0.0308,0.0206,0.0142,0.0175,0.0198,0.0142,0.0206,0.0118,0.0279,0.0389,0.0129,0.1727,0.1859,0.0598,0.1925,0.1805,0.1147,0.0903,0.0838,0.1122,0.1735,0.0683,0.0408,0.1048,0.1295,0.0566
54033,Harrison Co.,West Virginia,39.2849,-80.3969,75224,very high (>=10 psi),1.0000,1.0000,0.3929,0.6037,0.8498,0.7046,0.5492,0.4568,0.8786,0.7186,0.8148,0.8646,0.5653,0.4521,0.8619,0.6950,0.8509,0.5258,0.6119,0.9509,0.7205,0.7554,0.7345,0.9487,0.8587,0.9294,0.9551,0.8524,0.6492,0.9565,0.8252,0.9311
54035,Jackson Co.,West Virginia,38.8440,-81.7053,26486,low (0.5-2 psi),0.0000,0.0000,0.1931,0.1765,0.1743,0.1177,0.1745,0.0982,0.1353,0.0562,0.2165,0.1384,0.2370,0.1042,0.1696,0.0744,0.2038,0.3071,0.2975,0.4559,0.2258,0.4624,0.2112,0.3622,0.3103,0.2865,0.2102,0.5199,0.3151,0.2827,0.2360,0.3276
54037,Jefferson Co.,West Virginia,39.3157,-77.8607,32352,very high (>=10 psi),1.0000,1.0000,0.1939,0.1224,0.1697,0.1851,0.2827,0.2006,0.2447,0.1526,0.1681,0.1162,0.3655,0.5545,0.1179,0.3005,0.1474,0.3600,0.4623,0.4839,0.3956,0.7162,0.5497,0.6485,0.4439,0.6576,0.1826,0.7981,0.6857,0.3533,0.5379,0.4401
54039,Kanawha Co.,West Virginia,38.2975,-81.5241,222610,very high (>=10 psi),1.0000,1.0000,0.6453,0.9058,0.9012,0.7797,0.8420,0.8435,0.7660,0.8683,0.9123,0.8148,0.9141,0.6821,0.9319,0.7082,0.8921,0.7420,0.8919,0.9578,0.8526,0.9274,0.9339,0.9450,0.9178,0.9416,0.8784,0.9445,0.8767,0.9527,0.9375,0.9137
54041,Lewis Co.,West Virginia,38.9430,-80.4948,18866,low (0.5-2 psi),0.0000,0.0000,0.1476,0.0905,0.0733,0.0806,0.0864,0.0312,0.0740,0.0882,0.0474,0.0522,0.1268,0.0531,0.0609,0.0832,0.0534,0.2476,0.1492,0.2835,0.1406,0.2307,0.1058,0.2708,0.3209,0.1813,0.1437,0.3580,0.1542,0.3040,0.2046,0.2580
54043,Lincoln Co.,West Virginia,38.1586,-82.0830,22798,very high (>=10 psi),1.0000,1.0000,0.1718,0.0731,0.0632,0.0858,0.0808,0.0648,0.0502,0.0669,0.0485,0.0965,0.0729,0.0396,0.0891,0.0466,0.0856,0.2798,0.1454,0.3242,0.1965,0.2914,0.1894,0.2767,0.2946,0.1803,0.1918,0.2735,0.0821,0.2766,0.3633,0.1893
54045,Logan Co.,West Virginia,37.8332,-81.9423,48777,no (<0.5 psi),0.0000,0.0000,0.2998,0.1665,0.1890,0.4400,0.2210,0.1946,0.1593,0.3652,0.2437,0.4131,0.2306,0.1693,0.3182,0.3364,0.1471,0.4311,0.2152,0.3854,0.7307,0.4443,0.4709,0.4811,0.5518,0.3546,0.6077,0.3720,0.2002,0.4250,0.7009,0.2821
54047,McDowell Co.,West Virginia,37.3742,-81.6368,44755,very high (>=10 psi),1.0000,1.0000,0.2874,0.2656,0.2001,0.3365,0.2714,0.4242,0.2024,0.1977,0.2427,0.1855,0.2406,0.2364,0.1389,0.2942,0.2343,0.4602,0.4321,0.4616,0.6095,0.3544,0.5179,0.4774,0.4501,0.4608,0.4820,0.4043,0.3906,0.3740,0.4399,0.4779
54049,Marion Co.,West Virginia,39.5151,-80.2634,62776,very high (>=10 psi),1.0000,1.0000,0.3389,0.4116,0.8677,0.6209,0.6357,0.5475,0.8390,0.7273,0.8875,0.8383,0.6792,0.3819,0.9217,0.7755,0.8045,0.5008,0.5542,0.8864,0.7151,0.7178,0.7241,0.8924,0.8306,0.8948,0.9393,0.6644,0.3266,0.9599,0.8294,0.8744
54051,Marshall Co.,West Virginia,39.8762,-80.6559,39638,very high (>=10 psi),1.0000,1.0000,0.2327,0.3038,0.8184,0.2924,0.7642,0.4786,0.7487,0.3041,0.8356,0.4937,0.6325,0.3999,0.7516,0.5966,0.6349,0.4018,0.4523,0.9404,0.5157,0.8754,0.6519,0.9433,0.5800,0.9500,0.9118,0.8087,0.5156,0.9607,0.7453,0.9010
54053,Mason Co.,West Virginia,38.7476,-81.9992,26361,very high (>=10 psi),1.0000,1.0000,0.1924,0.2152,0.5654,0.0913,0.1132,0.0913,0.5731,0.1230,0.6532,0.4622,0.1013,0.1503,0.6034,0.0635,0.6338,0.3062,0.2960,0.8662,0.3415,0.3268,0.2578,0.8816,0.4641,0.8401,0.9148,0.4124,0.2932,0.8842,0.2383,0.8538
54055,Mercer Co.,West Virginia,37.4159,-81.0763,71121,very high (>=10 psi),1.0000,1.0000,0.3931,0.3728,0.4310,0.5655,0.5181,0.4528,0.4961,0.6138,0.4759,0.5260,0.4371,0.5518,0.3900,0.4749,0.2886,0.5506,0.4908,0.4750,0.6614,0.4263,0.7859,0.5330,0.7358,0.4852,0.6358,0.5009,0.5145,0.5702,0.6250,0.4926
54057,Mineral Co.,West Virginia,39.4431,-78.8648,27085,very high (>=10 psi),1.0000,1.0000,0.1642,0.1140,0.3530,0.1233,0.4720,0.3537,0.2552,0.0821,0.3928,0.0984,0.5445,0.2574,0.3374,0.3222,0.2385,0.3251,0.3249,0.6072,0.1275,0.6739,0.3108,0.7367,0.2933,0.6286,0.1510,0.7599,0.3850,0.3748,0.5750,0.5237
54059,Mingo Co.,West Virginia,37.7434,-82.2148,37388,no (<0.5 psi),0.0000,0.0000,0.2512,0.1471,0.1788,0.1593,0.2274,0.1644,0.2064,0.1882,0.1537,0.1234,0.1477,0.0874,0.1971,0.4237,0.0957,0.4174,0.2796,0.3534,0.4481,0.3771,0.4227,0.4843,0.3640,0.4283,0.3559,0.5088,0.2222,0.3966,0.5374,0.2118
54061,Monongalia Co.,West Virginia,39.5778,-79.9694,76410,low (0.5-2 psi),0.0000,0.0000,0.3908,0.4115,0.5014,0.0620,0.3971,0.2583,0.4606,0.1119,0.5615,0.2324,0.2870,0.0452,0.6942,0.6077,0.2972,0.5435,0.5632,0.6814,0.1900,0.6206,0.4296,0.5597,0.3477,0.6902,0.5520,0.5701,0.1914,0.7960,0.7016,0.4815
54063,Monroe Co.,West Virginia,37.5552,-80.5469,12790,low (0.5-2 psi),0.0000,0.0000,0.1007,0.0438,0.0155,0.0231,0.0164,0.0185,0.0151,0.0262,0.0191,0.0233,0.0166,0.0230,0.0153,0.0230,0.0208,0.1841,0.1206,0.1369,0.2734,0.1282,0.2560,0.1326,0.3003,0.1063,0.2592,0.1093,0.3421,0.1197,0.0812,0.3045
54065,Morgan Co.,West Virginia,39.5426,-78.2999,11190,low (0.5-2 psi),0.0000,0.0000,0.0668,0.0464,0.0508,0.0461,0.0655,0.0508,0.0680,0.0313,0.0661,0.0369,0.0714,0.1365,0.0454,0.0782,0.0324,0.1822,0.2890,0.3134,0.2229,0.3364,0.3220,0.4856,0.2308,0.4271,0.2388,0.3496,0.5113,0.1886,0.2498,0.3248
54067,Nicholas Co.,West Virginia,38.3108,-80.8245,28259,no (<0.5 psi),0.0000,0.0000,0.2029,0.1161,0.0791,0.0828,0.1513,0.0834,0.0997,0.0951,0.0787,0.0744,0.1121,0.0572,0.1207,0.0836,0.0680,0.3194,0.2015,0.2421,0.1127,0.2523,0.1367,0.3305,0.1872,0.2401,0.1094,0.3101,0.1074,0.3492,0.1819,0.2050
54069,Ohio Co.,West Virginia,40.0991,-80.6153,55967,medium (2-5 psi),0.0000,1.0000,0.3102,0.3551,0.8822,0.3239,0.8429,0.4622,0.9134,0.4379,0.9008,0.5567,0.7850,0.5209,0.8152,0.6932,0.7797,0.4758,0.4906,0.9499,0.7012,0.8901,0.7176,0.9514,0.7655,0.9605,0.9339,0.8543,0.8150,0.9621,0.8720,0.9368
54071,Pendleton Co.,West Virginia,38.6839,-79.3413,8132,no (<0.5 psi),0.0000,0.0000,0.0474,0.0403,0.0121,0.0269,0.0233,0.0321,0.0129,0.0146,0.0195,0.0270,0.0157,0.0416,0.0145,0.0209,0.0156,0.1443,0.2228,0.0484,0.0784,0.0879,0.0816,0.0454,0.0397,0.0615,0.0619,0.0572,0.0884,0.0411,0.0418,0.0461
54073,Pleasants Co.,West Virginia,39.3757,-81.1518,7743,very high (>=10 psi),1.0000,1.0000,0.0690,0.0817,0.0694,0.0122,0.0180,0.0102,0.0948,0.0158,0.0791,0.0375,0.0220,0.0235,0.0805,0.0150,0.0617,0.1308,0.1597,0.3095,0.0467,0.1788,0.0642,0.3570,0.1789,0.2126,0.0831,0.3232,0.2204,0.1999,0.1676,0.1818
54075,Pocahontas Co.,West Virginia,38.3843,-79.9900,9736,no (<0.5 psi),0.0000,0.0000,0.0844,0.0601,0.0081,0.0227,0.0101,0.0111,0.0099,0.0119,0.0079,0.0203,0.0103,0.0131,0.0087,0.0174,0.0068,0.1554,0.1672,0.0330,0.0871,0.0455,0.0958,0.0413,0.0939,0.0379,0.0930,0.0265,0.0380,0.0602,0.0724,0.0456
54077,Preston Co.,West Virginia,39.4587,-79.6904,30375,low (0.5-2 psi),0.0000,0.0000,0.1829,0.1362,0.2040,0.1165,0.1700,0.3306,0.1061,0.0609,0.1959,0.0896,0.1767,0.1283,0.2253,0.2504,0.1635,0.3475,0.3923,0.5938,0.2941,0.5816,0.5699,0.5248,0.3217,0.6255,0.2565,0.6420,0.3667,0.5246,0.6815,0.5147
54079,Putnam Co.,West Virginia,38.4757,-81.8900,40394,very high (>=10 psi),1.0000,1.0000,0.2635,0.3549,0.8795,0.2323,0.1881,0.1109,0.8437,0.1270,0.8934,0.9043,0.2639,0.2727,0.9028,0.1986,0.8948,0.3911,0.3819,0.9386,0.6406,0.6110,0.5216,0.9310,0.5988,0.9157,0.9473,0.7339,0.6003,0.9451,0.5782,0.8779
54081,Raleigh Co.,West Virginia,37.7467,-81.1737,85416,low (0.5-2 psi),0.0000,0.0000,0.4386,0.4105,0.1860,0.5095,0.2235,0.3139,0.2253,0.3560,0.2218,0.4841,0.2201,0.2443,0.2274,0.3513,0.1651,0.5948,0.5246,0.4233,0.5258,0.5258,0.5949,0.5097,0.5423,0.4820,0.6160,0.3712,0.4284,0.5339,0.5724,0.4531
54083,Randolph Co.,West Virginia,38.7635,-79.8232,29507,no (<0.5 psi),0.0000,0.0000,0.2097,0.1991,0.0432,0.0714,0.0702,0.0397,0.0504,0.0516,0.0524,0.0867,0.0560,0.0410,0.0519,0.1168,0.0272,0.3277,0.3913,0.1377,0.2114,0.2742,0.1839,0.1853,0.3039,0.1601,0.2042,0.1699,0.0991,0.3504,0.2971,0.1345
54085,Ritchie Co.,West Virginia,39.1944,-81.0821,11082,low (0.5-2 psi),0.0000,0.0000,0.0945,0.0598,0.0293,0.0165,0.0325,0.0132,0.0304,0.0183,0.0212,0.0232,0.0292,0.0269,0.0261,0.0236,0.0294,0.1709,0.1295,0.3918,0.1791,0.3218,0.1515,0.2917,0.2044,0.2886,0.1299,0.3624,0.1696,0.2911,0.2984,0.2430
54087,Roane Co.,West Virginia,38.7351,-81.3512,16063,medium (2-5 psi),0.0000,1.0000,0.1294,0.0641,0.1223,0.0456,0.0965,0.0965,0.0732,0.0263,0.0895,0.0335,0.1262,0.0963,0.0569,0.0383,0.1099,0.2222,0.1109,0.3300,0.2242,0.3581,0.3479,0.3419,0.2424,0.3636,0.1755,0.3224,0.3161,0.2719,0.2874,0.3221
54089,Summers Co.,West Virginia,37.6515,-80.8736,15445,low (0.5-2 psi),0.0000,0.0000,0.1196,0.0615,0.0357,0.0741,0.0481,0.0666,0.0286,0.0773,0.0335,0.0496,0.0319,0.0349,0.0324,0.0399,0.0397,0.2137,0.1288,0.1026,0.5194,0.1827,0.5530,0.0951,0.3618,0.1066,0.3215,0.1209,0.1714,0.1747,0.2016,0.1397
54091,Taylor Co.,West Virginia,39.3378,-80.0490,16155,high (5-10 psi),0.0000,1.0000,0.0982,0.1166,0.4748,0.0871,0.1118,0.1364,0.5883,0.0507,0.6355,0.5359,0.1045,0.0735,0.4989,0.2244,0.4896,0.2349,0.3538,0.8862,0.4437,0.6014,0.5804,0.9317,0.4471,0.9235,0.9062,0.5452,0.3419,0.9359,0.6999,0.8777
54093,Tucker Co.,West Virginia,39.1169,-79.5772,8379,medium (2-5 psi),0.0000,1.0000,0.0490,0.0328,0.0088,0.0427,0.0208,0.0326,0.0122,0.0083,0.0173,0.0307,0.0119,0.0188,0.0068,0.0191,0.0196,0.1476,0.1830,0.0373,0.0884,0.0667,0.0696,0.0482,0.0337,0.0626,0.0545,0.0486,0.0502,0.0390,0.0525,0.0370
54095,Tyler Co.,West Virginia,39.4516,-80.8215,10801,medium (2-5 psi),0.0000,1.0000,0.0924,0.0434,0.0138,0.0265,0.0176,0.0175,0.0167,0.0215,0.0142,0.0139,0.0196,0.0298,0.0160,0.0277,0.0118,0.1678,0.1129,0.1931,0.0470,0.1535,0.0653,0.2133,0.1321,0.1414,0.0500,0.2494,0.1381,0.1772,0.1380,0.0925
54097,Upshur Co.,West Virginia,38.8985,-80.2349,24472,low (0.5-2 psi),0.0000,0.0000,0.1816,0.1227,0.0631,0.0885,0.0867,0.0667,0.0895,0.0594,0.0612,0.0735,0.1350,0.0849,0.0641,0.0853,0.0662,0.2925,0.2216,0.3325,0.2599,0.3893,0.2389,0.3041,0.3185,0.2320,0.2593,0.4701,0.3773,0.4061,0.3273,0.2396
54101,Webster Co.,West Virginia,38.4637,-80.4358,11801,no (<0.5 psi),0.0000,0.0000,0.0997,0.0517,0.0227,0.0233,0.0416,0.0255,0.0238,0.0199,0.0162,0.0201,0.0355,0.0195,0.0192,0.0463,0.0136,0.1789,0.0967,0.1038,0.0776,0.1705,0.1163,0.0987,0.2769,0.1460,0.0816,0.1138,0.0704,0.2437,0.1602,0.1748
54103,Wetzel Co.,West Virginia,39.5728,-80.6602,20812,high (5-10 psi),0.0000,1.0000,0.1598,0.0797,0.0586,0.0721,0.0920,0.0329,0.1010,0.0532,0.0609,0.0791,0.0827,0.0547,0.0746,0.0916,0.0507,0.2640,0.1858,0.4714,0.1362,0.5054,0.0978,0.4946,0.2807,0.2487,0.1676,0.5659,0.1486,0.3565,0.3493,0.2168
54105,Wirt Co.,West Virginia,39.0404,-81.4072,5320,no (<0.5 psi),0.0000,0.0000,0.0493,0.0168,0.0093,0.0414,0.0142,0.0217,0.0085,0.0225,0.0109,0.0172,0.0189,0.0264,0.0136,0.0153,0.0163,0.0976,0.0613,0.1645,0.1769,0.1608,0.1920,0.1367,0.1795,0.1908,0.1157,0.1487,0.1593,0.2194,0.1212,0.2036
54107,Wood Co.,West Virginia,39.2181,-81.5033,91107,very high (>=10 psi),1.0000,1.0000,0.4371,0.6212,0.5559,0.4284,0.5708,0.3722,0.5286,0.5124,0.6371,0.4460,0.4885,0.4901,0.5282,0.4246,0.5969,0.5675,0.6509,0.8861,0.7222,0.8530,0.5576,0.9051,0.7887,0.8528,0.7970,0.9010,0.8225,0.7611,0.7890,0.8340
54109,Wyoming Co.,West Virginia,37.6041,-81.5720,33481,medium (2-5 psi),0.0000,1.0000,0.2306,0.1434,0.0931,0.1885,0.1474,0.1862,0.0887,0.1288,0.0840,0.0944,0.1314,0.0891,0.0646,0.1709,0.0827,0.3682,0.2837,0.1773,0.2606,0.1653,0.3790,0.1815,0.2877,0.1884,0.1677,0.1983,0.0969,0.2275,0.2285,0.1946
55001,Adams Co.,Wisconsin,43.9454,-89.7750,14767,no (<0.5 psi),0.0000,0.0000,0.1206,0.0585,0.0481,0.2348,0.0743,0.0698,0.0710,0.0793,0.0826,0.1854,0.0458,0.1494,0.0562,0.1140,0.0787,0.2260,0.1290,0.1341,0.4245,0.1960,0.3530,0.1101,0.3015,0.1997,0.4299,0.1207,0.3914,0.2282,0.3316,0.1365
55003,Ashland Co.,Wisconsin,46.3178,-90.7369,16745,no (<0.5 psi),0.0000,0.0000,0.1019,0.0675,0.0115,0.1305,0.0194,0.0605,0.0177,0.0751,0.0099,0.0936,0.0186,0.0614,0.0110,0.0219,0.0260,0.2467,0.1374,0.0617,0.1399,0.0587,0.0700,0.0818,0.1099,0.0886,0.1173,0.0554,0.1491,0.0473,0.1227,0.0822
55005,Barron Co.,Wisconsin,45.4649,-91.8480,40029,no (<0.5 psi),0.0000,0.0000,0.2618,0.3470,0.1194,0.1119,0.0790,0.0785,0.1115,0.1944,0.1275,0.1537,0.1105,0.1538,0.1157,0.0970,0.1122,0.4335,0.4786,0.0951,0.1819,0.1292,0.1545,0.1184,0.2554,0.0880,0.1676,0.1242,0.2462,0.1258,0.0878,0.1730
55007,Bayfield Co.,Wisconsin,46.5508,-91.2399,14065,no (<0.5 psi),0.0000,0.0000,0.0851,0.0618,0.0143,0.0763,0.0133,0.0406,0.0215,0.2822,0.0107,0.0616,0.0232,0.2119,0.0129,0.0095,0.0690,0.2187,0.1863,0.1677,0.1480,0.0740,0.0460,0.1985,0.1635,0.1499,0.1404,0.1185,0.4320,0.0715,0.1327,0.1609
55009,Brown Co.,Wisconsin,44.4284,-87.9781,183201,no (<0.5 psi),0.0000,0.0000,0.6018,0.3972,0.7915,0.7760,0.7681,0.7597,0.7743,0.7775,0.8150,0.8509,0.7805,0.8480,0.7708,0.7988,0.7374,0.7689,0.7382,0.8227,0.8447,0.6393,0.7619,0.8707,0.8904,0.8390,0.8464,0.8575,0.8657,0.8595,0.8394,0.8379
55011,Buffalo Co.,Wisconsin,44.3036,-91.7243,14039,no (<0.5 psi),0.0000,0.0000,0.0849,0.0821,0.0261,0.0186,0.0358,0.0276,0.0288,0.0792,0.0349,0.0263,0.0238,0.0347,0.0219,0.0087,0.1277,0.2136,0.1477,0.0869,0.0698,0.0445,0.0521,0.0903,0.1679,0.0712,0.0562,0.0678,0.1693,0.0461,0.0189,0.2061
55013,Burnett Co.,Wisconsin,45.8988,-92.3637,12955,no (<0.5 psi),0.0000,0.0000,0.0781,0.0545,0.0101,0.0697,0.0095,0.0334,0.0139,0.1739,0.0125,0.0566,0.0123,0.1083,0.0134,0.0129,0.0529,0.2063,0.1562,0.0359,0.3262,0.0317,0.0985,0.0346,0.2812,0.0340,0.2078,0.0285,0.3374,0.0415,0.0616,0.1281
55015,Calumet Co.,Wisconsin,44.0897,-88.2230,32276,no (<0.5 psi),0.0000,0.0000,0.2242,0.0666,0.2084,0.2955,0.2792,0.1634,0.2366,0.4256,0.1649,0.2368,0.4526,0.3643,0.1902,0.2567,0.1210,0.3833,0.2478,0.2335,0.5081,0.2982,0.4876,0.1978,0.5910,0.2306,0.4431,0.3652,0.4825,0.3396,0.3623,0.3247
55017,Chippewa Co.,Wisconsin,45.0754,-91.2871,52428,no (<0.5 psi),0.0000,0.0000,0.3145,0.3085,0.2498,0.2592,0.1911,0.2896,0.1899,0.4991,0.1561,0.2110,0.2204,0.2588,0.2483,0.1412,0.2688,0.4983,0.4592,0.1839,0.2800,0.1686,0.3013,0.1942,0.4620,0.2082,0.1791,0.1925,0.3184,0.1859,0.1189,0.3329
55019,Clark Co.,Wisconsin,44.7713,-90.6189,32551,no (<0.5 psi),0.0000,0.0000,0.2256,0.1096,0.1689,0.0994,0.2788,0.0951,0.1638,0.3059,0.0930,0.0986,0.1881,0.0627,0.2336,0.1491,0.1501,0.3853,0.1704,0.1271,0.2821,0.1580,0.2168,0.1003,0.3718,0.0973,0.2671,0.1111,0.2488,0.1164,0.1508,0.1754
55021,Columbia Co.,Wisconsin,43.4689,-89.3026,43954,low (0.5-2 psi),0.0000,0.0000,0.2545,0.2186,0.1440,0.0796,0.0264,0.0534,0.1390,0.1723,0.1288,0.3462,0.0344,0.0810,0.1291,0.0440,0.1717,0.4236,0.3544,0.1573,0.3556,0.0786,0.2810,0.1708,0.4944,0.1305,0.4346,0.0935,0.2453,0.2678,0.1263,0.1750
55023,Crawford Co.,Wisconsin,43.2183,-90.8803,16276,no (<0.5 psi),0.0000,0.0000,0.0990,0.0441,0.0295,0.0346,0.0401,0.0203,0.0271,0.1688,0.0234,0.0531,0.0433,0.1048,0.0159,0.0093,0.1257,0.2360,0.0939,0.1443,0.1182,0.0749,0.0880,0.1600,0.3408,0.0971,0.1082,0.1434,0.2505,0.0525,0.0328,0.3343
55025,Dane Co.,Wisconsin,42.9840,-89.4253,340212,very high (>=10 psi),1.0000,1.0000,0.7626,0.8221,0.8486,0.8157,0.8525,0.9120,0.5603,0.7457,0.8412,0.7813,0.8318,0.7321,0.8011,0.5473,0.7867,0.8515,0.9239,0.9346,0.9157,0.9380,0.9517,0.8292,0.9099,0.9331,0.9418,0.9152,0.9274,0.9109,0.8320,0.9184
55027,Dodge Co.,Wisconsin,43.4592,-88.7031,74612,no (<0.5 psi),0.0000,0.0000,0.3910,0.1438,0.0957,0.4102,0.1670,0.2546,0.0993,0.3223,0.0642,0.1718,0.1192,0.1741,0.1052,0.2247,0.0934,0.5828,0.2635,0.2100,0.5364,0.3204,0.3840,0.1952,0.3837,0.1811,0.4772,0.2338,0.3625,0.1938,0.3762,0.2185
55029,Door Co.,Wisconsin,44.9940,-87.2620,25763,no (<0.5 psi),0.0000,0.0000,0.1890,0.0556,0.1576,0.2017,0.1444,0.1001,0.1290,0.1171,0.1628,0.1531,0.2899,0.2247,0.1011,0.1201,0.1320,0.3333,0.1198,0.2371,0.2896,0.1913,0.2223,0.1918,0.2369,0.2555,0.3051,0.3020,0.2679,0.2481,0.1833,0.2053
55031,Douglas Co.,Wisconsin,46.4586,-91.9219,42365,very high (>=10 psi),1.0000,1.0000,0.2466,0.2231,0.1019,0.3688,0.0479,0.2421,0.0819,0.5100,0.0927,0.3923,0.0910,0.3083,0.0962,0.0827,0.1733,0.4298,0.4575,0.1114,0.5629,0.1689,0.3594,0.1380,0.5970,0.1365,0.5488,0.0977,0.4284,0.1831,0.1683,0.2942
55033,Dunn Co.,Wisconsin,44.9894,-91.8935,34938,no (<0.5 psi),0.0000,0.0000,0.2080,0.1234,0.0452,0.0972,0.0206,0.1069,0.0472,0.1231,0.0345,0.0595,0.0335,0.0669,0.0369,0.0327,0.0726,0.3756,0.2078,0.0717,0.1261,0.0378,0.1515,0.0754,0.2233,0.0549,0.1415,0.0658,0.1940,0.0620,0.0412,0.2057
55035,Eau Claire Co.,Wisconsin,44.7699,-91.2862,81692,no (<0.5 psi),0.0000,0.0000,0.4091,0.4162,0.1667,0.2471,0.0646,0.2702,0.1557,0.2852,0.1423,0.2218,0.0895,0.2903,0.1414,0.0522,0.3170,0.5580,0.4529,0.1403,0.3614,0.0862,0.3488,0.1640,0.4520,0.1359,0.2866,0.1179,0.3232,0.1375,0.1070,0.2163
55037,Florence Co.,Wisconsin,45.8671,-88.3752,4242,no (<0.5 psi),0.0000,0.0000,0.0231,0.0136,0.0055,0.0082,0.0053,0.0057,0.0064,0.0132,0.0032,0.0086,0.0051,0.0111,0.0055,0.0051,0.0083,0.0706,0.0331,0.0182,0.0779,0.0219,0.0267,0.0161,0.0882,0.0209,0.0704,0.0174,0.0234,0.0251,0.0155,0.0191
55039,Fond du Lac Co.,Wisconsin,43.7626,-88.5238,88942,no (<0.5 psi),0.0000,0.0000,0.4315,0.1780,0.1363,0.2249,0.2238,0.1799,0.1549,0.3392,0.0948,0.0919,0.1969,0.2330,0.1012,0.1768,0.1266,0.6234,0.3442,0.3774,0.4599,0.3713,0.5349,0.3467,0.5323,0.3465,0.4029,0.3910,0.6101,0.2293,0.4209,0.4017
55041,Forest Co.,Wisconsin,45.8091,-88.8612,9231,no (<0.5 psi),0.0000,0.0000,0.0806,0.0453,0.0103,0.0435,0.0173,0.0216,0.0128,0.0313,0.0105,0.0400,0.0183,0.0247,0.0108,0.0181,0.0118,0.1564,0.1133,0.0238,0.0446,0.0323,0.0259,0.0222,0.0309,0.0323,0.0490,0.0390,0.0317,0.0300,0.0350,0.0246
55043,Grant Co.,Wisconsin,42.8549,-90.7608,50733,no (<0.5 psi),0.0000,0.0000,0.3144,0.1028,0.1099,0.1364,0.1238,0.1473,0.1745,0.2996,0.0984,0.2400,0.1838,0.1455,0.1315,0.1934,0.2086,0.4675,0.2180,0.3762,0.1923,0.2793,0.2778,0.3374,0.2029,0.3428,0.3295,0.4329,0.4894,0.2007,0.1988,0.3381
55045,Green Co.,Wisconsin,42.6597,-89.6026,30172,low (0.5-2 psi),0.0000,0.0000,0.2123,0.0238,0.0382,0.1934,0.0621,0.0674,0.0251,0.0910,0.0456,0.1184,0.0356,0.0360,0.0463,0.0697,0.0280,0.3447,0.1376,0.1765,0.5764,0.2269,0.2922,0.1657,0.2917,0.2055,0.4687,0.2206,0.3337,0.2659,0.2248,0.0645
55047,Green Lake Co.,Wisconsin,43.8076,-89.0269,18885,no (<0.5 psi),0.0000,0.0000,0.1478,0.0271,0.0572,0.0386,0.0813,0.0459,0.0574,0.1325,0.0400,0.0422,0.1056,0.0845,0.0617,0.0824,0.0712,0.2702,0.0807,0.1318,0.1566,0.1996,0.1436,0.1280,0.3330,0.1112,0.1357,0.1736,0.1476,0.1665,0.2442,0.1775
55049,Iowa Co.,Wisconsin,43.0014,-90.1331,20114,no (<0.5 psi),0.0000,0.0000,0.1511,0.0243,0.0188,0.2711,0.0510,0.2406,0.0173,0.0992,0.0181,0.2368,0.0272,0.0659,0.0279,0.0380,0.0577,0.2607,0.0557,0.0625,0.3884,0.0779,0.2935,0.0644,0.1614,0.0517,0.3137,0.0598,0.1185,0.0658,0.0641,0.0605
55051,Iron Co.,Wisconsin,46.2703,-90.2399,6208,no (<0.5 psi),0.0000,0.0000,0.0353,0.0290,0.0068,0.0150,0.0051,0.0128,0.0079,0.0359,0.0032,0.0148,0.0068,0.0178,0.0055,0.0045,0.0131,0.1184,0.0702,0.0318,0.0265,0.0335,0.0278,0.0308,0.0402,0.0228,0.0260,0.0302,0.0441,0.0283,0.0517,0.0244
55053,Jackson Co.,Wisconsin,44.3357,-90.7413,16617,low (0.5-2 psi),0.0000,0.0000,0.1011,0.0375,0.0127,0.0759,0.0170,0.0726,0.0128,0.1552,0.0108,0.0492,0.0194,0.0480,0.0115,0.0081,0.0643,0.2393,0.0981,0.0290,0.1113,0.0274,0.0907,0.0308,0.2138,0.0335,0.1102,0.0290,0.0686,0.0288,0.0177,0.0623
55055,Jefferson Co.,Wisconsin,43.0588,-88.7762,66120,no (<0.5 psi),0.0000,0.0000,0.3755,0.0388,0.0463,0.1230,0.0667,0.1271,0.0449,0.1267,0.1007,0.0742,0.0658,0.1588,0.0528,0.0547,0.0488,0.5328,0.1538,0.2372,0.4991,0.1565,0.3651,0.1837,0.2776,0.2314,0.4932,0.1934,0.5689,0.1572,0.1741,0.1342
55057,Juneau Co.,Wisconsin,43.9454,-90.1321,21162,very high (>=10 psi),1.0000,1.0000,0.1291,0.1016,0.0086,0.0700,0.0132,0.0362,0.0094,0.0471,0.0121,0.0839,0.0099,0.0586,0.0076,0.0077,0.0205,0.2798,0.1694,0.0283,0.1521,0.0228,0.0907,0.0377,0.1663,0.0362,0.1451,0.0234,0.1859,0.0192,0.0203,0.0727
55059,Kenosha Co.,Wisconsin,42.5950,-88.0607,121386,high (5-10 psi),0.0000,1.0000,0.5282,0.0297,0.3530,0.5021,0.4046,0.4815,0.3302,0.5105,0.4859,0.4546,0.4348,0.4427,0.3946,0.6278,0.2098,0.6749,0.1257,0.8830,0.9653,0.8858,0.9191,0.9183,0.9144,0.9443,0.9702,0.9019,0.9629,0.8989,0.9399,0.8341
55061,Kewaunee Co.,Wisconsin,44.4943,-87.6254,19650,no (<0.5 psi),0.0000,0.0000,0.1526,0.0557,0.1772,0.0306,0.1297,0.0326,0.1235,0.1409,0.1503,0.0543,0.2145,0.1077,0.1284,0.1157,0.1431,0.2779,0.2150,0.2916,0.1516,0.1397,0.2044,0.2315,0.3379,0.2199,0.2070,0.2439,0.1986,0.2610,0.2312,0.2828
55063,La Crosse Co.,Wisconsin,43.9049,-91.1273,94460,medium (2-5 psi),0.0000,1.0000,0.4497,0.4966,0.4780,0.5204,0.3519,0.3388,0.3882,0.4148,0.4349,0.3093,0.3477,0.6010,0.1649,0.1463,0.5329,0.5889,0.4639,0.4242,0.5196,0.2758,0.2413,0.4402,0.5409,0.3402,0.4696,0.3669,0.5946,0.1649,0.1175,0.5080
55065,Lafayette Co.,Wisconsin,42.6606,-90.1322,16790,no (<0.5 psi),0.0000,0.0000,0.1289,0.0220,0.0177,0.0822,0.0249,0.0752,0.0144,0.0809,0.0170,0.0937,0.0270,0.0567,0.0188,0.0315,0.0346,0.2279,0.0482,0.0489,0.1260,0.0466,0.1012,0.0692,0.0917,0.0526,0.1733,0.0641,0.1833,0.0711,0.0794,0.0513
55067,Langlade Co.,Wisconsin,45.2918,-89.0521,19782,no (<0.5 psi),0.0000,0.0000,0.1534,0.0837,0.0971,0.0776,0.1485,0.0871,0.1090,0.2208,0.1238,0.0895,0.1463,0.1190,0.0826,0.0677,0.1240,0.2792,0.1423,0.1489,0.1129,0.1606,0.1293,0.0969,0.1639,0.1689,0.1094,0.1735,0.2279,0.0710,0.0893,0.1688
55069,Lincoln Co.,Wisconsin,45.3475,-89.7348,27207,no (<0.5 psi),0.0000,0.0000,0.1971,0.1591,0.2836,0.1805,0.2773,0.1604,0.3577,0.4728,0.2896,0.3712,0.2519,0.2333,0.3230,0.2193,0.2290,0.3451,0.2549,0.1641,0.3255,0.2984,0.3657,0.1453,0.4222,0.2140,0.3986,0.1822,0.3673,0.1215,0.1447,0.3155
55071,Manitowoc Co.,Wisconsin,44.1136,-87.8379,81636,no (<0.5 psi),0.0000,0.0000,0.4116,0.2520,0.3371,0.4225,0.3306,0.4798,0.2764,0.5177,0.2958,0.2697,0.2954,0.4754,0.2913,0.2568,0.3727,0.6038,0.4720,0.4356,0.6997,0.3764,0.7894,0.4591,0.7574,0.3917,0.6859,0.3993,0.5223,0.5400,0.5001,0.5216
55073,Marathon Co.,Wisconsin,44.8576,-89.7695,111260,no (<0.5 psi),0.0000,0.0000,0.4844,0.4215,0.5856,0.5210,0.7593,0.6121,0.4866,0.7525,0.4853,0.5172,0.5772,0.5600,0.5102,0.4706,0.5397,0.6727,0.5530,0.6659,0.6725,0.7344,0.7705,0.6660,0.8298,0.5609,0.7610,0.8441,0.8286,0.5802,0.6444,0.8012
55075,Marinette Co.,Wisconsin,45.3803,-88.1508,40512,no (<0.5 psi),0.0000,0.0000,0.2641,0.1737,0.3891,0.1769,0.4994,0.1716,0.3764,0.2550,0.2982,0.2010,0.3902,0.2073,0.4721,0.2994,0.3112,0.4364,0.3571,0.2381,0.4738,0.5010,0.5061,0.2929,0.5017,0.4069,0.4641,0.3402,0.2986,0.4925,0.4755,0.2779
55077,Marquette Co.,Wisconsin,43.8138,-89.3975,12036,no (<0.5 psi),0.0000,0.0000,0.1014,0.0232,0.0290,0.0668,0.0427,0.0741,0.0275,0.0765,0.0348,0.0585,0.0448,0.0675,0.0236,0.0652,0.0574,0.1933,0.0577,0.0581,0.1513,0.0973,0.0753,0.0521,0.2570,0.0531,0.1826,0.0846,0.0979,0.1199,0.1356,0.1134
55078,Menominee Co.,Wisconsin,44.9860,-88.7339,3433,no (<0.5 psi),0.0000,0.0000,0.0330,0.0081,0.0133,0.0107,0.0214,0.0116,0.0182,0.0192,0.0187,0.0094,0.0229,0.0574,0.0109,0.0143,0.0436,0.0666,0.0405,0.0652,0.0399,0.0381,0.0344,0.0915,0.0413,0.0702,0.0295,0.1228,0.0886,0.0269,0.0213,0.0885
55081,Monroe Co.,Wisconsin,43.9011,-90.6120,35565,very high (>=10 psi),1.0000,1.0000,0.2114,0.1229,0.0279,0.0997,0.0208,0.0879,0.0342,0.0924,0.0208,0.0505,0.0307,0.0801,0.0188,0.0211,0.0401,0.3793,0.2097,0.0588,0.1080,0.0267,0.1083,0.0482,0.1437,0.0447,0.0769,0.0416,0.1330,0.0339,0.0244,0.1093
55083,Oconto Co.,Wisconsin,45.0670,-88.3023,29441,no (<0.5 psi),0.0000,0.0000,0.2093,0.0879,0.1911,0.0834,0.2075,0.0720,0.1361,0.1842,0.1374,0.0918,0.2007,0.1936,0.1217,0.1045,0.1864,0.3625,0.2224,0.1532,0.1593,0.1386,0.1470,0.1640,0.1955,0.1928,0.1221,0.2371,0.1330,0.1884,0.1633,0.1361
55085,Oneida Co.,Wisconsin,45.7060,-89.5449,31203,no (<0.5 psi),0.0000,0.0000,0.2186,0.2316,0.2821,0.0845,0.3460,0.0717,0.3152,0.3157,0.2188,0.0963,0.2196,0.1533,0.2231,0.1376,0.1551,0.3756,0.3661,0.1299,0.2192,0.1709,0.1615,0.1041,0.2452,0.1312,0.2510,0.1497,0.1224,0.1173,0.1166,0.1261
55087,Outagamie Co.,Wisconsin,44.4146,-88.4649,132392,no (<0.5 psi),0.0000,0.0000,0.5258,0.4122,0.7243,0.8663,0.7824,0.7912,0.6514,0.6690,0.7446,0.8471,0.7215,0.8847,0.6352,0.7497,0.6299,0.7086,0.7241,0.6858,0.9060,0.7203,0.8406,0.7360,0.8113,0.7770,0.8717,0.7716,0.9308,0.7339,0.8162,0.8188
55089,Ozaukee Co.,Wisconsin,43.3689,-87.9585,68008,low (0.5-2 psi),0.0000,0.0000,0.3702,0.1342,0.1907,0.3690,0.1461,0.3646,0.2165,0.2296,0.1744,0.2740,0.2079,0.4876,0.1097,0.1835,0.2129,0.5609,0.3938,0.5657,0.5530,0.4202,0.6136,0.6430,0.6902,0.5532,0.6154,0.4251,0.8007,0.4117,0.3468,0.5879
55091,Pepin Co.,Wisconsin,44.5440,-92.0877,7214,no (<0.5 psi),0.0000,0.0000,0.0416,0.0156,0.0180,0.0331,0.0444,0.0408,0.0231,0.0704,0.0279,0.0239,0.0383,0.0782,0.0135,0.0121,0.0939,0.1319,0.0397,0.0795,0.1141,0.0587,0.1103,0.1055,0.2151,0.0867,0.0866,0.0896,0.3583,0.0561,0.0359,0.1842
55093,Pierce Co.,Wisconsin,44.7038,-92.4258,32391,low (0.5-2 psi),0.0000,0.0000,0.1941,0.1402,0.1094,0.0895,0.2341,0.0991,0.1784,0.1469,0.1363,0.0797,0.1528,0.2318,0.0553,0.1134,0.2097,0.3603,0.2648,0.3140,0.2752,0.3451,0.2157,0.2361,0.2622,0.2444,0.2330,0.2982,0.6265,0.0963,0.1190,0.3671
55095,Polk Co.,Wisconsin,45.4846,-92.4258,34102,no (<0.5 psi),0.0000,0.0000,0.2035,0.1275,0.0376,0.1293,0.0244,0.0964,0.0578,0.1710,0.0336,0.1972,0.0467,0.1095,0.0303,0.0733,0.0540,0.3707,0.2174,0.1017,0.2379,0.1260,0.1945,0.1025,0.4195,0.0946,0.2540,0.0942,0.2244,0.1192,0.1394,0.1712
55097,Portage Co.,Wisconsin,44.3795,-89.4750,58868,no (<0.5 psi),0.0000,0.0000,0.3387,0.2157,0.1939,0.2067,0.2941,0.2615,0.2370,0.3766,0.1267,0.2339,0.1743,0.1190,0.2343,0.2334,0.1037,0.5263,0.3500,0.1769,0.2599,0.2761,0.3310,0.2116,0.4271,0.1443,0.3373,0.1963,0.2087,0.3131,0.2404,0.1603
55099,Price Co.,Wisconsin,45.7678,-90.3604,16371,no (<0.5 psi),0.0000,0.0000,0.1314,0.1334,0.1083,0.0463,0.0818,0.0270,0.0948,0.1755,0.0527,0.0361,0.0928,0.1201,0.0621,0.0383,0.0907,0.2439,0.1885,0.0997,0.0816,0.1032,0.0709,0.0507,0.1923,0.0939,0.0901,0.1413,0.3169,0.0529,0.0669,0.2323
55103,Richland Co.,Wisconsin,43.2955,-90.4296,17271,no (<0.5 psi),0.0000,0.0000,0.1052,0.0359,0.0172,0.0471,0.0231,0.0320,0.0327,0.0949,0.0282,0.0632,0.0288,0.0459,0.0198,0.0223,0.0570,0.2455,0.0777,0.0682,0.0867,0.0493,0.0714,0.0657,0.2679,0.0760,0.1277,0.0568,0.1457,0.0622,0.0454,0.1705
55105,Rock Co.,Wisconsin,42.6716,-89.0721,137713,low (0.5-2 psi),0.0000,0.0000,0.5602,0.1746,0.3088,0.3262,0.2215,0.2525,0.2559,0.2833,0.2663,0.2553,0.1800,0.2673,0.1930,0.2176,0.1697,0.7016,0.3937,0.7460,0.8619,0.6864,0.6945,0.6691,0.6113,0.7696,0.7976,0.7603,0.8955,0.7211,0.6775,0.6062
55107,Rusk Co.,Wisconsin,45.5086,-91.1096,15425,no (<0.5 psi),0.0000,0.0000,0.1251,0.1407,0.0429,0.0349,0.0263,0.0233,0.0430,0.0467,0.0460,0.0514,0.0282,0.0356,0.0425,0.0267,0.0324,0.2334,0.2272,0.0392,0.1090,0.0435,0.0641,0.0344,0.1278,0.0715,0.1414,0.0481,0.1150,0.0328,0.0478,0.0756
55109,St. Croix Co.,Wisconsin,45.0291,-92.4510,45391,low (0.5-2 psi),0.0000,0.0000,0.2615,0.1313,0.1526,0.1772,0.1353,0.1829,0.2005,0.3009,0.1157,0.0996,0.1887,0.2304,0.1146,0.2168,0.1414,0.4305,0.2248,0.2952,0.5493,0.3050,0.4202,0.3459,0.5061,0.2875,0.3642,0.3552,0.5268,0.2304,0.3160,0.3224
55111,Sauk Co.,Wisconsin,43.4670,-89.8961,45014,low (0.5-2 psi),0.0000,0.0000,0.2597,0.1414,0.0645,0.2936,0.0502,0.1522,0.0783,0.3811,0.0913,0.2189,0.0661,0.1167,0.0603,0.0493,0.0667,0.4287,0.2106,0.1386,0.4301,0.0889,0.2255,0.1497,0.5690,0.1245,0.5514,0.1053,0.2526,0.1129,0.1087,0.1565
55113,Sawyer Co.,Wisconsin,45.8097,-91.1094,13899,no (<0.5 psi),0.0000,0.0000,0.1146,0.0592,0.0442,0.1208,0.0598,0.0432,0.0435,0.1957,0.0290,0.1347,0.0469,0.1417,0.0418,0.0506,0.0685,0.2159,0.1189,0.0370,0.0726,0.0960,0.0492,0.0266,0.1543,0.0358,0.0537,0.0405,0.0675,0.0366,0.0567,0.0839
55115,Shawano Co.,Wisconsin,44.8096,-88.7371,36504,no (<0.5 psi),0.0000,0.0000,0.2452,0.1252,0.3256,0.0649,0.3746,0.0948,0.2032,0.3341,0.2058,0.0849,0.3650,0.2635,0.1842,0.1717,0.2171,0.4118,0.3540,0.1807,0.2182,0.2411,0.2197,0.1377,0.4366,0.1969,0.1733,0.2543,0.2641,0.2229,0.1724,0.2271
55117,Sheboygan Co.,Wisconsin,43.7220,-87.9342,101028,no (<0.5 psi),0.0000,0.0000,0.4615,0.2543,0.1426,0.3151,0.2620,0.3310,0.1785,0.2780,0.1217,0.2149,0.1624,0.3336,0.1464,0.2158,0.1148,0.6518,0.4041,0.4958,0.6349,0.4738,0.7208,0.5513,0.6477,0.4218,0.6606,0.5091,0.5093,0.5012,0.4880,0.4679
55119,Taylor Co.,Wisconsin,45.2076,-90.4853,18786,no (<0.5 psi),0.0000,0.0000,0.1471,0.0770,0.0542,0.1547,0.1131,0.1056,0.0550,0.1871,0.0596,0.1202,0.0825,0.1219,0.0643,0.1055,0.0659,0.2692,0.1257,0.0523,0.2305,0.1152,0.2418,0.0594,0.2486,0.0747,0.2403,0.0748,0.2034,0.0590,0.0744,0.1198
55121,Trempealeau Co.,Wisconsin,44.4219,-91.3474,25724,no (<0.5 psi),0.0000,0.0000,0.1563,0.0764,0.0394,0.0517,0.0340,0.0532,0.0331,0.1654,0.0281,0.0417,0.0430,0.0708,0.0510,0.0217,0.1649,0.3153,0.1212,0.0461,0.1307,0.0436,0.1088,0.0635,0.3418,0.0471,0.1232,0.0770,0.1443,0.0668,0.0304,0.3413
55123,Vernon Co.,Wisconsin,43.5734,-90.7717,26157,low (0.5-2 psi),0.0000,0.0000,0.1588,0.1031,0.0443,0.1293,0.0237,0.0499,0.0496,0.1730,0.0307,0.1038,0.0285,0.0897,0.0313,0.0190,0.0941,0.3185,0.1579,0.0573,0.1847,0.0451,0.1102,0.0952,0.3206,0.0496,0.1750,0.0486,0.1785,0.0594,0.0289,0.2256
55125,Vilas Co.,Wisconsin,46.0855,-89.4452,17019,no (<0.5 psi),0.0000,0.0000,0.1036,0.0774,0.0163,0.0888,0.0254,0.0466,0.0291,0.0467,0.0179,0.0568,0.0209,0.0669,0.0158,0.0205,0.0180,0.2302,0.1400,0.1391,0.3383,0.1162,0.1532,0.1252,0.1877,0.0873,0.2908,0.0968,0.1346,0.0992,0.1744,0.0491
55127,Walworth Co.,Wisconsin,42.7264,-88.5414,71581,no (<0.5 psi),0.0000,0.0000,0.3947,0.0281,0.0528,0.2881,0.0762,0.1230,0.0574,0.1122,0.1113,0.2148,0.0644,0.1911,0.0892,0.1298,0.0453,0.5522,0.1456,0.2478,0.5861,0.1954,0.3991,0.2708,0.3349,0.2690,0.6743,0.2438,0.4769,0.1729,0.2641,0.1655
55129,Washburn Co.,Wisconsin,45.8113,-91.7866,13509,no (<0.5 psi),0.0000,0.0000,0.1119,0.0743,0.0349,0.0556,0.0303,0.0199,0.0374,0.0945,0.0434,0.0409,0.0336,0.0646,0.0222,0.0282,0.0409,0.2113,0.1859,0.0541,0.1424,0.0437,0.0607,0.0508,0.1600,0.0565,0.0927,0.0513,0.2546,0.0361,0.0569,0.0671
55131,Washington Co.,Wisconsin,43.3686,-88.2292,86640,low (0.5-2 psi),0.0000,0.0000,0.4254,0.2154,0.2175,0.2769,0.1446,0.3360,0.2494,0.1537,0.1427,0.1946,0.2468,0.4582,0.1294,0.1501,0.2068,0.6174,0.5012,0.6339,0.5897,0.5961,0.6437,0.5603,0.6202,0.5715,0.5156,0.4326,0.8146,0.4287,0.4002,0.5625
55135,Waupaca Co.,Wisconsin,44.4170,-88.9813,44509,no (<0.5 psi),0.0000,0.0000,0.2818,0.0736,0.2335,0.0882,0.3269,0.1551,0.2267,0.2708,0.2665,0.0865,0.2846,0.2679,0.1655,0.3389,0.2078,0.4589,0.2051,0.3166,0.4951,0.4017,0.5006,0.4094,0.6671,0.4367,0.3963,0.4253,0.5546,0.3970,0.4728,0.4571
55137,Waushara Co.,Wisconsin,44.1129,-89.2421,18813,no (<0.5 psi),0.0000,0.0000,0.1473,0.0293,0.0568,0.1330,0.1422,0.0642,0.0644,0.2154,0.0606,0.1061,0.0788,0.0644,0.1207,0.1746,0.0539,0.2695,0.0874,0.1044,0.4199,0.2860,0.2743,0.1664,0.4644,0.2138,0.4129,0.1984,0.2657,0.2424,0.4393,0.1518
55139,Winnebago Co.,Wisconsin,44.1129,-88.6450,134219,no (<0.5 psi),0.0000,0.0000,0.5291,0.2548,0.3414,0.8037,0.6303,0.7083,0.4129,0.6777,0.4323,0.7212,0.4965,0.6409,0.4226,0.6530,0.3732,0.7113,0.4532,0.6942,0.7855,0.7018,0.7662,0.6241,0.7690,0.6974,0.6044,0.6808,0.8189,0.6272,0.7063,0.7705
55141,Wood Co.,Wisconsin,44.4680,-90.0211,74579,no (<0.5 psi),0.0000,0.0000,0.3909,0.3160,0.2281,0.4072,0.3386,0.3016,0.2046,0.5364,0.1830,0.2005,0.2518,0.2966,0.2346,0.2491,0.1888,0.5827,0.4653,0.2663,0.7927,0.4465,0.7005,0.3506,0.7695,0.2914,0.6889,0.3725,0.5436,0.3738,0.4501,0.4854
56001,Albany Co.,Wyoming,41.6994,-105.6750,30642,low (0.5-2 psi),0.0000,0.0000,0.2175,0.6544,0.7814,0.4111,0.8616,0.7320,0.8157,0.3854,0.8243,0.4071,0.8835,0.5404,0.8247,0.7496,0.4087,0.3604,0.7672,0.8250,0.6418,0.8321,0.8525,0.8216,0.6058,0.7949,0.6780,0.7725,0.5829,0.7923,0.7549,0.6040
56007,Carbon Co.,Wyoming,41.7001,-106.7906,19494,very high (>=10 psi),1.0000,1.0000,0.1473,0.4883,0.4442,0.2277,0.3322,0.2889,0.4010,0.1270,0.5853,0.1743,0.4794,0.3411,0.4835,0.3858,0.1452,0.2729,0.6545,0.5602,0.1803,0.3995,0.2279,0.5125,0.0938,0.6782,0.1407,0.5256,0.3595,0.4579,0.4493,0.2359
56009,Converse Co.,Wyoming,42.9656,-105.4857,13955,very high (>=10 psi),1.0000,1.0000,0.0844,0.2804,0.2701,0.2758,0.1803,0.3416,0.1359,0.1809,0.2117,0.3319,0.1406,0.1804,0.3283,0.1510,0.4316,0.1974,0.3975,0.1512,0.3069,0.0809,0.4316,0.1090,0.2778,0.0961,0.2878,0.1194,0.1143,0.1375,0.1084,0.1492
56011,Crook Co.,Wyoming,44.6700,-104.5706,5787,high (5-10 psi),0.0000,1.0000,0.0474,0.1198,0.3339,0.0492,0.4130,0.0396,0.3915,0.2768,0.4894,0.0503,0.4292,0.0582,0.2068,0.3611,0.1365,0.1056,0.1204,0.6328,0.0937,0.6636,0.1172,0.6870,0.4040,0.6626,0.0911,0.6057,0.0832,0.6277,0.7400,0.1822
56013,Fremont Co.,Wyoming,43.1384,-108.5710,36996,no (<0.5 psi),0.0000,0.0000,0.2531,0.4474,0.6239,0.5275,0.4960,0.2241,0.6984,0.7458,0.4783,0.4797,0.8133,0.6237,0.6396,0.5432,0.5736,0.4002,0.4727,0.4567,0.4072,0.5992,0.3279,0.4508,0.5136,0.3719,0.3880,0.5174,0.5455,0.5089,0.4118,0.5060
56015,Goshen Co.,Wyoming,42.3056,-104.3533,12781,very high (>=10 psi),1.0000,1.0000,0.0769,0.1956,0.2109,0.2396,0.2525,0.3363,0.1937,0.3296,0.1546,0.2402,0.2484,0.1784,0.2333,0.1058,0.3268,0.1840,0.4230,0.2087,0.1457,0.2125,0.2657,0.2060,0.3444,0.1654,0.1679,0.2487,0.0816,0.3749,0.1706,0.2299
56021,Laramie Co.,Wyoming,41.3574,-104.6659,73102,very high (>=10 psi),1.0000,1.0000,0.4094,0.9987,0.9789,0.8564,0.9884,0.9602,0.9798,0.8093,0.9882,0.8581,0.9857,0.8934,0.9858,0.9847,0.9335,0.5517,0.9977,0.9889,0.8267,0.9861,0.9569,0.9868,0.8160,0.9882,0.8742,0.9846,0.8944,0.9848,0.9852,0.9023
56025,Natrona Co.,Wyoming,42.9542,-106.7874,71569,very high (>=10 psi),1.0000,1.0000,0.3732,0.6161,0.7553,0.6511,0.6263,0.7329,0.6449,0.5166,0.6300,0.5714,0.7278,0.4562,0.6336,0.5523,0.6154,0.5521,0.6993,0.4496,0.5232,0.3146,0.5737,0.3561,0.4008,0.3951,0.5262,0.3219,0.2850,0.4622,0.4339,0.3552
56027,Niobrara Co.,Wyoming,43.0731,-104.4749,3114,no (<0.5 psi),0.0000,0.0000,0.0164,0.0302,0.0919,0.0140,0.1513,0.0405,0.0952,0.1102,0.0597,0.0150,0.0807,0.0306,0.1150,0.0562,0.1721,0.0531,0.0903,0.2715,0.1229,0.3467,0.1586,0.2587,0.3339,0.2603,0.1239,0.2168,0.0967,0.3375,0.2386,0.2318
56031,Platte Co.,Wyoming,42.2602,-104.9681,9342,very high (>=10 psi),1.0000,1.0000,0.0551,0.3744,0.2337,0.5003,0.1577,0.5131,0.2214,0.1944,0.3329,0.5495,0.1848,0.4654,0.3506,0.1452,0.4392,0.1420,0.4110,0.3946,0.3317,0.2078,0.4333,0.2791,0.1575,0.3638,0.5701,0.1671,0.1243,0.5122,0.1781,0.3245
56035,Sublette Co.,Wyoming,42.8625,-109.9534,5516,medium (2-5 psi),0.0000,1.0000,0.0438,0.0890,0.0222,0.0147,0.0197,0.0152,0.0284,0.0249,0.0143,0.0129,0.0336,0.0432,0.0213,0.0236,0.0241,0.1077,0.1391,0.0398,0.0511,0.0397,0.0626,0.0467,0.0648,0.0359,0.0467,0.0643,0.0491,0.0485,0.0330,0.0577
56045,Weston Co.,Wyoming,43.8403,-104.5679,7777,very high (>=10 psi),1.0000,1.0000,0.0631,0.2031,0.3945,0.0959,0.5168,0.1039,0.5057,0.5167,0.4965,0.1037,0.6181,0.1081,0.3250,0.3991,0.2161,0.1358,0.1977,0.6507,0.2644,0.6916,0.3690,0.7085,0.7210,0.6884,0.2413,0.6288,0.2227,0.6893,0.7065,0.3419
