name,name_today,admin1,pop,pop_date,capital,admin1_seat,source,source_page,notes
Tokyo,,Tokyo,6778804,1940-10-01,1,1,"Showa 15 (1940) Population Census, Table 1: households and population by sex, all persons incl. military, by shi/ku/machi/mura (Statistics Bureau, e-Stat)","e-Stat statInfId 000007914030, PDF page 5","shi (city) 東京市; municipal boundary as of 1940-10-01; Tokyo-shi = 35 wards (ku), total of ward rows"
Osaka,,Osaka,3252340,1940-10-01,0,1,"Showa 15 (1940) Population Census, Table 1: households and population by sex, all persons incl. military, by shi/ku/machi/mura (Statistics Bureau, e-Stat)","e-Stat statInfId 000007914031, PDF page 11",shi (city) 大阪市; municipal boundary as of 1940-10-01; city total (wards listed separately in source)
Nagoya,,Aichi,1328084,1940-10-01,0,1,"Showa 15 (1940) Population Census, Table 1: households and population by sex, all persons incl. military, by shi/ku/machi/mura (Statistics Bureau, e-Stat)","e-Stat statInfId 000007914030, PDF page 36",shi (city) 名古屋市; municipal boundary as of 1940-10-01; city total (wards listed separately in source)
Kyoto,,Kyoto,1089726,1940-10-01,0,1,"Showa 15 (1940) Population Census, Table 1: households and population by sex, all persons incl. military, by shi/ku/machi/mura (Statistics Bureau, e-Stat)","e-Stat statInfId 000007914031, PDF page 8",shi (city) 京都市; municipal boundary as of 1940-10-01; city total (wards listed separately in source)
Yokohama,,Kanagawa,968091,1940-10-01,0,1,"Showa 15 (1940) Population Census, Table 1: households and population by sex, all persons incl. military, by shi/ku/machi/mura (Statistics Bureau, e-Stat)","e-Stat statInfId 000007914030, PDF page 7",shi (city) 横浜市; municipal boundary as of 1940-10-01; city total (wards listed separately in source)
Kobe,,Hyogo,967234,1940-10-01,0,1,"Showa 15 (1940) Population Census, Table 1: households and population by sex, all persons incl. military, by shi/ku/machi/mura (Statistics Bureau, e-Stat)","e-Stat statInfId 000007914031, PDF page 13",shi (city) 神戸市; municipal boundary as of 1940-10-01; city total (wards listed separately in source)
Hiroshima,,Hiroshima,343968,1940-10-01,0,1,"Showa 15 (1940) Population Census, Table 1: households and population by sex, all persons incl. military, by shi/ku/machi/mura (Statistics Bureau, e-Stat)","e-Stat statInfId 000007914031, PDF page 33",shi (city) 広島市; municipal boundary as of 1940-10-01
Fukuoka,,Fukuoka,306763,1940-10-01,0,1,"Showa 15 (1940) Population Census, Table 1: households and population by sex, all persons incl. military, by shi/ku/machi/mura (Statistics Bureau, e-Stat)","e-Stat statInfId 000007914032, PDF page 10",shi (city) 福岡市; municipal boundary as of 1940-10-01
Kawasaki,,Kanagawa,300777,1940-10-01,0,0,"Showa 15 (1940) Population Census, Table 1: households and population by sex, all persons incl. military, by shi/ku/machi/mura (Statistics Bureau, e-Stat)","e-Stat statInfId 000007914030, PDF page 7",shi (city) 川崎市; municipal boundary as of 1940-10-01
Yawata,Kitakyushu,Fukuoka,261309,1940-10-01,0,0,"Showa 15 (1940) Population Census, Table 1: households and population by sex, all persons incl. military, by shi/ku/machi/mura (Statistics Bureau, e-Stat)","e-Stat statInfId 000007914032, PDF page 10",shi (city) 八幡市; municipal boundary as of 1940-10-01; merged into Kitakyushu 1963
Nagasaki,,Nagasaki,252630,1940-10-01,0,1,"Showa 15 (1940) Population Census, Table 1: households and population by sex, all persons incl. military, by shi/ku/machi/mura (Statistics Bureau, e-Stat)","e-Stat statInfId 000007914032, PDF page 16",shi (city) 長崎市; municipal boundary as of 1940-10-01
Kure,,Hiroshima,238195,1940-10-01,0,0,"Showa 15 (1940) Population Census, Table 1: households and population by sex, all persons incl. military, by shi/ku/machi/mura (Statistics Bureau, e-Stat)","e-Stat statInfId 000007914031, PDF page 33",shi (city) 呉市; municipal boundary as of 1940-10-01
Sendai,,Miyagi,223630,1940-10-01,0,1,"Showa 15 (1940) Population Census, Table 1: households and population by sex, all persons incl. military, by shi/ku/machi/mura (Statistics Bureau, e-Stat)","e-Stat statInfId 000007914029, PDF page 10",shi (city) 仙台市; municipal boundary as of 1940-10-01
Shizuoka,,Shizuoka,212198,1940-10-01,0,1,"Showa 15 (1940) Population Census, Table 1: households and population by sex, all persons incl. military, by shi/ku/machi/mura (Statistics Bureau, e-Stat)","e-Stat statInfId 000007914030, PDF page 33",shi (city) 静岡市; municipal boundary as of 1940-10-01
Sapporo,,Hokkaido,206103,1940-10-01,0,1,"Showa 15 (1940) Population Census, Table 1: households and population by sex, all persons incl. military, by shi/ku/machi/mura (Statistics Bureau, e-Stat)","e-Stat statInfId 000007914029, PDF page 1",shi (city) 札幌市; municipal boundary as of 1940-10-01
Sasebo,,Nagasaki,205989,1940-10-01,0,0,"Showa 15 (1940) Population Census, Table 1: households and population by sex, all persons incl. military, by shi/ku/machi/mura (Statistics Bureau, e-Stat)","e-Stat statInfId 000007914032, PDF page 16",shi (city) 佐世保市; municipal boundary as of 1940-10-01
Hakodate,,Hokkaido,203862,1940-10-01,0,0,"Showa 15 (1940) Population Census, Table 1: households and population by sex, all persons incl. military, by shi/ku/machi/mura (Statistics Bureau, e-Stat)","e-Stat statInfId 000007914029, PDF page 1",shi (city) 函館市; municipal boundary as of 1940-10-01
Shimonoseki,,Yamaguchi,196022,1940-10-01,0,0,"Showa 15 (1940) Population Census, Table 1: households and population by sex, all persons incl. military, by shi/ku/machi/mura (Statistics Bureau, e-Stat)","e-Stat statInfId 000007914031, PDF page 37",shi (city) 下関市; municipal boundary as of 1940-10-01
Wakayama,,Wakayama,195203,1940-10-01,0,1,"Showa 15 (1940) Population Census, Table 1: households and population by sex, all persons incl. military, by shi/ku/machi/mura (Statistics Bureau, e-Stat)","e-Stat statInfId 000007914031, PDF page 20",shi (city) 和歌山市; municipal boundary as of 1940-10-01
Kumamoto,,Kumamoto,194139,1940-10-01,0,1,"Showa 15 (1940) Population Census, Table 1: households and population by sex, all persons incl. military, by shi/ku/machi/mura (Statistics Bureau, e-Stat)","e-Stat statInfId 000007914032, PDF page 18",shi (city) 熊本市; municipal boundary as of 1940-10-01
Yokosuka,,Kanagawa,193358,1940-10-01,0,0,"Showa 15 (1940) Population Census, Table 1: households and population by sex, all persons incl. military, by shi/ku/machi/mura (Statistics Bureau, e-Stat)","e-Stat statInfId 000007914030, PDF page 7",shi (city) 横須賀市; municipal boundary as of 1940-10-01
Kagoshima,,Kagoshima,190257,1940-10-01,0,1,"Showa 15 (1940) Population Census, Table 1: households and population by sex, all persons incl. military, by shi/ku/machi/mura (Statistics Bureau, e-Stat)","e-Stat statInfId 000007914032, PDF page 26",shi (city) 鹿児島市; municipal boundary as of 1940-10-01
Kanazawa,,Ishikawa,186297,1940-10-01,0,1,"Showa 15 (1940) Population Census, Table 1: households and population by sex, all persons incl. military, by shi/ku/machi/mura (Statistics Bureau, e-Stat)","e-Stat statInfId 000007914030, PDF page 17",shi (city) 金沢市; municipal boundary as of 1940-10-01
Sakai,,Osaka,182147,1940-10-01,0,0,"Showa 15 (1940) Population Census, Table 1: households and population by sex, all persons incl. military, by shi/ku/machi/mura (Statistics Bureau, e-Stat)","e-Stat statInfId 000007914031, PDF page 11",shi (city) 堺市; municipal boundary as of 1940-10-01; figure read visually from scan
Amagasaki,,Hyogo,181011,1940-10-01,0,0,"Showa 15 (1940) Population Census, Table 1: households and population by sex, all persons incl. military, by shi/ku/machi/mura (Statistics Bureau, e-Stat)","e-Stat statInfId 000007914031, PDF page 13",shi (city) 尼崎市; municipal boundary as of 1940-10-01
Kokura,Kitakyushu,Fukuoka,173639,1940-10-01,0,0,"Showa 15 (1940) Population Census, Table 1: households and population by sex, all persons incl. military, by shi/ku/machi/mura (Statistics Bureau, e-Stat)","e-Stat statInfId 000007914032, PDF page 10",shi (city) 小倉市; municipal boundary as of 1940-10-01; merged into Kitakyushu 1963
Gifu,,Gifu,172340,1940-10-01,0,1,"Showa 15 (1940) Population Census, Table 1: households and population by sex, all persons incl. military, by shi/ku/machi/mura (Statistics Bureau, e-Stat)","e-Stat statInfId 000007914030, PDF page 29",shi (city) 岐阜市; municipal boundary as of 1940-10-01
Hamamatsu,,Shizuoka,166346,1940-10-01,0,0,"Showa 15 (1940) Population Census, Table 1: households and population by sex, all persons incl. military, by shi/ku/machi/mura (Statistics Bureau, e-Stat)","e-Stat statInfId 000007914030, PDF page 33",shi (city) 浜松市; municipal boundary as of 1940-10-01
Otaru,,Hokkaido,164282,1940-10-01,0,0,"Showa 15 (1940) Population Census, Table 1: households and population by sex, all persons incl. military, by shi/ku/machi/mura (Statistics Bureau, e-Stat)","e-Stat statInfId 000007914029, PDF page 1",shi (city) 小樽市; municipal boundary as of 1940-10-01
Okayama,,Okayama,163552,1940-10-01,0,1,"Showa 15 (1940) Population Census, Table 1: households and population by sex, all persons incl. military, by shi/ku/machi/mura (Statistics Bureau, e-Stat)","e-Stat statInfId 000007914031, PDF page 28",shi (city) 岡山市; municipal boundary as of 1940-10-01
Niigata,,Niigata,150903,1940-10-01,0,1,"Showa 15 (1940) Population Census, Table 1: households and population by sex, all persons incl. military, by shi/ku/machi/mura (Statistics Bureau, e-Stat)","e-Stat statInfId 000007914030, PDF page 9",shi (city) 新潟市; municipal boundary as of 1940-10-01
Toyohashi,,Aichi,142716,1940-10-01,0,0,"Showa 15 (1940) Population Census, Table 1: households and population by sex, all persons incl. military, by shi/ku/machi/mura (Statistics Bureau, e-Stat)","e-Stat statInfId 000007914030, PDF page 36",shi (city) 豊橋市; municipal boundary as of 1940-10-01
Moji,Kitakyushu,Fukuoka,138997,1940-10-01,0,0,"Showa 15 (1940) Population Census, Table 1: households and population by sex, all persons incl. military, by shi/ku/machi/mura (Statistics Bureau, e-Stat)","e-Stat statInfId 000007914032, PDF page 10",shi (city) 門司市; municipal boundary as of 1940-10-01; merged into Kitakyushu 1963
Fuse,Higashiosaka,Osaka,134724,1940-10-01,0,0,"Showa 15 (1940) Population Census, Table 1: households and population by sex, all persons incl. military, by shi/ku/machi/mura (Statistics Bureau, e-Stat)","e-Stat statInfId 000007914031, PDF page 11",shi (city) 布施市; municipal boundary as of 1940-10-01; figure read visually from scan
Toyama,,Toyama,127859,1940-10-01,0,1,"Showa 15 (1940) Population Census, Table 1: households and population by sex, all persons incl. military, by shi/ku/machi/mura (Statistics Bureau, e-Stat)","e-Stat statInfId 000007914030, PDF page 14",shi (city) 富山市; municipal boundary as of 1940-10-01
Omuta,,Fukuoka,124266,1940-10-01,0,0,"Showa 15 (1940) Population Census, Table 1: households and population by sex, all persons incl. military, by shi/ku/machi/mura (Statistics Bureau, e-Stat)","e-Stat statInfId 000007914032, PDF page 10",shi (city) 大牟田市; municipal boundary as of 1940-10-01
Tokushima,,Tokushima,119581,1940-10-01,0,1,"Showa 15 (1940) Population Census, Table 1: households and population by sex, all persons incl. military, by shi/ku/machi/mura (Statistics Bureau, e-Stat)","e-Stat statInfId 000007914032, PDF page 1",shi (city) 徳島市; municipal boundary as of 1940-10-01; figure read visually from scan
Matsuyama,,Ehime,117534,1940-10-01,0,1,"Showa 15 (1940) Population Census, Table 1: households and population by sex, all persons incl. military, by shi/ku/machi/mura (Statistics Bureau, e-Stat)","e-Stat statInfId 000007914032, PDF page 5",shi (city) 松山市; municipal boundary as of 1940-10-01
Takamatsu,,Kagawa,111207,1940-10-01,0,1,"Showa 15 (1940) Population Census, Table 1: households and population by sex, all persons incl. military, by shi/ku/machi/mura (Statistics Bureau, e-Stat)","e-Stat statInfId 000007914032, PDF page 3",shi (city) 高松市; municipal boundary as of 1940-10-01
Muroran,,Hokkaido,107628,1940-10-01,0,0,"Showa 15 (1940) Population Census, Table 1: households and population by sex, all persons incl. military, by shi/ku/machi/mura (Statistics Bureau, e-Stat)","e-Stat statInfId 000007914029, PDF page 1",shi (city) 室蘭市; municipal boundary as of 1940-10-01
Kochi,,Kochi,106644,1940-10-01,0,1,"Showa 15 (1940) Population Census, Table 1: households and population by sex, all persons incl. military, by shi/ku/machi/mura (Statistics Bureau, e-Stat)","e-Stat statInfId 000007914032, PDF page 8",shi (city) 高知市; municipal boundary as of 1940-10-01
Himeji,,Hyogo,104259,1940-10-01,0,0,"Showa 15 (1940) Population Census, Table 1: households and population by sex, all persons incl. military, by shi/ku/machi/mura (Statistics Bureau, e-Stat)","e-Stat statInfId 000007914031, PDF page 13",shi (city) 姫路市; municipal boundary as of 1940-10-01
Nishinomiya,,Hyogo,103774,1940-10-01,0,0,"Showa 15 (1940) Population Census, Table 1: households and population by sex, all persons incl. military, by shi/ku/machi/mura (Statistics Bureau, e-Stat)","e-Stat statInfId 000007914031, PDF page 13",shi (city) 西宮市; municipal boundary as of 1940-10-01
Kofu,,Yamanashi,102419,1940-10-01,0,1,"Showa 15 (1940) Population Census, Table 1: households and population by sex, all persons incl. military, by shi/ku/machi/mura (Statistics Bureau, e-Stat)","e-Stat statInfId 000007914030, PDF page 21",shi (city) 甲府市; municipal boundary as of 1940-10-01
Ube,,Yamaguchi,100680,1940-10-01,0,0,"Showa 15 (1940) Population Census, Table 1: households and population by sex, all persons incl. military, by shi/ku/machi/mura (Statistics Bureau, e-Stat)","e-Stat statInfId 000007914031, PDF page 37",shi (city) 宇部市; municipal boundary as of 1940-10-01
Aomori,,Aomori,99065,1940-10-01,0,1,"Showa 15 (1940) Population Census, Table 1: households and population by sex, all persons incl. military, by shi/ku/machi/mura (Statistics Bureau, e-Stat)","e-Stat statInfId 000007914029, PDF page 5",shi (city) 青森市; municipal boundary as of 1940-10-01
Kawaguchi,,Saitama,97115,1940-10-01,0,0,"Showa 15 (1940) Population Census, Table 1: households and population by sex, all persons incl. military, by shi/ku/machi/mura (Statistics Bureau, e-Stat)","e-Stat statInfId 000007914029, PDF page 32",shi (city) 川口市; municipal boundary as of 1940-10-01
Fukui,,Fukui,94595,1940-10-01,0,1,"Showa 15 (1940) Population Census, Table 1: households and population by sex, all persons incl. military, by shi/ku/machi/mura (Statistics Bureau, e-Stat)","e-Stat statInfId 000007914030, PDF page 19",shi (city) 福井市; municipal boundary as of 1940-10-01
Chiba,,Chiba,92061,1940-10-01,0,1,"Showa 15 (1940) Population Census, Table 1: households and population by sex, all persons incl. military, by shi/ku/machi/mura (Statistics Bureau, e-Stat)","e-Stat statInfId 000007914029, PDF page 36",shi (city) 千葉市; municipal boundary as of 1940-10-01
Kurume,,Fukuoka,89490,1940-10-01,0,0,"Showa 15 (1940) Population Census, Table 1: households and population by sex, all persons incl. military, by shi/ku/machi/mura (Statistics Bureau, e-Stat)","e-Stat statInfId 000007914032, PDF page 10",shi (city) 久留米市; municipal boundary as of 1940-10-01
Wakamatsu,Kitakyushu,Fukuoka,88901,1940-10-01,0,0,"Showa 15 (1940) Population Census, Table 1: households and population by sex, all persons incl. military, by shi/ku/machi/mura (Statistics Bureau, e-Stat)","e-Stat statInfId 000007914032, PDF page 10",shi (city) 若松市; municipal boundary as of 1940-10-01; merged into Kitakyushu 1963
Utsunomiya,,Tochigi,87868,1940-10-01,0,1,"Showa 15 (1940) Population Census, Table 1: households and population by sex, all persons incl. military, by shi/ku/machi/mura (Statistics Bureau, e-Stat)","e-Stat statInfId 000007914029, PDF page 28",shi (city) 宇都宮市; municipal boundary as of 1940-10-01
Asahikawa,,Hokkaido,87514,1940-10-01,0,0,"Showa 15 (1940) Population Census, Table 1: households and population by sex, all persons incl. military, by shi/ku/machi/mura (Statistics Bureau, e-Stat)","e-Stat statInfId 000007914029, PDF page 1",shi (city) 旭川市; municipal boundary as of 1940-10-01
Maebashi,,Gumma,86997,1940-10-01,0,1,"Showa 15 (1940) Population Census, Table 1: households and population by sex, all persons incl. military, by shi/ku/machi/mura (Statistics Bureau, e-Stat)","e-Stat statInfId 000007914029, PDF page 30",shi (city) 前橋市; municipal boundary as of 1940-10-01
Kiryu,,Gumma,86086,1940-10-01,0,0,"Showa 15 (1940) Population Census, Table 1: households and population by sex, all persons incl. military, by shi/ku/machi/mura (Statistics Bureau, e-Stat)","e-Stat statInfId 000007914029, PDF page 30",shi (city) 桐生市; municipal boundary as of 1940-10-01
Tobata,Kitakyushu,Fukuoka,84260,1940-10-01,0,0,"Showa 15 (1940) Population Census, Table 1: households and population by sex, all persons incl. military, by shi/ku/machi/mura (Statistics Bureau, e-Stat)","e-Stat statInfId 000007914032, PDF page 10",shi (city) 戸畑市; municipal boundary as of 1940-10-01; merged into Kitakyushu 1963
Okazaki,,Aichi,84073,1940-10-01,0,0,"Showa 15 (1940) Population Census, Table 1: households and population by sex, all persons incl. military, by shi/ku/machi/mura (Statistics Bureau, e-Stat)","e-Stat statInfId 000007914030, PDF page 36",shi (city) 岡崎市; municipal boundary as of 1940-10-01
Hitachi,,Ibaraki,82885,1940-10-01,0,0,"Showa 15 (1940) Population Census, Table 1: households and population by sex, all persons incl. military, by shi/ku/machi/mura (Statistics Bureau, e-Stat)","e-Stat statInfId 000007914029, PDF page 23",shi (city) 日立市; municipal boundary as of 1940-10-01
Morioka,,Iwate,79478,1940-10-01,0,1,"Showa 15 (1940) Population Census, Table 1: households and population by sex, all persons incl. military, by shi/ku/machi/mura (Statistics Bureau, e-Stat)","e-Stat statInfId 000007914029, PDF page 7",shi (city) 盛岡市; municipal boundary as of 1940-10-01
Nobeoka,,Miyazaki,79426,1940-10-01,0,0,"Showa 15 (1940) Population Census, Table 1: households and population by sex, all persons incl. military, by shi/ku/machi/mura (Statistics Bureau, e-Stat)","e-Stat statInfId 000007914032, PDF page 25",shi (city) 延岡市; municipal boundary as of 1940-10-01
Oita,,Oita,76985,1940-10-01,0,1,"Showa 15 (1940) Population Census, Table 1: households and population by sex, all persons incl. military, by shi/ku/machi/mura (Statistics Bureau, e-Stat)","e-Stat statInfId 000007914032, PDF page 22",shi (city) 大分市; municipal boundary as of 1940-10-01
Nagano,,Nagano,76861,1940-10-01,0,1,"Showa 15 (1940) Population Census, Table 1: households and population by sex, all persons incl. military, by shi/ku/machi/mura (Statistics Bureau, e-Stat)","e-Stat statInfId 000007914030, PDF page 24",shi (city) 長野市; municipal boundary as of 1940-10-01
Hachinohe,,Aomori,73494,1940-10-01,0,0,"Showa 15 (1940) Population Census, Table 1: households and population by sex, all persons incl. military, by shi/ku/machi/mura (Statistics Bureau, e-Stat)","e-Stat statInfId 000007914029, PDF page 5",shi (city) 八戸市; municipal boundary as of 1940-10-01
Matsumoto,,Nagano,72795,1940-10-01,0,0,"Showa 15 (1940) Population Census, Table 1: households and population by sex, all persons incl. military, by shi/ku/machi/mura (Statistics Bureau, e-Stat)","e-Stat statInfId 000007914030, PDF page 24",shi (city) 松本市; municipal boundary as of 1940-10-01
Takasaki,,Gumma,71002,1940-10-01,0,0,"Showa 15 (1940) Population Census, Table 1: households and population by sex, all persons incl. military, by shi/ku/machi/mura (Statistics Bureau, e-Stat)","e-Stat statInfId 000007914029, PDF page 30",shi (city) 高崎市; municipal boundary as of 1940-10-01; figure read visually from scan
Ichinomiya,,Aichi,70792,1940-10-01,0,0,"Showa 15 (1940) Population Census, Table 1: households and population by sex, all persons incl. military, by shi/ku/machi/mura (Statistics Bureau, e-Stat)","e-Stat statInfId 000007914030, PDF page 36",shi (city) 一宮市; municipal boundary as of 1940-10-01; figure read visually from scan
Yamagata,,Yamagata,69184,1940-10-01,0,1,"Showa 15 (1940) Population Census, Table 1: households and population by sex, all persons incl. military, by shi/ku/machi/mura (Statistics Bureau, e-Stat)","e-Stat statInfId 000007914029, PDF page 15",shi (city) 山形市; municipal boundary as of 1940-10-01
Tsu,,Mie,68625,1940-10-01,0,1,"Showa 15 (1940) Population Census, Table 1: households and population by sex, all persons incl. military, by shi/ku/machi/mura (Statistics Bureau, e-Stat)","e-Stat statInfId 000007914030, PDF page 40",shi (city) 津市; municipal boundary as of 1940-10-01
Shimizu,Shizuoka,Shizuoka,68617,1940-10-01,0,0,"Showa 15 (1940) Population Census, Table 1: households and population by sex, all persons incl. military, by shi/ku/machi/mura (Statistics Bureau, e-Stat)","e-Stat statInfId 000007914030, PDF page 33",shi (city) 清水市; municipal boundary as of 1940-10-01
Otsu,,Shiga,67532,1940-10-01,0,1,"Showa 15 (1940) Population Census, Table 1: households and population by sex, all persons incl. military, by shi/ku/machi/mura (Statistics Bureau, e-Stat)","e-Stat statInfId 000007914031, PDF page 5",shi (city) 大津市; municipal boundary as of 1940-10-01
Nagaoka,,Niigata,66987,1940-10-01,0,0,"Showa 15 (1940) Population Census, Table 1: households and population by sex, all persons incl. military, by shi/ku/machi/mura (Statistics Bureau, e-Stat)","e-Stat statInfId 000007914030, PDF page 9",shi (city) 長岡市; municipal boundary as of 1940-10-01
Miyazaki,,Miyazaki,66497,1940-10-01,0,1,"Showa 15 (1940) Population Census, Table 1: households and population by sex, all persons incl. military, by shi/ku/machi/mura (Statistics Bureau, e-Stat)","e-Stat statInfId 000007914032, PDF page 25",shi (city) 宮崎市; municipal boundary as of 1940-10-01
Mito,,Ibaraki,66293,1940-10-01,0,1,"Showa 15 (1940) Population Census, Table 1: households and population by sex, all persons incl. military, by shi/ku/machi/mura (Statistics Bureau, e-Stat)","e-Stat statInfId 000007914029, PDF page 23",shi (city) 水戸市; municipal boundary as of 1940-10-01
Suita,,Osaka,65812,1940-10-01,0,0,"Showa 15 (1940) Population Census, Table 1: households and population by sex, all persons incl. military, by shi/ku/machi/mura (Statistics Bureau, e-Stat)","e-Stat statInfId 000007914031, PDF page 11",shi (city) 吹田市; municipal boundary as of 1940-10-01; figure read visually from scan
Naha,,Okinawa,65765,1940-10-01,0,1,"Showa 15 (1940) Population Census, Table 1: households and population by sex, all persons incl. military, by shi/ku/machi/mura (Statistics Bureau, e-Stat)","e-Stat statInfId 000007914032, PDF page 28",shi (city) 那覇市; municipal boundary as of 1940-10-01
Yubari,,Hokkaido,64998,1940-10-01,0,0,"Showa 15 (1940) Population Census, Table 1: households and population by sex, all persons incl. military, by shi/ku/machi/mura (Statistics Bureau, e-Stat)","e-Stat statInfId 000007914029, PDF page 2",machi (town); municipal boundary as of 1940-10-01
Beppu,,Oita,64724,1940-10-01,0,0,"Showa 15 (1940) Population Census, Table 1: households and population by sex, all persons incl. military, by shi/ku/machi/mura (Statistics Bureau, e-Stat)","e-Stat statInfId 000007914032, PDF page 22",shi (city) 別府市; municipal boundary as of 1940-10-01
Yokkaichi,,Mie,63732,1940-10-01,0,0,"Showa 15 (1940) Population Census, Table 1: households and population by sex, all persons incl. military, by shi/ku/machi/mura (Statistics Bureau, e-Stat)","e-Stat statInfId 000007914030, PDF page 40",shi (city) 四日市市; municipal boundary as of 1940-10-01
Kushiro,,Hokkaido,63180,1940-10-01,0,0,"Showa 15 (1940) Population Census, Table 1: households and population by sex, all persons incl. military, by shi/ku/machi/mura (Statistics Bureau, e-Stat)","e-Stat statInfId 000007914029, PDF page 1",shi (city) 釧路市; municipal boundary as of 1940-10-01
Hachioji,,Tokyo,62279,1940-10-01,0,0,"Showa 15 (1940) Population Census, Table 1: households and population by sex, all persons incl. military, by shi/ku/machi/mura (Statistics Bureau, e-Stat)","e-Stat statInfId 000007914030, PDF page 5",shi (city) 八王子市; municipal boundary as of 1940-10-01
Akita,,Akita,61791,1940-10-01,0,1,"Showa 15 (1940) Population Census, Table 1: households and population by sex, all persons incl. military, by shi/ku/machi/mura (Statistics Bureau, e-Stat)","e-Stat statInfId 000007914029, PDF page 12",shi (city) 秋田市; municipal boundary as of 1940-10-01
Choshi,,Chiba,61198,1940-10-01,0,0,"Showa 15 (1940) Population Census, Table 1: households and population by sex, all persons incl. military, by shi/ku/machi/mura (Statistics Bureau, e-Stat)","e-Stat statInfId 000007914029, PDF page 36",shi (city) 銚子市; municipal boundary as of 1940-10-01
Urawa,Saitama,Saitama,59671,1940-10-01,0,1,"Showa 15 (1940) Population Census, Table 1: households and population by sex, all persons incl. military, by shi/ku/machi/mura (Statistics Bureau, e-Stat)","e-Stat statInfId 000007914029, PDF page 32",shi (city) 浦和市; municipal boundary as of 1940-10-01
Takaoka,,Toyama,59434,1940-10-01,0,0,"Showa 15 (1940) Population Census, Table 1: households and population by sex, all persons incl. military, by shi/ku/machi/mura (Statistics Bureau, e-Stat)","e-Stat statInfId 000007914030, PDF page 14",shi (city) 高岡市; municipal boundary as of 1940-10-01
Hofu,,Yamaguchi,58890,1940-10-01,0,0,"Showa 15 (1940) Population Census, Table 1: households and population by sex, all persons incl. military, by shi/ku/machi/mura (Statistics Bureau, e-Stat)","e-Stat statInfId 000007914031, PDF page 37",shi (city) 防府市; municipal boundary as of 1940-10-01
Miyakonojo,,Miyazaki,58819,1940-10-01,0,0,"Showa 15 (1940) Population Census, Table 1: households and population by sex, all persons incl. military, by shi/ku/machi/mura (Statistics Bureau, e-Stat)","e-Stat statInfId 000007914032, PDF page 25",shi (city) 都城市; municipal boundary as of 1940-10-01; figure read visually from scan
Ichikawa,,Chiba,58060,1940-10-01,0,0,"Showa 15 (1940) Population Census, Table 1: households and population by sex, all persons incl. military, by shi/ku/machi/mura (Statistics Bureau, e-Stat)","e-Stat statInfId 000007914029, PDF page 36",shi (city) 市川市; municipal boundary as of 1940-10-01
Koriyama,,Fukushima,57402,1940-10-01,0,0,"Showa 15 (1940) Population Census, Table 1: households and population by sex, all persons incl. military, by shi/ku/machi/mura (Statistics Bureau, e-Stat)","e-Stat statInfId 000007914029, PDF page 18",shi (city) 郡山市; municipal boundary as of 1940-10-01
Nara,,Nara,57273,1940-10-01,0,1,"Showa 15 (1940) Population Census, Table 1: households and population by sex, all persons incl. military, by shi/ku/machi/mura (Statistics Bureau, e-Stat)","e-Stat statInfId 000007914031, PDF page 18",shi (city) 奈良市; municipal boundary as of 1940-10-01
Fukuyama,,Hiroshima,56653,1940-10-01,0,0,"Showa 15 (1940) Population Census, Table 1: households and population by sex, all persons incl. military, by shi/ku/machi/mura (Statistics Bureau, e-Stat)","e-Stat statInfId 000007914031, PDF page 33",shi (city) 福山市; municipal boundary as of 1940-10-01
Ogaki,,Gifu,56117,1940-10-01,0,0,"Showa 15 (1940) Population Census, Table 1: households and population by sex, all persons incl. military, by shi/ku/machi/mura (Statistics Bureau, e-Stat)","e-Stat statInfId 000007914030, PDF page 29",shi (city) 大垣市; municipal boundary as of 1940-10-01
Imabari,,Ehime,55557,1940-10-01,0,0,"Showa 15 (1940) Population Census, Table 1: households and population by sex, all persons incl. military, by shi/ku/machi/mura (Statistics Bureau, e-Stat)","e-Stat statInfId 000007914032, PDF page 5",shi (city) 今治市; municipal boundary as of 1940-10-01
Matsue,,Shimane,55506,1940-10-01,0,1,"Showa 15 (1940) Population Census, Table 1: households and population by sex, all persons incl. military, by shi/ku/machi/mura (Statistics Bureau, e-Stat)","e-Stat statInfId 000007914031, PDF page 25",shi (city) 松江市; municipal boundary as of 1940-10-01
Bibai,,Hokkaido,54122,1940-10-01,0,0,"Showa 15 (1940) Population Census, Table 1: households and population by sex, all persons incl. military, by shi/ku/machi/mura (Statistics Bureau, e-Stat)","e-Stat statInfId 000007914029, PDF page 1",machi (town); municipal boundary as of 1940-10-01
Numazu,,Shizuoka,53165,1940-10-01,0,0,"Showa 15 (1940) Population Census, Table 1: households and population by sex, all persons incl. military, by shi/ku/machi/mura (Statistics Bureau, e-Stat)","e-Stat statInfId 000007914030, PDF page 33",shi (city) 沼津市; municipal boundary as of 1940-10-01
Ujiyamada,Ise,Mie,52555,1940-10-01,0,0,"Showa 15 (1940) Population Census, Table 1: households and population by sex, all persons incl. military, by shi/ku/machi/mura (Statistics Bureau, e-Stat)","e-Stat statInfId 000007914030, PDF page 40",shi (city) 宇治山田市; municipal boundary as of 1940-10-01
Uwajima,,Ehime,52101,1940-10-01,0,0,"Showa 15 (1940) Population Census, Table 1: households and population by sex, all persons incl. military, by shi/ku/machi/mura (Statistics Bureau, e-Stat)","e-Stat statInfId 000007914032, PDF page 5",shi (city) 宇和島市; municipal boundary as of 1940-10-01
Hirosaki,,Aomori,51498,1940-10-01,0,0,"Showa 15 (1940) Population Census, Table 1: households and population by sex, all persons incl. military, by shi/ku/machi/mura (Statistics Bureau, e-Stat)","e-Stat statInfId 000007914029, PDF page 5",shi (city) 弘前市; municipal boundary as of 1940-10-01
Iwakuni,,Yamaguchi,51045,1940-10-01,0,0,"Showa 15 (1940) Population Census, Table 1: households and population by sex, all persons incl. military, by shi/ku/machi/mura (Statistics Bureau, e-Stat)","e-Stat statInfId 000007914031, PDF page 37",shi (city) 岩国市; municipal boundary as of 1940-10-01
Funabashi,,Chiba,50907,1940-10-01,0,0,"Showa 15 (1940) Population Census, Table 1: households and population by sex, all persons incl. military, by shi/ku/machi/mura (Statistics Bureau, e-Stat)","e-Stat statInfId 000007914029, PDF page 36",shi (city) 船橋市; municipal boundary as of 1940-10-01
Saga,,Saga,50406,1940-10-01,0,1,"Showa 15 (1940) Population Census, Table 1: households and population by sex, all persons incl. military, by shi/ku/machi/mura (Statistics Bureau, e-Stat)","e-Stat statInfId 000007914032, PDF page 14",shi (city) 佐賀市; municipal boundary as of 1940-10-01
Higashi-maizuru,Maizuru,Kyoto,49810,1940-10-01,0,0,"Showa 15 (1940) Population Census, Table 1: households and population by sex, all persons incl. military, by shi/ku/machi/mura (Statistics Bureau, e-Stat)","e-Stat statInfId 000007914031, PDF page 8",shi (city) 東舞鶴市; municipal boundary as of 1940-10-01; merged with Maizuru in 1943
Tottori,,Tottori,49261,1940-10-01,0,1,"Showa 15 (1940) Population Census, Table 1: households and population by sex, all persons incl. military, by shi/ku/machi/mura (Statistics Bureau, e-Stat)","e-Stat statInfId 000007914031, PDF page 23",shi (city) 鳥取市; municipal boundary as of 1940-10-01; figure read visually from scan
Handa,,Aichi,49153,1940-10-01,0,0,"Showa 15 (1940) Population Census, Table 1: households and population by sex, all persons incl. military, by shi/ku/machi/mura (Statistics Bureau, e-Stat)","e-Stat statInfId 000007914030, PDF page 36",shi (city) 半田市; municipal boundary as of 1940-10-01
Yonezawa,,Yamagata,48816,1940-10-01,0,0,"Showa 15 (1940) Population Census, Table 1: households and population by sex, all persons incl. military, by shi/ku/machi/mura (Statistics Bureau, e-Stat)","e-Stat statInfId 000007914029, PDF page 15",shi (city) 米沢市; municipal boundary as of 1940-10-01
Onomichi,,Hiroshima,48726,1940-10-01,0,0,"Showa 15 (1940) Population Census, Table 1: households and population by sex, all persons incl. military, by shi/ku/machi/mura (Statistics Bureau, e-Stat)","e-Stat statInfId 000007914031, PDF page 33",shi (city) 尾道市; municipal boundary as of 1940-10-01
Ashikaga,,Tochigi,48310,1940-10-01,0,0,"Showa 15 (1940) Population Census, Table 1: households and population by sex, all persons incl. military, by shi/ku/machi/mura (Statistics Bureau, e-Stat)","e-Stat statInfId 000007914029, PDF page 28",shi (city) 足利市; municipal boundary as of 1940-10-01
Fukushima,,Fukushima,48287,1940-10-01,0,1,"Showa 15 (1940) Population Census, Table 1: households and population by sex, all persons incl. military, by shi/ku/machi/mura (Statistics Bureau, e-Stat)","e-Stat statInfId 000007914029, PDF page 18",shi (city) 福島市; municipal boundary as of 1940-10-01
Wakamatsu,Aizuwakamatsu,Fukushima,48091,1940-10-01,0,0,"Showa 15 (1940) Population Census, Table 1: households and population by sex, all persons incl. military, by shi/ku/machi/mura (Statistics Bureau, e-Stat)","e-Stat statInfId 000007914029, PDF page 18",shi (city) 若松市; municipal boundary as of 1940-10-01
Akashi,,Hyogo,47751,1940-10-01,0,0,"Showa 15 (1940) Population Census, Table 1: households and population by sex, all persons incl. military, by shi/ku/machi/mura (Statistics Bureau, e-Stat)","e-Stat statInfId 000007914031, PDF page 13",shi (city) 明石市; municipal boundary as of 1940-10-01
Yonago,,Tottori,47051,1940-10-01,0,0,"Showa 15 (1940) Population Census, Table 1: households and population by sex, all persons incl. military, by shi/ku/machi/mura (Statistics Bureau, e-Stat)","e-Stat statInfId 000007914031, PDF page 23",shi (city) 米子市; municipal boundary as of 1940-10-01; figure read visually from scan
Nogata,,Fukuoka,47026,1940-10-01,0,0,"Showa 15 (1940) Population Census, Table 1: households and population by sex, all persons incl. military, by shi/ku/machi/mura (Statistics Bureau, e-Stat)","e-Stat statInfId 000007914032, PDF page 10",shi (city) 直方市; municipal boundary as of 1940-10-01
Iizuka,,Fukuoka,46685,1940-10-01,0,0,"Showa 15 (1940) Population Census, Table 1: households and population by sex, all persons incl. military, by shi/ku/machi/mura (Statistics Bureau, e-Stat)","e-Stat statInfId 000007914032, PDF page 10",shi (city) 飯塚市; municipal boundary as of 1940-10-01
Kishiwada,,Osaka,46486,1940-10-01,0,0,"Showa 15 (1940) Population Census, Table 1: households and population by sex, all persons incl. military, by shi/ku/machi/mura (Statistics Bureau, e-Stat)","e-Stat statInfId 000007914031, PDF page 11",shi (city) 岸和田市; municipal boundary as of 1940-10-01; figure read visually from scan
Seto,,Aichi,45775,1940-10-01,0,0,"Showa 15 (1940) Population Census, Table 1: households and population by sex, all persons incl. military, by shi/ku/machi/mura (Statistics Bureau, e-Stat)","e-Stat statInfId 000007914030, PDF page 36",shi (city) 瀬戸市; municipal boundary as of 1940-10-01
Toyonaka,,Osaka,45013,1940-10-01,0,0,"Showa 15 (1940) Population Census, Table 1: households and population by sex, all persons incl. military, by shi/ku/machi/mura (Statistics Bureau, e-Stat)","e-Stat statInfId 000007914031, PDF page 11",shi (city) 豊中市; municipal boundary as of 1940-10-01; figure read visually from scan
Isahaya,,Nagasaki,44418,1940-10-01,0,0,"Showa 15 (1940) Population Census, Table 1: households and population by sex, all persons incl. military, by shi/ku/machi/mura (Statistics Bureau, e-Stat)","e-Stat statInfId 000007914032, PDF page 16",shi (city) 諫早市; municipal boundary as of 1940-10-01
Hiratsuka,,Kanagawa,43148,1940-10-01,0,0,"Showa 15 (1940) Population Census, Table 1: households and population by sex, all persons incl. military, by shi/ku/machi/mura (Statistics Bureau, e-Stat)","e-Stat statInfId 000007914030, PDF page 7",shi (city) 平塚市; municipal boundary as of 1940-10-01
Kaizuka,,Osaka,42797,1940-10-01,0,0,"Showa 15 (1940) Population Census, Table 1: households and population by sex, all persons incl. military, by shi/ku/machi/mura (Statistics Bureau, e-Stat)","e-Stat statInfId 000007914031, PDF page 12",machi (town); municipal boundary as of 1940-10-01
Niihama,,Ehime,42392,1940-10-01,0,0,"Showa 15 (1940) Population Census, Table 1: households and population by sex, all persons incl. military, by shi/ku/machi/mura (Statistics Bureau, e-Stat)","e-Stat statInfId 000007914032, PDF page 5",shi (city) 新居浜市; municipal boundary as of 1940-10-01
Ota,,Gumma,42206,1940-10-01,0,0,"Showa 15 (1940) Population Census, Table 1: households and population by sex, all persons incl. military, by shi/ku/machi/mura (Statistics Bureau, e-Stat)","e-Stat statInfId 000007914029, PDF page 31",machi (town); municipal boundary as of 1940-10-01
Kamaishi,,Iwate,42167,1940-10-01,0,0,"Showa 15 (1940) Population Census, Table 1: households and population by sex, all persons incl. military, by shi/ku/machi/mura (Statistics Bureau, e-Stat)","e-Stat statInfId 000007914029, PDF page 7",shi (city) 釜石市; municipal boundary as of 1940-10-01
Kuwana,,Mie,41848,1940-10-01,0,0,"Showa 15 (1940) Population Census, Table 1: households and population by sex, all persons incl. military, by shi/ku/machi/mura (Statistics Bureau, e-Stat)","e-Stat statInfId 000007914030, PDF page 40",shi (city) 桑名市; municipal boundary as of 1940-10-01
Musashino,,Tokyo,41767,1940-10-01,0,0,"Showa 15 (1940) Population Census, Table 1: households and population by sex, all persons incl. military, by shi/ku/machi/mura (Statistics Bureau, e-Stat)","e-Stat statInfId 000007914030, PDF page 6",machi (town); municipal boundary as of 1940-10-01
Kamakura,,Kanagawa,40151,1940-10-01,0,0,"Showa 15 (1940) Population Census, Table 1: households and population by sex, all persons incl. military, by shi/ku/machi/mura (Statistics Bureau, e-Stat)","e-Stat statInfId 000007914030, PDF page 7",shi (city) 鎌倉市; municipal boundary as of 1940-10-01
Okaya,,Nagano,40033,1940-10-01,0,0,"Showa 15 (1940) Population Census, Table 1: households and population by sex, all persons incl. military, by shi/ku/machi/mura (Statistics Bureau, e-Stat)","e-Stat statInfId 000007914030, PDF page 24",shi (city) 岡谷市; municipal boundary as of 1940-10-01
Isesaki,,Gumma,40004,1940-10-01,0,0,"Showa 15 (1940) Population Census, Table 1: households and population by sex, all persons incl. military, by shi/ku/machi/mura (Statistics Bureau, e-Stat)","e-Stat statInfId 000007914029, PDF page 30",shi (city) 伊勢崎市; municipal boundary as of 1940-10-01
Ida,,Fukuoka,39585,1940-10-01,0,0,"Showa 15 (1940) Population Census, Table 1: households and population by sex, all persons incl. military, by shi/ku/machi/mura (Statistics Bureau, e-Stat)","e-Stat statInfId 000007914032, PDF page 13",machi (town); municipal boundary as of 1940-10-01
Kumagaya,,Saitama,39412,1940-10-01,0,0,"Showa 15 (1940) Population Census, Table 1: households and population by sex, all persons incl. military, by shi/ku/machi/mura (Statistics Bureau, e-Stat)","e-Stat statInfId 000007914029, PDF page 32",shi (city) 熊谷市; municipal boundary as of 1940-10-01
Omiya,,Saitama,39291,1940-10-01,0,0,"Showa 15 (1940) Population Census, Table 1: households and population by sex, all persons incl. military, by shi/ku/machi/mura (Statistics Bureau, e-Stat)","e-Stat statInfId 000007914029, PDF page 32",machi (town); municipal boundary as of 1940-10-01
Mihara,,Hiroshima,39072,1940-10-01,0,0,"Showa 15 (1940) Population Census, Table 1: households and population by sex, all persons incl. military, by shi/ku/machi/mura (Statistics Bureau, e-Stat)","e-Stat statInfId 000007914031, PDF page 33",shi (city) 三原市; municipal boundary as of 1940-10-01
Tokuyama,Shunan,Yamaguchi,38419,1940-10-01,0,0,"Showa 15 (1940) Population Census, Table 1: households and population by sex, all persons incl. military, by shi/ku/machi/mura (Statistics Bureau, e-Stat)","e-Stat statInfId 000007914031, PDF page 37",shi (city) 徳山市; municipal boundary as of 1940-10-01
Kawagoe,,Saitama,38407,1940-10-01,0,0,"Showa 15 (1940) Population Census, Table 1: households and population by sex, all persons incl. military, by shi/ku/machi/mura (Statistics Bureau, e-Stat)","e-Stat statInfId 000007914029, PDF page 32",shi (city) 川越市; municipal boundary as of 1940-10-01
Noshiro,,Akita,37054,1940-10-01,0,0,"Showa 15 (1940) Population Census, Table 1: households and population by sex, all persons incl. military, by shi/ku/machi/mura (Statistics Bureau, e-Stat)","e-Stat statInfId 000007914029, PDF page 12",shi (city) 能代市; municipal boundary as of 1940-10-01
Miyada,,Fukuoka,36989,1940-10-01,0,0,"Showa 15 (1940) Population Census, Table 1: households and population by sex, all persons incl. military, by shi/ku/machi/mura (Statistics Bureau, e-Stat)","e-Stat statInfId 000007914032, PDF page 11",machi (town); municipal boundary as of 1940-10-01
Fujisawa,,Kanagawa,36769,1940-10-01,0,0,"Showa 15 (1940) Population Census, Table 1: households and population by sex, all persons incl. military, by shi/ku/machi/mura (Statistics Bureau, e-Stat)","e-Stat statInfId 000007914030, PDF page 7",shi (city) 藤沢市; municipal boundary as of 1940-10-01; city status dated 1940-10-01 (census day); listed as shi in the census
Obihiro,,Hokkaido,36555,1940-10-01,0,0,"Showa 15 (1940) Population Census, Table 1: households and population by sex, all persons incl. military, by shi/ku/machi/mura (Statistics Bureau, e-Stat)","e-Stat statInfId 000007914029, PDF page 1",shi (city) 帯広市; municipal boundary as of 1940-10-01
Sanjo,,Niigata,36541,1940-10-01,0,0,"Showa 15 (1940) Population Census, Table 1: households and population by sex, all persons incl. military, by shi/ku/machi/mura (Statistics Bureau, e-Stat)","e-Stat statInfId 000007914030, PDF page 9",shi (city) 三条市; municipal boundary as of 1940-10-01
Ishinomaki,,Miyagi,36442,1940-10-01,0,0,"Showa 15 (1940) Population Census, Table 1: households and population by sex, all persons incl. military, by shi/ku/machi/mura (Statistics Bureau, e-Stat)","e-Stat statInfId 000007914029, PDF page 10",shi (city) 石巻市; municipal boundary as of 1940-10-01
Hikone,,Shiga,36143,1940-10-01,0,0,"Showa 15 (1940) Population Census, Table 1: households and population by sex, all persons incl. military, by shi/ku/machi/mura (Statistics Bureau, e-Stat)","e-Stat statInfId 000007914031, PDF page 5",shi (city) 彦根市; municipal boundary as of 1940-10-01
Tsuruoka,,Yamagata,35986,1940-10-01,0,0,"Showa 15 (1940) Population Census, Table 1: households and population by sex, all persons incl. military, by shi/ku/machi/mura (Statistics Bureau, e-Stat)","e-Stat statInfId 000007914029, PDF page 15",shi (city) 鶴岡市; municipal boundary as of 1940-10-01
Shiogama,,Miyagi,35890,1940-10-01,0,0,"Showa 15 (1940) Population Census, Table 1: households and population by sex, all persons incl. military, by shi/ku/machi/mura (Statistics Bureau, e-Stat)","e-Stat statInfId 000007914029, PDF page 10",machi (town); municipal boundary as of 1940-10-01
Ikeda,,Osaka,35494,1940-10-01,0,0,"Showa 15 (1940) Population Census, Table 1: households and population by sex, all persons incl. military, by shi/ku/machi/mura (Statistics Bureau, e-Stat)","e-Stat statInfId 000007914031, PDF page 11",shi (city) 池田市; municipal boundary as of 1940-10-01; figure read visually from scan
Tamano,,Okayama,35467,1940-10-01,0,0,"Showa 15 (1940) Population Census, Table 1: households and population by sex, all persons incl. military, by shi/ku/machi/mura (Statistics Bureau, e-Stat)","e-Stat statInfId 000007914031, PDF page 28",shi (city) 玉野市; municipal boundary as of 1940-10-01
Matsuzaka,Matsusaka,Mie,35391,1940-10-01,0,0,"Showa 15 (1940) Population Census, Table 1: households and population by sex, all persons incl. military, by shi/ku/machi/mura (Statistics Bureau, e-Stat)","e-Stat statInfId 000007914030, PDF page 40",shi (city) 松坂市; municipal boundary as of 1940-10-01
Tsuyama,,Okayama,35111,1940-10-01,0,0,"Showa 15 (1940) Population Census, Table 1: households and population by sex, all persons incl. military, by shi/ku/machi/mura (Statistics Bureau, e-Stat)","e-Stat statInfId 000007914031, PDF page 28",shi (city) 津山市; municipal boundary as of 1940-10-01
Ueda,,Nagano,35069,1940-10-01,0,0,"Showa 15 (1940) Population Census, Table 1: households and population by sex, all persons incl. military, by shi/ku/machi/mura (Statistics Bureau, e-Stat)","e-Stat statInfId 000007914030, PDF page 24",shi (city) 上田市; municipal boundary as of 1940-10-01
Shikama,Himeji,Hyogo,35061,1940-10-01,0,0,"Showa 15 (1940) Population Census, Table 1: households and population by sex, all persons incl. military, by shi/ku/machi/mura (Statistics Bureau, e-Stat)","e-Stat statInfId 000007914031, PDF page 13",shi (city) 飾磨市; municipal boundary as of 1940-10-01; merged into Himeji in 1946
Yamaguchi,,Yamaguchi,34579,1940-10-01,0,1,"Showa 15 (1940) Population Census, Table 1: households and population by sex, all persons incl. military, by shi/ku/machi/mura (Statistics Bureau, e-Stat)","e-Stat statInfId 000007914031, PDF page 37",shi (city) 山口市; municipal boundary as of 1940-10-01
Kawauchi,Satsumasendai,Kagoshima,34289,1940-10-01,0,0,"Showa 15 (1940) Population Census, Table 1: households and population by sex, all persons incl. military, by shi/ku/machi/mura (Statistics Bureau, e-Stat)","e-Stat statInfId 000007914032, PDF page 26",shi (city) 川内市; municipal boundary as of 1940-10-01
Tachikawa,,Tokyo,33849,1940-10-01,0,0,"Showa 15 (1940) Population Census, Table 1: households and population by sex, all persons incl. military, by shi/ku/machi/mura (Statistics Bureau, e-Stat)","e-Stat statInfId 000007914030, PDF page 6",machi (town); municipal boundary as of 1940-10-01
Yatsushiro,,Kumamoto,33586,1940-10-01,0,0,"Showa 15 (1940) Population Census, Table 1: households and population by sex, all persons incl. military, by shi/ku/machi/mura (Statistics Bureau, e-Stat)","e-Stat statInfId 000007914032, PDF page 18",shi (city) 八代市; municipal boundary as of 1940-10-01
Iwamizawa,,Hokkaido,33519,1940-10-01,0,0,"Showa 15 (1940) Population Census, Table 1: households and population by sex, all persons incl. military, by shi/ku/machi/mura (Statistics Bureau, e-Stat)","e-Stat statInfId 000007914029, PDF page 1",machi (town); municipal boundary as of 1940-10-01
Kudamatsu,,Yamaguchi,33212,1940-10-01,0,0,"Showa 15 (1940) Population Census, Table 1: households and population by sex, all persons incl. military, by shi/ku/machi/mura (Statistics Bureau, e-Stat)","e-Stat statInfId 000007914031, PDF page 37",shi (city) 下松市; municipal boundary as of 1940-10-01
Notsukeushi,,Hokkaido,32849,1940-10-01,0,0,"Showa 15 (1940) Population Census, Table 1: households and population by sex, all persons incl. military, by shi/ku/machi/mura (Statistics Bureau, e-Stat)","e-Stat statInfId 000007914029, PDF page 4",machi (town); municipal boundary as of 1940-10-01
Abashiri,,Hokkaido,32732,1940-10-01,0,0,"Showa 15 (1940) Population Census, Table 1: households and population by sex, all persons incl. military, by shi/ku/machi/mura (Statistics Bureau, e-Stat)","e-Stat statInfId 000007914029, PDF page 4",machi (town); municipal boundary as of 1940-10-01
Hirakata,,Osaka,32619,1940-10-01,0,0,"Showa 15 (1940) Population Census, Table 1: households and population by sex, all persons incl. military, by shi/ku/machi/mura (Statistics Bureau, e-Stat)","e-Stat statInfId 000007914031, PDF page 13",machi (town); municipal boundary as of 1940-10-01
Shingu,,Wakayama,32403,1940-10-01,0,0,"Showa 15 (1940) Population Census, Table 1: households and population by sex, all persons incl. military, by shi/ku/machi/mura (Statistics Bureau, e-Stat)","e-Stat statInfId 000007914031, PDF page 20",shi (city) 新宮市; municipal boundary as of 1940-10-01
Hagi,,Yamaguchi,32270,1940-10-01,0,0,"Showa 15 (1940) Population Census, Table 1: households and population by sex, all persons incl. military, by shi/ku/machi/mura (Statistics Bureau, e-Stat)","e-Stat statInfId 000007914031, PDF page 37",shi (city) 萩市; municipal boundary as of 1940-10-01
Kurashiki,,Okayama,32228,1940-10-01,0,0,"Showa 15 (1940) Population Census, Table 1: households and population by sex, all persons incl. military, by shi/ku/machi/mura (Statistics Bureau, e-Stat)","e-Stat statInfId 000007914031, PDF page 28",shi (city) 倉敷市; municipal boundary as of 1940-10-01
Yamada,,Fukuoka,31986,1940-10-01,0,0,"Showa 15 (1940) Population Census, Table 1: households and population by sex, all persons incl. military, by shi/ku/machi/mura (Statistics Bureau, e-Stat)","e-Stat statInfId 000007914032, PDF page 11",machi (town); municipal boundary as of 1940-10-01
Sakata,,Yamagata,31958,1940-10-01,0,0,"Showa 15 (1940) Population Census, Table 1: households and population by sex, all persons incl. military, by shi/ku/machi/mura (Statistics Bureau, e-Stat)","e-Stat statInfId 000007914029, PDF page 15",shi (city) 酒田市; municipal boundary as of 1940-10-01
Fukuchiyama,,Kyoto,31848,1940-10-01,0,0,"Showa 15 (1940) Population Census, Table 1: households and population by sex, all persons incl. military, by shi/ku/machi/mura (Statistics Bureau, e-Stat)","e-Stat statInfId 000007914031, PDF page 8",shi (city) 福知山市; municipal boundary as of 1940-10-01
Sunagawa,,Hokkaido,31768,1940-10-01,0,0,"Showa 15 (1940) Population Census, Table 1: households and population by sex, all persons incl. military, by shi/ku/machi/mura (Statistics Bureau, e-Stat)","e-Stat statInfId 000007914029, PDF page 1",machi (town); municipal boundary as of 1940-10-01
Yawatahama,,Ehime,31728,1940-10-01,0,0,"Showa 15 (1940) Population Census, Table 1: households and population by sex, all persons incl. military, by shi/ku/machi/mura (Statistics Bureau, e-Stat)","e-Stat statInfId 000007914032, PDF page 5",shi (city) 八幡浜市; municipal boundary as of 1940-10-01
Nakama,,Fukuoka,31578,1940-10-01,0,0,"Showa 15 (1940) Population Census, Table 1: households and population by sex, all persons incl. military, by shi/ku/machi/mura (Statistics Bureau, e-Stat)","e-Stat statInfId 000007914032, PDF page 11",machi (town); municipal boundary as of 1940-10-01
Onoda,,Yamaguchi,31383,1940-10-01,0,0,"Showa 15 (1940) Population Census, Table 1: households and population by sex, all persons incl. military, by shi/ku/machi/mura (Statistics Bureau, e-Stat)","e-Stat statInfId 000007914031, PDF page 38",machi (town); municipal boundary as of 1940-10-01
Tsuruga,,Fukui,31346,1940-10-01,0,0,"Showa 15 (1940) Population Census, Table 1: households and population by sex, all persons incl. military, by shi/ku/machi/mura (Statistics Bureau, e-Stat)","e-Stat statInfId 000007914030, PDF page 19",shi (city) 敦賀市; municipal boundary as of 1940-10-01
Karatsu,,Saga,31342,1940-10-01,0,0,"Showa 15 (1940) Population Census, Table 1: households and population by sex, all persons incl. military, by shi/ku/machi/mura (Statistics Bureau, e-Stat)","e-Stat statInfId 000007914032, PDF page 14",shi (city) 唐津市; municipal boundary as of 1940-10-01
Takayama,,Gifu,31296,1940-10-01,0,0,"Showa 15 (1940) Population Census, Table 1: households and population by sex, all persons incl. military, by shi/ku/machi/mura (Statistics Bureau, e-Stat)","e-Stat statInfId 000007914030, PDF page 29",shi (city) 高山市; municipal boundary as of 1940-10-01
Tochigi,,Tochigi,31195,1940-10-01,0,0,"Showa 15 (1940) Population Census, Table 1: households and population by sex, all persons incl. military, by shi/ku/machi/mura (Statistics Bureau, e-Stat)","e-Stat statInfId 000007914029, PDF page 28",shi (city) 栃木市; municipal boundary as of 1940-10-01
Takatsuki,,Osaka,31011,1940-10-01,0,0,"Showa 15 (1940) Population Census, Table 1: households and population by sex, all persons incl. military, by shi/ku/machi/mura (Statistics Bureau, e-Stat)","e-Stat statInfId 000007914031, PDF page 11",machi (town); municipal boundary as of 1940-10-01
Tsuchiura,,Ibaraki,31000,1940-10-01,0,0,"Showa 15 (1940) Population Census, Table 1: households and population by sex, all persons incl. military, by shi/ku/machi/mura (Statistics Bureau, e-Stat)","e-Stat statInfId 000007914029, PDF page 26",machi (town); municipal boundary as of 1940-10-01
Gotoji,,Fukuoka,30640,1940-10-01,0,0,"Showa 15 (1940) Population Census, Table 1: households and population by sex, all persons incl. military, by shi/ku/machi/mura (Statistics Bureau, e-Stat)","e-Stat statInfId 000007914032, PDF page 13",machi (town); municipal boundary as of 1940-10-01
Shimabara,,Nagasaki,30411,1940-10-01,0,0,"Showa 15 (1940) Population Census, Table 1: households and population by sex, all persons incl. military, by shi/ku/machi/mura (Statistics Bureau, e-Stat)","e-Stat statInfId 000007914032, PDF page 16",shi (city) 島原市; municipal boundary as of 1940-10-01
Takada,Joetsu,Niigata,30152,1940-10-01,0,0,"Showa 15 (1940) Population Census, Table 1: households and population by sex, all persons incl. military, by shi/ku/machi/mura (Statistics Bureau, e-Stat)","e-Stat statInfId 000007914030, PDF page 9",shi (city) 高田市; municipal boundary as of 1940-10-01
Taira,Iwaki,Fukushima,30126,1940-10-01,0,0,"Showa 15 (1940) Population Census, Table 1: households and population by sex, all persons incl. military, by shi/ku/machi/mura (Statistics Bureau, e-Stat)","e-Stat statInfId 000007914029, PDF page 18",shi (city) 平市; municipal boundary as of 1940-10-01
Kobayashi,,Miyazaki,30041,1940-10-01,0,0,"Showa 15 (1940) Population Census, Table 1: households and population by sex, all persons incl. military, by shi/ku/machi/mura (Statistics Bureau, e-Stat)","e-Stat statInfId 000007914032, PDF page 25",machi (town); municipal boundary as of 1940-10-01
Nanao,,Ishikawa,29987,1940-10-01,0,0,"Showa 15 (1940) Population Census, Table 1: households and population by sex, all persons incl. military, by shi/ku/machi/mura (Statistics Bureau, e-Stat)","e-Stat statInfId 000007914030, PDF page 17",shi (city) 七尾市; municipal boundary as of 1940-10-01
Maizuru,,Kyoto,29903,1940-10-01,0,0,"Showa 15 (1940) Population Census, Table 1: households and population by sex, all persons incl. military, by shi/ku/machi/mura (Statistics Bureau, e-Stat)","e-Stat statInfId 000007914031, PDF page 8",shi (city) 舞鶴市; municipal boundary as of 1940-10-01
Kashiwazaki,,Niigata,29567,1940-10-01,0,0,"Showa 15 (1940) Population Census, Table 1: households and population by sex, all persons incl. military, by shi/ku/machi/mura (Statistics Bureau, e-Stat)","e-Stat statInfId 000007914030, PDF page 9",shi (city) 柏崎市; municipal boundary as of 1940-10-01
Chigasaki,,Kanagawa,29567,1940-10-01,0,0,"Showa 15 (1940) Population Census, Table 1: households and population by sex, all persons incl. military, by shi/ku/machi/mura (Statistics Bureau, e-Stat)","e-Stat statInfId 000007914030, PDF page 7",machi (town); municipal boundary as of 1940-10-01
Sumoto,,Hyogo,29461,1940-10-01,0,0,"Showa 15 (1940) Population Census, Table 1: households and population by sex, all persons incl. military, by shi/ku/machi/mura (Statistics Bureau, e-Stat)","e-Stat statInfId 000007914031, PDF page 13",shi (city) 洲本市; municipal boundary as of 1940-10-01
Nakatsu,,Oita,29414,1940-10-01,0,0,"Showa 15 (1940) Population Census, Table 1: households and population by sex, all persons incl. military, by shi/ku/machi/mura (Statistics Bureau, e-Stat)","e-Stat statInfId 000007914032, PDF page 22",shi (city) 中津市; municipal boundary as of 1940-10-01
Kainan,,Wakayama,29091,1940-10-01,0,0,"Showa 15 (1940) Population Census, Table 1: households and population by sex, all persons incl. military, by shi/ku/machi/mura (Statistics Bureau, e-Stat)","e-Stat statInfId 000007914031, PDF page 20",shi (city) 海南市; municipal boundary as of 1940-10-01
Makurazaki,,Kagoshima,29057,1940-10-01,0,0,"Showa 15 (1940) Population Census, Table 1: households and population by sex, all persons incl. military, by shi/ku/machi/mura (Statistics Bureau, e-Stat)","e-Stat statInfId 000007914032, PDF page 26",machi (town); municipal boundary as of 1940-10-01
Tateyama,,Chiba,28591,1940-10-01,0,0,"Showa 15 (1940) Population Census, Table 1: households and population by sex, all persons incl. military, by shi/ku/machi/mura (Statistics Bureau, e-Stat)","e-Stat statInfId 000007914029, PDF page 36",shi (city) 館山市; municipal boundary as of 1940-10-01
Niitsu,,Niigata,28549,1940-10-01,0,0,"Showa 15 (1940) Population Census, Table 1: households and population by sex, all persons incl. military, by shi/ku/machi/mura (Statistics Bureau, e-Stat)","e-Stat statInfId 000007914030, PDF page 10",machi (town); municipal boundary as of 1940-10-01
Iida,,Nagano,28494,1940-10-01,0,0,"Showa 15 (1940) Population Census, Table 1: households and population by sex, all persons incl. military, by shi/ku/machi/mura (Statistics Bureau, e-Stat)","e-Stat statInfId 000007914030, PDF page 24",shi (city) 飯田市; municipal boundary as of 1940-10-01
Minamata,,Kumamoto,28330,1940-10-01,0,0,"Showa 15 (1940) Population Census, Table 1: households and population by sex, all persons incl. military, by shi/ku/machi/mura (Statistics Bureau, e-Stat)","e-Stat statInfId 000007914032, PDF page 20",machi (town); municipal boundary as of 1940-10-01
Tanabe,,Wakayama,28131,1940-10-01,0,0,"Showa 15 (1940) Population Census, Table 1: households and population by sex, all persons incl. military, by shi/ku/machi/mura (Statistics Bureau, e-Stat)","e-Stat statInfId 000007914031, PDF page 22",machi (town); municipal boundary as of 1940-10-01
Uraga,,Kanagawa,28073,1940-10-01,0,0,"Showa 15 (1940) Population Census, Table 1: households and population by sex, all persons incl. military, by shi/ku/machi/mura (Statistics Bureau, e-Stat)","e-Stat statInfId 000007914030, PDF page 7",machi (town); municipal boundary as of 1940-10-01
Taniyama,,Kagoshima,27992,1940-10-01,0,0,"Showa 15 (1940) Population Census, Table 1: households and population by sex, all persons incl. military, by shi/ku/machi/mura (Statistics Bureau, e-Stat)","e-Stat statInfId 000007914032, PDF page 26",machi (town); municipal boundary as of 1940-10-01
Kanoya,,Kagoshima,27943,1940-10-01,0,0,"Showa 15 (1940) Population Census, Table 1: households and population by sex, all persons incl. military, by shi/ku/machi/mura (Statistics Bureau, e-Stat)","e-Stat statInfId 000007914032, PDF page 27",machi (town); municipal boundary as of 1940-10-01
Odawara,,Kanagawa,27860,1940-10-01,0,0,"Showa 15 (1940) Population Census, Table 1: households and population by sex, all persons incl. military, by shi/ku/machi/mura (Statistics Bureau, e-Stat)","e-Stat statInfId 000007914030, PDF page 8",machi (town); municipal boundary as of 1940-10-01
Otsu,,Osaka,27800,1940-10-01,0,0,"Showa 15 (1940) Population Census, Table 1: households and population by sex, all persons incl. military, by shi/ku/machi/mura (Statistics Bureau, e-Stat)","e-Stat statInfId 000007914031, PDF page 11",machi (town); municipal boundary as of 1940-10-01
Mishima,,Shizuoka,27612,1940-10-01,0,0,"Showa 15 (1940) Population Census, Table 1: households and population by sex, all persons incl. military, by shi/ku/machi/mura (Statistics Bureau, e-Stat)","e-Stat statInfId 000007914030, PDF page 33",machi (town); municipal boundary as of 1940-10-01
Sano,,Osaka,27529,1940-10-01,0,0,"Showa 15 (1940) Population Census, Table 1: households and population by sex, all persons incl. military, by shi/ku/machi/mura (Statistics Bureau, e-Stat)","e-Stat statInfId 000007914031, PDF page 12",machi (town); municipal boundary as of 1940-10-01
Kushikino,,Kagoshima,27143,1940-10-01,0,0,"Showa 15 (1940) Population Census, Table 1: households and population by sex, all persons incl. military, by shi/ku/machi/mura (Statistics Bureau, e-Stat)","e-Stat statInfId 000007914032, PDF page 26",machi (town); municipal boundary as of 1940-10-01
Marugame,,Kagawa,26928,1940-10-01,0,0,"Showa 15 (1940) Population Census, Table 1: households and population by sex, all persons incl. military, by shi/ku/machi/mura (Statistics Bureau, e-Stat)","e-Stat statInfId 000007914032, PDF page 3",shi (city) 丸亀市; municipal boundary as of 1940-10-01
Tajimi,,Gifu,26820,1940-10-01,0,0,"Showa 15 (1940) Population Census, Table 1: households and population by sex, all persons incl. military, by shi/ku/machi/mura (Statistics Bureau, e-Stat)","e-Stat statInfId 000007914030, PDF page 29",shi (city) 多治見市; municipal boundary as of 1940-10-01
Arao,,Kumamoto,26682,1940-10-01,0,0,"Showa 15 (1940) Population Census, Table 1: households and population by sex, all persons incl. military, by shi/ku/machi/mura (Statistics Bureau, e-Stat)","e-Stat statInfId 000007914032, PDF page 19",machi (town); municipal boundary as of 1940-10-01
Hirara,,Okinawa,26412,1940-10-01,0,0,"Showa 15 (1940) Population Census, Table 1: households and population by sex, all persons incl. military, by shi/ku/machi/mura (Statistics Bureau, e-Stat)","e-Stat statInfId 000007914032, PDF page 29",machi (town); municipal boundary as of 1940-10-01
Anjo,,Aichi,26355,1940-10-01,0,0,"Showa 15 (1940) Population Census, Table 1: households and population by sex, all persons incl. military, by shi/ku/machi/mura (Statistics Bureau, e-Stat)","e-Stat statInfId 000007914030, PDF page 39",machi (town); municipal boundary as of 1940-10-01
Omiya,,Shizuoka,26049,1940-10-01,0,0,"Showa 15 (1940) Population Census, Table 1: households and population by sex, all persons incl. military, by shi/ku/machi/mura (Statistics Bureau, e-Stat)","e-Stat statInfId 000007914030, PDF page 34",machi (town); municipal boundary as of 1940-10-01
Sakaide,,Kagawa,25958,1940-10-01,0,0,"Showa 15 (1940) Population Census, Table 1: households and population by sex, all persons incl. military, by shi/ku/machi/mura (Statistics Bureau, e-Stat)","e-Stat statInfId 000007914032, PDF page 3",machi (town); municipal boundary as of 1940-10-01
Moriguchi,,Osaka,25482,1940-10-01,0,0,"Showa 15 (1940) Population Census, Table 1: households and population by sex, all persons incl. military, by shi/ku/machi/mura (Statistics Bureau, e-Stat)","e-Stat statInfId 000007914031, PDF page 13",machi (town); municipal boundary as of 1940-10-01
Oshi,,Saitama,25355,1940-10-01,0,0,"Showa 15 (1940) Population Census, Table 1: households and population by sex, all persons incl. military, by shi/ku/machi/mura (Statistics Bureau, e-Stat)","e-Stat statInfId 000007914029, PDF page 35",machi (town); municipal boundary as of 1940-10-01
Nikko,,Tochigi,25173,1940-10-01,0,0,"Showa 15 (1940) Population Census, Table 1: households and population by sex, all persons incl. military, by shi/ku/machi/mura (Statistics Bureau, e-Stat)","e-Stat statInfId 000007914029, PDF page 28",machi (town); municipal boundary as of 1940-10-01
Shibata,,Niigata,24977,1940-10-01,0,0,"Showa 15 (1940) Population Census, Table 1: households and population by sex, all persons incl. military, by shi/ku/machi/mura (Statistics Bureau, e-Stat)","e-Stat statInfId 000007914030, PDF page 9",machi (town); municipal boundary as of 1940-10-01
Mizumaki,,Fukuoka,24740,1940-10-01,0,0,"Showa 15 (1940) Population Census, Table 1: households and population by sex, all persons incl. military, by shi/ku/machi/mura (Statistics Bureau, e-Stat)","e-Stat statInfId 000007914032, PDF page 11",machi (town); municipal boundary as of 1940-10-01
Akune,,Kagoshima,24725,1940-10-01,0,0,"Showa 15 (1940) Population Census, Table 1: households and population by sex, all persons incl. military, by shi/ku/machi/mura (Statistics Bureau, e-Stat)","e-Stat statInfId 000007914032, PDF page 27",machi (town); municipal boundary as of 1940-10-01
Kawasaki,,Fukuoka,24663,1940-10-01,0,0,"Showa 15 (1940) Population Census, Table 1: households and population by sex, all persons incl. military, by shi/ku/machi/mura (Statistics Bureau, e-Stat)","e-Stat statInfId 000007914032, PDF page 13",machi (town); municipal boundary as of 1940-10-01
Shimada,,Shizuoka,24633,1940-10-01,0,0,"Showa 15 (1940) Population Census, Table 1: households and population by sex, all persons incl. military, by shi/ku/machi/mura (Statistics Bureau, e-Stat)","e-Stat statInfId 000007914030, PDF page 34",machi (town); municipal boundary as of 1940-10-01
Atami,,Shizuoka,24477,1940-10-01,0,0,"Showa 15 (1940) Population Census, Table 1: households and population by sex, all persons incl. military, by shi/ku/machi/mura (Statistics Bureau, e-Stat)","e-Stat statInfId 000007914030, PDF page 33",shi (city) 熱海市; municipal boundary as of 1940-10-01
Matsudo,,Chiba,24446,1940-10-01,0,0,"Showa 15 (1940) Population Census, Table 1: households and population by sex, all persons incl. military, by shi/ku/machi/mura (Statistics Bureau, e-Stat)","e-Stat statInfId 000007914030, PDF page 3",machi (town); municipal boundary as of 1940-10-01
Shimminato,,Toyama,24330,1940-10-01,0,0,"Showa 15 (1940) Population Census, Table 1: households and population by sex, all persons incl. military, by shi/ku/machi/mura (Statistics Bureau, e-Stat)","e-Stat statInfId 000007914030, PDF page 15",machi (town); municipal boundary as of 1940-10-01
Mitaka,,Tokyo,24247,1940-10-01,0,0,"Showa 15 (1940) Population Census, Table 1: households and population by sex, all persons incl. military, by shi/ku/machi/mura (Statistics Bureau, e-Stat)","e-Stat statInfId 000007914030, PDF page 6",machi (town); municipal boundary as of 1940-10-01
Zushi,,Kanagawa,24119,1940-10-01,0,0,"Showa 15 (1940) Population Census, Table 1: households and population by sex, all persons incl. military, by shi/ku/machi/mura (Statistics Bureau, e-Stat)","e-Stat statInfId 000007914030, PDF page 7",machi (town); municipal boundary as of 1940-10-01
Aioi,,Hyogo,24110,1940-10-01,0,0,"Showa 15 (1940) Population Census, Table 1: households and population by sex, all persons incl. military, by shi/ku/machi/mura (Statistics Bureau, e-Stat)","e-Stat statInfId 000007914031, PDF page 15",machi (town); municipal boundary as of 1940-10-01
Itami,,Hyogo,24099,1940-10-01,0,0,"Showa 15 (1940) Population Census, Table 1: households and population by sex, all persons incl. military, by shi/ku/machi/mura (Statistics Bureau, e-Stat)","e-Stat statInfId 000007914031, PDF page 13",machi (town); municipal boundary as of 1940-10-01
Kamisuwa,,Nagano,24076,1940-10-01,0,0,"Showa 15 (1940) Population Census, Table 1: households and population by sex, all persons incl. military, by shi/ku/machi/mura (Statistics Bureau, e-Stat)","e-Stat statInfId 000007914030, PDF page 25",machi (town); municipal boundary as of 1940-10-01
Tamashima,,Okayama,23944,1940-10-01,0,0,"Showa 15 (1940) Population Census, Table 1: households and population by sex, all persons incl. military, by shi/ku/machi/mura (Statistics Bureau, e-Stat)","e-Stat statInfId 000007914031, PDF page 30",machi (town); municipal boundary as of 1940-10-01
Tomakomai,,Hokkaido,23918,1940-10-01,0,0,"Showa 15 (1940) Population Census, Table 1: households and population by sex, all persons incl. military, by shi/ku/machi/mura (Statistics Bureau, e-Stat)","e-Stat statInfId 000007914029, PDF page 3",machi (town); municipal boundary as of 1940-10-01
Kanuma,,Tochigi,23781,1940-10-01,0,0,"Showa 15 (1940) Population Census, Table 1: households and population by sex, all persons incl. military, by shi/ku/machi/mura (Statistics Bureau, e-Stat)","e-Stat statInfId 000007914029, PDF page 28",machi (town); municipal boundary as of 1940-10-01
Chichibu,,Saitama,23575,1940-10-01,0,0,"Showa 15 (1940) Population Census, Table 1: households and population by sex, all persons incl. military, by shi/ku/machi/mura (Statistics Bureau, e-Stat)","e-Stat statInfId 000007914029, PDF page 34",machi (town); municipal boundary as of 1940-10-01
Miyako,,Iwate,23189,1940-10-01,0,0,"Showa 15 (1940) Population Census, Table 1: households and population by sex, all persons incl. military, by shi/ku/machi/mura (Statistics Bureau, e-Stat)","e-Stat statInfId 000007914029, PDF page 9",machi (town); municipal boundary as of 1940-10-01
Ashio,,Tochigi,23187,1940-10-01,0,0,"Showa 15 (1940) Population Census, Table 1: households and population by sex, all persons incl. military, by shi/ku/machi/mura (Statistics Bureau, e-Stat)","e-Stat statInfId 000007914029, PDF page 28",machi (town); municipal boundary as of 1940-10-01
Tarumi,,Hyogo,23140,1940-10-01,0,0,"Showa 15 (1940) Population Census, Table 1: households and population by sex, all persons incl. military, by shi/ku/machi/mura (Statistics Bureau, e-Stat)","e-Stat statInfId 000007914031, PDF page 14",machi (town); municipal boundary as of 1940-10-01
Tsushima,,Aichi,22733,1940-10-01,0,0,"Showa 15 (1940) Population Census, Table 1: households and population by sex, all persons incl. military, by shi/ku/machi/mura (Statistics Bureau, e-Stat)","e-Stat statInfId 000007914030, PDF page 38",machi (town); municipal boundary as of 1940-10-01
Yaizu,,Shizuoka,22716,1940-10-01,0,0,"Showa 15 (1940) Population Census, Table 1: households and population by sex, all persons incl. military, by shi/ku/machi/mura (Statistics Bureau, e-Stat)","e-Stat statInfId 000007914030, PDF page 34",machi (town); municipal boundary as of 1940-10-01
Kariya,,Aichi,22689,1940-10-01,0,0,"Showa 15 (1940) Population Census, Table 1: households and population by sex, all persons incl. military, by shi/ku/machi/mura (Statistics Bureau, e-Stat)","e-Stat statInfId 000007914030, PDF page 39",machi (town); municipal boundary as of 1940-10-01
Sueyoshi,,Kagoshima,22606,1940-10-01,0,0,"Showa 15 (1940) Population Census, Table 1: households and population by sex, all persons incl. military, by shi/ku/machi/mura (Statistics Bureau, e-Stat)","e-Stat statInfId 000007914032, PDF page 27",machi (town); municipal boundary as of 1940-10-01
Wakkanai,,Hokkaido,22589,1940-10-01,0,0,"Showa 15 (1940) Population Census, Table 1: households and population by sex, all persons incl. military, by shi/ku/machi/mura (Statistics Bureau, e-Stat)","e-Stat statInfId 000007914029, PDF page 4",machi (town); municipal boundary as of 1940-10-01
Kamo,,Niigata,22581,1940-10-01,0,0,"Showa 15 (1940) Population Census, Table 1: households and population by sex, all persons incl. military, by shi/ku/machi/mura (Statistics Bureau, e-Stat)","e-Stat statInfId 000007914030, PDF page 10",machi (town); municipal boundary as of 1940-10-01
Yokote,,Akita,22548,1940-10-01,0,0,"Showa 15 (1940) Population Census, Table 1: households and population by sex, all persons incl. military, by shi/ku/machi/mura (Statistics Bureau, e-Stat)","e-Stat statInfId 000007914029, PDF page 14",machi (town); municipal boundary as of 1940-10-01
Shirakawa,,Fukushima,22429,1940-10-01,0,0,"Showa 15 (1940) Population Census, Table 1: households and population by sex, all persons incl. military, by shi/ku/machi/mura (Statistics Bureau, e-Stat)","e-Stat statInfId 000007914029, PDF page 21",machi (town); municipal boundary as of 1940-10-01
Saeki,,Oita,22202,1940-10-01,0,0,"Showa 15 (1940) Population Census, Table 1: households and population by sex, all persons incl. military, by shi/ku/machi/mura (Statistics Bureau, e-Stat)","e-Stat statInfId 000007914032, PDF page 23",machi (town); municipal boundary as of 1940-10-01
Ako,,Hyogo,22196,1940-10-01,0,0,"Showa 15 (1940) Population Census, Table 1: households and population by sex, all persons incl. military, by shi/ku/machi/mura (Statistics Bureau, e-Stat)","e-Stat statInfId 000007914031, PDF page 15",machi (town); municipal boundary as of 1940-10-01
Omura,,Nagasaki,22142,1940-10-01,0,0,"Showa 15 (1940) Population Census, Table 1: households and population by sex, all persons incl. military, by shi/ku/machi/mura (Statistics Bureau, e-Stat)","e-Stat statInfId 000007914032, PDF page 16",machi (town); municipal boundary as of 1940-10-01
Nemuro,,Hokkaido,22010,1940-10-01,0,0,"Showa 15 (1940) Population Census, Table 1: households and population by sex, all persons incl. military, by shi/ku/machi/mura (Statistics Bureau, e-Stat)","e-Stat statInfId 000007914029, PDF page 4",machi (town); municipal boundary as of 1940-10-01
Ito,,Shizuoka,21991,1940-10-01,0,0,"Showa 15 (1940) Population Census, Table 1: households and population by sex, all persons incl. military, by shi/ku/machi/mura (Statistics Bureau, e-Stat)","e-Stat statInfId 000007914030, PDF page 33",machi (town); municipal boundary as of 1940-10-01
Hayame,,Fukuoka,21870,1940-10-01,0,0,"Showa 15 (1940) Population Census, Table 1: households and population by sex, all persons incl. military, by shi/ku/machi/mura (Statistics Bureau, e-Stat)","e-Stat statInfId 000007914032, PDF page 13",machi (town); municipal boundary as of 1940-10-01; figure read visually from scan (OCR failed)
Nishinoomote,,Kagoshima,21804,1940-10-01,0,0,"Showa 15 (1940) Population Census, Table 1: households and population by sex, all persons incl. military, by shi/ku/machi/mura (Statistics Bureau, e-Stat)","e-Stat statInfId 000007914032, PDF page 27",machi (town); municipal boundary as of 1940-10-01
Kakogawa,,Hyogo,21702,1940-10-01,0,0,"Showa 15 (1940) Population Census, Table 1: households and population by sex, all persons incl. military, by shi/ku/machi/mura (Statistics Bureau, e-Stat)","e-Stat statInfId 000007914031, PDF page 14",machi (town); municipal boundary as of 1940-10-01
Usuki,,Oita,21386,1940-10-01,0,0,"Showa 15 (1940) Population Census, Table 1: households and population by sex, all persons incl. military, by shi/ku/machi/mura (Statistics Bureau, e-Stat)","e-Stat statInfId 000007914032, PDF page 23",machi (town); municipal boundary as of 1940-10-01
Naze,,Kagoshima,21372,1940-10-01,0,0,"Showa 15 (1940) Population Census, Table 1: households and population by sex, all persons incl. military, by shi/ku/machi/mura (Statistics Bureau, e-Stat)","e-Stat statInfId 000007914032, PDF page 28",machi (town); municipal boundary as of 1940-10-01
Omachi,,Saga,20938,1940-10-01,0,0,"Showa 15 (1940) Population Census, Table 1: households and population by sex, all persons incl. military, by shi/ku/machi/mura (Statistics Bureau, e-Stat)","e-Stat statInfId 000007914032, PDF page 15",machi (town); municipal boundary as of 1940-10-01
Tarumizu,,Kagoshima,20805,1940-10-01,0,0,"Showa 15 (1940) Population Census, Table 1: households and population by sex, all persons incl. military, by shi/ku/machi/mura (Statistics Bureau, e-Stat)","e-Stat statInfId 000007914032, PDF page 27",machi (town); municipal boundary as of 1940-10-01
Ueno,,Mie,20780,1940-10-01,0,0,"Showa 15 (1940) Population Census, Table 1: households and population by sex, all persons incl. military, by shi/ku/machi/mura (Statistics Bureau, e-Stat)","e-Stat statInfId 000007914031, PDF page 4",machi (town); municipal boundary as of 1940-10-01
Koga,,Ibaraki,20732,1940-10-01,0,0,"Showa 15 (1940) Population Census, Table 1: households and population by sex, all persons incl. military, by shi/ku/machi/mura (Statistics Bureau, e-Stat)","e-Stat statInfId 000007914029, PDF page 27",machi (town); municipal boundary as of 1940-10-01
Saijo,,Ehime,20691,1940-10-01,0,0,"Showa 15 (1940) Population Census, Table 1: households and population by sex, all persons incl. military, by shi/ku/machi/mura (Statistics Bureau, e-Stat)","e-Stat statInfId 000007914032, PDF page 6",machi (town); municipal boundary as of 1940-10-01
Koromo,,Aichi,20629,1940-10-01,0,0,"Showa 15 (1940) Population Census, Table 1: households and population by sex, all persons incl. military, by shi/ku/machi/mura (Statistics Bureau, e-Stat)","e-Stat statInfId 000007914030, PDF page 39",machi (town); municipal boundary as of 1940-10-01
Futase,,Fukuoka,20505,1940-10-01,0,0,"Showa 15 (1940) Population Census, Table 1: households and population by sex, all persons incl. military, by shi/ku/machi/mura (Statistics Bureau, e-Stat)","e-Stat statInfId 000007914032, PDF page 11",machi (town); municipal boundary as of 1940-10-01
Yumoto,,Fukushima,20450,1940-10-01,0,0,"Showa 15 (1940) Population Census, Table 1: households and population by sex, all persons incl. military, by shi/ku/machi/mura (Statistics Bureau, e-Stat)","e-Stat statInfId 000007914029, PDF page 22",machi (town); municipal boundary as of 1940-10-01; figure read visually from scan (OCR failed)
Chiran,,Kagoshima,20399,1940-10-01,0,0,"Showa 15 (1940) Population Census, Table 1: households and population by sex, all persons incl. military, by shi/ku/machi/mura (Statistics Bureau, e-Stat)","e-Stat statInfId 000007914032, PDF page 26",machi (town); municipal boundary as of 1940-10-01
Rumoi,,Hokkaido,20341,1940-10-01,0,0,"Showa 15 (1940) Population Census, Table 1: households and population by sex, all persons incl. military, by shi/ku/machi/mura (Statistics Bureau, e-Stat)","e-Stat statInfId 000007914029, PDF page 4",machi (town); municipal boundary as of 1940-10-01
Shinjo,,Yamagata,20083,1940-10-01,0,0,"Showa 15 (1940) Population Census, Table 1: households and population by sex, all persons incl. military, by shi/ku/machi/mura (Statistics Bureau, e-Stat)","e-Stat statInfId 000007914029, PDF page 16",machi (town); municipal boundary as of 1940-10-01
Shibushi,,Kagoshima,20018,1940-10-01,0,0,"Showa 15 (1940) Population Census, Table 1: households and population by sex, all persons incl. military, by shi/ku/machi/mura (Statistics Bureau, e-Stat)","e-Stat statInfId 000007914032, PDF page 27",machi (town); municipal boundary as of 1940-10-01
Okoshi,,Aichi,20015,1940-10-01,0,0,"Showa 15 (1940) Population Census, Table 1: households and population by sex, all persons incl. military, by shi/ku/machi/mura (Statistics Bureau, e-Stat)","e-Stat statInfId 000007914030, PDF page 38",machi (town); municipal boundary as of 1940-10-01
Taga,,Ibaraki,20010,1940-10-01,0,0,"Showa 15 (1940) Population Census, Table 1: households and population by sex, all persons incl. military, by shi/ku/machi/mura (Statistics Bureau, e-Stat)","e-Stat statInfId 000007914029, PDF page 24",machi (town); municipal boundary as of 1940-10-01
Tsukumi,,Oita,19940,1940-10-01,0,0,"Showa 15 (1940) Population Census, Table 1: households and population by sex, all persons incl. military, by shi/ku/machi/mura (Statistics Bureau, e-Stat)","e-Stat statInfId 000007914032, PDF page 23",machi (town); municipal boundary as of 1940-10-01
Moriyama,,Aichi,19936,1940-10-01,0,0,"Showa 15 (1940) Population Census, Table 1: households and population by sex, all persons incl. military, by shi/ku/machi/mura (Statistics Bureau, e-Stat)","e-Stat statInfId 000007914030, PDF page 36",machi (town); municipal boundary as of 1940-10-01
Katsuki,,Fukuoka,19895,1940-10-01,0,0,"Showa 15 (1940) Population Census, Table 1: households and population by sex, all persons incl. military, by shi/ku/machi/mura (Statistics Bureau, e-Stat)","e-Stat statInfId 000007914032, PDF page 11",machi (town); municipal boundary as of 1940-10-01
Yoichi,,Hokkaido,19855,1940-10-01,0,0,"Showa 15 (1940) Population Census, Table 1: households and population by sex, all persons incl. military, by shi/ku/machi/mura (Statistics Bureau, e-Stat)","e-Stat statInfId 000007914029, PDF page 2",machi (town); municipal boundary as of 1940-10-01
Mombetsu,,Hokkaido,19854,1940-10-01,0,0,"Showa 15 (1940) Population Census, Table 1: households and population by sex, all persons incl. military, by shi/ku/machi/mura (Statistics Bureau, e-Stat)","e-Stat statInfId 000007914029, PDF page 4",machi (town); municipal boundary as of 1940-10-01
Ebetsu,,Hokkaido,19759,1940-10-01,0,0,"Showa 15 (1940) Population Census, Table 1: households and population by sex, all persons incl. military, by shi/ku/machi/mura (Statistics Bureau, e-Stat)","e-Stat statInfId 000007914029, PDF page 1",machi (town); municipal boundary as of 1940-10-01
Keisen,,Fukuoka,19677,1940-10-01,0,0,"Showa 15 (1940) Population Census, Table 1: households and population by sex, all persons incl. military, by shi/ku/machi/mura (Statistics Bureau, e-Stat)","e-Stat statInfId 000007914032, PDF page 11",machi (town); municipal boundary as of 1940-10-01
Nishio,,Aichi,19597,1940-10-01,0,0,"Showa 15 (1940) Population Census, Table 1: households and population by sex, all persons incl. military, by shi/ku/machi/mura (Statistics Bureau, e-Stat)","e-Stat statInfId 000007914030, PDF page 39",machi (town); municipal boundary as of 1940-10-01
Haruki,,Osaka,19350,1940-10-01,0,0,"Showa 15 (1940) Population Census, Table 1: households and population by sex, all persons incl. military, by shi/ku/machi/mura (Statistics Bureau, e-Stat)","e-Stat statInfId 000007914031, PDF page 12",machi (town); municipal boundary as of 1940-10-01
Engaru,,Hokkaido,19292,1940-10-01,0,0,"Showa 15 (1940) Population Census, Table 1: households and population by sex, all persons incl. military, by shi/ku/machi/mura (Statistics Bureau, e-Stat)","e-Stat statInfId 000007914029, PDF page 4",machi (town); municipal boundary as of 1940-10-01
Tomishima,,Miyazaki,19260,1940-10-01,0,0,"Showa 15 (1940) Population Census, Table 1: households and population by sex, all persons incl. military, by shi/ku/machi/mura (Statistics Bureau, e-Stat)","e-Stat statInfId 000007914032, PDF page 25",machi (town); municipal boundary as of 1940-10-01; figure read visually from scan (OCR failed)
Ishioka,,Ibaraki,19257,1940-10-01,0,0,"Showa 15 (1940) Population Census, Table 1: households and population by sex, all persons incl. military, by shi/ku/machi/mura (Statistics Bureau, e-Stat)","e-Stat statInfId 000007914029, PDF page 26",machi (town); municipal boundary as of 1940-10-01
Suzaka,,Nagano,19202,1940-10-01,0,0,"Showa 15 (1940) Population Census, Table 1: households and population by sex, all persons incl. military, by shi/ku/machi/mura (Statistics Bureau, e-Stat)","e-Stat statInfId 000007914030, PDF page 28",machi (town); municipal boundary as of 1940-10-01
Komatsu,,Ishikawa,19139,1940-10-01,0,0,"Showa 15 (1940) Population Census, Table 1: households and population by sex, all persons incl. military, by shi/ku/machi/mura (Statistics Bureau, e-Stat)","e-Stat statInfId 000007914030, PDF page 17",machi (town); municipal boundary as of 1940-10-01
Kashiwara,,Osaka,19102,1940-10-01,0,0,"Showa 15 (1940) Population Census, Table 1: households and population by sex, all persons incl. military, by shi/ku/machi/mura (Statistics Bureau, e-Stat)","e-Stat statInfId 000007914031, PDF page 12",machi (town); municipal boundary as of 1940-10-01
Komatsushima,,Tokushima,18952,1940-10-01,0,0,"Showa 15 (1940) Population Census, Table 1: households and population by sex, all persons incl. military, by shi/ku/machi/mura (Statistics Bureau, e-Stat)","e-Stat statInfId 000007914032, PDF page 1",machi (town); municipal boundary as of 1940-10-01
Hamadera,,Osaka,18823,1940-10-01,0,0,"Showa 15 (1940) Population Census, Table 1: households and population by sex, all persons incl. military, by shi/ku/machi/mura (Statistics Bureau, e-Stat)","e-Stat statInfId 000007914031, PDF page 11",machi (town); municipal boundary as of 1940-10-01
Noda,,Chiba,18638,1940-10-01,0,0,"Showa 15 (1940) Population Census, Table 1: households and population by sex, all persons incl. military, by shi/ku/machi/mura (Statistics Bureau, e-Stat)","e-Stat statInfId 000007914030, PDF page 3",machi (town); municipal boundary as of 1940-10-01
Hitoyoshi,,Kumamoto,18556,1940-10-01,0,0,"Showa 15 (1940) Population Census, Table 1: households and population by sex, all persons incl. military, by shi/ku/machi/mura (Statistics Bureau, e-Stat)","e-Stat statInfId 000007914032, PDF page 20",machi (town); municipal boundary as of 1940-10-01
Kotoura,,Okayama,18555,1940-10-01,0,0,"Showa 15 (1940) Population Census, Table 1: households and population by sex, all persons incl. military, by shi/ku/machi/mura (Statistics Bureau, e-Stat)","e-Stat statInfId 000007914031, PDF page 29",machi (town); municipal boundary as of 1940-10-01
Mori,,Hokkaido,18527,1940-10-01,0,0,"Showa 15 (1940) Population Census, Table 1: households and population by sex, all persons incl. military, by shi/ku/machi/mura (Statistics Bureau, e-Stat)","e-Stat statInfId 000007914029, PDF page 3",machi (town); municipal boundary as of 1940-10-01
Ina,,Nagano,18507,1940-10-01,0,0,"Showa 15 (1940) Population Census, Table 1: households and population by sex, all persons incl. military, by shi/ku/machi/mura (Statistics Bureau, e-Stat)","e-Stat statInfId 000007914030, PDF page 25",machi (town); municipal boundary as of 1940-10-01
Umi,,Fukuoka,18461,1940-10-01,0,0,"Showa 15 (1940) Population Census, Table 1: households and population by sex, all persons incl. military, by shi/ku/machi/mura (Statistics Bureau, e-Stat)","e-Stat statInfId 000007914032, PDF page 10",machi (town); municipal boundary as of 1940-10-01
Odate,,Akita,18249,1940-10-01,0,0,"Showa 15 (1940) Population Census, Table 1: households and population by sex, all persons incl. military, by shi/ku/machi/mura (Statistics Bureau, e-Stat)","e-Stat statInfId 000007914029, PDF page 12",machi (town); municipal boundary as of 1940-10-01
Sukagawa,,Fukushima,18239,1940-10-01,0,0,"Showa 15 (1940) Population Census, Table 1: households and population by sex, all persons incl. military, by shi/ku/machi/mura (Statistics Bureau, e-Stat)","e-Stat statInfId 000007914029, PDF page 19",machi (town); municipal boundary as of 1940-10-01
Honjo,,Saitama,18092,1940-10-01,0,0,"Showa 15 (1940) Population Census, Table 1: households and population by sex, all persons incl. military, by shi/ku/machi/mura (Statistics Bureau, e-Stat)","e-Stat statInfId 000007914029, PDF page 34",machi (town); municipal boundary as of 1940-10-01
Himi,,Toyama,18051,1940-10-01,0,0,"Showa 15 (1940) Population Census, Table 1: households and population by sex, all persons incl. military, by shi/ku/machi/mura (Statistics Bureau, e-Stat)","e-Stat statInfId 000007914030, PDF page 15",machi (town); municipal boundary as of 1940-10-01
Tsuchizaki-minato,,Akita,18047,1940-10-01,0,0,"Showa 15 (1940) Population Census, Table 1: households and population by sex, all persons incl. military, by shi/ku/machi/mura (Statistics Bureau, e-Stat)","e-Stat statInfId 000007914029, PDF page 13",machi (town); municipal boundary as of 1940-10-01
Kesennuma,,Miyagi,17973,1940-10-01,0,0,"Showa 15 (1940) Population Census, Table 1: households and population by sex, all persons incl. military, by shi/ku/machi/mura (Statistics Bureau, e-Stat)","e-Stat statInfId 000007914029, PDF page 12",machi (town); municipal boundary as of 1940-10-01
Sakito,,Nagasaki,17924,1940-10-01,0,0,"Showa 15 (1940) Population Census, Table 1: households and population by sex, all persons incl. military, by shi/ku/machi/mura (Statistics Bureau, e-Stat)","e-Stat statInfId 000007914032, PDF page 16",machi (town); municipal boundary as of 1940-10-01
Sawara,,Chiba,17879,1940-10-01,0,0,"Showa 15 (1940) Population Census, Table 1: households and population by sex, all persons incl. military, by shi/ku/machi/mura (Statistics Bureau, e-Stat)","e-Stat statInfId 000007914030, PDF page 4",machi (town); municipal boundary as of 1940-10-01
Sano,,Tochigi,17873,1940-10-01,0,0,"Showa 15 (1940) Population Census, Table 1: households and population by sex, all persons incl. military, by shi/ku/machi/mura (Statistics Bureau, e-Stat)","e-Stat statInfId 000007914029, PDF page 29",machi (town); municipal boundary as of 1940-10-01
Ondo,,Hiroshima,17870,1940-10-01,0,0,"Showa 15 (1940) Population Census, Table 1: households and population by sex, all persons incl. military, by shi/ku/machi/mura (Statistics Bureau, e-Stat)","e-Stat statInfId 000007914031, PDF page 33",machi (town); municipal boundary as of 1940-10-01
Kanonji,,Kagawa,17843,1940-10-01,0,0,"Showa 15 (1940) Population Census, Table 1: households and population by sex, all persons incl. military, by shi/ku/machi/mura (Statistics Bureau, e-Stat)","e-Stat statInfId 000007914032, PDF page 4",machi (town); municipal boundary as of 1940-10-01; figure read visually from scan (OCR failed)
Kawanabe,,Kagoshima,17817,1940-10-01,0,0,"Showa 15 (1940) Population Census, Table 1: households and population by sex, all persons incl. military, by shi/ku/machi/mura (Statistics Bureau, e-Stat)","e-Stat statInfId 000007914032, PDF page 26",machi (town); municipal boundary as of 1940-10-01
Date,,Hokkaido,17621,1940-10-01,0,0,"Showa 15 (1940) Population Census, Table 1: households and population by sex, all persons incl. military, by shi/ku/machi/mura (Statistics Bureau, e-Stat)","e-Stat statInfId 000007914029, PDF page 3",machi (town); municipal boundary as of 1940-10-01
Shimosuwa,,Nagano,17619,1940-10-01,0,0,"Showa 15 (1940) Population Census, Table 1: households and population by sex, all persons incl. military, by shi/ku/machi/mura (Statistics Bureau, e-Stat)","e-Stat statInfId 000007914030, PDF page 25",machi (town); municipal boundary as of 1940-10-01
Isshiki,,Aichi,17554,1940-10-01,0,0,"Showa 15 (1940) Population Census, Table 1: households and population by sex, all persons incl. military, by shi/ku/machi/mura (Statistics Bureau, e-Stat)","e-Stat statInfId 000007914030, PDF page 39",machi (town); municipal boundary as of 1940-10-01
Shari,,Hokkaido,17552,1940-10-01,0,0,"Showa 15 (1940) Population Census, Table 1: households and population by sex, all persons incl. military, by shi/ku/machi/mura (Statistics Bureau, e-Stat)","e-Stat statInfId 000007914029, PDF page 4",machi (town); municipal boundary as of 1940-10-01
Shuri,Naha,Okinawa,17537,1940-10-01,0,0,"Showa 15 (1940) Population Census, Table 1: households and population by sex, all persons incl. military, by shi/ku/machi/mura (Statistics Bureau, e-Stat)","e-Stat statInfId 000007914032, PDF page 28",shi (city) 首里市; municipal boundary as of 1940-10-01
Tambaichi,,Nara,17504,1940-10-01,0,0,"Showa 15 (1940) Population Census, Table 1: households and population by sex, all persons incl. military, by shi/ku/machi/mura (Statistics Bureau, e-Stat)","e-Stat statInfId 000007914031, PDF page 18",machi (town); municipal boundary as of 1940-10-01
Soeda,,Fukuoka,17430,1940-10-01,0,0,"Showa 15 (1940) Population Census, Table 1: households and population by sex, all persons incl. military, by shi/ku/machi/mura (Statistics Bureau, e-Stat)","e-Stat statInfId 000007914032, PDF page 13",machi (town); municipal boundary as of 1940-10-01
Tatebayashi,,Gumma,17412,1940-10-01,0,0,"Showa 15 (1940) Population Census, Table 1: households and population by sex, all persons incl. military, by shi/ku/machi/mura (Statistics Bureau, e-Stat)","e-Stat statInfId 000007914029, PDF page 32",machi (town); municipal boundary as of 1940-10-01
Nakatsu,,Gifu,17368,1940-10-01,0,0,"Showa 15 (1940) Population Census, Table 1: households and population by sex, all persons incl. military, by shi/ku/machi/mura (Statistics Bureau, e-Stat)","e-Stat statInfId 000007914030, PDF page 32",machi (town); municipal boundary as of 1940-10-01
Sakurai,,Toyama,17326,1940-10-01,0,0,"Showa 15 (1940) Population Census, Table 1: households and population by sex, all persons incl. military, by shi/ku/machi/mura (Statistics Bureau, e-Stat)","e-Stat statInfId 000007914030, PDF page 14",machi (town); municipal boundary as of 1940-10-01
Gamagori,,Aichi,17285,1940-10-01,0,0,"Showa 15 (1940) Population Census, Table 1: households and population by sex, all persons incl. military, by shi/ku/machi/mura (Statistics Bureau, e-Stat)","e-Stat statInfId 000007914030, PDF page 40",machi (town); municipal boundary as of 1940-10-01
Toyohira,,Hokkaido,17268,1940-10-01,0,0,"Showa 15 (1940) Population Census, Table 1: households and population by sex, all persons incl. military, by shi/ku/machi/mura (Statistics Bureau, e-Stat)","e-Stat statInfId 000007914029, PDF page 1",machi (town); municipal boundary as of 1940-10-01
Koyama,,Kagoshima,17256,1940-10-01,0,0,"Showa 15 (1940) Population Census, Table 1: households and population by sex, all persons incl. military, by shi/ku/machi/mura (Statistics Bureau, e-Stat)","e-Stat statInfId 000007914032, PDF page 27",machi (town); municipal boundary as of 1940-10-01
Kaseda,,Kagoshima,17237,1940-10-01,0,0,"Showa 15 (1940) Population Census, Table 1: households and population by sex, all persons incl. military, by shi/ku/machi/mura (Statistics Bureau, e-Stat)","e-Stat statInfId 000007914032, PDF page 26",machi (town); municipal boundary as of 1940-10-01
Muya,,Tokushima,17228,1940-10-01,0,0,"Showa 15 (1940) Population Census, Table 1: households and population by sex, all persons incl. military, by shi/ku/machi/mura (Statistics Bureau, e-Stat)","e-Stat statInfId 000007914032, PDF page 1",machi (town); municipal boundary as of 1940-10-01
Takada,,Nara,17163,1940-10-01,0,0,"Showa 15 (1940) Population Census, Table 1: households and population by sex, all persons incl. military, by shi/ku/machi/mura (Statistics Bureau, e-Stat)","e-Stat statInfId 000007914031, PDF page 19",machi (town); municipal boundary as of 1940-10-01
Bihoro,,Hokkaido,17041,1940-10-01,0,0,"Showa 15 (1940) Population Census, Table 1: households and population by sex, all persons incl. military, by shi/ku/machi/mura (Statistics Bureau, e-Stat)","e-Stat statInfId 000007914029, PDF page 4",machi (town); municipal boundary as of 1940-10-01
Nayoro,,Hokkaido,17023,1940-10-01,0,0,"Showa 15 (1940) Population Census, Table 1: households and population by sex, all persons incl. military, by shi/ku/machi/mura (Statistics Bureau, e-Stat)","e-Stat statInfId 000007914029, PDF page 2",machi (town); municipal boundary as of 1940-10-01
Yao,,Osaka,16977,1940-10-01,0,0,"Showa 15 (1940) Population Census, Table 1: households and population by sex, all persons incl. military, by shi/ku/machi/mura (Statistics Bureau, e-Stat)","e-Stat statInfId 000007914031, PDF page 12",machi (town); municipal boundary as of 1940-10-01
Hanamaki,,Iwate,16953,1940-10-01,0,0,"Showa 15 (1940) Population Census, Table 1: households and population by sex, all persons incl. military, by shi/ku/machi/mura (Statistics Bureau, e-Stat)","e-Stat statInfId 000007914029, PDF page 7",machi (town); municipal boundary as of 1940-10-01
Kurayoshi,,Tottori,16946,1940-10-01,0,0,"Showa 15 (1940) Population Census, Table 1: households and population by sex, all persons incl. military, by shi/ku/machi/mura (Statistics Bureau, e-Stat)","e-Stat statInfId 000007914031, PDF page 24",machi (town); municipal boundary as of 1940-10-01
Inazawa,,Aichi,16883,1940-10-01,0,0,"Showa 15 (1940) Population Census, Table 1: households and population by sex, all persons incl. military, by shi/ku/machi/mura (Statistics Bureau, e-Stat)","e-Stat statInfId 000007914030, PDF page 38",machi (town); municipal boundary as of 1940-10-01
Ashigara,,Kanagawa,16807,1940-10-01,0,0,"Showa 15 (1940) Population Census, Table 1: households and population by sex, all persons incl. military, by shi/ku/machi/mura (Statistics Bureau, e-Stat)","e-Stat statInfId 000007914030, PDF page 8",machi (town); municipal boundary as of 1940-10-01
Ryuge,,Osaka,16761,1940-10-01,0,0,"Showa 15 (1940) Population Census, Table 1: households and population by sex, all persons incl. military, by shi/ku/machi/mura (Statistics Bureau, e-Stat)","e-Stat statInfId 000007914031, PDF page 13",machi (town); municipal boundary as of 1940-10-01
Maruyama,,Hokkaido,16724,1940-10-01,0,0,"Showa 15 (1940) Population Census, Table 1: households and population by sex, all persons incl. military, by shi/ku/machi/mura (Statistics Bureau, e-Stat)","e-Stat statInfId 000007914029, PDF page 1",machi (town); municipal boundary as of 1940-10-01
Kochino,,Aichi,16620,1940-10-01,0,0,"Showa 15 (1940) Population Census, Table 1: households and population by sex, all persons incl. military, by shi/ku/machi/mura (Statistics Bureau, e-Stat)","e-Stat statInfId 000007914030, PDF page 38",machi (town); municipal boundary as of 1940-10-01
Hakozaki,,Fukuoka,16454,1940-10-01,0,0,"Showa 15 (1940) Population Census, Table 1: households and population by sex, all persons incl. military, by shi/ku/machi/mura (Statistics Bureau, e-Stat)","e-Stat statInfId 000007914032, PDF page 10",machi (town); municipal boundary as of 1940-10-01
Fuchu,,Tokyo,16436,1940-10-01,0,0,"Showa 15 (1940) Population Census, Table 1: households and population by sex, all persons incl. military, by shi/ku/machi/mura (Statistics Bureau, e-Stat)","e-Stat statInfId 000007914030, PDF page 6",machi (town); municipal boundary as of 1940-10-01
Nagahama,,Shiga,16409,1940-10-01,0,0,"Showa 15 (1940) Population Census, Table 1: households and population by sex, all persons incl. military, by shi/ku/machi/mura (Statistics Bureau, e-Stat)","e-Stat statInfId 000007914031, PDF page 7",machi (town); municipal boundary as of 1940-10-01
Takikawa,,Hokkaido,16353,1940-10-01,0,0,"Showa 15 (1940) Population Census, Table 1: households and population by sex, all persons incl. military, by shi/ku/machi/mura (Statistics Bureau, e-Stat)","e-Stat statInfId 000007914029, PDF page 1",machi (town); municipal boundary as of 1940-10-01
Kisarazu,,Chiba,16288,1940-10-01,0,0,"Showa 15 (1940) Population Census, Table 1: households and population by sex, all persons incl. military, by shi/ku/machi/mura (Statistics Bureau, e-Stat)","e-Stat statInfId 000007914030, PDF page 2",machi (town); municipal boundary as of 1940-10-01
Kawanishi,,Hyogo,16243,1940-10-01,0,0,"Showa 15 (1940) Population Census, Table 1: households and population by sex, all persons incl. military, by shi/ku/machi/mura (Statistics Bureau, e-Stat)","e-Stat statInfId 000007914031, PDF page 13",machi (town); municipal boundary as of 1940-10-01
Saganoseki,,Oita,16234,1940-10-01,0,0,"Showa 15 (1940) Population Census, Table 1: households and population by sex, all persons incl. military, by shi/ku/machi/mura (Statistics Bureau, e-Stat)","e-Stat statInfId 000007914032, PDF page 23",machi (town); municipal boundary as of 1940-10-01
Takaishi,,Osaka,16232,1940-10-01,0,0,"Showa 15 (1940) Population Census, Table 1: households and population by sex, all persons incl. military, by shi/ku/machi/mura (Statistics Bureau, e-Stat)","e-Stat statInfId 000007914031, PDF page 11",machi (town); municipal boundary as of 1940-10-01
Setaka,,Fukuoka,16178,1940-10-01,0,0,"Showa 15 (1940) Population Census, Table 1: households and population by sex, all persons incl. military, by shi/ku/machi/mura (Statistics Bureau, e-Stat)","e-Stat statInfId 000007914032, PDF page 13",machi (town); municipal boundary as of 1940-10-01
Shime,,Fukuoka,16172,1940-10-01,0,0,"Showa 15 (1940) Population Census, Table 1: households and population by sex, all persons incl. military, by shi/ku/machi/mura (Statistics Bureau, e-Stat)","e-Stat statInfId 000007914032, PDF page 10",machi (town); municipal boundary as of 1940-10-01
Izumi,,Kagoshima,16154,1940-10-01,0,0,"Showa 15 (1940) Population Census, Table 1: households and population by sex, all persons incl. military, by shi/ku/machi/mura (Statistics Bureau, e-Stat)","e-Stat statInfId 000007914032, PDF page 27",machi (town); municipal boundary as of 1940-10-01
Hamada,,Shimane,16131,1940-10-01,0,0,"Showa 15 (1940) Population Census, Table 1: households and population by sex, all persons incl. military, by shi/ku/machi/mura (Statistics Bureau, e-Stat)","e-Stat statInfId 000007914031, PDF page 27",machi (town); municipal boundary as of 1940-10-01
Yakumo,,Hokkaido,16119,1940-10-01,0,0,"Showa 15 (1940) Population Census, Table 1: households and population by sex, all persons incl. military, by shi/ku/machi/mura (Statistics Bureau, e-Stat)","e-Stat statInfId 000007914029, PDF page 3",machi (town); municipal boundary as of 1940-10-01
Yanai,,Yamaguchi,16017,1940-10-01,0,0,"Showa 15 (1940) Population Census, Table 1: households and population by sex, all persons incl. military, by shi/ku/machi/mura (Statistics Bureau, e-Stat)","e-Stat statInfId 000007914031, PDF page 37",machi (town); municipal boundary as of 1940-10-01
Fuji,,Shizuoka,15993,1940-10-01,0,0,"Showa 15 (1940) Population Census, Table 1: households and population by sex, all persons incl. military, by shi/ku/machi/mura (Statistics Bureau, e-Stat)","e-Stat statInfId 000007914030, PDF page 34",machi (town); municipal boundary as of 1940-10-01
Hida,,Oita,15985,1940-10-01,0,0,"Showa 15 (1940) Population Census, Table 1: households and population by sex, all persons incl. military, by shi/ku/machi/mura (Statistics Bureau, e-Stat)","e-Stat statInfId 000007914032, PDF page 24",machi (town); municipal boundary as of 1940-10-01
Iwanai,,Hokkaido,15956,1940-10-01,0,0,"Showa 15 (1940) Population Census, Table 1: households and population by sex, all persons incl. military, by shi/ku/machi/mura (Statistics Bureau, e-Stat)","e-Stat statInfId 000007914029, PDF page 2",machi (town); municipal boundary as of 1940-10-01
Akaho,,Nagano,15836,1940-10-01,0,0,"Showa 15 (1940) Population Census, Table 1: households and population by sex, all persons incl. military, by shi/ku/machi/mura (Statistics Bureau, e-Stat)","e-Stat statInfId 000007914030, PDF page 25",machi (town); municipal boundary as of 1940-10-01
Furano,,Hokkaido,15810,1940-10-01,0,0,"Showa 15 (1940) Population Census, Table 1: households and population by sex, all persons incl. military, by shi/ku/machi/mura (Statistics Bureau, e-Stat)","e-Stat statInfId 000007914029, PDF page 2",machi (town); municipal boundary as of 1940-10-01
Owashi,,Mie,15756,1940-10-01,0,0,"Showa 15 (1940) Population Census, Table 1: households and population by sex, all persons incl. military, by shi/ku/machi/mura (Statistics Bureau, e-Stat)","e-Stat statInfId 000007914031, PDF page 4",machi (town); municipal boundary as of 1940-10-01
Kameda,,Niigata,15750,1940-10-01,0,0,"Showa 15 (1940) Population Census, Table 1: households and population by sex, all persons incl. military, by shi/ku/machi/mura (Statistics Bureau, e-Stat)","e-Stat statInfId 000007914030, PDF page 10",machi (town); municipal boundary as of 1940-10-01
Yuki,,Ibaraki,15737,1940-10-01,0,0,"Showa 15 (1940) Population Census, Table 1: households and population by sex, all persons incl. military, by shi/ku/machi/mura (Statistics Bureau, e-Stat)","e-Stat statInfId 000007914029, PDF page 26",machi (town); municipal boundary as of 1940-10-01
Gosen,,Niigata,15668,1940-10-01,0,0,"Showa 15 (1940) Population Census, Table 1: households and population by sex, all persons incl. military, by shi/ku/machi/mura (Statistics Bureau, e-Stat)","e-Stat statInfId 000007914030, PDF page 10",machi (town); municipal boundary as of 1940-10-01
Shimoyoshida,,Yamanashi,15607,1940-10-01,0,0,"Showa 15 (1940) Population Census, Table 1: households and population by sex, all persons incl. military, by shi/ku/machi/mura (Statistics Bureau, e-Stat)","e-Stat statInfId 000007914030, PDF page 23",machi (town); municipal boundary as of 1940-10-01
Naoetsu,,Niigata,15487,1940-10-01,0,0,"Showa 15 (1940) Population Census, Table 1: households and population by sex, all persons incl. military, by shi/ku/machi/mura (Statistics Bureau, e-Stat)","e-Stat statInfId 000007914030, PDF page 12",machi (town); municipal boundary as of 1940-10-01
Mitsuke,,Niigata,15467,1940-10-01,0,0,"Showa 15 (1940) Population Census, Table 1: households and population by sex, all persons incl. military, by shi/ku/machi/mura (Statistics Bureau, e-Stat)","e-Stat statInfId 000007914030, PDF page 10",machi (town); municipal boundary as of 1940-10-01
Takasago,,Hyogo,15466,1940-10-01,0,0,"Showa 15 (1940) Population Census, Table 1: households and population by sex, all persons incl. military, by shi/ku/machi/mura (Statistics Bureau, e-Stat)","e-Stat statInfId 000007914031, PDF page 15",machi (town); municipal boundary as of 1940-10-01
Itoda,,Fukuoka,15428,1940-10-01,0,0,"Showa 15 (1940) Population Census, Table 1: households and population by sex, all persons incl. military, by shi/ku/machi/mura (Statistics Bureau, e-Stat)","e-Stat statInfId 000007914032, PDF page 13",machi (town); municipal boundary as of 1940-10-01
Okawa,,Fukuoka,15408,1940-10-01,0,0,"Showa 15 (1940) Population Census, Table 1: households and population by sex, all persons incl. military, by shi/ku/machi/mura (Statistics Bureau, e-Stat)","e-Stat statInfId 000007914032, PDF page 12",machi (town); municipal boundary as of 1940-10-01
Zentsuji,,Kagawa,15405,1940-10-01,0,0,"Showa 15 (1940) Population Census, Table 1: households and population by sex, all persons incl. military, by shi/ku/machi/mura (Statistics Bureau, e-Stat)","e-Stat statInfId 000007914032, PDF page 4",machi (town); municipal boundary as of 1940-10-01
Biei,,Hokkaido,15374,1940-10-01,0,0,"Showa 15 (1940) Population Census, Table 1: households and population by sex, all persons incl. military, by shi/ku/machi/mura (Statistics Bureau, e-Stat)","e-Stat statInfId 000007914029, PDF page 2",machi (town); municipal boundary as of 1940-10-01
Shibetsu,,Hokkaido,15270,1940-10-01,0,0,"Showa 15 (1940) Population Census, Table 1: households and population by sex, all persons incl. military, by shi/ku/machi/mura (Statistics Bureau, e-Stat)","e-Stat statInfId 000007914029, PDF page 2",machi (town); municipal boundary as of 1940-10-01
Shibukawa,,Gumma,15264,1940-10-01,0,0,"Showa 15 (1940) Population Census, Table 1: households and population by sex, all persons incl. military, by shi/ku/machi/mura (Statistics Bureau, e-Stat)","e-Stat statInfId 000007914029, PDF page 30",machi (town); municipal boundary as of 1940-10-01
Iino,,Miyazaki,15195,1940-10-01,0,0,"Showa 15 (1940) Population Census, Table 1: households and population by sex, all persons incl. military, by shi/ku/machi/mura (Statistics Bureau, e-Stat)","e-Stat statInfId 000007914032, PDF page 25",machi (town); municipal boundary as of 1940-10-01
Tanabu,,Aomori,15165,1940-10-01,0,0,"Showa 15 (1940) Population Census, Table 1: households and population by sex, all persons incl. military, by shi/ku/machi/mura (Statistics Bureau, e-Stat)","e-Stat statInfId 000007914029, PDF page 6",machi (town); municipal boundary as of 1940-10-01
Nakaminato,,Ibaraki,15138,1940-10-01,0,0,"Showa 15 (1940) Population Census, Table 1: households and population by sex, all persons incl. military, by shi/ku/machi/mura (Statistics Bureau, e-Stat)","e-Stat statInfId 000007914029, PDF page 24",machi (town); municipal boundary as of 1940-10-01
Takachiho,,Yamaguchi,15101,1940-10-01,0,0,"Showa 15 (1940) Population Census, Table 1: households and population by sex, all persons incl. military, by shi/ku/machi/mura (Statistics Bureau, e-Stat)","e-Stat statInfId 000007914031, PDF page 38",machi (town); municipal boundary as of 1940-10-01
Yachimata,,Chiba,15054,1940-10-01,0,0,"Showa 15 (1940) Population Census, Table 1: households and population by sex, all persons incl. military, by shi/ku/machi/mura (Statistics Bureau, e-Stat)","e-Stat statInfId 000007914030, PDF page 4",machi (town); municipal boundary as of 1940-10-01
Onahama,,Fukushima,15033,1940-10-01,0,0,"Showa 15 (1940) Population Census, Table 1: households and population by sex, all persons incl. military, by shi/ku/machi/mura (Statistics Bureau, e-Stat)","e-Stat statInfId 000007914029, PDF page 22",machi (town); municipal boundary as of 1940-10-01; figure read visually from scan (OCR failed)
Toyooka,,Hyogo,15032,1940-10-01,0,0,"Showa 15 (1940) Population Census, Table 1: households and population by sex, all persons incl. military, by shi/ku/machi/mura (Statistics Bureau, e-Stat)","e-Stat statInfId 000007914031, PDF page 16",machi (town); municipal boundary as of 1940-10-01
Ozu,,Ehime,14940,1940-10-01,0,0,"Showa 15 (1940) Population Census, Table 1: households and population by sex, all persons incl. military, by shi/ku/machi/mura (Statistics Bureau, e-Stat)","e-Stat statInfId 000007914032, PDF page 6",machi (town); municipal boundary as of 1940-10-01
Misaki,,Kanagawa,14913,1940-10-01,0,0,"Showa 15 (1940) Population Census, Table 1: households and population by sex, all persons incl. military, by shi/ku/machi/mura (Statistics Bureau, e-Stat)","e-Stat statInfId 000007914030, PDF page 7",machi (town); municipal boundary as of 1940-10-01
Ishigaki,,Okinawa,14869,1940-10-01,0,0,"Showa 15 (1940) Population Census, Table 1: households and population by sex, all persons incl. military, by shi/ku/machi/mura (Statistics Bureau, e-Stat)","e-Stat statInfId 000007914032, PDF page 29",machi (town); municipal boundary as of 1940-10-01
Kasaoka,,Okayama,14863,1940-10-01,0,0,"Showa 15 (1940) Population Census, Table 1: households and population by sex, all persons incl. military, by shi/ku/machi/mura (Statistics Bureau, e-Stat)","e-Stat statInfId 000007914031, PDF page 30",machi (town); municipal boundary as of 1940-10-01
Kajiki,,Kagoshima,14862,1940-10-01,0,0,"Showa 15 (1940) Population Census, Table 1: households and population by sex, all persons incl. military, by shi/ku/machi/mura (Statistics Bureau, e-Stat)","e-Stat statInfId 000007914032, PDF page 27",machi (town); municipal boundary as of 1940-10-01
Takahama,,Aichi,14819,1940-10-01,0,0,"Showa 15 (1940) Population Census, Table 1: households and population by sex, all persons incl. military, by shi/ku/machi/mura (Statistics Bureau, e-Stat)","e-Stat statInfId 000007914030, PDF page 39",machi (town); municipal boundary as of 1940-10-01
Narumi,,Aichi,14815,1940-10-01,0,0,"Showa 15 (1940) Population Census, Table 1: households and population by sex, all persons incl. military, by shi/ku/machi/mura (Statistics Bureau, e-Stat)","e-Stat statInfId 000007914030, PDF page 36",machi (town); municipal boundary as of 1940-10-01
Minoshima,,Wakayama,14801,1940-10-01,0,0,"Showa 15 (1940) Population Census, Table 1: households and population by sex, all persons incl. military, by shi/ku/machi/mura (Statistics Bureau, e-Stat)","e-Stat statInfId 000007914031, PDF page 21",machi (town); municipal boundary as of 1940-10-01
Sango,,Osaka,14700,1940-10-01,0,0,"Showa 15 (1940) Population Census, Table 1: households and population by sex, all persons incl. military, by shi/ku/machi/mura (Statistics Bureau, e-Stat)","e-Stat statInfId 000007914031, PDF page 13",machi (town); municipal boundary as of 1940-10-01
Oyama,,Tochigi,14662,1940-10-01,0,0,"Showa 15 (1940) Population Census, Table 1: households and population by sex, all persons incl. military, by shi/ku/machi/mura (Statistics Bureau, e-Stat)","e-Stat statInfId 000007914029, PDF page 28",machi (town); municipal boundary as of 1940-10-01
Yono,,Saitama,14622,1940-10-01,0,0,"Showa 15 (1940) Population Census, Table 1: households and population by sex, all persons incl. military, by shi/ku/machi/mura (Statistics Bureau, e-Stat)","e-Stat statInfId 000007914029, PDF page 32",machi (town); municipal boundary as of 1940-10-01
Komenotsu,,Kagoshima,14618,1940-10-01,0,0,"Showa 15 (1940) Population Census, Table 1: households and population by sex, all persons incl. military, by shi/ku/machi/mura (Statistics Bureau, e-Stat)","e-Stat statInfId 000007914032, PDF page 27",machi (town); municipal boundary as of 1940-10-01
Tomisubara,,Mie,14616,1940-10-01,0,0,"Showa 15 (1940) Population Census, Table 1: households and population by sex, all persons incl. military, by shi/ku/machi/mura (Statistics Bureau, e-Stat)","e-Stat statInfId 000007914031, PDF page 2",machi (town); municipal boundary as of 1940-10-01
Kosaka,,Akita,14530,1940-10-01,0,0,"Showa 15 (1940) Population Census, Table 1: households and population by sex, all persons incl. military, by shi/ku/machi/mura (Statistics Bureau, e-Stat)","e-Stat statInfId 000007914029, PDF page 12",machi (town); municipal boundary as of 1940-10-01
Nakamura,,Fukushima,14521,1940-10-01,0,0,"Showa 15 (1940) Population Census, Table 1: households and population by sex, all persons incl. military, by shi/ku/machi/mura (Statistics Bureau, e-Stat)","e-Stat statInfId 000007914029, PDF page 22",machi (town); municipal boundary as of 1940-10-01
Takanabe,,Miyazaki,14434,1940-10-01,0,0,"Showa 15 (1940) Population Census, Table 1: households and population by sex, all persons incl. military, by shi/ku/machi/mura (Statistics Bureau, e-Stat)","e-Stat statInfId 000007914032, PDF page 25",machi (town); municipal boundary as of 1940-10-01
Atsukeshi,,Hokkaido,14389,1940-10-01,0,0,"Showa 15 (1940) Population Census, Table 1: households and population by sex, all persons incl. military, by shi/ku/machi/mura (Statistics Bureau, e-Stat)","e-Stat statInfId 000007914029, PDF page 3",machi (town); municipal boundary as of 1940-10-01
Inuyama,,Aichi,14350,1940-10-01,0,0,"Showa 15 (1940) Population Census, Table 1: households and population by sex, all persons incl. military, by shi/ku/machi/mura (Statistics Bureau, e-Stat)","e-Stat statInfId 000007914030, PDF page 38",machi (town); municipal boundary as of 1940-10-01
Asa,,Yamaguchi,14331,1940-10-01,0,0,"Showa 15 (1940) Population Census, Table 1: households and population by sex, all persons incl. military, by shi/ku/machi/mura (Statistics Bureau, e-Stat)","e-Stat statInfId 000007914031, PDF page 38",machi (town); municipal boundary as of 1940-10-01
Kodake,,Fukuoka,14321,1940-10-01,0,0,"Showa 15 (1940) Population Census, Table 1: households and population by sex, all persons incl. military, by shi/ku/machi/mura (Statistics Bureau, e-Stat)","e-Stat statInfId 000007914032, PDF page 11",machi (town); municipal boundary as of 1940-10-01
Kamiiso,,Hokkaido,14315,1940-10-01,0,0,"Showa 15 (1940) Population Census, Table 1: households and population by sex, all persons incl. military, by shi/ku/machi/mura (Statistics Bureau, e-Stat)","e-Stat statInfId 000007914029, PDF page 3",machi (town); municipal boundary as of 1940-10-01
Numata,,Gumma,14302,1940-10-01,0,0,"Showa 15 (1940) Population Census, Table 1: households and population by sex, all persons incl. military, by shi/ku/machi/mura (Statistics Bureau, e-Stat)","e-Stat statInfId 000007914029, PDF page 31",machi (town); municipal boundary as of 1940-10-01
Honjo,,Akita,14262,1940-10-01,0,0,"Showa 15 (1940) Population Census, Table 1: households and population by sex, all persons incl. military, by shi/ku/machi/mura (Statistics Bureau, e-Stat)","e-Stat statInfId 000007914029, PDF page 13",machi (town); municipal boundary as of 1940-10-01
Mizusawa,,Iwate,14195,1940-10-01,0,0,"Showa 15 (1940) Population Census, Table 1: households and population by sex, all persons incl. military, by shi/ku/machi/mura (Statistics Bureau, e-Stat)","e-Stat statInfId 000007914029, PDF page 7",machi (town); municipal boundary as of 1940-10-01
Warabi,,Saitama,14178,1940-10-01,0,0,"Showa 15 (1940) Population Census, Table 1: households and population by sex, all persons incl. military, by shi/ku/machi/mura (Statistics Bureau, e-Stat)","e-Stat statInfId 000007914029, PDF page 32",machi (town); municipal boundary as of 1940-10-01
Fushiki,,Toyama,14132,1940-10-01,0,0,"Showa 15 (1940) Population Census, Table 1: households and population by sex, all persons incl. military, by shi/ku/machi/mura (Statistics Bureau, e-Stat)","e-Stat statInfId 000007914030, PDF page 15",machi (town); municipal boundary as of 1940-10-01
Okuchi,,Kagoshima,14123,1940-10-01,0,0,"Showa 15 (1940) Population Census, Table 1: households and population by sex, all persons incl. military, by shi/ku/machi/mura (Statistics Bureau, e-Stat)","e-Stat statInfId 000007914032, PDF page 27",machi (town); municipal boundary as of 1940-10-01; figure read visually from scan (OCR failed)
Tosu,,Saga,14028,1940-10-01,0,0,"Showa 15 (1940) Population Census, Table 1: households and population by sex, all persons incl. military, by shi/ku/machi/mura (Statistics Bureau, e-Stat)","e-Stat statInfId 000007914032, PDF page 14",machi (town); municipal boundary as of 1940-10-01
Akaike,,Fukuoka,14025,1940-10-01,0,0,"Showa 15 (1940) Population Census, Table 1: households and population by sex, all persons incl. military, by shi/ku/machi/mura (Statistics Bureau, e-Stat)","e-Stat statInfId 000007914032, PDF page 13",machi (town); municipal boundary as of 1940-10-01
Gobo,,Wakayama,13988,1940-10-01,0,0,"Showa 15 (1940) Population Census, Table 1: households and population by sex, all persons incl. military, by shi/ku/machi/mura (Statistics Bureau, e-Stat)","e-Stat statInfId 000007914031, PDF page 21",machi (town); municipal boundary as of 1940-10-01
Obu,,Aichi,13967,1940-10-01,0,0,"Showa 15 (1940) Population Census, Table 1: households and population by sex, all persons incl. military, by shi/ku/machi/mura (Statistics Bureau, e-Stat)","e-Stat statInfId 000007914030, PDF page 38",machi (town); municipal boundary as of 1940-10-01
Furukawa,,Miyagi,13939,1940-10-01,0,0,"Showa 15 (1940) Population Census, Table 1: households and population by sex, all persons incl. military, by shi/ku/machi/mura (Statistics Bureau, e-Stat)","e-Stat statInfId 000007914029, PDF page 11",machi (town); municipal boundary as of 1940-10-01
Seki,,Gifu,13935,1940-10-01,0,0,"Showa 15 (1940) Population Census, Table 1: households and population by sex, all persons incl. military, by shi/ku/machi/mura (Statistics Bureau, e-Stat)","e-Stat statInfId 000007914030, PDF page 31",machi (town); municipal boundary as of 1940-10-01
Naka,,Fukuoka,13893,1940-10-01,0,0,"Showa 15 (1940) Population Census, Table 1: households and population by sex, all persons incl. military, by shi/ku/machi/mura (Statistics Bureau, e-Stat)","e-Stat statInfId 000007914032, PDF page 11",machi (town); municipal boundary as of 1940-10-01
Fukaya,,Saitama,13863,1940-10-01,0,0,"Showa 15 (1940) Population Census, Table 1: households and population by sex, all persons incl. military, by shi/ku/machi/mura (Statistics Bureau, e-Stat)","e-Stat statInfId 000007914029, PDF page 34",machi (town); municipal boundary as of 1940-10-01
Izaku,,Kagoshima,13845,1940-10-01,0,0,"Showa 15 (1940) Population Census, Table 1: households and population by sex, all persons incl. military, by shi/ku/machi/mura (Statistics Bureau, e-Stat)","e-Stat statInfId 000007914032, PDF page 26",machi (town); municipal boundary as of 1940-10-01
Imaichi,,Tochigi,13826,1940-10-01,0,0,"Showa 15 (1940) Population Census, Table 1: households and population by sex, all persons incl. military, by shi/ku/machi/mura (Statistics Bureau, e-Stat)","e-Stat statInfId 000007914029, PDF page 28",machi (town); municipal boundary as of 1940-10-01
Nago,,Okinawa,13820,1940-10-01,0,0,"Showa 15 (1940) Population Census, Table 1: households and population by sex, all persons incl. military, by shi/ku/machi/mura (Statistics Bureau, e-Stat)","e-Stat statInfId 000007914032, PDF page 29",machi (town); municipal boundary as of 1940-10-01
Sambongi,,Aomori,13816,1940-10-01,0,0,"Showa 15 (1940) Population Census, Table 1: households and population by sex, all persons incl. military, by shi/ku/machi/mura (Statistics Bureau, e-Stat)","e-Stat statInfId 000007914029, PDF page 6",machi (town); municipal boundary as of 1940-10-01
Hikari,,Yamaguchi,13754,1940-10-01,0,0,"Showa 15 (1940) Population Census, Table 1: households and population by sex, all persons incl. military, by shi/ku/machi/mura (Statistics Bureau, e-Stat)","e-Stat statInfId 000007914031, PDF page 38",machi (town); municipal boundary as of 1940-10-01
Omine,,Yamaguchi,13723,1940-10-01,0,0,"Showa 15 (1940) Population Census, Table 1: households and population by sex, all persons incl. military, by shi/ku/machi/mura (Statistics Bureau, e-Stat)","e-Stat statInfId 000007914031, PDF page 39",machi (town); municipal boundary as of 1940-10-01
Hayato,,Kagoshima,13685,1940-10-01,0,0,"Showa 15 (1940) Population Census, Table 1: households and population by sex, all persons incl. military, by shi/ku/machi/mura (Statistics Bureau, e-Stat)","e-Stat statInfId 000007914032, PDF page 27",machi (town); municipal boundary as of 1940-10-01
Koyama,,Shizuoka,13681,1940-10-01,0,0,"Showa 15 (1940) Population Census, Table 1: households and population by sex, all persons incl. military, by shi/ku/machi/mura (Statistics Bureau, e-Stat)","e-Stat statInfId 000007914030, PDF page 33",machi (town); municipal boundary as of 1940-10-01
Ayabe,,Kyoto,13621,1940-10-01,0,0,"Showa 15 (1940) Population Census, Table 1: households and population by sex, all persons incl. military, by shi/ku/machi/mura (Statistics Bureau, e-Stat)","e-Stat statInfId 000007914031, PDF page 9",machi (town); municipal boundary as of 1940-10-01
Funatsu,,Gifu,13594,1940-10-01,0,0,"Showa 15 (1940) Population Census, Table 1: households and population by sex, all persons incl. military, by shi/ku/machi/mura (Statistics Bureau, e-Stat)","e-Stat statInfId 000007914030, PDF page 32",machi (town); municipal boundary as of 1940-10-01
Miyazu,,Kyoto,13592,1940-10-01,0,0,"Showa 15 (1940) Population Census, Table 1: households and population by sex, all persons incl. military, by shi/ku/machi/mura (Statistics Bureau, e-Stat)","e-Stat statInfId 000007914031, PDF page 10",machi (town); municipal boundary as of 1940-10-01
Kobukuro,,Fukuoka,13587,1940-10-01,0,0,"Showa 15 (1940) Population Census, Table 1: households and population by sex, all persons incl. military, by shi/ku/machi/mura (Statistics Bureau, e-Stat)","e-Stat statInfId 000007914032, PDF page 11",machi (town); municipal boundary as of 1940-10-01
Miyanojo,,Kagoshima,13580,1940-10-01,0,0,"Showa 15 (1940) Population Census, Table 1: households and population by sex, all persons incl. military, by shi/ku/machi/mura (Statistics Bureau, e-Stat)","e-Stat statInfId 000007914032, PDF page 27",machi (town); municipal boundary as of 1940-10-01
Katsuyama,,Fukui,13552,1940-10-01,0,0,"Showa 15 (1940) Population Census, Table 1: households and population by sex, all persons incl. military, by shi/ku/machi/mura (Statistics Bureau, e-Stat)","e-Stat statInfId 000007914030, PDF page 20",machi (town); municipal boundary as of 1940-10-01
Komaki,,Aichi,13528,1940-10-01,0,0,"Showa 15 (1940) Population Census, Table 1: households and population by sex, all persons incl. military, by shi/ku/machi/mura (Statistics Bureau, e-Stat)","e-Stat statInfId 000007914030, PDF page 36",machi (town); municipal boundary as of 1940-10-01
Ushibuka,,Kumamoto,13441,1940-10-01,0,0,"Showa 15 (1940) Population Census, Table 1: households and population by sex, all persons incl. military, by shi/ku/machi/mura (Statistics Bureau, e-Stat)","e-Stat statInfId 000007914032, PDF page 21",machi (town); municipal boundary as of 1940-10-01
Ono,,Fukui,13406,1940-10-01,0,0,"Showa 15 (1940) Population Census, Table 1: households and population by sex, all persons incl. military, by shi/ku/machi/mura (Statistics Bureau, e-Stat)","e-Stat statInfId 000007914030, PDF page 20",machi (town); municipal boundary as of 1940-10-01
Kitakata,,Fukushima,13373,1940-10-01,0,0,"Showa 15 (1940) Population Census, Table 1: households and population by sex, all persons incl. military, by shi/ku/machi/mura (Statistics Bureau, e-Stat)","e-Stat statInfId 000007914029, PDF page 20",machi (town); municipal boundary as of 1940-10-01
Uozaki,,Hyogo,13360,1940-10-01,0,0,"Showa 15 (1940) Population Census, Table 1: households and population by sex, all persons incl. military, by shi/ku/machi/mura (Statistics Bureau, e-Stat)","e-Stat statInfId 000007914031, PDF page 13",machi (town); municipal boundary as of 1940-10-01
Obama,,Fukui,13339,1940-10-01,0,0,"Showa 15 (1940) Population Census, Table 1: households and population by sex, all persons incl. military, by shi/ku/machi/mura (Statistics Bureau, e-Stat)","e-Stat statInfId 000007914030, PDF page 21",machi (town); municipal boundary as of 1940-10-01
Komoro,,Nagano,13339,1940-10-01,0,0,"Showa 15 (1940) Population Census, Table 1: households and population by sex, all persons incl. military, by shi/ku/machi/mura (Statistics Bureau, e-Stat)","e-Stat statInfId 000007914030, PDF page 24",machi (town); municipal boundary as of 1940-10-01
Yuzawa,,Akita,13313,1940-10-01,0,0,"Showa 15 (1940) Population Census, Table 1: households and population by sex, all persons incl. military, by shi/ku/machi/mura (Statistics Bureau, e-Stat)","e-Stat statInfId 000007914029, PDF page 14",machi (town); municipal boundary as of 1940-10-01
Takahagi,,Ibaraki,13305,1940-10-01,0,0,"Showa 15 (1940) Population Census, Table 1: households and population by sex, all persons incl. military, by shi/ku/machi/mura (Statistics Bureau, e-Stat)","e-Stat statInfId 000007914029, PDF page 24",machi (town); municipal boundary as of 1940-10-01
Nakaizumi,,Shizuoka,13302,1940-10-01,0,0,"Showa 15 (1940) Population Census, Table 1: households and population by sex, all persons incl. military, by shi/ku/machi/mura (Statistics Bureau, e-Stat)","e-Stat statInfId 000007914030, PDF page 35",machi (town); municipal boundary as of 1940-10-01
Shiroishi,,Miyagi,13261,1940-10-01,0,0,"Showa 15 (1940) Population Census, Table 1: households and population by sex, all persons incl. military, by shi/ku/machi/mura (Statistics Bureau, e-Stat)","e-Stat statInfId 000007914029, PDF page 10",machi (town); municipal boundary as of 1940-10-01
Kushira,,Kagoshima,13235,1940-10-01,0,0,"Showa 15 (1940) Population Census, Table 1: households and population by sex, all persons incl. military, by shi/ku/machi/mura (Statistics Bureau, e-Stat)","e-Stat statInfId 000007914032, PDF page 27",machi (town); municipal boundary as of 1940-10-01
Izumi,,Osaka,13180,1940-10-01,0,0,"Showa 15 (1940) Population Census, Table 1: households and population by sex, all persons incl. military, by shi/ku/machi/mura (Statistics Bureau, e-Stat)","e-Stat statInfId 000007914031, PDF page 11",machi (town); municipal boundary as of 1940-10-01
Tanuma,,Tochigi,13175,1940-10-01,0,0,"Showa 15 (1940) Population Census, Table 1: households and population by sex, all persons incl. military, by shi/ku/machi/mura (Statistics Bureau, e-Stat)","e-Stat statInfId 000007914029, PDF page 29",machi (town); municipal boundary as of 1940-10-01
Ofuna,,Kanagawa,13110,1940-10-01,0,0,"Showa 15 (1940) Population Census, Table 1: households and population by sex, all persons incl. military, by shi/ku/machi/mura (Statistics Bureau, e-Stat)","e-Stat statInfId 000007914030, PDF page 7",machi (town); municipal boundary as of 1940-10-01
Kisogawa,,Aichi,13097,1940-10-01,0,0,"Showa 15 (1940) Population Census, Table 1: households and population by sex, all persons incl. military, by shi/ku/machi/mura (Statistics Bureau, e-Stat)","e-Stat statInfId 000007914030, PDF page 38",machi (town); municipal boundary as of 1940-10-01
Orio,,Fukuoka,13026,1940-10-01,0,0,"Showa 15 (1940) Population Census, Table 1: households and population by sex, all persons incl. military, by shi/ku/machi/mura (Statistics Bureau, e-Stat)","e-Stat statInfId 000007914032, PDF page 11",machi (town); municipal boundary as of 1940-10-01
Tsudanuma,,Chiba,12986,1940-10-01,0,0,"Showa 15 (1940) Population Census, Table 1: households and population by sex, all persons incl. military, by shi/ku/machi/mura (Statistics Bureau, e-Stat)","e-Stat statInfId 000007914030, PDF page 3",machi (town); municipal boundary as of 1940-10-01
Tahara,,Aichi,12985,1940-10-01,0,0,"Showa 15 (1940) Population Census, Table 1: households and population by sex, all persons incl. military, by shi/ku/machi/mura (Statistics Bureau, e-Stat)","e-Stat statInfId 000007914030, PDF page 40",machi (town); municipal boundary as of 1940-10-01
Omachi,,Nagano,12977,1940-10-01,0,0,"Showa 15 (1940) Population Census, Table 1: households and population by sex, all persons incl. military, by shi/ku/machi/mura (Statistics Bureau, e-Stat)","e-Stat statInfId 000007914030, PDF page 27",machi (town); municipal boundary as of 1940-10-01
Noheji,,Aomori,12975,1940-10-01,0,0,"Showa 15 (1940) Population Census, Table 1: households and population by sex, all persons incl. military, by shi/ku/machi/mura (Statistics Bureau, e-Stat)","e-Stat statInfId 000007914029, PDF page 6",machi (town); municipal boundary as of 1940-10-01; figure read visually from scan (OCR failed)
Hirado,,Nagasaki,12964,1940-10-01,0,0,"Showa 15 (1940) Population Census, Table 1: households and population by sex, all persons incl. military, by shi/ku/machi/mura (Statistics Bureau, e-Stat)","e-Stat statInfId 000007914032, PDF page 17",machi (town); municipal boundary as of 1940-10-01
Yamagawa,,Kagoshima,12926,1940-10-01,0,0,"Showa 15 (1940) Population Census, Table 1: households and population by sex, all persons incl. military, by shi/ku/machi/mura (Statistics Bureau, e-Stat)","e-Stat statInfId 000007914032, PDF page 26",machi (town); municipal boundary as of 1940-10-01
Naka,,Gifu,12913,1940-10-01,0,0,"Showa 15 (1940) Population Census, Table 1: households and population by sex, all persons incl. military, by shi/ku/machi/mura (Statistics Bureau, e-Stat)","e-Stat statInfId 000007914030, PDF page 29",machi (town); municipal boundary as of 1940-10-01
Komiya,,Tokyo,12907,1940-10-01,0,0,"Showa 15 (1940) Population Census, Table 1: households and population by sex, all persons incl. military, by shi/ku/machi/mura (Statistics Bureau, e-Stat)","e-Stat statInfId 000007914030, PDF page 6",machi (town); municipal boundary as of 1940-10-01
Ojiya,,Niigata,12888,1940-10-01,0,0,"Showa 15 (1940) Population Census, Table 1: households and population by sex, all persons incl. military, by shi/ku/machi/mura (Statistics Bureau, e-Stat)","e-Stat statInfId 000007914030, PDF page 11",machi (town); municipal boundary as of 1940-10-01
Takazaki,,Miyazaki,12866,1940-10-01,0,0,"Showa 15 (1940) Population Census, Table 1: households and population by sex, all persons incl. military, by shi/ku/machi/mura (Statistics Bureau, e-Stat)","e-Stat statInfId 000007914032, PDF page 25",machi (town); municipal boundary as of 1940-10-01
Ogi,,Saga,12854,1940-10-01,0,0,"Showa 15 (1940) Population Census, Table 1: households and population by sex, all persons incl. military, by shi/ku/machi/mura (Statistics Bureau, e-Stat)","e-Stat statInfId 000007914032, PDF page 15",machi (town); municipal boundary as of 1940-10-01
Hanno,,Saitama,12750,1940-10-01,0,0,"Showa 15 (1940) Population Census, Table 1: households and population by sex, all persons incl. military, by shi/ku/machi/mura (Statistics Bureau, e-Stat)","e-Stat statInfId 000007914029, PDF page 33",machi (town); municipal boundary as of 1940-10-01
Kaminoyama,,Yamagata,12674,1940-10-01,0,0,"Showa 15 (1940) Population Census, Table 1: households and population by sex, all persons incl. military, by shi/ku/machi/mura (Statistics Bureau, e-Stat)","e-Stat statInfId 000007914029, PDF page 15",machi (town); municipal boundary as of 1940-10-01
Tomioka,,Gumma,12659,1940-10-01,0,0,"Showa 15 (1940) Population Census, Table 1: households and population by sex, all persons incl. military, by shi/ku/machi/mura (Statistics Bureau, e-Stat)","e-Stat statInfId 000007914029, PDF page 30",machi (town); municipal boundary as of 1940-10-01
Koganei,,Tokyo,12650,1940-10-01,0,0,"Showa 15 (1940) Population Census, Table 1: households and population by sex, all persons incl. military, by shi/ku/machi/mura (Statistics Bureau, e-Stat)","e-Stat statInfId 000007914030, PDF page 6",machi (town); municipal boundary as of 1940-10-01
Maebara,,Fukuoka,12592,1940-10-01,0,0,"Showa 15 (1940) Population Census, Table 1: households and population by sex, all persons incl. military, by shi/ku/machi/mura (Statistics Bureau, e-Stat)","e-Stat statInfId 000007914032, PDF page 12",machi (town); municipal boundary as of 1940-10-01
Kawasaki,,Shizuoka,12590,1940-10-01,0,0,"Showa 15 (1940) Population Census, Table 1: households and population by sex, all persons incl. military, by shi/ku/machi/mura (Statistics Bureau, e-Stat)","e-Stat statInfId 000007914030, PDF page 34",machi (town); municipal boundary as of 1940-10-01
Shinkawa,,Aichi,12576,1940-10-01,0,0,"Showa 15 (1940) Population Census, Table 1: households and population by sex, all persons incl. military, by shi/ku/machi/mura (Statistics Bureau, e-Stat)","e-Stat statInfId 000007914030, PDF page 38","machi (town); municipal boundary as of 1940-10-01; two different towns named Shinkawa (新川町) in Aichi: one in Nishikasugai-gun (today Kiyosu), one in Hekikai-gun (today Hekinan)"
Ikeda,,Hokkaido,12570,1940-10-01,0,0,"Showa 15 (1940) Population Census, Table 1: households and population by sex, all persons incl. military, by shi/ku/machi/mura (Statistics Bureau, e-Stat)","e-Stat statInfId 000007914029, PDF page 3",machi (town); municipal boundary as of 1940-10-01
Haranomachi,,Fukushima,12569,1940-10-01,0,0,"Showa 15 (1940) Population Census, Table 1: households and population by sex, all persons incl. military, by shi/ku/machi/mura (Statistics Bureau, e-Stat)","e-Stat statInfId 000007914029, PDF page 22",machi (town); municipal boundary as of 1940-10-01
Imaichi,,Shimane,12481,1940-10-01,0,0,"Showa 15 (1940) Population Census, Table 1: households and population by sex, all persons incl. military, by shi/ku/machi/mura (Statistics Bureau, e-Stat)","e-Stat statInfId 000007914031, PDF page 26",machi (town); municipal boundary as of 1940-10-01
Kutchan,,Hokkaido,12473,1940-10-01,0,0,"Showa 15 (1940) Population Census, Table 1: households and population by sex, all persons incl. military, by shi/ku/machi/mura (Statistics Bureau, e-Stat)","e-Stat statInfId 000007914029, PDF page 2",machi (town); municipal boundary as of 1940-10-01
Takajo,,Miyazaki,12468,1940-10-01,0,0,"Showa 15 (1940) Population Census, Table 1: households and population by sex, all persons incl. military, by shi/ku/machi/mura (Statistics Bureau, e-Stat)","e-Stat statInfId 000007914032, PDF page 25",machi (town); municipal boundary as of 1940-10-01
Habu,,Hiroshima,12455,1940-10-01,0,0,"Showa 15 (1940) Population Census, Table 1: households and population by sex, all persons incl. military, by shi/ku/machi/mura (Statistics Bureau, e-Stat)","e-Stat statInfId 000007914031, PDF page 35",machi (town); municipal boundary as of 1940-10-01
Ozuchi,,Iwate,12366,1940-10-01,0,0,"Showa 15 (1940) Population Census, Table 1: households and population by sex, all persons incl. military, by shi/ku/machi/mura (Statistics Bureau, e-Stat)","e-Stat statInfId 000007914029, PDF page 8",machi (town); municipal boundary as of 1940-10-01
Tokamachi,,Niigata,12357,1940-10-01,0,0,"Showa 15 (1940) Population Census, Table 1: households and population by sex, all persons incl. military, by shi/ku/machi/mura (Statistics Bureau, e-Stat)","e-Stat statInfId 000007914030, PDF page 12",machi (town); municipal boundary as of 1940-10-01
Oguni,,Kumamoto,12336,1940-10-01,0,0,"Showa 15 (1940) Population Census, Table 1: households and population by sex, all persons incl. military, by shi/ku/machi/mura (Statistics Bureau, e-Stat)","e-Stat statInfId 000007914032, PDF page 19",machi (town); municipal boundary as of 1940-10-01
Sone,,Fukuoka,12335,1940-10-01,0,0,"Showa 15 (1940) Population Census, Table 1: households and population by sex, all persons incl. military, by shi/ku/machi/mura (Statistics Bureau, e-Stat)","e-Stat statInfId 000007914032, PDF page 13",machi (town); municipal boundary as of 1940-10-01
Shimodate,,Ibaraki,12332,1940-10-01,0,0,"Showa 15 (1940) Population Census, Table 1: households and population by sex, all persons incl. military, by shi/ku/machi/mura (Statistics Bureau, e-Stat)","e-Stat statInfId 000007914029, PDF page 26",machi (town); municipal boundary as of 1940-10-01
Uozu,,Toyama,12287,1940-10-01,0,0,"Showa 15 (1940) Population Census, Table 1: households and population by sex, all persons incl. military, by shi/ku/machi/mura (Statistics Bureau, e-Stat)","e-Stat statInfId 000007914030, PDF page 14",machi (town); municipal boundary as of 1940-10-01
Chiryu,,Aichi,12253,1940-10-01,0,0,"Showa 15 (1940) Population Census, Table 1: households and population by sex, all persons incl. military, by shi/ku/machi/mura (Statistics Bureau, e-Stat)","e-Stat statInfId 000007914030, PDF page 39",machi (town); municipal boundary as of 1940-10-01
Kambara,,Shizuoka,12252,1940-10-01,0,0,"Showa 15 (1940) Population Census, Table 1: households and population by sex, all persons incl. military, by shi/ku/machi/mura (Statistics Bureau, e-Stat)","e-Stat statInfId 000007914030, PDF page 34",machi (town); municipal boundary as of 1940-10-01
Hondo,,Kumamoto,12218,1940-10-01,0,0,"Showa 15 (1940) Population Census, Table 1: households and population by sex, all persons incl. military, by shi/ku/machi/mura (Statistics Bureau, e-Stat)","e-Stat statInfId 000007914032, PDF page 21",machi (town); municipal boundary as of 1940-10-01
Sagae,,Yamagata,12192,1940-10-01,0,0,"Showa 15 (1940) Population Census, Table 1: households and population by sex, all persons incl. military, by shi/ku/machi/mura (Statistics Bureau, e-Stat)","e-Stat statInfId 000007914029, PDF page 16",machi (town); municipal boundary as of 1940-10-01
Shonai,,Osaka,12191,1940-10-01,0,0,"Showa 15 (1940) Population Census, Table 1: households and population by sex, all persons incl. military, by shi/ku/machi/mura (Statistics Bureau, e-Stat)","e-Stat statInfId 000007914031, PDF page 11",machi (town); municipal boundary as of 1940-10-01
Kadogawa,,Miyazaki,12178,1940-10-01,0,0,"Showa 15 (1940) Population Census, Table 1: households and population by sex, all persons incl. military, by shi/ku/machi/mura (Statistics Bureau, e-Stat)","e-Stat statInfId 000007914032, PDF page 25",machi (town); municipal boundary as of 1940-10-01
Rubeshibe,,Hokkaido,12176,1940-10-01,0,0,"Showa 15 (1940) Population Census, Table 1: households and population by sex, all persons incl. military, by shi/ku/machi/mura (Statistics Bureau, e-Stat)","e-Stat statInfId 000007914029, PDF page 4",machi (town); municipal boundary as of 1940-10-01
Daishoji,,Ishikawa,12170,1940-10-01,0,0,"Showa 15 (1940) Population Census, Table 1: households and population by sex, all persons incl. military, by shi/ku/machi/mura (Statistics Bureau, e-Stat)","e-Stat statInfId 000007914030, PDF page 17",machi (town); municipal boundary as of 1940-10-01
Makizono,,Kagoshima,12150,1940-10-01,0,0,"Showa 15 (1940) Population Census, Table 1: households and population by sex, all persons incl. military, by shi/ku/machi/mura (Statistics Bureau, e-Stat)","e-Stat statInfId 000007914032, PDF page 27",machi (town); municipal boundary as of 1940-10-01
Urayasu,,Chiba,12116,1940-10-01,0,0,"Showa 15 (1940) Population Census, Table 1: households and population by sex, all persons incl. military, by shi/ku/machi/mura (Statistics Bureau, e-Stat)","e-Stat statInfId 000007914030, PDF page 3",machi (town); municipal boundary as of 1940-10-01
Uji,,Kyoto,12064,1940-10-01,0,0,"Showa 15 (1940) Population Census, Table 1: households and population by sex, all persons incl. military, by shi/ku/machi/mura (Statistics Bureau, e-Stat)","e-Stat statInfId 000007914031, PDF page 8",machi (town); municipal boundary as of 1940-10-01
Kitsuki,,Oita,11983,1940-10-01,0,0,"Showa 15 (1940) Population Census, Table 1: households and population by sex, all persons incl. military, by shi/ku/machi/mura (Statistics Bureau, e-Stat)","e-Stat statInfId 000007914032, PDF page 22",machi (town); municipal boundary as of 1940-10-01
Tokorozawa,,Saitama,11972,1940-10-01,0,0,"Showa 15 (1940) Population Census, Table 1: households and population by sex, all persons incl. military, by shi/ku/machi/mura (Statistics Bureau, e-Stat)","e-Stat statInfId 000007914029, PDF page 33",machi (town); municipal boundary as of 1940-10-01
Emukae,,Nagasaki,11943,1940-10-01,0,0,"Showa 15 (1940) Population Census, Table 1: households and population by sex, all persons incl. military, by shi/ku/machi/mura (Statistics Bureau, e-Stat)","e-Stat statInfId 000007914032, PDF page 17",machi (town); municipal boundary as of 1940-10-01
Yahagi,,Aichi,11937,1940-10-01,0,0,"Showa 15 (1940) Population Census, Table 1: households and population by sex, all persons incl. military, by shi/ku/machi/mura (Statistics Bureau, e-Stat)","e-Stat statInfId 000007914030, PDF page 39",machi (town); municipal boundary as of 1940-10-01
Kamo,,Kagoshima,11929,1940-10-01,0,0,"Showa 15 (1940) Population Census, Table 1: households and population by sex, all persons incl. military, by shi/ku/machi/mura (Statistics Bureau, e-Stat)","e-Stat statInfId 000007914032, PDF page 27",machi (town); municipal boundary as of 1940-10-01
Hatano,,Kanagawa,11916,1940-10-01,0,0,"Showa 15 (1940) Population Census, Table 1: households and population by sex, all persons incl. military, by shi/ku/machi/mura (Statistics Bureau, e-Stat)","e-Stat statInfId 000007914030, PDF page 8",machi (town); municipal boundary as of 1940-10-01; figure read visually from scan (OCR failed)
Ibaragi,,Osaka,11912,1940-10-01,0,0,"Showa 15 (1940) Population Census, Table 1: households and population by sex, all persons incl. military, by shi/ku/machi/mura (Statistics Bureau, e-Stat)","e-Stat statInfId 000007914031, PDF page 11",machi (town); municipal boundary as of 1940-10-01; figure read visually from scan (OCR failed)
Sagara,,Shizuoka,11889,1940-10-01,0,0,"Showa 15 (1940) Population Census, Table 1: households and population by sex, all persons incl. military, by shi/ku/machi/mura (Statistics Bureau, e-Stat)","e-Stat statInfId 000007914030, PDF page 34",machi (town); municipal boundary as of 1940-10-01
Fujieda,,Shizuoka,11872,1940-10-01,0,0,"Showa 15 (1940) Population Census, Table 1: households and population by sex, all persons incl. military, by shi/ku/machi/mura (Statistics Bureau, e-Stat)","e-Stat statInfId 000007914030, PDF page 34",machi (town); municipal boundary as of 1940-10-01
Onejime,,Kagoshima,11872,1940-10-01,0,0,"Showa 15 (1940) Population Census, Table 1: households and population by sex, all persons incl. military, by shi/ku/machi/mura (Statistics Bureau, e-Stat)","e-Stat statInfId 000007914032, PDF page 27",machi (town); municipal boundary as of 1940-10-01
Kanie,,Aichi,11856,1940-10-01,0,0,"Showa 15 (1940) Population Census, Table 1: households and population by sex, all persons incl. military, by shi/ku/machi/mura (Statistics Bureau, e-Stat)","e-Stat statInfId 000007914030, PDF page 38",machi (town); municipal boundary as of 1940-10-01
Shinkawa,,Aichi,11839,1940-10-01,0,0,"Showa 15 (1940) Population Census, Table 1: households and population by sex, all persons incl. military, by shi/ku/machi/mura (Statistics Bureau, e-Stat)","e-Stat statInfId 000007914030, PDF page 39","machi (town); municipal boundary as of 1940-10-01; two different towns named Shinkawa (新川町) in Aichi: one in Nishikasugai-gun (today Kiyosu), one in Hekikai-gun (today Hekinan)"
Katsuura,,Chiba,11838,1940-10-01,0,0,"Showa 15 (1940) Population Census, Table 1: households and population by sex, all persons incl. military, by shi/ku/machi/mura (Statistics Bureau, e-Stat)","e-Stat statInfId 000007914030, PDF page 2",machi (town); municipal boundary as of 1940-10-01
Takaharu,,Miyazaki,11837,1940-10-01,0,0,"Showa 15 (1940) Population Census, Table 1: households and population by sex, all persons incl. military, by shi/ku/machi/mura (Statistics Bureau, e-Stat)","e-Stat statInfId 000007914032, PDF page 25",machi (town); municipal boundary as of 1940-10-01
Omagari,,Akita,11786,1940-10-01,0,0,"Showa 15 (1940) Population Census, Table 1: households and population by sex, all persons incl. military, by shi/ku/machi/mura (Statistics Bureau, e-Stat)","e-Stat statInfId 000007914029, PDF page 14",machi (town); municipal boundary as of 1940-10-01
Horigawa,,Toyama,11727,1940-10-01,0,0,"Showa 15 (1940) Population Census, Table 1: households and population by sex, all persons incl. military, by shi/ku/machi/mura (Statistics Bureau, e-Stat)","e-Stat statInfId 000007914030, PDF page 14",machi (town); municipal boundary as of 1940-10-01
Kurino,,Kagoshima,11700,1940-10-01,0,0,"Showa 15 (1940) Population Census, Table 1: households and population by sex, all persons incl. military, by shi/ku/machi/mura (Statistics Bureau, e-Stat)","e-Stat statInfId 000007914032, PDF page 27",machi (town); municipal boundary as of 1940-10-01
Nakoso,,Fukushima,11673,1940-10-01,0,0,"Showa 15 (1940) Population Census, Table 1: households and population by sex, all persons incl. military, by shi/ku/machi/mura (Statistics Bureau, e-Stat)","e-Stat statInfId 000007914029, PDF page 22",machi (town); municipal boundary as of 1940-10-01; figure read visually from scan (OCR failed)
Kakegawa,,Shizuoka,11661,1940-10-01,0,0,"Showa 15 (1940) Population Census, Table 1: households and population by sex, all persons incl. military, by shi/ku/machi/mura (Statistics Bureau, e-Stat)","e-Stat statInfId 000007914030, PDF page 34",machi (town); municipal boundary as of 1940-10-01
Otawara,,Tochigi,11657,1940-10-01,0,0,"Showa 15 (1940) Population Census, Table 1: households and population by sex, all persons incl. military, by shi/ku/machi/mura (Statistics Bureau, e-Stat)","e-Stat statInfId 000007914029, PDF page 29",machi (town); municipal boundary as of 1940-10-01
Hachiman,,Shiga,11654,1940-10-01,0,0,"Showa 15 (1940) Population Census, Table 1: households and population by sex, all persons incl. military, by shi/ku/machi/mura (Statistics Bureau, e-Stat)","e-Stat statInfId 000007914031, PDF page 6",machi (town); municipal boundary as of 1940-10-01; figure read visually from scan (OCR failed)
Nagai,,Yamagata,11617,1940-10-01,0,0,"Showa 15 (1940) Population Census, Table 1: households and population by sex, all persons incl. military, by shi/ku/machi/mura (Statistics Bureau, e-Stat)","e-Stat statInfId 000007914029, PDF page 17",machi (town); municipal boundary as of 1940-10-01
Yamabe,,Tochigi,11603,1940-10-01,0,0,"Showa 15 (1940) Population Census, Table 1: households and population by sex, all persons incl. military, by shi/ku/machi/mura (Statistics Bureau, e-Stat)","e-Stat statInfId 000007914029, PDF page 29",machi (town); municipal boundary as of 1940-10-01
Sumino,,Ehime,11583,1940-10-01,0,0,"Showa 15 (1940) Population Census, Table 1: households and population by sex, all persons incl. military, by shi/ku/machi/mura (Statistics Bureau, e-Stat)","e-Stat statInfId 000007914032, PDF page 6",machi (town); municipal boundary as of 1940-10-01
Fukue,,Aichi,11531,1940-10-01,0,0,"Showa 15 (1940) Population Census, Table 1: households and population by sex, all persons incl. military, by shi/ku/machi/mura (Statistics Bureau, e-Stat)","e-Stat statInfId 000007914030, PDF page 40",machi (town); municipal boundary as of 1940-10-01
Nishiwaki,,Hyogo,11500,1940-10-01,0,0,"Showa 15 (1940) Population Census, Table 1: households and population by sex, all persons incl. military, by shi/ku/machi/mura (Statistics Bureau, e-Stat)","e-Stat statInfId 000007914031, PDF page 14",machi (town); municipal boundary as of 1940-10-01
Isohama,,Ibaraki,11452,1940-10-01,0,0,"Showa 15 (1940) Population Census, Table 1: households and population by sex, all persons incl. military, by shi/ku/machi/mura (Statistics Bureau, e-Stat)","e-Stat statInfId 000007914029, PDF page 23",machi (town); municipal boundary as of 1940-10-01
Yui,,Shizuoka,11423,1940-10-01,0,0,"Showa 15 (1940) Population Census, Table 1: households and population by sex, all persons incl. military, by shi/ku/machi/mura (Statistics Bureau, e-Stat)","e-Stat statInfId 000007914030, PDF page 34",machi (town); municipal boundary as of 1940-10-01
Tomie,,Nagasaki,11423,1940-10-01,0,0,"Showa 15 (1940) Population Census, Table 1: households and population by sex, all persons incl. military, by shi/ku/machi/mura (Statistics Bureau, e-Stat)","e-Stat statInfId 000007914032, PDF page 17",machi (town); municipal boundary as of 1940-10-01
Fukue,,Nagasaki,11420,1940-10-01,0,0,"Showa 15 (1940) Population Census, Table 1: households and population by sex, all persons incl. military, by shi/ku/machi/mura (Statistics Bureau, e-Stat)","e-Stat statInfId 000007914032, PDF page 17",machi (town); municipal boundary as of 1940-10-01
Nagano,,Osaka,11413,1940-10-01,0,0,"Showa 15 (1940) Population Census, Table 1: households and population by sex, all persons incl. military, by shi/ku/machi/mura (Statistics Bureau, e-Stat)","e-Stat statInfId 000007914031, PDF page 12",machi (town); municipal boundary as of 1940-10-01; figure read visually from scan (OCR failed)
Toyokawa,,Aichi,11369,1940-10-01,0,0,"Showa 15 (1940) Population Census, Table 1: households and population by sex, all persons incl. military, by shi/ku/machi/mura (Statistics Bureau, e-Stat)","e-Stat statInfId 000007914030, PDF page 40",machi (town); municipal boundary as of 1940-10-01
Onagawa,,Miyagi,11365,1940-10-01,0,0,"Showa 15 (1940) Population Census, Table 1: households and population by sex, all persons incl. military, by shi/ku/machi/mura (Statistics Bureau, e-Stat)","e-Stat statInfId 000007914029, PDF page 12",machi (town); municipal boundary as of 1940-10-01
Ichinoseki,,Iwate,11341,1940-10-01,0,0,"Showa 15 (1940) Population Census, Table 1: households and population by sex, all persons incl. military, by shi/ku/machi/mura (Statistics Bureau, e-Stat)","e-Stat statInfId 000007914029, PDF page 8",machi (town); municipal boundary as of 1940-10-01
Yokosuka,,Aichi,11333,1940-10-01,0,0,"Showa 15 (1940) Population Census, Table 1: households and population by sex, all persons incl. military, by shi/ku/machi/mura (Statistics Bureau, e-Stat)","e-Stat statInfId 000007914030, PDF page 38",machi (town); municipal boundary as of 1940-10-01
Bifuka,,Hokkaido,11314,1940-10-01,0,0,"Showa 15 (1940) Population Census, Table 1: households and population by sex, all persons incl. military, by shi/ku/machi/mura (Statistics Bureau, e-Stat)","e-Stat statInfId 000007914029, PDF page 2",machi (town); municipal boundary as of 1940-10-01
Chizu,,Tottori,11302,1940-10-01,0,0,"Showa 15 (1940) Population Census, Table 1: households and population by sex, all persons incl. military, by shi/ku/machi/mura (Statistics Bureau, e-Stat)","e-Stat statInfId 000007914031, PDF page 23",machi (town); municipal boundary as of 1940-10-01; figure read visually from scan (OCR failed)
Ome,,Tokyo,11293,1940-10-01,0,0,"Showa 15 (1940) Population Census, Table 1: households and population by sex, all persons incl. military, by shi/ku/machi/mura (Statistics Bureau, e-Stat)","e-Stat statInfId 000007914030, PDF page 5",machi (town); municipal boundary as of 1940-10-01
Ijuin,,Kagoshima,11265,1940-10-01,0,0,"Showa 15 (1940) Population Census, Table 1: households and population by sex, all persons incl. military, by shi/ku/machi/mura (Statistics Bureau, e-Stat)","e-Stat statInfId 000007914032, PDF page 26",machi (town); municipal boundary as of 1940-10-01
Ono,,Oita,11210,1940-10-01,0,0,"Showa 15 (1940) Population Census, Table 1: households and population by sex, all persons incl. military, by shi/ku/machi/mura (Statistics Bureau, e-Stat)","e-Stat statInfId 000007914032, PDF page 23",machi (town); municipal boundary as of 1940-10-01
Katsuta,,Ibaraki,11203,1940-10-01,0,0,"Showa 15 (1940) Population Census, Table 1: households and population by sex, all persons incl. military, by shi/ku/machi/mura (Statistics Bureau, e-Stat)","e-Stat statInfId 000007914029, PDF page 24",machi (town); municipal boundary as of 1940-10-01
Miki,,Hyogo,11199,1940-10-01,0,0,"Showa 15 (1940) Population Census, Table 1: households and population by sex, all persons incl. military, by shi/ku/machi/mura (Statistics Bureau, e-Stat)","e-Stat statInfId 000007914031, PDF page 14",machi (town); municipal boundary as of 1940-10-01
Aojima,,Shizuoka,11196,1940-10-01,0,0,"Showa 15 (1940) Population Census, Table 1: households and population by sex, all persons incl. military, by shi/ku/machi/mura (Statistics Bureau, e-Stat)","e-Stat statInfId 000007914030, PDF page 34",machi (town); municipal boundary as of 1940-10-01
Ueno,,Aichi,11179,1940-10-01,0,0,"Showa 15 (1940) Population Census, Table 1: households and population by sex, all persons incl. military, by shi/ku/machi/mura (Statistics Bureau, e-Stat)","e-Stat statInfId 000007914030, PDF page 38",machi (town); municipal boundary as of 1940-10-01
Fuchu,,Hiroshima,11111,1940-10-01,0,0,"Showa 15 (1940) Population Census, Table 1: households and population by sex, all persons incl. military, by shi/ku/machi/mura (Statistics Bureau, e-Stat)","e-Stat statInfId 000007914031, PDF page 36",machi (town); municipal boundary as of 1940-10-01
Chofu,,Tokyo,11105,1940-10-01,0,0,"Showa 15 (1940) Population Census, Table 1: households and population by sex, all persons incl. military, by shi/ku/machi/mura (Statistics Bureau, e-Stat)","e-Stat statInfId 000007914030, PDF page 6",machi (town); municipal boundary as of 1940-10-01
Tsuno,,Miyazaki,11067,1940-10-01,0,0,"Showa 15 (1940) Population Census, Table 1: households and population by sex, all persons incl. military, by shi/ku/machi/mura (Statistics Bureau, e-Stat)","e-Stat statInfId 000007914032, PDF page 25",machi (town); municipal boundary as of 1940-10-01
Yahata,,Aichi,11062,1940-10-01,0,0,"Showa 15 (1940) Population Census, Table 1: households and population by sex, all persons incl. military, by shi/ku/machi/mura (Statistics Bureau, e-Stat)","e-Stat statInfId 000007914030, PDF page 38",machi (town); municipal boundary as of 1940-10-01
Yuasa,,Wakayama,11055,1940-10-01,0,0,"Showa 15 (1940) Population Census, Table 1: households and population by sex, all persons incl. military, by shi/ku/machi/mura (Statistics Bureau, e-Stat)","e-Stat statInfId 000007914031, PDF page 21",machi (town); municipal boundary as of 1940-10-01
Kachigawa,,Aichi,11032,1940-10-01,0,0,"Showa 15 (1940) Population Census, Table 1: households and population by sex, all persons incl. military, by shi/ku/machi/mura (Statistics Bureau, e-Stat)","e-Stat statInfId 000007914030, PDF page 36",machi (town); municipal boundary as of 1940-10-01
Narita,,Chiba,11025,1940-10-01,0,0,"Showa 15 (1940) Population Census, Table 1: households and population by sex, all persons incl. military, by shi/ku/machi/mura (Statistics Bureau, e-Stat)","e-Stat statInfId 000007914030, PDF page 4",machi (town); municipal boundary as of 1940-10-01
Shiojiri,,Nagano,10962,1940-10-01,0,0,"Showa 15 (1940) Population Census, Table 1: households and population by sex, all persons incl. military, by shi/ku/machi/mura (Statistics Bureau, e-Stat)","e-Stat statInfId 000007914030, PDF page 26",machi (town); municipal boundary as of 1940-10-01
Hombetsu,,Hokkaido,10956,1940-10-01,0,0,"Showa 15 (1940) Population Census, Table 1: households and population by sex, all persons incl. military, by shi/ku/machi/mura (Statistics Bureau, e-Stat)","e-Stat statInfId 000007914029, PDF page 3",machi (town); municipal boundary as of 1940-10-01
Nishiarie,,Nagasaki,10916,1940-10-01,0,0,"Showa 15 (1940) Population Census, Table 1: households and population by sex, all persons incl. military, by shi/ku/machi/mura (Statistics Bureau, e-Stat)","e-Stat statInfId 000007914032, PDF page 17",machi (town); municipal boundary as of 1940-10-01
Ogori,,Yamaguchi,10856,1940-10-01,0,0,"Showa 15 (1940) Population Census, Table 1: households and population by sex, all persons incl. military, by shi/ku/machi/mura (Statistics Bureau, e-Stat)","e-Stat statInfId 000007914031, PDF page 38",machi (town); municipal boundary as of 1940-10-01
Higashine,,Yamagata,10855,1940-10-01,0,0,"Showa 15 (1940) Population Census, Table 1: households and population by sex, all persons incl. military, by shi/ku/machi/mura (Statistics Bureau, e-Stat)","e-Stat statInfId 000007914029, PDF page 16",machi (town); municipal boundary as of 1940-10-01
Gunchu,,Ehime,10855,1940-10-01,0,0,"Showa 15 (1940) Population Census, Table 1: households and population by sex, all persons incl. military, by shi/ku/machi/mura (Statistics Bureau, e-Stat)","e-Stat statInfId 000007914032, PDF page 6",machi (town); municipal boundary as of 1940-10-01
Heisaka,,Aichi,10798,1940-10-01,0,0,"Showa 15 (1940) Population Census, Table 1: households and population by sex, all persons incl. military, by shi/ku/machi/mura (Statistics Bureau, e-Stat)","e-Stat statInfId 000007914030, PDF page 39",machi (town); municipal boundary as of 1940-10-01
Tomita,,Mie,10749,1940-10-01,0,0,"Showa 15 (1940) Population Census, Table 1: households and population by sex, all persons incl. military, by shi/ku/machi/mura (Statistics Bureau, e-Stat)","e-Stat statInfId 000007914031, PDF page 2",machi (town); municipal boundary as of 1940-10-01
Kurosawajiri,,Iwate,10702,1940-10-01,0,0,"Showa 15 (1940) Population Census, Table 1: households and population by sex, all persons incl. military, by shi/ku/machi/mura (Statistics Bureau, e-Stat)","e-Stat statInfId 000007914029, PDF page 7",machi (town); municipal boundary as of 1940-10-01
Machida,,Tokyo,10675,1940-10-01,0,0,"Showa 15 (1940) Population Census, Table 1: households and population by sex, all persons incl. military, by shi/ku/machi/mura (Statistics Bureau, e-Stat)","e-Stat statInfId 000007914030, PDF page 6",machi (town); municipal boundary as of 1940-10-01
Fukawa,,Yamaguchi,10674,1940-10-01,0,0,"Showa 15 (1940) Population Census, Table 1: households and population by sex, all persons incl. military, by shi/ku/machi/mura (Statistics Bureau, e-Stat)","e-Stat statInfId 000007914031, PDF page 39",machi (town); municipal boundary as of 1940-10-01
Saijo,,Hiroshima,10665,1940-10-01,0,0,"Showa 15 (1940) Population Census, Table 1: households and population by sex, all persons incl. military, by shi/ku/machi/mura (Statistics Bureau, e-Stat)","e-Stat statInfId 000007914031, PDF page 34",machi (town); municipal boundary as of 1940-10-01
Akae,,Miyazaki,10630,1940-10-01,0,0,"Showa 15 (1940) Population Census, Table 1: households and population by sex, all persons incl. military, by shi/ku/machi/mura (Statistics Bureau, e-Stat)","e-Stat statInfId 000007914032, PDF page 25",machi (town); municipal boundary as of 1940-10-01
Mogi,,Nagasaki,10613,1940-10-01,0,0,"Showa 15 (1940) Population Census, Table 1: households and population by sex, all persons incl. military, by shi/ku/machi/mura (Statistics Bureau, e-Stat)","e-Stat statInfId 000007914032, PDF page 16",machi (town); municipal boundary as of 1940-10-01
Takada,,Oita,10604,1940-10-01,0,0,"Showa 15 (1940) Population Census, Table 1: households and population by sex, all persons incl. military, by shi/ku/machi/mura (Statistics Bureau, e-Stat)","e-Stat statInfId 000007914032, PDF page 22",machi (town); municipal boundary as of 1940-10-01
Shizunai,,Hokkaido,10588,1940-10-01,0,0,"Showa 15 (1940) Population Census, Table 1: households and population by sex, all persons incl. military, by shi/ku/machi/mura (Statistics Bureau, e-Stat)","e-Stat statInfId 000007914029, PDF page 3",machi (town); municipal boundary as of 1940-10-01
Horinouchi,,Niigata,10587,1940-10-01,0,0,"Showa 15 (1940) Population Census, Table 1: households and population by sex, all persons incl. military, by shi/ku/machi/mura (Statistics Bureau, e-Stat)","e-Stat statInfId 000007914030, PDF page 11",machi (town); municipal boundary as of 1940-10-01
Oiso,,Kanagawa,10586,1940-10-01,0,0,"Showa 15 (1940) Population Census, Table 1: households and population by sex, all persons incl. military, by shi/ku/machi/mura (Statistics Bureau, e-Stat)","e-Stat statInfId 000007914030, PDF page 8",machi (town); municipal boundary as of 1940-10-01
Fukagawa,,Hokkaido,10562,1940-10-01,0,0,"Showa 15 (1940) Population Census, Table 1: households and population by sex, all persons incl. military, by shi/ku/machi/mura (Statistics Bureau, e-Stat)","e-Stat statInfId 000007914029, PDF page 2",machi (town); municipal boundary as of 1940-10-01
Makuhari,,Chiba,10543,1940-10-01,0,0,"Showa 15 (1940) Population Census, Table 1: households and population by sex, all persons incl. military, by shi/ku/machi/mura (Statistics Bureau, e-Stat)","e-Stat statInfId 000007914030, PDF page 3",machi (town); municipal boundary as of 1940-10-01
Hiraoka,,Osaka,10520,1940-10-01,0,0,"Showa 15 (1940) Population Census, Table 1: households and population by sex, all persons incl. military, by shi/ku/machi/mura (Statistics Bureau, e-Stat)","e-Stat statInfId 000007914031, PDF page 12",machi (town); municipal boundary as of 1940-10-01
Bansei,,Kagoshima,10507,1940-10-01,0,0,"Showa 15 (1940) Population Census, Table 1: households and population by sex, all persons incl. military, by shi/ku/machi/mura (Statistics Bureau, e-Stat)","e-Stat statInfId 000007914032, PDF page 26",machi (town); municipal boundary as of 1940-10-01
Ogaki,,Hiroshima,10478,1940-10-01,0,0,"Showa 15 (1940) Population Census, Table 1: households and population by sex, all persons incl. military, by shi/ku/machi/mura (Statistics Bureau, e-Stat)","e-Stat statInfId 000007914031, PDF page 33",machi (town); municipal boundary as of 1940-10-01
Aburatsu,,Miyazaki,10475,1940-10-01,0,0,"Showa 15 (1940) Population Census, Table 1: households and population by sex, all persons incl. military, by shi/ku/machi/mura (Statistics Bureau, e-Stat)","e-Stat statInfId 000007914032, PDF page 25",machi (town); municipal boundary as of 1940-10-01
Tomo,,Hiroshima,10464,1940-10-01,0,0,"Showa 15 (1940) Population Census, Table 1: households and population by sex, all persons incl. military, by shi/ku/machi/mura (Statistics Bureau, e-Stat)","e-Stat statInfId 000007914031, PDF page 36",machi (town); municipal boundary as of 1940-10-01
Ominato,,Aomori,10455,1940-10-01,0,0,"Showa 15 (1940) Population Census, Table 1: households and population by sex, all persons incl. military, by shi/ku/machi/mura (Statistics Bureau, e-Stat)","e-Stat statInfId 000007914029, PDF page 6",machi (town); municipal boundary as of 1940-10-01
Hanawa,,Akita,10422,1940-10-01,0,0,"Showa 15 (1940) Population Census, Table 1: households and population by sex, all persons incl. military, by shi/ku/machi/mura (Statistics Bureau, e-Stat)","e-Stat statInfId 000007914029, PDF page 12",machi (town); municipal boundary as of 1940-10-01
Hasaki,,Ibaraki,10401,1940-10-01,0,0,"Showa 15 (1940) Population Census, Table 1: households and population by sex, all persons incl. military, by shi/ku/machi/mura (Statistics Bureau, e-Stat)","e-Stat statInfId 000007914029, PDF page 25",machi (town); municipal boundary as of 1940-10-01
Shichinohe,,Aomori,10377,1940-10-01,0,0,"Showa 15 (1940) Population Census, Table 1: households and population by sex, all persons incl. military, by shi/ku/machi/mura (Statistics Bureau, e-Stat)","e-Stat statInfId 000007914029, PDF page 6",machi (town); municipal boundary as of 1940-10-01
Tsurajima,,Okayama,10355,1940-10-01,0,0,"Showa 15 (1940) Population Census, Table 1: households and population by sex, all persons incl. military, by shi/ku/machi/mura (Statistics Bureau, e-Stat)","e-Stat statInfId 000007914031, PDF page 30",machi (town); municipal boundary as of 1940-10-01
Togane,,Chiba,10339,1940-10-01,0,0,"Showa 15 (1940) Population Census, Table 1: households and population by sex, all persons incl. military, by shi/ku/machi/mura (Statistics Bureau, e-Stat)","e-Stat statInfId 000007914030, PDF page 3",machi (town); municipal boundary as of 1940-10-01
Isohara,,Ibaraki,10332,1940-10-01,0,0,"Showa 15 (1940) Population Census, Table 1: households and population by sex, all persons incl. military, by shi/ku/machi/mura (Statistics Bureau, e-Stat)","e-Stat statInfId 000007914029, PDF page 24",machi (town); municipal boundary as of 1940-10-01
Takeo,,Saga,10316,1940-10-01,0,0,"Showa 15 (1940) Population Census, Table 1: households and population by sex, all persons incl. military, by shi/ku/machi/mura (Statistics Bureau, e-Stat)","e-Stat statInfId 000007914032, PDF page 15",machi (town); municipal boundary as of 1940-10-01
Urakawa,,Hokkaido,10308,1940-10-01,0,0,"Showa 15 (1940) Population Census, Table 1: households and population by sex, all persons incl. military, by shi/ku/machi/mura (Statistics Bureau, e-Stat)","e-Stat statInfId 000007914029, PDF page 3",machi (town); municipal boundary as of 1940-10-01
Arai,,Shizuoka,10302,1940-10-01,0,0,"Showa 15 (1940) Population Census, Table 1: households and population by sex, all persons incl. military, by shi/ku/machi/mura (Statistics Bureau, e-Stat)","e-Stat statInfId 000007914030, PDF page 36",machi (town); municipal boundary as of 1940-10-01
Mitsuke,,Shizuoka,10268,1940-10-01,0,0,"Showa 15 (1940) Population Census, Table 1: households and population by sex, all persons incl. military, by shi/ku/machi/mura (Statistics Bureau, e-Stat)","e-Stat statInfId 000007914030, PDF page 35",machi (town); municipal boundary as of 1940-10-01
Obama,,Nagasaki,10249,1940-10-01,0,0,"Showa 15 (1940) Population Census, Table 1: households and population by sex, all persons incl. military, by shi/ku/machi/mura (Statistics Bureau, e-Stat)","e-Stat statInfId 000007914032, PDF page 16",machi (town); municipal boundary as of 1940-10-01
Fujioka,,Gumma,10206,1940-10-01,0,0,"Showa 15 (1940) Population Census, Table 1: households and population by sex, all persons incl. military, by shi/ku/machi/mura (Statistics Bureau, e-Stat)","e-Stat statInfId 000007914029, PDF page 30",machi (town); municipal boundary as of 1940-10-01
Maruko,,Nagano,10186,1940-10-01,0,0,"Showa 15 (1940) Population Census, Table 1: households and population by sex, all persons incl. military, by shi/ku/machi/mura (Statistics Bureau, e-Stat)","e-Stat statInfId 000007914030, PDF page 25",machi (town); municipal boundary as of 1940-10-01
Otake,,Hiroshima,10178,1940-10-01,0,0,"Showa 15 (1940) Population Census, Table 1: households and population by sex, all persons incl. military, by shi/ku/machi/mura (Statistics Bureau, e-Stat)","e-Stat statInfId 000007914031, PDF page 33",machi (town); municipal boundary as of 1940-10-01; figure read visually from scan (OCR failed)
Teradomari,,Niigata,10175,1940-10-01,0,0,"Showa 15 (1940) Population Census, Table 1: households and population by sex, all persons incl. military, by shi/ku/machi/mura (Statistics Bureau, e-Stat)","e-Stat statInfId 000007914030, PDF page 11",machi (town); municipal boundary as of 1940-10-01
Hisai,,Mie,10167,1940-10-01,0,0,"Showa 15 (1940) Population Census, Table 1: households and population by sex, all persons incl. military, by shi/ku/machi/mura (Statistics Bureau, e-Stat)","e-Stat statInfId 000007914031, PDF page 2",machi (town); municipal boundary as of 1940-10-01
Ujiie,,Tochigi,10150,1940-10-01,0,0,"Showa 15 (1940) Population Census, Table 1: households and population by sex, all persons incl. military, by shi/ku/machi/mura (Statistics Bureau, e-Stat)","e-Stat statInfId 000007914029, PDF page 29",machi (town); municipal boundary as of 1940-10-01
Namerikawa,,Toyama,10146,1940-10-01,0,0,"Showa 15 (1940) Population Census, Table 1: households and population by sex, all persons incl. military, by shi/ku/machi/mura (Statistics Bureau, e-Stat)","e-Stat statInfId 000007914030, PDF page 14",machi (town); municipal boundary as of 1940-10-01
Miyauchi,,Yamagata,10145,1940-10-01,0,0,"Showa 15 (1940) Population Census, Table 1: households and population by sex, all persons incl. military, by shi/ku/machi/mura (Statistics Bureau, e-Stat)","e-Stat statInfId 000007914029, PDF page 17",machi (town); municipal boundary as of 1940-10-01
Nakajo,,Niigata,10133,1940-10-01,0,0,"Showa 15 (1940) Population Census, Table 1: households and population by sex, all persons incl. military, by shi/ku/machi/mura (Statistics Bureau, e-Stat)","e-Stat statInfId 000007914030, PDF page 9",machi (town); municipal boundary as of 1940-10-01; figure read visually from scan (OCR failed)
Futagawa,,Aichi,10125,1940-10-01,0,0,"Showa 15 (1940) Population Census, Table 1: households and population by sex, all persons incl. military, by shi/ku/machi/mura (Statistics Bureau, e-Stat)","e-Stat statInfId 000007914030, PDF page 40",machi (town); municipal boundary as of 1940-10-01
Ojima,,Gumma,10113,1940-10-01,0,0,"Showa 15 (1940) Population Census, Table 1: households and population by sex, all persons incl. military, by shi/ku/machi/mura (Statistics Bureau, e-Stat)","e-Stat statInfId 000007914029, PDF page 31",machi (town); municipal boundary as of 1940-10-01
Suibara,,Niigata,10076,1940-10-01,0,0,"Showa 15 (1940) Population Census, Table 1: households and population by sex, all persons incl. military, by shi/ku/machi/mura (Statistics Bureau, e-Stat)","e-Stat statInfId 000007914030, PDF page 9",machi (town); municipal boundary as of 1940-10-01; figure read visually from scan (OCR failed)
Takaoka,,Miyazaki,10073,1940-10-01,0,0,"Showa 15 (1940) Population Census, Table 1: households and population by sex, all persons incl. military, by shi/ku/machi/mura (Statistics Bureau, e-Stat)","e-Stat statInfId 000007914032, PDF page 25",machi (town); municipal boundary as of 1940-10-01
Oyodo,,Nara,10071,1940-10-01,0,0,"Showa 15 (1940) Population Census, Table 1: households and population by sex, all persons incl. military, by shi/ku/machi/mura (Statistics Bureau, e-Stat)","e-Stat statInfId 000007914031, PDF page 20",machi (town); municipal boundary as of 1940-10-01
Okubo,,Hyogo,10070,1940-10-01,0,0,"Showa 15 (1940) Population Census, Table 1: households and population by sex, all persons incl. military, by shi/ku/machi/mura (Statistics Bureau, e-Stat)","e-Stat statInfId 000007914031, PDF page 14",machi (town); municipal boundary as of 1940-10-01
Matsushima,,Miyagi,10064,1940-10-01,0,0,"Showa 15 (1940) Population Census, Table 1: households and population by sex, all persons incl. military, by shi/ku/machi/mura (Statistics Bureau, e-Stat)","e-Stat statInfId 000007914029, PDF page 10",machi (town); municipal boundary as of 1940-10-01
Tochio,,Niigata,10035,1940-10-01,0,0,"Showa 15 (1940) Population Census, Table 1: households and population by sex, all persons incl. military, by shi/ku/machi/mura (Statistics Bureau, e-Stat)","e-Stat statInfId 000007914030, PDF page 11",machi (town); municipal boundary as of 1940-10-01
Ohama,,Aichi,10026,1940-10-01,0,0,"Showa 15 (1940) Population Census, Table 1: households and population by sex, all persons incl. military, by shi/ku/machi/mura (Statistics Bureau, e-Stat)","e-Stat statInfId 000007914030, PDF page 39",machi (town); municipal boundary as of 1940-10-01
Goshogawara,,Aomori,10024,1940-10-01,0,0,"Showa 15 (1940) Population Census, Table 1: households and population by sex, all persons incl. military, by shi/ku/machi/mura (Statistics Bureau, e-Stat)","e-Stat statInfId 000007914029, PDF page 6",machi (town); municipal boundary as of 1940-10-01
Yamashiro,,Saga,10019,1940-10-01,0,0,"Showa 15 (1940) Population Census, Table 1: households and population by sex, all persons incl. military, by shi/ku/machi/mura (Statistics Bureau, e-Stat)","e-Stat statInfId 000007914032, PDF page 15",machi (town); municipal boundary as of 1940-10-01
Moka,,Tochigi,10014,1940-10-01,0,0,"Showa 15 (1940) Population Census, Table 1: households and population by sex, all persons incl. military, by shi/ku/machi/mura (Statistics Bureau, e-Stat)","e-Stat statInfId 000007914029, PDF page 28",machi (town); municipal boundary as of 1940-10-01
Kasama,,Ibaraki,10012,1940-10-01,0,0,"Showa 15 (1940) Population Census, Table 1: households and population by sex, all persons incl. military, by shi/ku/machi/mura (Statistics Bureau, e-Stat)","e-Stat statInfId 000007914029, PDF page 23",machi (town); municipal boundary as of 1940-10-01
