state,county_printed,fips,fallout_band,fallout_rank,pop_1985_napb,area_sqmi,blast_band,blast_rank,page,printed_page
Connecticut,Fairfield,09001,low (<3000 R),0,818293,632,very high (>=10 psi),4,B301,B-12
Connecticut,Hartford,09003,low (<3000 R),0,819457,739,very high (>=10 psi),4,B301,B-12
Connecticut,Litchfield,09005,low (<3000 R),0,160885,922,low (0.5-2 psi),1,B301,B-12
Connecticut,Middlesex,09007,low (<3000 R),0,133498,373,low (0.5-2 psi),1,B301,B-12
Connecticut,New Haven,09009,low (<3000 R),0,771603,610,very high (>=10 psi),4,B301,B-12
Connecticut,New London,09011,medium (3000-6000 R),1,246137,669,very high (>=10 psi),4,B301,B-12
Connecticut,Tolland,09013,low (<3000 R),0,120464,412,very high (>=10 psi),4,B301,B-12
Connecticut,Windham,09015,medium (3000-6000 R),1,95124,515,low (0.5-2 psi),1,B301,B-12
Maine,Androscoggin,23001,low (<3000 R),0,100112,477,medium (2-5 psi),2,B303,B-14
Maine,Aroostook,23003,medium (3000-6000 R),1,88277,6721,very high (>=10 psi),4,B303,B-14
Maine,Cumberland,23005,low (<3000 R),0,225058,876,very high (>=10 psi),4,B303,B-14
Maine,Franklin,23007,low (<3000 R),0,29408,1699,no (<0.5 psi),0,B303,B-14
Maine,Hancock,23009,low (<3000 R),0,43805,1537,low (0.5-2 psi),1,B303,B-14
Maine,Kennebec,23011,low (<3000 R),0,112723,876,low (0.5-2 psi),1,B303,B-14
Maine,Knos,23013,low (<3000 R),0,34496,370,no (<0.5 psi),0,B303,B-14
Maine,Lincoln,23015,low (<3000 R),0,27958,458,no (<0.5 psi),0,B303,B-14
Maine,Osford,23017,low (<3000 R),0,49771,2053,no (<0.5 psi),0,B303,B-14
Maine,Penobscot,23019,low (<3000 R),0,138771,3430,very high (>=10 psi),4,B303,B-14
Maine,Piscataquis,23021,low (<3000 R),0,18065,3986,high (5-10 psi),3,B303,B-14
Maine,Sagadahoc,23023,low (<3000 R),0,30689,257,very high (>=10 psi),4,B303,B-14
Maine,Somerset,23025,low (<3000 R),0,46806,3931,low (0.5-2 psi),1,B303,B-14
Maine,Waldo,23027,low (<3000 R),0,26692,730,low (0.5-2 psi),1,B303,B-14
Maine,Washington,23029,low (<3000 R),0,33858,2586,no (<0.5 psi),0,B303,B-14
Maine,York,23031,low (<3000 R),0,154389,1008,very high (>=10 psi),4,B303,B-14
Massachusets,Bristol,25005,low (<3000 R),0,478662,557,very high (>=10 psi),4,B305,B-16
Massachusets,Dukes,25007,low (<3000 R),0,10337,102,low (0.5-2 psi),1,B305,B-16
Massachusets,Essex,25009,low (<3000 R),0,648793,495,very high (>=10 psi),4,B305,B-16
Massachusets,Franklin,25011,low (<3000 R),0,64987,702,low (0.5-2 psi),1,B305,B-16
Massachusets,Hampden,25013,low (<3000 R),0,442601,618,very high (>=10 psi),4,B305,B-16
Massachusets,Hampshire,25015,low (<3000 R),0,141781,528,high (5-10 psi),3,B305,B-16
Massachusets,Middlesex,25017,low (<3000 R),0,1369905,822,very high (>=10 psi),4,B305,B-16
Massachusets,Nantucket,25019,low (<3000 R),0,6070,47,no (<0.5 psi),0,B305,B-16
Massachusets,Norfolk,25021,low (<3000 R),0,602837,400,very high (>=10 psi),4,B305,B-16
Massachusets,Plymouth,25023,low (<3000 R),0,420708,655,very high (>=10 psi),4,B305,B-16
Massachusets,Suffolk,25025,low (<3000 R),0,660972,57,very high (>=10 psi),4,B305,B-16
Massachusets,Worcester,25027,medium (3000-6000 R),1,655822,1514,medium (2-5 psi),2,B305,B-16
New Hampshire,Belknap,33001,low (<3000 R),0,46034,404,no (<0.5 psi),0,B307,B-18
New Hampshire,Carroll,33003,low (<3000 R),0,30428,932,no (<0.5 psi),0,B307,B-18
New Hampshire,Cheshire,33005,low (<3000 R),0,64644,711,no (<0.5 psi),0,B307,B-18
New Hampshire,Coos,33007,low (<3000 R),0,33352,1805,no (<0.5 psi),0,B307,B-18
New Hampshire,Grafton,33009,low (<3000 R),0,68735,1719,no (<0.5 psi),0,B307,B-18
New Hampshire,Hillsborough,33011,low (<3000 R),0,299744,876,very high (>=10 psi),4,B307,B-18
New Hampshire,Merrimack,33013,low (<3000 R),0,103605,936,medium (2-5 psi),2,B307,B-18
New Hampshire,Rockingham,33015,low (<3000 R),0,212199,699,very high (>=10 psi),4,B307,B-18
New Hampshire,Strafford,33017,low (<3000 R),0,93819,370,medium (2-5 psi),2,B307,B-18
New Hampshire,Sullivan,33019,low (<3000 R),0,37877,540,no (<0.5 psi),0,B307,B-18
Rhode Island,Bristol,44001,low (<3000 R),0,46484,26,high (5-10 psi),3,B309,B-20
Rhode Island,Kent,44003,low (<3000 R),0,158247,172,very high (>=10 psi),4,B309,B-20
Rhode Island,Newport,44005,low (<3000 R),0,84236,107,very high (>=10 psi),4,B309,B-20
Rhode Island,Providence,44007,medium (3000-6000 R),1,578010,416,very high (>=10 psi),4,B309,B-20
Rhode Island,Washington,44009,low (<3000 R),0,98494,333,very high (>=10 psi),4,B309,B-20
Vermont,Addison,50001,medium (3000-6000 R),1,31248,773,medium (2-5 psi),2,B311,B-22
Vermont,Bennington,50003,low (<3000 R),0,34937,676,no (<0.5 psi),0,B311,B-22
Vermont,Caledonia,50005,low (<3000 R),0,26478,651,no (<0.5 psi),0,B311,B-22
Vermont,Chittenden,50007,medium (3000-6000 R),1,123194,540,very high (>=10 psi),4,B311,B-22
Vermont,Essex,50009,low (<3000 R),0,6646,666,no (<0.5 psi),0,B311,B-22
Vermont,Franklin,50011,medium (3000-6000 R),1,36337,649,medium (2-5 psi),2,B311,B-22
Vermont,Grand Isle,50013,medium (3000-6000 R),1,5002,89,medium (2-5 psi),2,B311,B-22
Vermont,Lamoille,50015,medium (3000-6000 R),1,17676,461,no (<0.5 psi),0,B311,B-22
Vermont,Orange,50017,low (<3000 R),0,24019,690,no (<0.5 psi),0,B311,B-22
Vermont,Orleans,50019,medium (3000-6000 R),1,23993,697,no (<0.5 psi),0,B311,B-22
Vermont,Rutland,50021,low (<3000 R),0,59226,932,no (<0.5 psi),0,B311,B-22
Vermont,Washinton,50023,low (<3000 R),0,53831,690,no (<0.5 psi),0,B311,B-22
Vermont,Windham,50025,low (<3000 R),0,38786,786,no (<0.5 psi),0,B311,B-22
Vermont,Windsor,50027,low (<3000 R),0,53112,972,no (<0.5 psi),0,B311,B-22
New Jersey,Atlantic,34001,low (<3000 R),0,202977,568,very high (>=10 psi),4,B314,B-26
New Jersey,Bergen,34003,low (<3000 R),0,843976,237,high (5-10 psi),3,B314,B-26
New Jersey,Burlington,34005,low (<3000 R),0,382675,808,very high (>=10 psi),4,B314,B-26
New Jersey,Camden,34007,low (<3000 R),0,484532,223,very high (>=10 psi),4,B314,B-26
New Jersey,Cape May,34009,low (<3000 R),0,90810,263,medium (2-5 psi),2,B314,B-26
New Jersey,Cumberland,34011,low (<3000 R),0,133582,498,medium (2-5 psi),2,B314,B-26
New Jersey,Essex,34013,low (<3000 R),0,826857,127,high (5-10 psi),3,B314,B-26
New Jersey,Gloucester,34015,low (<3000 R),0,209076,327,very high (>=10 psi),4,B314,B-26
New Jersey,Hudson,34017,low (<3000 R),0,560606,46,high (5-10 psi),3,B314,B-26
New Jersey,Hunterdon,34019,low (<3000 R),0,93887,427,medium (2-5 psi),2,B314,B-26
New Jersey,Mercer,34021,low (<3000 R),0,315518,227,very high (>=10 psi),4,B314,B-26
New Jersey,Middlesex,34023,low (<3000 R),0,623943,316,very high (>=10 psi),4,B314,B-26
New Jersey,Monmouth,34025,low (<3000 R),0,530780,472,very high (>=10 psi),4,B314,B-26
New Jersey,Morris,34027,low (<3000 R),0,420366,471,very high (>=10 psi),4,B314,B-26
New Jersey,Ocean,34029,medium (3000-6000 R),1,382488,641,very high (>=10 psi),4,B314,B-26
New Jersey,Passaic,34031,low (<3000 R),0,457120,187,very high (>=10 psi),4,B314,B-26
New Jersey,Salem,34033,low (<3000 R),0,66592,338,very high (>=10 psi),4,B314,B-26
New Jersey,Somerset,34035,low (<3000 R),0,212791,305,very high (>=10 psi),4,B314,B-26
New Jersey,Sussex,34037,low (<3000 R),0,121242,525,medium (2-5 psi),2,B314,B-26
New Jersey,Union,34039,low (<3000 R),0,505786,103,very high (>=10 psi),4,B314,B-26
New Jersey,Warren,34041,low (<3000 R),0,85557,359,high (5-10 psi),3,B314,B-26
New York,Albany,36001,low (<3000 R),0,285433,524,very high (>=10 psi),4,B316,B-28
New York,Allegany,36003,low (<3000 R),0,51343,1032,no (<0.5 psi),0,B316,B-28
New York,Bronx,36005,low (<3000 R),0,1173939,42,very high (>=10 psi),4,B316,B-28
New York,Broome,36007,low (<3000 R),0,213451,712,no (<0.5 psi),0,B316,B-28
New York,Cattaraugus,36009,low (<3000 R),0,86102,1306,high (5-10 psi),3,B316,B-28
New York,Cayuga,36011,low (<3000 R),0,80381,695,medium (2-5 psi),2,B316,B-28
New York,Chautauqua,36013,medium (3000-6000 R),1,146038,1064,medium (2-5 psi),2,B316,B-28
New York,Chemung,36015,low (<3000 R),0,92406,411,no (<0.5 psi),0,B316,B-28
New York,Chenango,36017,low (<3000 R),0,50447,897,no (<0.5 psi),0,B316,B-28
New York,Clinton,36019,low (<3000 R),0,80924,1043,very high (>=10 psi),4,B316,B-28
New York,Columbia,36021,low (<3000 R),0,61646,638,medium (2-5 psi),2,B316,B-28
New York,Cortland,36023,low (<3000 R),0,47988,500,no (<0.5 psi),0,B316,B-28
New York,Delaware,36025,low (<3000 R),0,46664,1440,no (<0.5 psi),0,B316,B-28
New York,Dutchess,36027,low (<3000 R),0,255073,804,very high (>=10 psi),4,B316,B-28
New York,Erie,36029,low (<3000 R),0,977687,1046,very high (>=10 psi),4,B316,B-28
New York,Essex,36031,medium (3000-6000 R),1,36733,1807,medium (2-5 psi),2,B316,B-28
New York,Franklin,36033,low (<3000 R),0,43604,1642,no (<0.5 psi),0,B316,B-28
New York,Fulton,36035,medium (3000-6000 R),1,56407,497,low (0.5-2 psi),1,B316,B-28
New York,Genesee,36037,low (<3000 R),0,56691,495,no (<0.5 psi),0,B316,B-28
New York,Greene,36039,low (<3000 R),0,41477,648,low (0.5-2 psi),1,B316,B-28
New York,Hamilton,36041,medium (3000-6000 R),1,4806,1721,low (0.5-2 psi),1,B316,B-28
New York,Herkimer,36043,medium (3000-6000 R),1,67691,1417,medium (2-5 psi),2,B316,B-28
New York,Jefferson,36045,low (<3000 R),0,89068,1273,very high (>=10 psi),4,B316,B-28
New York,Kings,36047,low (<3000 R),0,2259554,70,very high (>=10 psi),4,B316,B-28
New York,Lewis,36049,low (<3000 R),0,24945,1283,low (0.5-2 psi),1,B316,B-28
New York,Livingston,36051,low (<3000 R),0,58866,633,low (0.5-2 psi),1,B317,B-29
New York,Madison,36053,low (<3000 R),0,67406,656,low (0.5-2 psi),1,B317,B-29
New York,Monroe,36055,low (<3000 R),0,713316,663,very high (>=10 psi),4,B317,B-29
New York,Montgomery,36057,medium (3000-6000 R),1,53004,404,low (0.5-2 psi),1,B317,B-29
New York,Nassau,36059,low (<3000 R),0,1342306,287,very high (>=10 psi),4,B317,B-29
New York,New York,36061,low (<3000 R),0,1463052,22,very high (>=10 psi),4,B317,B-29
New York,Niagara,36063,low (<3000 R),0,217492,526,very high (>=10 psi),4,B317,B-29
New York,Oneida,36065,medium (3000-6000 R),1,253963,1219,very high (>=10 psi),4,B317,B-29
New York,Onondaga,36067,low (<3000 R),0,464441,785,very high (>=10 psi),4,B317,B-29
New York,Ontario,36069,low (<3000 R),0,92890,644,high (5-10 psi),3,B317,B-29
New York,Orange,36071,low (<3000 R),0,276972,826,no (<0.5 psi),0,B317,B-29
New York,Orleans,36073,low (<3000 R),0,39425,391,no (<0.5 psi),0,B317,B-29
New York,Oswego,36075,low (<3000 R),0,120383,954,very high (>=10 psi),4,B317,B-29
New York,Otsego,36077,medium (3000-6000 R),1,59978,1004,low (0.5-2 psi),1,B317,B-29
New York,Putnam,36079,low (<3000 R),0,81774,231,no (<0.5 psi),0,B317,B-29
New York,Queens,36081,low (<3000 R),0,1916194,108,very high (>=10 psi),4,B317,B-29
New York,Rensselaer,36083,low (<3000 R),0,152266,655,very high (>=10 psi),4,B317,B-29
New York,Richmond,36085,low (<3000 R),0,375223,59,very high (>=10 psi),4,B317,B-29
New York,Rockland,36087,low (<3000 R),0,265505,175,low (0.5-2 psi),1,B317,B-29
New York,St Lawrence,36089,low (<3000 R),0,113496,2728,no (<0.5 psi),0,B317,B-29
New York,Saratoga,36091,low (<3000 R),0,161216,810,very high (>=10 psi),4,B317,B-29
New York,Schenectady,36093,low (<3000 R),0,151139,206,very high (>=10 psi),4,B317,B-29
New York,Schoharie,36095,medium (3000-6000 R),1,30392,624,low (0.5-2 psi),1,B317,B-29
New York,Schuyler,36097,low (<3000 R),0,17721,329,low (0.5-2 psi),1,B317,B-29
New York,Seneca,36099,low (<3000 R),0,32754,327,very high (>=10 psi),4,B317,B-29
New York,Steuben,36101,low (<3000 R),0,99365,1396,no (<0.5 psi),0,B318,B-30
New York,Suffolk,36103,low (<3000 R),0,1322809,912,very high (>=10 psi),4,B318,B-30
New York,Sullivan,36105,low (<3000 R),0,67719,976,no (<0.5 psi),0,B318,B-30
New York,Tioga,36107,low (<3000 R),0,50776,519,no (<0.5 psi),0,B318,B-30
New York,Tompkins,36109,low (<3000 R),0,88051,477,low (0.5-2 psi),1,B318,B-30
New York,Ulster,36111,low (<3000 R),0,163741,1131,high (5-10 psi),3,B318,B-30
New York,Warren,36113,low (<3000 R),0,55645,882,very high (>=10 psi),4,B318,B-30
New York,Washington,36115,low (<3000 R),0,56349,836,medium (2-5 psi),2,B318,B-30
New York,Wayne,36117,low (<3000 R),0,88815,603,medium (2-5 psi),2,B318,B-30
New York,Westchester,36119,low (<3000 R),0,866945,438,very high (>=10 psi),4,B318,B-30
New York,Wyoming,36121,low (<3000 R),0,40761,595,no (<0.5 psi),0,B318,B-30
New York,Yates,36123,low (<3000 R),0,21495,339,medium (2-5 psi),2,B318,B-30
Territory Of Puerto Rico,All Counties,,low (<3000 R),0,3196520,3459,,,B320,B-32
Delaware,Kent,10001,low (<3000 R),0,15037,595,very high (>=10 psi),4,B325,B-38
Delaware,New Castle,10003,low (<3000 R),0,409985,396,very high (>=10 psi),4,B325,B-38
Delaware,Sussex,10005,low (<3000 R),0,105207,942,no (<0.5 psi),0,B325,B-38
District Of Columbia,Dist. of Columbia,11001,low (<3000 R),0,618906,63,very high (>=10 psi),4,B327,B-40
Maryland,Allegany,24001,low (<3000 R),0,76002,421,very high (>=10 psi),4,B329,B-42
Maryland,Anne Arundel,24003,low (<3000 R),0,393425,419,very high (>=10 psi),4,B329,B-42
Maryland,Baltimore,24005,low (<3000 R),0,677372,598,very high (>=10 psi),4,B329,B-42
Maryland,Calvert,24009,low (<3000 R),0,40418,213,very high (>=10 psi),4,B329,B-42
Maryland,Caroline,24011,low (<3000 R),0,23715,321,low (0.5-2 psi),1,B329,B-42
Maryland,Carroll,24013,low (<3000 R),0,106853,452,high (5-10 psi),3,B329,B-42
Maryland,Cecil,24015,low (<3000 R),0,66776,359,very high (>=10 psi),4,B329,B-42
Maryland,Charles,24017,low (<3000 R),0,84030,452,very high (>=10 psi),4,B329,B-42
Maryland,Dorchester,24019,low (<3000 R),0,29717,593,medium (2-5 psi),2,B329,B-42
Maryland,Frederick,24021,low (<3000 R),0,126295,663,very high (>=10 psi),4,B329,B-42
Maryland,Garrett,24023,low (<3000 R),0,26913,657,low (0.5-2 psi),1,B329,B-42
Maryland,Harford,24025,low (<3000 R),0,152156,447,very high (>=10 psi),4,B329,B-42
Maryland,Howard,24027,low (<3000 R),0,139967,251,high (5-10 psi),3,B329,B-42
Maryland,Kent,24029,low (<3000 R),0,16679,278,medium (2-5 psi),2,B329,B-42
Maryland,Montgomery,24031,low (<3000 R),0,635241,495,very high (>=10 psi),4,B329,B-42
Maryland,Prince Georges,24033,low (<3000 R),0,678149,487,very high (>=10 psi),4,B329,B-42
Maryland,Queen Annes,24035,low (<3000 R),0,28229,372,low (0.5-2 psi),1,B329,B-42
Maryland,St Marys,24037,low (<3000 R),0,64355,373,very high (>=10 psi),4,B329,B-42
Maryland,Somerset,24039,low (<3000 R),0,18515,339,no (<0.5 psi),0,B329,B-42
Maryland,Talbot,24041,low (<3000 R),0,27117,259,low (0.5-2 psi),1,B329,B-42
Maryland,Washington,24043,low (<3000 R),0,111651,455,very high (>=10 psi),4,B329,B-42
Maryland,Wicomico,24045,low (<3000 R),0,66361,379,no (<0.5 psi),0,B329,B-42
Maryland,Worcester,24047,low (<3000 R),0,34039,475,no (<0.5 psi),0,B329,B-42
Maryland,Baltimore City,24510,low (<3000 R),0,757768,80,very high (>=10 psi),4,B329,B-42
Pennsylvania,Adams,42001,low (<3000 R),0,68459,521,very high (>=10 psi),4,B331,B-44
Pennsylvania,Allegheny,42003,low (<3000 R),0,1399652,727,very high (>=10 psi),4,B331,B-44
Pennsylvania,Armstrong,42005,low (<3000 R),0,83324,646,very high (>=10 psi),4,B331,B-44
Pennsylvania,Beaver,42007,low (<3000 R),0,197808,436,very high (>=10 psi),4,B331,B-44
Pennsylvania,Bedford,42009,low (<3000 R),0,48356,1017,low (0.5-2 psi),1,B331,B-44
Pennsylvania,Berks,42011,low (<3000 R),0,318305,861,very high (>=10 psi),4,B331,B-44
Pennsylvania,Blair,42013,low (<3000 R),0,133813,527,low (0.5-2 psi),1,B331,B-44
Pennsylvania,Bradford,42015,low (<3000 R),0,64199,1152,no (<0.5 psi),0,B331,B-44
Pennsylvania,Bucks,42017,low (<3000 R),0,515874,610,very high (>=10 psi),4,B331,B-44
Pennsylvania,Butler,42019,low (<3000 R),0,152040,789,very high (>=10 psi),4,B331,B-44
Pennsylvania,Cambria,42021,low (<3000 R),0,175533,691,low (0.5-2 psi),1,B331,B-44
Pennsylvania,Cameron,42023,low (<3000 R),0,6596,398,no (<0.5 psi),0,B331,B-44
Pennsylvania,Carbon,42025,low (<3000 R),0,54170,385,very high (>=10 psi),4,B331,B-44
Pennsylvania,Centre,42027,low (<3000 R),0,114856,1106,very high (>=10 psi),4,B331,B-44
Pennsylvania,Chester,42029,low (<3000 R),0,339008,758,very high (>=10 psi),4,B331,B-44
Pennsylvania,Clarion,42031,low (<3000 R),0,42996,607,very high (>=10 psi),4,B331,B-44
Pennsylvania,Clearfield,42033,low (<3000 R),0,84733,1149,low (0.5-2 psi),1,B331,B-44
Pennsylvania,Clinton,42035,low (<3000 R),0,39156,892,low (0.5-2 psi),1,B331,B-44
Pennsylvania,Columbia,42037,low (<3000 R),0,61778,486,very high (>=10 psi),4,B331,B-44
Pennsylvania,Crawford,42039,medium (3000-6000 R),1,89061,1011,no (<0.5 psi),0,B331,B-44
Pennsylvania,Cumberland,42041,low (<3000 R),0,186988,547,very high (>=10 psi),4,B331,B-44
Pennsylvania,Dauphin,42043,low (<3000 R),0,236650,528,very high (>=10 psi),4,B331,B-44
Pennsylvania,Delaware,42045,low (<3000 R),0,550418,184,very high (>=10 psi),4,B331,B-44
Pennsylvania,Elk,42047,low (<3000 R),0,37425,830,no (<0.5 psi),0,B331,B-44
Pennsylvania,Erie,42049,medium (3000-6000 R),1,282674,804,very high (>=10 psi),4,B331,B-44
Pennsylvania,Fayette,42051,low (<3000 R),0,159070,794,very high (>=10 psi),4,B332,B-45
Pennsylvania,Forest,42053,low (<3000 R),0,5018,428,no (<0.5 psi),0,B332,B-45
Pennsylvania,Franklin,42055,low (<3000 R),0,116866,774,very high (>=10 psi),4,B332,B-45
Pennsylvania,Fulton,42057,low (<3000 R),0,13721,437,low (0.5-2 psi),1,B332,B-45
Pennsylvania,Greene,42059,low (<3000 R),0,41362,577,very high (>=10 psi),4,B332,B-45
Pennsylvania,Huntingdon,42061,low (<3000 R),0,42811,877,low (0.5-2 psi),1,B332,B-45
Pennsylvania,Indiana,42063,low (<3000 R),0,93550,829,very high (>=10 psi),4,B332,B-45
Pennsylvania,Jefferson,42065,low (<3000 R),0,49051,656,very high (>=10 psi),4,B332,B-45
Pennsylvania,Juniata,42067,low (<3000 R),0,19980,392,no (<0.5 psi),0,B332,B-45
Pennsylvania,Lackawanna,42069,low (<3000 R),0,222969,461,very high (>=10 psi),4,B332,B-45
Pennsylvania,Lancaster,42071,low (<3000 R),0,386020,952,very high (>=10 psi),4,B332,B-45
Pennsylvania,Lawrence,42073,low (<3000 R),0,105403,363,medium (2-5 psi),2,B332,B-45
Pennsylvania,Lebanon,42075,low (<3000 R),0,111919,363,low (0.5-2 psi),1,B332,B-45
Pennsylvania,Lehigh,42077,low (<3000 R),0,277519,348,very high (>=10 psi),4,B332,B-45
Pennsylvania,Luzerne,42079,low (<3000 R),0,334652,891,medium (2-5 psi),2,B332,B-45
Pennsylvania,Lycoming,42081,low (<3000 R),0,116783,1237,very high (>=10 psi),4,B332,B-45
Pennsylvania,McKean,42083,low (<3000 R),0,48882,979,very high (>=10 psi),4,B332,B-45
Pennsylvania,Mercer,42085,medium (3000-6000 R),1,126574,672,medium (2-5 psi),2,B332,B-45
Pennsylvania,Mifflin,42087,low (<3000 R),0,46580,413,low (0.5-2 psi),1,B332,B-45
Pennsylvania,Monroe,42089,low (<3000 R),0,79149,609,medium (2-5 psi),2,B332,B-45
Pennsylvania,Montogmery,42091,low (<3000 R),0,662853,486,very high (>=10 psi),4,B332,B-45
Pennsylvania,Montour,42093,low (<3000 R),0,17066,131,low (0.5-2 psi),1,B332,B-45
Pennsylvania,Northampton,42095,low (<3000 R),0,232130,376,very high (>=10 psi),4,B332,B-45
Pennsylvania,Northumberland,42097,low (<3000 R),0,100144,461,low (0.5-2 psi),1,B332,B-45
Pennsylvania,Perry,42099,low (<3000 R),0,38081,557,medium (2-5 psi),2,B332,B-45
Pennsylvania,Philadelphia,42101,low (<3000 R),0,1636321,136,very high (>=10 psi),4,B332,B-45
Pennsylvania,Pike,42103,low (<3000 R),0,21143,551,no (<0.5 psi),0,B332,B-45
Pennsylvania,Potter,42105,low (<3000 R),0,18490,1081,no (<0.5 psi),0,B332,B-45
Pennsylvania,Schuylkill,42107,low (<3000 R),0,158879,781,medium (2-5 psi),2,B332,B-45
Pennsylvania,Snyder,42109,low (<3000 R),0,35824,329,no (<0.5 psi),0,B332,B-45
Pennsylvania,Somerset,42111,low (<3000 R),0,82007,1073,medium (2-5 psi),2,B333,B-46
Pennsylvania,Sullivan,42113,low (<3000 R),0,6159,451,low (0.5-2 psi),1,B333,B-46
Pennsylvania,Susquehanna,42115,low (<3000 R),0,39233,826,low (0.5-2 psi),1,B333,B-46
Pennsylvania,Tioga,42117,low (<3000 R),0,40093,1131,low (0.5-2 psi),1,B333,B-46
Pennsylvania,Union,42119,low (<3000 R),0,33796,317,low (0.5-2 psi),1,B333,B-46
Pennsylvania,Venango,42121,low (<3000 R),0,64445,679,very high (>=10 psi),4,B333,B-46
Pennsylvania,Warren,42123,low (<3000 R),0,47707,885,very high (>=10 psi),4,B333,B-46
Pennsylvania,Washington,42125,low (<3000 R),0,217162,858,medium (2-5 psi),2,B333,B-46
Pennsylvania,Wayne,42127,low (<3000 R),0,38414,731,medium (2-5 psi),2,B333,B-46
Pennsylvania,Westmoreland,42129,low (<3000 R),0,385141,1033,high (5-10 psi),3,B333,B-46
Pennsylvania,Wyoming,42131,low (<3000 R),0,27557,399,low (0.5-2 psi),1,B333,B-46
Pennsylvania,York,42133,low (<3000 R),0,324687,906,very high (>=10 psi),4,B333,B-46
Virginia,Accomack,51001,low (<3000 R),0,30877,476,medium (2-5 psi),2,B335,B-48
Virginia,Albemarle,51003,low (<3000 R),0,59605,725,low (0.5-2 psi),1,B335,B-48
Virginia,Alleghany,51005,low (<3000 R),0,13541,446,low (0.5-2 psi),1,B335,B-48
Virginia,Amelia,51007,low (<3000 R),0,8247,357,low (0.5-2 psi),1,B335,B-48
Virginia,Amherst,51009,low (<3000 R),0,29207,478,high (5-10 psi),3,B335,B-48
Virginia,Appomattox,51011,low (<3000 R),0,12380,336,low (0.5-2 psi),1,B335,B-48
Virginia,Arlington,51013,low (<3000 R),0,154597,26,very high (>=10 psi),4,B335,B-48
Virginia,Augusta,51015,low (<3000 R),0,54869,989,very high (>=10 psi),4,B335,B-48
Virginia,Bath,51017,low (<3000 R),0,5302,537,no (<0.5 psi),0,B335,B-48
Virginia,Bedford,51019,low (<3000 R),0,37379,747,high (5-10 psi),3,B335,B-48
Virginia,Bland,51021,low (<3000 R),0,6584,359,low (0.5-2 psi),1,B335,B-48
Virginia,Botetourt,51023,low (<3000 R),0,23987,545,very high (>=10 psi),4,B335,B-48
Virginia,Brunswick,51025,low (<3000 R),0,16369,563,low (0.5-2 psi),1,B335,B-48
Virginia,Buchanan,51027,low (<3000 R),0,37878,504,no (<0.5 psi),0,B335,B-48
Virginia,Buckingham,51029,low (<3000 R),0,11972,583,no (<0.5 psi),0,B335,B-48
Virginia,Campbell,51031,low (<3000 R),0,46194,505,high (5-10 psi),3,B335,B-48
Virginia,Caroline,51033,low (<3000 R),0,18878,536,very high (>=10 psi),4,B335,B-48
Virginia,Carroll,51035,low (<3000 R),0,28517,478,low (0.5-2 psi),1,B335,B-48
Virginia,Charles City,51036,low (<3000 R),0,6751,181,high (5-10 psi),3,B335,B-48
Virginia,Charlotte,51037,low (<3000 R),0,11840,476,no (<0.5 psi),0,B335,B-48
Virginia,Chesterfield,51041,low (<3000 R),0,164500,434,very high (>=10 psi),4,B335,B-48
Virginia,Clarke,51043,low (<3000 R),0,10212,178,very high (>=10 psi),4,B335,B-48
Virginia,Craig,51045,low (<3000 R),0,4029,330,low (0.5-2 psi),1,B335,B-48
Virginia,Culpeper,51047,low (<3000 R),0,23367,382,low (0.5-2 psi),1,B335,B-48
Virginia,Cumberland,51049,low (<3000 R),0,7883,300,no (<0.5 psi),0,B335,B-48
Virginia,Dickenson,51051,low (<3000 R),0,20223,331,no (<0.5 psi),0,B336,B-49
Virginia,Dinwiddie,51053,low (<3000 R),0,21091,507,medium (2-5 psi),2,B336,B-49
Virginia,Essex,51057,low (<3000 R),0,8754,263,no (<0.5 psi),0,B336,B-49
Virginia,Fairfax,51059,low (<3000 R),0,692187,393,very high (>=10 psi),4,B336,B-49
Virginia,Fauquier,51061,low (<3000 R),0,40110,651,very high (>=10 psi),4,B336,B-49
Virginia,Floyd,51063,low (<3000 R),0,11749,381,medium (2-5 psi),2,B336,B-49
Virginia,Fluvanna,51065,low (<3000 R),0,10519,290,no (<0.5 psi),0,B336,B-49
Virginia,Franklin,51067,low (<3000 R),0,37107,683,low (0.5-2 psi),1,B336,B-49
Virginia,Frederick,51069,low (<3000 R),0,35630,415,low (0.5-2 psi),1,B336,B-49
Virginia,Giles,51071,low (<3000 R),0,17799,362,medium (2-5 psi),2,B336,B-49
Virginia,Gloucester,51073,low (<3000 R),0,25841,225,low (0.5-2 psi),1,B336,B-49
Virginia,Goochland,51075,low (<3000 R),0,12676,281,low (0.5-2 psi),1,B336,B-49
Virginia,Grayson,51077,low (<3000 R),0,16832,446,no (<0.5 psi),0,B336,B-49
Virginia,Greene,51079,low (<3000 R),0,8522,157,no (<0.5 psi),0,B336,B-49
Virginia,Greensville,51081,low (<3000 R),0,10082,300,no (<0.5 psi),0,B336,B-49
Virginia,Halifax,51083,low (<3000 R),0,29663,816,high (5-10 psi),3,B336,B-49
Virginia,Hanover,51085,low (<3000 R),0,52693,468,medium (2-5 psi),2,B336,B-49
Virginia,Henrico,51087,low (<3000 R),0,195226,238,very high (>=10 psi),4,B336,B-49
Virginia,Henry,51089,low (<3000 R),0,56311,382,no (<0.5 psi),0,B336,B-49
Virginia,Highland,51091,low (<3000 R),0,2797,416,no (<0.5 psi),0,B336,B-49
Virginia,Isle of Wight,51093,low (<3000 R),0,23553,319,high (5-10 psi),3,B336,B-49
Virginia,James City,51095,low (<3000 R),0,25364,153,very high (>=10 psi),4,B336,B-49
Virginia,King & Queeen,51097,low (<3000 R),0,5897,317,no (<0.5 psi),0,B336,B-49
Virginia,King George,51099,low (<3000 R),0,11204,180,low (0.5-2 psi),1,B336,B-49
Virginia,King William,51101,low (<3000 R),0,9888,278,low (0.5-2 psi),1,B336,B-49
Virginia,Lancaster,51103,low (<3000 R),0,10760,133,no (<0.5 psi),0,B336,B-49
Virginia,Lee,51105,low (<3000 R),0,27010,437,no (<0.5 psi),0,B336,B-49
Virginia,Loudoun,51107,low (<3000 R),0,63985,521,very high (>=10 psi),4,B336,B-49
Virginia,Louisa,51109,low (<3000 R),0,18918,497,very high (>=10 psi),4,B336,B-49
Virginia,Lunenburg,51111,low (<3000 R),0,12155,432,medium (2-5 psi),2,B336,B-49
Virginia,Madison,51113,low (<3000 R),0,10609,322,no (<0.5 psi),0,B337,B-50
Virginia,Mathews,51115,low (<3000 R),0,8623,87,low (0.5-2 psi),1,B337,B-50
Virginia,Mecklenburg,51117,low (<3000 R),0,27798,616,no (<0.5 psi),0,B337,B-50
Virginia,Middlesex,51119,low (<3000 R),0,8286,134,no (<0.5 psi),0,B337,B-50
Virginia,Montgomery,51121,low (<3000 R),0,65379,390,very high (>=10 psi),4,B337,B-50
Virginia,Nelson,51125,low (<3000 R),0,12336,475,medium (2-5 psi),2,B337,B-50
Virginia,New Kent,51127,low (<3000 R),0,10111,213,low (0.5-2 psi),1,B337,B-50
Virginia,Northhamptom,51131,low (<3000 R),0,14097,226,medium (2-5 psi),2,B337,B-50
Virginia,Northumberland,51133,low (<3000 R),0,9918,185,no (<0.5 psi),0,B337,B-50
Virginia,Nottoway,51135,low (<3000 R),0,14182,317,very high (>=10 psi),4,B337,B-50
Virginia,Orange,51137,low (<3000 R),0,19053,342,low (0.5-2 psi),1,B337,B-50
Virginia,Page,51139,low (<3000 R),0,19593,313,no (<0.5 psi),0,B337,B-50
Virginia,Patrick,51141,low (<3000 R),0,17739,481,low (0.5-2 psi),1,B337,B-50
Virginia,Pittsylvania,51143,low (<3000 R),0,66604,995,low (0.5-2 psi),1,B337,B-50
Virginia,Powhatan,51145,low (<3000 R),0,13752,261,low (0.5-2 psi),1,B337,B-50
Virginia,Prince Edward,51147,low (<3000 R),0,16928,354,low (0.5-2 psi),1,B337,B-50
Virginia,Prince George,51149,low (<3000 R),0,26007,266,very high (>=10 psi),4,B337,B-50
Virginia,Prince William,51153,low (<3000 R),0,169165,339,very high (>=10 psi),4,B337,B-50
Virginia,Pulaski,51155,low (<3000 R),0,34978,318,very high (>=10 psi),4,B337,B-50
Virginia,Rappahannock,51157,low (<3000 R),0,6117,267,low (0.5-2 psi),1,B337,B-50
Virginia,Richmond,51159,low (<3000 R),0,6816,193,no (<0.5 psi),0,B337,B-50
Virginia,Roanoke,51161,low (<3000 R),0,74101,251,low (0.5-2 psi),1,B337,B-50
Virginia,Rockbridge,51163,low (<3000 R),0,18123,603,low (0.5-2 psi),1,B337,B-50
Virginia,Rockingham,51165,low (<3000 R),0,53179,865,low (0.5-2 psi),1,B337,B-50
Virginia,Russell,51167,low (<3000 R),0,33140,479,low (0.5-2 psi),1,B337,B-50
Virginia,Scott,51169,low (<3000 R),0,25669,536,medium (2-5 psi),2,B337,B-50
Virginia,Shenandoah,51171,low (<3000 R),0,28403,512,no (<0.5 psi),0,B337,B-50
Virginia,Smyth,51173,low (<3000 R),0,33437,452,no (<0.5 psi),0,B337,B-50
Virginia,Southampton,51175,low (<3000 R),0,19089,603,no (<0.5 psi),0,B337,B-50
Virginia,Spotsylvania,51177,low (<3000 R),0,36716,404,very high (>=10 psi),4,B337,B-50
Virginia,Stafford,51179,low (<3000 R),0,48799,271,high (5-10 psi),3,B338,B-51
Virginia,Surry,51181,low (<3000 R),0,6288,281,very high (>=10 psi),4,B338,B-51
Virginia,Sussex,51183,low (<3000 R),0,10226,492,low (0.5-2 psi),1,B338,B-51
Virginia,Tazewell,51185,low (<3000 R),0,51785,520,high (5-10 psi),3,B338,B-51
Virginia,Warren,51187,low (<3000 R),0,22363,217,no (<0.5 psi),0,B338,B-51
Virginia,Washington,51191,low (<3000 R),0,47631,563,no (<0.5 psi),0,B338,B-51
Virginia,Westmoreland,51193,low (<3000 R),0,14279,227,low (0.5-2 psi),1,B338,B-51
Virginia,Wise,51195,low (<3000 R),0,45748,405,no (<0.5 psi),0,B338,B-51
Virginia,Wythe,51197,low (<3000 R),0,25624,464,no (<0.5 psi),0,B338,B-51
Virginia,York,51199,low (<3000 R),0,40171,113,very high (>=10 psi),4,B338,B-51
Virginia,Alexandria,51510,low (<3000 R),0,107977,15,very high (>=10 psi),4,B338,B-51
Virginia,Bedford,51515,low (<3000 R),0,6277,7,low (0.5-2 psi),1,B338,B-51
Virginia,Bristol,51520,low (<3000 R),0,18401,12,no (<0.5 psi),0,B338,B-51
Virginia,Buena Vista,51530,low (<3000 R),0,6414,3,no (<0.5 psi),0,B338,B-51
Virginia,Charlottesville,51540,low (<3000 R),0,40757,10,no (<0.5 psi),0,B338,B-51
Virginia,Chesapeake,51550,low (<3000 R),0,128906,340,very high (>=10 psi),4,B338,B-51
Virginia,Clifton Forge,51560,low (<3000 R),0,4803,3,no (<0.5 psi),0,B338,B-51
Virginia,Colonial Heights,51570,low (<3000 R),0,17613,8,high (5-10 psi),3,B338,B-51
Virginia,Covington,51580,low (<3000 R),0,7492,4,no (<0.5 psi),0,B338,B-51
Virginia,Danville,51590,low (<3000 R),0,44426,17,no (<0.5 psi),0,B338,B-51
Virginia,Emporia,51595,low (<3000 R),0,4822,2,no (<0.5 psi),0,B338,B-51
Virginia,Fairfax,51600,low (<3000 R),0,20471,6,medium (2-5 psi),2,B338,B-51
Virginia,Falls Church,51610,low (<3000 R),0,9547,2,high (5-10 psi),3,B338,B-51
Virginia,Franklin,51620,low (<3000 R),0,7175,4,no (<0.5 psi),0,B338,B-51
Virginia,Fredericksburg,51630,low (<3000 R),0,19356,6,low (0.5-2 psi),1,B338,B-51
Virginia,Galax,51640,low (<3000 R),0,6507,8,no (<0.5 psi),0,B338,B-51
Virginia,Hampton,51650,low (<3000 R),0,126828,51,very high (>=10 psi),4,B338,B-51
Virginia,Harrisonburg,51660,low (<3000 R),0,26543,6,no (<0.5 psi),0,B338,B-51
Virginia,Hopewell,51670,low (<3000 R),0,24495,10,very high (>=10 psi),4,B338,B-51
Virginia,Lexington,51678,low (<3000 R),0,6774,2,no (<0.5 psi),0,B338,B-51
Virginia,Lynchburg,51680,low (<3000 R),0,67430,49,very high (>=10 psi),4,B339,B-52
Virginia,Manassas,51683,low (<3000 R),0,25643,8,low (0.5-2 psi),1,B339,B-52
Virginia,Manassas Park,51685,low (<3000 R),0,6524,2,no (<0.5 psi),0,B339,B-52
Virginia,Martinsville,51690,low (<3000 R),0,18264,11,no (<0.5 psi),0,B339,B-52
Virginia,Newport News,51700,low (<3000 R),0,159965,65,very high (>=10 psi),4,B339,B-52
Virginia,Norfolk,51710,low (<3000 R),0,282850,53,very high (>=10 psi),4,B339,B-52
Virginia,Norton,51720,low (<3000 R),0,4446,7,no (<0.5 psi),0,B339,B-52
Virginia,Petersburg,51730,low (<3000 R),0,40714,23,very high (>=10 psi),4,B339,B-52
Virginia,Poquoson,51735,low (<3000 R),0,10073,17,very high (>=10 psi),4,B339,B-52
Virginia,Portsmouth,51740,low (<3000 R),0,108802,30,very high (>=10 psi),4,B339,B-52
Virginia,Radford,51750,low (<3000 R),0,13415,7,very high (>=10 psi),4,B339,B-52
Virginia,Richmond,51760,low (<3000 R),0,219010,60,very high (>=10 psi),4,B339,B-52
Virginia,Roanoke,51770,low (<3000 R),0,100799,43,medium (2-5 psi),2,B339,B-52
Virginia,Salem,51775,low (<3000 R),0,24293,14,low (0.5-2 psi),1,B339,B-52
Virginia,South Boston,51780,low (<3000 R),0,7353,5,no (<0.5 psi),0,B339,B-52
Virginia,Staunton,51790,low (<3000 R),0,21871,8,low (0.5-2 psi),1,B339,B-52
Virginia,Suffolk,51800,low (<3000 R),0,49070,409,medium (2-5 psi),2,B339,B-52
Virginia,Virginia Beach,51810,low (<3000 R),0,320264,256,very high (>=10 psi),4,B339,B-52
Virginia,Waynesboro,51820,low (<3000 R),0,15194,8,very high (>=10 psi),4,B339,B-52
Virginia,Williamsburg,51830,low (<3000 R),0,11161,5,medium (2-5 psi),2,B339,B-52
Virginia,Winchester,51840,low (<3000 R),0,20561,9,low (0.5-2 psi),1,B339,B-52
West Virginia,Barbour,54001,low (<3000 R),0,16575,343,medium (2-5 psi),2,B341,B-54
West Virginia,Berkeley,54003,low (<3000 R),0,50737,322,very high (>=10 psi),4,B341,B-54
West Virginia,Boone,54005,low (<3000 R),0,30926,503,low (0.5-2 psi),1,B341,B-54
West Virginia,Braxton,54007,low (<3000 R),0,14867,513,no (<0.5 psi),0,B341,B-54
West Virginia,Brooke,54009,low (<3000 R),0,29855,90,very high (>=10 psi),4,B341,B-54
West Virginia,Cabell,54011,low (<3000 R),0,105480,282,very high (>=10 psi),4,B341,B-54
West Virginia,Calhoun,54013,low (<3000 R),0,8754,280,no (<0.5 psi),0,B341,B-54
West Virginia,Clay,54015,low (<3000 R),0,11636,346,medium (2-5 psi),2,B341,B-54
West Virginia,Dodridge,54017,low (<3000 R),0,7728,321,low (0.5-2 psi),1,B341,B-54
West Virginia,Fayette,54019,low (<3000 R),0,56777,667,low (0.5-2 psi),1,B341,B-54
West Virginia,Gilmer,54021,low (<3000 R),0,8570,340,no (<0.5 psi),0,B341,B-54
West Virginia,Grant,54023,low (<3000 R),0,10700,480,very high (>=10 psi),4,B341,B-54
West Virginia,Greenbrier,54025,low (<3000 R),0,36418,1025,very high (>=10 psi),4,B341,B-54
West Virginia,Hampshire,54027,low (<3000 R),0,16044,644,no (<0.5 psi),0,B341,B-54
West Virginia,Hancock,54029,low (<3000 R),0,39360,85,very high (>=10 psi),4,B341,B-54
West Virginia,Hardy,54031,low (<3000 R),0,10750,585,no (<0.5 psi),0,B341,B-54
West Virginia,Harrison,54033,low (<3000 R),0,77827,417,very high (>=10 psi),4,B341,B-54
West Virginia,Jackson,54035,low (<3000 R),0,26271,464,low (0.5-2 psi),1,B341,B-54
West Virginia,Jefferson,54037,low (<3000 R),0,32646,209,very high (>=10 psi),4,B341,B-54
West Virginia,Kanawha,54039,low (<3000 R),0,225530,901,very high (>=10 psi),4,B341,B-54
West Virginia,Lewis,54041,low (<3000 R),0,18828,389,low (0.5-2 psi),1,B341,B-54
West Virginia,Lincoln,54043,low (<3000 R),0,23898,439,very high (>=10 psi),4,B341,B-54
West Virginia,Logan,54045,low (<3000 R),0,51109,456,no (<0.5 psi),0,B341,B-54
West Virginia,McDowell,54047,low (<3000 R),0,46772,535,very high (>=10 psi),4,B341,B-54
West Virginia,Marion,54049,low (<3000 R),0,64570,312,very high (>=10 psi),4,B341,B-54
West Virginia,Marshall,54051,low (<3000 R),0,40688,305,very high (>=10 psi),4,B342,B-55
West Virginia,Mason,54053,low (<3000 R),0,26520,433,very high (>=10 psi),4,B342,B-55
West Virginia,Mercer,54055,low (<3000 R),0,74229,420,very high (>=10 psi),4,B342,B-55
West Virginia,Mineral,54057,low (<3000 R),0,27657,329,very high (>=10 psi),4,B342,B-55
West Virginia,Mingo,54059,low (<3000 R),0,38728,424,no (<0.5 psi),0,B342,B-55
West Virginia,Monongalia,54061,low (<3000 R),0,78079,363,low (0.5-2 psi),1,B342,B-55
West Virginia,Monroe,54063,low (<3000 R),0,13156,473,low (0.5-2 psi),1,B342,B-55
West Virginia,Morgan,54065,low (<3000 R),0,11225,230,low (0.5-2 psi),1,B342,B-55
West Virginia,Nicholas,54067,low (<3000 R),0,27964,650,no (<0.5 psi),0,B342,B-55
West Virginia,Ohio,54069,low (<3000 R),0,60308,106,medium (2-5 psi),2,B342,B-55
West Virginia,Pendleton,54071,low (<3000 R),0,7970,698,no (<0.5 psi),0,B342,B-55
West Virginia,Pleasants,54073,low (<3000 R),0,7959,131,very high (>=10 psi),4,B342,B-55
West Virginia,Pocahontas,54075,low (<3000 R),0,9687,942,no (<0.5 psi),0,B342,B-55
West Virginia,Preston,54077,low (<3000 R),0,31346,651,low (0.5-2 psi),1,B342,B-55
West Virginia,Putnam,54079,low (<3000 R),0,40735,346,very high (>=10 psi),4,B342,B-55
West Virginia,Raleigh,54081,low (<3000 R),0,86190,608,low (0.5-2 psi),1,B342,B-55
West Virginia,Randolph,54083,low (<3000 R),0,29608,1040,no (<0.5 psi),0,B342,B-55
West Virginia,Ritchie,54085,low (<3000 R),0,11700,454,low (0.5-2 psi),1,B342,B-55
West Virginia,Roane,54087,low (<3000 R),0,15630,484,medium (2-5 psi),2,B342,B-55
West Virginia,Summers,54089,low (<3000 R),0,15424,353,low (0.5-2 psi),1,B342,B-55
West Virginia,Taylor,54091,low (<3000 R),0,16499,174,high (5-10 psi),3,B342,B-55
West Virginia,Tucker,54093,low (<3000 R),0,8759,421,medium (2-5 psi),2,B342,B-55
West Virginia,Tyler,54095,low (<3000 R),0,11013,258,medium (2-5 psi),2,B342,B-55
West Virginia,Upshur,54097,low (<3000 R),0,24904,355,low (0.5-2 psi),1,B342,B-55
West Virginia,Wayne,54099,low (<3000 R),0,46385,508,very high (>=10 psi),4,B342,B-55
West Virginia,Webster,54101,low (<3000 R),0,11609,556,no (<0.5 psi),0,B343,B-56
West Virginia,Wetzel,54103,low (<3000 R),0,22106,359,high (5-10 psi),3,B343,B-56
West Virginia,Wirt,54105,low (<3000 R),0,5281,235,no (<0.5 psi),0,B343,B-56
West Virginia,Wood,54107,low (<3000 R),0,92885,368,very high (>=10 psi),4,B343,B-56
West Virginia,Wyoming,54109,low (<3000 R),0,35334,502,medium (2-5 psi),2,B343,B-56
Alabama,Autauga,01001,low (<3000 R),0,33760,597,low (0.5-2 psi),1,B346,B-60
Alabama,Baldwin,01003,low (<3000 R),0,88981,1590,medium (2-5 psi),2,B346,B-60
Alabama,Barbour,01005,medium (3000-6000 R),1,25494,884,no (<0.5 psi),0,B346,B-60
Alabama,Bibb,01007,low (<3000 R),0,16836,625,low (0.5-2 psi),1,B346,B-60
Alabama,Blount,01009,medium (3000-6000 R),1,37155,643,low (0.5-2 psi),1,B346,B-60
Alabama,Bullock,01011,low (<3000 R),0,10624,625,no (<0.5 psi),0,B346,B-60
Alabama,Butler,01013,low (<3000 R),0,22263,779,no (<0.5 psi),0,B346,B-60
Alabama,Calhoun,01015,medium (3000-6000 R),1,127200,611,very high (>=10 psi),4,B346,B-60
Alabama,Chambers,01017,low (<3000 R),0,40557,596,low (0.5-2 psi),1,B346,B-60
Alabama,Cherokee,01019,medium (3000-6000 R),1,19540,553,no (<0.5 psi),0,B346,B-60
Alabama,Chilton,01021,low (<3000 R),0,31425,695,no (<0.5 psi),0,B346,B-60
Alabama,Choctaw,01023,medium (3000-6000 R),1,16995,909,no (<0.5 psi),0,B346,B-60
Alabama,Clark,01025,low (<3000 R),0,28781,1203,medium (2-5 psi),2,B346,B-60
Alabama,Clay,01027,medium (3000-6000 R),1,13582,605,low (0.5-2 psi),1,B346,B-60
Alabama,Cleburne,01029,medium (3000-6000 R),1,12925,561,low (0.5-2 psi),1,B346,B-60
Alabama,Coffee,01031,low (<3000 R),0,40578,680,very high (>=10 psi),4,B346,B-60
Alabama,Colbert,01033,high (6000-15000 R),2,53878,589,no (<0.5 psi),0,B346,B-60
Alabama,Conecuh,01035,low (<3000 R),0,15464,854,no (<0.5 psi),0,B346,B-60
Alabama,Coosa,01037,low (<3000 R),0,11336,657,low (0.5-2 psi),1,B346,B-60
Alabama,Covington,01039,low (<3000 R),0,37040,1038,low (0.5-2 psi),1,B346,B-60
Alabama,Crenshaw,01041,low (<3000 R),0,13832,611,no (<0.5 psi),0,B346,B-60
Alabama,Cullman,01043,medium (3000-6000 R),1,64229,738,low (0.5-2 psi),1,B346,B-60
Alabama,Dale,01045,low (<3000 R),0,45314,561,very high (>=10 psi),4,B346,B-60
Alabama,Dallas,01047,low (<3000 R),0,55090,975,no (<0.5 psi),0,B346,B-60
Alabama,De Kalb,01049,medium (3000-6000 R),1,55080,778,low (0.5-2 psi),1,B346,B-60
Alabama,Elmore,01051,low (<3000 R),0,47012,622,high (5-10 psi),3,B347,B-61
Alabama,Escambia,01053,low (<3000 R),0,37656,951,low (0.5-2 psi),1,B347,B-61
Alabama,Etowah,01055,medium (3000-6000 R),1,103697,542,low (0.5-2 psi),1,B347,B-61
Alabama,Fayette,01057,medium (3000-6000 R),1,19147,630,low (0.5-2 psi),1,B347,B-61
Alabama,Franklin,01059,high (6000-15000 R),2,28748,643,no (<0.5 psi),0,B347,B-61
Alabama,Geneva,01061,low (<3000 R),0,23783,578,low (0.5-2 psi),1,B347,B-61
Alabama,Greene,01063,medium (3000-6000 R),1,11243,631,low (0.5-2 psi),1,B347,B-61
Alabama,Hale,01065,medium (3000-6000 R),1,15065,661,no (<0.5 psi),0,B347,B-61
Alabama,Henry,01067,low (<3000 R),0,15326,557,low (0.5-2 psi),1,B347,B-61
Alabama,Houston,01069,low (<3000 R),0,79172,577,very high (>=10 psi),4,B347,B-61
Alabama,Jackson,01071,medium (3000-6000 R),1,51402,1069,very high (>=10 psi),4,B347,B-61
Alabama,Jefferson,01073,medium (3000-6000 R),1,671808,1119,very high (>=10 psi),4,B347,B-61
Alabama,Lamar,01075,high (6000-15000 R),2,16420,605,low (0.5-2 psi),1,B347,B-61
Alabama,Lauderdale,01077,high (6000-15000 R),2,81917,661,no (<0.5 psi),0,B347,B-61
Alabama,Lawrence,01079,high (6000-15000 R),2,31671,693,no (<0.5 psi),0,B347,B-61
Alabama,Lee,01081,low (<3000 R),0,79209,609,medium (2-5 psi),2,B347,B-61
Alabama,Limestone,01083,high (6000-15000 R),2,47639,559,medium (2-5 psi),2,B347,B-61
Alabama,Lowndes,01085,low (<3000 R),0,13093,714,low (0.5-2 psi),1,B347,B-61
Alabama,Macon,01087,low (<3000 R),0,25901,614,no (<0.5 psi),0,B347,B-61
Alabama,Madison,01089,high (6000-15000 R),2,213250,806,very high (>=10 psi),4,B347,B-61
Alabama,Marengo,01091,medium (3000-6000 R),1,24957,982,no (<0.5 psi),0,B347,B-61
Alabama,Marion,01093,high (6000-15000 R),2,31414,743,no (<0.5 psi),0,B347,B-61
Alabama,Marshall,01095,medium (3000-6000 R),1,69502,567,no (<0.5 psi),0,B347,B-61
Alabama,Mobile,01097,low (<3000 R),0,328158,1238,very high (>=10 psi),4,B347,B-61
Alabama,Monroe,01099,low (<3000 R),0,22468,1019,no (<0.5 psi),0,B347,B-61
Alabama,Montgomery,01101,low (<3000 R),0,206993,793,very high (>=10 psi),4,B348,B-62
Alabama,Morgan,01103,high (6000-15000 R),2,94796,575,very high (>=10 psi),4,B348,B-62
Alabama,Perry,01105,medium (3000-6000 R),1,15045,719,no (<0.5 psi),0,B348,B-62
Alabama,Pickens,01107,high (6000-15000 R),2,21915,890,low (0.5-2 psi),1,B348,B-62
Alabama,Pike,01109,low (<3000 R),0,28106,672,low (0.5-2 psi),1,B348,B-62
Alabama,Randolph,01111,medium (3000-6000 R),1,20236,585,low (0.5-2 psi),1,B348,B-62
Alabama,Russell,01113,low (<3000 R),0,48550,634,medium (2-5 psi),2,B348,B-62
Alabama,St Clair,01115,medium (3000-6000 R),1,44539,646,low (0.5-2 psi),1,B348,B-62
Alabama,Shelby,01117,medium (3000-6000 R),1,75418,800,very high (>=10 psi),4,B348,B-62
Alabama,Sumter,01119,medium (3000-6000 R),1,17202,907,no (<0.5 psi),0,B348,B-62
Alabama,Talladega,01121,medium (3000-6000 R),1,77228,753,very high (>=10 psi),4,B348,B-62
Alabama,Tallapoosa,01123,low (<3000 R),0,39107,701,no (<0.5 psi),0,B348,B-62
Alabama,Tuscaloosa,01125,medium (3000-6000 R),1,139201,1336,low (0.5-2 psi),1,B348,B-62
Alabama,Walker,01127,medium (3000-6000 R),1,68882,803,very high (>=10 psi),4,B348,B-62
Alabama,Washington,01129,low (<3000 R),0,17443,1081,very high (>=10 psi),4,B348,B-62
Alabama,Wilcox,01131,low (<3000 R),0,15322,883,no (<0.5 psi),0,B348,B-62
Alabama,Winston,01133,high (6000-15000 R),2,21545,614,low (0.5-2 psi),1,B348,B-62
Florida,Alachua,12001,low (<3000 R),0,789260,902,no (<0.5 psi),0,B350,B-64
Florida,Baker,12003,low (<3000 R),0,17591,585,no (<0.5 psi),0,B350,B-64
Florida,Bay,12005,low (<3000 R),0,111180,758,medium (2-5 psi),2,B350,B-64
Florida,Bradford,12007,low (<3000 R),0,23983,293,low (0.5-2 psi),1,B350,B-64
Florida,Brevard,12009,medium (3000-6000 R),1,343585,995,very high (>=10 psi),4,B350,B-64
Florida,Broward,12011,low (<3000 R),0,1112075,1211,very high (>=10 psi),4,B350,B-64
Florida,Calhoun,12013,low (<3000 R),0,9556,568,no (<0.5 psi),0,B350,B-64
Florida,Charlotte,12015,low (<3000 R),0,79404,690,very high (>=10 psi),4,B350,B-64
Florida,Citrus,12017,low (<3000 R),0,78546,629,very high (>=10 psi),4,B350,B-64
Florida,Clay,12019,low (<3000 R),0,84793,592,very high (>=10 psi),4,B350,B-64
Florida,Collier,12021,low (<3000 R),0,116981,1994,no (<0.5 psi),0,B350,B-64
Florida,Columbia,12023,low (<3000 R),0,39947,797,no (<0.5 psi),0,B350,B-64
Florida,Dade,12025,high (6000-15000 R),2,1726021,1995,very high (>=10 psi),4,B350,B-64
Florida,De Soto,12027,low (<3000 R),0,21295,636,low (0.5-2 psi),1,B350,B-64
Florida,Dixie,12029,low (<3000 R),0,9476,701,no (<0.5 psi),0,B350,B-64
Florida,Duval,12031,low (<3000 R),0,623035,776,very high (>=10 psi),4,B350,B-64
Florida,Escambia,12033,low (<3000 R),0,260730,661,very high (>=10 psi),4,B350,B-64
Florida,Flagler,12035,low (<3000 R),0,16816,491,low (0.5-2 psi),1,B350,B-64
Florida,Franklin,12037,low (<3000 R),0,8343,545,low (0.5-2 psi),1,B350,B-64
Florida,Gadsen,12039,low (<3000 R),0,43693,518,low (0.5-2 psi),1,B350,B-64
Florida,Gilchrist,12041,low (<3000 R),0,7267,354,no (<0.5 psi),0,B350,B-64
Florida,Glades,12043,low (<3000 R),0,6765,763,no (<0.5 psi),0,B350,B-64
Florida,Gulf,12045,low (<3000 R),0,11349,559,low (0.5-2 psi),1,B350,B-64
Florida,Hamilton,12047,low (<3000 R),0,9342,517,no (<0.5 psi),0,B350,B-64
Florida,Hardee,12049,medium (3000-6000 R),1,20818,637,no (<0.5 psi),0,B350,B-64
Florida,Hendry,12051,low (<3000 R),0,22565,1163,no (<0.5 psi),0,B351,B-65
Florida,Hernando,12053,low (<3000 R),0,74901,477,no (<0.5 psi),0,B351,B-65
Florida,Highlands,12055,low (<3000 R),0,58524,1029,no (<0.5 psi),0,B351,B-65
Florida,Hillsborough,12057,high (6000-15000 R),2,743771,1053,very high (>=10 psi),4,B351,B-65
Florida,Holmes,12059,low (<3000 R),0,15934,488,no (<0.5 psi),0,B351,B-65
Florida,Indian River,12061,low (<3000 R),0,77629,497,low (0.5-2 psi),1,B351,B-65
Florida,Jackson,12063,low (<3000 R),0,40768,942,no (<0.5 psi),0,B351,B-65
Florida,Jefferson,12065,low (<3000 R),0,11658,609,low (0.5-2 psi),1,B351,B-65
Florida,Lafayette,12067,low (<3000 R),0,4332,545,no (<0.5 psi),0,B351,B-65
Florida,Lake,12069,high (6000-15000 R),2,127239,954,medium (2-5 psi),2,B351,B-65
Florida,Lee,12071,low (<3000 R),0,246738,803,low (0.5-2 psi),1,B351,B-65
Florida,Leon,12073,low (<3000 R),0,168231,676,very high (>=10 psi),4,B351,B-65
Florida,Levy,12075,low (<3000 R),0,24623,1100,very high (>=10 psi),4,B351,B-65
Florida,Liberty,12077,low (<3000 R),0,4576,837,no (<0.5 psi),0,B351,B-65
Florida,Madison,12079,low (<3000 R),0,15443,710,low (0.5-2 psi),1,B351,B-65
Florida,Manatee,12081,high (6000-15000 R),2,174772,947,very high (>=10 psi),4,B351,B-65
Florida,Marion,12083,low (<3000 R),0,163799,1610,low (0.5-2 psi),1,B351,B-65
Florida,Martin,12085,low (<3000 R),0,82856,555,very high (>=10 psi),4,B351,B-65
Florida,Monroe,12087,low (<3000 R),0,71003,1034,very high (>=10 psi),4,B351,B-65
Florida,Nassau,12089,low (<3000 R),0,38569,649,medium (2-5 psi),2,B351,B-65
Florida,Okaloosa,12091,low (<3000 R),0,131901,936,very high (>=10 psi),4,B351,B-65
Florida,Okeechobee,12093,low (<3000 R),0,25812,771,medium (2-5 psi),2,B351,B-65
Florida,Orange,12095,high (6000-15000 R),2,547930,910,very high (>=10 psi),4,B351,B-65
Florida,Osceola,12097,high (6000-15000 R),2,74576,1350,low (0.5-2 psi),1,B351,B-65
Florida,Palm Beach,12099,low (<3000 R),0,721030,1993,very high (>=10 psi),4,B351,B-65
Florida,Pasco,12101,low (<3000 R),0,232936,738,low (0.5-2 psi),1,B351,B-65
Florida,Pinellas,12103,high (6000-15000 R),2,808500,280,very high (>=10 psi),4,B351,B-65
Florida,Polk,12105,high (6000-15000 R),2,363740,1823,low (0.5-2 psi),1,B351,B-65
Florida,Putnam,12107,low (<3000 R),0,59098,733,low (0.5-2 psi),1,B351,B-65
Florida,St Johns,12109,low (<3000 R),0,67087,617,low (0.5-2 psi),1,B351,B-65
Florida,St Lucie,12111,low (<3000 R),0,117109,581,very high (>=10 psi),4,B352,B-66
Florida,Santa Rosa,12113,low (<3000 R),0,65097,1024,very high (>=10 psi),4,B352,B-66
Florida,Sarasota,12115,low (<3000 R),0,246395,573,very high (>=10 psi),4,B352,B-66
Florida,Seminole,12117,low (<3000 R),0,232587,298,very high (>=10 psi),4,B352,B-66
Florida,Sumter,12119,low (<3000 R),0,29162,561,no (<0.5 psi),0,B352,B-66
Florida,Suwannee,12121,low (<3000 R),0,25644,690,no (<0.5 psi),0,B352,B-66
Florida,Taylor,12123,low (<3000 R),0,18167,1058,no (<0.5 psi),0,B352,B-66
Florida,Union,12125,low (<3000 R),0,11562,246,low (0.5-2 psi),1,B352,B-66
Florida,Volusia,12127,medium (3000-6000 R),1,310689,1113,very high (>=10 psi),4,B352,B-66
Florida,Wakulla,12129,low (<3000 R),0,12889,601,very high (>=10 psi),4,B352,B-66
Florida,Walton,12131,low (<3000 R),0,25509,1066,very high (>=10 psi),4,B352,B-66
Florida,Washington,12133,low (<3000 R),0,16144,590,no (<0.5 psi),0,B352,B-66
Georgia,Appling,13001,low (<3000 R),0,16441,510,very high (>=10 psi),4,B354,B-68
Georgia,Atkinson,13003,low (<3000 R),0,6254,344,no (<0.5 psi),0,B354,B-68
Georgia,Bacon,13005,low (<3000 R),0,9572,286,no (<0.5 psi),0,B354,B-68
Georgia,Baker,13007,low (<3000 R),0,3541,347,no (<0.5 psi),0,B354,B-68
Georgia,Baldwin,13009,low (<3000 R),0,38659,258,no (<0.5 psi),0,B354,B-68
Georgia,Banks,13011,low (<3000 R),0,9940,234,no (<0.5 psi),0,B354,B-68
Georgia,Barrow,13013,low (<3000 R),0,24768,163,low (0.5-2 psi),1,B354,B-68
Georgia,Bartow,13015,medium (3000-6000 R),1,44059,456,very high (>=10 psi),4,B354,B-68
Georgia,Ben Hill,13017,low (<3000 R),0,17067,254,no (<0.5 psi),0,B354,B-68
Georgia,Berrien,13019,low (<3000 R),0,13842,456,low (0.5-2 psi),1,B354,B-68
Georgia,Bibb,13021,medium (3000-6000 R),1,158476,253,very high (>=10 psi),4,B354,B-68
Georgia,Bleckley,13023,medium (3000-6000 R),1,10645,219,low (0.5-2 psi),1,B354,B-68
Georgia,Brantley,13025,low (<3000 R),0,9430,444,low (0.5-2 psi),1,B354,B-68
Georgia,Brooks,13027,low (<3000 R),0,15299,491,low (0.5-2 psi),1,B354,B-68
Georgia,Bryan,13029,low (<3000 R),0,12164,441,low (0.5-2 psi),1,B354,B-68
Georgia,Bulloch,13031,low (<3000 R),0,37271,678,no (<0.5 psi),0,B354,B-68
Georgia,Burke,13033,low (<3000 R),0,20728,833,high (5-10 psi),3,B354,B-68
Georgia,Butts,13035,low (<3000 R),0,15169,187,low (0.5-2 psi),1,B354,B-68
Georgia,Calhoun,13037,low (<3000 R),0,5527,284,no (<0.5 psi),0,B354,B-68
Georgia,Camden,13039,low (<3000 R),0,17682,649,very high (>=10 psi),4,B354,B-68
Georgia,Candler,13043,medium (3000-6000 R),1,7833,248,no (<0.5 psi),0,B354,B-68
Georgia,Carroll,13045,medium (3000-6000 R),1,63098,502,very high (>=10 psi),4,B354,B-68
Georgia,Catoosa,13047,low (<3000 R),0,38746,163,medium (2-5 psi),2,B354,B-68
Georgia,Charlton,13049,low (<3000 R),0,7741,780,low (0.5-2 psi),1,B354,B-68
Georgia,Chatham,13051,low (<3000 R),0,214908,444,very high (>=10 psi),4,B354,B-68
Georgia,Chattahoochee,13053,low (<3000 R),0,20139,250,low (0.5-2 psi),1,B355,B-69
Georgia,Chattooga,13055,medium (3000-6000 R),1,21345,314,no (<0.5 psi),0,B355,B-69
Georgia,Cherokee,13057,low (<3000 R),0,65533,424,low (0.5-2 psi),1,B355,B-69
Georgia,Clarke,13059,low (<3000 R),0,76890,122,very high (>=10 psi),4,B355,B-69
Georgia,Clay,13061,low (<3000 R),0,3278,197,no (<0.5 psi),0,B355,B-69
Georgia,Clayton,13063,low (<3000 R),0,165686,148,very high (>=10 psi),4,B355,B-69
Georgia,Clinch,13065,low (<3000 R),0,6863,821,no (<0.5 psi),0,B355,B-69
Georgia,Cobb,13067,medium (3000-6000 R),1,368393,343,very high (>=10 psi),4,B355,B-69
Georgia,Coffee,13069,low (<3000 R),0,28818,602,no (<0.5 psi),0,B355,B-69
Georgia,Colquitt,13071,low (<3000 R),0,36484,556,no (<0.5 psi),0,B355,B-69
Georgia,Columbia,13073,low (<3000 R),0,51795,290,medium (2-5 psi),2,B355,B-69
Georgia,Cook,13075,low (<3000 R),0,13889,232,low (0.5-2 psi),1,B355,B-69
Georgia,Coweta,13077,medium (3000-6000 R),1,43886,444,medium (2-5 psi),2,B355,B-69
Georgia,Crawford,13079,medium (3000-6000 R),1,7087,328,low (0.5-2 psi),1,B355,B-69
Georgia,Crisp,13081,low (<3000 R),0,20258,275,no (<0.5 psi),0,B355,B-69
Georgia,Dade,13083,medium (3000-6000 R),1,11389,176,low (0.5-2 psi),1,B355,B-69
Georgia,Dawson,13085,low (<3000 R),0,5873,210,no (<0.5 psi),0,B355,B-69
Georgia,Decatur,13087,low (<3000 R),0,26635,586,no (<0.5 psi),0,B355,B-69
Georgia,De Kalb,13089,low (<3000 R),0,506550,270,very high (>=10 psi),4,B355,B-69
Georgia,Dodge,13091,medium (3000-6000 R),1,16747,504,no (<0.5 psi),0,B355,B-69
Georgia,Dooly,13093,low (<3000 R),0,10616,397,no (<0.5 psi),0,B355,B-69
Georgia,Dougherty,13095,low (<3000 R),0,103630,330,very high (>=10 psi),4,B355,B-69
Georgia,Douglas,13097,medium (3000-6000 R),1,65631,203,very high (>=10 psi),4,B355,B-69
Georgia,Early,13099,low (<3000 R),0,13150,516,high (5-10 psi),3,B355,B-69
Georgia,Echols,13101,low (<3000 R),0,2235,420,low (0.5-2 psi),1,B355,B-69
Georgia,Effingham,13103,low (<3000 R),0,21091,482,low (0.5-2 psi),1,B355,B-69
Georgia,Elbert,13105,low (<3000 R),0,19042,367,no (<0.5 psi),0,B355,B-69
Georgia,Emanuel,13107,medium (3000-6000 R),1,21366,688,no (<0.5 psi),0,B355,B-69
Georgia,Evans,13109,low (<3000 R),0,8504,186,no (<0.5 psi),0,B355,B-69
Georgia,Fannin,13111,low (<3000 R),0,15266,384,very high (>=10 psi),4,B355,B-69
Georgia,Fayette,13113,low (<3000 R),0,42806,199,medium (2-5 psi),2,B356,B-70
Georgia,Floyd,13115,medium (3000-6000 R),1,78516,519,low (0.5-2 psi),1,B356,B-70
Georgia,Forsyth,13117,low (<3000 R),0,34431,226,low (0.5-2 psi),1,B356,B-70
Georgia,Franklin,13119,low (<3000 R),0,15569,264,no (<0.5 psi),0,B356,B-70
Georgia,Fulton,13121,medium (3000-6000 R),1,621030,534,very high (>=10 psi),4,B356,B-70
Georgia,Gilmer,13123,low (<3000 R),0,11822,427,low (0.5-2 psi),1,B356,B-70
Georgia,Glascock,13125,low (<3000 R),0,2331,144,no (<0.5 psi),0,B356,B-70
Georgia,Glynn,13127,low (<3000 R),0,60350,412,very high (>=10 psi),4,B356,B-70
Georgia,Gordon,13129,low (<3000 R),0,32616,355,no (<0.5 psi),0,B356,B-70
Georgia,Grady,13131,low (<3000 R),0,21318,459,low (0.5-2 psi),1,B356,B-70
Georgia,Greene,13133,low (<3000 R),0,11978,390,no (<0.5 psi),0,B356,B-70
Georgia,Gwinnett,13135,low (<3000 R),0,246112,435,high (5-10 psi),3,B356,B-70
Georgia,Habersham,13137,low (<3000 R),0,27014,278,no (<0.5 psi),0,B356,B-70
Georgia,Hall,13139,low (<3000 R),0,83207,379,no (<0.5 psi),0,B356,B-70
Georgia,Hancock,13141,low (<3000 R),0,9302,469,no (<0.5 psi),0,B356,B-70
Georgia,Haralson,13143,medium (3000-6000 R),1,19589,283,low (0.5-2 psi),1,B356,B-70
Georgia,Harris,13145,low (<3000 R),0,16380,464,high (5-10 psi),3,B356,B-70
Georgia,Hart,13147,low (<3000 R),0,19220,230,no (<0.5 psi),0,B356,B-70
Georgia,Heard,13149,medium (3000-6000 R),1,6750,292,high (5-10 psi),3,B356,B-70
Georgia,Henry,13151,low (<3000 R),0,43673,321,low (0.5-2 psi),1,B356,B-70
Georgia,Houston,13153,high (6000-15000 R),2,85180,380,very high (>=10 psi),4,B356,B-70
Georgia,Irwin,13155,low (<3000 R),0,8813,362,no (<0.5 psi),0,B356,B-70
Georgia,Jackson,13157,low (<3000 R),0,27158,342,high (5-10 psi),3,B356,B-70
Georgia,Jasper,13159,low (<3000 R),0,7744,371,medium (2-5 psi),2,B356,B-70
Georgia,Jeff Davis,13161,low (<3000 R),0,11846,335,no (<0.5 psi),0,B356,B-70
Georgia,Jefferson,13163,medium (3000-6000 R),1,18725,529,no (<0.5 psi),0,B356,B-70
Georgia,Jenkins,13165,low (<3000 R),0,8421,353,low (0.5-2 psi),1,B356,B-70
Georgia,Johnson,13167,medium (3000-6000 R),1,8602,307,low (0.5-2 psi),1,B356,B-70
Georgia,Jones,13169,low (<3000 R),0,18579,394,very high (>=10 psi),4,B356,B-70
Georgia,Lamar,13171,low (<3000 R),0,12294,186,no (<0.5 psi),0,B356,B-70
Georgia,Lanier,13173,low (<3000 R),0,5644,194,no (<0.5 psi),0,B356,B-70
Georgia,Laurens,13175,medium (3000-6000 R),1,38253,816,no (<0.5 psi),0,B357,B-71
Georgia,Lee,13177,low (<3000 R),0,14081,358,medium (2-5 psi),2,B357,B-71
Georgia,Liberty,13179,low (<3000 R),0,41837,517,very high (>=10 psi),4,B357,B-71
Georgia,Lincoln,13181,low (<3000 R),0,6892,196,no (<0.5 psi),0,B357,B-71
Georgia,Long,13183,low (<3000 R),0,5675,402,medium (2-5 psi),2,B357,B-71
Georgia,Lowndes,13185,low (<3000 R),0,72742,507,very high (>=10 psi),4,B357,B-71
Georgia,Lumpkin,13187,low (<3000 R),0,12036,287,no (<0.5 psi),0,B357,B-71
Georgia,McDuffie,13189,low (<3000 R),0,19633,256,low (0.5-2 psi),1,B357,B-71
Georgia,McIntosh,13191,low (<3000 R),0,8025,425,high (5-10 psi),3,B357,B-71
Georgia,Macon,13193,low (<3000 R),0,14188,404,no (<0.5 psi),0,B357,B-71
Georgia,Madison,13195,low (<3000 R),0,19508,285,very high (>=10 psi),4,B357,B-71
Georgia,Marion,13197,low (<3000 R),0,5384,366,no (<0.5 psi),0,B357,B-71
Georgia,Meriwether,13199,low (<3000 R),0,20661,506,no (<0.5 psi),0,B357,B-71
Georgia,Miller,13201,low (<3000 R),0,6795,284,no (<0.5 psi),0,B357,B-71
Georgia,Mitchell,13205,low (<3000 R),0,21841,512,medium (2-5 psi),2,B357,B-71
Georgia,Monroe,13207,low (<3000 R),0,14949,397,high (5-10 psi),3,B357,B-71
Georgia,Montgomery,13209,medium (3000-6000 R),1,6934,244,low (0.5-2 psi),1,B357,B-71
Georgia,Morgan,13211,low (<3000 R),0,12230,349,low (0.5-2 psi),1,B357,B-71
Georgia,Murray,13213,low (<3000 R),0,21438,345,low (0.5-2 psi),1,B357,B-71
Georgia,Muscogee,13215,low (<3000 R),0,177080,218,very high (>=10 psi),4,B357,B-71
Georgia,Newton,13217,low (<3000 R),0,38957,277,medium (2-5 psi),2,B357,B-71
Georgia,Oconee,13219,low (<3000 R),0,14648,186,medium (2-5 psi),2,B357,B-71
Georgia,Oglethorpe,13221,low (<3000 R),0,9543,442,low (0.5-2 psi),1,B357,B-71
Georgia,Paulding,13223,medium (3000-6000 R),1,29957,312,very high (>=10 psi),4,B357,B-71
Georgia,Peach,13225,medium (3000-6000 R),1,19200,151,low (0.5-2 psi),1,B357,B-71
Georgia,Pickens,13227,low (<3000 R),0,13303,232,no (<0.5 psi),0,B357,B-71
Georgia,Pierce,13229,low (<3000 R),0,12730,344,no (<0.5 psi),0,B357,B-71
Georgia,Pike,13231,low (<3000 R),0,8631,219,no (<0.5 psi),0,B357,B-71
Georgia,Polk,13233,medium (3000-6000 R),1,33165,312,very high (>=10 psi),4,B357,B-71
Georgia,Pulaski,13235,medium (3000-6000 R),1,8959,249,no (<0.5 psi),0,B357,B-71
Georgia,Putnam,13237,low (<3000 R),0,11700,344,no (<0.5 psi),0,B358,B-72
Georgia,Quitman,13239,low (<3000 R),0,2156,146,no (<0.5 psi),0,B358,B-72
Georgia,Rabun,13241,low (<3000 R),0,10840,370,no (<0.5 psi),0,B358,B-72
Georgia,Randolph,13243,low (<3000 R),0,9381,481,no (<0.5 psi),0,B358,B-72
Georgia,Richmond,13245,low (<3000 R),0,189036,326,very high (>=10 psi),4,B358,B-72
Georgia,Rockdale,13247,low (<3000 R),0,44501,132,very high (>=10 psi),4,B358,B-72
Georgia,Schley,13249,low (<3000 R),0,3354,169,no (<0.5 psi),0,B358,B-72
Georgia,Screven,13251,low (<3000 R),0,14396,655,no (<0.5 psi),0,B358,B-72
Georgia,Seminole,13253,low (<3000 R),0,8775,225,low (0.5-2 psi),1,B358,B-72
Georgia,Spalding,13255,low (<3000 R),0,51453,199,no (<0.5 psi),0,B358,B-72
Georgia,Stephens,13257,low (<3000 R),0,22239,177,no (<0.5 psi),0,B358,B-72
Georgia,Stewart,13259,low (<3000 R),0,5862,452,no (<0.5 psi),0,B358,B-72
Georgia,Sumter,13261,low (<3000 R),0,30374,488,no (<0.5 psi),0,B358,B-72
Georgia,Talbot,13263,low (<3000 R),0,6496,395,no (<0.5 psi),0,B358,B-72
Georgia,Taliaferro,13265,low (<3000 R),0,1986,196,no (<0.5 psi),0,B358,B-72
Georgia,Tattnall,13267,low (<3000 R),0,17783,484,medium (2-5 psi),2,B358,B-72
Georgia,Taylor,13269,low (<3000 R),0,8082,382,no (<0.5 psi),0,B358,B-72
Georgia,Telfair,13271,low (<3000 R),0,11042,444,no (<0.5 psi),0,B358,B-72
Georgia,Terrell,13273,low (<3000 R),0,11943,337,low (0.5-2 psi),1,B358,B-72
Georgia,Thomas,13275,low (<3000 R),0,38187,551,low (0.5-2 psi),1,B358,B-72
Georgia,Tift,13277,low (<3000 R),0,33722,268,low (0.5-2 psi),1,B358,B-72
Georgia,Toombs,13279,medium (3000-6000 R),1,23633,371,very high (>=10 psi),4,B358,B-72
Georgia,Towns,13281,low (<3000 R),0,6279,165,no (<0.5 psi),0,B358,B-72
Georgia,Treutlen,13283,medium (3000-6000 R),1,5997,202,no (<0.5 psi),0,B358,B-72
Georgia,Troup,13285,low (<3000 R),0,53248,415,no (<0.5 psi),0,B358,B-72
Georgia,Turner,13287,low (<3000 R),0,9643,289,no (<0.5 psi),0,B358,B-72
Georgia,Twiggs,13289,medium (3000-6000 R),1,9744,362,medium (2-5 psi),2,B358,B-72
Georgia,Union,13291,low (<3000 R),0,10583,320,no (<0.5 psi),0,B358,B-72
Georgia,Upson,13293,low (<3000 R),0,26591,326,no (<0.5 psi),0,B358,B-72
Georgia,Walker,13295,medium (3000-6000 R),1,55155,446,medium (2-5 psi),2,B358,B-72
Georgia,Walton,13297,low (<3000 R),0,32390,330,medium (2-5 psi),2,B359,B-73
Georgia,Ware,13299,low (<3000 R),0,37123,907,low (0.5-2 psi),1,B359,B-73
Georgia,Warren,13301,low (<3000 R),0,6439,286,low (0.5-2 psi),1,B359,B-73
Georgia,Washington,13303,medium (3000-6000 R),1,19307,683,low (0.5-2 psi),1,B359,B-73
Georgia,Wayne,13305,low (<3000 R),0,22128,647,low (0.5-2 psi),1,B359,B-73
Georgia,Webster,13307,low (<3000 R),0,2077,210,low (0.5-2 psi),1,B359,B-73
Georgia,Wheeler,13309,medium (3000-6000 R),1,5056,299,low (0.5-2 psi),1,B359,B-73
Georgia,White,13311,low (<3000 R),0,11205,242,low (0.5-2 psi),1,B359,B-73
Georgia,Whitfield,13313,low (<3000 R),0,68141,291,low (0.5-2 psi),1,B359,B-73
Georgia,Wilcox,13315,low (<3000 R),0,7559,382,low (0.5-2 psi),1,B359,B-73
Georgia,Wilkes,13317,low (<3000 R),0,11356,470,low (0.5-2 psi),1,B359,B-73
Georgia,Wilkinson,13319,medium (3000-6000 R),1,10778,458,low (0.5-2 psi),1,B359,B-73
Georgia,Worth,13321,low (<3000 R),0,18259,575,high (5-10 psi),3,B359,B-73
Kentucky,Adair,21001,medium (3000-6000 R),1,15857,407,no (<0.5 psi),0,B361,B-76
Kentucky,Allen,21003,high (6000-15000 R),2,14370,338,no (<0.5 psi),0,B361,B-76
Kentucky,Anderson,21005,medium (3000-6000 R),1,13522,204,low (0.5-2 psi),1,B361,B-76
Kentucky,Ballard,21007,high (6000-15000 R),2,8186,254,high (5-10 psi),3,B361,B-76
Kentucky,Barren,21009,medium (3000-6000 R),1,34692,482,no (<0.5 psi),0,B361,B-76
Kentucky,Bath,21011,low (<3000 R),0,10263,278,no (<0.5 psi),0,B361,B-76
Kentucky,Bell,21013,low (<3000 R),0,34201,361,no (<0.5 psi),0,B361,B-76
Kentucky,Boone,21015,medium (3000-6000 R),1,51553,246,medium (2-5 psi),2,B361,B-76
Kentucky,Bourbon,21017,medium (3000-6000 R),1,19147,292,low (0.5-2 psi),1,B361,B-76
Kentucky,Boyd,21019,low (<3000 R),0,54575,161,very high (>=10 psi),4,B361,B-76
Kentucky,Boyle,21021,medium (3000-6000 R),1,25106,182,no (<0.5 psi),0,B361,B-76
Kentucky,Bracken,21023,medium (3000-6000 R),1,7555,203,no (<0.5 psi),0,B361,B-76
Kentucky,Breathitt,21025,low (<3000 R),0,16453,495,no (<0.5 psi),0,B361,B-76
Kentucky,Breckinridge,21027,medium (3000-6000 R),1,16566,565,low (0.5-2 psi),1,B361,B-76
Kentucky,Bullitt,21029,medium (3000-6000 R),1,45100,300,medium (2-5 psi),2,B361,B-76
Kentucky,Butler,21031,high (6000-15000 R),2,11958,431,high (5-10 psi),3,B361,B-76
Kentucky,Caldwell,21033,high (6000-15000 R),2,13265,347,no (<0.5 psi),0,B361,B-76
Kentucky,Calloway,21035,high (6000-15000 R),2,30551,386,no (<0.5 psi),0,B361,B-76
Kentucky,Campbell,21037,medium (3000-6000 R),1,80896,152,high (5-10 psi),3,B361,B-76
Kentucky,Carlisle,21039,high (6000-15000 R),2,5262,191,low (0.5-2 psi),1,B361,B-76
Kentucky,Carroll,21041,medium (3000-6000 R),1,9850,130,very high (>=10 psi),4,B361,B-76
Kentucky,Carter,21043,low (<3000 R),0,25814,407,low (0.5-2 psi),1,B361,B-76
Kentucky,Casey,21045,medium (3000-6000 R),1,15293,445,low (0.5-2 psi),1,B361,B-76
Kentucky,Christian,21047,high (6000-15000 R),2,64360,722,very high (>=10 psi),4,B361,B-76
Kentucky,Clark,21049,medium (3000-6000 R),1,29442,255,no (<0.5 psi),0,B361,B-76
Kentucky,Clay,21051,low (<3000 R),0,23867,471,no (<0.5 psi),0,B362,B-77
Kentucky,Clinton,21053,medium (3000-6000 R),1,9984,196,no (<0.5 psi),0,B362,B-77
Kentucky,Crittenden,21055,high (6000-15000 R),2,8896,360,no (<0.5 psi),0,B362,B-77
Kentucky,Cumberland,21057,medium (3000-6000 R),1,7334,304,no (<0.5 psi),0,B362,B-77
Kentucky,Daviess,21059,high (6000-15000 R),2,88834,463,no (<0.5 psi),0,B362,B-77
Kentucky,Edmonson,21061,medium (3000-6000 R),1,11567,302,no (<0.5 psi),0,B362,B-77
Kentucky,Elliott,21063,medium (3000-6000 R),1,6923,234,no (<0.5 psi),0,B362,B-77
Kentucky,Estill,21065,medium (3000-6000 R),1,15107,256,low (0.5-2 psi),1,B362,B-77
Kentucky,Fayette,21067,medium (3000-6000 R),1,211628,285,very high (>=10 psi),4,B362,B-77
Kentucky,Fleming,21069,low (<3000 R),0,12524,351,low (0.5-2 psi),1,B362,B-77
Kentucky,Floyd,21071,low (<3000 R),0,51295,393,very high (>=10 psi),4,B362,B-77
Kentucky,Franklin,21073,medium (3000-6000 R),1,44192,212,very high (>=10 psi),4,B362,B-77
Kentucky,Fulton,21075,high (6000-15000 R),2,8234,211,no (<0.5 psi),0,B362,B-77
Kentucky,Gallatin,21077,medium (3000-6000 R),1,4962,99,high (5-10 psi),3,B362,B-77
Kentucky,Garrard,21079,medium (3000-6000 R),1,11397,232,medium (2-5 psi),2,B362,B-77
Kentucky,Grant,21081,medium (3000-6000 R),1,14477,259,no (<0.5 psi),0,B362,B-77
Kentucky,Graves,21083,high (6000-15000 R),2,37712,557,low (0.5-2 psi),1,B362,B-77
Kentucky,Grayson,21085,medium (3000-6000 R),1,22631,493,no (<0.5 psi),0,B362,B-77
Kentucky,Green,21087,medium (3000-6000 R),1,10950,289,no (<0.5 psi),0,B362,B-77
Kentucky,Greenup,21089,low (<3000 R),0,38515,347,low (0.5-2 psi),1,B362,B-77
Kentucky,Hancock,21091,high (6000-15000 R),2,8242,189,no (<0.5 psi),0,B362,B-77
Kentucky,Hardin,21093,medium (3000-6000 R),1,90545,629,very high (>=10 psi),4,B362,B-77
Kentucky,Harlan,21095,low (<3000 R),0,42139,468,no (<0.5 psi),0,B362,B-77
Kentucky,Harrison,21097,medium (3000-6000 R),1,15678,310,low (0.5-2 psi),1,B362,B-77
Kentucky,Hart,21099,medium (3000-6000 R),1,17009,412,no (<0.5 psi),0,B362,B-77
Kentucky,Henderson,21101,high (6000-15000 R),2,42474,438,low (0.5-2 psi),1,B362,B-77
Kentucky,Henry,21103,medium (3000-6000 R),1,13467,291,low (0.5-2 psi),1,B362,B-77
Kentucky,Hickman,21105,high (6000-15000 R),2,5618,245,no (<0.5 psi),0,B362,B-77
Kentucky,Hopkins,21107,high (6000-15000 R),2,46424,552,no (<0.5 psi),0,B362,B-77
Kentucky,Jackson,21109,medium (3000-6000 R),1,12586,346,medium (2-5 psi),2,B362,B-77
Kentucky,Jefferson,21111,medium (3000-6000 R),1,682179,386,very high (>=10 psi),4,B363,B-78
Kentucky,Jessamine,21113,medium (3000-6000 R),1,28497,175,low (0.5-2 psi),1,B363,B-78
Kentucky,Johnson,21115,low (<3000 R),0,25895,264,low (0.5-2 psi),1,B363,B-78
Kentucky,Kenton,21117,low (<3000 R),0,136391,163,medium (2-5 psi),2,B363,B-78
Kentucky,Knott,21119,medium (3000-6000 R),1,18395,352,low (0.5-2 psi),1,B363,B-78
Kentucky,Knox,21121,low (<3000 R),0,30205,358,no (<0.5 psi),0,B363,B-78
Kentucky,Larue,21123,medium (3000-6000 R),1,12018,263,no (<0.5 psi),0,B363,B-78
Kentucky,Laurel,21125,medium (3000-6000 R),1,42251,434,no (<0.5 psi),0,B363,B-78
Kentucky,Lawrence,21127,low (<3000 R),0,15007,420,low (0.5-2 psi),1,B363,B-78
Kentucky,Lee,21129,low (<3000 R),0,7781,211,no (<0.5 psi),0,B363,B-78
Kentucky,Leslie,21131,low (<3000 R),0,15407,402,no (<0.5 psi),0,B363,B-78
Kentucky,Letcher,21133,low (<3000 R),0,30977,339,no (<0.5 psi),0,B363,B-78
Kentucky,Lewis,21135,low (<3000 R),0,14458,484,very high (>=10 psi),4,B363,B-78
Kentucky,Lincoln,21137,medium (3000-6000 R),1,19180,332,low (0.5-2 psi),1,B363,B-78
Kentucky,Livingston,21139,high (6000-15000 R),2,9131,312,no (<0.5 psi),0,B363,B-78
Kentucky,Logan,21141,high (6000-15000 R),2,26045,556,low (0.5-2 psi),1,B363,B-78
Kentucky,Lyon,21143,high (6000-15000 R),2,6425,209,no (<0.5 psi),0,B363,B-78
Kentucky,McCracken,21145,high (6000-15000 R),2,61367,251,very high (>=10 psi),4,B363,B-78
Kentucky,McCreary,21147,medium (3000-6000 R),1,16306,427,low (0.5-2 psi),1,B363,B-78
Kentucky,McLean,21149,high (6000-15000 R),2,9948,256,low (0.5-2 psi),1,B363,B-78
Kentucky,Madison,21151,medium (3000-6000 R),1,55644,443,very high (>=10 psi),4,B363,B-78
Kentucky,Magoffin,21153,low (<3000 R),0,14251,310,low (0.5-2 psi),1,B363,B-78
Kentucky,Marion,21155,medium (3000-6000 R),1,17699,347,no (<0.5 psi),0,B363,B-78
Kentucky,Marshall,21157,high (6000-15000 R),2,25976,304,no (<0.5 psi),0,B363,B-78
Kentucky,Martin,21159,low (<3000 R),0,1063,231,low (0.5-2 psi),1,B363,B-78
Kentucky,Mason,21161,low (<3000 R),0,17091,241,low (0.5-2 psi),1,B363,B-78
Kentucky,Meade,21163,medium (3000-6000 R),1,22789,307,very high (>=10 psi),4,B363,B-78
Kentucky,Menifee,21165,low (<3000 R),0,5353,203,no (<0.5 psi),0,B363,B-78
Kentucky,Mercer,21167,medium (3000-6000 R),1,19405,250,no (<0.5 psi),0,B363,B-78
Kentucky,Metcalfe,21169,medium (3000-6000 R),1,10359,291,no (<0.5 psi),0,B363,B-78
Kentucky,Monroe,21171,medium (3000-6000 R),1,12618,331,no (<0.5 psi),0,B364,B-79
Kentucky,Montgomery,21173,low (<3000 R),0,20410,199,no (<0.5 psi),0,B364,B-79
Kentucky,Morgan,21175,low (<3000 R),0,12122,382,no (<0.5 psi),0,B364,B-79
Kentucky,Muhlenberg,21177,high (6000-15000 R),2,31696,478,very high (>=10 psi),4,B364,B-79
Kentucky,Nelson,21179,medium (3000-6000 R),1,28923,424,no (<0.5 psi),0,B364,B-79
Kentucky,Nicholas,21181,medium (3000-6000 R),1,7330,197,no (<0.5 psi),0,B364,B-79
Kentucky,Ohio,21183,high (6000-15000 R),2,21875,596,very high (>=10 psi),4,B364,B-79
Kentucky,Oldham,21185,medium (3000-6000 R),1,30519,190,low (0.5-2 psi),1,B364,B-79
Kentucky,Owen,21187,medium (3000-6000 R),1,9217,354,low (0.5-2 psi),1,B364,B-79
Kentucky,Owsley,21189,low (<3000 R),0,5641,198,no (<0.5 psi),0,B364,B-79
Kentucky,Pendleton,21191,medium (3000-6000 R),1,10767,281,no (<0.5 psi),0,B364,B-79
Kentucky,Perry,21193,low (<3000 R),0,35419,341,no (<0.5 psi),0,B364,B-79
Kentucky,Pike,21195,low (<3000 R),0,83875,785,very high (>=10 psi),4,B364,B-79
Kentucky,Powell,21197,low (<3000 R),0,11907,180,low (0.5-2 psi),1,B364,B-79
Kentucky,Pulaski,21199,medium (3000-6000 R),1,49129,660,very high (>=10 psi),4,B364,B-79
Kentucky,Robertson,21201,medium (3000-6000 R),1,2383,100,no (<0.5 psi),0,B364,B-79
Kentucky,Rockcastle,21203,medium (3000-6000 R),1,14664,318,medium (2-5 psi),2,B364,B-79
Kentucky,Rowan,21205,low (<3000 R),0,19043,282,no (<0.5 psi),0,B364,B-79
Kentucky,Russell,21207,medium (3000-6000 R),1,15141,250,low (0.5-2 psi),1,B364,B-79
Kentucky,Scott,21209,medium (3000-6000 R),1,21971,286,medium (2-5 psi),2,B364,B-79
Kentucky,Shelby,21211,medium (3000-6000 R),1,24243,385,low (0.5-2 psi),1,B364,B-79
Kentucky,Simpson,21213,high (6000-15000 R),2,14936,236,no (<0.5 psi),0,B364,B-79
Kentucky,Spencer,21215,medium (3000-6000 R),1,6148,192,no (<0.5 psi),0,B364,B-79
Kentucky,Taylor,21217,medium (3000-6000 R),1,22162,270,no (<0.5 psi),0,B364,B-79
Kentucky,Todd,21219,high (6000-15000 R),2,10649,377,low (0.5-2 psi),1,B364,B-79
Kentucky,Trigg,21221,high (6000-15000 R),2,9386,421,low (0.5-2 psi),1,B364,B-79
Kentucky,Trimble,21223,medium (3000-6000 R),1,6321,148,very high (>=10 psi),4,B364,B-79
Kentucky,Union,21225,high (6000-15000 R),2,17807,341,no (<0.5 psi),0,B364,B-79
Kentucky,Warren,21227,high (6000-15000 R),2,82907,547,no (<0.5 psi),0,B364,B-79
Kentucky,Washington,21229,medium (3000-6000 R),1,10291,301,low (0.5-2 psi),1,B364,B-79
Kentucky,Wayne,21231,medium (3000-6000 R),1,17759,446,low (0.5-2 psi),1,B365,B-80
Kentucky,Webster,21233,high (6000-15000 R),2,14730,336,no (<0.5 psi),0,B365,B-80
Kentucky,Whitley,21235,low (<3000 R),0,35619,443,no (<0.5 psi),0,B365,B-80
Kentucky,Wolfe,21237,low (<3000 R),0,7152,223,no (<0.5 psi),0,B365,B-80
Kentucky,Woodford,21239,medium (3000-6000 R),1,18845,192,medium (2-5 psi),2,B365,B-80
Mississippi,Adams,28001,medium (3000-6000 R),1,39119,456,no (<0.5 psi),0,B367,B-82
Mississippi,Alcorn,28003,high (6000-15000 R),2,32183,401,no (<0.5 psi),0,B367,B-82
Mississippi,Amite,28005,medium (3000-6000 R),1,13288,732,no (<0.5 psi),0,B367,B-82
Mississippi,Attala,28007,high (6000-15000 R),2,18901,737,no (<0.5 psi),0,B367,B-82
Mississippi,Benton,28009,high (6000-15000 R),2,8126,407,no (<0.5 psi),0,B367,B-82
Mississippi,Bolivar,28011,high (6000-15000 R),2,45246,892,no (<0.5 psi),0,B367,B-82
Mississippi,Calhoun,28013,high (6000-15000 R),2,15196,573,no (<0.5 psi),0,B367,B-82
Mississippi,Carroll,28015,high (6000-15000 R),2,9173,634,no (<0.5 psi),0,B367,B-82
Mississippi,Chickasaw,28017,high (6000-15000 R),2,17923,503,no (<0.5 psi),0,B367,B-82
Mississippi,Choctaw,28019,high (6000-15000 R),2,8542,420,no (<0.5 psi),0,B367,B-82
Mississippi,Claiborne,28021,medium (3000-6000 R),1,12621,494,no (<0.5 psi),0,B367,B-82
Mississippi,Clarke,28023,medium (3000-6000 R),1,16823,692,low (0.5-2 psi),1,B367,B-82
Mississippi,Clay,28025,high (6000-15000 R),2,22053,415,high (5-10 psi),3,B367,B-82
Mississippi,Coahoma,28027,high (6000-15000 R),2,35424,559,no (<0.5 psi),0,B367,B-82
Mississippi,Copiah,28029,medium (3000-6000 R),1,25744,779,no (<0.5 psi),0,B367,B-82
Mississippi,Covington,28031,medium (3000-6000 R),1,15888,416,no (<0.5 psi),0,B367,B-82
Mississippi,De Soto,28033,high (6000-15000 R),2,58091,483,medium (2-5 psi),2,B367,B-82
Mississippi,Forrest,28035,low (<3000 R),0,70812,469,very high (>=10 psi),4,B367,B-82
Mississippi,Franklin,28037,medium (3000-6000 R),1,8373,566,no (<0.5 psi),0,B367,B-82
Mississippi,George,28039,low (<3000 R),0,16044,483,medium (2-5 psi),2,B367,B-82
Mississippi,Greene,28041,low (<3000 R),0,9382,718,medium (2-5 psi),2,B367,B-82
Mississippi,Grenada,28043,high (6000-15000 R),2,21543,421,no (<0.5 psi),0,B367,B-82
Mississippi,Hancock,28045,low (<3000 R),0,29671,478,very high (>=10 psi),4,B367,B-82
Mississippi,Harrison,28047,low (<3000 R),0,171484,581,very high (>=10 psi),4,B367,B-82
Mississippi,Hinds,28049,medium (3000-6000 R),1,261467,875,very high (>=10 psi),4,B367,B-82
Mississippi,Holmes,28051,high (6000-15000 R),2,23784,759,low (0.5-2 psi),1,B368,B-83
Mississippi,Humphreys,28053,low (<3000 R),0,13934,430,low (0.5-2 psi),1,B368,B-83
Mississippi,Issaquena,28055,high (6000-15000 R),2,2147,406,no (<0.5 psi),0,B368,B-83
Mississippi,Itawamba,28057,high (6000-15000 R),2,20299,541,no (<0.5 psi),0,B368,B-83
Mississippi,Jackson,28059,low (<3000 R),0,124917,731,very high (>=10 psi),4,B368,B-83
Mississippi,Jasper,28061,medium (3000-6000 R),1,17173,678,high (5-10 psi),3,B368,B-83
Mississippi,Jefferson,28063,medium (3000-6000 R),1,9793,523,no (<0.5 psi),0,B368,B-83
Mississippi,Jefferson Davis,28065,medium (3000-6000 R),1,14104,409,no (<0.5 psi),0,B368,B-83
Mississippi,Jones,28067,medium (3000-6000 R),1,64507,695,very high (>=10 psi),4,B368,B-83
Mississippi,Kemper,28069,medium (3000-6000 R),1,10373,766,low (0.5-2 psi),1,B368,B-83
Mississippi,LaFayette,28071,high (6000-15000 R),2,32522,609,no (<0.5 psi),0,B368,B-83
Mississippi,Lamar,28073,medium (3000-6000 R),1,26768,499,very high (>=10 psi),4,B368,B-83
Mississippi,Lauderdale,28075,medium (3000-6000 R),1,80005,705,very high (>=10 psi),4,B368,B-83
Mississippi,Lawrence,28077,medium (3000-6000 R),1,13144,435,no (<0.5 psi),0,B368,B-83
Mississippi,Leake,28079,medium (3000-6000 R),1,18683,584,no (<0.5 psi),0,B368,B-83
Mississippi,Lee,28081,high (6000-15000 R),2,61285,451,no (<0.5 psi),0,B368,B-83
Mississippi,LeFlore,28083,high (6000-15000 R),2,42369,605,no (<0.5 psi),0,B368,B-83
Mississippi,Lincoln,28085,medium (3000-6000 R),1,31099,586,no (<0.5 psi),0,B368,B-83
Mississippi,Lowndes,28087,medium (3000-6000 R),1,61314,517,very high (>=10 psi),4,B368,B-83
Mississippi,Madison,28089,high (6000-15000 R),2,45724,717,medium (2-5 psi),2,B368,B-83
Mississippi,Marion,28091,medium (3000-6000 R),1,27571,548,low (0.5-2 psi),1,B368,B-83
Mississippi,Marshall,28093,high (6000-15000 R),2,32405,709,low (0.5-2 psi),1,B368,B-83
Mississippi,Monroe,28095,high (6000-15000 R),2,36628,772,very high (>=10 psi),4,B368,B-83
Mississippi,Montgomery,28097,high (6000-15000 R),2,12660,408,no (<0.5 psi),0,B368,B-83
Mississippi,Neshoba,28099,medium (3000-6000 R),1,24674,571,low (0.5-2 psi),1,B368,B-83
Mississippi,Newton,28101,medium (3000-6000 R),1,20288,580,low (0.5-2 psi),1,B368,B-83
Mississippi,Noxubee,28103,medium (3000-6000 R),1,12537,698,no (<0.5 psi),0,B368,B-83
Mississippi,Oktibbeha,28105,high (6000-15000 R),2,38129,459,low (0.5-2 psi),1,B368,B-83
Mississippi,Panola,28107,high (6000-15000 R),2,29785,695,no (<0.5 psi),0,B368,B-83
Mississippi,Pearl River,28109,medium (3000-6000 R),1,38167,819,low (0.5-2 psi),1,B368,B-83
Mississippi,Perry,28111,low (<3000 R),0,10646,651,no (<0.5 psi),0,B369,B-84
Mississippi,Pike,28113,medium (3000-6000 R),1,36699,410,no (<0.5 psi),0,B369,B-84
Mississippi,Pontotoc,28115,high (6000-15000 R),2,21744,499,no (<0.5 psi),0,B369,B-84
Mississippi,Prentiss,28117,high (6000-15000 R),2,24682,417,no (<0.5 psi),0,B369,B-84
Mississippi,Quitman,28119,high (6000-15000 R),2,11334,406,no (<0.5 psi),0,B369,B-84
Mississippi,Rankin,28121,medium (3000-6000 R),1,80192,782,very high (>=10 psi),4,B369,B-84
Mississippi,Scott,28123,medium (3000-6000 R),1,25256,610,no (<0.5 psi),0,B369,B-84
Mississippi,Sharkey,28125,high (6000-15000 R),2,8076,435,low (0.5-2 psi),1,B369,B-84
Mississippi,Simpson,28127,medium (3000-6000 R),1,24762,591,no (<0.5 psi),0,B369,B-84
Mississippi,Smith,28129,medium (3000-6000 R),1,14554,635,low (0.5-2 psi),1,B369,B-84
Mississippi,Stone,28131,low (<3000 R),0,10110,446,no (<0.5 psi),0,B369,B-84
Mississippi,Sunflower,28133,high (6000-15000 R),2,37634,707,no (<0.5 psi),0,B369,B-84
Mississippi,Tallahatchie,28135,high (6000-15000 R),2,16124,651,no (<0.5 psi),0,B369,B-84
Mississippi,Tate,28137,high (6000-15000 R),2,21311,406,no (<0.5 psi),0,B369,B-84
Mississippi,Tippah,28139,high (6000-15000 R),2,18985,458,no (<0.5 psi),0,B369,B-84
Mississippi,Tishomingo,28141,low (<3000 R),0,17338,434,no (<0.5 psi),0,B369,B-84
Mississippi,Tunica,28143,high (6000-15000 R),2,9299,460,low (0.5-2 psi),1,B369,B-84
Mississippi,Union,28145,high (6000-15000 R),2,21595,417,no (<0.5 psi),0,B369,B-84
Mississippi,Walthall,28147,medium (3000-6000 R),1,12870,404,no (<0.5 psi),0,B369,B-84
Mississippi,Warren,28149,high (6000-15000 R),2,51872,597,no (<0.5 psi),0,B369,B-84
Mississippi,Washington,28151,high (6000-15000 R),2,72533,733,no (<0.5 psi),0,B369,B-84
Mississippi,Wayne,28153,low (<3000 R),0,20152,813,medium (2-5 psi),2,B369,B-84
Mississippi,Webster,28155,high (6000-15000 R),2,10196,424,no (<0.5 psi),0,B369,B-84
Mississippi,Wilkinson,28157,medium (3000-6000 R),1,10484,678,no (<0.5 psi),0,B369,B-84
Mississippi,Winston,28159,medium (3000-6000 R),1,18567,610,no (<0.5 psi),0,B369,B-84
Mississippi,Yalobusha,28161,high (6000-15000 R),2,13387,478,no (<0.5 psi),0,B369,B-84
Mississippi,Yazoo,28163,high (6000-15000 R),2,26826,933,very high (>=10 psi),4,B369,B-84
North Carolina,Alamance,37001,low (<3000 R),0,102865,433,very high (>=10 psi),4,B371,B-86
North Carolina,Alexander,37003,low (<3000 R),0,26671,259,no (<0.5 psi),0,B371,B-86
North Carolina,Alleghany,37005,low (<3000 R),0,9941,234,no (<0.5 psi),0,B371,B-86
North Carolina,Anson,37007,low (<3000 R),0,26266,533,no (<0.5 psi),0,B371,B-86
North Carolina,Ashe,37009,low (<3000 R),0,23263,426,no (<0.5 psi),0,B371,B-86
North Carolina,Avery,37011,low (<3000 R),0,15040,247,no (<0.5 psi),0,B371,B-86
North Carolina,Beaufort,37013,low (<3000 R),0,43217,826,no (<0.5 psi),0,B371,B-86
North Carolina,Bertie,37015,low (<3000 R),0,21491,701,no (<0.5 psi),0,B371,B-86
North Carolina,Bladen,37017,low (<3000 R),0,30794,879,medium (2-5 psi),2,B371,B-86
North Carolina,Brunswick,37019,low (<3000 R),0,45643,861,very high (>=10 psi),4,B371,B-86
North Carolina,Buncombe,37021,low (<3000 R),0,166717,659,no (<0.5 psi),0,B371,B-86
North Carolina,Burke,37023,low (<3000 R),0,75193,505,no (<0.5 psi),0,B371,B-86
North Carolina,Cabarrus,37025,low (<3000 R),0,93522,364,low (0.5-2 psi),1,B371,B-86
North Carolina,Caldwell,37027,low (<3000 R),0,68745,471,no (<0.5 psi),0,B371,B-86
North Carolina,Camden,37029,low (<3000 R),0,5866,241,no (<0.5 psi),0,B371,B-86
North Carolina,Carteret,37031,low (<3000 R),0,48181,525,very high (>=10 psi),4,B371,B-86
North Carolina,Caswell,37033,low (<3000 R),0,22441,427,medium (2-5 psi),2,B371,B-86
North Carolina,Catawba,37035,low (<3000 R),0,112583,396,very high (>=10 psi),4,B371,B-86
North Carolina,Chatham,37037,low (<3000 R),0,35680,708,no (<0.5 psi),0,B371,B-86
North Carolina,Cherokee,37039,low (<3000 R),0,20231,452,medium (2-5 psi),2,B371,B-86
North Carolina,Chowan,37041,low (<3000 R),0,12995,181,no (<0.5 psi),0,B371,B-86
North Carolina,Clay,37043,low (<3000 R),0,7093,214,no (<0.5 psi),0,B371,B-86
North Carolina,Cleveland,37045,low (<3000 R),0,84762,468,no (<0.5 psi),0,B371,B-86
North Carolina,Columbus,37047,low (<3000 R),0,51937,939,no (<0.5 psi),0,B371,B-86
North Carolina,Craven,37049,medium (3000-6000 R),1,77821,702,low (0.5-2 psi),1,B371,B-86
North Carolina,Cumberland,37051,low (<3000 R),0,252353,657,very high (>=10 psi),4,B372,B-87
North Carolina,Currituck,37053,low (<3000 R),0,13318,256,low (0.5-2 psi),1,B372,B-87
North Carolina,Dare,37055,low (<3000 R),0,17107,391,no (<0.5 psi),0,B372,B-87
North Carolina,Davidson,37057,low (<3000 R),0,118693,548,medium (2-5 psi),2,B372,B-87
North Carolina,Davie,37059,low (<3000 R),0,27416,267,low (0.5-2 psi),1,B372,B-87
North Carolina,Duplin,37061,low (<3000 R),0,41650,819,low (0.5-2 psi),1,B372,B-87
North Carolina,Durham,37063,low (<3000 R),0,160837,298,low (0.5-2 psi),1,B372,B-87
North Carolina,Edgecombe,37065,low (<3000 R),0,58790,506,no (<0.5 psi),0,B372,B-87
North Carolina,Forsyth,37067,low (<3000 R),0,258622,412,very high (>=10 psi),4,B372,B-87
North Carolina,Franklin,37069,low (<3000 R),0,32305,494,no (<0.5 psi),0,B372,B-87
North Carolina,Gaston,37071,low (<3000 R),0,170614,357,medium (2-5 psi),2,B372,B-87
North Carolina,Gates,37073,low (<3000 R),0,9357,338,no (<0.5 psi),0,B372,B-87
North Carolina,Graham,37075,low (<3000 R),0,7104,289,no (<0.5 psi),0,B372,B-87
North Carolina,Granville,37077,low (<3000 R),0,36884,534,no (<0.5 psi),0,B372,B-87
North Carolina,Greene,37079,medium (3000-6000 R),1,16464,266,low (0.5-2 psi),1,B372,B-87
North Carolina,Guilford,37081,low (<3000 R),0,327323,651,medium (2-5 psi),2,B372,B-87
North Carolina,Halifax,37083,low (<3000 R),0,56258,724,no (<0.5 psi),0,B372,B-87
North Carolina,Harnett,37085,low (<3000 R),0,62366,601,medium (2-5 psi),2,B372,B-87
North Carolina,Haywood,37087,low (<3000 R),0,47835,555,no (<0.5 psi),0,B372,B-87
North Carolina,Henderson,37089,low (<3000 R),0,66501,375,no (<0.5 psi),0,B372,B-87
North Carolina,Hertford,37091,low (<3000 R),0,24076,356,no (<0.5 psi),0,B372,B-87
North Carolina,Hoke,37093,low (<3000 R),0,22566,391,medium (2-5 psi),2,B372,B-87
North Carolina,Hyde,37095,low (<3000 R),0,5925,624,no (<0.5 psi),0,B372,B-87
North Carolina,Iredell,37097,low (<3000 R),0,87260,574,very high (>=10 psi),4,B372,B-87
North Carolina,Jackson,37099,low (<3000 R),0,27318,490,no (<0.5 psi),0,B372,B-87
North Carolina,Johnston,37101,low (<3000 R),0,76426,795,low (0.5-2 psi),1,B372,B-87
North Carolina,Jones,37103,medium (3000-6000 R),1,9806,470,low (0.5-2 psi),1,B372,B-87
North Carolina,Lee,37105,low (<3000 R),0,40039,259,low (0.5-2 psi),1,B372,B-87
North Carolina,Lenoir,37107,medium (3000-6000 R),1,61276,402,low (0.5-2 psi),1,B372,B-87
North Carolina,Lincoln,37109,low (<3000 R),0,45086,298,very high (>=10 psi),4,B372,B-87
North Carolina,McDowell,37111,low (<3000 R),0,36454,437,no (<0.5 psi),0,B373,B-88
North Carolina,Macon,37113,low (<3000 R),0,23466,517,no (<0.5 psi),0,B373,B-88
North Carolina,Madison,37115,low (<3000 R),0,17250,451,no (<0.5 psi),0,B373,B-88
North Carolina,Martin,37117,low (<3000 R),0,27437,461,no (<0.5 psi),0,B373,B-88
North Carolina,Mecklenburg,37119,low (<3000 R),0,439986,528,very high (>=10 psi),4,B373,B-88
North Carolina,Mitchell,37121,low (<3000 R),0,14258,222,no (<0.5 psi),0,B373,B-88
North Carolina,Montgomery,37123,low (<3000 R),0,23665,490,low (0.5-2 psi),1,B373,B-88
North Carolina,Moore,37125,low (<3000 R),0,55254,701,very high (>=10 psi),4,B373,B-88
North Carolina,Nash,37127,low (<3000 R),0,70931,540,no (<0.5 psi),0,B373,B-88
North Carolina,New Hanover,37129,low (<3000 R),0,112147,185,very high (>=10 psi),4,B373,B-88
North Carolina,Northampton,37131,low (<3000 R),0,22485,538,no (<0.5 psi),0,B373,B-88
North Carolina,Onslow,37133,low (<3000 R),0,120039,763,very high (>=10 psi),4,B373,B-88
North Carolina,Orange,37135,low (<3000 R),0,81875,400,no (<0.5 psi),0,B373,B-88
North Carolina,Pamlico,37137,low (<3000 R),0,10925,341,no (<0.5 psi),0,B373,B-88
North Carolina,Pasquotank,37139,low (<3000 R),0,29502,228,no (<0.5 psi),0,B373,B-88
North Carolina,Pender,37141,low (<3000 R),0,24268,875,low (0.5-2 psi),1,B373,B-88
North Carolina,Perquimans,37143,low (<3000 R),0,9913,246,no (<0.5 psi),0,B373,B-88
North Carolina,Person,37145,low (<3000 R),0,30316,398,very high (>=10 psi),4,B373,B-88
North Carolina,Pitt,37147,medium (3000-6000 R),1,96024,656,no (<0.5 psi),0,B373,B-88
North Carolina,Polk,37149,low (<3000 R),0,14758,238,no (<0.5 psi),0,B373,B-88
North Carolina,Randolph,37151,low (<3000 R),0,97642,789,low (0.5-2 psi),1,B373,B-88
North Carolina,Richmond,37153,low (<3000 R),0,45644,477,very high (>=10 psi),4,B373,B-88
North Carolina,Robeson,37155,low (<3000 R),0,106472,949,very high (>=10 psi),4,B373,B-88
North Carolina,Rockingham,37157,low (<3000 R),0,85801,569,low (0.5-2 psi),1,B373,B-88
North Carolina,Rowan,37159,low (<3000 R),0,102667,519,no (<0.5 psi),0,B373,B-88
North Carolina,Rutherford,37161,low (<3000 R),0,56501,568,no (<0.5 psi),0,B373,B-88
North Carolina,Sampson,37163,low (<3000 R),0,50707,947,low (0.5-2 psi),1,B373,B-88
North Carolina,Scotland,37165,low (<3000 R),0,34149,319,medium (2-5 psi),2,B373,B-88
North Carolina,Stanly,37167,low (<3000 R),0,50203,396,no (<0.5 psi),0,B373,B-88
North Carolina,Stokes,37169,low (<3000 R),0,35319,452,very high (>=10 psi),4,B373,B-88
North Carolina,Surry,37171,low (<3000 R),0,60500,539,low (0.5-2 psi),1,B374,B-89
North Carolina,Swain,37173,low (<3000 R),0,10818,526,no (<0.5 psi),0,B374,B-89
North Carolina,Transylvania,37175,low (<3000 R),0,25249,378,no (<0.5 psi),0,B374,B-89
North Carolina,Tyrrell,37177,low (<3000 R),0,4130,407,no (<0.5 psi),0,B374,B-89
North Carolina,Union,37179,low (<3000 R),0,77802,639,low (0.5-2 psi),1,B374,B-89
North Carolina,Vance,37181,low (<3000 R),0,38320,249,no (<0.5 psi),0,B374,B-89
North Carolina,Wake,37183,low (<3000 R),0,346147,854,very high (>=10 psi),4,B374,B-89
North Carolina,Warren,37185,low (<3000 R),0,16236,427,no (<0.5 psi),0,B374,B-89
North Carolina,Washington,37187,low (<3000 R),0,14473,332,no (<0.5 psi),0,B374,B-89
North Carolina,Watauga,37189,low (<3000 R),0,34273,314,no (<0.5 psi),0,B374,B-89
North Carolina,Wayne,37191,high (6000-15000 R),2,98361,554,very high (>=10 psi),4,B374,B-89
North Carolina,Wilkes,37193,low (<3000 R),0,60948,752,no (<0.5 psi),0,B374,B-89
North Carolina,Wilson,37195,low (<3000 R),0,64997,374,low (0.5-2 psi),1,B374,B-89
North Carolina,Yadkin,37197,low (<3000 R),0,29498,336,low (0.5-2 psi),1,B374,B-89
North Carolina,Yancey,37199,low (<3000 R),0,15431,314,no (<0.5 psi),0,B374,B-89
South Carolina,Abbeville,45001,low (<3000 R),0,22919,508,no (<0.5 psi),0,B376,B-92
South Carolina,Aiken,45003,low (<3000 R),0,113409,1092,very high (>=10 psi),4,B376,B-92
South Carolina,Allendale,45005,low (<3000 R),0,10904,413,high (5-10 psi),3,B376,B-92
South Carolina,Anderson,45007,low (<3000 R),0,139797,718,low (0.5-2 psi),1,B376,B-92
South Carolina,Bamberg,45009,low (<3000 R),0,18097,395,no (<0.5 psi),0,B376,B-92
South Carolina,Barnwell,45011,low (<3000 R),0,20308,558,high (5-10 psi),3,B376,B-92
South Carolina,Beaufort,45013,low (<3000 R),0,81853,579,very high (>=10 psi),4,B376,B-92
South Carolina,Berkeley,45015,medium (3000-6000 R),1,117319,1108,very high (>=10 psi),4,B376,B-92
South Carolina,Calhoun,45017,low (<3000 R),0,11431,380,high (5-10 psi),3,B376,B-92
South Carolina,Charleston,45019,high (6000-15000 R),2,291814,938,very high (>=10 psi),4,B376,B-92
South Carolina,Cherokee,45021,low (<3000 R),0,41186,396,low (0.5-2 psi),1,B376,B-92
South Carolina,Chester,45023,low (<3000 R),0,30992,580,no (<0.5 psi),0,B376,B-92
South Carolina,Chesterfield,45025,low (<3000 R),0,38454,802,no (<0.5 psi),0,B376,B-92
South Carolina,Clarendon,45027,low (<3000 R),0,28112,602,low (0.5-2 psi),1,B376,B-92
South Carolina,Colleton,45029,low (<3000 R),0,33866,1052,low (0.5-2 psi),1,B376,B-92
South Carolina,Darlington,45031,low (<3000 R),0,64933,563,no (<0.5 psi),0,B376,B-92
South Carolina,Dillon,45033,low (<3000 R),0,32316,406,no (<0.5 psi),0,B376,B-92
South Carolina,Dorchester,45035,medium (3000-6000 R),1,73846,575,low (0.5-2 psi),1,B376,B-92
South Carolina,Edgefield,45037,low (<3000 R),0,17809,490,medium (2-5 psi),2,B376,B-92
South Carolina,Fairfield,45039,low (<3000 R),0,20805,685,low (0.5-2 psi),1,B376,B-92
South Carolina,Florence,45041,low (<3000 R),0,114936,804,no (<0.5 psi),0,B376,B-92
South Carolina,Georgetown,45043,low (<3000 R),0,47533,822,very high (>=10 psi),4,B376,B-92
South Carolina,Greenville,45045,low (<3000 R),0,303866,795,low (0.5-2 psi),1,B376,B-92
South Carolina,Greenwood,45047,low (<3000 R),0,60352,451,no (<0.5 psi),0,B376,B-92
South Carolina,Hampton,45049,low (<3000 R),0,18899,561,low (0.5-2 psi),1,B376,B-92
South Carolina,Horry,45051,low (<3000 R),0,126279,1143,very high (>=10 psi),4,B377,B-93
South Carolina,Jasper,45053,low (<3000 R),0,14369,655,medium (2-5 psi),2,B377,B-93
South Carolina,Kershaw,45055,low (<3000 R),0,42124,723,low (0.5-2 psi),1,B377,B-93
South Carolina,Lancaster,45057,low (<3000 R),0,55843,552,no (<0.5 psi),0,B377,B-93
South Carolina,Laurens,45059,low (<3000 R),0,53481,712,no (<0.5 psi),0,B377,B-93
South Carolina,Lee,45061,low (<3000 R),0,18510,411,low (0.5-2 psi),1,B377,B-93
South Carolina,Lexington,45063,low (<3000 R),0,156949,707,high (5-10 psi),3,B377,B-93
South Carolina,McCormick,45065,low (<3000 R),0,7183,350,low (0.5-2 psi),1,B377,B-93
South Carolina,Marion,45067,low (<3000 R),0,34924,493,no (<0.5 psi),0,B377,B-93
South Carolina,Marlboro,45069,low (<3000 R),0,32459,483,no (<0.5 psi),0,B377,B-93
South Carolina,Newberry,45071,low (<3000 R),0,32044,634,no (<0.5 psi),0,B377,B-93
South Carolina,Oconee,45073,low (<3000 R),0,51780,629,very high (>=10 psi),4,B377,B-93
South Carolina,Orangeburg,45075,low (<3000 R),0,86706,1112,low (0.5-2 psi),1,B377,B-93
South Carolina,Pickens,45077,low (<3000 R),0,85403,499,very high (>=10 psi),4,B377,B-93
South Carolina,Richland,45079,low (<3000 R),0,282019,762,very high (>=10 psi),4,B377,B-93
South Carolina,Saluda,45081,low (<3000 R),0,17017,456,no (<0.5 psi),0,B377,B-93
South Carolina,Spartanburg,45083,low (<3000 R),0,209163,814,very high (>=10 psi),4,B377,B-93
South Carolina,Sumter,45085,low (<3000 R),0,94839,665,very high (>=10 psi),4,B377,B-93
South Carolina,Union,45087,low (<3000 R),0,30826,515,low (0.5-2 psi),1,B377,B-93
South Carolina,Williamsburg,45089,low (<3000 R),0,39284,934,no (<0.5 psi),0,B377,B-93
South Carolina,York,45091,low (<3000 R),0,116464,685,low (0.5-2 psi),1,B377,B-93
Tennessee,Anderson,47001,medium (3000-6000 R),1,69607,339,very high (>=10 psi),4,B379,B-96
Tennessee,Bedford,47003,high (6000-15000 R),2,28701,475,medium (2-5 psi),2,B379,B-96
Tennessee,Benton,47005,high (6000-15000 R),2,15088,392,no (<0.5 psi),0,B379,B-96
Tennessee,Bledsoe,47007,medium (3000-6000 R),1,9278,407,no (<0.5 psi),0,B379,B-96
Tennessee,Blount,47009,low (<3000 R),0,81926,558,low (0.5-2 psi),1,B379,B-96
Tennessee,Bradley,47011,low (<3000 R),0,70601,327,very high (>=10 psi),4,B379,B-96
Tennessee,Campbell,47013,medium (3000-6000 R),1,35490,479,no (<0.5 psi),0,B379,B-96
Tennessee,Cannon,47015,medium (3000-6000 R),1,10725,266,no (<0.5 psi),0,B379,B-96
Tennessee,Carroll,47017,high (6000-15000 R),2,28302,600,high (5-10 psi),3,B379,B-96
Tennessee,Carter,47019,low (<3000 R),0,51658,341,no (<0.5 psi),0,B379,B-96
Tennessee,Cheatham,47021,high (6000-15000 R),2,23557,303,low (0.5-2 psi),1,B379,B-96
Tennessee,Chester,47023,high (6000-15000 R),2,12837,289,no (<0.5 psi),0,B379,B-96
Tennessee,Claiborne,47025,low (<3000 R),0,26644,432,no (<0.5 psi),0,B379,B-96
Tennessee,Clay,47027,high (6000-15000 R),2,8061,227,no (<0.5 psi),0,B379,B-96
Tennessee,Cocke,47029,low (<3000 R),0,29318,432,no (<0.5 psi),0,B379,B-96
Tennessee,Coffee,47031,medium (3000-6000 R),1,40569,429,very high (>=10 psi),4,B379,B-96
Tennessee,Crockett,47033,high (6000-15000 R),2,13895,266,low (0.5-2 psi),1,B379,B-96
Tennessee,Cumberland,47035,medium (3000-6000 R),1,31190,682,low (0.5-2 psi),1,B379,B-96
Tennessee,Davidson,47037,high (6000-15000 R),2,487241,501,very high (>=10 psi),4,B379,B-96
Tennessee,Decatur,47039,high (6000-15000 R),2,10958,330,no (<0.5 psi),0,B379,B-96
Tennessee,DeKalb,47041,medium (3000-6000 R),1,13881,291,no (<0.5 psi),0,B379,B-96
Tennessee,Dickson,47043,high (6000-15000 R),2,31624,491,low (0.5-2 psi),1,B379,B-96
Tennessee,Dyer,47045,very high (>15000 R),3,33920,520,low (0.5-2 psi),1,B379,B-96
Tennessee,Fayette,47047,high (6000-15000 R),2,24623,705,no (<0.5 psi),0,B379,B-96
Tennessee,Fentress,47049,medium (3000-6000 R),1,15603,498,no (<0.5 psi),0,B379,B-96
Tennessee,Franklin,47051,medium (3000-6000 R),1,33382,543,very high (>=10 psi),4,B380,B-97
Tennessee,Gibson,47053,high (6000-15000 R),2,48338,602,very high (>=10 psi),4,B380,B-97
Tennessee,Giles,47055,high (6000-15000 R),2,24789,610,no (<0.5 psi),0,B380,B-97
Tennessee,Grainger,47057,low (<3000 R),0,17155,273,no (<0.5 psi),0,B380,B-97
Tennessee,Greene,47059,low (<3000 R),0,56054,619,high (5-10 psi),3,B380,B-97
Tennessee,Grundy,47061,medium (3000-6000 R),1,14085,361,no (<0.5 psi),0,B380,B-97
Tennessee,Hamblen,47063,low (<3000 R),0,59098,156,no (<0.5 psi),0,B380,B-97
Tennessee,Hamilton,47065,medium (3000-6000 R),1,282988,539,very high (>=10 psi),4,B380,B-97
Tennessee,Hancock,47067,low (<3000 R),0,6751,,low (0.5-2 psi),1,B380,B-97
Tennessee,Hardeman,47069,high (6000-15000 R),2,23322,670,no (<0.5 psi),0,B380,B-97
Tennessee,Hardin,47071,high (6000-15000 R),2,22314,578,no (<0.5 psi),0,B380,B-97
Tennessee,Hawkins,47073,low (<3000 R),0,45137,486,high (5-10 psi),3,B380,B-97
Tennessee,Haywood,47075,high (6000-15000 R),2,20547,534,no (<0.5 psi),0,B380,B-97
Tennessee,Henderson,47077,high (6000-15000 R),2,21854,520,low (0.5-2 psi),1,B380,B-97
Tennessee,Henry,47079,high (6000-15000 R),2,29023,560,no (<0.5 psi),0,B380,B-97
Tennessee,Hickman,47081,high (6000-15000 R),2,15927,610,no (<0.5 psi),0,B380,B-97
Tennessee,Houston,47083,high (6000-15000 R),2,7011,200,very high (>=10 psi),4,B380,B-97
Tennessee,Humphreys,47085,high (6000-15000 R),2,15702,527,low (0.5-2 psi),1,B380,B-97
Tennessee,Jackson,47087,medium (3000-6000 R),1,9146,308,no (<0.5 psi),0,B380,B-97
Tennessee,Jefferson,47089,low (<3000 R),0,35027,266,no (<0.5 psi),0,B380,B-97
Tennessee,Johnson,47091,low (<3000 R),0,14302,297,no (<0.5 psi),0,B380,B-97
Tennessee,Knox,47093,low (<3000 R),0,331840,506,very high (>=10 psi),4,B380,B-97
Tennessee,Lake,47095,high (6000-15000 R),2,8310,168,no (<0.5 psi),0,B380,B-97
Tennessee,Lauderdale,47097,very high (>15000 R),3,24256,475,low (0.5-2 psi),1,B380,B-97
Tennessee,Lawrence,47099,high (6000-15000 R),2,34625,617,no (<0.5 psi),0,B380,B-97
Tennessee,Lewis,47101,high (6000-15000 R),2,10580,282,no (<0.5 psi),0,B380,B-97
Tennessee,Lincoln,47103,high (6000-15000 R),2,26229,571,low (0.5-2 psi),1,B380,B-97
Tennessee,Loudon,47105,low (<3000 R),0,30719,235,medium (2-5 psi),2,B380,B-97
Tennessee,McMinn,47107,low (<3000 R),0,43710,429,high (5-10 psi),3,B380,B-97
Tennessee,McNairy,47109,high (6000-15000 R),2,23337,562,no (<0.5 psi),0,B380,B-97
Tennessee,Macon,47111,high (6000-15000 R),2,15667,307,no (<0.5 psi),0,B381,B-98
Tennessee,Madison,47113,high (6000-15000 R),2,76858,558,low (0.5-2 psi),1,B381,B-98
Tennessee,Marion,47115,medium (3000-6000 R),1,24502,512,medium (2-5 psi),2,B381,B-98
Tennessee,Marshall,47117,high (6000-15000 R),2,20095,376,no (<0.5 psi),0,B381,B-98
Tennessee,Maury,47119,high (6000-15000 R),2,51863,616,no (<0.5 psi),0,B381,B-98
Tennessee,Meigs,47121,medium (3000-6000 R),1,7787,189,medium (2-5 psi),2,B381,B-98
Tennessee,Monroe,47123,low (<3000 R),0,30048,648,low (0.5-2 psi),1,B381,B-98
Tennessee,Montgomery,47125,high (6000-15000 R),2,88788,539,very high (>=10 psi),4,B381,B-98
Tennessee,Moore,47127,high (6000-15000 R),2,4907,129,high (5-10 psi),3,B381,B-98
Tennessee,Morgan,47129,medium (3000-6000 R),1,17290,523,medium (2-5 psi),2,B381,B-98
Tennessee,Obion,47131,high (6000-15000 R),2,32980,550,low (0.5-2 psi),1,B381,B-98
Tennessee,Overton,47133,medium (3000-6000 R),1,18095,433,no (<0.5 psi),0,B381,B-98
Tennessee,Perry,47135,high (6000-15000 R),2,6427,412,no (<0.5 psi),0,B381,B-98
Tennessee,Pickett,47137,medium (3000-6000 R),1,4510,159,no (<0.5 psi),0,B381,B-98
Tennessee,Polk,47139,low (<3000 R),0,13605,437,low (0.5-2 psi),1,B381,B-98
Tennessee,Putnam,47141,medium (3000-6000 R),1,50464,399,no (<0.5 psi),0,B381,B-98
Tennessee,Rhea,47143,medium (3000-6000 R),1,24819,309,low (0.5-2 psi),1,B381,B-98
Tennessee,Roane,47145,medium (3000-6000 R),1,49436,357,very high (>=10 psi),4,B381,B-98
Tennessee,Robertson,47147,high (6000-15000 R),2,38717,476,low (0.5-2 psi),1,B381,B-98
Tennessee,Rutherford,47149,high (6000-15000 R),2,97308,605,low (0.5-2 psi),1,B381,B-98
Tennessee,Scott,47151,medium (3000-6000 R),1,20635,528,no (<0.5 psi),0,B381,B-98
Tennessee,Sequatchie,47153,medium (3000-6000 R),1,8618,266,low (0.5-2 psi),1,B381,B-98
Tennessee,Sevier,47155,low (<3000 R),0,47229,590,no (<0.5 psi),0,B381,B-98
Tennessee,Shelby,47157,high (6000-15000 R),2,796450,772,very high (>=10 psi),4,B381,B-98
Tennessee,Smith,47159,medium (3000-6000 R),1,14564,313,no (<0.5 psi),0,B381,B-98
Tennessee,Stewart,47161,high (6000-15000 R),2,9154,454,very high (>=10 psi),4,B381,B-98
Tennessee,Sullivan,47163,low (<3000 R),0,145705,415,very high (>=10 psi),4,B381,B-98
Tennessee,Sumner,47165,high (6000-15000 R),2,92025,529,low (0.5-2 psi),1,B381,B-98
Tennessee,Tipton,47167,high (6000-15000 R),2,35021,454,high (5-10 psi),3,B381,B-98
Tennessee,Trousdale,47169,high (6000-15000 R),2,5488,114,no (<0.5 psi),0,B381,B-98
Tennessee,Unicoi,47171,low (<3000 R),0,16911,186,no (<0.5 psi),0,B382,B-99
Tennessee,Union,47173,low (<3000 R),0,12358,218,no (<0.5 psi),0,B382,B-99
Tennessee,Van Buren,47175,medium (3000-6000 R),1,4782,273,no (<0.5 psi),0,B382,B-99
Tennessee,Warren,47177,medium (3000-6000 R),1,33436,431,no (<0.5 psi),0,B382,B-99
Tennessee,Washington,47179,low (<3000 R),0,92699,326,very high (>=10 psi),4,B382,B-99
Tennessee,Wayne,47181,high (6000-15000 R),2,14115,734,no (<0.5 psi),0,B382,B-99
Tennessee,Weakley,47183,high (6000-15000 R),2,33395,581,low (0.5-2 psi),1,B382,B-99
Tennessee,White,47185,medium (3000-6000 R),1,19814,373,no (<0.5 psi),0,B382,B-99
Tennessee,Williamson,47187,high (6000-15000 R),2,68284,584,low (0.5-2 psi),1,B382,B-99
Tennessee,Wilson,47189,high (6000-15000 R),2,61352,571,low (0.5-2 psi),1,B382,B-99
Illinois,Adams,17001,very high (>15000 R),3,70543,852,medium (2-5 psi),2,B385,B-104
Illinois,Alexander,17003,high (6000-15000 R),2,11799,236,no (<0.5 psi),0,B385,B-104
Illinois,Bond,17005,high (6000-15000 R),2,16041,377,no (<0.5 psi),0,B385,B-104
Illinois,Boone,17007,medium (3000-6000 R),1,28123,282,no (<0.5 psi),0,B385,B-104
Illinois,Brown,17009,very high (>15000 R),3,5480,306,low (0.5-2 psi),1,B385,B-104
Illinois,Bureau,17011,high (6000-15000 R),2,37832,869,no (<0.5 psi),0,B385,B-104
Illinois,Calhoun,17013,very high (>15000 R),3,5833,250,medium (2-5 psi),2,B385,B-104
Illinois,Carroll,17015,high (6000-15000 R),2,17942,444,very high (>=10 psi),4,B385,B-104
Illinois,Cass,17017,high (6000-15000 R),2,14387,374,no (<0.5 psi),0,B385,B-104
Illinois,Champaign,17019,high (6000-15000 R),2,170697,998,very high (>=10 psi),4,B385,B-104
Illinois,Christian,17021,high (6000-15000 R),2,36273,710,low (0.5-2 psi),1,B385,B-104
Illinois,Clark,17023,high (6000-15000 R),2,16728,505,low (0.5-2 psi),1,B385,B-104
Illinois,Clay,17025,high (6000-15000 R),2,15596,469,no (<0.5 psi),0,B385,B-104
Illinois,Clinton,17027,very high (>15000 R),3,33632,472,no (<0.5 psi),0,B385,B-104
Illinois,Coles,17029,high (6000-15000 R),2,52388,509,no (<0.5 psi),0,B385,B-104
Illinois,Cook,17031,medium (3000-6000 R),1,5274484,958,very high (>=10 psi),4,B385,B-104
Illinois,Crawford,17033,high (6000-15000 R),2,20950,446,very high (>=10 psi),4,B385,B-104
Illinois,Cumberland,17035,high (6000-15000 R),2,10918,346,no (<0.5 psi),0,B385,B-104
Illinois,DeKalb,17037,medium (3000-6000 R),1,73019,634,no (<0.5 psi),0,B385,B-104
Illinois,DeWitt,17039,high (6000-15000 R),2,17938,397,no (<0.5 psi),0,B385,B-104
Illinois,Douglas,17041,high (6000-15000 R),2,19563,417,no (<0.5 psi),0,B385,B-104
Illinois,Du Page,17043,medium (3000-6000 R),1,711968,337,very high (>=10 psi),4,B385,B-104
Illinois,Edgar,17045,high (6000-15000 R),2,21269,623,low (0.5-2 psi),1,B385,B-104
Illinois,Edwards,17047,high (6000-15000 R),2,8235,223,low (0.5-2 psi),1,B385,B-104
Illinois,Effingham,17049,high (6000-15000 R),2,31633,478,no (<0.5 psi),0,B385,B-104
Illinois,Fayette,17051,high (6000-15000 R),2,22339,709,no (<0.5 psi),0,B386,B-105
Illinois,Ford,17053,high (6000-15000 R),2,14938,486,medium (2-5 psi),2,B386,B-105
Illinois,Franklin,17055,high (6000-15000 R),2,43111,414,no (<0.5 psi),0,B386,B-105
Illinois,Fulton,17057,high (6000-15000 R),2,40582,871,low (0.5-2 psi),1,B386,B-105
Illinois,Gallatin,17059,high (6000-15000 R),2,7644,325,low (0.5-2 psi),1,B386,B-105
Illinois,Green,17061,very high (>15000 R),3,15939,543,no (<0.5 psi),0,B386,B-105
Illinois,Grundy,17063,high (6000-15000 R),2,31503,423,very high (>=10 psi),4,B386,B-105
Illinois,Hamilton,17065,high (6000-15000 R),2,9224,436,no (<0.5 psi),0,B386,B-105
Illinois,Hancock,17067,high (6000-15000 R),2,23650,795,very high (>=10 psi),4,B386,B-105
Illinois,Hardin,17069,high (6000-15000 R),2,5474,181,no (<0.5 psi),0,B386,B-105
Illinois,Henderson,17071,high (6000-15000 R),2,9159,373,very high (>=10 psi),4,B386,B-105
Illinois,Henry,17073,high (6000-15000 R),2,53526,824,medium (2-5 psi),2,B386,B-105
Illinois,Iriquois,17075,high (6000-15000 R),2,32535,1118,low (0.5-2 psi),1,B386,B-105
Illinois,Jackson,17077,high (6000-15000 R),2,61293,590,no (<0.5 psi),0,B386,B-105
Illinois,Jasper,17079,high (6000-15000 R),2,11497,496,low (0.5-2 psi),1,B386,B-105
Illinois,Jefferson,17081,high (6000-15000 R),2,38604,570,no (<0.5 psi),0,B386,B-105
Illinois,Jersey,17083,very high (>15000 R),3,20256,373,low (0.5-2 psi),1,B386,B-105
Illinois,Jo Daviess,17085,high (6000-15000 R),2,23263,603,medium (2-5 psi),2,B386,B-105
Illinois,Johnson,17087,high (6000-15000 R),2,10149,346,low (0.5-2 psi),1,B386,B-105
Illinois,Kane,17089,medium (3000-6000 R),1,298217,524,low (0.5-2 psi),1,B386,B-105
Illinois,Kankakee,17091,high (6000-15000 R),2,99413,678,low (0.5-2 psi),1,B386,B-105
Illinois,Kendall,17093,medium (3000-6000 R),1,36647,322,medium (2-5 psi),2,B386,B-105
Illinois,Knox,17095,high (6000-15000 R),2,57954,720,no (<0.5 psi),0,B386,B-105
Illinois,Lake,17097,medium (3000-6000 R),1,465841,454,very high (>=10 psi),4,B386,B-105
Illinois,La Salle,17099,high (6000-15000 R),2,108455,1139,very high (>=10 psi),4,B386,B-105
Illinois,Lawrence,17101,high (6000-15000 R),2,18424,374,very high (>=10 psi),4,B386,B-105
Illinois,Lee,17103,high (6000-15000 R),2,33826,725,no (<0.5 psi),0,B386,B-105
Illinois,Livingston,17105,high (6000-15000 R),2,40686,1046,low (0.5-2 psi),1,B386,B-105
Illinois,Logan,17107,high (6000-15000 R),2,30475,619,low (0.5-2 psi),1,B386,B-105
Illinois,McDonough,17109,high (6000-15000 R),2,36265,590,very high (>=10 psi),4,B386,B-105
Illinois,McHenry,17111,medium (3000-6000 R),1,158605,607,low (0.5-2 psi),1,B387,B-106
Illinois,McLean,17113,high (6000-15000 R),2,152292,1185,low (0.5-2 psi),1,B387,B-106
Illinois,Macon,17115,high (6000-15000 R),2,127873,581,low (0.5-2 psi),1,B387,B-106
Illinois,Macoupin,17117,very high (>15000 R),3,49374,865,no (<0.5 psi),0,B387,B-106
Illinois,Madison,17119,very high (>15000 R),3,247422,728,very high (>=10 psi),4,B387,B-106
Illinois,Marion,17121,high (6000-15000 R),2,44925,573,no (<0.5 psi),0,B387,B-106
Illinois,Marshall,17123,high (6000-15000 R),2,13787,388,no (<0.5 psi),0,B387,B-106
Illinois,Mason,17125,high (6000-15000 R),2,17943,536,low (0.5-2 psi),1,B387,B-106
Illinois,Massac,17127,high (6000-15000 R),2,14850,241,very high (>=10 psi),4,B387,B-106
Illinois,Menard,17129,high (6000-15000 R),2,11674,315,low (0.5-2 psi),1,B387,B-106
Illinois,Mercer,17131,high (6000-15000 R),2,19385,559,low (0.5-2 psi),1,B387,B-106
Illinois,Monroe,17133,very high (>15000 R),3,21041,388,medium (2-5 psi),2,B387,B-106
Illinois,Montgomery,17135,high (6000-15000 R),2,32096,705,no (<0.5 psi),0,B387,B-106
Illinois,Morgan,17137,high (6000-15000 R),2,37146,568,no (<0.5 psi),0,B387,B-106
Illinois,Moultrie,17139,high (6000-15000 R),2,14598,325,no (<0.5 psi),0,B387,B-106
Illinois,Ogle,17141,high (6000-15000 R),2,45687,759,medium (2-5 psi),2,B387,B-106
Illinois,Peoria,17143,high (6000-15000 R),2,191238,620,very high (>=10 psi),4,B387,B-106
Illinois,Perry,17145,high (6000-15000 R),2,22442,442,no (<0.5 psi),0,B387,B-106
Illinois,Piatt,17147,high (6000-15000 R),2,16400,439,no (<0.5 psi),0,B387,B-106
Illinois,Pike,17149,very high (>15000 R),3,18603,830,no (<0.5 psi),0,B387,B-106
Illinois,Pope,17151,high (6000-15000 R),2,4345,374,low (0.5-2 psi),1,B387,B-106
Illinois,Pulaski,17153,high (6000-15000 R),2,8556,203,low (0.5-2 psi),1,B387,B-106
Illinois,Putnam,17155,high (6000-15000 R),2,6199,160,no (<0.5 psi),0,B387,B-106
Illinois,Randolph,17157,very high (>15000 R),3,35699,583,very high (>=10 psi),4,B387,B-106
Illinois,Richland,17159,high (6000-15000 R),2,18653,360,low (0.5-2 psi),1,B387,B-106
Illinois,Rock Island,17161,high (6000-15000 R),2,164903,423,very high (>=10 psi),4,B387,B-106
Illinois,St Clair,17163,very high (>15000 R),3,267819,672,very high (>=10 psi),4,B387,B-106
Illinois,Saline,17165,high (6000-15000 R),2,28808,385,no (<0.5 psi),0,B387,B-106
Illinois,Sangamon,17167,high (6000-15000 R),2,179013,806,very high (>=10 psi),4,B387,B-106
Illinois,Schuyler,17169,high (6000-15000 R),2,8028,436,medium (2-5 psi),2,B387,B-106
Illinois,Scott,17171,very high (>15000 R),3,5978,251,no (<0.5 psi),0,B388,B-107
Illinois,Shelby,17173,high (6000-15000 R),2,23698,747,no (<0.5 psi),0,B388,B-107
Illinois,Stark,17175,high (6000-15000 R),2,6878,288,no (<0.5 psi),0,B388,B-107
Illinois,Stephenson,17177,medium (3000-6000 R),1,49795,564,very high (>=10 psi),4,B388,B-107
Illinois,Tazewell,17179,high (6000-15000 R),2,128870,650,very high (>=10 psi),4,B388,B-107
Illinois,Union,17181,high (6000-15000 R),2,18287,414,no (<0.5 psi),0,B388,B-107
Illinois,Vermilion,17183,high (6000-15000 R),2,92625,900,no (<0.5 psi),0,B388,B-107
Illinois,Wabash,17185,high (6000-15000 R),2,14342,224,very high (>=10 psi),4,B388,B-107
Illinois,Warren,17187,high (6000-15000 R),2,21014,543,no (<0.5 psi),0,B388,B-107
Illinois,Washington,17189,very high (>15000 R),3,15168,563,low (0.5-2 psi),1,B388,B-107
Illinois,Wayne,17191,high (6000-15000 R),2,18799,715,no (<0.5 psi),0,B388,B-107
Illinois,White,17193,high (6000-15000 R),2,18279,497,medium (2-5 psi),2,B388,B-107
Illinois,Whiteside,17195,medium (3000-6000 R),1,63783,682,high (5-10 psi),3,B388,B-107
Illinois,Will,17197,medium (3000-6000 R),1,334477,844,very high (>=10 psi),4,B388,B-107
Illinois,Williamson,17199,high (6000-15000 R),2,59035,427,no (<0.5 psi),0,B388,B-107
Illinois,Winnebago,17201,medium (3000-6000 R),1,249453,515,low (0.5-2 psi),1,B388,B-107
Illinois,Woodford,17203,high (6000-15000 R),2,33211,527,low (0.5-2 psi),1,B388,B-107
Indiana,Adams,18001,medium (3000-6000 R),1,29889,340,low (0.5-2 psi),1,B390,B-110
Indiana,Allen,18003,medium (3000-6000 R),1,287909,659,very high (>=10 psi),4,B390,B-110
Indiana,Bartholomew,18005,medium (3000-6000 R),1,64218,409,no (<0.5 psi),0,B390,B-110
Indiana,Benton,18007,high (6000-15000 R),2,10004,407,no (<0.5 psi),0,B390,B-110
Indiana,Blackford,18009,medium (3000-6000 R),1,15552,166,no (<0.5 psi),0,B390,B-110
Indiana,Boone,18011,high (6000-15000 R),2,39948,424,medium (2-5 psi),2,B390,B-110
Indiana,Brown,18013,medium (3000-6000 R),1,12489,312,no (<0.5 psi),0,B390,B-110
Indiana,Carroll,18015,high (6000-15000 R),2,19420,372,low (0.5-2 psi),1,B390,B-110
Indiana,Cass,18017,high (6000-15000 R),2,39602,414,medium (2-5 psi),2,B390,B-110
Indiana,Clark,18019,medium (3000-6000 R),1,89700,376,very high (>=10 psi),4,B390,B-110
Indiana,Clay,18021,high (6000-15000 R),2,24189,360,medium (2-5 psi),2,B390,B-110
Indiana,Clinton,18023,high (6000-15000 R),2,31984,405,low (0.5-2 psi),1,B390,B-110
Indiana,Crawford,18025,medium (3000-6000 R),1,9847,307,no (<0.5 psi),0,B390,B-110
Indiana,Daviess,18027,high (6000-15000 R),2,29889,432,very high (>=10 psi),4,B390,B-110
Indiana,Dearborn,18029,medium (3000-6000 R),1,37278,307,medium (2-5 psi),2,B390,B-110
Indiana,Decatur,18031,medium (3000-6000 R),1,24060,373,no (<0.5 psi),0,B390,B-110
Indiana,De Kalb,18033,medium (3000-6000 R),1,32482,364,low (0.5-2 psi),1,B390,B-110
Indiana,Delaware,18035,medium (3000-6000 R),1,122300,392,no (<0.5 psi),0,B390,B-110
Indiana,Dubois,18037,high (6000-15000 R),2,35783,429,very high (>=10 psi),4,B390,B-110
Indiana,Elkhart,18039,medium (3000-6000 R),1,143394,466,low (0.5-2 psi),1,B390,B-110
Indiana,Fayette,18041,medium (3000-6000 R),1,27786,215,no (<0.5 psi),0,B390,B-110
Indiana,Floyd,18043,medium (3000-6000 R),1,63461,150,medium (2-5 psi),2,B390,B-110
Indiana,Fountain,18045,high (6000-15000 R),2,18929,398,no (<0.5 psi),0,B390,B-110
Indiana,Franklin,18047,medium (3000-6000 R),1,21208,385,low (0.5-2 psi),1,B390,B-110
Indiana,Fulton,18049,high (6000-15000 R),2,18858,369,medium (2-5 psi),2,B390,B-110
Indiana,Gibson,18051,high (6000-15000 R),2,34621,490,medium (2-5 psi),2,B391,B-111
Indiana,Grant,18053,high (6000-15000 R),2,78305,415,no (<0.5 psi),0,B391,B-111
Indiana,Greene,18055,high (6000-15000 R),2,30483,546,very high (>=10 psi),4,B391,B-111
Indiana,Hamilton,18057,high (6000-15000 R),2,90684,398,medium (2-5 psi),2,B391,B-111
Indiana,Hancock,18059,medium (3000-6000 R),1,44449,307,medium (2-5 psi),2,B391,B-111
Indiana,Harrison,18061,medium (3000-6000 R),1,28777,486,low (0.5-2 psi),1,B391,B-111
Indiana,Hendricks,18063,high (6000-15000 R),2,73600,409,very high (>=10 psi),4,B391,B-111
Indiana,Henry,18065,medium (3000-6000 R),1,49438,395,no (<0.5 psi),0,B391,B-111
Indiana,Howard,18067,high (6000-15000 R),2,84640,293,medium (2-5 psi),2,B391,B-111
Indiana,Huntington,18069,high (6000-15000 R),2,34915,366,low (0.5-2 psi),1,B391,B-111
Indiana,Jackson,18071,medium (3000-6000 R),1,37924,514,no (<0.5 psi),0,B391,B-111
Indiana,Jasper,18073,high (6000-15000 R),2,26785,561,no (<0.5 psi),0,B391,B-111
Indiana,Jay,18075,medium (3000-6000 R),1,21544,384,no (<0.5 psi),0,B391,B-111
Indiana,Jefferson,18077,medium (3000-6000 R),1,30439,363,very high (>=10 psi),4,B391,B-111
Indiana,Jennings,18079,medium (3000-6000 R),1,22737,378,low (0.5-2 psi),1,B391,B-111
Indiana,Johnson,18081,medium (3000-6000 R),1,82426,321,very high (>=10 psi),4,B391,B-111
Indiana,Knox,18083,high (6000-15000 R),2,43254,520,medium (2-5 psi),2,B391,B-111
Indiana,Kosciusko,18085,high (6000-15000 R),2,62293,540,medium (2-5 psi),2,B391,B-111
Indiana,LaGrange,18087,medium (3000-6000 R),1,28018,380,no (<0.5 psi),0,B391,B-111
Indiana,Lake,18089,medium (3000-6000 R),1,500016,501,very high (>=10 psi),4,B391,B-111
Indiana,La Porte,18091,medium (3000-6000 R),1,106674,600,medium (2-5 psi),2,B391,B-111
Indiana,Lawrence,18093,medium (3000-6000 R),1,41069,452,no (<0.5 psi),0,B391,B-111
Indiana,Madison,18095,high (6000-15000 R),2,132788,453,low (0.5-2 psi),1,B391,B-111
Indiana,Marion,18097,medium (3000-6000 R),1,777116,396,very high (>=10 psi),4,B391,B-111
Indiana,Marshall,18099,high (6000-15000 R),2,40965,444,low (0.5-2 psi),1,B391,B-111
Indiana,Martin,18101,high (6000-15000 R),2,10811,339,very high (>=10 psi),4,B391,B-111
Indiana,Miami,18103,high (6000-15000 R),2,36512,369,very high (>=10 psi),4,B391,B-111
Indiana,Monroe,18105,medium (3000-6000 R),1,101351,385,low (0.5-2 psi),1,B391,B-111
Indiana,Montgomery,18107,high (6000-15000 R),2,35828,505,no (<0.5 psi),0,B391,B-111
Indiana,Morgan,18109,medium (3000-6000 R),1,53958,409,medium (2-5 psi),2,B391,B-111
Indiana,Newton,18111,high (6000-15000 R),2,14572,401,no (<0.5 psi),0,B392,B-112
Indiana,Noble,18113,medium (3000-6000 R),1,36347,413,low (0.5-2 psi),1,B392,B-112
Indiana,Ohio,18115,medium (3000-6000 R),1,5153,87,low (0.5-2 psi),1,B392,B-112
Indiana,Orange,18117,medium (3000-6000 R),1,18661,408,no (<0.5 psi),0,B392,B-112
Indiana,Owen,18119,high (6000-15000 R),2,16529,386,no (<0.5 psi),0,B392,B-112
Indiana,Parke,18121,high (6000-15000 R),2,16845,444,low (0.5-2 psi),1,B392,B-112
Indiana,Perry,18123,high (6000-15000 R),2,19057,381,no (<0.5 psi),0,B392,B-112
Indiana,Pike,18125,high (6000-15000 R),2,13173,341,very high (>=10 psi),4,B392,B-112
Indiana,Porter,18127,medium (3000-6000 R),1,126246,419,very high (>=10 psi),4,B392,B-112
Indiana,Posey,18129,high (6000-15000 R),2,26129,410,very high (>=10 psi),4,B392,B-112
Indiana,Pulaski,18131,high (6000-15000 R),2,13458,435,no (<0.5 psi),0,B392,B-112
Indiana,Putnam,18133,high (6000-15000 R),2,30660,482,no (<0.5 psi),0,B392,B-112
Indiana,Randolph,18135,medium (3000-6000 R),1,28234,454,no (<0.5 psi),0,B392,B-112
Indiana,Ripley,18137,medium (3000-6000 R),1,25250,447,low (0.5-2 psi),1,B392,B-112
Indiana,Rush,18139,medium (3000-6000 R),1,18766,408,no (<0.5 psi),0,B392,B-112
Indiana,St Joseph,18141,medium (3000-6000 R),1,239263,459,very high (>=10 psi),4,B392,B-112
Indiana,Scott,18143,medium (3000-6000 R),1,20313,192,low (0.5-2 psi),1,B392,B-112
Indiana,Shelby,18145,medium (3000-6000 R),1,40382,412,low (0.5-2 psi),1,B392,B-112
Indiana,Spencer,18147,high (6000-15000 R),2,21255,400,low (0.5-2 psi),1,B392,B-112
Indiana,Starke,18149,high (6000-15000 R),2,20993,309,no (<0.5 psi),0,B392,B-112
Indiana,Steuben,18151,medium (3000-6000 R),1,25018,308,no (<0.5 psi),0,B392,B-112
Indiana,Sullivan,18153,high (6000-15000 R),2,20798,452,low (0.5-2 psi),1,B392,B-112
Indiana,Switzerland,18155,medium (3000-6000 R),1,7626,224,very high (>=10 psi),4,B392,B-112
Indiana,Tippecanoe,18157,high (6000-15000 R),2,124393,502,no (<0.5 psi),0,B392,B-112
Indiana,Tipton,18159,high (6000-15000 R),2,15688,261,medium (2-5 psi),2,B392,B-112
Indiana,Union,18161,medium (3000-6000 R),1,6746,163,no (<0.5 psi),0,B392,B-112
Indiana,Vanderburgh,18163,high (6000-15000 R),2,168196,263,low (0.5-2 psi),1,B392,B-112
Indiana,Vermillion,18165,high (6000-15000 R),2,17904,260,low (0.5-2 psi),1,B392,B-112
Indiana,Vigo,18167,high (6000-15000 R),2,109571,405,very high (>=10 psi),4,B392,B-112
Indiana,Wabash,18169,high (6000-15000 R),2,34816,398,very high (>=10 psi),4,B392,B-112
Indiana,Warren,18171,high (6000-15000 R),2,8969,366,no (<0.5 psi),0,B393,B-113
Indiana,Warrick,18173,high (6000-15000 R),2,45743,391,low (0.5-2 psi),1,B393,B-113
Indiana,Washington,18175,medium (3000-6000 R),1,22315,516,no (<0.5 psi),0,B393,B-113
Indiana,Wayne,18177,medium (3000-6000 R),1,72979,404,no (<0.5 psi),0,B393,B-113
Indiana,Wells,18179,medium (3000-6000 R),1,24878,370,low (0.5-2 psi),1,B393,B-113
Indiana,White,18181,high (6000-15000 R),2,23599,506,no (<0.5 psi),0,B393,B-113
Indiana,Whitley,18183,high (6000-15000 R),2,26512,336,low (0.5-2 psi),1,B393,B-113
Michigan,Alcona,26001,medium (3000-6000 R),1,9865,679,low (0.5-2 psi),1,B395,B-116
Michigan,Alger,26003,high (6000-15000 R),2,8715,912,low (0.5-2 psi),1,B395,B-116
Michigan,Allegan,26005,medium (3000-6000 R),1,84857,832,low (0.5-2 psi),1,B395,B-116
Michigan,Alpena,26007,medium (3000-6000 R),1,31164,568,very high (>=10 psi),4,B395,B-116
Michigan,Antrim,26009,medium (3000-6000 R),1,16919,480,medium (2-5 psi),2,B395,B-116
Michigan,Arenac,26011,medium (3000-6000 R),1,15260,368,low (0.5-2 psi),1,B395,B-116
Michigan,Baraga,26013,medium (3000-6000 R),1,8276,901,no (<0.5 psi),0,B395,B-116
Michigan,Barry,26015,medium (3000-6000 R),1,46620,560,medium (2-5 psi),2,B395,B-116
Michigan,Bay,26017,medium (3000-6000 R),1,116484,447,very high (>=10 psi),4,B395,B-116
Michigan,Benzie,26019,medium (3000-6000 R),1,11105,322,no (<0.5 psi),0,B395,B-116
Michigan,Berrien,26021,medium (3000-6000 R),1,160914,576,very high (>=10 psi),4,B395,B-116
Michigan,Branch,26023,medium (3000-6000 R),1,38324,508,no (<0.5 psi),0,B395,B-116
Michigan,Calhoun,26025,medium (3000-6000 R),1,136813,712,very high (>=10 psi),4,B395,B-116
Michigan,Cass,26027,medium (3000-6000 R),1,47369,496,medium (2-5 psi),2,B395,B-116
Michigan,Charlevoix,26029,medium (3000-6000 R),1,19648,421,very high (>=10 psi),4,B395,B-116
Michigan,Cheboygan,26031,medium (3000-6000 R),1,20952,720,no (<0.5 psi),0,B395,B-116
Michigan,Chippewa,26033,medium (3000-6000 R),1,28740,1590,very high (>=10 psi),4,B395,B-116
Michigan,Clare,26035,medium (3000-6000 R),1,24955,570,no (<0.5 psi),0,B395,B-116
Michigan,Clinton,26037,medium (3000-6000 R),1,55108,573,medium (2-5 psi),2,B395,B-116
Michigan,Crawford,26039,medium (3000-6000 R),1,9904,559,low (0.5-2 psi),1,B395,B-116
Michigan,Delta,26041,high (6000-15000 R),2,39551,1173,low (0.5-2 psi),1,B395,B-116
Michigan,Dickinson,26043,medium (3000-6000 R),1,25983,770,low (0.5-2 psi),1,B395,B-116
Michigan,Eaton,26045,medium (3000-6000 R),1,89510,579,medium (2-5 psi),2,B395,B-116
Michigan,Emmet,26047,medium (3000-6000 R),1,23747,468,medium (2-5 psi),2,B395,B-116
Michigan,Genesee,26049,medium (3000-6000 R),1,430014,642,medium (2-5 psi),2,B395,B-116
Michigan,Gladwin,26051,medium (3000-6000 R),1,21607,505,low (0.5-2 psi),1,B396,B-117
Michigan,Gogebic,26053,medium (3000-6000 R),1,19217,1105,no (<0.5 psi),0,B396,B-117
Michigan,Grand Traverse,26055,medium (3000-6000 R),1,57547,466,no (<0.5 psi),0,B396,B-117
Michigan,Gratiot,26057,medium (3000-6000 R),1,39574,570,very high (>=10 psi),4,B396,B-117
Michigan,Hillsdale,26059,medium (3000-6000 R),1,41565,603,low (0.5-2 psi),1,B396,B-117
Michigan,Houghton,26061,medium (3000-6000 R),1,38148,1014,very high (>=10 psi),4,B396,B-117
Michigan,Huron,26063,medium (3000-6000 R),1,35867,830,no (<0.5 psi),0,B396,B-117
Michigan,Ingham,26065,medium (3000-6000 R),1,270681,560,very high (>=10 psi),4,B396,B-117
Michigan,Ionia,26067,medium (3000-6000 R),1,52503,577,medium (2-5 psi),2,B396,B-117
Michigan,Iosco,26069,medium (3000-6000 R),1,30680,546,very high (>=10 psi),4,B396,B-117
Michigan,Iron,26071,medium (3000-6000 R),1,14100,1163,no (<0.5 psi),0,B396,B-117
Michigan,Isabella,26073,medium (3000-6000 R),1,54659,576,medium (2-5 psi),2,B396,B-117
Michigan,Jackson,26075,medium (3000-6000 R),1,143728,705,very high (>=10 psi),4,B396,B-117
Michigan,Kalamazoo,26077,medium (3000-6000 R),1,215916,562,very high (>=10 psi),4,B396,B-117
Michigan,Kalkaska,26079,medium (3000-6000 R),1,11623,563,no (<0.5 psi),0,B396,B-117
Michigan,Kent,26081,medium (3000-6000 R),1,465963,862,very high (>=10 psi),4,B396,B-117
Michigan,Keweenaw,26083,medium (3000-6000 R),1,2096,544,medium (2-5 psi),2,B396,B-117
Michigan,Lake,26085,medium (3000-6000 R),1,8593,568,no (<0.5 psi),0,B396,B-117
Michigan,Lapeer,26087,medium (3000-6000 R),1,68766,658,low (0.5-2 psi),1,B396,B-117
Michigan,Leelanau,26089,medium (3000-6000 R),1,14462,341,no (<0.5 psi),0,B396,B-117
Michigan,Lenawee,26091,medium (3000-6000 R),1,87729,753,low (0.5-2 psi),1,B396,B-117
Michigan,Livingston,26093,medium (3000-6000 R),1,100690,575,low (0.5-2 psi),1,B396,B-117
Michigan,Luce,26095,medium (3000-6000 R),1,5790,905,no (<0.5 psi),0,B396,B-117
Michigan,Mackinac,26097,medium (3000-6000 R),1,10241,1025,low (0.5-2 psi),1,B396,B-117
Michigan,Macomb,26099,medium (3000-6000 R),1,684008,483,very high (>=10 psi),4,B396,B-117
Michigan,Manistee,26101,medium (3000-6000 R),1,22152,543,no (<0.5 psi),0,B396,B-117
Michigan,Marquette,26103,high (6000-15000 R),2,71997,1882,very high (>=10 psi),4,B396,B-117
Michigan,Mason,26105,medium (3000-6000 R),1,26439,495,no (<0.5 psi),0,B396,B-117
Michigan,Mecosta,26107,medium (3000-6000 R),1,37282,560,no (<0.5 psi),0,B396,B-117
Michigan,Menominee,26109,medium (3000-6000 R),1,25896,1045,no (<0.5 psi),0,B396,B-117
Michigan,Midland,26111,medium (3000-6000 R),1,76114,525,medium (2-5 psi),2,B397,B-118
Michigan,Missaukee,26113,medium (3000-6000 R),1,10689,565,no (<0.5 psi),0,B397,B-118
Michigan,Monroe,26115,medium (3000-6000 R),1,130040,557,very high (>=10 psi),4,B397,B-118
Michigan,Montcalm,26117,medium (3000-6000 R),1,50284,713,very high (>=10 psi),4,B397,B-118
Michigan,Montmorency,26119,medium (3000-6000 R),1,7813,550,no (<0.5 psi),0,B397,B-118
Michigan,Muskegon,26121,medium (3000-6000 R),1,155184,507,no (<0.5 psi),0,B397,B-118
Michigan,Newaygo,26123,medium (3000-6000 R),1,36547,847,no (<0.5 psi),0,B397,B-118
Michigan,Oakland,26125,medium (3000-6000 R),1,1003070,875,very high (>=10 psi),4,B397,B-118
Michigan,Oceana,26127,medium (3000-6000 R),1,21979,541,no (<0.5 psi),0,B397,B-118
Michigan,Ogemaw,26129,medium (3000-6000 R),1,17661,569,very high (>=10 psi),4,B397,B-118
Michigan,Ontonagon,26131,medium (3000-6000 R),1,9630,1311,no (<0.5 psi),0,B397,B-118
Michigan,Osceola,26133,medium (3000-6000 R),1,20422,569,no (<0.5 psi),0,B397,B-118
Michigan,Oscoda,26135,medium (3000-6000 R),1,6914,568,low (0.5-2 psi),1,B397,B-118
Michigan,Otsego,26137,medium (3000-6000 R),1,15421,516,low (0.5-2 psi),1,B397,B-118
Michigan,Ottawa,26139,medium (3000-6000 R),1,166497,567,medium (2-5 psi),2,B397,B-118
Michigan,Presque Isle,26141,medium (3000-6000 R),1,13781,656,low (0.5-2 psi),1,B397,B-118
Michigan,Roscommon,26143,medium (3000-6000 R),1,18544,528,medium (2-5 psi),2,B397,B-118
Michigan,Saginaw,26145,medium (3000-6000 R),1,216774,815,medium (2-5 psi),2,B397,B-118
Michigan,St Clair,26147,medium (3000-6000 R),1,137706,734,very high (>=10 psi),4,B397,B-118
Michigan,St Joseph,26149,medium (3000-6000 R),1,58102,503,low (0.5-2 psi),1,B397,B-118
Michigan,Sanilac,26151,medium (3000-6000 R),1,39937,964,no (<0.5 psi),0,B397,B-118
Michigan,Schoolcraft,26153,high (6000-15000 R),2,8415,1173,no (<0.5 psi),0,B397,B-118
Michigan,Shiawassee,26155,medium (3000-6000 R),1,67929,541,low (0.5-2 psi),1,B397,B-118
Michigan,Tuscola,26157,medium (3000-6000 R),1,54830,812,low (0.5-2 psi),1,B397,B-118
Michigan,Van Buren,26159,medium (3000-6000 R),1,66432,612,low (0.5-2 psi),1,B397,B-118
Michigan,Washtenaw,26161,medium (3000-6000 R),1,265283,710,very high (>=10 psi),4,B397,B-118
Michigan,Wayne,26163,medium (3000-6000 R),1,2148063,615,very high (>=10 psi),4,B397,B-118
Michigan,Wexford,26165,medium (3000-6000 R),1,26401,566,no (<0.5 psi),0,B397,B-118
Minnesota,Aitkin,27001,high (6000-15000 R),2,13615,1834,no (<0.5 psi),0,B399,B-120
Minnesota,Anoka,27003,high (6000-15000 R),2,214648,430,high (5-10 psi),3,B399,B-120
Minnesota,Becker,27005,very high (>15000 R),3,29238,1312,no (<0.5 psi),0,B399,B-120
Minnesota,Beltrami,27007,very high (>15000 R),3,33755,2507,no (<0.5 psi),0,B399,B-120
Minnesota,Benton,27009,high (6000-15000 R),2,26710,408,no (<0.5 psi),0,B399,B-120
Minnesota,Big Stone,27011,very high (>15000 R),3,7694,497,no (<0.5 psi),0,B399,B-120
Minnesota,Blue Earth,27013,high (6000-15000 R),2,51263,749,no (<0.5 psi),0,B399,B-120
Minnesota,Brown,27015,high (6000-15000 R),2,28437,610,no (<0.5 psi),0,B399,B-120
Minnesota,Carlton,27017,high (6000-15000 R),2,30176,864,very high (>=10 psi),4,B399,B-120
Minnesota,Carver,27019,high (6000-15000 R),2,39822,351,medium (2-5 psi),2,B399,B-120
Minnesota,Cass,27021,very high (>15000 R),3,21799,2033,no (<0.5 psi),0,B399,B-120
Minnesota,Chippewa,27023,high (6000-15000 R),2,14480,584,no (<0.5 psi),0,B399,B-120
Minnesota,Chisago,27025,high (6000-15000 R),2,28024,417,no (<0.5 psi),0,B399,B-120
Minnesota,Clay,27027,very high (>15000 R),3,48492,1049,very high (>=10 psi),4,B399,B-120
Minnesota,Clearwater,27029,very high (>15000 R),3,8958,1000,no (<0.5 psi),0,B399,B-120
Minnesota,Cook,27031,high (6000-15000 R),2,4068,1412,low (0.5-2 psi),1,B399,B-120
Minnesota,Cottonwood,27033,high (6000-15000 R),2,14015,640,no (<0.5 psi),0,B399,B-120
Minnesota,Crow Wing,27035,high (6000-15000 R),2,43714,1008,no (<0.5 psi),0,B399,B-120
Minnesota,Dakota,27037,high (6000-15000 R),2,218358,575,very high (>=10 psi),4,B399,B-120
Minnesota,Dodge,27039,high (6000-15000 R),2,15445,439,no (<0.5 psi),0,B399,B-120
Minnesota,Douglas,27041,very high (>15000 R),3,29249,644,no (<0.5 psi),0,B399,B-120
Minnesota,Fairbault,27043,high (6000-15000 R),2,18552,714,no (<0.5 psi),0,B399,B-120
Minnesota,Fillmore,27045,high (6000-15000 R),2,21505,862,no (<0.5 psi),0,B399,B-120
Minnesota,Freeborn,27047,high (6000-15000 R),2,35034,705,no (<0.5 psi),0,B399,B-120
Minnesota,Goodhue,27049,high (6000-15000 R),2,39373,763,no (<0.5 psi),0,B399,B-120
Minnesota,Grant,27051,very high (>15000 R),3,6899,547,no (<0.5 psi),0,B400,B-121
Minnesota,Hennepin,27053,high (6000-15000 R),2,969049,541,very high (>=10 psi),4,B400,B-121
Minnesota,Houston,27055,high (6000-15000 R),2,18852,564,no (<0.5 psi),0,B400,B-121
Minnesota,Hubbard,27057,very high (>15000 R),3,14427,936,no (<0.5 psi),0,B400,B-121
Minnesota,Isanti,27059,high (6000-15000 R),2,25121,440,no (<0.5 psi),0,B400,B-121
Minnesota,Itasca,27061,very high (>15000 R),3,42784,2661,no (<0.5 psi),0,B400,B-121
Minnesota,Jackson,27063,high (6000-15000 R),2,13471,699,no (<0.5 psi),0,B400,B-121
Minnesota,Kanabec,27065,high (6000-15000 R),2,12663,527,no (<0.5 psi),0,B400,B-121
Minnesota,Kandiyohi,27067,high (6000-15000 R),2,38440,784,no (<0.5 psi),0,B400,B-121
Minnesota,Kittson,27069,very high (>15000 R),3,6467,1104,no (<0.5 psi),0,B400,B-121
Minnesota,Koochiching,27071,very high (>15000 R),3,16344,3108,no (<0.5 psi),0,B400,B-121
Minnesota,Lac Qui Parle,27073,high (6000-15000 R),2,10177,772,no (<0.5 psi),0,B400,B-121
Minnesota,Lake,27075,high (6000-15000 R),2,11624,2053,very high (>=10 psi),4,B400,B-121
Minnesota,Lake of the Wood,27077,very high (>15000 R),3,3775,1296,no (<0.5 psi),0,B400,B-121
Minnesota,Le Sueur,27079,high (6000-15000 R),2,23743,446,no (<0.5 psi),0,B400,B-121
Minnesota,Lincoln,27081,high (6000-15000 R),2,7811,539,no (<0.5 psi),0,B400,B-121
Minnesota,Lyon,27083,high (6000-15000 R),2,25402,714,no (<0.5 psi),0,B400,B-121
Minnesota,McLeod,27085,high (6000-15000 R),2,30687,489,no (<0.5 psi),0,B400,B-121
Minnesota,Mahnomen,27087,very high (>15000 R),3,5369,559,no (<0.5 psi),0,B400,B-121
Minnesota,Marshall,27089,very high (>15000 R),3,12456,1760,low (0.5-2 psi),1,B400,B-121
Minnesota,Martin,27091,high (6000-15000 R),2,24921,706,no (<0.5 psi),0,B400,B-121
Minnesota,Meeker,27093,high (6000-15000 R),2,21191,624,no (<0.5 psi),0,B400,B-121
Minnesota,Mille Lacs,27095,high (6000-15000 R),2,18965,578,no (<0.5 psi),0,B400,B-121
Minnesota,Morrison,27097,high (6000-15000 R),2,30289,1124,no (<0.5 psi),0,B400,B-121
Minnesota,Mower,27099,high (6000-15000 R),2,39199,711,no (<0.5 psi),0,B400,B-121
Minnesota,Murray,27101,high (6000-15000 R),2,10926,702,no (<0.5 psi),0,B400,B-121
Minnesota,Nicollet,27103,high (6000-15000 R),2,27475,440,no (<0.5 psi),0,B400,B-121
Minnesota,Nobles,27105,high (6000-15000 R),2,21185,714,no (<0.5 psi),0,B400,B-121
Minnesota,Norman,27107,very high (>15000 R),3,8628,877,no (<0.5 psi),0,B400,B-121
Minnesota,Olmsted,27109,high (6000-15000 R),2,97282,655,no (<0.5 psi),0,B400,B-121
Minnesota,Otter Tail,27111,very high (>15000 R),3,52568,1973,no (<0.5 psi),0,B401,B-122
Minnesota,Pennington,27113,very high (>15000 R),3,13745,618,no (<0.5 psi),0,B401,B-122
Minnesota,Pine,27115,high (6000-15000 R),2,21028,1421,low (0.5-2 psi),1,B401,B-122
Minnesota,Pipestone,27117,high (6000-15000 R),2,11155,466,no (<0.5 psi),0,B401,B-122
Minnesota,Polk,27119,very high (>15000 R),3,33479,1981,medium (2-5 psi),2,B401,B-122
Minnesota,Pope,27121,very high (>15000 R),3,11767,668,no (<0.5 psi),0,B401,B-122
Minnesota,Ramsey,27123,high (6000-15000 R),2,469833,154,very high (>=10 psi),4,B401,B-122
Minnesota,Red Lake,27125,very high (>15000 R),3,5145,433,no (<0.5 psi),0,B401,B-122
Minnesota,Redwood,27127,high (6000-15000 R),2,19036,881,no (<0.5 psi),0,B401,B-122
Minnesota,Renville,27129,high (6000-15000 R),2,19875,984,no (<0.5 psi),0,B401,B-122
Minnesota,Rice,27131,high (6000-15000 R),2,47643,501,no (<0.5 psi),0,B401,B-122
Minnesota,Rock,27133,high (6000-15000 R),2,10482,483,low (0.5-2 psi),1,B401,B-122
Minnesota,Roseau,27135,very high (>15000 R),3,12588,1677,no (<0.5 psi),0,B401,B-122
Minnesota,St Louis,27137,high (6000-15000 R),2,206555,6125,very high (>=10 psi),4,B401,B-122
Minnesota,Scott,27139,high (6000-15000 R),2,47955,357,low (0.5-2 psi),1,B401,B-122
Minnesota,Sherburne,27141,high (6000-15000 R),2,33369,435,no (<0.5 psi),0,B401,B-122
Minnesota,Sibley,27143,high (6000-15000 R),2,15312,593,no (<0.5 psi),0,B401,B-122
Minnesota,Stearns,27145,high (6000-15000 R),2,113166,1338,no (<0.5 psi),0,B401,B-122
Minnesota,Steele,27147,high (6000-15000 R),2,29841,431,no (<0.5 psi),0,B401,B-122
Minnesota,Stevens,27149,very high (>15000 R),3,10574,560,no (<0.5 psi),0,B401,B-122
Minnesota,Swift,27151,high (6000-15000 R),2,12526,742,no (<0.5 psi),0,B401,B-122
Minnesota,Todd,27153,very high (>15000 R),3,25886,941,no (<0.5 psi),0,B401,B-122
Minnesota,Traverse,27155,very high (>15000 R),3,5391,575,no (<0.5 psi),0,B401,B-122
Minnesota,Wabasha,27157,high (6000-15000 R),2,19538,537,no (<0.5 psi),0,B401,B-122
Minnesota,Wadena,27159,very high (>15000 R),3,13856,537,no (<0.5 psi),0,B401,B-122
Minnesota,Waseca,27161,high (6000-15000 R),2,18502,422,no (<0.5 psi),0,B401,B-122
Minnesota,Washington,27163,high (6000-15000 R),2,125448,390,very high (>=10 psi),4,B401,B-122
Minnesota,Watonwan,27165,high (6000-15000 R),2,12366,435,no (<0.5 psi),0,B401,B-122
Minnesota,Wilkin,27167,very high (>15000 R),3,7996,751,no (<0.5 psi),0,B401,B-122
Minnesota,Winona,27169,high (6000-15000 R),2,46636,630,no (<0.5 psi),0,B401,B-122
Minnesota,Wright,27171,high (6000-15000 R),2,62769,672,low (0.5-2 psi),1,B402,B-123
Minnesota,Yellow Medicine,27173,high (6000-15000 R),2,13155,759,no (<0.5 psi),0,B402,B-123
Ohio,Adams,39001,low (<3000 R),0,24825,586,medium (2-5 psi),2,B404,B-126
Ohio,Allen,39003,medium (3000-6000 R),1,108246,405,very high (>=10 psi),4,B404,B-126
Ohio,Ashland,39005,low (<3000 R),0,46416,424,medium (2-5 psi),2,B404,B-126
Ohio,Ashtabula,39007,low (<3000 R),0,100965,703,very high (>=10 psi),4,B404,B-126
Ohio,Athens,39009,low (<3000 R),0,58385,508,medium (2-5 psi),2,B404,B-126
Ohio,Auglaize,39011,medium (3000-6000 R),1,43248,398,very high (>=10 psi),4,B404,B-126
Ohio,Belmont,39013,low (<3000 R),0,81529,537,medium (2-5 psi),2,B404,B-126
Ohio,Brown,39015,medium (3000-6000 R),1,33844,493,low (0.5-2 psi),1,B404,B-126
Ohio,Butler,39017,medium (3000-6000 R),1,267089,465,high (5-10 psi),3,B404,B-126
Ohio,Carroll,39019,low (<3000 R),0,27213,393,very high (>=10 psi),4,B404,B-126
Ohio,Champaign,39021,medium (3000-6000 R),1,33387,429,low (0.5-2 psi),1,B404,B-126
Ohio,Clark,39023,medium (3000-6000 R),1,146853,398,very high (>=10 psi),4,B404,B-126
Ohio,Clermont,39025,medium (3000-6000 R),1,138508,456,high (5-10 psi),3,B404,B-126
Ohio,Clinton,39027,medium (3000-6000 R),1,34895,410,no (<0.5 psi),0,B404,B-126
Ohio,Columbiana,39029,low (<3000 R),0,11603,534,very high (>=10 psi),4,B404,B-126
Ohio,Coshocton,39031,low (<3000 R),0,36487,566,very high (>=10 psi),4,B404,B-126
Ohio,Crawford,39033,low (<3000 R),0,48719,403,no (<0.5 psi),0,B404,B-126
Ohio,Cuyahoga,39035,low (<3000 R),0,1451046,459,very high (>=10 psi),4,B404,B-126
Ohio,Darke,39037,medium (3000-6000 R),1,53525,606,high (5-10 psi),3,B404,B-126
Ohio,Defiance,39039,low (<3000 R),0,38008,414,no (<0.5 psi),0,B404,B-126
Ohio,Delaware,39041,low (<3000 R),0,58142,443,low (0.5-2 psi),1,B404,B-126
Ohio,Erie,39043,low (<3000 R),0,77447,264,low (0.5-2 psi),1,B404,B-126
Ohio,Fairfield,39045,low (<3000 R),0,96335,506,low (0.5-2 psi),1,B404,B-126
Ohio,Fayette,39047,low (<3000 R),0,27400,405,no (<0.5 psi),0,B404,B-126
Ohio,Franklin,39049,low (<3000 R),0,899877,542,very high (>=10 psi),4,B404,B-126
Ohio,Fulton,39051,medium (3000-6000 R),1,38575,407,very high (>=10 psi),4,B405,B-127
Ohio,Gallia,39053,low (<3000 R),0,30092,471,very high (>=10 psi),4,B405,B-127
Ohio,Geauga,39055,low (<3000 R),0,75013,408,no (<0.5 psi),0,B405,B-127
Ohio,Greene,39057,medium (3000-6000 R),1,129410,415,very high (>=10 psi),4,B405,B-127
Ohio,Guernsey,39059,low (<3000 R),0,41304,522,low (0.5-2 psi),1,B405,B-127
Ohio,Hamilton,39061,medium (3000-6000 R),1,861633,412,very high (>=10 psi),4,B405,B-127
Ohio,Hancock,39063,medium (3000-6000 R),1,64917,532,very high (>=10 psi),4,B405,B-127
Ohio,Hardin,39065,medium (3000-6000 R),1,31387,471,low (0.5-2 psi),1,B405,B-127
Ohio,Harrison,39067,low (<3000 R),0,16159,400,low (0.5-2 psi),1,B405,B-127
Ohio,Henry,39069,medium (3000-6000 R),1,28187,415,medium (2-5 psi),2,B405,B-127
Ohio,Highland,39071,low (<3000 R),0,34376,553,no (<0.5 psi),0,B405,B-127
Ohio,Hocking,39073,low (<3000 R),0,24746,423,no (<0.5 psi),0,B405,B-127
Ohio,Holmes,39075,low (<3000 R),0,30289,424,no (<0.5 psi),0,B405,B-127
Ohio,Huron,39077,low (<3000 R),0,55072,495,low (0.5-2 psi),1,B405,B-127
Ohio,Jackson,39079,low (<3000 R),0,29753,420,no (<0.5 psi),0,B405,B-127
Ohio,Jefferson,39081,low (<3000 R),0,86780,410,very high (>=10 psi),4,B405,B-127
Ohio,Knox,39083,low (<3000 R),0,47613,529,low (0.5-2 psi),1,B405,B-127
Ohio,Lake,39085,low (<3000 R),0,216175,231,very high (>=10 psi),4,B405,B-127
Ohio,Lawrence,39087,low (<3000 R),0,62576,456,very high (>=10 psi),4,B405,B-127
Ohio,Licking,39089,low (<3000 R),0,124764,686,medium (2-5 psi),2,B405,B-127
Ohio,Logan,39091,medium (3000-6000 R),1,39597,458,low (0.5-2 psi),1,B405,B-127
Ohio,Lorain,39093,low (<3000 R),0,270340,495,very high (>=10 psi),4,B405,B-127
Ohio,Lucas,39095,medium (3000-6000 R),1,462017,341,very high (>=10 psi),4,B405,B-127
Ohio,Madison,39097,low (<3000 R),0,34949,467,low (0.5-2 psi),1,B405,B-127
Ohio,Mahoning,39099,low (<3000 R),0,279136,417,medium (2-5 psi),2,B405,B-127
Ohio,Marion,39101,low (<3000 R),0,66049,403,no (<0.5 psi),0,B405,B-127
Ohio,Medina,39103,low (<3000 R),0,116655,422,medium (2-5 psi),2,B405,B-127
Ohio,Meigs,39105,low (<3000 R),0,23696,432,high (5-10 psi),3,B405,B-127
Ohio,Mercer,39107,medium (3000-6000 R),1,38647,457,medium (2-5 psi),2,B405,B-127
Ohio,Miami,39109,low (<3000 R),0,88976,410,low (0.5-2 psi),1,B405,B-127
Ohio,Monroe,39111,low (<3000 R),0,16091,458,high (5-10 psi),3,B406,B-128
Ohio,Montgomery,39113,medium (3000-6000 R),1,561738,458,medium (2-5 psi),2,B406,B-128
Ohio,Morgan,39115,low (<3000 R),0,14056,420,low (0.5-2 psi),1,B406,B-128
Ohio,Morrow,39117,low (<3000 R),0,26564,406,low (0.5-2 psi),1,B406,B-128
Ohio,Muskingum,39119,low (<3000 R),0,84376,654,high (5-10 psi),3,B406,B-128
Ohio,Noble,39121,low (<3000 R),0,11231,399,low (0.5-2 psi),1,B406,B-128
Ohio,Ottawa,39123,medium (3000-6000 R),1,39633,253,low (0.5-2 psi),1,B406,B-128
Ohio,Paulding,39125,medium (3000-6000 R),1,20507,419,no (<0.5 psi),0,B406,B-128
Ohio,Perry,39127,low (<3000 R),0,31855,412,no (<0.5 psi),0,B406,B-128
Ohio,Pickaway,39129,low (<3000 R),0,42544,503,medium (2-5 psi),2,B406,B-128
Ohio,Pike,39131,low (<3000 R),0,24296,443,very high (>=10 psi),4,B406,B-128
Ohio,Portage,39133,low (<3000 R),0,137910,493,low (0.5-2 psi),1,B406,B-128
Ohio,Preble,39135,medium (3000-6000 R),1,38517,426,low (0.5-2 psi),1,B406,B-128
Ohio,Putnam,39137,medium (3000-6000 R),1,33276,484,low (0.5-2 psi),1,B406,B-128
Ohio,Richland,39139,low (<3000 R),0,128552,497,very high (>=10 psi),4,B406,B-128
Ohio,Ross,39141,low (<3000 R),0,68139,692,low (0.5-2 psi),1,B406,B-128
Ohio,Sandusky,39143,medium (3000-6000 R),1,61918,409,high (5-10 psi),3,B406,B-128
Ohio,Scioto,39145,low (<3000 R),0,84422,614,medium (2-5 psi),2,B406,B-128
Ohio,Seneca,39147,medium (3000-6000 R),1,61233,553,high (5-10 psi),3,B406,B-128
Ohio,Shelby,39149,medium (3000-6000 R),1,43360,409,high (5-10 psi),3,B406,B-128
Ohio,Stark,39151,low (<3000 R),0,376852,574,very high (>=10 psi),4,B406,B-128
Ohio,Summit,39153,low (<3000 R),0,509599,412,very high (>=10 psi),4,B406,B-128
Ohio,Trumbull,39155,low (<3000 R),0,235536,612,very high (>=10 psi),4,B406,B-128
Ohio,Tuscarawas,39157,low (<3000 R),0,85576,569,low (0.5-2 psi),1,B406,B-128
Ohio,Union,39159,low (<3000 R),0,31017,437,low (0.5-2 psi),1,B406,B-128
Ohio,Van Wert,39161,medium (3000-6000 R),1,29833,410,low (0.5-2 psi),1,B406,B-128
Ohio,Vinton,39163,low (<3000 R),0,11473,414,low (0.5-2 psi),1,B406,B-128
Ohio,Warren,39165,medium (3000-6000 R),1,103313,403,low (0.5-2 psi),1,B406,B-128
Ohio,Washington,39167,low (<3000 R),0,64922,640,very high (>=10 psi),4,B406,B-128
Ohio,Wayne,39169,low (<3000 R),0,100270,557,high (5-10 psi),3,B406,B-128
Ohio,Williams,39171,medium (3000-6000 R),1,36158,422,no (<0.5 psi),0,B407,B-129
Ohio,Wood,39173,medium (3000-6000 R),1,108636,619,very high (>=10 psi),4,B407,B-129
Ohio,Wyandot,39175,medium (3000-6000 R),1,22355,406,low (0.5-2 psi),1,B407,B-129
Wisconsin,Adams,55001,medium (3000-6000 R),1,13859,648,no (<0.5 psi),0,B409,B-132
Wisconsin,Ashland,55003,medium (3000-6000 R),1,17248,1048,no (<0.5 psi),0,B409,B-132
Wisconsin,Barron,55005,medium (3000-6000 R),1,39553,865,no (<0.5 psi),0,B409,B-132
Wisconsin,Bayfield,55007,high (6000-15000 R),2,14400,1462,no (<0.5 psi),0,B409,B-132
Wisconsin,Brown,55009,medium (3000-6000 R),1,182756,524,no (<0.5 psi),0,B409,B-132
Wisconsin,Buffalo,55011,high (6000-15000 R),2,14572,699,no (<0.5 psi),0,B409,B-132
Wisconsin,Burnett,55013,high (6000-15000 R),2,13869,818,no (<0.5 psi),0,B409,B-132
Wisconsin,Calumet,55015,medium (3000-6000 R),1,33511,326,no (<0.5 psi),0,B409,B-132
Wisconsin,Chippewa,55017,medium (3000-6000 R),1,53660,1017,no (<0.5 psi),0,B409,B-132
Wisconsin,Clark,55019,medium (3000-6000 R),1,34020,1218,no (<0.5 psi),0,B409,B-132
Wisconsin,Columbia,55021,medium (3000-6000 R),1,44916,771,low (0.5-2 psi),1,B409,B-132
Wisconsin,Crawford,55023,high (6000-15000 R),2,16679,566,no (<0.5 psi),0,B409,B-132
Wisconsin,Dane,55025,medium (3000-6000 R),1,335264,1205,very high (>=10 psi),4,B409,B-132
Wisconsin,Dodge,55027,medium (3000-6000 R),1,76135,887,no (<0.5 psi),0,B409,B-132
Wisconsin,Door,55029,medium (3000-6000 R),1,26236,492,no (<0.5 psi),0,B409,B-132
Wisconsin,Douglas,55031,high (6000-15000 R),2,43876,1305,very high (>=10 psi),4,B409,B-132
Wisconsin,Dunn,55033,medium (3000-6000 R),1,34908,853,no (<0.5 psi),0,B409,B-132
Wisconsin,Eau Claire,55035,medium (3000-6000 R),1,83603,638,no (<0.5 psi),0,B409,B-132
Wisconsin,Florence,55037,medium (3000-6000 R),1,4025,486,no (<0.5 psi),0,B409,B-132
Wisconsin,Fond du Lac,55039,medium (3000-6000 R),1,89789,725,no (<0.5 psi),0,B409,B-132
Wisconsin,Forest,55041,medium (3000-6000 R),1,9364,1011,no (<0.5 psi),0,B409,B-132
Wisconsin,Grant,55043,medium (3000-6000 R),1,51842,1144,no (<0.5 psi),0,B409,B-132
Wisconsin,Green,55045,high (6000-15000 R),2,30446,583,low (0.5-2 psi),1,B409,B-132
Wisconsin,Green Lake,55047,medium (3000-6000 R),1,19281,357,no (<0.5 psi),0,B409,B-132
Wisconsin,Iowa,55049,medium (3000-6000 R),1,20743,760,no (<0.5 psi),0,B409,B-132
Wisconsin,Iron,55051,medium (3000-6000 R),1,6280,751,no (<0.5 psi),0,B410,B-133
Wisconsin,Jackson,55053,medium (3000-6000 R),1,16607,998,low (0.5-2 psi),1,B410,B-133
Wisconsin,Jefferson,55055,medium (3000-6000 R),1,66968,562,no (<0.5 psi),0,B410,B-133
Wisconsin,Juneau,55057,medium (3000-6000 R),1,21336,774,very high (>=10 psi),4,B410,B-133
Wisconsin,Kenosha,55059,medium (3000-6000 R),1,120916,273,high (5-10 psi),3,B410,B-133
Wisconsin,Kewaunee,55061,medium (3000-6000 R),1,20184,343,no (<0.5 psi),0,B410,B-133
Wisconsin,La Crosse,55063,medium (3000-6000 R),1,93613,457,medium (2-5 psi),2,B410,B-133
Wisconsin,LaFayette,55065,medium (3000-6000 R),1,17175,634,no (<0.5 psi),0,B410,B-133
Wisconsin,Langlade,55067,medium (3000-6000 R),1,20122,873,no (<0.5 psi),0,B410,B-133
Wisconsin,Lincoln,55069,medium (3000-6000 R),1,28174,886,no (<0.5 psi),0,B410,B-133
Wisconsin,Manitowoc,55071,medium (3000-6000 R),1,83201,594,no (<0.5 psi),0,B410,B-133
Wisconsin,Marathon,55073,medium (3000-6000 R),1,112970,1559,no (<0.5 psi),0,B410,B-133
Wisconsin,Marinette,55075,medium (3000-6000 R),1,40352,1395,no (<0.5 psi),0,B410,B-133
Wisconsin,Marquette,55077,medium (3000-6000 R),1,12737,454,no (<0.5 psi),0,B410,B-133
Wisconsin,Menominee,55078,medium (3000-6000 R),1,3832,359,no (<0.5 psi),0,B410,B-133
Wisconsin,Milwaukee,55079,medium (3000-6000 R),1,951403,241,very high (>=10 psi),4,B410,B-133
Wisconsin,Monroe,55081,medium (3000-6000 R),1,36025,904,very high (>=10 psi),4,B410,B-133
Wisconsin,Oconto,55083,medium (3000-6000 R),1,30044,1002,no (<0.5 psi),0,B410,B-133
Wisconsin,Oneida,55085,medium (3000-6000 R),1,31238,1130,no (<0.5 psi),0,B410,B-133
Wisconsin,Outagamie,55087,medium (3000-6000 R),1,133891,642,no (<0.5 psi),0,B410,B-133
Wisconsin,Ozaukee,55089,medium (3000-6000 R),1,67465,235,low (0.5-2 psi),1,B410,B-133
Wisconsin,Pepin,55091,high (6000-15000 R),2,7643,231,no (<0.5 psi),0,B410,B-133
Wisconsin,Pierce,55093,high (6000-15000 R),2,32390,576,low (0.5-2 psi),1,B410,B-133
Wisconsin,Polk,55095,high (6000-15000 R),2,34191,919,no (<0.5 psi),0,B410,B-133
Wisconsin,Portage,55097,medium (3000-6000 R),1,57011,810,no (<0.5 psi),0,B410,B-133
Wisconsin,Price,55099,medium (3000-6000 R),1,16777,1256,no (<0.5 psi),0,B410,B-133
Wisconsin,Racine,55101,medium (3000-6000 R),1,173954,334,very high (>=10 psi),4,B410,B-133
Wisconsin,Richland,55103,medium (3000-6000 R),1,17627,585,no (<0.5 psi),0,B410,B-133
Wisconsin,Rock,55105,medium (3000-6000 R),1,138419,724,low (0.5-2 psi),1,B410,B-133
Wisconsin,Rusk,55107,medium (3000-6000 R),1,16110,913,no (<0.5 psi),0,B410,B-133
Wisconsin,St Croix,55109,high (6000-15000 R),2,45277,723,low (0.5-2 psi),1,B411,B-134
Wisconsin,Sauk,55111,medium (3000-6000 R),1,44873,838,low (0.5-2 psi),1,B411,B-134
Wisconsin,Sawyer,55113,medium (3000-6000 R),1,14310,1255,no (<0.5 psi),0,B411,B-134
Wisconsin,Shawano,55115,medium (3000-6000 R),1,36820,897,no (<0.5 psi),0,B411,B-134
Wisconsin,Sheboygan,55117,medium (3000-6000 R),1,102389,515,no (<0.5 psi),0,B411,B-134
Wisconsin,Taylor,55119,medium (3000-6000 R),1,18660,975,no (<0.5 psi),0,B411,B-134
Wisconsin,Trempealeau,55121,medium (3000-6000 R),1,26132,736,no (<0.5 psi),0,B411,B-134
Wisconsin,Vernon,55123,medium (3000-6000 R),1,26772,808,low (0.5-2 psi),1,B411,B-134
Wisconsin,Vilas,55125,medium (3000-6000 R),1,17750,867,no (<0.5 psi),0,B411,B-134
Wisconsin,Walworth,55127,medium (3000-6000 R),1,70757,556,no (<0.5 psi),0,B411,B-134
Wisconsin,Washburn,55129,medium (3000-6000 R),1,13767,815,no (<0.5 psi),0,B411,B-134
Wisconsin,Washington,55131,medium (3000-6000 R),1,87947,431,low (0.5-2 psi),1,B411,B-134
Wisconsin,Waukesha,55133,medium (3000-6000 R),1,286077,554,low (0.5-2 psi),1,B411,B-134
Wisconsin,Waupaca,55135,medium (3000-6000 R),1,43959,754,no (<0.5 psi),0,B411,B-134
Wisconsin,Waushara,55137,medium (3000-6000 R),1,19321,628,no (<0.5 psi),0,B411,B-134
Wisconsin,Winnebago,55139,medium (3000-6000 R),1,133994,449,no (<0.5 psi),0,B411,B-134
Wisconsin,Wood,55141,medium (3000-6000 R),1,77538,801,no (<0.5 psi),0,B411,B-134
Arkansas,Arkansas,05001,high (6000-15000 R),2,24025,1006,no (<0.5 psi),0,B414,B-138
Arkansas,Ashley,05003,high (6000-15000 R),2,26615,934,no (<0.5 psi),0,B414,B-138
Arkansas,Baxter,05005,very high (>15000 R),3,30117,546,no (<0.5 psi),0,B414,B-138
Arkansas,Benton,05007,high (6000-15000 R),2,86071,844,no (<0.5 psi),0,B414,B-138
Arkansas,Boone,05009,very high (>15000 R),3,28115,584,no (<0.5 psi),0,B414,B-138
Arkansas,Bradley,05011,high (6000-15000 R),2,13434,654,no (<0.5 psi),0,B414,B-138
Arkansas,Calhoun,05013,high (6000-15000 R),2,6162,629,medium (2-5 psi),2,B414,B-138
Arkansas,Carroll,05015,high (6000-15000 R),2,17597,634,no (<0.5 psi),0,B414,B-138
Arkansas,Chicot,05017,high (6000-15000 R),2,18017,649,no (<0.5 psi),0,B414,B-138
Arkansas,Clark,05019,high (6000-15000 R),2,23166,867,no (<0.5 psi),0,B414,B-138
Arkansas,Clay,05021,very high (>15000 R),3,19819,641,medium (2-5 psi),2,B414,B-138
Arkansas,Cleburne,05023,high (6000-15000 R),2,19153,551,no (<0.5 psi),0,B414,B-138
Arkansas,Cleveland,05025,high (6000-15000 R),2,8119,599,low (0.5-2 psi),1,B414,B-138
Arkansas,Columbia,05027,high (6000-15000 R),2,27495,767,high (5-10 psi),3,B414,B-138
Arkansas,Conway,05029,high (6000-15000 R),2,19479,558,no (<0.5 psi),0,B414,B-138
Arkansas,Craighead,05031,high (6000-15000 R),2,63470,713,no (<0.5 psi),0,B414,B-138
Arkansas,Crawford,05033,high (6000-15000 R),2,40173,593,no (<0.5 psi),0,B414,B-138
Arkansas,Crittenden,05035,high (6000-15000 R),2,50180,599,medium (2-5 psi),2,B414,B-138
Arkansas,Cross,05037,high (6000-15000 R),2,20753,622,no (<0.5 psi),0,B414,B-138
Arkansas,Dallas,05039,high (6000-15000 R),2,11014,668,no (<0.5 psi),0,B414,B-138
Arkansas,Desha,05041,high (6000-15000 R),2,19698,746,no (<0.5 psi),0,B414,B-138
Arkansas,Drew,05043,high (6000-15000 R),2,17946,831,no (<0.5 psi),0,B414,B-138
Arkansas,Faulkner,05045,high (6000-15000 R),2,50628,646,low (0.5-2 psi),1,B414,B-138
Arkansas,Franklin,05047,high (6000-15000 R),2,15588,609,no (<0.5 psi),0,B414,B-138
Arkansas,Fulton,05049,very high (>15000 R),3,10449,616,no (<0.5 psi),0,B414,B-138
Arkansas,Garland,05051,high (6000-15000 R),2,74774,657,no (<0.5 psi),0,B415,B-139
Arkansas,Grant,05053,high (6000-15000 R),2,13183,633,no (<0.5 psi),0,B415,B-139
Arkansas,Greene,05055,very high (>15000 R),3,31370,578,no (<0.5 psi),0,B415,B-139
Arkansas,Hempstead,05057,high (6000-15000 R),2,23615,725,no (<0.5 psi),0,B415,B-139
Arkansas,Hot Spring,05059,high (6000-15000 R),2,27264,615,no (<0.5 psi),0,B415,B-139
Arkansas,Howard,05061,high (6000-15000 R),2,13584,574,no (<0.5 psi),0,B415,B-139
Arkansas,Independence,05063,high (6000-15000 R),2,32517,763,no (<0.5 psi),0,B415,B-139
Arkansas,Izard,05065,very high (>15000 R),3,11018,581,no (<0.5 psi),0,B415,B-139
Arkansas,Jackson,05067,high (6000-15000 R),2,21479,633,no (<0.5 psi),0,B415,B-139
Arkansas,Jefferson,05069,high (6000-15000 R),2,90496,882,very high (>=10 psi),4,B415,B-139
Arkansas,Johnson,05071,high (6000-15000 R),2,18525,676,medium (2-5 psi),2,B415,B-139
Arkansas,LaFayette,05073,high (6000-15000 R),2,10093,518,no (<0.5 psi),0,B415,B-139
Arkansas,Lawrence,05075,very high (>15000 R),3,18546,589,no (<0.5 psi),0,B415,B-139
Arkansas,Lee,05077,high (6000-15000 R),2,15391,602,no (<0.5 psi),0,B415,B-139
Arkansas,Lincoln,05079,high (6000-15000 R),2,13046,563,no (<0.5 psi),0,B415,B-139
Arkansas,Little River,05081,high (6000-15000 R),2,14145,516,no (<0.5 psi),0,B415,B-139
Arkansas,Logan,05083,high (6000-15000 R),2,20662,717,medium (2-5 psi),2,B415,B-139
Arkansas,Lonoke,05085,high (6000-15000 R),2,37233,783,high (5-10 psi),3,B415,B-139
Arkansas,Madison,05087,high (6000-15000 R),2,11851,837,no (<0.5 psi),0,B415,B-139
Arkansas,Marion,05089,high (6000-15000 R),2,12601,587,no (<0.5 psi),0,B415,B-139
Arkansas,Miller,05091,high (6000-15000 R),2,39656,619,high (5-10 psi),3,B415,B-139
Arkansas,Mississippi,05093,very high (>15000 R),3,59199,897,very high (>=10 psi),4,B415,B-139
Arkansas,Monroe,05095,high (6000-15000 R),2,13383,609,no (<0.5 psi),0,B415,B-139
Arkansas,Montgomery,05097,high (6000-15000 R),2,7782,775,no (<0.5 psi),0,B415,B-139
Arkansas,Nevada,05099,high (6000-15000 R),2,10970,620,medium (2-5 psi),2,B415,B-139
Arkansas,Newton,05101,high (6000-15000 R),2,8207,823,no (<0.5 psi),0,B415,B-139
Arkansas,Ouachita,05103,high (6000-15000 R),2,33443,737,very high (>=10 psi),4,B415,B-139
Arkansas,Perry,05105,high (6000-15000 R),2,7924,551,no (<0.5 psi),0,B415,B-139
Arkansas,Phillips,05107,high (6000-15000 R),2,33653,685,no (<0.5 psi),0,B415,B-139
Arkansas,Pike,05109,high (6000-15000 R),2,10051,598,no (<0.5 psi),0,B415,B-139
Arkansas,Poinsett,05111,high (6000-15000 R),2,25939,762,no (<0.5 psi),0,B416,B-140
Arkansas,Polk,05113,high (6000-15000 R),2,17508,860,no (<0.5 psi),0,B416,B-140
Arkansas,Pope,05115,high (6000-15000 R),2,42387,820,very high (>=10 psi),4,B416,B-140
Arkansas,Prairie,05117,high (6000-15000 R),2,10052,656,no (<0.5 psi),0,B416,B-140
Arkansas,Pulaski,05119,high (6000-15000 R),2,352946,767,very high (>=10 psi),4,B416,B-140
Arkansas,Randolph,05121,very high (>15000 R),3,16315,656,no (<0.5 psi),0,B416,B-140
Arkansas,St Francis,05123,high (6000-15000 R),2,31547,639,low (0.5-2 psi),1,B416,B-140
Arkansas,Saline,05125,high (6000-15000 R),2,56244,725,very high (>=10 psi),4,B416,B-140
Arkansas,Scott,05127,high (6000-15000 R),2,9906,897,no (<0.5 psi),0,B416,B-140
Arkansas,Searcy,05129,high (6000-15000 R),2,8941,668,no (<0.5 psi),0,B416,B-140
Arkansas,Sebastian,05131,high (6000-15000 R),2,97960,535,no (<0.5 psi),0,B416,B-140
Arkansas,Sevier,05133,high (6000-15000 R),2,14471,560,no (<0.5 psi),0,B416,B-140
Arkansas,Sharp,05135,very high (>15000 R),3,15673,606,no (<0.5 psi),0,B416,B-140
Arkansas,Stone,05137,high (6000-15000 R),2,9766,606,no (<0.5 psi),0,B416,B-140
Arkansas,Union,05139,high (6000-15000 R),2,49350,1053,very high (>=10 psi),4,B416,B-140
Arkansas,Van Buren,05141,high (6000-15000 R),2,15337,709,no (<0.5 psi),0,B416,B-140
Arkansas,Washington,05143,high (6000-15000 R),2,104872,951,no (<0.5 psi),0,B416,B-140
Arkansas,White,05145,high (6000-15000 R),2,52827,1040,low (0.5-2 psi),1,B416,B-140
Arkansas,Woodruff,05147,high (6000-15000 R),2,10516,592,no (<0.5 psi),0,B416,B-140
Arkansas,Yell,05149,high (6000-15000 R),2,18140,931,high (5-10 psi),3,B416,B-140
Louisiana,Acadia,22001,low (<3000 R),0,59861,657,very high (>=10 psi),4,B418,B-142
Louisiana,Allen,22003,low (<3000 R),0,21908,766,low (0.5-2 psi),1,B418,B-142
Louisiana,Ascension,22005,low (<3000 R),0,58862,296,very high (>=10 psi),4,B418,B-142
Louisiana,Assumption,22007,low (<3000 R),0,23808,342,medium (2-5 psi),2,B418,B-142
Louisiana,Avoyelles,22009,medium (3000-6000 R),1,43773,846,no (<0.5 psi),0,B418,B-142
Louisiana,Beauregard,22011,low (<3000 R),0,32564,1163,low (0.5-2 psi),1,B418,B-142
Louisiana,Bienville,22013,high (6000-15000 R),2,16855,815,low (0.5-2 psi),1,B418,B-142
Louisiana,Bossier,22015,high (6000-15000 R),2,90980,845,very high (>=10 psi),4,B418,B-142
Louisiana,Caddo,22017,high (6000-15000 R),2,276755,894,very high (>=10 psi),4,B418,B-142
Louisiana,Calcasieu,22019,low (<3000 R),0,176853,1081,very high (>=10 psi),4,B418,B-142
Louisiana,Caldwell,22021,high (6000-15000 R),2,11466,541,no (<0.5 psi),0,B418,B-142
Louisiana,Cameron,22023,low (<3000 R),0,10180,1417,medium (2-5 psi),2,B418,B-142
Louisiana,Catahoula,22025,medium (3000-6000 R),1,12760,732,no (<0.5 psi),0,B418,B-142
Louisiana,Claiborne,22027,high (6000-15000 R),2,18483,765,very high (>=10 psi),4,B418,B-142
Louisiana,Concordia,22029,medium (3000-6000 R),1,23966,717,no (<0.5 psi),0,B418,B-142
Louisiana,De Soto,22031,high (6000-15000 R),2,27693,880,low (0.5-2 psi),1,B418,B-142
Louisiana,East Baton Rouge,22033,low (<3000 R),0,397601,458,very high (>=10 psi),4,B418,B-142
Louisiana,East Carrol,22035,high (6000-15000 R),2,11376,426,no (<0.5 psi),0,B418,B-142
Louisiana,East Feliciana,22037,medium (3000-6000 R),1,20727,455,low (0.5-2 psi),1,B418,B-142
Louisiana,Evangeline,22039,low (<3000 R),0,35372,667,low (0.5-2 psi),1,B418,B-142
Louisiana,Franklin,22041,high (6000-15000 R),2,24409,636,no (<0.5 psi),0,B418,B-142
Louisiana,Grant,22043,high (6000-15000 R),2,18370,653,low (0.5-2 psi),1,B418,B-142
Louisiana,Iberia,22045,low (<3000 R),0,70124,589,no (<0.5 psi),0,B418,B-142
Louisiana,Iberville,22047,low (<3000 R),0,33300,637,very high (>=10 psi),4,B418,B-142
Louisiana,Jackson,22049,high (6000-15000 R),2,17125,578,no (<0.5 psi),0,B418,B-142
Louisiana,Jefferson,22051,low (<3000 R),0,479824,347,very high (>=10 psi),4,B419,B-143
Louisiana,Jefferson Davis,22053,low (<3000 R),0,33174,655,very high (>=10 psi),4,B419,B-143
Louisiana,LaFayette,22055,low (<3000 R),0,175046,270,low (0.5-2 psi),1,B419,B-143
Louisiana,LaFourche,22057,low (<3000 R),0,89854,1141,very high (>=10 psi),4,B419,B-143
Louisiana,LaSalle,22059,high (6000-15000 R),2,17629,638,no (<0.5 psi),0,B419,B-143
Louisiana,Lincoln,22061,high (6000-15000 R),2,43102,472,medium (2-5 psi),2,B419,B-143
Louisiana,Livingston,22063,low (<3000 R),0,71703,661,low (0.5-2 psi),1,B419,B-143
Louisiana,Madison,22065,high (6000-15000 R),2,15430,631,no (<0.5 psi),0,B419,B-143
Louisiana,Morehouse,22067,high (6000-15000 R),2,35796,807,no (<0.5 psi),0,B419,B-143
Louisiana,Natchitoches,22069,low (<3000 R),0,40047,1264,no (<0.5 psi),0,B419,B-143
Louisiana,Orleans,22071,low (<3000 R),0,559384,199,very high (>=10 psi),4,B419,B-143
Louisiana,Ouachita,22073,high (6000-15000 R),2,143485,627,no (<0.5 psi),0,B419,B-143
Louisiana,Plaquemines,22075,low (<3000 R),0,26882,1035,very high (>=10 psi),4,B419,B-143
Louisiana,Pointe Coupee,22077,medium (3000-6000 R),1,24933,566,very high (>=10 psi),4,B419,B-143
Louisiana,Rapides,22079,medium (3000-6000 R),1,139793,1341,very high (>=10 psi),4,B419,B-143
Louisiana,Red River,22081,high (6000-15000 R),2,10989,394,no (<0.5 psi),0,B419,B-143
Louisiana,Richland,22083,high (6000-15000 R),2,22884,563,no (<0.5 psi),0,B419,B-143
Louisiana,Sabine,22085,medium (3000-6000 R),1,27588,855,no (<0.5 psi),0,B419,B-143
Louisiana,St Bernard,22087,low (<3000 R),0,68168,486,very high (>=10 psi),4,B419,B-143
Louisiana,St Charles,22089,low (<3000 R),0,42789,286,very high (>=10 psi),4,B419,B-143
Louisiana,St Helena,22091,medium (3000-6000 R),1,10406,409,no (<0.5 psi),0,B419,B-143
Louisiana,St James,22093,low (<3000 R),0,22121,248,very high (>=10 psi),4,B419,B-143
Louisiana,St John Baptist,22095,low (<3000 R),0,41836,213,very high (>=10 psi),4,B419,B-143
Louisiana,St Landry,22097,low (<3000 R),0,90161,936,very high (>=10 psi),4,B419,B-143
Louisiana,St Martin,22099,low (<3000 R),0,47258,749,low (0.5-2 psi),1,B419,B-143
Louisiana,St Mary,22101,low (<3000 R),0,65424,613,no (<0.5 psi),0,B419,B-143
Louisiana,St Tammany,22103,low (<3000 R),0,142182,873,medium (2-5 psi),2,B419,B-143
Louisiana,Tangipahoa,22105,medium (3000-6000 R),1,93622,783,no (<0.5 psi),0,B419,B-143
Louisiana,Tensas,22107,medium (3000-6000 R),1,8292,623,no (<0.5 psi),0,B419,B-143
Louisiana,Terrebonne,22109,low (<3000 R),0,103873,1367,no (<0.5 psi),0,B419,B-143
Louisiana,Union,22111,high (6000-15000 R),2,22551,884,medium (2-5 psi),2,B420,B-144
Louisiana,Vermilion,22113,medium (3000-6000 R),1,54232,1205,low (0.5-2 psi),1,B420,B-144
Louisiana,Vernon,22115,low (<3000 R),0,62258,1332,very high (>=10 psi),4,B420,B-144
Louisiana,Washington,22117,medium (3000-6000 R),1,46376,676,no (<0.5 psi),0,B420,B-144
Louisiana,Webster,22119,high (6000-15000 R),2,45935,602,very high (>=10 psi),4,B420,B-144
Louisiana,West Baton Rouge,22121,low (<3000 R),0,20678,194,very high (>=10 psi),4,B420,B-144
Louisiana,West Carroll,22123,high (6000-15000 R),2,13224,360,no (<0.5 psi),0,B420,B-144
Louisiana,West Feliciana,22125,medium (3000-6000 R),1,13859,406,very high (>=10 psi),4,B420,B-144
Louisiana,Winn,22127,high (6000-15000 R),2,17660,953,no (<0.5 psi),0,B420,B-144
New Mexico,Bernalillo,35001,low (<3000 R),0,456640,1169,very high (>=10 psi),4,B422,B-146
New Mexico,Catron,35003,low (<3000 R),0,2781,6929,no (<0.5 psi),0,B422,B-146
New Mexico,Chaves,35005,high (6000-15000 R),2,60404,6066,very high (>=10 psi),4,B422,B-146
New Mexico,Colfax,35007,low (<3000 R),0,13280,3762,no (<0.5 psi),0,B422,B-146
New Mexico,Curry,35009,medium (3000-6000 R),1,44347,1408,very high (>=10 psi),4,B422,B-146
New Mexico,DeBaca,35011,low (<3000 R),0,2278,2323,no (<0.5 psi),0,B422,B-146
New Mexico,Dona Ana,35013,low (<3000 R),0,116120,3819,very high (>=10 psi),4,B422,B-146
New Mexico,Eddy,35015,medium (3000-6000 R),1,55403,4184,very high (>=10 psi),4,B422,B-146
New Mexico,Grant,35017,low (<3000 R),0,27992,3969,no (<0.5 psi),0,B422,B-146
New Mexico,Guadalupe,35019,low (<3000 R),0,4448,3032,no (<0.5 psi),0,B422,B-146
New Mexico,Harding,35021,low (<3000 R),0,946,2122,no (<0.5 psi),0,B422,B-146
New Mexico,Hidalgo,35023,low (<3000 R),0,6462,3445,no (<0.5 psi),0,B422,B-146
New Mexico,Lea,35025,medium (3000-6000 R),1,68068,4390,very high (>=10 psi),4,B422,B-146
New Mexico,Lincoln,35027,low (<3000 R),0,14173,4832,no (<0.5 psi),0,B422,B-146
New Mexico,Los Alamos,35028,low (<3000 R),0,19396,109,low (0.5-2 psi),1,B422,B-146
New Mexico,Luna,35029,low (<3000 R),0,16846,2965,no (<0.5 psi),0,B422,B-146
New Mexico,McKinley,35031,low (<3000 R),0,62558,5442,very high (>=10 psi),4,B422,B-146
New Mexico,Mora,35033,low (<3000 R),0,4909,1930,no (<0.5 psi),0,B422,B-146
New Mexico,Otero,35035,low (<3000 R),0,50681,6626,very high (>=10 psi),4,B422,B-146
New Mexico,Quay,35037,low (<3000 R),0,10634,2874,no (<0.5 psi),0,B422,B-146
New Mexico,Rio Arriba,35039,low (<3000 R),0,32805,5856,no (<0.5 psi),0,B422,B-146
New Mexico,Roosevelt,35041,medium (3000-6000 R),1,17008,2453,medium (2-5 psi),2,B422,B-146
New Mexico,Sandoval,35043,low (<3000 R),0,35678,3707,low (0.5-2 psi),1,B422,B-146
New Mexico,San Juan,35045,low (<3000 R),0,99037,5522,very high (>=10 psi),4,B422,B-146
New Mexico,San Miguel,35047,low (<3000 R),0,24909,4709,low (0.5-2 psi),1,B422,B-146
New Mexico,Santa Fe,35049,low (<3000 R),0,82898,1905,very high (>=10 psi),4,B423,B-147
New Mexico,Sierra,35051,low (<3000 R),0,9058,4178,no (<0.5 psi),0,B423,B-147
New Mexico,Socorro,35053,low (<3000 R),0,15027,6625,no (<0.5 psi),0,B423,B-147
New Mexico,Taos,35055,low (<3000 R),0,21094,2204,no (<0.5 psi),0,B423,B-147
New Mexico,Torrance,35057,low (<3000 R),0,8397,3335,low (0.5-2 psi),1,B423,B-147
New Mexico,Union,35059,low (<3000 R),0,5531,3830,no (<0.5 psi),0,B423,B-147
New Mexico,Valencia,35061,low (<3000 R),0,70975,5616,low (0.5-2 psi),1,B423,B-147
Oklahoma,Adair,40001,high (6000-15000 R),2,20474,577,no (<0.5 psi),0,B425,B-150
Oklahoma,Alfalfa,40003,high (6000-15000 R),2,7148,864,low (0.5-2 psi),1,B425,B-150
Oklahoma,Atoka,40005,high (6000-15000 R),2,13806,980,low (0.5-2 psi),1,B425,B-150
Oklahoma,Beaver,40007,medium (3000-6000 R),1,7451,1808,medium (2-5 psi),2,B425,B-150
Oklahoma,Beckham,40009,medium (3000-6000 R),1,28439,904,low (0.5-2 psi),1,B425,B-150
Oklahoma,Blaine,40011,medium (3000-6000 R),1,14513,920,no (<0.5 psi),0,B425,B-150
Oklahoma,Bryan,40013,medium (3000-6000 R),1,32184,902,no (<0.5 psi),0,B425,B-150
Oklahoma,Caddo,40015,medium (3000-6000 R),1,34998,1286,very high (>=10 psi),4,B425,B-150
Oklahoma,Canadian,40017,medium (3000-6000 R),1,71951,902,very high (>=10 psi),4,B425,B-150
Oklahoma,Carter,40019,medium (3000-6000 R),1,47692,827,very high (>=10 psi),4,B425,B-150
Oklahoma,Cherokee,40021,high (6000-15000 R),2,34575,748,low (0.5-2 psi),1,B425,B-150
Oklahoma,Choctaw,40023,high (6000-15000 R),2,16400,763,no (<0.5 psi),0,B425,B-150
Oklahoma,Cimarron,40025,medium (3000-6000 R),1,4046,1842,no (<0.5 psi),0,B425,B-150
Oklahoma,Cleveland,40027,medium (3000-6000 R),1,160572,529,very high (>=10 psi),4,B425,B-150
Oklahoma,Coal,40029,high (6000-15000 R),2,5816,520,no (<0.5 psi),0,B425,B-150
Oklahoma,Comanche,40031,medium (3000-6000 R),1,121146,1076,very high (>=10 psi),4,B425,B-150
Oklahoma,Cotton,40033,medium (3000-6000 R),1,6987,656,low (0.5-2 psi),1,B425,B-150
Oklahoma,Craig,40035,high (6000-15000 R),2,15333,763,no (<0.5 psi),0,B425,B-150
Oklahoma,Creek,40037,high (6000-15000 R),2,72149,930,high (5-10 psi),3,B425,B-150
Oklahoma,Custer,40039,medium (3000-6000 R),1,36008,981,low (0.5-2 psi),1,B425,B-150
Oklahoma,Delaware,40041,high (6000-15000 R),2,28310,720,no (<0.5 psi),0,B425,B-150
Oklahoma,Dewey,40043,medium (3000-6000 R),1,6721,1007,no (<0.5 psi),0,B425,B-150
Oklahoma,Ellis,40045,medium (3000-6000 R),1,6483,1232,low (0.5-2 psi),1,B425,B-150
Oklahoma,Garfield,40047,high (6000-15000 R),2,66024,1060,very high (>=10 psi),4,B425,B-150
Oklahoma,Garvin,40049,medium (3000-6000 R),1,31029,813,very high (>=10 psi),4,B425,B-150
Oklahoma,Grady,40051,medium (3000-6000 R),1,46202,1106,medium (2-5 psi),2,B426,B-151
Oklahoma,Grant,40053,very high (>15000 R),3,6713,1004,low (0.5-2 psi),1,B426,B-151
Oklahoma,Greer,40055,medium (3000-6000 R),1,7290,638,low (0.5-2 psi),1,B426,B-151
Oklahoma,Harmon,40057,medium (3000-6000 R),1,4422,537,no (<0.5 psi),0,B426,B-151
Oklahoma,Harper,40059,medium (3000-6000 R),1,4839,1039,low (0.5-2 psi),1,B426,B-151
Oklahoma,Haskell,40061,high (6000-15000 R),2,11927,570,no (<0.5 psi),0,B426,B-151
Oklahoma,Hughes,40063,high (6000-15000 R),2,15085,805,low (0.5-2 psi),1,B426,B-151
Oklahoma,Jackson,40065,medium (3000-6000 R),1,30803,817,very high (>=10 psi),4,B426,B-151
Oklahoma,Jefferson,40067,medium (3000-6000 R),1,8759,769,low (0.5-2 psi),1,B426,B-151
Oklahoma,Johnston,40069,medium (3000-6000 R),1,10912,639,medium (2-5 psi),2,B426,B-151
Oklahoma,Kay,40071,very high (>15000 R),3,53759,921,medium (2-5 psi),2,B426,B-151
Oklahoma,Kingfisher,40073,medium (3000-6000 R),1,16877,906,no (<0.5 psi),0,B426,B-151
Oklahoma,Kiowa,40075,medium (3000-6000 R),1,12812,1019,low (0.5-2 psi),1,B426,B-151
Oklahoma,Latimer,40077,high (6000-15000 R),2,10152,728,no (<0.5 psi),0,B426,B-151
Oklahoma,Le Flore,40079,high (6000-15000 R),2,43438,1585,no (<0.5 psi),0,B426,B-151
Oklahoma,Lincoln,40081,high (6000-15000 R),2,30539,964,very high (>=10 psi),4,B426,B-151
Oklahoma,Logan,40083,high (6000-15000 R),2,31357,748,low (0.5-2 psi),1,B426,B-151
Oklahoma,Love,40085,medium (3000-6000 R),1,8154,519,low (0.5-2 psi),1,B426,B-151
Oklahoma,McClain,40087,medium (3000-6000 R),1,25247,581,medium (2-5 psi),2,B426,B-151
Oklahoma,McCurtain,40089,high (6000-15000 R),2,35933,1826,no (<0.5 psi),0,B426,B-151
Oklahoma,McIntosh,40091,high (6000-15000 R),2,17305,599,low (0.5-2 psi),1,B426,B-151
Oklahoma,Major,40093,medium (3000-6000 R),1,9516,958,low (0.5-2 psi),1,B426,B-151
Oklahoma,Marshall,40095,medium (3000-6000 R),1,11460,372,medium (2-5 psi),2,B426,B-151
Oklahoma,Mayes,40097,high (6000-15000 R),2,35187,644,no (<0.5 psi),0,B426,B-151
Oklahoma,Murray,40099,medium (3000-6000 R),1,13473,420,medium (2-5 psi),2,B426,B-151
Oklahoma,Muskogee,40101,high (6000-15000 R),2,70748,815,very high (>=10 psi),4,B426,B-151
Oklahoma,Noble,40103,very high (>15000 R),3,12129,736,no (<0.5 psi),0,B426,B-151
Oklahoma,Nowata,40105,high (6000-15000 R),2,11552,541,very high (>=10 psi),4,B426,B-151
Oklahoma,Okfuskee,40107,high (6000-15000 R),2,12082,628,low (0.5-2 psi),1,B426,B-151
Oklahoma,Oklahoma,40109,medium (3000-6000 R),1,635696,708,very high (>=10 psi),4,B426,B-151
Oklahoma,Okmulgee,40111,high (6000-15000 R),2,40403,698,very high (>=10 psi),4,B427,B-152
Oklahoma,Osage,40113,high (6000-15000 R),2,42658,2264,no (<0.5 psi),0,B427,B-152
Oklahoma,Ottawa,40115,high (6000-15000 R),2,33882,465,low (0.5-2 psi),1,B427,B-152
Oklahoma,Pawnee,40117,high (6000-15000 R),2,17176,551,low (0.5-2 psi),1,B427,B-152
Oklahoma,Payne,40119,high (6000-15000 R),2,65992,691,very high (>=10 psi),4,B427,B-152
Oklahoma,Pittsburg,40121,high (6000-15000 R),2,43109,1251,no (<0.5 psi),0,B427,B-152
Oklahoma,Pontotoc,40123,medium (3000-6000 R),1,34762,717,low (0.5-2 psi),1,B427,B-152
Oklahoma,Pottawatomie,40125,high (6000-15000 R),2,62945,783,low (0.5-2 psi),1,B427,B-152
Oklahoma,Pushmataha,40127,high (6000-15000 R),2,11880,1417,no (<0.5 psi),0,B427,B-152
Oklahoma,Roger Mills,40129,medium (3000-6000 R),1,6385,1146,low (0.5-2 psi),1,B427,B-152
Oklahoma,Rogers,40131,high (6000-15000 R),2,56007,683,very high (>=10 psi),4,B427,B-152
Oklahoma,Seminole,40133,high (6000-15000 R),2,29055,639,very high (>=10 psi),4,B427,B-152
Oklahoma,Sequoyah,40135,high (6000-15000 R),2,33645,678,no (<0.5 psi),0,B427,B-152
Oklahoma,Stephens,40137,medium (3000-6000 R),1,46259,885,very high (>=10 psi),4,B427,B-152
Oklahoma,Texas,40139,medium (3000-6000 R),1,18201,2040,medium (2-5 psi),2,B427,B-152
Oklahoma,Tillman,40141,medium (3000-6000 R),1,11650,904,low (0.5-2 psi),1,B427,B-152
Oklahoma,Tulsa,40143,high (6000-15000 R),2,519654,571,very high (>=10 psi),4,B427,B-152
Oklahoma,Wagoner,40145,high (6000-15000 R),2,52032,559,very high (>=10 psi),4,B427,B-152
Oklahoma,Washington,40147,high (6000-15000 R),2,52984,423,low (0.5-2 psi),1,B427,B-152
Oklahoma,Washita,40149,medium (3000-6000 R),1,17419,1006,very high (>=10 psi),4,B427,B-152
Oklahoma,Woods,40151,medium (3000-6000 R),1,10827,1291,no (<0.5 psi),0,B427,B-152
Oklahoma,Woodward,40153,medium (3000-6000 R),1,23371,1242,very high (>=10 psi),4,B427,B-152
Texas,Anderson,48001,low (<3000 R),0,47651,1077,no (<0.5 psi),0,B429,B-154
Texas,Andrews,48003,low (<3000 R),0,16609,1501,no (<0.5 psi),0,B429,B-154
Texas,Angelina,48005,low (<3000 R),0,69361,807,no (<0.5 psi),0,B429,B-154
Texas,Aransas,48007,low (<3000 R),0,17801,280,low (0.5-2 psi),1,B429,B-154
Texas,Archer,48009,low (<3000 R),0,8179,907,low (0.5-2 psi),1,B429,B-154
Texas,Armstrong,48011,medium (3000-6000 R),1,1937,910,medium (2-5 psi),2,B429,B-154
Texas,Atrascosa,48013,low (<3000 R),0,28715,1218,low (0.5-2 psi),1,B429,B-154
Texas,Austin,48015,low (<3000 R),0,21150,656,low (0.5-2 psi),1,B429,B-154
Texas,Bailey,48017,low (<3000 R),0,8227,827,low (0.5-2 psi),1,B429,B-154
Texas,Bandera,48019,low (<3000 R),0,8732,793,no (<0.5 psi),0,B429,B-154
Texas,Bastrop,48021,medium (3000-6000 R),1,32710,895,high (5-10 psi),3,B429,B-154
Texas,Baylor,48023,low (<3000 R),0,5126,862,no (<0.5 psi),0,B429,B-154
Texas,Bee,48025,low (<3000 R),0,29378,880,very high (>=10 psi),4,B429,B-154
Texas,Bell,48027,low (<3000 R),0,169465,1055,very high (>=10 psi),4,B429,B-154
Texas,Bexar,48029,low (<3000 R),0,1117869,1248,very high (>=10 psi),4,B429,B-154
Texas,Blanco,48031,low (<3000 R),0,5508,714,no (<0.5 psi),0,B429,B-154
Texas,Borden,48033,low (<3000 R),0,1003,900,no (<0.5 psi),0,B429,B-154
Texas,Bosque,48035,low (<3000 R),0,14289,989,low (0.5-2 psi),1,B429,B-154
Texas,Bowie,48037,high (6000-15000 R),2,80151,891,very high (>=10 psi),4,B429,B-154
Texas,Brazoria,48039,low (<3000 R),0,190191,1407,very high (>=10 psi),4,B429,B-154
Texas,Brazos,48041,low (<3000 R),0,123285,588,low (0.5-2 psi),1,B429,B-154
Texas,Brewster,48043,low (<3000 R),0,8213,6169,no (<0.5 psi),0,B429,B-154
Texas,Briscoe,48045,low (<3000 R),0,2266,887,no (<0.5 psi),0,B429,B-154
Texas,Brooks,48047,low (<3000 R),0,9279,942,no (<0.5 psi),0,B429,B-154
Texas,Brown,48049,low (<3000 R),0,36336,936,no (<0.5 psi),0,B429,B-154
Texas,Burleson,48051,low (<3000 R),0,15837,668,low (0.5-2 psi),1,B430,B-155
Texas,Burnet,48053,low (<3000 R),0,22587,994,low (0.5-2 psi),1,B430,B-155
Texas,Caldwell,48055,low (<3000 R),0,27133,546,very high (>=10 psi),4,B430,B-155
Texas,Calhoun,48057,low (<3000 R),0,22997,540,very high (>=10 psi),4,B430,B-155
Texas,Callahan,48059,medium (3000-6000 R),1,13009,899,low (0.5-2 psi),1,B430,B-155
Texas,Cameron,48061,low (<3000 R),0,248893,905,very high (>=10 psi),4,B430,B-155
Texas,Camp,48063,low (<3000 R),0,10465,203,high (5-10 psi),3,B430,B-155
Texas,Carson,48065,medium (3000-6000 R),1,7188,924,very high (>=10 psi),4,B430,B-155
Texas,Cass,48067,high (6000-15000 R),2,30977,937,low (0.5-2 psi),1,B430,B-155
Texas,Castro,48069,low (<3000 R),0,10177,899,no (<0.5 psi),0,B430,B-155
Texas,Chambers,48071,low (<3000 R),0,20132,616,very high (>=10 psi),4,B430,B-155
Texas,Cherokee,48073,low (<3000 R),0,39769,1052,low (0.5-2 psi),1,B430,B-155
Texas,Childress,48075,medium (3000-6000 R),1,6452,707,no (<0.5 psi),0,B430,B-155
Texas,Clay,48077,medium (3000-6000 R),1,9871,1085,medium (2-5 psi),2,B430,B-155
Texas,Cochran,48079,low (<3000 R),0,4732,775,no (<0.5 psi),0,B430,B-155
Texas,Coke,48081,low (<3000 R),0,3706,908,no (<0.5 psi),0,B430,B-155
Texas,Coleman,48083,low (<3000 R),0,10468,1277,no (<0.5 psi),0,B430,B-155
Texas,Collin,48085,medium (3000-6000 R),1,187101,851,medium (2-5 psi),2,B430,B-155
Texas,Collingsworth,48087,medium (3000-6000 R),1,4072,909,no (<0.5 psi),0,B430,B-155
Texas,Colorado,48089,low (<3000 R),0,20306,964,no (<0.5 psi),0,B430,B-155
Texas,Comal,48091,low (<3000 R),0,44827,555,medium (2-5 psi),2,B430,B-155
Texas,Comanche,48093,low (<3000 R),0,13217,930,no (<0.5 psi),0,B430,B-155
Texas,Concho,48095,low (<3000 R),0,2977,992,no (<0.5 psi),0,B430,B-155
Texas,Cooke,48097,medium (3000-6000 R),1,29097,893,no (<0.5 psi),0,B430,B-155
Texas,Coryell,48099,low (<3000 R),0,58932,1057,very high (>=10 psi),4,B430,B-155
Texas,Cottle,48101,low (<3000 R),0,2633,895,no (<0.5 psi),0,B430,B-155
Texas,Crane,48103,low (<3000 R),0,5350,782,low (0.5-2 psi),1,B430,B-155
Texas,Crockett,48105,low (<3000 R),0,5035,2806,no (<0.5 psi),0,B430,B-155
Texas,Crosby,48107,low (<3000 R),0,8432,898,low (0.5-2 psi),1,B430,B-155
Texas,Culberson,48109,low (<3000 R),0,3509,3815,no (<0.5 psi),0,B430,B-155
Texas,Dallam,48111,low (<3000 R),0,6796,1505,no (<0.5 psi),0,B431,B-156
Texas,Dallas,48113,medium (3000-6000 R),1,1765074,880,very high (>=10 psi),4,B431,B-156
Texas,Dawson,48115,low (<3000 R),0,17059,903,no (<0.5 psi),0,B431,B-156
Texas,Deaf Smith,48117,low (<3000 R),0,20205,1497,no (<0.5 psi),0,B431,B-156
Texas,Delta,48119,medium (3000-6000 R),1,4944,279,no (<0.5 psi),0,B431,B-156
Texas,Denton,48121,low (<3000 R),0,174001,911,medium (2-5 psi),2,B431,B-156
Texas,De Witt,48123,low (<3000 R),0,20656,910,low (0.5-2 psi),1,B431,B-156
Texas,Dickens,48125,low (<3000 R),0,3090,907,no (<0.5 psi),0,B431,B-156
Texas,Dimmit,48127,low (<3000 R),0,12065,1307,very high (>=10 psi),4,B431,B-156
Texas,Donley,48129,medium (3000-6000 R),1,4208,929,no (<0.5 psi),0,B431,B-156
Texas,Duval,48131,low (<3000 R),0,13548,1795,no (<0.5 psi),0,B431,B-156
Texas,Eastland,48133,low (<3000 R),0,21466,924,no (<0.5 psi),0,B431,B-156
Texas,Ector,48135,low (<3000 R),0,151738,903,very high (>=10 psi),4,B431,B-156
Texas,Edwards,48137,low (<3000 R),0,2168,2102,no (<0.5 psi),0,B431,B-156
Texas,Ellis,48139,low (<3000 R),0,69192,939,low (0.5-2 psi),1,B431,B-156
Texas,El Paso,48141,low (<3000 R),0,538075,1014,very high (>=10 psi),4,B431,B-156
Texas,Erath,48143,low (<3000 R),0,24905,1080,no (<0.5 psi),0,B431,B-156
Texas,Falls,48145,low (<3000 R),0,18274,770,low (0.5-2 psi),1,B431,B-156
Texas,Fannin,48147,medium (3000-6000 R),1,24681,895,low (0.5-2 psi),1,B431,B-156
Texas,Fayette,48149,low (<3000 R),0,20407,950,low (0.5-2 psi),1,B431,B-156
Texas,Fisher,48151,low (<3000 R),0,5741,897,no (<0.5 psi),0,B431,B-156
Texas,Floyd,48153,low (<3000 R),0,8802,992,no (<0.5 psi),0,B431,B-156
Texas,Foard,48155,low (<3000 R),0,1849,703,no (<0.5 psi),0,B431,B-156
Texas,Fort Bend,48157,low (<3000 R),0,191398,876,very high (>=10 psi),4,B431,B-156
Texas,Franklin,48159,medium (3000-6000 R),1,7415,294,low (0.5-2 psi),1,B431,B-156
Texas,Freestone,48161,low (<3000 R),0,17218,888,no (<0.5 psi),0,B431,B-156
Texas,Frio,48163,low (<3000 R),0,14644,1133,no (<0.5 psi),0,B431,B-156
Texas,Gaines,48165,low (<3000 R),0,14581,1504,no (<0.5 psi),0,B431,B-156
Texas,Galveston,48167,low (<3000 R),0,220241,399,very high (>=10 psi),4,B431,B-156
Texas,Garza,48169,low (<3000 R),0,5720,895,no (<0.5 psi),0,B431,B-156
Texas,Gillespie,48171,low (<3000 R),0,15622,1061,no (<0.5 psi),0,B432,B-157
Texas,Glasscock,48173,low (<3000 R),0,1251,900,no (<0.5 psi),0,B432,B-157
Texas,Goliad,48175,low (<3000 R),0,5897,859,medium (2-5 psi),2,B432,B-157
Texas,Gonzales,48177,low (<3000 R),0,19081,1068,very high (>=10 psi),4,B432,B-157
Texas,Gray,48179,medium (3000-6000 R),1,27503,921,medium (2-5 psi),2,B432,B-157
Texas,Grayson,48181,medium (3000-6000 R),1,95891,934,no (<0.5 psi),0,B432,B-157
Texas,Gregg,48183,medium (3000-6000 R),1,114058,273,very high (>=10 psi),4,B432,B-157
Texas,Grimes,48185,low (<3000 R),0,17968,799,no (<0.5 psi),0,B432,B-157
Texas,Guadalupe,48187,low (<3000 R),0,54862,713,medium (2-5 psi),2,B432,B-157
Texas,Hale,48189,low (<3000 R),0,37243,1005,low (0.5-2 psi),1,B432,B-157
Texas,Hall,48191,low (<3000 R),0,4963,876,no (<0.5 psi),0,B432,B-157
Texas,Hamilton,48193,low (<3000 R),0,8136,836,no (<0.5 psi),0,B432,B-157
Texas,Hansford,48195,medium (3000-6000 R),1,6590,921,no (<0.5 psi),0,B432,B-157
Texas,Hardeman,48197,medium (3000-6000 R),1,6589,688,no (<0.5 psi),0,B432,B-157
Texas,Hardin,48199,low (<3000 R),0,44075,898,very high (>=10 psi),4,B432,B-157
Texas,Harris,48201,low (<3000 R),0,2831639,1734,very high (>=10 psi),4,B432,B-157
Texas,Harrison,48203,medium (3000-6000 R),1,58471,908,very high (>=10 psi),4,B432,B-157
Texas,Hartley,48205,low (<3000 R),0,3633,1462,no (<0.5 psi),0,B432,B-157
Texas,Haskell,48207,low (<3000 R),0,7515,901,no (<0.5 psi),0,B432,B-157
Texas,Hays,48209,low (<3000 R),0,51765,678,low (0.5-2 psi),1,B432,B-157
Texas,Hemphill,48211,medium (3000-6000 R),1,6418,903,no (<0.5 psi),0,B432,B-157
Texas,Henderson,48213,low (<3000 R),0,52080,888,no (<0.5 psi),0,B432,B-157
Texas,Hidalgo,48215,low (<3000 R),0,350518,1569,very high (>=10 psi),4,B432,B-157
Texas,Hill,48217,low (<3000 R),0,27335,968,no (<0.5 psi),0,B432,B-157
Texas,Hockley,48219,low (<3000 R),0,24809,908,medium (2-5 psi),2,B432,B-157
Texas,Hood,48221,low (<3000 R),0,25815,425,no (<0.5 psi),0,B432,B-157
Texas,Hopkins,48223,medium (3000-6000 R),1,28369,789,low (0.5-2 psi),1,B432,B-157
Texas,Houston,48225,low (<3000 R),0,23673,1234,no (<0.5 psi),0,B432,B-157
Texas,Howard,48227,low (<3000 R),0,38311,901,no (<0.5 psi),0,B432,B-157
Texas,Hudspeth,48229,low (<3000 R),0,2620,4566,no (<0.5 psi),0,B432,B-157
Texas,Hunt,48231,medium (3000-6000 R),1,65278,840,very high (>=10 psi),4,B433,B-158
Texas,Hutchinson,48233,medium (3000-6000 R),1,30287,871,very high (>=10 psi),4,B433,B-158
Texas,Irion,48235,low (<3000 R),0,1800,1052,no (<0.5 psi),0,B433,B-158
Texas,Jack,48237,low (<3000 R),0,7639,920,low (0.5-2 psi),1,B433,B-158
Texas,Jackson,48239,low (<3000 R),0,13946,844,medium (2-5 psi),2,B433,B-158
Texas,Jasper,48241,low (<3000 R),0,32469,921,medium (2-5 psi),2,B433,B-158
Texas,Jeff Davis,48243,low (<3000 R),0,1770,2258,no (<0.5 psi),0,B433,B-158
Texas,Jefferson,48245,low (<3000 R),0,260403,937,very high (>=10 psi),4,B433,B-158
Texas,Jim Hogg,48247,low (<3000 R),0,5464,1136,no (<0.5 psi),0,B433,B-158
Texas,Jim Wells,48249,low (<3000 R),0,40710,867,low (0.5-2 psi),1,B433,B-158
Texas,Johnson,48251,low (<3000 R),0,85375,731,low (0.5-2 psi),1,B433,B-158
Texas,Jones,48253,medium (3000-6000 R),1,18960,931,low (0.5-2 psi),1,B433,B-158
Texas,Karnes,48255,medium (3000-6000 R),1,13498,753,medium (2-5 psi),2,B433,B-158
Texas,Kaufman,48257,low (<3000 R),0,49484,788,low (0.5-2 psi),1,B433,B-158
Texas,Kendall,48259,low (<3000 R),0,13788,663,no (<0.5 psi),0,B433,B-158
Texas,Kenedy,48261,low (<3000 R),0,485,1389,no (<0.5 psi),0,B433,B-158
Texas,Kent,48263,low (<3000 R),0,1100,878,no (<0.5 psi),0,B433,B-158
Texas,Kerr,48265,low (<3000 R),0,33638,1107,no (<0.5 psi),0,B433,B-158
Texas,Kimble,48267,low (<3000 R),0,4297,1250,no (<0.5 psi),0,B433,B-158
Texas,King,48269,low (<3000 R),0,430,914,no (<0.5 psi),0,B433,B-158
Texas,Kinney,48271,low (<3000 R),0,2407,1359,low (0.5-2 psi),1,B433,B-158
Texas,Kleberg,48273,low (<3000 R),0,34983,853,very high (>=10 psi),4,B433,B-158
Texas,Knox,48275,low (<3000 R),0,5583,845,no (<0.5 psi),0,B433,B-158
Texas,Lamar,48277,medium (3000-6000 R),1,44953,919,no (<0.5 psi),0,B433,B-158
Texas,Lamb,48279,low (<3000 R),0,17077,1013,low (0.5-2 psi),1,B433,B-158
Texas,Lampasas,48281,low (<3000 R),0,13753,714,low (0.5-2 psi),1,B433,B-158
Texas,La Salle,48283,low (<3000 R),0,5960,1517,no (<0.5 psi),0,B433,B-158
Texas,Lavaca,48285,low (<3000 R),0,18238,971,low (0.5-2 psi),1,B433,B-158
Texas,Lee,48287,low (<3000 R),0,14220,631,no (<0.5 psi),0,B433,B-158
Texas,Leon,48289,low (<3000 R),0,11710,1078,no (<0.5 psi),0,B433,B-158
Texas,Liberty,48291,low (<3000 R),0,55859,1174,low (0.5-2 psi),1,B434,B-159
Texas,Limestone,48293,low (<3000 R),0,21699,931,no (<0.5 psi),0,B434,B-159
Texas,Lipscomb,48295,medium (3000-6000 R),1,4310,933,no (<0.5 psi),0,B434,B-159
Texas,Live Oak,48297,low (<3000 R),0,9872,1057,very high (>=10 psi),4,B434,B-159
Texas,Llano,48299,low (<3000 R),0,12072,939,medium (2-5 psi),2,B434,B-159
Texas,Loving,48301,low (<3000 R),0,75,671,no (<0.5 psi),0,B434,B-159
Texas,Lubbock,48303,low (<3000 R),0,220637,900,very high (>=10 psi),4,B434,B-159
Texas,Lynn,48305,low (<3000 R),0,7834,888,low (0.5-2 psi),1,B434,B-159
Texas,McCulloch,48307,low (<3000 R),0,8849,1071,no (<0.5 psi),0,B434,B-159
Texas,McLennan,48309,low (<3000 R),0,184912,1031,very high (>=10 psi),4,B434,B-159
Texas,McMullen,48311,low (<3000 R),0,934,1163,medium (2-5 psi),2,B434,B-159
Texas,Madison,48313,low (<3000 R),0,12236,473,no (<0.5 psi),0,B434,B-159
Texas,Marion,48315,medium (3000-6000 R),1,10734,385,medium (2-5 psi),2,B434,B-159
Texas,Martin,48317,low (<3000 R),0,5451,914,no (<0.5 psi),0,B434,B-159
Texas,Mason,48319,low (<3000 R),0,3526,934,no (<0.5 psi),0,B434,B-159
Texas,Matagorda,48321,low (<3000 R),0,37618,1127,medium (2-5 psi),2,B434,B-159
Texas,Maverick,48323,low (<3000 R),0,36420,1287,low (0.5-2 psi),1,B434,B-159
Texas,Medina,48325,low (<3000 R),0,25049,1331,low (0.5-2 psi),1,B434,B-159
Texas,Menard,48327,low (<3000 R),0,2408,902,no (<0.5 psi),0,B434,B-159
Texas,Midland,48329,low (<3000 R),0,121309,902,medium (2-5 psi),2,B434,B-159
Texas,Milam,48331,low (<3000 R),0,23556,1019,medium (2-5 psi),2,B434,B-159
Texas,Mills,48333,low (<3000 R),0,4590,748,no (<0.5 psi),0,B434,B-159
Texas,Mitchell,48335,low (<3000 R),0,9286,912,no (<0.5 psi),0,B434,B-159
Texas,Montague,48337,medium (3000-6000 R),1,18758,928,no (<0.5 psi),0,B434,B-159
Texas,Montgomery,48339,low (<3000 R),0,168161,1047,medium (2-5 psi),2,B434,B-159
Texas,Moore,48341,medium (3000-6000 R),1,17728,905,low (0.5-2 psi),1,B434,B-159
Texas,Morris,48343,medium (3000-6000 R),1,15523,256,very high (>=10 psi),4,B434,B-159
Texas,Motley,48345,low (<3000 R),0,1820,959,no (<0.5 psi),0,B434,B-159
Texas,Nacogdoches,48347,low (<3000 R),0,51584,939,no (<0.5 psi),0,B434,B-159
Texas,Navarro,48349,low (<3000 R),0,39336,1068,no (<0.5 psi),0,B434,B-159
Texas,Newton,48351,low (<3000 R),0,13436,935,low (0.5-2 psi),1,B435,B-160
Texas,Nolan,48353,low (<3000 R),0,18011,915,low (0.5-2 psi),1,B435,B-160
Texas,Nueces,48355,low (<3000 R),0,305867,847,very high (>=10 psi),4,B435,B-160
Texas,Ochiltree,48357,medium (3000-6000 R),1,11484,919,no (<0.5 psi),0,B435,B-160
Texas,Oldham,48359,low (<3000 R),0,2436,1485,low (0.5-2 psi),1,B435,B-160
Texas,Orange,48361,low (<3000 R),0,91432,362,very high (>=10 psi),4,B435,B-160
Texas,Palo Pinto,48363,low (<3000 R),0,26766,949,low (0.5-2 psi),1,B435,B-160
Texas,Panola,48365,medium (3000-6000 R),1,23148,812,very high (>=10 psi),4,B435,B-160
Texas,Parker,48367,low (<3000 R),0,54135,902,low (0.5-2 psi),1,B435,B-160
Texas,Parmer,48369,low (<3000 R),0,10776,885,low (0.5-2 psi),1,B435,B-160
Texas,Pecos,48371,low (<3000 R),0,17658,4776,no (<0.5 psi),0,B435,B-160
Texas,Polk,48373,low (<3000 R),0,30680,1061,no (<0.5 psi),0,B435,B-160
Texas,Potter,48375,medium (3000-6000 R),1,108666,902,very high (>=10 psi),4,B435,B-160
Texas,Presidio,48377,low (<3000 R),0,5405,3857,no (<0.5 psi),0,B435,B-160
Texas,Rains,48379,medium (3000-6000 R),1,5979,243,low (0.5-2 psi),1,B435,B-160
Texas,Randall,48381,medium (3000-6000 R),1,85692,917,medium (2-5 psi),2,B435,B-160
Texas,Reagan,48383,low (<3000 R),0,5065,1173,no (<0.5 psi),0,B435,B-160
Texas,Real,48385,low (<3000 R),0,2784,697,no (<0.5 psi),0,B435,B-160
Texas,Red River,48387,high (6000-15000 R),2,15696,1054,no (<0.5 psi),0,B435,B-160
Texas,Reeves,48389,low (<3000 R),0,15924,2626,no (<0.5 psi),0,B435,B-160
Texas,Refugio,48391,low (<3000 R),0,9225,771,low (0.5-2 psi),1,B435,B-160
Texas,Roberts,48393,medium (3000-6000 R),1,1062,915,no (<0.5 psi),0,B435,B-160
Texas,Robertson,48395,low (<3000 R),0,16266,864,very high (>=10 psi),4,B435,B-160
Texas,Rockwall,48397,medium (3000-6000 R),1,20181,128,low (0.5-2 psi),1,B435,B-160
Texas,Runnels,48399,low (<3000 R),0,12504,1056,low (0.5-2 psi),1,B435,B-160
Texas,Rusk,48401,medium (3000-6000 R),1,44629,932,very high (>=10 psi),4,B435,B-160
Texas,Sabine,48403,low (<3000 R),0,9975,486,no (<0.5 psi),0,B435,B-160
Texas,San Augustine,48405,low (<3000 R),0,8887,524,no (<0.5 psi),0,B435,B-160
Texas,San Jacinto,48407,low (<3000 R),0,14075,572,no (<0.5 psi),0,B435,B-160
Texas,San Patricio,48409,low (<3000 R),0,64171,693,very high (>=10 psi),4,B435,B-160
Texas,San Saba,48411,low (<3000 R),0,6003,1136,no (<0.5 psi),0,B436,B-161
Texas,Schleicher,48413,low (<3000 R),0,3314,1309,no (<0.5 psi),0,B436,B-161
Texas,Scurry,48415,low (<3000 R),0,20589,900,no (<0.5 psi),0,B436,B-161
Texas,Shackelford,48417,medium (3000-6000 R),1,4096,915,no (<0.5 psi),0,B436,B-161
Texas,Shelby,48419,medium (3000-6000 R),1,24040,791,no (<0.5 psi),0,B436,B-161
Texas,Sherman,48421,medium (3000-6000 R),1,3235,923,no (<0.5 psi),0,B436,B-161
Texas,Smith,48423,medium (3000-6000 R),1,148646,932,very high (>=10 psi),4,B436,B-161
Texas,Somervell,48425,low (<3000 R),0,4528,188,no (<0.5 psi),0,B436,B-161
Texas,Starr,48427,low (<3000 R),0,33795,1226,no (<0.5 psi),0,B436,B-161
Texas,Stephens,48429,low (<3000 R),0,10829,894,low (0.5-2 psi),1,B436,B-161
Texas,Sterling,48431,low (<3000 R),0,1641,923,no (<0.5 psi),0,B436,B-161
Texas,Stonewall,48433,low (<3000 R),0,2466,925,no (<0.5 psi),0,B436,B-161
Texas,Sutton,48435,low (<3000 R),0,5948,1455,no (<0.5 psi),0,B436,B-161
Texas,Swisher,48437,low (<3000 R),0,8860,902,no (<0.5 psi),0,B436,B-161
Texas,Tarrant,48439,low (<3000 R),0,1047540,868,very high (>=10 psi),4,B436,B-161
Texas,Taylor,48441,medium (3000-6000 R),1,126136,917,very high (>=10 psi),4,B436,B-161
Texas,Terrell,48443,low (<3000 R),0,1465,2357,no (<0.5 psi),0,B436,B-161
Texas,Terry,48445,low (<3000 R),0,15475,886,no (<0.5 psi),0,B436,B-161
Texas,Throckmorton,48447,low (<3000 R),0,2384,912,no (<0.5 psi),0,B436,B-161
Texas,Titus,48449,medium (3000-6000 R),1,23389,412,very high (>=10 psi),4,B436,B-161
Texas,Tom Green,48451,low (<3000 R),0,98791,1515,very high (>=10 psi),4,B436,B-161
Texas,Travis,48453,medium (3000-6000 R),1,518971,989,very high (>=10 psi),4,B436,B-161
Texas,Trinity,48455,low (<3000 R),0,11631,692,no (<0.5 psi),0,B436,B-161
Texas,Tyler,48457,low (<3000 R),0,18854,922,no (<0.5 psi),0,B436,B-161
Texas,Upshur,48459,medium (3000-6000 R),1,33233,587,low (0.5-2 psi),1,B436,B-161
Texas,Upton,48461,low (<3000 R),0,5783,1243,low (0.5-2 psi),1,B436,B-161
Texas,Uvalde,48463,low (<3000 R),0,24016,1564,low (0.5-2 psi),1,B436,B-161
Texas,Val Verde,48465,medium (3000-6000 R),1,41253,3150,very high (>=10 psi),4,B436,B-161
Texas,Van Zandt,48467,low (<3000 R),0,37028,855,low (0.5-2 psi),1,B436,B-161
Texas,Victoria,48469,low (<3000 R),0,75901,887,low (0.5-2 psi),1,B436,B-161
Texas,Walker,48471,low (<3000 R),0,52221,786,no (<0.5 psi),0,B437,B-162
Texas,Waller,48473,low (<3000 R),0,24262,514,no (<0.5 psi),0,B437,B-162
Texas,Ward,48475,low (<3000 R),0,16495,836,no (<0.5 psi),0,B437,B-162
Texas,Washington,48477,low (<3000 R),0,25426,610,no (<0.5 psi),0,B437,B-162
Texas,Webb,48479,low (<3000 R),0,122888,3363,no (<0.5 psi),0,B437,B-162
Texas,Wharton,48481,low (<3000 R),0,41409,1086,low (0.5-2 psi),1,B437,B-162
Texas,Wheeler,48483,medium (3000-6000 R),1,8502,905,no (<0.5 psi),0,B437,B-162
Texas,Witchita,48485,medium (3000-6000 R),1,127426,606,very high (>=10 psi),4,B437,B-162
Texas,Wilbarger,48487,medium (3000-6000 R),1,16904,947,no (<0.5 psi),0,B437,B-162
Texas,Willacy,48489,low (<3000 R),0,18857,589,low (0.5-2 psi),1,B437,B-162
Texas,Williamson,48491,medium (3000-6000 R),1,101812,1137,low (0.5-2 psi),1,B437,B-162
Texas,Wilson,48493,low (<3000 R),0,18710,807,medium (2-5 psi),2,B437,B-162
Texas,Winkler,48495,low (<3000 R),0,11236,840,no (<0.5 psi),0,B437,B-162
Texas,Wise,48497,low (<3000 R),0,31679,902,very high (>=10 psi),4,B437,B-162
Texas,Wood,48499,medium (3000-6000 R),1,27986,689,very high (>=10 psi),4,B437,B-162
Texas,Yoakum,48501,low (<3000 R),0,9654,800,no (<0.5 psi),0,B437,B-162
Texas,Young,48503,low (<3000 R),0,20063,919,very high (>=10 psi),4,B437,B-162
Texas,Zapata,48505,low (<3000 R),0,8344,999,no (<0.5 psi),0,B437,B-162
Texas,Zavala,48507,low (<3000 R),0,12247,1289,medium (2-5 psi),2,B437,B-162
Iowa,Adair,19001,high (6000-15000 R),2,9171,569,no (<0.5 psi),0,B440,B-166
Iowa,Adams,19003,high (6000-15000 R),2,5535,425,no (<0.5 psi),0,B440,B-166
Iowa,Allamakee,19005,high (6000-15000 R),2,15188,633,no (<0.5 psi),0,B440,B-166
Iowa,Appanoose,19007,high (6000-15000 R),2,14710,498,no (<0.5 psi),0,B440,B-166
Iowa,Audobon,19009,high (6000-15000 R),2,8169,444,no (<0.5 psi),0,B440,B-166
Iowa,Benton,19011,high (6000-15000 R),2,22898,719,low (0.5-2 psi),1,B440,B-166
Iowa,Black Hawk,19013,high (6000-15000 R),2,136865,573,no (<0.5 psi),0,B440,B-166
Iowa,Boone,19015,high (6000-15000 R),2,25946,573,no (<0.5 psi),0,B440,B-166
Iowa,Bremer,19017,high (6000-15000 R),2,24669,439,no (<0.5 psi),0,B440,B-166
Iowa,Buchanan,19019,high (6000-15000 R),2,22900,572,no (<0.5 psi),0,B440,B-166
Iowa,Buena Vista,19021,high (6000-15000 R),2,21016,575,no (<0.5 psi),0,B440,B-166
Iowa,Butler,19023,high (6000-15000 R),2,17310,582,no (<0.5 psi),0,B440,B-166
Iowa,Calhoun,19025,high (6000-15000 R),2,12866,571,no (<0.5 psi),0,B440,B-166
Iowa,Carroll,19027,high (6000-15000 R),2,22915,570,no (<0.5 psi),0,B440,B-166
Iowa,Cass,19029,high (6000-15000 R),2,17077,565,no (<0.5 psi),0,B440,B-166
Iowa,Cedar,19031,high (6000-15000 R),2,18790,582,no (<0.5 psi),0,B440,B-166
Iowa,Cerro Goprdo,19033,high (6000-15000 R),2,48580,569,no (<0.5 psi),0,B440,B-166
Iowa,Cherokee,19035,high (6000-15000 R),2,15621,577,no (<0.5 psi),0,B440,B-166
Iowa,Chickasaw,19037,high (6000-15000 R),2,15018,505,no (<0.5 psi),0,B440,B-166
Iowa,Clarke,19039,high (6000-15000 R),2,8787,431,no (<0.5 psi),0,B440,B-166
Iowa,Clay,19041,high (6000-15000 R),2,19165,569,no (<0.5 psi),0,B440,B-166
Iowa,Clayton,19043,high (6000-15000 R),2,21245,778,no (<0.5 psi),0,B440,B-166
Iowa,Clinton,19045,high (6000-15000 R),2,55532,695,very high (>=10 psi),4,B440,B-166
Iowa,Crawford,19047,high (6000-15000 R),2,19448,714,no (<0.5 psi),0,B440,B-166
Iowa,Dallas,19049,high (6000-15000 R),2,29750,591,low (0.5-2 psi),1,B440,B-166
Iowa,Davis,19051,high (6000-15000 R),2,9276,504,no (<0.5 psi),0,B441,B-167
Iowa,Decatur,19053,high (6000-15000 R),2,9232,535,no (<0.5 psi),0,B441,B-167
Iowa,Delaware,19055,high (6000-15000 R),2,19169,578,no (<0.5 psi),0,B441,B-167
Iowa,Des Moines,19057,high (6000-15000 R),2,44964,414,very high (>=10 psi),4,B441,B-167
Iowa,Dickinson,19059,high (6000-15000 R),2,15710,381,no (<0.5 psi),0,B441,B-167
Iowa,Dubuque,19061,high (6000-15000 R),2,91209,607,no (<0.5 psi),0,B441,B-167
Iowa,Emmet,19063,high (6000-15000 R),2,12838,394,no (<0.5 psi),0,B441,B-167
Iowa,Fayette,19065,high (6000-15000 R),2,24668,731,no (<0.5 psi),0,B441,B-167
Iowa,Floyd,19067,high (6000-15000 R),2,18980,502,no (<0.5 psi),0,B441,B-167
Iowa,Franklin,19069,high (6000-15000 R),2,12521,583,no (<0.5 psi),0,B441,B-167
Iowa,Fremont,19071,high (6000-15000 R),2,9238,515,low (0.5-2 psi),1,B441,B-167
Iowa,Greene,19073,high (6000-15000 R),2,11579,571,no (<0.5 psi),0,B441,B-167
Iowa,Grundy,19075,high (6000-15000 R),2,13743,501,no (<0.5 psi),0,B441,B-167
Iowa,Guthrie,19077,high (6000-15000 R),2,11507,590,no (<0.5 psi),0,B441,B-167
Iowa,Hamilton,19079,high (6000-15000 R),2,17290,576,no (<0.5 psi),0,B441,B-167
Iowa,Hancock,19081,high (6000-15000 R),2,13559,571,no (<0.5 psi),0,B441,B-167
Iowa,Hardin,19083,high (6000-15000 R),2,21564,569,no (<0.5 psi),0,B441,B-167
Iowa,Harrison,19085,high (6000-15000 R),2,15855,698,low (0.5-2 psi),1,B441,B-167
Iowa,Henry,19087,high (6000-15000 R),2,18755,436,low (0.5-2 psi),1,B441,B-167
Iowa,Howard,19089,high (6000-15000 R),2,10877,473,no (<0.5 psi),0,B441,B-167
Iowa,Humboldt,19091,high (6000-15000 R),2,11972,437,no (<0.5 psi),0,B441,B-167
Iowa,Ida,19093,high (6000-15000 R),2,8852,432,no (<0.5 psi),0,B441,B-167
Iowa,Iowa,19095,high (6000-15000 R),2,15135,587,low (0.5-2 psi),1,B441,B-167
Iowa,Jackson,19097,high (6000-15000 R),2,22405,638,very high (>=10 psi),4,B441,B-167
Iowa,Jasper,19099,high (6000-15000 R),2,36039,731,no (<0.5 psi),0,B441,B-167
Iowa,Jefferson,19101,high (6000-15000 R),2,16445,440,no (<0.5 psi),0,B441,B-167
Iowa,Johnson,19103,high (6000-15000 R),2,85664,614,low (0.5-2 psi),1,B441,B-167
Iowa,Jones,19105,high (6000-15000 R),2,20530,576,no (<0.5 psi),0,B441,B-167
Iowa,Keokuk,19107,high (6000-15000 R),2,12511,580,no (<0.5 psi),0,B441,B-167
Iowa,Kossuth,19109,high (6000-15000 R),2,21303,974,no (<0.5 psi),0,B441,B-167
Iowa,Lee,19111,high (6000-15000 R),2,42782,522,very high (>=10 psi),4,B442,B-168
Iowa,Linn,19113,high (6000-15000 R),2,169437,724,very high (>=10 psi),4,B442,B-168
Iowa,Louisa,19115,high (6000-15000 R),2,12205,402,low (0.5-2 psi),1,B442,B-168
Iowa,Lucas,19117,high (6000-15000 R),2,10127,432,no (<0.5 psi),0,B442,B-168
Iowa,Lyon,19119,high (6000-15000 R),2,12755,588,low (0.5-2 psi),1,B442,B-168
Iowa,Madison,19121,high (6000-15000 R),2,12297,563,low (0.5-2 psi),1,B442,B-168
Iowa,Mahaska,19123,high (6000-15000 R),2,23124,571,no (<0.5 psi),0,B442,B-168
Iowa,Marion,19125,high (6000-15000 R),2,30300,560,no (<0.5 psi),0,B442,B-168
Iowa,Marshall,19127,high (6000-15000 R),2,41544,573,no (<0.5 psi),0,B442,B-168
Iowa,Mills,19129,high (6000-15000 R),2,13842,439,very high (>=10 psi),4,B442,B-168
Iowa,Mitchell,19131,high (6000-15000 R),2,11817,469,no (<0.5 psi),0,B442,B-168
Iowa,Monona,19133,high (6000-15000 R),2,11292,697,low (0.5-2 psi),1,B442,B-168
Iowa,Monroe,19135,high (6000-15000 R),2,8779,434,no (<0.5 psi),0,B442,B-168
Iowa,Montgomery,19137,high (6000-15000 R),2,13273,424,no (<0.5 psi),0,B442,B-168
Iowa,Muscatine,19139,high (6000-15000 R),2,42285,442,low (0.5-2 psi),1,B442,B-168
Iowa,OBrien,19141,high (6000-15000 R),2,16817,572,no (<0.5 psi),0,B442,B-168
Iowa,Osceola,19143,high (6000-15000 R),2,8173,398,no (<0.5 psi),0,B442,B-168
Iowa,Page,19145,high (6000-15000 R),2,18930,535,no (<0.5 psi),0,B442,B-168
Iowa,Palo Alto,19147,high (6000-15000 R),2,12148,562,no (<0.5 psi),0,B442,B-168
Iowa,Plymouth,19149,high (6000-15000 R),2,24479,864,low (0.5-2 psi),1,B442,B-168
Iowa,Pocahontas,19151,high (6000-15000 R),2,10841,577,no (<0.5 psi),0,B442,B-168
Iowa,Polk,19153,high (6000-15000 R),2,313620,582,very high (>=10 psi),4,B442,B-168
Iowa,Pottawattamie,19155,high (6000-15000 R),2,88306,953,medium (2-5 psi),2,B442,B-168
Iowa,Poweshiek,19157,high (6000-15000 R),2,18716,585,no (<0.5 psi),0,B442,B-168
Iowa,Ringgold,19159,high (6000-15000 R),2,5797,536,no (<0.5 psi),0,B442,B-168
Iowa,Sac,19161,high (6000-15000 R),2,13394,576,no (<0.5 psi),0,B442,B-168
Iowa,Scott,19163,high (6000-15000 R),2,161427,459,very high (>=10 psi),4,B442,B-168
Iowa,Shelby,19165,high (6000-15000 R),2,14675,591,no (<0.5 psi),0,B442,B-168
Iowa,Sioux,19167,high (6000-15000 R),2,31399,769,no (<0.5 psi),0,B442,B-168
Iowa,Story,19169,high (6000-15000 R),2,73036,574,no (<0.5 psi),0,B442,B-168
Iowa,Tama,19171,high (6000-15000 R),2,18964,722,no (<0.5 psi),0,B443,B-169
Iowa,Taylor,19173,high (6000-15000 R),2,8297,537,no (<0.5 psi),0,B443,B-169
Iowa,Union,19175,high (6000-15000 R),2,13855,426,no (<0.5 psi),0,B443,B-169
Iowa,Van Buren,19177,high (6000-15000 R),2,8281,484,low (0.5-2 psi),1,B443,B-169
Iowa,Wapello,19179,high (6000-15000 R),2,39386,434,no (<0.5 psi),0,B443,B-169
Iowa,Warren,19181,high (6000-15000 R),2,35956,573,very high (>=10 psi),4,B443,B-169
Iowa,Washington,19183,high (6000-15000 R),2,20041,570,no (<0.5 psi),0,B443,B-169
Iowa,Wayne,19185,high (6000-15000 R),2,7837,527,no (<0.5 psi),0,B443,B-169
Iowa,Webster,19187,high (6000-15000 R),2,43236,718,no (<0.5 psi),0,B443,B-169
Iowa,Winnebago,19189,high (6000-15000 R),2,12850,401,no (<0.5 psi),0,B443,B-169
Iowa,Winneshiek,19191,high (6000-15000 R),2,22264,690,no (<0.5 psi),0,B443,B-169
Iowa,Woodbury,19193,high (6000-15000 R),2,101027,873,very high (>=10 psi),4,B443,B-169
Iowa,Worth,19195,high (6000-15000 R),2,8906,401,no (<0.5 psi),0,B443,B-169
Iowa,Wright,19197,high (6000-15000 R),2,15861,578,no (<0.5 psi),0,B443,B-169
Kansas,Allen,20001,high (6000-15000 R),2,16160,505,high (5-10 psi),3,B445,B-172
Kansas,Anderson,20003,high (6000-15000 R),2,8867,583,no (<0.5 psi),0,B445,B-172
Kansas,Atchison,20005,high (6000-15000 R),2,17964,431,low (0.5-2 psi),1,B445,B-172
Kansas,Barber,20007,high (6000-15000 R),2,7351,1136,no (<0.5 psi),0,B445,B-172
Kansas,Barton,20009,very high (>15000 R),3,33523,895,no (<0.5 psi),0,B445,B-172
Kansas,Bourbon,20011,high (6000-15000 R),2,15817,638,no (<0.5 psi),0,B445,B-172
Kansas,Brown,20013,high (6000-15000 R),2,11663,571,very high (>=10 psi),4,B445,B-172
Kansas,Butler,20015,very high (>15000 R),3,47629,1443,very high (>=10 psi),4,B445,B-172
Kansas,Chase,20017,very high (>15000 R),3,3324,777,no (<0.5 psi),0,B445,B-172
Kansas,Chautauqua,20019,very high (>15000 R),3,4937,644,no (<0.5 psi),0,B445,B-172
Kansas,Cherokee,20021,high (6000-15000 R),2,22307,590,low (0.5-2 psi),1,B445,B-172
Kansas,Cheyenne,20023,very high (>15000 R),3,3687,1021,no (<0.5 psi),0,B445,B-172
Kansas,Clark,20025,medium (3000-6000 R),1,2726,976,no (<0.5 psi),0,B445,B-172
Kansas,Clay,20027,high (6000-15000 R),2,9546,632,low (0.5-2 psi),1,B445,B-172
Kansas,Cloud,20029,high (6000-15000 R),2,12024,718,no (<0.5 psi),0,B445,B-172
Kansas,Coffey,20031,high (6000-15000 R),2,10139,615,no (<0.5 psi),0,B445,B-172
Kansas,Comanche,20033,high (6000-15000 R),2,2592,790,no (<0.5 psi),0,B445,B-172
Kansas,Cowley,20035,very high (>15000 R),3,37379,1128,very high (>=10 psi),4,B445,B-172
Kansas,Crawford,20037,high (6000-15000 R),2,38049,595,low (0.5-2 psi),1,B445,B-172
Kansas,Decatur,20039,very high (>15000 R),3,4658,894,no (<0.5 psi),0,B445,B-172
Kansas,Dickinson,20041,very high (>15000 R),3,19972,852,low (0.5-2 psi),1,B445,B-172
Kansas,Doniphan,20043,high (6000-15000 R),2,9005,388,high (5-10 psi),3,B445,B-172
Kansas,Douglas,20045,high (6000-15000 R),2,70265,461,low (0.5-2 psi),1,B445,B-172
Kansas,Edwards,20047,high (6000-15000 R),2,4107,620,no (<0.5 psi),0,B445,B-172
Kansas,Elk,20049,very high (>15000 R),3,3635,650,no (<0.5 psi),0,B445,B-172
Kansas,Ellis,20051,very high (>15000 R),3,29004,900,no (<0.5 psi),0,B446,B-173
Kansas,Ellsworth,20053,very high (>15000 R),3,6362,717,low (0.5-2 psi),1,B446,B-173
Kansas,Finney,20055,high (6000-15000 R),2,30041,1302,no (<0.5 psi),0,B446,B-173
Kansas,Ford,20057,medium (3000-6000 R),1,26636,1099,no (<0.5 psi),0,B446,B-173
Kansas,Franklin,20059,high (6000-15000 R),2,22337,577,low (0.5-2 psi),1,B446,B-173
Kansas,Geary,20061,very high (>15000 R),3,29329,377,very high (>=10 psi),4,B446,B-173
Kansas,Gove,20063,very high (>15000 R),3,3688,1072,no (<0.5 psi),0,B446,B-173
Kansas,Graham,20065,very high (>15000 R),3,4256,898,no (<0.5 psi),0,B446,B-173
Kansas,Grant,20067,medium (3000-6000 R),1,6782,575,no (<0.5 psi),0,B446,B-173
Kansas,Gray,20069,medium (3000-6000 R),1,5373,868,no (<0.5 psi),0,B446,B-173
Kansas,Greeley,20071,medium (3000-6000 R),1,1917,778,high (5-10 psi),3,B446,B-173
Kansas,Greenwood,20073,very high (>15000 R),3,8732,1135,no (<0.5 psi),0,B446,B-173
Kansas,Hamilton,20075,medium (3000-6000 R),1,2499,998,low (0.5-2 psi),1,B446,B-173
Kansas,Harper,20077,very high (>15000 R),3,7767,802,no (<0.5 psi),0,B446,B-173
Kansas,Harvey,20079,very high (>15000 R),3,31144,541,low (0.5-2 psi),1,B446,B-173
Kansas,Haskell,20081,medium (3000-6000 R),1,3876,578,no (<0.5 psi),0,B446,B-173
Kansas,Hodgeman,20083,high (6000-15000 R),2,2265,860,no (<0.5 psi),0,B446,B-173
Kansas,Jackson,20085,high (6000-15000 R),2,11502,658,low (0.5-2 psi),1,B446,B-173
Kansas,Jefferson,20087,high (6000-15000 R),2,16072,536,medium (2-5 psi),2,B446,B-173
Kansas,Jewell,20089,high (6000-15000 R),2,4396,916,low (0.5-2 psi),1,B446,B-173
Kansas,Johnson,20091,high (6000-15000 R),2,302948,478,high (5-10 psi),3,B446,B-173
Kansas,Kearny,20093,medium (3000-6000 R),1,3901,868,low (0.5-2 psi),1,B446,B-173
Kansas,Kingman,20095,very high (>15000 R),3,9141,866,no (<0.5 psi),0,B446,B-173
Kansas,Kiowa,20097,high (6000-15000 R),2,4011,723,no (<0.5 psi),0,B446,B-173
Kansas,Labette,20099,very high (>15000 R),3,25690,653,very high (>=10 psi),4,B446,B-173
Kansas,Lane,20101,high (6000-15000 R),2,2560,717,no (<0.5 psi),0,B446,B-173
Kansas,Leavenworth,20103,high (6000-15000 R),2,58999,463,very high (>=10 psi),4,B446,B-173
Kansas,Lincoln,20105,very high (>15000 R),3,3771,720,no (<0.5 psi),0,B446,B-173
Kansas,Linn,20107,high (6000-15000 R),2,8342,601,low (0.5-2 psi),1,B446,B-173
Kansas,Logan,20109,high (6000-15000 R),2,3458,1073,low (0.5-2 psi),1,B446,B-173
Kansas,Lyon,20111,very high (>15000 R),3,38382,844,no (<0.5 psi),0,B447,B-174
Kansas,McPherson,20113,very high (>15000 R),3,27785,900,very high (>=10 psi),4,B447,B-174
Kansas,Marion,20115,very high (>15000 R),3,13316,944,no (<0.5 psi),0,B447,B-174
Kansas,Marshall,20117,high (6000-15000 R),2,13157,878,no (<0.5 psi),0,B447,B-174
Kansas,Meade,20119,medium (3000-6000 R),1,4652,979,no (<0.5 psi),0,B447,B-174
Kansas,Miami,20121,high (6000-15000 R),2,22370,590,low (0.5-2 psi),1,B447,B-174
Kansas,Mitchell,20123,very high (>15000 R),3,7879,717,no (<0.5 psi),0,B447,B-174
Kansas,Montgomery,20125,very high (>15000 R),3,42372,646,very high (>=10 psi),4,B447,B-174
Kansas,Morris,20127,very high (>15000 R),3,6294,693,low (0.5-2 psi),1,B447,B-174
Kansas,Morton,20129,medium (3000-6000 R),1,3551,731,no (<0.5 psi),0,B447,B-174
Kansas,Nemaha,20131,high (6000-15000 R),2,11148,719,low (0.5-2 psi),1,B447,B-174
Kansas,Neosho,20133,very high (>15000 R),3,19665,576,very high (>=10 psi),4,B447,B-174
Kansas,Ness,20135,high (6000-15000 R),2,4719,1075,no (<0.5 psi),0,B447,B-174
Kansas,Norton,20137,very high (>15000 R),3,6530,873,low (0.5-2 psi),1,B447,B-174
Kansas,Osage,20139,high (6000-15000 R),2,16345,695,medium (2-5 psi),2,B447,B-174
Kansas,Osborne,20141,very high (>15000 R),3,5677,882,no (<0.5 psi),0,B447,B-174
Kansas,Ottawa,20143,very high (>15000 R),3,5823,721,low (0.5-2 psi),1,B447,B-174
Kansas,Pawnee,20145,high (6000-15000 R),2,8369,755,no (<0.5 psi),0,B447,B-174
Kansas,Phillips,20147,very high (>15000 R),3,7276,887,very high (>=10 psi),4,B447,B-174
Kansas,Pottawatomie,20149,high (6000-15000 R),2,15954,828,very high (>=10 psi),4,B447,B-174
Kansas,Pratt,20151,high (6000-15000 R),2,11255,735,no (<0.5 psi),0,B447,B-174
Kansas,Rawlins,20153,very high (>15000 R),3,3990,1069,no (<0.5 psi),0,B447,B-174
Kansas,Reno,20155,very high (>15000 R),3,64889,1259,very high (>=10 psi),4,B447,B-174
Kansas,Republic,20157,high (6000-15000 R),2,7034,719,no (<0.5 psi),0,B447,B-174
Kansas,Rice,20159,very high (>15000 R),3,11669,728,low (0.5-2 psi),1,B447,B-174
Kansas,Riley,20161,high (6000-15000 R),2,63181,593,very high (>=10 psi),4,B447,B-174
Kansas,Rooks,20163,very high (>15000 R),3,6958,888,low (0.5-2 psi),1,B447,B-174
Kansas,Rush,20165,very high (>15000 R),3,4427,718,no (<0.5 psi),0,B447,B-174
Kansas,Russell,20167,very high (>15000 R),3,9344,869,no (<0.5 psi),0,B447,B-174
Kansas,Saline,20169,very high (>15000 R),3,50557,721,very high (>=10 psi),4,B447,B-174
Kansas,Scott,20171,high (6000-15000 R),2,5905,717,no (<0.5 psi),0,B448,B-175
Kansas,Sedgwick,20173,very high (>15000 R),3,385098,1007,very high (>=10 psi),4,B448,B-175
Kansas,Seward,20175,medium (3000-6000 R),1,18408,640,very high (>=10 psi),4,B448,B-175
Kansas,Shawnee,20177,high (6000-15000 R),2,160006,549,very high (>=10 psi),4,B448,B-175
Kansas,Sheridan,20179,very high (>15000 R),3,3435,896,no (<0.5 psi),0,B448,B-175
Kansas,Sherman,20181,very high (>15000 R),3,7425,1057,no (<0.5 psi),0,B448,B-175
Kansas,Smith,20183,very high (>15000 R),3,5576,897,no (<0.5 psi),0,B448,B-175
Kansas,Stafford,20185,high (6000-15000 R),2,5886,788,no (<0.5 psi),0,B448,B-175
Kansas,Stanton,20187,medium (3000-6000 R),1,2451,681,no (<0.5 psi),0,B448,B-175
Kansas,Stevens,20189,medium (3000-6000 R),1,4863,727,low (0.5-2 psi),1,B448,B-175
Kansas,Sumner,20191,very high (>15000 R),3,25457,1184,medium (2-5 psi),2,B448,B-175
Kansas,Thomas,20193,very high (>15000 R),3,9160,1075,low (0.5-2 psi),1,B448,B-175
Kansas,Trego,20195,very high (>15000 R),3,4428,890,low (0.5-2 psi),1,B448,B-175
Kansas,Wabaunsee,20197,high (6000-15000 R),2,6775,797,high (5-10 psi),3,B448,B-175
Kansas,Wallace,20199,high (6000-15000 R),2,2075,914,low (0.5-2 psi),1,B448,B-175
Kansas,Washington,20201,high (6000-15000 R),2,7890,898,no (<0.5 psi),0,B448,B-175
Kansas,Wichita,20203,high (6000-15000 R),2,2684,719,very high (>=10 psi),4,B448,B-175
Kansas,Wilson,20205,very high (>15000 R),3,11722,575,medium (2-5 psi),2,B448,B-175
Kansas,Woodson,20207,very high (>15000 R),3,4657,498,medium (2-5 psi),2,B448,B-175
Kansas,Wyandotte,20209,high (6000-15000 R),2,172339,149,very high (>=10 psi),4,B448,B-175
Missouri,Adair,29001,high (6000-15000 R),2,25447,567,no (<0.5 psi),0,B450,B-178
Missouri,Andrew,29003,high (6000-15000 R),2,15285,436,medium (2-5 psi),2,B450,B-178
Missouri,Atchison,29005,high (6000-15000 R),2,8640,542,no (<0.5 psi),0,B450,B-178
Missouri,Audrain,29007,very high (>15000 R),3,25774,697,no (<0.5 psi),0,B450,B-178
Missouri,Barry,29009,high (6000-15000 R),2,26082,773,no (<0.5 psi),0,B450,B-178
Missouri,Barton,29011,high (6000-15000 R),2,11620,597,low (0.5-2 psi),1,B450,B-178
Missouri,Bates,29013,very high (>15000 R),3,15991,849,very high (>=10 psi),4,B450,B-178
Missouri,Benton,29015,very high (>15000 R),3,12507,729,very high (>=10 psi),4,B450,B-178
Missouri,Bollinger,29017,high (6000-15000 R),2,10414,621,no (<0.5 psi),0,B450,B-178
Missouri,Boone,29019,very high (>15000 R),3,107479,687,medium (2-5 psi),2,B450,B-178
Missouri,Buchanan,29021,high (6000-15000 R),2,86001,409,very high (>=10 psi),4,B450,B-178
Missouri,Butler,29023,very high (>15000 R),3,38514,698,no (<0.5 psi),0,B450,B-178
Missouri,Caldwell,29025,high (6000-15000 R),2,8099,431,no (<0.5 psi),0,B450,B-178
Missouri,Callaway,29027,very high (>15000 R),3,33202,542,very high (>=10 psi),4,B450,B-178
Missouri,Camden,29029,very high (>15000 R),3,23226,641,low (0.5-2 psi),1,B450,B-178
Missouri,Cape Girardeau,29031,high (6000-15000 R),2,60804,577,no (<0.5 psi),0,B450,B-178
Missouri,Carroll,29033,high (6000-15000 R),2,11543,695,low (0.5-2 psi),1,B450,B-178
Missouri,Carter,29035,very high (>15000 R),3,5705,509,no (<0.5 psi),0,B450,B-178
Missouri,Cass,29037,very high (>15000 R),3,55154,702,very high (>=10 psi),4,B450,B-178
Missouri,Cedar,29039,very high (>15000 R),3,12412,471,very high (>=10 psi),4,B450,B-178
Missouri,Chariton,29041,high (6000-15000 R),2,10258,758,no (<0.5 psi),0,B450,B-178
Missouri,Christian,29043,very high (>15000 R),3,24655,564,low (0.5-2 psi),1,B450,B-178
Missouri,Clark,29045,high (6000-15000 R),2,8254,507,low (0.5-2 psi),1,B450,B-178
Missouri,Clay,29047,high (6000-15000 R),2,138910,403,very high (>=10 psi),4,B450,B-178
Missouri,Clinton,29049,high (6000-15000 R),2,16139,423,low (0.5-2 psi),1,B450,B-178
Missouri,Cole,29051,very high (>15000 R),3,61687,392,very high (>=10 psi),4,B451,B-179
Missouri,Cooper,29053,very high (>15000 R),3,14592,566,very high (>=10 psi),4,B451,B-179
Missouri,Crawford,29055,very high (>15000 R),3,19043,744,low (0.5-2 psi),1,B451,B-179
Missouri,Dade,29057,very high (>15000 R),3,7533,491,low (0.5-2 psi),1,B451,B-179
Missouri,Dallas,29059,very high (>15000 R),3,12760,543,no (<0.5 psi),0,B451,B-179
Missouri,Daviess,29061,high (6000-15000 R),2,8648,568,no (<0.5 psi),0,B451,B-179
Missouri,DeKalb,29063,high (6000-15000 R),2,8127,425,low (0.5-2 psi),1,B451,B-179
Missouri,Dent,29065,very high (>15000 R),3,14934,755,no (<0.5 psi),0,B451,B-179
Missouri,Douglas,29067,very high (>15000 R),3,12608,814,no (<0.5 psi),0,B451,B-179
Missouri,Dunklin,29069,very high (>15000 R),3,35924,547,high (5-10 psi),3,B451,B-179
Missouri,Franklin,29071,very high (>15000 R),3,74755,922,very high (>=10 psi),4,B451,B-179
Missouri,Gasconade,29073,very high (>15000 R),3,13677,521,no (<0.5 psi),0,B451,B-179
Missouri,Gentry,29075,high (6000-15000 R),2,7919,493,no (<0.5 psi),0,B451,B-179
Missouri,Greene,29077,very high (>15000 R),3,194885,678,no (<0.5 psi),0,B451,B-179
Missouri,Grundy,29079,high (6000-15000 R),2,11542,437,no (<0.5 psi),0,B451,B-179
Missouri,Harrison,29081,high (6000-15000 R),2,9919,725,no (<0.5 psi),0,B451,B-179
Missouri,Henry,29083,very high (>15000 R),3,19582,729,very high (>=10 psi),4,B451,B-179
Missouri,Hickory,29085,very high (>15000 R),3,7044,379,medium (2-5 psi),2,B451,B-179
Missouri,Holt,29087,high (6000-15000 R),2,6649,456,low (0.5-2 psi),1,B451,B-179
Missouri,Howard,29089,very high (>15000 R),3,9972,464,medium (2-5 psi),2,B451,B-179
Missouri,Howell,29091,very high (>15000 R),3,30461,927,no (<0.5 psi),0,B451,B-179
Missouri,Iron,29093,very high (>15000 R),3,11542,552,no (<0.5 psi),0,B451,B-179
Missouri,Jackson,29095,high (6000-15000 R),2,634530,611,very high (>=10 psi),4,B451,B-179
Missouri,Jasper,29097,high (6000-15000 R),2,89889,641,no (<0.5 psi),0,B451,B-179
Missouri,Jefferson,29099,very high (>15000 R),3,158515,661,medium (2-5 psi),2,B451,B-179
Missouri,Johnson,29101,very high (>15000 R),3,38244,834,very high (>=10 psi),4,B451,B-179
Missouri,Knox,29103,high (6000-15000 R),2,5277,507,no (<0.5 psi),0,B451,B-179
Missouri,LaClede,29105,very high (>15000 R),3,26106,768,low (0.5-2 psi),1,B451,B-179
Missouri,LaFayette,29107,very high (>15000 R),3,30315,632,very high (>=10 psi),4,B451,B-179
Missouri,Lawrence,29109,high (6000-15000 R),2,30322,614,no (<0.5 psi),0,B451,B-179
Missouri,Lewis,29111,high (6000-15000 R),2,11165,508,no (<0.5 psi),0,B452,B-180
Missouri,Lincoln,29113,very high (>15000 R),3,24138,627,low (0.5-2 psi),1,B452,B-180
Missouri,Linn,29115,high (6000-15000 R),2,15542,620,no (<0.5 psi),0,B452,B-180
Missouri,Livingston,29117,high (6000-15000 R),2,15532,537,no (<0.5 psi),0,B452,B-180
Missouri,McDonald,29119,high (6000-15000 R),2,15830,541,no (<0.5 psi),0,B452,B-180
Missouri,Macon,29121,high (6000-15000 R),2,17010,797,no (<0.5 psi),0,B452,B-180
Missouri,Madison,29123,very high (>15000 R),3,11008,497,no (<0.5 psi),0,B452,B-180
Missouri,Maries,29125,very high (>15000 R),3,7896,528,no (<0.5 psi),0,B452,B-180
Missouri,Marion,29127,very high (>15000 R),3,29304,438,no (<0.5 psi),0,B452,B-180
Missouri,Mercer,29129,high (6000-15000 R),2,4597,454,no (<0.5 psi),0,B452,B-180
Missouri,Miller,29131,very high (>15000 R),3,20308,593,high (5-10 psi),3,B452,B-180
Missouri,Mississippi,29133,high (6000-15000 R),2,15770,410,no (<0.5 psi),0,B452,B-180
Missouri,Moniteau,29135,high (6000-15000 R),2,12906,417,very high (>=10 psi),4,B452,B-180
Missouri,Monroe,29137,very high (>15000 R),3,9699,670,no (<0.5 psi),0,B452,B-180
Missouri,Montgomery,29139,very high (>15000 R),3,11566,540,no (<0.5 psi),0,B452,B-180
Missouri,Morgan,29141,very high (>15000 R),3,15540,594,very high (>=10 psi),4,B452,B-180
Missouri,New Madrid,29143,very high (>15000 R),3,22345,658,low (0.5-2 psi),1,B452,B-180
Missouri,Newton,29145,high (6000-15000 R),2,43026,627,no (<0.5 psi),0,B452,B-180
Missouri,Nodaway,29147,high (6000-15000 R),2,22573,875,no (<0.5 psi),0,B452,B-180
Missouri,Oregon,29149,very high (>15000 R),3,10036,792,no (<0.5 psi),0,B452,B-180
Missouri,Osage,29151,very high (>15000 R),3,12200,606,low (0.5-2 psi),1,B452,B-180
Missouri,Ozark,29153,very high (>15000 R),3,8858,731,no (<0.5 psi),0,B452,B-180
Missouri,Pemiscot,29155,very high (>15000 R),3,24155,517,very high (>=10 psi),4,B452,B-180
Missouri,Perry,29157,high (6000-15000 R),2,17125,473,no (<0.5 psi),0,B452,B-180
Missouri,Pettis,29159,very high (>15000 R),3,35726,686,very high (>=10 psi),4,B452,B-180
Missouri,Phelps,29161,very high (>15000 R),3,35514,674,low (0.5-2 psi),1,B452,B-180
Missouri,Pike,29163,very high (>15000 R),3,16953,673,no (<0.5 psi),0,B452,B-180
Missouri,Platte,29165,high (6000-15000 R),2,49863,421,very high (>=10 psi),4,B452,B-180
Missouri,Polk,29167,very high (>15000 R),3,20220,636,medium (2-5 psi),2,B452,B-180
Missouri,Pulaski,29169,very high (>15000 R),3,44051,550,very high (>=10 psi),4,B452,B-180
Missouri,Putnam,29171,high (6000-15000 R),2,5858,520,no (<0.5 psi),0,B453,B-181
Missouri,Ralls,29173,very high (>15000 R),3,9076,481,no (<0.5 psi),0,B453,B-181
Missouri,Randolph,29175,very high (>15000 R),3,26165,477,no (<0.5 psi),0,B453,B-181
Missouri,Ray,29177,high (6000-15000 R),2,21878,568,medium (2-5 psi),2,B453,B-181
Missouri,Reynolds,29179,very high (>15000 R),3,7162,808,no (<0.5 psi),0,B453,B-181
Missouri,Ripley,29181,very high (>15000 R),3,12767,632,no (<0.5 psi),0,B453,B-181
Missouri,St Charles,29183,very high (>15000 R),3,166248,558,very high (>=10 psi),4,B453,B-181
Missouri,St Clair,29185,very high (>15000 R),3,8667,698,very high (>=10 psi),4,B453,B-181
Missouri,Ste Genevieve,29186,very high (>15000 R),3,15238,504,no (<0.5 psi),0,B453,B-181
Missouri,St Francois,29187,very high (>15000 R),3,43670,451,no (<0.5 psi),0,B453,B-181
Missouri,St Louis,29189,very high (>15000 R),3,990381,505,very high (>=10 psi),4,B453,B-181
Missouri,Saline,29195,very high (>15000 R),3,25067,755,very high (>=10 psi),4,B453,B-181
Missouri,Schuyler,29197,high (6000-15000 R),2,4721,308,no (<0.5 psi),0,B453,B-181
Missouri,Scotland,29199,high (6000-15000 R),2,5278,439,no (<0.5 psi),0,B453,B-181
Missouri,Scott,29201,high (6000-15000 R),2,40428,423,no (<0.5 psi),0,B453,B-181
Missouri,Shannon,29203,very high (>15000 R),3,8095,1004,no (<0.5 psi),0,B453,B-181
Missouri,Shelby,29205,high (6000-15000 R),2,7652,501,no (<0.5 psi),0,B453,B-181
Missouri,Stoddard,29207,very high (>15000 R),3,28536,818,no (<0.5 psi),0,B453,B-181
Missouri,Stone,29209,high (6000-15000 R),2,17337,451,no (<0.5 psi),0,B453,B-181
Missouri,Sullivan,29211,high (6000-15000 R),2,7134,651,no (<0.5 psi),0,B453,B-181
Missouri,Taney,29213,high (6000-15000 R),2,24151,608,no (<0.5 psi),0,B453,B-181
Missouri,Texas,29215,very high (>15000 R),3,21640,1108,low (0.5-2 psi),1,B453,B-181
Missouri,Vernon,29217,very high (>15000 R),3,19850,837,low (0.5-2 psi),1,B453,B-181
Missouri,Warren,29219,very high (>15000 R),3,16799,429,no (<0.5 psi),0,B453,B-181
Missouri,Washington,29221,very high (>15000 R),3,18661,762,no (<0.5 psi),0,B453,B-181
Missouri,Wayne,29223,very high (>15000 R),3,11804,763,no (<0.5 psi),0,B453,B-181
Missouri,Webster,29225,very high (>15000 R),3,21915,594,no (<0.5 psi),0,B453,B-181
Missouri,Worth,29227,high (6000-15000 R),2,2968,266,no (<0.5 psi),0,B453,B-181
Missouri,Wright,29229,very high (>15000 R),3,16431,682,no (<0.5 psi),0,B453,B-181
Missouri,St Louis (City),29510,very high (>15000 R),3,423409,61,very high (>=10 psi),4,B453,B-181
Nebraska,Adams,31001,high (6000-15000 R),2,31141,564,low (0.5-2 psi),1,B455,B-184
Nebraska,Antelope,31003,very high (>15000 R),3,8726,859,no (<0.5 psi),0,B455,B-184
Nebraska,Arthur,31005,very high (>15000 R),3,475,710,no (<0.5 psi),0,B455,B-184
Nebraska,Banner,31007,very high (>15000 R),3,1084,747,very high (>=10 psi),4,B455,B-184
Nebraska,Blaine,31009,very high (>15000 R),3,775,714,no (<0.5 psi),0,B455,B-184
Nebraska,Boone,31011,very high (>15000 R),3,7343,687,no (<0.5 psi),0,B455,B-184
Nebraska,Box Butte,31013,very high (>15000 R),3,14324,1077,no (<0.5 psi),0,B455,B-184
Nebraska,Boyd,31015,very high (>15000 R),3,3325,532,no (<0.5 psi),0,B455,B-184
Nebraska,Brown,31017,very high (>15000 R),3,4287,1214,no (<0.5 psi),0,B455,B-184
Nebraska,Buffalo,31019,very high (>15000 R),3,38764,946,no (<0.5 psi),0,B455,B-184
Nebraska,Burt,31021,high (6000-15000 R),2,8741,486,no (<0.5 psi),0,B455,B-184
Nebraska,Butler,31023,high (6000-15000 R),2,9138,584,low (0.5-2 psi),1,B455,B-184
Nebraska,Cass,31025,high (6000-15000 R),2,21808,557,low (0.5-2 psi),1,B455,B-184
Nebraska,Cedar,31027,high (6000-15000 R),2,11255,740,no (<0.5 psi),0,B455,B-184
Nebraska,Chase,31029,very high (>15000 R),3,4924,893,no (<0.5 psi),0,B455,B-184
Nebraska,Cherry,31031,very high (>15000 R),3,6867,5961,no (<0.5 psi),0,B455,B-184
Nebraska,Cheyenne,31033,very high (>15000 R),3,10046,1196,low (0.5-2 psi),1,B455,B-184
Nebraska,Clay,31035,high (6000-15000 R),2,7815,574,low (0.5-2 psi),1,B455,B-184
Nebraska,Colfax,31037,high (6000-15000 R),2,9545,410,no (<0.5 psi),0,B455,B-184
Nebraska,Cuming,31039,high (6000-15000 R),2,11447,575,no (<0.5 psi),0,B455,B-184
Nebraska,Custer,31041,very high (>15000 R),3,13677,2571,no (<0.5 psi),0,B455,B-184
Nebraska,Dakota,31043,high (6000-15000 R),2,17369,258,very high (>=10 psi),4,B455,B-184
Nebraska,Dawes,31045,very high (>15000 R),3,9362,1397,no (<0.5 psi),0,B455,B-184
Nebraska,Dawson,31047,very high (>15000 R),3,22298,982,no (<0.5 psi),0,B455,B-184
Nebraska,Deuel,31049,very high (>15000 R),3,2358,437,medium (2-5 psi),2,B455,B-184
Nebraska,Dixon,31051,high (6000-15000 R),2,6864,474,no (<0.5 psi),0,B456,B-185
Nebraska,Dodge,31053,high (6000-15000 R),2,35764,534,no (<0.5 psi),0,B456,B-185
Nebraska,Douglas,31055,high (6000-15000 R),2,413626,333,medium (2-5 psi),2,B456,B-185
Nebraska,Dundy,31057,very high (>15000 R),3,2894,920,no (<0.5 psi),0,B456,B-185
Nebraska,Fillmore,31059,high (6000-15000 R),2,7732,576,no (<0.5 psi),0,B456,B-185
Nebraska,Franklin,31061,very high (>15000 R),3,4293,576,no (<0.5 psi),0,B456,B-185
Nebraska,Frontier,31063,very high (>15000 R),3,3632,976,no (<0.5 psi),0,B456,B-185
Nebraska,Furnas,31065,very high (>15000 R),3,6536,721,no (<0.5 psi),0,B456,B-185
Nebraska,Gage,31067,high (6000-15000 R),2,23940,858,no (<0.5 psi),0,B456,B-185
Nebraska,Garden,31069,very high (>15000 R),3,2725,1680,high (5-10 psi),3,B456,B-185
Nebraska,Garfield,31071,very high (>15000 R),3,2422,570,no (<0.5 psi),0,B456,B-185
Nebraska,Gosper,31073,very high (>15000 R),3,2160,461,no (<0.5 psi),0,B456,B-185
Nebraska,Grant,31075,very high (>15000 R),3,878,775,no (<0.5 psi),0,B456,B-185
Nebraska,Greeley,31077,very high (>15000 R),3,3320,570,no (<0.5 psi),0,B456,B-185
Nebraska,Hall,31079,high (6000-15000 R),2,50376,537,very high (>=10 psi),4,B456,B-185
Nebraska,Hamilton,31081,high (6000-15000 R),2,9232,542,medium (2-5 psi),2,B456,B-185
Nebraska,Harlan,31083,very high (>15000 R),3,4288,555,no (<0.5 psi),0,B456,B-185
Nebraska,Hayes,31085,very high (>15000 R),3,1316,714,no (<0.5 psi),0,B456,B-185
Nebraska,Hitchcock,31087,very high (>15000 R),3,3965,709,no (<0.5 psi),0,B456,B-185
Nebraska,Holt,31089,very high (>15000 R),3,14004,2406,no (<0.5 psi),0,B456,B-185
Nebraska,Hooker,31091,very high (>15000 R),3,1024,720,no (<0.5 psi),0,B456,B-185
Nebraska,Howard,31093,very high (>15000 R),3,6707,564,low (0.5-2 psi),1,B456,B-185
Nebraska,Jefferson,31095,high (6000-15000 R),2,9535,575,no (<0.5 psi),0,B456,B-185
Nebraska,Johnson,31097,high (6000-15000 R),2,5057,376,no (<0.5 psi),0,B456,B-185
Nebraska,Kearney,31099,very high (>15000 R),3,6690,519,no (<0.5 psi),0,B456,B-185
Nebraska,Keith,31101,very high (>15000 R),3,9138,1039,no (<0.5 psi),0,B456,B-185
Nebraska,Keya Paha,31103,very high (>15000 R),3,1237,769,no (<0.5 psi),0,B456,B-185
Nebraska,Kimball,31105,very high (>15000 R),3,4967,952,very high (>=10 psi),4,B456,B-185
Nebraska,Knox,31107,very high (>15000 R),3,11198,1105,no (<0.5 psi),0,B456,B-185
Nebraska,Lancaster,31109,high (6000-15000 R),2,205512,839,very high (>=10 psi),4,B456,B-185
Nebraska,Lincoln,31111,very high (>15000 R),3,34217,2525,no (<0.5 psi),0,B457,B-186
Nebraska,Logan,31113,very high (>15000 R),3,969,571,no (<0.5 psi),0,B457,B-186
Nebraska,Loup,31115,very high (>15000 R),3,897,574,no (<0.5 psi),0,B457,B-186
Nebraska,McPherson,31117,very high (>15000 R),3,561,859,no (<0.5 psi),0,B457,B-186
Nebraska,Madison,31119,very high (>15000 R),3,32468,575,no (<0.5 psi),0,B457,B-186
Nebraska,Merrick,31121,high (6000-15000 R),2,8628,478,high (5-10 psi),3,B457,B-186
Nebraska,Morril,31123,very high (>15000 R),3,6029,1405,very high (>=10 psi),4,B457,B-186
Nebraska,Nance,31125,high (6000-15000 R),2,4594,439,no (<0.5 psi),0,B457,B-186
Nebraska,Nemaha,31127,high (6000-15000 R),2,8330,408,no (<0.5 psi),0,B457,B-186
Nebraska,Nuckolls,31129,high (6000-15000 R),2,6792,576,no (<0.5 psi),0,B457,B-186
Nebraska,Otoe,31131,high (6000-15000 R),2,15120,615,no (<0.5 psi),0,B457,B-186
Nebraska,Pawnee,31133,high (6000-15000 R),2,3695,432,no (<0.5 psi),0,B457,B-186
Nebraska,Perkins,31135,very high (>15000 R),3,3813,885,no (<0.5 psi),0,B457,B-186
Nebraska,Phelps,31137,very high (>15000 R),3,10198,540,no (<0.5 psi),0,B457,B-186
Nebraska,Pierce,31139,very high (>15000 R),3,8514,575,no (<0.5 psi),0,B457,B-186
Nebraska,Platte,31141,high (6000-15000 R),2,29752,669,no (<0.5 psi),0,B457,B-186
Nebraska,Polk,31143,high (6000-15000 R),2,5973,437,no (<0.5 psi),0,B457,B-186
Nebraska,Red Willow,31145,very high (>15000 R),3,12999,718,no (<0.5 psi),0,B457,B-186
Nebraska,Richardson,31147,high (6000-15000 R),2,10905,553,low (0.5-2 psi),1,B457,B-186
Nebraska,Rock,31149,very high (>15000 R),3,2456,1003,no (<0.5 psi),0,B457,B-186
Nebraska,Saline,31151,high (6000-15000 R),2,13066,576,low (0.5-2 psi),1,B457,B-186
Nebraska,Sarpy,31153,high (6000-15000 R),2,95470,238,very high (>=10 psi),4,B457,B-186
Nebraska,Saunders,31155,high (6000-15000 R),2,18574,753,no (<0.5 psi),0,B457,B-186
Nebraska,Scotts Bluff,31157,very high (>15000 R),3,38419,725,very high (>=10 psi),4,B457,B-186
Nebraska,Seward,31159,high (6000-15000 R),2,15820,575,medium (2-5 psi),2,B457,B-186
Nebraska,Sheridan,31161,very high (>15000 R),3,7807,2453,no (<0.5 psi),0,B457,B-186
Nebraska,Sherman,31163,very high (>15000 R),3,3972,564,no (<0.5 psi),0,B457,B-186
Nebraska,Sioux,31165,very high (>15000 R),3,1738,2069,very high (>=10 psi),4,B457,B-186
Nebraska,Stanton,31167,very high (>15000 R),3,6437,431,no (<0.5 psi),0,B457,B-186
Nebraska,Thayer,31169,high (6000-15000 R),2,7463,575,no (<0.5 psi),0,B457,B-186
Nebraska,Thomas,31171,very high (>15000 R),3,965,714,no (<0.5 psi),0,B458,B-187
Nebraska,Thurston,31173,very high (>15000 R),3,7194,391,medium (2-5 psi),2,B458,B-187
Nebraska,Valley,31175,very high (>15000 R),3,5871,567,no (<0.5 psi),0,B458,B-187
Nebraska,Washington,31177,high (6000-15000 R),2,15464,386,no (<0.5 psi),0,B458,B-187
Nebraska,Wayne,31179,high (6000-15000 R),2,9801,443,no (<0.5 psi),0,B458,B-187
Nebraska,Webster,31181,high (6000-15000 R),2,4787,575,no (<0.5 psi),0,B458,B-187
Nebraska,Wheeler,31183,very high (>15000 R),3,1101,575,no (<0.5 psi),0,B458,B-187
Nebraska,York,31185,high (6000-15000 R),2,15046,576,no (<0.5 psi),0,B458,B-187
Colorado,Adams,08001,high (6000-15000 R),2,277973,1235,very high (>=10 psi),4,B461,B-192
Colorado,Alamosa,08003,low (<3000 R),0,12588,719,no (<0.5 psi),0,B461,B-192
Colorado,Arapahoe,08005,high (6000-15000 R),2,378836,800,very high (>=10 psi),4,B461,B-192
Colorado,Archuleta,08007,low (<3000 R),0,5798,1353,no (<0.5 psi),0,B461,B-192
Colorado,Baca,08009,medium (3000-6000 R),1,5133,2554,no (<0.5 psi),0,B461,B-192
Colorado,Bent,08011,medium (3000-6000 R),1,5913,1008,no (<0.5 psi),0,B461,B-192
Colorado,Boulder,08013,high (6000-15000 R),2,213665,742,very high (>=10 psi),4,B461,B-192
Colorado,Chaffee,08015,medium (3000-6000 R),1,12793,1008,no (<0.5 psi),0,B461,B-192
Colorado,Chjeyenne,08017,high (6000-15000 R),2,2475,1783,no (<0.5 psi),0,B461,B-192
Colorado,Clear Creek,08019,low (<3000 R),0,7283,397,no (<0.5 psi),0,B461,B-192
Colorado,Conejos,08021,low (<3000 R),0,8148,1285,no (<0.5 psi),0,B461,B-192
Colorado,Costilla,08023,low (<3000 R),0,3564,1227,no (<0.5 psi),0,B461,B-192
Colorado,Crowley,08025,medium (3000-6000 R),1,3282,790,no (<0.5 psi),0,B461,B-192
Colorado,Custer,08027,medium (3000-6000 R),1,1952,740,no (<0.5 psi),0,B461,B-192
Colorado,Delta,08029,low (<3000 R),0,24615,1141,no (<0.5 psi),0,B461,B-192
Colorado,Denver,08031,high (6000-15000 R),2,507548,111,very high (>=10 psi),4,B461,B-192
Colorado,Dolores,08033,low (<3000 R),0,1792,1064,no (<0.5 psi),0,B461,B-192
Colorado,Douglas,08035,high (6000-15000 R),2,35853,841,no (<0.5 psi),0,B461,B-192
Colorado,Eagle,08037,medium (3000-6000 R),1,17085,1690,no (<0.5 psi),0,B461,B-192
Colorado,Elbert,08039,high (6000-15000 R),2,8500,1851,low (0.5-2 psi),1,B461,B-192
Colorado,El Paso,08041,medium (3000-6000 R),1,358941,2129,very high (>=10 psi),4,B461,B-192
Colorado,Fremont,08043,medium (3000-6000 R),1,31488,1538,low (0.5-2 psi),1,B461,B-192
Colorado,Garfield,08045,low (<3000 R),0,28651,2952,low (0.5-2 psi),1,B461,B-192
Colorado,Gilpin,08047,high (6000-15000 R),2,2822,149,low (0.5-2 psi),1,B461,B-192
Colorado,Grand,08049,medium (3000-6000 R),1,9077,1854,no (<0.5 psi),0,B461,B-192
Colorado,Gunnison,08051,low (<3000 R),0,10471,3238,no (<0.5 psi),0,B462,B-193
Colorado,Hinsdale,08053,low (<3000 R),0,531,1115,no (<0.5 psi),0,B462,B-193
Colorado,Huerfano,08055,low (<3000 R),0,7187,1583,no (<0.5 psi),0,B462,B-193
Colorado,Jackson,08057,medium (3000-6000 R),1,1732,1615,no (<0.5 psi),0,B462,B-193
Colorado,Jefferson,08059,high (6000-15000 R),2,420750,1615,high (5-10 psi),3,B462,B-193
Colorado,Kiowa,08061,medium (3000-6000 R),1,1947,1758,no (<0.5 psi),0,B462,B-193
Colorado,Kit Carson,08063,very high (>15000 R),3,7960,2160,no (<0.5 psi),0,B462,B-193
Colorado,Lake,08065,medium (3000-6000 R),1,6762,379,no (<0.5 psi),0,B462,B-193
Colorado,La Plata,08067,low (<3000 R),0,31744,1692,low (0.5-2 psi),1,B462,B-193
Colorado,Larimer,08069,high (6000-15000 R),2,169855,2604,no (<0.5 psi),0,B462,B-193
Colorado,Las Animas,08071,low (<3000 R),0,14778,4771,no (<0.5 psi),0,B462,B-193
Colorado,Lincoln,08073,high (6000-15000 R),2,4547,2586,no (<0.5 psi),0,B462,B-193
Colorado,Logan,08075,very high (>15000 R),3,19921,1819,very high (>=10 psi),4,B462,B-193
Colorado,Mesa,08077,low (<3000 R),0,98752,3309,very high (>=10 psi),4,B462,B-193
Colorado,Mineral,08079,low (<3000 R),0,808,877,no (<0.5 psi),0,B462,B-193
Colorado,Moffat,08081,medium (3000-6000 R),1,15593,4732,very high (>=10 psi),4,B462,B-193
Colorado,Montezuma,08083,low (<3000 R),0,20001,2083,no (<0.5 psi),0,B462,B-193
Colorado,Montrose,08085,low (<3000 R),0,26409,2240,no (<0.5 psi),0,B462,B-193
Colorado,Morgan,08087,very high (>15000 R),3,23440,1276,low (0.5-2 psi),1,B462,B-193
Colorado,Otero,08089,medium (3000-6000 R),1,22191,1247,no (<0.5 psi),0,B462,B-193
Colorado,Ouray,08091,low (<3000 R),0,2241,542,no (<0.5 psi),0,B462,B-193
Colorado,Park,08093,low (<3000 R),0,7201,2192,no (<0.5 psi),0,B462,B-193
Colorado,Phillips,08095,very high (>15000 R),3,4653,688,no (<0.5 psi),0,B462,B-193
Colorado,Pitkin,08097,medium (3000-6000 R),1,10356,968,no (<0.5 psi),0,B462,B-193
Colorado,Prowers,08099,medium (3000-6000 R),1,14492,1629,no (<0.5 psi),0,B462,B-193
Colorado,Pueblo,08101,medium (3000-6000 R),1,124546,2377,very high (>=10 psi),4,B462,B-193
Colorado,Rio Blanco,08103,low (<3000 R),0,6960,3222,no (<0.5 psi),0,B462,B-193
Colorado,Rio Grande,08105,low (<3000 R),0,11468,913,no (<0.5 psi),0,B462,B-193
Colorado,Routt,08107,medium (3000-6000 R),1,13951,2267,low (0.5-2 psi),1,B462,B-193
Colorado,Saguache,08109,low (<3000 R),0,4141,3176,no (<0.5 psi),0,B462,B-193
Colorado,San Juan,08111,low (<3000 R),0,1085,388,low (0.5-2 psi),1,B463,B-194
Colorado,San Miguel,08113,low (<3000 R),0,3006,1287,low (0.5-2 psi),1,B463,B-194
Colorado,Sedgwick,08115,very high (>15000 R),3,3187,540,low (0.5-2 psi),1,B463,B-194
Colorado,Summit,08117,medium (3000-6000 R),1,11192,607,low (0.5-2 psi),1,B463,B-194
Colorado,Teller,08119,medium (3000-6000 R),1,11157,559,medium (2-5 psi),2,B463,B-194
Colorado,Washington,08121,very high (>15000 R),3,5548,2520,low (0.5-2 psi),1,B463,B-194
Colorado,Weld,08123,very high (>15000 R),3,133779,3990,very high (>=10 psi),4,B463,B-194
Colorado,Yuma,08125,very high (>15000 R),3,9991,2365,low (0.5-2 psi),1,B463,B-194
Montana,Beaverhead,30001,medium (3000-6000 R),1,8849,5529,no (<0.5 psi),0,B465,B-196
Montana,Big Horn,30003,very high (>15000 R),3,11639,4983,low (0.5-2 psi),1,B465,B-196
Montana,Blaine,30005,very high (>15000 R),3,7056,4259,very high (>=10 psi),4,B465,B-196
Montana,Broadwater,30007,very high (>15000 R),3,3459,1188,no (<0.5 psi),0,B465,B-196
Montana,Carbon,30009,high (6000-15000 R),2,8734,2056,medium (2-5 psi),2,B465,B-196
Montana,Carter,30011,high (6000-15000 R),2,1751,3342,medium (2-5 psi),2,B465,B-196
Montana,Cascade,30013,very high (>15000 R),3,82077,2699,very high (>=10 psi),4,B465,B-196
Montana,Chouteau,30015,very high (>15000 R),3,6186,3988,very high (>=10 psi),4,B465,B-196
Montana,Custer,30017,very high (>15000 R),3,13535,3776,no (<0.5 psi),0,B465,B-196
Montana,Daniels,30019,very high (>15000 R),3,2758,1427,no (<0.5 psi),0,B465,B-196
Montana,Dawson,30021,very high (>15000 R),3,12939,2347,no (<0.5 psi),0,B465,B-196
Montana,Deer Lodge,30023,medium (3000-6000 R),1,10873,740,no (<0.5 psi),0,B465,B-196
Montana,Fallon,30025,high (6000-15000 R),2,3767,1623,no (<0.5 psi),0,B465,B-196
Montana,Fergus,30027,very high (>15000 R),3,12880,4340,very high (>=10 psi),4,B465,B-196
Montana,Flathead,30029,high (6000-15000 R),2,54349,5112,no (<0.5 psi),0,B465,B-196
Montana,Gallatin,30031,very high (>15000 R),3,48749,2510,no (<0.5 psi),0,B465,B-196
Montana,Garfield,30033,very high (>15000 R),3,1704,4491,no (<0.5 psi),0,B465,B-196
Montana,Glacier,30035,very high (>15000 R),3,11450,2995,very high (>=10 psi),4,B465,B-196
Montana,Golden Valley,30037,very high (>15000 R),3,1114,1172,very high (>=10 psi),4,B465,B-196
Montana,Granite,30039,medium (3000-6000 R),1,2841,1729,no (<0.5 psi),0,B465,B-196
Montana,Hill,30041,very high (>15000 R),3,18678,2897,no (<0.5 psi),0,B465,B-196
Montana,Jefferson,30043,high (6000-15000 R),2,8286,1656,medium (2-5 psi),2,B465,B-196
Montana,Judith Basin,30045,very high (>15000 R),3,2716,1871,very high (>=10 psi),4,B465,B-196
Montana,Lake,30047,medium (3000-6000 R),1,20728,1493,low (0.5-2 psi),1,B465,B-196
Montana,Lewis and Clark,30049,very high (>15000 R),3,46434,3461,very high (>=10 psi),4,B465,B-196
Montana,Liberty,30051,very high (>15000 R),3,2597,1427,very high (>=10 psi),4,B466,B-197
Montana,Lincoln,30053,medium (3000-6000 R),1,18885,3616,no (<0.5 psi),0,B466,B-197
Montana,McCone,30055,very high (>15000 R),3,2703,2626,low (0.5-2 psi),1,B466,B-197
Montana,Madison,30057,high (6000-15000 R),2,5933,3590,no (<0.5 psi),0,B466,B-197
Montana,Meagher,30059,very high (>15000 R),3,2247,2392,low (0.5-2 psi),1,B466,B-197
Montana,Mineral,30061,medium (3000-6000 R),1,3694,1216,no (<0.5 psi),0,B466,B-197
Montana,Missoula,30063,medium (3000-6000 R),1,76535,2582,very high (>=10 psi),4,B466,B-197
Montana,Musselshell,30065,very high (>15000 R),3,4373,2665,no (<0.5 psi),0,B466,B-197
Montana,Park,30067,very high (>15000 R),3,13373,2665,low (0.5-2 psi),1,B466,B-197
Montana,Petroleum,30069,very high (>15000 R),3,676,1652,low (0.5-2 psi),1,B466,B-197
Montana,Phillips,30071,very high (>15000 R),3,5756,5131,medium (2-5 psi),2,B466,B-197
Montana,Pondera,30073,very high (>15000 R),3,7155,1632,very high (>=10 psi),4,B466,B-197
Montana,Powder River,30075,high (6000-15000 R),2,2471,3288,no (<0.5 psi),0,B466,B-197
Montana,Powell,30077,high (6000-15000 R),2,6849,2329,low (0.5-2 psi),1,B466,B-197
Montana,Prairie,30079,very high (>15000 R),3,1873,1732,no (<0.5 psi),0,B466,B-197
Montana,Ravalli,30081,medium (3000-6000 R),1,25404,2384,low (0.5-2 psi),1,B466,B-197
Montana,Richland,30083,very high (>15000 R),3,14890,2081,no (<0.5 psi),0,B466,B-197
Montana,Roosevelt,30085,very high (>15000 R),3,11848,2357,very high (>=10 psi),4,B466,B-197
Montana,Rosebud,30087,very high (>15000 R),3,13959,5019,no (<0.5 psi),0,B466,B-197
Montana,Sanders,30089,medium (3000-6000 R),1,9326,2749,no (<0.5 psi),0,B466,B-197
Montana,Sheridan,30091,high (6000-15000 R),2,6072,1681,very high (>=10 psi),4,B466,B-197
Montana,Silver Bow,30093,medium (3000-6000 R),1,34471,719,no (<0.5 psi),0,B466,B-197
Montana,Stillwater,30095,very high (>15000 R),3,6114,1793,medium (2-5 psi),2,B466,B-197
Montana,Sweetgrass,30097,very high (>15000 R),3,3321,1856,no (<0.5 psi),0,B466,B-197
Montana,Teton,30099,very high (>15000 R),3,6424,2275,very high (>=10 psi),4,B466,B-197
Montana,Toole,30101,very high (>15000 R),3,5784,1931,very high (>=10 psi),4,B466,B-197
Montana,Treasure,30103,very high (>15000 R),3,1019,975,no (<0.5 psi),0,B466,B-197
Montana,Valley,30105,very high (>15000 R),3,9916,4936,very high (>=10 psi),4,B466,B-197
Montana,Wheatland,30107,very high (>15000 R),3,2291,1419,very high (>=10 psi),4,B466,B-197
Montana,Wibaux,30109,high (6000-15000 R),2,1496,888,no (<0.5 psi),0,B466,B-197
Montana,Yellowstone,30111,very high (>15000 R),3,121398,2624,very high (>=10 psi),4,B467,B-198
Montana,Yellowstone National,30113,very high (>15000 R),3,66,245,very high (>=10 psi),4,B467,B-198
North Dakota,Adams,38001,very high (>15000 R),3,3494,988,low (0.5-2 psi),1,B469,B-200
North Dakota,Barnes,38003,very high (>15000 R),3,13666,1498,very high (>=10 psi),4,B469,B-200
North Dakota,Benson,38005,very high (>15000 R),3,8099,1412,very high (>=10 psi),4,B469,B-200
North Dakota,Billings,38007,high (6000-15000 R),2,1332,1152,no (<0.5 psi),0,B469,B-200
North Dakota,Bottineau,38009,very high (>15000 R),3,9120,1668,very high (>=10 psi),4,B469,B-200
North Dakota,Bowman,38011,high (6000-15000 R),2,4334,1162,no (<0.5 psi),0,B469,B-200
North Dakota,Burke,38013,very high (>15000 R),3,3655,1118,very high (>=10 psi),4,B469,B-200
North Dakota,Burleigh,38015,very high (>15000 R),3,60173,1618,very high (>=10 psi),4,B469,B-200
North Dakota,Cass,38017,very high (>15000 R),3,97117,1767,very high (>=10 psi),4,B469,B-200
North Dakota,Cavalier,38019,very high (>15000 R),3,7029,1507,very high (>=10 psi),4,B469,B-200
North Dakota,Dickey,38021,very high (>15000 R),3,6876,1139,no (<0.5 psi),0,B469,B-200
North Dakota,Divide,38023,high (6000-15000 R),2,3200,1288,very high (>=10 psi),4,B469,B-200
North Dakota,Dunn,38025,high (6000-15000 R),2,5380,1993,no (<0.5 psi),0,B469,B-200
North Dakota,Eddy,38027,very high (>15000 R),3,3230,634,very high (>=10 psi),4,B469,B-200
North Dakota,Emmons,38029,very high (>15000 R),3,5692,1499,no (<0.5 psi),0,B469,B-200
North Dakota,Foster,38031,very high (>15000 R),3,4564,640,low (0.5-2 psi),1,B469,B-200
North Dakota,Golden Valley,38033,high (6000-15000 R),2,2688,1003,no (<0.5 psi),0,B469,B-200
North Dakota,Grand Forks,38035,very high (>15000 R),3,69331,1440,very high (>=10 psi),4,B469,B-200
North Dakota,Grant,38037,high (6000-15000 R),2,4147,1660,no (<0.5 psi),0,B469,B-200
North Dakota,Griggs,38039,very high (>15000 R),3,3631,780,very high (>=10 psi),4,B469,B-200
North Dakota,Hettinger,38041,high (6000-15000 R),2,3954,1133,very high (>=10 psi),4,B469,B-200
North Dakota,Kidder,38043,very high (>15000 R),3,3777,1362,no (<0.5 psi),0,B469,B-200
North Dakota,La Moure,38045,very high (>15000 R),3,6037,1150,no (<0.5 psi),0,B469,B-200
North Dakota,Logan,38047,very high (>15000 R),3,3203,1000,no (<0.5 psi),0,B469,B-200
North Dakota,McHenry,38049,very high (>15000 R),3,7432,1887,very high (>=10 psi),4,B469,B-200
North Dakota,McIntosh,38051,high (6000-15000 R),2,4406,984,no (<0.5 psi),0,B470,B-201
North Dakota,McKenzie,38053,very high (>15000 R),3,8890,2754,high (5-10 psi),3,B470,B-201
North Dakota,McLean,38055,very high (>15000 R),3,13042,2065,very high (>=10 psi),4,B470,B-201
North Dakota,Mercer,38057,high (6000-15000 R),2,16279,1044,low (0.5-2 psi),1,B470,B-201
North Dakota,Morton,38059,high (6000-15000 R),2,27044,1920,very high (>=10 psi),4,B470,B-201
North Dakota,Mountrail,38061,very high (>15000 R),3,8188,1837,very high (>=10 psi),4,B470,B-201
North Dakota,Nelson,38063,very high (>15000 R),3,4946,991,very high (>=10 psi),4,B470,B-201
North Dakota,Oliver,38065,high (6000-15000 R),2,2724,723,low (0.5-2 psi),1,B470,B-201
North Dakota,Pembina,38067,very high (>15000 R),3,10129,1120,very high (>=10 psi),4,B470,B-201
North Dakota,Pierce,38069,very high (>15000 R),3,5998,1037,no (<0.5 psi),0,B470,B-201
North Dakota,Ramsey,38071,very high (>15000 R),3,13031,1241,very high (>=10 psi),4,B470,B-201
North Dakota,Ransom,38073,very high (>15000 R),3,6452,862,no (<0.5 psi),0,B470,B-201
North Dakota,Renville,38075,very high (>15000 R),3,3555,874,very high (>=10 psi),4,B470,B-201
North Dakota,Richland,38077,very high (>15000 R),3,20230,1436,no (<0.5 psi),0,B470,B-201
North Dakota,Rolette,38079,very high (>15000 R),3,13300,914,no (<0.5 psi),0,B470,B-201
North Dakota,Sargent,38081,very high (>15000 R),3,5186,858,no (<0.5 psi),0,B470,B-201
North Dakota,Sheridan,38083,very high (>15000 R),3,2606,990,high (5-10 psi),3,B470,B-201
North Dakota,Sioux,38085,very high (>15000 R),3,,1099,no (<0.5 psi),0,B470,B-201
North Dakota,Slope,38087,high (6000-15000 R),2,1148,1219,no (<0.5 psi),0,B470,B-201
North Dakota,Stark,38089,high (6000-15000 R),2,28911,1338,low (0.5-2 psi),1,B470,B-201
North Dakota,Steele,38091,very high (>15000 R),3,2896,714,very high (>=10 psi),4,B470,B-201
North Dakota,Stutsman,38093,very high (>15000 R),3,23547,2263,no (<0.5 psi),0,B470,B-201
North Dakota,Towner,38095,very high (>15000 R),3,4752,1036,medium (2-5 psi),2,B470,B-201
North Dakota,Traill,38097,very high (>15000 R),3,9285,861,low (0.5-2 psi),1,B470,B-201
North Dakota,Walsh,38099,very high (>15000 R),3,15579,1290,very high (>=10 psi),4,B470,B-201
North Dakota,Ward,38101,very high (>15000 R),3,65495,2041,very high (>=10 psi),4,B470,B-201
North Dakota,Wells,38103,very high (>15000 R),3,6793,1288,no (<0.5 psi),0,B470,B-201
North Dakota,Williams,38105,high (6000-15000 R),2,28270,2047,very high (>=10 psi),4,B470,B-201
South Dakota,Aurora,46003,high (6000-15000 R),2,3435,707,no (<0.5 psi),0,B472,B-204
South Dakota,Beadle,46005,high (6000-15000 R),2,18136,1259,no (<0.5 psi),0,B472,B-204
South Dakota,Bennett,46007,high (6000-15000 R),2,3313,1181,no (<0.5 psi),0,B472,B-204
South Dakota,Bon Homme,46009,high (6000-15000 R),2,7814,552,no (<0.5 psi),0,B472,B-204
South Dakota,Brookings,46011,high (6000-15000 R),2,25165,795,no (<0.5 psi),0,B472,B-204
South Dakota,Brown,46013,high (6000-15000 R),2,36712,1722,no (<0.5 psi),0,B472,B-204
South Dakota,Brule,46015,very high (>15000 R),3,5408,815,no (<0.5 psi),0,B472,B-204
South Dakota,Buffalo,46017,very high (>15000 R),3,1685,476,no (<0.5 psi),0,B472,B-204
South Dakota,Butte,46019,very high (>15000 R),3,8125,2251,very high (>=10 psi),4,B472,B-204
South Dakota,Campbell,46021,high (6000-15000 R),2,2274,732,no (<0.5 psi),0,B472,B-204
South Dakota,Charles Mix,46023,high (6000-15000 R),2,9719,1090,no (<0.5 psi),0,B472,B-204
South Dakota,Clark,46025,high (6000-15000 R),2,4950,953,no (<0.5 psi),0,B472,B-204
South Dakota,Clay,46027,high (6000-15000 R),2,13647,408,no (<0.5 psi),0,B472,B-204
South Dakota,Codington,46029,high (6000-15000 R),2,22368,695,no (<0.5 psi),0,B472,B-204
South Dakota,Corson,46031,very high (>15000 R),3,5243,2467,no (<0.5 psi),0,B472,B-204
South Dakota,Custer,46033,high (6000-15000 R),2,6795,1559,low (0.5-2 psi),1,B472,B-204
South Dakota,Davison,46035,high (6000-15000 R),2,17806,436,no (<0.5 psi),0,B472,B-204
South Dakota,Day,46037,high (6000-15000 R),2,7893,1022,no (<0.5 psi),0,B472,B-204
South Dakota,Deuel,46039,high (6000-15000 R),2,5203,631,no (<0.5 psi),0,B472,B-204
South Dakota,Dewey,46041,very high (>15000 R),3,5487,2310,no (<0.5 psi),0,B472,B-204
South Dakota,Douglas,46043,high (6000-15000 R),2,3894,434,no (<0.5 psi),0,B472,B-204
South Dakota,Edmunds,46045,high (6000-15000 R),2,4933,1149,no (<0.5 psi),0,B472,B-204
South Dakota,Fall River,46047,high (6000-15000 R),2,7820,1740,no (<0.5 psi),0,B472,B-204
South Dakota,Faulk,46049,high (6000-15000 R),2,3312,1003,no (<0.5 psi),0,B472,B-204
South Dakota,Grant,46051,high (6000-15000 R),2,9582,681,no (<0.5 psi),0,B472,B-204
South Dakota,Gregory,46053,very high (>15000 R),3,5871,1041,no (<0.5 psi),0,B473,B-205
South Dakota,Haakon,46055,very high (>15000 R),3,2965,1822,very high (>=10 psi),4,B473,B-205
South Dakota,Hamlin,46057,high (6000-15000 R),2,5251,512,no (<0.5 psi),0,B473,B-205
South Dakota,Hand,46059,high (6000-15000 R),2,4701,1437,no (<0.5 psi),0,B473,B-205
South Dakota,Hanson,46061,high (6000-15000 R),2,3290,433,no (<0.5 psi),0,B473,B-205
South Dakota,Harding,46063,high (6000-15000 R),2,1889,2678,low (0.5-2 psi),1,B473,B-205
South Dakota,Hughes,46065,very high (>15000 R),3,14830,757,very high (>=10 psi),4,B473,B-205
South Dakota,Hutchinson,46067,high (6000-15000 R),2,9045,816,no (<0.5 psi),0,B473,B-205
South Dakota,Hyde,46069,very high (>15000 R),3,1909,860,no (<0.5 psi),0,B473,B-205
South Dakota,Jackson,46071,very high (>15000 R),3,3266,1872,very high (>=10 psi),4,B473,B-205
South Dakota,Jerauld,46073,high (6000-15000 R),2,2728,530,no (<0.5 psi),0,B473,B-205
South Dakota,Jones,46075,very high (>15000 R),3,1500,971,low (0.5-2 psi),1,B473,B-205
South Dakota,Kingsbury,46077,high (6000-15000 R),2,6493,824,no (<0.5 psi),0,B473,B-205
South Dakota,Lake,46079,high (6000-15000 R),2,11002,560,no (<0.5 psi),0,B473,B-205
South Dakota,Lawrence,46081,very high (>15000 R),3,19380,800,very high (>=10 psi),4,B473,B-205
South Dakota,Lincoln,46083,high (6000-15000 R),2,14384,578,very high (>=10 psi),4,B473,B-205
South Dakota,Lyman,46085,very high (>15000 R),3,3892,1679,low (0.5-2 psi),1,B473,B-205
South Dakota,McCook,46087,high (6000-15000 R),2,6234,576,no (<0.5 psi),0,B473,B-205
South Dakota,McPherson,46089,high (6000-15000 R),2,3766,1148,no (<0.5 psi),0,B473,B-205
South Dakota,Marshall,46091,very high (>15000 R),3,5209,848,no (<0.5 psi),0,B473,B-205
South Dakota,Meade,46093,very high (>15000 R),3,21716,3481,very high (>=10 psi),4,B473,B-205
South Dakota,Mellette,46095,very high (>15000 R),3,2365,1311,very high (>=10 psi),4,B473,B-205
South Dakota,Miner,46097,high (6000-15000 R),2,3482,570,no (<0.5 psi),0,B473,B-205
South Dakota,Minnehaha,46099,high (6000-15000 R),2,120296,810,very high (>=10 psi),4,B473,B-205
South Dakota,Moody,46101,high (6000-15000 R),2,6964,520,no (<0.5 psi),0,B473,B-205
South Dakota,Pennington,46103,very high (>15000 R),3,75780,2783,very high (>=10 psi),4,B473,B-205
South Dakota,Perkins,46105,very high (>15000 R),3,4649,2885,very high (>=10 psi),4,B473,B-205
South Dakota,Potter,46107,very high (>15000 R),3,3715,869,no (<0.5 psi),0,B473,B-205
South Dakota,Roberts,46109,very high (>15000 R),3,11063,1102,no (<0.5 psi),0,B473,B-205
South Dakota,Sanborn,46111,high (6000-15000 R),2,3093,569,no (<0.5 psi),0,B473,B-205
South Dakota,Shannon,46113,high (6000-15000 R),2,11207,2094,low (0.5-2 psi),1,B474,B-206
South Dakota,Spink,46115,high (6000-15000 R),2,9081,1505,no (<0.5 psi),0,B474,B-206
South Dakota,Stanley,46117,very high (>15000 R),3,2451,1432,very high (>=10 psi),4,B474,B-206
South Dakota,Sully,46119,very high (>15000 R),3,1868,972,low (0.5-2 psi),1,B474,B-206
South Dakota,Todd,46121,very high (>15000 R),3,7256,1388,no (<0.5 psi),0,B474,B-206
South Dakota,Tripp,46123,very high (>15000 R),3,7188,1618,no (<0.5 psi),0,B474,B-206
South Dakota,Turner,46125,high (6000-15000 R),2,9126,617,low (0.5-2 psi),1,B474,B-206
South Dakota,Union,46127,high (6000-15000 R),2,10774,453,low (0.5-2 psi),1,B474,B-206
South Dakota,Walworth,46129,very high (>15000 R),3,6624,707,no (<0.5 psi),0,B474,B-206
South Dakota,Yankton,46135,high (6000-15000 R),2,19123,518,no (<0.5 psi),0,B474,B-206
South Dakota,Ziebach,46137,very high (>15000 R),3,2493,1969,high (5-10 psi),3,B474,B-206
Utah,Beaver,49001,low (<3000 R),0,5280,2586,no (<0.5 psi),0,B476,B-208
Utah,Box Elder,49003,low (<3000 R),0,37769,5614,very high (>=10 psi),4,B476,B-208
Utah,Cache,49005,medium (3000-6000 R),1,66658,1171,medium (2-5 psi),2,B476,B-208
Utah,Carbon,49007,low (<3000 R),0,26132,1479,no (<0.5 psi),0,B476,B-208
Utah,Daggett,49009,medium (3000-6000 R),1,856,699,no (<0.5 psi),0,B476,B-208
Utah,Davis,49011,medium (3000-6000 R),1,174969,299,very high (>=10 psi),4,B476,B-208
Utah,Duchesne,49013,medium (3000-6000 R),1,16271,3234,very high (>=10 psi),4,B476,B-208
Utah,Emery,49015,low (<3000 R),0,13911,4449,no (<0.5 psi),0,B476,B-208
Utah,Garfield,49017,low (<3000 R),0,4319,4449,no (<0.5 psi),0,B476,B-208
Utah,Grand,49019,low (<3000 R),0,7957,3689,low (0.5-2 psi),1,B476,B-208
Utah,Iron,49021,low (<3000 R),0,20357,3302,no (<0.5 psi),0,B476,B-208
Utah,Juab,49023,low (<3000 R),0,6274,3396,no (<0.5 psi),0,B476,B-208
Utah,Kane,49025,low (<3000 R),0,4509,3898,medium (2-5 psi),2,B476,B-208
Utah,Millard,49027,low (<3000 R),0,13762,6818,no (<0.5 psi),0,B476,B-208
Utah,Morgan,49029,high (6000-15000 R),2,5285,603,low (0.5-2 psi),1,B476,B-208
Utah,Piute,49031,low (<3000 R),0,1476,759,no (<0.5 psi),0,B476,B-208
Utah,Rich,49033,medium (3000-6000 R),1,2638,1034,no (<0.5 psi),0,B476,B-208
Utah,Salt Lake,49035,medium (3000-6000 R),1,716909,756,very high (>=10 psi),4,B476,B-208
Utah,San Juan,49037,low (<3000 R),0,12096,7725,no (<0.5 psi),0,B476,B-208
Utah,Sanpete,49039,low (<3000 R),0,17343,1586,no (<0.5 psi),0,B476,B-208
Utah,Sevier,49041,low (<3000 R),0,16360,1910,no (<0.5 psi),0,B476,B-208
Utah,Summit,49043,medium (3000-6000 R),1,13230,1865,low (0.5-2 psi),1,B476,B-208
Utah,Tooele,49045,low (<3000 R),0,29408,6919,very high (>=10 psi),4,B476,B-208
Utah,Unintah,49047,medium (3000-6000 R),1,29848,4479,high (5-10 psi),3,B476,B-208
Utah,Utah,49049,low (<3000 R),0,246181,2018,low (0.5-2 psi),1,B476,B-208
Utah,Wasatch,49051,low (<3000 R),0,10044,1191,low (0.5-2 psi),1,B477,B-209
Utah,Washington,49053,low (<3000 R),0,34783,2422,no (<0.5 psi),0,B477,B-209
Utah,Wayne,49055,low (<3000 R),0,2136,2461,no (<0.5 psi),0,B477,B-209
Utah,Weber,49057,high (6000-15000 R),2,162106,566,very high (>=10 psi),4,B477,B-209
Wyoming,Albany,56001,high (6000-15000 R),2,30328,4286,low (0.5-2 psi),1,B479,B-212
Wyoming,Big Horn,56003,high (6000-15000 R),2,12559,3139,very high (>=10 psi),4,B479,B-212
Wyoming,Campbell,56005,high (6000-15000 R),2,37605,4796,no (<0.5 psi),0,B479,B-212
Wyoming,Carbon,56007,medium (3000-6000 R),1,20407,7878,very high (>=10 psi),4,B479,B-212
Wyoming,Converse,56009,high (6000-15000 R),2,15207,4271,very high (>=10 psi),4,B479,B-212
Wyoming,Crook,56011,high (6000-15000 R),2,6058,2856,high (5-10 psi),3,B479,B-212
Wyoming,Fremont,56013,medium (3000-6000 R),1,36886,9181,no (<0.5 psi),0,B479,B-212
Wyoming,Goshen,56015,very high (>15000 R),3,12430,2186,very high (>=10 psi),4,B479,B-212
Wyoming,Hot Springs,56017,medium (3000-6000 R),1,6119,2005,no (<0.5 psi),0,B479,B-212
Wyoming,Johnson,56019,high (6000-15000 R),2,7107,4166,no (<0.5 psi),0,B479,B-212
Wyoming,Laramie,56021,very high (>15000 R),3,73254,2864,very high (>=10 psi),4,B479,B-212
Wyoming,Lincoln,56023,medium (3000-6000 R),1,15176,4070,very high (>=10 psi),4,B479,B-212
Wyoming,Natrona,56025,high (6000-15000 R),2,75746,5247,very high (>=10 psi),4,B479,B-212
Wyoming,Niobara,56027,high (6000-15000 R),2,3358,2685,no (<0.5 psi),0,B479,B-212
Wyoming,Park,56029,high (6000-15000 R),2,25213,6936,very high (>=10 psi),4,B479,B-212
Wyoming,Platte,56031,very high (>15000 R),3,9369,2023,very high (>=10 psi),4,B479,B-212
Wyoming,Sheridan,56033,high (6000-15000 R),2,27466,2532,no (<0.5 psi),0,B479,B-212
Wyoming,Sublette,56035,medium (3000-6000 R),1,5572,4871,medium (2-5 psi),2,B479,B-212
Wyoming,Sweetwater,56037,medium (3000-6000 R),1,45791,10352,very high (>=10 psi),4,B479,B-212
Wyoming,Teton,56039,medium (3000-6000 R),1,11553,4012,no (<0.5 psi),0,B479,B-212
Wyoming,Uinta,56041,medium (3000-6000 R),1,26235,2085,no (<0.5 psi),0,B479,B-212
Wyoming,Washakie,56043,high (6000-15000 R),2,10106,2243,no (<0.5 psi),0,B479,B-212
Wyoming,Weston,56045,high (6000-15000 R),2,8025,2402,very high (>=10 psi),4,B479,B-212
Arizona,Apache,04001,low (<3000 R),0,53418,11211,low (0.5-2 psi),1,B482,B-216
Arizona,Cochise,04003,low (<3000 R),0,95247,6219,very high (>=10 psi),4,B482,B-216
Arizona,Coconino,04005,low (<3000 R),0,85381,18608,very high (>=10 psi),4,B482,B-216
Arizona,Gila,04007,low (<3000 R),0,38830,4753,no (<0.5 psi),0,B482,B-216
Arizona,Graham,04009,low (<3000 R),0,23316,4631,no (<0.5 psi),0,B482,B-216
Arizona,Greenlee,04011,low (<3000 R),0,9640,1837,no (<0.5 psi),0,B482,B-216
Arizona,Maricopa,04013,low (<3000 R),0,1766060,9127,very high (>=10 psi),4,B482,B-216
Arizona,Mohave,04015,low (<3000 R),0,71818,13285,very high (>=10 psi),4,B482,B-216
Arizona,Navajo,04017,low (<3000 R),0,72022,9995,no (<0.5 psi),0,B482,B-216
Arizona,Pima,04019,low (<3000 R),0,610597,9187,very high (>=10 psi),4,B482,B-216
Arizona,Pinal,04021,low (<3000 R),0,102303,5343,medium (2-5 psi),2,B482,B-216
Arizona,Santa Cruz,04023,low (<3000 R),0,21417,1238,medium (2-5 psi),2,B482,B-216
Arizona,Yavapai,04025,low (<3000 R),0,81196,8122,no (<0.5 psi),0,B482,B-216
Arizona,Yuma,04027,low (<3000 R),0,107743,9994,very high (>=10 psi),4,B482,B-216
California,Alameda,06001,medium (3000-6000 R),1,1190343,736,very high (>=10 psi),4,B484,B-218
California,Alpine,06003,medium (3000-6000 R),1,1141,739,no (<0.5 psi),0,B484,B-218
California,Amador,06005,low (<3000 R),0,22813,589,low (0.5-2 psi),1,B484,B-218
California,Butte,06007,low (<3000 R),0,162165,1646,low (0.5-2 psi),1,B484,B-218
California,Calaveras,06009,medium (3000-6000 R),1,26876,1021,low (0.5-2 psi),1,B484,B-218
California,Colusa,06011,medium (3000-6000 R),1,14543,1153,no (<0.5 psi),0,B484,B-218
California,Contra Costa,06013,medium (3000-6000 R),1,708382,730,very high (>=10 psi),4,B484,B-218
California,Del Norte,06015,low (<3000 R),0,18370,1007,very high (>=10 psi),4,B484,B-218
California,El Dorado,06017,medium (3000-6000 R),1,102112,1715,low (0.5-2 psi),1,B484,B-218
California,Fresno,06019,high (6000-15000 R),2,574401,5978,very high (>=10 psi),4,B484,B-218
California,Glenn,06021,low (<3000 R),0,22999,1319,no (<0.5 psi),0,B484,B-218
California,Humboldt,06023,low (<3000 R),0,112294,3579,medium (2-5 psi),2,B484,B-218
California,Imperial,06025,medium (3000-6000 R),1,104881,4173,very high (>=10 psi),4,B484,B-218
California,Inyo,06027,high (6000-15000 R),2,18372,10223,no (<0.5 psi),0,B484,B-218
California,Kern,06029,very high (>15000 R),3,477128,8130,very high (>=10 psi),4,B484,B-218
California,Kings,06031,very high (>15000 R),3,83706,1392,very high (>=10 psi),4,B484,B-218
California,Lake,06033,medium (3000-6000 R),1,47940,1262,no (<0.5 psi),0,B484,B-218
California,Lassen,06035,low (<3000 R),0,24433,4553,very high (>=10 psi),4,B484,B-218
California,Los Angeles,06037,high (6000-15000 R),2,8006962,4070,very high (>=10 psi),4,B484,B-218
California,Madera,06039,medium (3000-6000 R),1,76585,2145,low (0.5-2 psi),1,B484,B-218
California,Marin,06041,high (6000-15000 R),2,224538,523,very high (>=10 psi),4,B484,B-218
California,Mariposa,06043,medium (3000-6000 R),1,13230,1456,low (0.5-2 psi),1,B484,B-218
California,Mendocino,06045,low (<3000 R),0,72881,3512,very high (>=10 psi),4,B484,B-218
California,Merced,06047,medium (3000-6000 R),1,159970,1944,very high (>=10 psi),4,B484,B-218
California,Modoc,06049,low (<3000 R),0,9810,4046,no (<0.5 psi),0,B484,B-218
California,Mono,06051,low (<3000 R),0,9243,3019,no (<0.5 psi),0,B485,B-219
California,Monterey,06053,very high (>15000 R),3,326370,3303,very high (>=10 psi),4,B485,B-219
California,Napa,06055,high (6000-15000 R),2,102667,744,medium (2-5 psi),2,B485,B-219
California,Nevada,06057,medium (3000-6000 R),1,68276,960,low (0.5-2 psi),1,B485,B-219
California,Orange,06059,medium (3000-6000 R),1,2111396,798,very high (>=10 psi),4,B485,B-219
California,Placer,06061,medium (3000-6000 R),1,137111,1416,medium (2-5 psi),2,B485,B-219
California,Plumas,06063,low (<3000 R),0,18745,2573,medium (2-5 psi),2,B485,B-219
California,Riverside,06065,medium (3000-6000 R),1,805521,7214,very high (>=10 psi),4,B485,B-219
California,Sacremento,06067,high (6000-15000 R),2,887649,971,very high (>=10 psi),4,B485,B-219
California,San Benito,06069,high (6000-15000 R),2,30158,1388,low (0.5-2 psi),1,B485,B-219
California,San Bernadino,06071,high (6000-15000 R),2,1068239,20064,very high (>=10 psi),4,B485,B-219
California,San Diego,06073,medium (3000-6000 R),1,2114283,4212,very high (>=10 psi),4,B485,B-219
California,San Francisco,06075,high (6000-15000 R),2,721187,46,very high (>=10 psi),4,B485,B-219
California,San Joaquin,06077,medium (3000-6000 R),1,411407,1415,very high (>=10 psi),4,B485,B-219
California,San Luis Obispo,06079,very high (>15000 R),3,184867,3308,very high (>=10 psi),4,B485,B-219
California,San Mateo,06081,low (<3000 R),0,609317,447,very high (>=10 psi),4,B485,B-219
California,Santa Barbara,06083,high (6000-15000 R),2,328764,2748,very high (>=10 psi),4,B485,B-219
California,Santa Clara,06085,high (6000-15000 R),2,1390579,1293,very high (>=10 psi),4,B485,B-219
California,Santa Cruz,06087,high (6000-15000 R),2,210206,446,medium (2-5 psi),2,B485,B-219
California,Shasta,06089,low (<3000 R),0,129180,3786,no (<0.5 psi),0,B485,B-219
California,Sierra,06091,low (<3000 R),0,3403,959,low (0.5-2 psi),1,B485,B-219
California,Siskiyou,06093,low (<3000 R),0,42324,6281,low (0.5-2 psi),1,B485,B-219
California,Soland,06095,high (6000-15000 R),2,273235,834,very high (>=10 psi),4,B485,B-219
California,Sonoma,06097,medium (3000-6000 R),1,332912,1604,medium (2-5 psi),2,B485,B-219
California,Stanislaus,06099,medium (3000-6000 R),1,303105,1506,very high (>=10 psi),4,B485,B-219
California,Sutter,06101,medium (3000-6000 R),1,58181,602,low (0.5-2 psi),1,B485,B-219
California,Tehama,06103,low (<3000 R),0,44142,2953,no (<0.5 psi),0,B485,B-219
California,Trinity,06105,low (<3000 R),0,13486,3190,no (<0.5 psi),0,B485,B-219
California,Tulare,06107,very high (>15000 R),3,279040,4808,medium (2-5 psi),2,B485,B-219
California,Tuolumne,06109,medium (3000-6000 R),1,39613,2234,no (<0.5 psi),0,B485,B-219
California,Ventura,06111,high (6000-15000 R),2,598564,1862,very high (>=10 psi),4,B486,B-220
California,Yolo,06113,high (6000-15000 R),2,122536,1014,low (0.5-2 psi),1,B486,B-220
California,Yuba,06115,medium (3000-6000 R),1,53263,640,very high (>=10 psi),4,B486,B-220
Hawaii,Hawaii,15001,low (<3000 R),0,109953,4034,low (0.5-2 psi),1,B488,B-222
Hawaii,Honolulu,15003,low (<3000 R),0,815900,597,low (0.5-2 psi),1,B488,B-222
Hawaii,Kalawaa,15005,low (<3000 R),0,144,14,low (0.5-2 psi),1,B488,B-222
Hawaii,Kauai,15007,low (<3000 R),0,45191,620,low (0.5-2 psi),1,B488,B-222
Hawaii,Maui,15009,low (<3000 R),0,86082,1162,low (0.5-2 psi),1,B488,B-222
Nevada,Churchill,32001,low (<3000 R),0,14479,4990,very high (>=10 psi),4,B490,B-224
Nevada,Clark,32003,medium (3000-6000 R),1,554764,7881,very high (>=10 psi),4,B490,B-224
Nevada,Doublas,32005,medium (3000-6000 R),1,21345,708,medium (2-5 psi),2,B490,B-224
Nevada,Elko,32007,low (<3000 R),0,21012,17135,no (<0.5 psi),0,B490,B-224
Nevada,Esmeralda,32009,medium (3000-6000 R),1,1531,3587,low (0.5-2 psi),1,B490,B-224
Nevada,Eureka,32011,low (<3000 R),0,1342,4175,no (<0.5 psi),0,B490,B-224
Nevada,Humboldt,32013,low (<3000 R),0,11285,9698,no (<0.5 psi),0,B490,B-224
Nevada,Lander,32015,low (<3000 R),0,4455,5515,no (<0.5 psi),0,B490,B-224
Nevada,Lincoln,32017,low (<3000 R),0,3493,10635,no (<0.5 psi),0,B490,B-224
Nevada,Lyon,32019,medium (3000-6000 R),1,16208,2007,medium (2-5 psi),2,B490,B-224
Nevada,Mineral,32021,low (<3000 R),0,5961,3744,no (<0.5 psi),0,B490,B-224
Nevada,Nye,32023,medium (3000-6000 R),1,15772,18155,very high (>=10 psi),4,B490,B-224
Nevada,Pershing,32027,low (<3000 R),0,3587,6036,no (<0.5 psi),0,B490,B-224
Nevada,Storey,32029,medium (3000-6000 R),1,1877,264,low (0.5-2 psi),1,B490,B-224
Nevada,Washoe,32031,low (<3000 R),0,215966,6317,very high (>=10 psi),4,B490,B-224
Nevada,White Pine,32033,low (<3000 R),0,8231,8902,no (<0.5 psi),0,B490,B-224
Nevada,Carson City (Ind),32510,low (<3000 R),0,36883,146,very high (>=10 psi),4,B490,B-224
Territory Of American Samoa,Entire Territory,,low (<3000 R),0,35000,77,,,B492,B-226
Territory Of Guam,Entire Territory,,low (<3000 R),0,112900,209,,,B494,B-228
U.S. Trust Territory,Entire Territory,,low (<3000 R),0,116149,533,,,B496,B-230
Alaska,Aleutian Islands,,low (<3000 R),0,7066,10890,,,B499,B-234
Alaska,Anchorage,02020,low (<3000 R),0,239699,1732,low (0.5-2 psi),1,B499,B-234
Alaska,Bethel,02050,low (<3000 R),0,12358,36104,low (0.5-2 psi),1,B499,B-234
Alaska,Bristol Bay,02060,low (<3000 R),0,1142,531,low (0.5-2 psi),1,B499,B-234
Alaska,Dillingham,02070,low (<3000 R),0,4988,46042,low (0.5-2 psi),1,B499,B-234
Alaska,Fairbanks North,02090,low (<3000 R),0,64320,7404,low (0.5-2 psi),1,B499,B-234
Alaska,Haines,02100,low (<3000 R),0,1997,2374,low (0.5-2 psi),1,B499,B-234
Alaska,Juneau,02110,low (<3000 R),0,24835,2626,low (0.5-2 psi),1,B499,B-234
Alaska,Kenai Peninsula,02122,low (<3000 R),0,43080,16056,low (0.5-2 psi),1,B499,B-234
Alaska,Ketchikan Gateway,02130,low (<3000 R),0,13381,1242,low (0.5-2 psi),1,B499,B-234
Alaska,Kobuk,02188,low (<3000 R),0,5768,31593,low (0.5-2 psi),1,B499,B-234
Alaska,Kodiak Island,02150,low (<3000 R),0,17229,4796,low (0.5-2 psi),1,B499,B-234
Alaska,Matanuska-Susitn,02170,low (<3000 R),0,32533,24502,low (0.5-2 psi),1,B499,B-234
Alaska,Nome,02180,low (<3000 R),0,7758,23871,low (0.5-2 psi),1,B499,B-234
Alaska,North Slope,02185,low (<3000 R),0,5303,90955,low (0.5-2 psi),1,B499,B-234
Alaska,Prince of Wales,02201,low (<3000 R),0,5077,7660,low (0.5-2 psi),1,B499,B-234
Alaska,Sitka,02220,low (<3000 R),0,7344,2938,low (0.5-2 psi),1,B499,B-234
Alaska,Skagway-Yakutat,02231,low (<3000 R),0,4068,13239,low (0.5-2 psi),1,B499,B-234
Alaska,SE Fairbanks,02240,low (<3000 R),0,6428,24169,low (0.5-2 psi),1,B499,B-234
Alaska,Valdez-Cordova,02261,low (<3000 R),0,8583,39229,low (0.5-2 psi),1,B499,B-234
Alaska,Wade Hampton,02270,low (<3000 R),0,5725,17816,low (0.5-2 psi),1,B499,B-234
Alaska,Wrangell-Petersburg,02280,low (<3000 R),0,6396,5965,low (0.5-2 psi),1,B499,B-234
Alaska,Yukon-Koyukuk,02290,low (<3000 R),0,9193,159099,low (0.5-2 psi),1,B499,B-234
Idaho,Ada,16001,low (<3000 R),0,193281,1052,very high (>=10 psi),4,B501,B-236
Idaho,Adams,16003,low (<3000 R),0,3432,1362,no (<0.5 psi),0,B501,B-236
Idaho,Bannock,16005,medium (3000-6000 R),1,69355,1112,very high (>=10 psi),4,B501,B-236
Idaho,Bear Lake,16007,medium (3000-6000 R),1,7181,990,low (0.5-2 psi),1,B501,B-236
Idaho,Benewah,16009,medium (3000-6000 R),1,8678,784,low (0.5-2 psi),1,B501,B-236
Idaho,Bingham,16011,medium (3000-6000 R),1,38633,2096,medium (2-5 psi),2,B501,B-236
Idaho,Blaine,16013,medium (3000-6000 R),1,13418,2635,no (<0.5 psi),0,B501,B-236
Idaho,Boise,16015,low (<3000 R),0,2907,1901,low (0.5-2 psi),1,B501,B-236
Idaho,Bonner,16017,medium (3000-6000 R),1,26862,1727,no (<0.5 psi),0,B501,B-236
Idaho,Bonneville,16019,medium (3000-6000 R),1,69727,1840,very high (>=10 psi),4,B501,B-236
Idaho,Boundary,16021,medium (3000-6000 R),1,7620,1268,no (<0.5 psi),0,B501,B-236
Idaho,Butte,16023,medium (3000-6000 R),1,3359,2236,no (<0.5 psi),0,B501,B-236
Idaho,Camas,16025,medium (3000-6000 R),1,765,1071,no (<0.5 psi),0,B501,B-236
Idaho,Canyon,16027,low (<3000 R),0,88722,584,low (0.5-2 psi),1,B501,B-236
Idaho,Caribou,16029,medium (3000-6000 R),1,8673,1763,very high (>=10 psi),4,B501,B-236
Idaho,Cassia,16031,low (<3000 R),0,21278,2560,no (<0.5 psi),0,B501,B-236
Idaho,Clark,16033,medium (3000-6000 R),1,779,1763,no (<0.5 psi),0,B501,B-236
Idaho,Clearwater,16035,low (<3000 R),0,10291,2236,no (<0.5 psi),0,B501,B-236
Idaho,Custer,16037,low (<3000 R),0,6866,4927,no (<0.5 psi),0,B501,B-236
Idaho,Elmore,16039,high (6000-15000 R),2,22234,3071,very high (>=10 psi),4,B501,B-236
Idaho,Franklin,16041,medium (3000-6000 R),1,9856,664,no (<0.5 psi),0,B501,B-236
Idaho,Fremont,16043,high (6000-15000 R),2,10996,1852,no (<0.5 psi),0,B501,B-236
Idaho,Gem,16045,low (<3000 R),0,11460,558,low (0.5-2 psi),1,B501,B-236
Idaho,Gooding,16047,medium (3000-6000 R),1,12580,728,no (<0.5 psi),0,B501,B-236
Idaho,Idaho,16049,low (<3000 R),0,14527,8497,no (<0.5 psi),0,B501,B-236
Idaho,Jefferson,16051,medium (3000-6000 R),1,16569,1093,low (0.5-2 psi),1,B502,B-237
Idaho,Jerome,16053,medium (3000-6000 R),1,16212,601,no (<0.5 psi),0,B502,B-237
Idaho,Kootenai,16055,medium (3000-6000 R),1,67097,1240,medium (2-5 psi),2,B502,B-237
Idaho,Latah,16057,medium (3000-6000 R),1,30625,1077,no (<0.5 psi),0,B502,B-237
Idaho,Lemhi,16059,low (<3000 R),0,7891,4564,no (<0.5 psi),0,B502,B-237
Idaho,Lewis,16061,low (<3000 R),0,3922,478,no (<0.5 psi),0,B502,B-237
Idaho,Lincoln,16063,medium (3000-6000 R),1,3756,1205,no (<0.5 psi),0,B502,B-237
Idaho,Madison,16065,high (6000-15000 R),2,22102,468,no (<0.5 psi),0,B502,B-237
Idaho,Minidoka,16067,medium (3000-6000 R),1,21531,758,no (<0.5 psi),0,B502,B-237
Idaho,Nez Perce,16069,low (<3000 R),0,33254,845,no (<0.5 psi),0,B502,B-237
Idaho,Oneida,16071,medium (3000-6000 R),1,3539,1200,no (<0.5 psi),0,B502,B-237
Idaho,Owyhee,16073,medium (3000-6000 R),1,8839,7643,low (0.5-2 psi),1,B502,B-237
Idaho,Payette,16075,low (<3000 R),0,15937,405,no (<0.5 psi),0,B502,B-237
Idaho,Power,16077,medium (3000-6000 R),1,6852,1403,high (5-10 psi),3,B502,B-237
Idaho,Shoshone,16079,medium (3000-6000 R),1,16897,2641,no (<0.5 psi),0,B502,B-237
Idaho,Teton,16081,high (6000-15000 R),2,3302,448,no (<0.5 psi),0,B502,B-237
Idaho,Twin Falls,16083,medium (3000-6000 R),1,56904,1944,no (<0.5 psi),0,B502,B-237
Idaho,Valley,16085,low (<3000 R),0,7000,3670,no (<0.5 psi),0,B502,B-237
Idaho,Washington,16087,low (<3000 R),0,8572,1454,no (<0.5 psi),0,B502,B-237
Oregon,Baker,41001,low (<3000 R),0,16399,3072,no (<0.5 psi),0,B504,B-240
Oregon,Benton,41003,low (<3000 R),0,65950,679,no (<0.5 psi),0,B504,B-240
Oregon,Clackamas,41005,low (<3000 R),0,255328,1870,medium (2-5 psi),2,B504,B-240
Oregon,Clatsop,41007,low (<3000 R),0,32360,805,very high (>=10 psi),4,B504,B-240
Oregon,Columbia,41009,low (<3000 R),0,37060,651,very high (>=10 psi),4,B504,B-240
Oregon,Coos,41011,low (<3000 R),0,60458,1606,very high (>=10 psi),4,B504,B-240
Oregon,Crook,41013,low (<3000 R),0,13003,2984,no (<0.5 psi),0,B504,B-240
Oregon,Curry,41015,low (<3000 R),0,16878,1629,low (0.5-2 psi),1,B504,B-240
Oregon,Deschutes,41017,low (<3000 R),0,65782,3025,no (<0.5 psi),0,B504,B-240
Oregon,Douglas,41019,low (<3000 R),0,91809,5044,low (0.5-2 psi),1,B504,B-240
Oregon,Gilliam,41021,low (<3000 R),0,1883,1213,no (<0.5 psi),0,B504,B-240
Oregon,Grant,41023,low (<3000 R),0,8231,4525,no (<0.5 psi),0,B504,B-240
Oregon,Harney,41025,low (<3000 R),0,6989,10174,no (<0.5 psi),0,B504,B-240
Oregon,Hood River,41027,low (<3000 R),0,16536,521,no (<0.5 psi),0,B504,B-240
Oregon,Jackson,41029,low (<3000 R),0,136961,2787,no (<0.5 psi),0,B504,B-240
Oregon,Jefferson,41031,low (<3000 R),0,12797,1789,no (<0.5 psi),0,B504,B-240
Oregon,Josephine,41033,low (<3000 R),0,64672,1640,no (<0.5 psi),0,B504,B-240
Oregon,Klamath,41035,low (<3000 R),0,58300,5954,very high (>=10 psi),4,B504,B-240
Oregon,Lake,41037,low (<3000 R),0,7880,8251,no (<0.5 psi),0,B504,B-240
Oregon,Lane,41039,low (<3000 R),0,264127,4562,no (<0.5 psi),0,B504,B-240
Oregon,Lincoln,41041,low (<3000 R),0,37132,980,low (0.5-2 psi),1,B504,B-240
Oregon,Linn,41043,low (<3000 R),0,90056,2296,low (0.5-2 psi),1,B504,B-240
Oregon,Malheur,41045,low (<3000 R),0,29073,9861,no (<0.5 psi),0,B504,B-240
Oregon,Marion,41047,low (<3000 R),0,211140,1184,very high (>=10 psi),4,B504,B-240
Oregon,Morrow,41049,low (<3000 R),0,7813,2044,medium (2-5 psi),2,B504,B-240
Oregon,Multnomah,41051,low (<3000 R),0,561570,431,very high (>=10 psi),4,B505,B-241
Oregon,Polk,41053,low (<3000 R),0,45358,741,high (5-10 psi),3,B505,B-241
Oregon,Sherman,41055,low (<3000 R),0,2294,827,no (<0.5 psi),0,B505,B-241
Oregon,Tillamook,41057,low (<3000 R),0,21679,1101,very high (>=10 psi),4,B505,B-241
Oregon,Umatilla,41059,low (<3000 R),0,60893,3217,very high (>=10 psi),4,B505,B-241
Oregon,Union,41061,low (<3000 R),0,24745,2036,no (<0.5 psi),0,B505,B-241
Oregon,Wallowa,41063,low (<3000 R),0,7595,3150,no (<0.5 psi),0,B505,B-241
Oregon,Wasco,41065,low (<3000 R),0,22521,2385,no (<0.5 psi),0,B505,B-241
Oregon,Washington,41067,low (<3000 R),0,268875,725,medium (2-5 psi),2,B505,B-241
Oregon,Wheeler,41069,low (<3000 R),0,1489,1713,no (<0.5 psi),0,B505,B-241
Oregon,Yamhill,41071,low (<3000 R),0,58290,715,low (0.5-2 psi),1,B505,B-241
Washington,Adams,53001,low (<3000 R),0,13664,1922,low (0.5-2 psi),1,B507,B-244
Washington,Asotin,53003,low (<3000 R),0,17309,635,no (<0.5 psi),0,B507,B-244
Washington,Benton,53005,low (<3000 R),0,113359,1715,very high (>=10 psi),4,B507,B-244
Washington,Chelan,53007,medium (3000-6000 R),1,49587,2915,no (<0.5 psi),0,B507,B-244
Washington,Clallam,53009,medium (3000-6000 R),1,52381,1753,very high (>=10 psi),4,B507,B-244
Washington,Clark,53011,low (<3000 R),0,207459,627,very high (>=10 psi),4,B507,B-244
Washington,Columbia,53013,low (<3000 R),0,4031,864,no (<0.5 psi),0,B507,B-244
Washington,Cowlitz,53015,low (<3000 R),0,79164,1139,very high (>=10 psi),4,B507,B-244
Washington,Douglas,53017,medium (3000-6000 R),1,24068,1817,no (<0.5 psi),0,B507,B-244
Washington,Ferry,53019,low (<3000 R),0,6023,2200,no (<0.5 psi),0,B507,B-244
Washington,Franklin,53021,low (<3000 R),0,36914,1243,medium (2-5 psi),2,B507,B-244
Washington,Garfield,53023,low (<3000 R),0,2567,706,no (<0.5 psi),0,B507,B-244
Washington,Grant,53025,low (<3000 R),0,52678,2660,very high (>=10 psi),4,B507,B-244
Washington,Grays Harbor,53027,low (<3000 R),0,64224,1918,low (0.5-2 psi),1,B507,B-244
Washington,Island,53029,high (6000-15000 R),2,48374,212,very high (>=10 psi),4,B507,B-244
Washington,Jefferson,53031,medium (3000-6000 R),1,17748,1805,very high (>=10 psi),4,B507,B-244
Washington,King,53033,medium (3000-6000 R),1,1337360,2128,very high (>=10 psi),4,B507,B-244
Washington,Kitsap,53035,high (6000-15000 R),2,169172,393,very high (>=10 psi),4,B507,B-244
Washington,Kittitas,53037,medium (3000-6000 R),1,25016,2308,low (0.5-2 psi),1,B507,B-244
Washington,Klickitat,53039,low (<3000 R),0,16603,1880,no (<0.5 psi),0,B507,B-244
Washington,Lewis,53041,medium (3000-6000 R),1,57735,2409,no (<0.5 psi),0,B507,B-244
Washington,Lincoln,53043,low (<3000 R),0,9627,2310,low (0.5-2 psi),1,B507,B-244
Washington,Mason,53045,medium (3000-6000 R),1,35586,961,low (0.5-2 psi),1,B507,B-244
Washington,Okanogan,53047,low (<3000 R),0,33037,5281,no (<0.5 psi),0,B507,B-244
Washington,Pacific,53049,low (<3000 R),0,17922,908,medium (2-5 psi),2,B507,B-244
Washington,Pend Oreille,53051,low (<3000 R),0,8902,1400,no (<0.5 psi),0,B508,B-245
Washington,Pierce,53053,medium (3000-6000 R),1,523288,1675,very high (>=10 psi),4,B508,B-245
Washington,San Juan,53055,high (6000-15000 R),2,8901,179,medium (2-5 psi),2,B508,B-245
Washington,Skagit,53057,medium (3000-6000 R),1,70097,1735,very high (>=10 psi),4,B508,B-245
Washington,Skamania,53059,low (<3000 R),0,7467,1672,no (<0.5 psi),0,B508,B-245
Washington,Snohomish,53061,medium (3000-6000 R),1,375615,2098,very high (>=10 psi),4,B508,B-245
Washington,Spokane,53063,high (6000-15000 R),2,355552,1764,very high (>=10 psi),4,B508,B-245
Washington,Stevens,53065,low (<3000 R),0,31565,2468,low (0.5-2 psi),1,B508,B-245
Washington,Thurston,53067,medium (3000-6000 R),1,141832,727,very high (>=10 psi),4,B508,B-245
Washington,Wahkiakum,53069,low (<3000 R),0,3681,261,low (0.5-2 psi),1,B508,B-245
Washington,Walla Walla,53071,low (<3000 R),0,48500,1261,low (0.5-2 psi),1,B508,B-245
Washington,Whatcom,53073,medium (3000-6000 R),1,113087,2125,very high (>=10 psi),4,B508,B-245
Washington,Whitman,53075,medium (3000-6000 R),1,41031,2151,no (<0.5 psi),0,B508,B-245
Washington,Yakima,53077,medium (3000-6000 R),1,181146,4287,very high (>=10 psi),4,B508,B-245
