plan_id,planner,target_country,plan_year,provenance,seq,name_source,name_modern,target_class,selected,priority,weapons,yield_kt,lat,lon,source_doc,source_url,source_page,quote,notes
us_1956_sac_airfields,US (SAC),USSR,1956,study,1,ABAKAN,,airfield,1,1042,,,53.7167,91.45,"SAC, Atomic Weapons Requirements Study for 1959 (SM 129-56, June 1956), Part II airfield list (NSA EBB 538, doc. 06)",https://nsarchive2.gwu.edu/nukevault/ebb538-Cold-War-Nuclear-Target-List-Declassified-First-Ever/documents/section6.pdf,PDF p.2 (A002-L03),1042 0020 ABAKAN 0161-8002 5343-09127 R,reference number 0020; BE 0161-8002; code R
us_1956_sac_airfields,US (SAC),USSR,1956,study,2,ACHINSK,,airfield,1,814,,,56.2667,90.4667,"SAC, Atomic Weapons Requirements Study for 1959 (SM 129-56, June 1956), Part II airfield list (NSA EBB 538, doc. 06)",https://nsarchive2.gwu.edu/nukevault/ebb538-Cold-War-Nuclear-Target-List-Declassified-First-Ever/documents/section6.pdf,PDF p.2 (A002-L04),814 0024 ACHINSK 0159-8007 5616-09028 R,reference number 0024; BE 0159-8007; code R
us_1956_sac_airfields,US (SAC),USSR,1956,study,3,ADLER,,airfield,1,771,,,43.45,39.9333,"SAC, Atomic Weapons Requirements Study for 1959 (SM 129-56, June 1956), Part II airfield list (NSA EBB 538, doc. 06)",https://nsarchive2.gwu.edu/nukevault/ebb538-Cold-War-Nuclear-Target-List-Declassified-First-Ever/documents/section6.pdf,PDF p.2 (A002-L05),771 6270 ADLER 0324-8635 4327-03956 R,reference number 6270; BE 0324-8635; code R
us_1956_sac_airfields,US (SAC),USSR,1956,study,4,AFRIKANDA,,airfield,1,47,,,67.4667,32.8,"SAC, Atomic Weapons Requirements Study for 1959 (SM 129-56, June 1956), Part II airfield list (NSA EBB 538, doc. 06)",https://nsarchive2.gwu.edu/nukevault/ebb538-Cold-War-Nuclear-Target-List-Declassified-First-Ever/documents/section6.pdf,PDF p.2 (A002-L06),47 0034 AFRIKANDA 0091-8601 6728-03248 R,reference number 0034; BE 0091-8601; code R
us_1956_sac_airfields,US (SAC),USSR,1956,study,5,AKTYURINSK,,airfield,1,727,,,50.1667,57.1667,"SAC, Atomic Weapons Requirements Study for 1959 (SM 129-56, June 1956), Part II airfield list (NSA EBB 538, doc. 06)",https://nsarchive2.gwu.edu/nukevault/ebb538-Cold-War-Nuclear-Target-List-Declassified-First-Ever/documents/section6.pdf,PDF p.2 (A002-L07),727 0080 AKTYURINSK 0236-8002 5010-05710 R,reference number 0080; BE 0236-8002; code R
us_1956_sac_airfields,US (SAC),USSR,1956,study,6,ALAKURTTI,,airfield,1,48,,,66.9667,30.35,"SAC, Atomic Weapons Requirements Study for 1959 (SM 129-56, June 1956), Part II airfield list (NSA EBB 538, doc. 06)",https://nsarchive2.gwu.edu/nukevault/ebb538-Cold-War-Nuclear-Target-List-Declassified-First-Ever/documents/section6.pdf,PDF p.2 (A002-L08),48 0096 ALAKURTTI 0091-8602 6658-03021 R,reference number 0096; BE 0091-8602; code R
us_1956_sac_airfields,US (SAC),USSR,1956,study,7,ALAPAYEVSK,,airfield,1,952,,,57.8667,61.75,"SAC, Atomic Weapons Requirements Study for 1959 (SM 129-56, June 1956), Part II airfield list (NSA EBB 538, doc. 06)",https://nsarchive2.gwu.edu/nukevault/ebb538-Cold-War-Nuclear-Target-List-Declassified-First-Ever/documents/section6.pdf,PDF p.2 (A002-L09),952 0100 ALAPAYEVSK 0156-8024 5752-06145 R,reference number 0100; BE 0156-8024; code R
us_1956_sac_airfields,US (SAC),USSR,1956,study,8,ALEKSANDROVSK,,airfield,1,683,,,50.8833,142.1667,"SAC, Atomic Weapons Requirements Study for 1959 (SM 129-56, June 1956), Part II airfield list (NSA EBB 538, doc. 06)",https://nsarchive2.gwu.edu/nukevault/ebb538-Cold-War-Nuclear-Target-List-Declassified-First-Ever/documents/section6.pdf,PDF p.2 (A002-L10),683 0120 ALEKSANDROVSK 0205-8001 5053-14210 R,reference number 0120; BE 0205-8001; code R
us_1956_sac_airfields,US (SAC),USSR,1956,study,9,ALEKSEYEVSKOYE,,airfield,1,91,,,49.2833,140.2667,"SAC, Atomic Weapons Requirements Study for 1959 (SM 129-56, June 1956), Part II airfield list (NSA EBB 538, doc. 06)",https://nsarchive2.gwu.edu/nukevault/ebb538-Cold-War-Nuclear-Target-List-Declassified-First-Ever/documents/section6.pdf,PDF p.2 (A002-L11),91 0125 ALEKSEYEVSKOYE 0204-8658 4917-14016 R,reference number 0125; BE 0204-8658; code R
us_1956_sac_airfields,US (SAC),Romania,1956,study,10,"ALEXENI, RUM",,airfield,1,401,,,44.7,26.7333,"SAC, Atomic Weapons Requirements Study for 1959 (SM 129-56, June 1956), Part II airfield list (NSA EBB 538, doc. 06)",https://nsarchive2.gwu.edu/nukevault/ebb538-Cold-War-Nuclear-Target-List-Declassified-First-Ever/documents/section6.pdf,PDF p.2 (A002-L12),"401 0138 ALEXENI, RUM 0251-8076 4442-02644 R",reference number 0138; BE 0251-8076; code R
us_1956_sac_airfields,US (SAC),USSR,1956,study,11,ALMA ATA,,airfield,1,867,,,43.35,77.0,"SAC, Atomic Weapons Requirements Study for 1959 (SM 129-56, June 1956), Part II airfield list (NSA EBB 538, doc. 06)",https://nsarchive2.gwu.edu/nukevault/ebb538-Cold-War-Nuclear-Target-List-Declassified-First-Ever/documents/section6.pdf,PDF p.2 (A002-L13),867 0160 ALMA ATA 0329-8602 4321-07700 R,reference number 0160; BE 0329-8602; code R
us_1956_sac_airfields,US (SAC),USSR,1956,study,12,ALMA ATA N.,,airfield,1,1043,,,43.3833,76.9833,"SAC, Atomic Weapons Requirements Study for 1959 (SM 129-56, June 1956), Part II airfield list (NSA EBB 538, doc. 06)",https://nsarchive2.gwu.edu/nukevault/ebb538-Cold-War-Nuclear-Target-List-Declassified-First-Ever/documents/section6.pdf,PDF p.2 (A002-L14),1043 0160 ALMA ATA N. 0329-8501 4323-07659 S,reference number 0160; BE 0329-8501; code S
us_1956_sac_airfields,US (SAC),USSR,1956,study,13,ALMA ATA N.W.,,airfield,1,1044,,,43.35,76.8333,"SAC, Atomic Weapons Requirements Study for 1959 (SM 129-56, June 1956), Part II airfield list (NSA EBB 538, doc. 06)",https://nsarchive2.gwu.edu/nukevault/ebb538-Cold-War-Nuclear-Target-List-Declassified-First-Ever/documents/section6.pdf,PDF p.2 (A002-L15),1044 0160 ALMA ATA N.W. 0329-8603 4321-07650 T,reference number 0160; BE 0329-8603; code T
us_1956_sac_airfields,US (SAC),GDR,1956,study,14,"ALTENBURG, E GER",,airfield,1,355,,,50.9833,12.5,"SAC, Atomic Weapons Requirements Study for 1959 (SM 129-56, June 1956), Part II airfield list (NSA EBB 538, doc. 06)",https://nsarchive2.gwu.edu/nukevault/ebb538-Cold-War-Nuclear-Target-List-Declassified-First-Ever/documents/section6.pdf,PDF p.2 (A002-L16),"355 0185 ALTENBURG, E GER 0231-8055 5059-01230 R",reference number 0185; BE 0231-8055; code R
us_1956_sac_airfields,US (SAC),GDR,1956,study,15,"ALT LONNEWITZ, E GER",,airfield,1,442,,,51.55,13.2167,"SAC, Atomic Weapons Requirements Study for 1959 (SM 129-56, June 1956), Part II airfield list (NSA EBB 538, doc. 06)",https://nsarchive2.gwu.edu/nukevault/ebb538-Cold-War-Nuclear-Target-List-Declassified-First-Ever/documents/section6.pdf,PDF p.2 (A002-L17),"442 8485 ALT LONNEWITZ, E GER 0231-8056 5133-01313 R",reference number 8485; BE 0231-8056; code R
us_1956_sac_airfields,US (SAC),USSR,1956,study,16,ALYTUS,,airfield,1,857,,,54.4167,24.05,"SAC, Atomic Weapons Requirements Study for 1959 (SM 129-56, June 1956), Part II airfield list (NSA EBB 538, doc. 06)",https://nsarchive2.gwu.edu/nukevault/ebb538-Cold-War-Nuclear-Target-List-Declassified-First-Ever/documents/section6.pdf,PDF p.2 (A002-L18),857 0189 ALYTUS 0168-8601 5425-02403 R,reference number 0189; BE 0168-8601; code R
us_1956_sac_airfields,US (SAC),USSR,1956,study,17,AMDERMA,,airfield,1,52,,,59.75,61.6667,"SAC, Atomic Weapons Requirements Study for 1959 (SM 129-56, June 1956), Part II airfield list (NSA EBB 538, doc. 06)",https://nsarchive2.gwu.edu/nukevault/ebb538-Cold-War-Nuclear-Target-List-Declassified-First-Ever/documents/section6.pdf,PDF p.2 (A002-L19),52 0201 AMDERMA 0049-8001 5945-06140 R,reference number 0201; BE 0049-8001; code R
us_1956_sac_airfields,US (SAC),USSR,1956,study,18,ANADYR/LENINKA,,airfield,1,27,,,64.7333,177.7833,"SAC, Atomic Weapons Requirements Study for 1959 (SM 129-56, June 1956), Part II airfield list (NSA EBB 538, doc. 06)",https://nsarchive2.gwu.edu/nukevault/ebb538-Cold-War-Nuclear-Target-List-Declassified-First-Ever/documents/section6.pdf,PDF p.2 (A002-L20),27 0230 ANADYR/LENINKA 0075-8001 6444-17747 R,reference number 0230; BE 0075-8001; code R
us_1956_sac_airfields,US (SAC),USSR,1956,study,19,ANADYR/MYS NIZMENNY,,airfield,1,64,,,64.8,177.6,"SAC, Atomic Weapons Requirements Study for 1959 (SM 129-56, June 1956), Part II airfield list (NSA EBB 538, doc. 06)",https://nsarchive2.gwu.edu/nukevault/ebb538-Cold-War-Nuclear-Target-List-Declassified-First-Ever/documents/section6.pdf,PDF p.2 (A002-L21),64 0230 ANADYR/MYS NIZMENNY 0075-8003 6448-17736 S,reference number 0230; BE 0075-8003; code S
us_1956_sac_airfields,US (SAC),USSR,1956,study,20,ANAPA,,airfield,1,892,,,44.8667,37.3333,"SAC, Atomic Weapons Requirements Study for 1959 (SM 129-56, June 1956), Part II airfield list (NSA EBB 538, doc. 06)",https://nsarchive2.gwu.edu/nukevault/ebb538-Cold-War-Nuclear-Target-List-Declassified-First-Ever/documents/section6.pdf,PDF p.2 (A002-L22),892 0231 ANAPA 0249-8093 4452-03720 R,reference number 0231; BE 0249-8093; code R
us_1956_sac_airfields,US (SAC),USSR,1956,study,21,ANDIZHAN,,airfield,1,134,,,40.7333,72.3,"SAC, Atomic Weapons Requirements Study for 1959 (SM 129-56, June 1956), Part II airfield list (NSA EBB 538, doc. 06)",https://nsarchive2.gwu.edu/nukevault/ebb538-Cold-War-Nuclear-Target-List-Declassified-First-Ever/documents/section6.pdf,PDF p.2 (A002-L23),134 0236 ANDIZHAN 0328-8602 4044-07218 R,reference number 0236; BE 0328-8602; code R
us_1956_sac_airfields,US (SAC),PRC,1956,study,22,"ANKANG, CHINA",,airfield,1,722,,,32.7,108.9333,"SAC, Atomic Weapons Requirements Study for 1959 (SM 129-56, June 1956), Part II airfield list (NSA EBB 538, doc. 06)",https://nsarchive2.gwu.edu/nukevault/ebb538-Cold-War-Nuclear-Target-List-Declassified-First-Ever/documents/section6.pdf,PDF p.2 (A002-L24),"722 02485 ANKANG, CHINA 0384-8415 3242-10856 R",reference number 02485; BE 0384-8415; code R
us_1956_sac_airfields,US (SAC),USSR,1956,study,23,ANTONOVKA,,airfield,1,291,,,44.3833,134.3833,"SAC, Atomic Weapons Requirements Study for 1959 (SM 129-56, June 1956), Part II airfield list (NSA EBB 538, doc. 06)",https://nsarchive2.gwu.edu/nukevault/ebb538-Cold-War-Nuclear-Target-List-Declassified-First-Ever/documents/section6.pdf,PDF p.2 (A002-L25),291 3776 ANTONOVKA 0282-8602 4423-13423 S,reference number 3776; BE 0282-8602; code S
us_1956_sac_airfields,US (SAC),PRC,1956,study,24,"AN TUNG, MANCH",,airfield,1,275,,,40.0167,124.2833,"SAC, Atomic Weapons Requirements Study for 1959 (SM 129-56, June 1956), Part II airfield list (NSA EBB 538, doc. 06)",https://nsarchive2.gwu.edu/nukevault/ebb538-Cold-War-Nuclear-Target-List-Declassified-First-Ever/documents/section6.pdf,PDF p.2 (A002-L26),"275 02495 AN TUNG, MANCH 0290-8017 4001-12417 R",Manchuria; reference number 02495; BE 0290-8017; code R
us_1956_sac_airfields,US (SAC),Romania,1956,study,25,"ARAD CEALA, RUM",,airfield,1,553,,,46.1833,21.2667,"SAC, Atomic Weapons Requirements Study for 1959 (SM 129-56, June 1956), Part II airfield list (NSA EBB 538, doc. 06)",https://nsarchive2.gwu.edu/nukevault/ebb538-Cold-War-Nuclear-Target-List-Declassified-First-Ever/documents/section6.pdf,PDF p.2 (A002-L27),"553 0265 ARAD CEALA, RUM 0251-8006 4611-02116 R",reference number 0265; BE 0251-8006; code R
us_1956_sac_airfields,US (SAC),USSR,1956,study,26,ARKHANGELSK,,airfield,1,53,,,64.4333,40.4167,"SAC, Atomic Weapons Requirements Study for 1959 (SM 129-56, June 1956), Part II airfield list (NSA EBB 538, doc. 06)",https://nsarchive2.gwu.edu/nukevault/ebb538-Cold-War-Nuclear-Target-List-Declassified-First-Ever/documents/section6.pdf,PDF p.2 (A002-L28),53 0270 ARKHANGELSK 0092-8001 6426-04025 R,reference number 0270; BE 0092-8001; code R
us_1956_sac_airfields,US (SAC),USSR,1956,study,27,ARKHANGELSK/BAKARITSA,,airfield,1,893,,,,40.5833,"SAC, Atomic Weapons Requirements Study for 1959 (SM 129-56, June 1956), Part II airfield list (NSA EBB 538, doc. 06)",https://nsarchive2.gwu.edu/nukevault/ebb538-Cold-War-Nuclear-Target-List-Declassified-First-Ever/documents/section6.pdf,PDF p.2 (A002-L29),893 0270 ARKHANGELSK/BAKARITSA 0092-8002 6478-04035 T,reference number 0270; BE 0092-8002; code T; coordinate not legible or printed with minutes >= 60
us_1956_sac_airfields,US (SAC),USSR,1956,study,28,ARKHANGELSK/OSTROV KEG,,airfield,1,62,,,64.5333,40.4667,"SAC, Atomic Weapons Requirements Study for 1959 (SM 129-56, June 1956), Part II airfield list (NSA EBB 538, doc. 06)",https://nsarchive2.gwu.edu/nukevault/ebb538-Cold-War-Nuclear-Target-List-Declassified-First-Ever/documents/section6.pdf,PDF p.3 (A003-L01),62 0270 ARKHANGELSK/OSTROV KEG 0092-8004 6432-04028 U,reference number 0270; BE 0092-8004; code U
us_1956_sac_airfields,US (SAC),USSR,1956,study,29,ARKHANGELSK/TALAGI,,airfield,1,953,,,64.5833,40.7,"SAC, Atomic Weapons Requirements Study for 1959 (SM 129-56, June 1956), Part II airfield list (NSA EBB 538, doc. 06)",https://nsarchive2.gwu.edu/nukevault/ebb538-Cold-War-Nuclear-Target-List-Declassified-First-Ever/documents/section6.pdf,PDF p.3 (A003-L02),953 0270 ARKHANGELSK/TALAGI 0092-8005 6435-04042 S,reference number 0270; BE 0092-8005; code S
us_1956_sac_airfields,US (SAC),USSR,1956,study,30,ARKHANGELSK/YAGODNIK,,airfield,1,49,,,64.4,40.9,"SAC, Atomic Weapons Requirements Study for 1959 (SM 129-56, June 1956), Part II airfield list (NSA EBB 538, doc. 06)",https://nsarchive2.gwu.edu/nukevault/ebb538-Cold-War-Nuclear-Target-List-Declassified-First-Ever/documents/section6.pdf,PDF p.3 (A003-L03),49 0270 ARKHANGELSK/YAGODNIK 0092-8006 6424-04054 V,reference number 0270; BE 0092-8006; code V
us_1956_sac_airfields,US (SAC),USSR,1956,study,31,ARKHARA,,airfield,1,1045,,,49.4333,130.0667,"SAC, Atomic Weapons Requirements Study for 1959 (SM 129-56, June 1956), Part II airfield list (NSA EBB 538, doc. 06)",https://nsarchive2.gwu.edu/nukevault/ebb538-Cold-War-Nuclear-Target-List-Declassified-First-Ever/documents/section6.pdf,PDF p.3 (A003-L04),1045 0275 ARKHARA 0203-8601 4926-13004 R,reference number 0275; BE 0203-8601; code R
us_1956_sac_airfields,US (SAC),USSR,1956,study,32,ARMAVIR,,airfield,1,679,,,44.9667,41.1167,"SAC, Atomic Weapons Requirements Study for 1959 (SM 129-56, June 1956), Part II airfield list (NSA EBB 538, doc. 06)",https://nsarchive2.gwu.edu/nukevault/ebb538-Cold-War-Nuclear-Target-List-Declassified-First-Ever/documents/section6.pdf,PDF p.3 (A003-L05),679 0280 ARMAVIR 0249-8004 4458-04107 R,reference number 0280; BE 0249-8004; code R
us_1956_sac_airfields,US (SAC),USSR,1956,study,33,ARTEM/KNEVICHI,,airfield,1,690,,,43.4,132.2,"SAC, Atomic Weapons Requirements Study for 1959 (SM 129-56, June 1956), Part II airfield list (NSA EBB 538, doc. 06)",https://nsarchive2.gwu.edu/nukevault/ebb538-Cold-War-Nuclear-Target-List-Declassified-First-Ever/documents/section6.pdf,PDF p.3 (A003-L06),690 0290 ARTEM/KNEVICHI 0291-8602 4324-13212 V,reference number 0290; BE 0291-8602; code V
us_1956_sac_airfields,US (SAC),USSR,1956,study,34,ARTEM N.,,airfield,1,84,,,43.4,132.1667,"SAC, Atomic Weapons Requirements Study for 1959 (SM 129-56, June 1956), Part II airfield list (NSA EBB 538, doc. 06)",https://nsarchive2.gwu.edu/nukevault/ebb538-Cold-War-Nuclear-Target-List-Declassified-First-Ever/documents/section6.pdf,PDF p.3 (A003-L07),84 0290 ARTEM N. 0291-8603 4324-13210 R,reference number 0290; BE 0291-8603; code R
us_1956_sac_airfields,US (SAC),USSR,1956,study,35,ARTEM N.W.,,airfield,1,772,,,43.3667,132.15,"SAC, Atomic Weapons Requirements Study for 1959 (SM 129-56, June 1956), Part II airfield list (NSA EBB 538, doc. 06)",https://nsarchive2.gwu.edu/nukevault/ebb538-Cold-War-Nuclear-Target-List-Declassified-First-Ever/documents/section6.pdf,PDF p.3 (A003-L08),772 0290 ARTEM N.W. 0291-8004 4322-13209 W,reference number 0290; BE 0291-8004; code W
us_1956_sac_airfields,US (SAC),USSR,1956,study,36,ARZAMAS,,airfield,1,579,,,55.35,43.7,"SAC, Atomic Weapons Requirements Study for 1959 (SM 129-56, June 1956), Part II airfield list (NSA EBB 538, doc. 06)",https://nsarchive2.gwu.edu/nukevault/ebb538-Cold-War-Nuclear-Target-List-Declassified-First-Ever/documents/section6.pdf,PDF p.3 (A003-L09),579 0310 ARZAMAS 0166-8002 5521-04342 R,reference number 0310; BE 0166-8002; code R
us_1956_sac_airfields,US (SAC),USSR,1956,study,37,ASHKHABAD/FIRYUZA,,airfield,1,467,,,37.9167,58.0833,"SAC, Atomic Weapons Requirements Study for 1959 (SM 129-56, June 1956), Part II airfield list (NSA EBB 538, doc. 06)",https://nsarchive2.gwu.edu/nukevault/ebb538-Cold-War-Nuclear-Target-List-Declassified-First-Ever/documents/section6.pdf,PDF p.3 (A003-L10),467 0330 ASHKHABAD/FIRYUZA 0338-8601 3755-05805 T,reference number 0330; BE 0338-8601; code T
us_1956_sac_airfields,US (SAC),USSR,1956,study,38,ASHKHABAD N.W.,,airfield,1,479,,,37.9667,58.3667,"SAC, Atomic Weapons Requirements Study for 1959 (SM 129-56, June 1956), Part II airfield list (NSA EBB 538, doc. 06)",https://nsarchive2.gwu.edu/nukevault/ebb538-Cold-War-Nuclear-Target-List-Declassified-First-Ever/documents/section6.pdf,PDF p.3 (A003-L11),479 0330 ASHKHABAD N.W. 0338-8602 3758-05822 R,reference number 0330; BE 0338-8602; code R
us_1956_sac_airfields,US (SAC),Poland,1956,study,39,"ASLAU, POL",,airfield,1,490,,,51.3167,15.7333,"SAC, Atomic Weapons Requirements Study for 1959 (SM 129-56, June 1956), Part II airfield list (NSA EBB 538, doc. 06)",https://nsarchive2.gwu.edu/nukevault/ebb538-Cold-War-Nuclear-Target-List-Declassified-First-Ever/documents/section6.pdf,PDF p.3 (A003-L12),"490 1055 ASLAU, POL 0231-8084 5119-01544 R",reference number 1055; BE 0231-8084; code R
us_1956_sac_airfields,US (SAC),USSR,1956,study,40,ASTARA,,airfield,1,1046,,,38.45,48.8333,"SAC, Atomic Weapons Requirements Study for 1959 (SM 129-56, June 1956), Part II airfield list (NSA EBB 538, doc. 06)",https://nsarchive2.gwu.edu/nukevault/ebb538-Cold-War-Nuclear-Target-List-Declassified-First-Ever/documents/section6.pdf,PDF p.3 (A003-L13),1046 03375 ASTARA 0339-8604 3827-04850 R,reference number 03375; BE 0339-8604; code R
us_1956_sac_airfields,US (SAC),USSR,1956,study,41,ASTE,,airfield,1,894,,,58.3667,22.45,"SAC, Atomic Weapons Requirements Study for 1959 (SM 129-56, June 1956), Part II airfield list (NSA EBB 538, doc. 06)",https://nsarchive2.gwu.edu/nukevault/ebb538-Cold-War-Nuclear-Target-List-Declassified-First-Ever/documents/section6.pdf,PDF p.3 (A003-L14),894 4215 ASTE 0153-8101 5822-02227 U,reference number 4215; BE 0153-8101; code U
us_1956_sac_airfields,US (SAC),USSR,1956,study,42,ASTRAKHAN,,airfield,1,861,,,46.2833,48.0,"SAC, Atomic Weapons Requirements Study for 1959 (SM 129-56, June 1956), Part II airfield list (NSA EBB 538, doc. 06)",https://nsarchive2.gwu.edu/nukevault/ebb538-Cold-War-Nuclear-Target-List-Declassified-First-Ever/documents/section6.pdf,PDF p.3 (A003-L15),861 0340 ASTRAKHAN 0248-8004 4617-04800 S,reference number 0340; BE 0248-8004; code S
us_1956_sac_airfields,US (SAC),USSR,1956,study,43,ATKARSK S.E.,,airfield,1,674,,,51.8,45.1167,"SAC, Atomic Weapons Requirements Study for 1959 (SM 129-56, June 1956), Part II airfield list (NSA EBB 538, doc. 06)",https://nsarchive2.gwu.edu/nukevault/ebb538-Cold-War-Nuclear-Target-List-Declassified-First-Ever/documents/section6.pdf,PDF p.3 (A003-L16),674 0342 ATKARSK S.E. 0235-8002 5148-04507 S,reference number 0342; BE 0235-8002; code S
us_1956_sac_airfields,US (SAC),USSR,1956,study,44,BABSTOVO,,airfield,1,808,,,48.1,132.4667,"SAC, Atomic Weapons Requirements Study for 1959 (SM 129-56, June 1956), Part II airfield list (NSA EBB 538, doc. 06)",https://nsarchive2.gwu.edu/nukevault/ebb538-Cold-War-Nuclear-Target-List-Declassified-First-Ever/documents/section6.pdf,PDF p.3 (A003-L17),808 4442 BABSTOVO 0203-8602 4806-13228 S,reference number 4442; BE 0203-8602; code S
us_1956_sac_airfields,US (SAC),USSR,1956,study,45,BADA N.,,airfield,1,33,,,51.4,109.8667,"SAC, Atomic Weapons Requirements Study for 1959 (SM 129-56, June 1956), Part II airfield list (NSA EBB 538, doc. 06)",https://nsarchive2.gwu.edu/nukevault/ebb538-Cold-War-Nuclear-Target-List-Declassified-First-Ever/documents/section6.pdf,PDF p.3 (A003-L18),33 0390 BADA N. 0201-8601 5124-10952 R,reference number 0390; BE 0201-8601; code R
us_1956_sac_airfields,US (SAC),USSR,1956,study,46,BADA W.,,airfield,1,895,,,51.3833,109.8667,"SAC, Atomic Weapons Requirements Study for 1959 (SM 129-56, June 1956), Part II airfield list (NSA EBB 538, doc. 06)",https://nsarchive2.gwu.edu/nukevault/ebb538-Cold-War-Nuclear-Target-List-Declassified-First-Ever/documents/section6.pdf,PDF p.3 (A003-L19),895 0390 BADA W. 0201-8602 5123-10952 S,reference number 0390; BE 0201-8602; code S
us_1956_sac_airfields,US (SAC),USSR,1956,study,47,BAKU,,airfield,1,278,,,40.4167,49.8833,"SAC, Atomic Weapons Requirements Study for 1959 (SM 129-56, June 1956), Part II airfield list (NSA EBB 538, doc. 06)",https://nsarchive2.gwu.edu/nukevault/ebb538-Cold-War-Nuclear-Target-List-Declassified-First-Ever/documents/section6.pdf,PDF p.3 (A003-L20),278 0460 BAKU 0325-8607 4025-04953 T,reference number 0460; BE 0325-8607; code T
us_1956_sac_airfields,US (SAC),USSR,1956,study,48,BAKU/BINA,,airfield,1,222,,,40.45,50.0667,"SAC, Atomic Weapons Requirements Study for 1959 (SM 129-56, June 1956), Part II airfield list (NSA EBB 538, doc. 06)",https://nsarchive2.gwu.edu/nukevault/ebb538-Cold-War-Nuclear-Target-List-Declassified-First-Ever/documents/section6.pdf,PDF p.3 (A003-L21),222 0460 BAKU/BINA 0325-8611 4027-05004 R,reference number 0460; BE 0325-8611; code R
us_1956_sac_airfields,US (SAC),USSR,1956,study,49,BAKU/ZABRAT,,airfield,1,1047,,,40.4833,49.9833,"SAC, Atomic Weapons Requirements Study for 1959 (SM 129-56, June 1956), Part II airfield list (NSA EBB 538, doc. 06)",https://nsarchive2.gwu.edu/nukevault/ebb538-Cold-War-Nuclear-Target-List-Declassified-First-Ever/documents/section6.pdf,PDF p.3 (A003-L22),1047 0460 BAKU/ZABRAT 0325-8622 4029-04959 S,reference number 0460; BE 0325-8622; code S
us_1956_sac_airfields,US (SAC),Romania,1956,study,50,"BALACI, RUM",,airfield,1,444,,,44.3667,24.9833,"SAC, Atomic Weapons Requirements Study for 1959 (SM 129-56, June 1956), Part II airfield list (NSA EBB 538, doc. 06)",https://nsarchive2.gwu.edu/nukevault/ebb538-Cold-War-Nuclear-Target-List-Declassified-First-Ever/documents/section6.pdf,PDF p.3 (A003-L23),"444 0465 BALACI, RUM 0251-8073 4422-02459 R",reference number 0465; BE 0251-8073; code R
us_1956_sac_airfields,US (SAC),USSR,1956,study,51,BALASHOV,,airfield,1,631,,,51.5333,43.1667,"SAC, Atomic Weapons Requirements Study for 1959 (SM 129-56, June 1956), Part II airfield list (NSA EBB 538, doc. 06)",https://nsarchive2.gwu.edu/nukevault/ebb538-Cold-War-Nuclear-Target-List-Declassified-First-Ever/documents/section6.pdf,PDF p.3 (A003-L24),631 0490 BALASHOV 0235-8003 5132-04310 R,reference number 0490; BE 0235-8003; code R
us_1956_sac_airfields,US (SAC),USSR,1956,study,52,BALASHOV N.,,airfield,1,1048,,,51.6333,43.1667,"SAC, Atomic Weapons Requirements Study for 1959 (SM 129-56, June 1956), Part II airfield list (NSA EBB 538, doc. 06)",https://nsarchive2.gwu.edu/nukevault/ebb538-Cold-War-Nuclear-Target-List-Declassified-First-Ever/documents/section6.pdf,PDF p.3 (A003-L25),1048 0490 BALASHOV N. 0235-8004 5138-04310 S,reference number 0490; BE 0235-8004; code S
us_1956_sac_airfields,US (SAC),Bulgaria,1956,study,53,"BALCHIK, BULG",,airfield,1,292,,,43.4333,28.1833,"SAC, Atomic Weapons Requirements Study for 1959 (SM 129-56, June 1956), Part II airfield list (NSA EBB 538, doc. 06)",https://nsarchive2.gwu.edu/nukevault/ebb538-Cold-War-Nuclear-Target-List-Declassified-First-Ever/documents/section6.pdf,PDF p.3 (A003-L26),"292 7765 BALCHIK, BULG 0323-8022 4326-02811 R",reference number 7765; BE 0323-8022; code R
us_1956_sac_airfields,US (SAC),Poland,1956,study,54,"BALICE, POL",,airfield,1,293,,,50.0833,19.8,"SAC, Atomic Weapons Requirements Study for 1959 (SM 129-56, June 1956), Part II airfield list (NSA EBB 538, doc. 06)",https://nsarchive2.gwu.edu/nukevault/ebb538-Cold-War-Nuclear-Target-List-Declassified-First-Ever/documents/section6.pdf,PDF p.3 (A003-L27),"293 4005 BALICE, POL 0232-8286 5005-01948 S",reference number 4005; BE 0232-8286; code S
us_1956_sac_airfields,US (SAC),USSR,1956,study,55,BALKHASH,,airfield,1,175,,,46.8667,75.0,"SAC, Atomic Weapons Requirements Study for 1959 (SM 129-56, June 1956), Part II airfield list (NSA EBB 538, doc. 06)",https://nsarchive2.gwu.edu/nukevault/ebb538-Cold-War-Nuclear-Target-List-Declassified-First-Ever/documents/section6.pdf,PDF p.4 (A004-L03),175 0500 BALKHASH 0244-8603 4652-07500 R,reference number 0500; BE 0244-8603; code R
us_1956_sac_airfields,US (SAC),USSR,1956,study,56,BALTIYSK/NOYTIF,,airfield,1,319,,,54.6167,19.8833,"SAC, Atomic Weapons Requirements Study for 1959 (SM 129-56, June 1956), Part II airfield list (NSA EBB 538, doc. 06)",https://nsarchive2.gwu.edu/nukevault/ebb538-Cold-War-Nuclear-Target-List-Declassified-First-Ever/documents/section6.pdf,PDF p.4 (A004-L04),319 0510 BALTIYSK/NOYTIF 0169-8601 5437-01953 R,reference number 0510; BE 0169-8601; code R
us_1956_sac_airfields,US (SAC),USSR,1956,study,57,BARABINSK,,airfield,1,173,,,55.3667,78.3167,"SAC, Atomic Weapons Requirements Study for 1959 (SM 129-56, June 1956), Part II airfield list (NSA EBB 538, doc. 06)",https://nsarchive2.gwu.edu/nukevault/ebb538-Cold-War-Nuclear-Target-List-Declassified-First-Ever/documents/section6.pdf,PDF p.4 (A004-L05),173 0547 BARABINSK 0162-8001 5522-07819 R,reference number 0547; BE 0162-8001; code R
us_1956_sac_airfields,US (SAC),USSR,1956,study,58,BARANOVICHI,,airfield,1,3,,,53.1,26.05,"SAC, Atomic Weapons Requirements Study for 1959 (SM 129-56, June 1956), Part II airfield list (NSA EBB 538, doc. 06)",https://nsarchive2.gwu.edu/nukevault/ebb538-Cold-War-Nuclear-Target-List-Declassified-First-Ever/documents/section6.pdf,PDF p.4 (A004-L06),3 0550 BARANOVICHI 0168-8602 5306-02603 R,reference number 0550; BE 0168-8602; code R
us_1956_sac_airfields,US (SAC),USSR,1956,study,59,BARANOVKA,,airfield,1,448,,,52.1333,46.9667,"SAC, Atomic Weapons Requirements Study for 1959 (SM 129-56, June 1956), Part II airfield list (NSA EBB 538, doc. 06)",https://nsarchive2.gwu.edu/nukevault/ebb538-Cold-War-Nuclear-Target-List-Declassified-First-Ever/documents/section6.pdf,PDF p.4 (A004-L07),448 9180 BARANOVKA 0166-8038 5208-04658 S,reference number 9180; BE 0166-8038; code S
us_1956_sac_airfields,US (SAC),USSR,1956,study,60,BARNAUL,,airfield,1,1049,,,53.3333,83.6833,"SAC, Atomic Weapons Requirements Study for 1959 (SM 129-56, June 1956), Part II airfield list (NSA EBB 538, doc. 06)",https://nsarchive2.gwu.edu/nukevault/ebb538-Cold-War-Nuclear-Target-List-Declassified-First-Ever/documents/section6.pdf,PDF p.4 (A004-L08),1049 0560 BARNAUL 0162-8002 5320-08341 R,reference number 0560; BE 0162-8002; code R
us_1956_sac_airfields,US (SAC),GDR,1956,study,61,"BARTH, E GER",,airfield,1,734,,,54.3333,12.7167,"SAC, Atomic Weapons Requirements Study for 1959 (SM 129-56, June 1956), Part II airfield list (NSA EBB 538, doc. 06)",https://nsarchive2.gwu.edu/nukevault/ebb538-Cold-War-Nuclear-Target-List-Declassified-First-Ever/documents/section6.pdf,PDF p.4 (A004-L09),"734 7915 BARTH, E GER 0169-8211 5420-01243 R",reference number 7915; BE 0169-8211; code R
us_1956_sac_airfields,US (SAC),USSR,1956,study,62,BATUMI,,airfield,1,354,,,41.6,41.6,"SAC, Atomic Weapons Requirements Study for 1959 (SM 129-56, June 1956), Part II airfield list (NSA EBB 538, doc. 06)",https://nsarchive2.gwu.edu/nukevault/ebb538-Cold-War-Nuclear-Target-List-Declassified-First-Ever/documents/section6.pdf,PDF p.4 (A004-L10),354 0590 BATUMI 0324-8604 4136-04136 S,reference number 0590; BE 0324-8604; code S
us_1956_sac_airfields,US (SAC),USSR,1956,study,63,BAUSKA,,airfield,1,954,,,56.4,24.2333,"SAC, Atomic Weapons Requirements Study for 1959 (SM 129-56, June 1956), Part II airfield list (NSA EBB 538, doc. 06)",https://nsarchive2.gwu.edu/nukevault/ebb538-Cold-War-Nuclear-Target-List-Declassified-First-Ever/documents/section6.pdf,PDF p.4 (A004-L11),954 0593 BAUSKA 0153-8005 5624-02414 R,reference number 0593; BE 0153-8005; code R
us_1956_sac_airfields,US (SAC),GDR,1956,study,64,"BAUTZEN/LITTEN, E GER",,airfield,1,548,,,51.1833,14.5,"SAC, Atomic Weapons Requirements Study for 1959 (SM 129-56, June 1956), Part II airfield list (NSA EBB 538, doc. 06)",https://nsarchive2.gwu.edu/nukevault/ebb538-Cold-War-Nuclear-Target-List-Declassified-First-Ever/documents/section6.pdf,PDF p.4 (A004-L12),"548 0595 BAUTZEN/LITTEN, E GER 0231-8164 5111-01430 R",reference number 0595; BE 0231-8164; code R
us_1956_sac_airfields,US (SAC),USSR,1956,study,65,BAYSUN,,airfield,1,955,,,38.2167,67.2,"SAC, Atomic Weapons Requirements Study for 1959 (SM 129-56, June 1956), Part II airfield list (NSA EBB 538, doc. 06)",https://nsarchive2.gwu.edu/nukevault/ebb538-Cold-War-Nuclear-Target-List-Declassified-First-Ever/documents/section6.pdf,PDF p.4 (A004-L13),955 0612 BAYSUN 0336-8062 3813-06712 R,reference number 0612; BE 0336-8062; code R
us_1956_sac_airfields,US (SAC),Czechoslovakia,1956,study,66,"BECHYNE, CZECH",,airfield,1,443,,,49.2833,14.5,"SAC, Atomic Weapons Requirements Study for 1959 (SM 129-56, June 1956), Part II airfield list (NSA EBB 538, doc. 06)",https://nsarchive2.gwu.edu/nukevault/ebb538-Cold-War-Nuclear-Target-List-Declassified-First-Ever/documents/section6.pdf,PDF p.4 (A004-L14),"443 8125 BECHYNE, CZECH 0231-8165 4917-01430 R",reference number 8125; BE 0231-8165; code R
us_1956_sac_airfields,US (SAC),USSR,1956,study,67,BELAYA,,airfield,1,692,,,52.9,103.5833,"SAC, Atomic Weapons Requirements Study for 1959 (SM 129-56, June 1956), Part II airfield list (NSA EBB 538, doc. 06)",https://nsarchive2.gwu.edu/nukevault/ebb538-Cold-War-Nuclear-Target-List-Declassified-First-Ever/documents/section6.pdf,PDF p.4 (A004-L15),692 8850 BELAYA 0200-8005 5254-10335 S,reference number 8850; BE 0200-8005; code S
us_1956_sac_airfields,US (SAC),USSR,1956,study,68,BELAYA TSERKOV,,airfield,1,22,,,49.8,30.0333,"SAC, Atomic Weapons Requirements Study for 1959 (SM 129-56, June 1956), Part II airfield list (NSA EBB 538, doc. 06)",https://nsarchive2.gwu.edu/nukevault/ebb538-Cold-War-Nuclear-Target-List-Declassified-First-Ever/documents/section6.pdf,PDF p.4 (A004-L16),22 0622 BELAYA TSERKOV 0233-8002 4948-03002 R,reference number 0622; BE 0233-8002; code R
us_1956_sac_airfields,US (SAC),USSR,1956,study,69,BELOMORSK,,airfield,1,57,,,64.5167,34.7667,"SAC, Atomic Weapons Requirements Study for 1959 (SM 129-56, June 1956), Part II airfield list (NSA EBB 538, doc. 06)",https://nsarchive2.gwu.edu/nukevault/ebb538-Cold-War-Nuclear-Target-List-Declassified-First-Ever/documents/section6.pdf,PDF p.4 (A004-L17),57 0640 BELOMORSK 0091-8604 6431-03446 R,reference number 0640; BE 0091-8604; code R
us_1956_sac_airfields,US (SAC),USSR,1956,study,70,BELTSY,,airfield,1,806,,,47.95,27.95,"SAC, Atomic Weapons Requirements Study for 1959 (SM 129-56, June 1956), Part II airfield list (NSA EBB 538, doc. 06)",https://nsarchive2.gwu.edu/nukevault/ebb538-Cold-War-Nuclear-Target-List-Declassified-First-Ever/documents/section6.pdf,PDF p.4 (A004-L18),806 06605 BELTSY 0250-8617 4757-02757 R,reference number 06605; BE 0250-8617; code R
us_1956_sac_airfields,US (SAC),USSR,1956,study,71,BELUSHYA,,airfield,1,1080,,,71.5833,52.4667,"SAC, Atomic Weapons Requirements Study for 1959 (SM 129-56, June 1956), Part II airfield list (NSA EBB 538, doc. 06)",https://nsarchive2.gwu.edu/nukevault/ebb538-Cold-War-Nuclear-Target-List-Declassified-First-Ever/documents/section6.pdf,PDF p.4 (A004-L19),1080 5603 BELUSHYA 0050-8002 7135-05228 R,reference number 5603; BE 0050-8002; code R
us_1956_sac_airfields,US (SAC),Albania,1956,study,72,"BERAT/KUCOVE, ALB",,airfield,1,520,,,40.7833,19.9,"SAC, Atomic Weapons Requirements Study for 1959 (SM 129-56, June 1956), Part II airfield list (NSA EBB 538, doc. 06)",https://nsarchive2.gwu.edu/nukevault/ebb538-Cold-War-Nuclear-Target-List-Declassified-First-Ever/documents/section6.pdf,PDF p.4 (A004-L20),"520 0665 BERAT/KUCOVE, ALB 0322-8001 4047-01954 R",reference number 0665; BE 0322-8001; code R
us_1956_sac_airfields,US (SAC),USSR,1956,study,73,BERDICHEV,,airfield,1,621,,,49.8833,28.5167,"SAC, Atomic Weapons Requirements Study for 1959 (SM 129-56, June 1956), Part II airfield list (NSA EBB 538, doc. 06)",https://nsarchive2.gwu.edu/nukevault/ebb538-Cold-War-Nuclear-Target-List-Declassified-First-Ever/documents/section6.pdf,PDF p.4 (A004-L21),621 0670 BERDICHEV 0233-8004 4953-02831 R,reference number 0670; BE 0233-8004; code R
us_1956_sac_airfields,US (SAC),Hungary,1956,study,74,"BERETTYOUJFALU, HUNG",,airfield,1,552,,,47.2333,21.5167,"SAC, Atomic Weapons Requirements Study for 1959 (SM 129-56, June 1956), Part II airfield list (NSA EBB 538, doc. 06)",https://nsarchive2.gwu.edu/nukevault/ebb538-Cold-War-Nuclear-Target-List-Declassified-First-Ever/documents/section6.pdf,PDF p.4 (A004-L22),"552 5795 BERETTYOUJFALU, HUNG 0251-8079 4714-02131 R",reference number 5795; BE 0251-8079; code R
us_1956_sac_airfields,US (SAC),USSR,1956,study,75,BEREZA/KARTUZKAYA,,airfield,1,147,,,52.55,24.8833,"SAC, Atomic Weapons Requirements Study for 1959 (SM 129-56, June 1956), Part II airfield list (NSA EBB 538, doc. 06)",https://nsarchive2.gwu.edu/nukevault/ebb538-Cold-War-Nuclear-Target-List-Declassified-First-Ever/documents/section6.pdf,PDF p.4 (A004-L23),147 0678 BEREZA/KARTUZKAYA 0168-8692 5233-02453 R,reference number 0678; BE 0168-8692; code R
us_1956_sac_airfields,US (SAC),USSR,1956,study,76,BEZENCHUCK,,airfield,1,468,,,52.95,49.3833,"SAC, Atomic Weapons Requirements Study for 1959 (SM 129-56, June 1956), Part II airfield list (NSA EBB 538, doc. 06)",https://nsarchive2.gwu.edu/nukevault/ebb538-Cold-War-Nuclear-Target-List-Declassified-First-Ever/documents/section6.pdf,PDF p.4 (A004-L24),468 1200 BEZENCHUCK 0165-8008 5257-04923 S,reference number 1200; BE 0165-8008; code S
us_1956_sac_airfields,US (SAC),USSR,1956,study,77,BEZHETSK,,airfield,1,478,,,57.7167,36.6667,"SAC, Atomic Weapons Requirements Study for 1959 (SM 129-56, June 1956), Part II airfield list (NSA EBB 538, doc. 06)",https://nsarchive2.gwu.edu/nukevault/ebb538-Cold-War-Nuclear-Target-List-Declassified-First-Ever/documents/section6.pdf,PDF p.4 (A004-L25),478 0730 BEZHETSK 0154-5743-03640 R,reference number 0730; BE 0154-; code R
us_1956_sac_airfields,US (SAC),Bulgaria,1956,study,78,"BEZMER, BULG",,airfield,1,367,,,42.45,26.35,"SAC, Atomic Weapons Requirements Study for 1959 (SM 129-56, June 1956), Part II airfield list (NSA EBB 538, doc. 06)",https://nsarchive2.gwu.edu/nukevault/ebb538-Cold-War-Nuclear-Target-List-Declassified-First-Ever/documents/section6.pdf,PDF p.4 (A004-L26),"367 9604 BEZMER, BULG 0322-8064 4227-02621 S",reference number 9604; BE 0322-8064; code S
us_1956_sac_airfields,US (SAC),Poland,1956,study,79,"BIALA PODLASKA, POL",,airfield,1,524,,,52.0167,23.15,"SAC, Atomic Weapons Requirements Study for 1959 (SM 129-56, June 1956), Part II airfield list (NSA EBB 538, doc. 06)",https://nsarchive2.gwu.edu/nukevault/ebb538-Cold-War-Nuclear-Target-List-Declassified-First-Ever/documents/section6.pdf,PDF p.4 (A004-L27),"524 0746 BIALA PODLASKA, POL 0168-8201 5201-02309 R",reference number 0746; BE 0168-8201; code R
us_1956_sac_airfields,US (SAC),USSR,1956,study,80,BIRMA,,airfield,1,712,,,51.35,128.7,"SAC, Atomic Weapons Requirements Study for 1959 (SM 129-56, June 1956), Part II airfield list (NSA EBB 538, doc. 06)",https://nsarchive2.gwu.edu/nukevault/ebb538-Cold-War-Nuclear-Target-List-Declassified-First-Ever/documents/section6.pdf,PDF p.4 (A004-L28),712 7415 BIRMA 0203-8606 5121-12842 S,reference number 7415; BE 0203-8606; code S
us_1956_sac_airfields,US (SAC),USSR,1956,study,81,BIROBIDZHAN,,airfield,1,635,,,49.75,132.9667,"SAC, Atomic Weapons Requirements Study for 1959 (SM 129-56, June 1956), Part II airfield list (NSA EBB 538, doc. 06)",https://nsarchive2.gwu.edu/nukevault/ebb538-Cold-War-Nuclear-Target-List-Declassified-First-Ever/documents/section6.pdf,PDF p.4 (A004-L29),635 0766 BIROBIDZHAN 0203-8001 4945-13258 S,reference number 0766; BE 0203-8001; code S
us_1956_sac_airfields,US (SAC),USSR,1956,study,82,BIROBIDZHAN S.,,airfield,1,880,,,48.5833,133.05,"SAC, Atomic Weapons Requirements Study for 1959 (SM 129-56, June 1956), Part II airfield list (NSA EBB 538, doc. 06)",https://nsarchive2.gwu.edu/nukevault/ebb538-Cold-War-Nuclear-Target-List-Declassified-First-Ever/documents/section6.pdf,PDF p.5 (A005-L03),880 0766 BIROBIDZHAN S. 0203-8002 4835-13303 R,reference number 0766; BE 0203-8002; code R
us_1956_sac_airfields,US (SAC),USSR,1956,study,83,BIROFELD,,airfield,1,856,,,48.35,132.7833,"SAC, Atomic Weapons Requirements Study for 1959 (SM 129-56, June 1956), Part II airfield list (NSA EBB 538, doc. 06)",https://nsarchive2.gwu.edu/nukevault/ebb538-Cold-War-Nuclear-Target-List-Declassified-First-Ever/documents/section6.pdf,PDF p.5 (A005-L04),856 4442 BIROFELD 0203-8003 4821-13247 T,reference number 4442; BE 0203-8003; code T
us_1956_sac_airfields,US (SAC),USSR,1956,study,84,BLAGOVESHCHENSK,,airfield,1,1050,,,50.3,127.5,"SAC, Atomic Weapons Requirements Study for 1959 (SM 129-56, June 1956), Part II airfield list (NSA EBB 538, doc. 06)",https://nsarchive2.gwu.edu/nukevault/ebb538-Cold-War-Nuclear-Target-List-Declassified-First-Ever/documents/section6.pdf,PDF p.5 (A005-L05),1050 0790 BLAGOVESHCHENSK 0203-8612 5018-12730 R,reference number 0790; BE 0203-8612; code R
us_1956_sac_airfields,US (SAC),USSR,1956,study,85,BOBROVICHI,,airfield,1,951,,,52.2833,29.3833,"SAC, Atomic Weapons Requirements Study for 1959 (SM 129-56, June 1956), Part II airfield list (NSA EBB 538, doc. 06)",https://nsarchive2.gwu.edu/nukevault/ebb538-Cold-War-Nuclear-Target-List-Declassified-First-Ever/documents/section6.pdf,PDF p.5 (A005-L06),951 3183 BOBROVICHI 0168-8805 5217-02923 R,reference number 3183; BE 0168-8805; code R
us_1956_sac_airfields,US (SAC),USSR,1956,study,86,BOBROVKA,,airfield,1,432,,,53.15,50.7,"SAC, Atomic Weapons Requirements Study for 1959 (SM 129-56, June 1956), Part II airfield list (NSA EBB 538, doc. 06)",https://nsarchive2.gwu.edu/nukevault/ebb538-Cold-War-Nuclear-Target-List-Declassified-First-Ever/documents/section6.pdf,PDF p.5 (A005-L07),432 3490 BOBROVKA 0165-8026 5309-05042 R,reference number 3490; BE 0165-8026; code R
us_1956_sac_airfields,US (SAC),USSR,1956,study,87,BOBRUYSK,,airfield,1,4,,,53.1,29.2167,"SAC, Atomic Weapons Requirements Study for 1959 (SM 129-56, June 1956), Part II airfield list (NSA EBB 538, doc. 06)",https://nsarchive2.gwu.edu/nukevault/ebb538-Cold-War-Nuclear-Target-List-Declassified-First-Ever/documents/section6.pdf,PDF p.5 (A005-L08),4 0820 BOBRUYSK 0168-8606 5306-02913 R,reference number 0820; BE 0168-8606; code R
us_1956_sac_airfields,US (SAC),Poland,1956,study,88,"BOMST, POL",,airfield,1,507,,,52.15,15.8167,"SAC, Atomic Weapons Requirements Study for 1959 (SM 129-56, June 1956), Part II airfield list (NSA EBB 538, doc. 06)",https://nsarchive2.gwu.edu/nukevault/ebb538-Cold-War-Nuclear-Target-List-Declassified-First-Ever/documents/section6.pdf,PDF p.5 (A005-L09),"507 5406 BOMST, POL 0169-8621 5209-01549 R",reference number 5406; BE 0169-8621; code R
us_1956_sac_airfields,US (SAC),USSR,1956,study,89,BORISOGLEBSK,,airfield,1,1051,,,51.3833,42.1,"SAC, Atomic Weapons Requirements Study for 1959 (SM 129-56, June 1956), Part II airfield list (NSA EBB 538, doc. 06)",https://nsarchive2.gwu.edu/nukevault/ebb538-Cold-War-Nuclear-Target-List-Declassified-First-Ever/documents/section6.pdf,PDF p.5 (A005-L10),1051 08905 BORISOGLEBSK 0234-8008 5123-04206 R,reference number 08905; BE 0234-8008; code R
us_1956_sac_airfields,US (SAC),USSR,1956,study,90,BORISPOL,,airfield,1,21,,,50.3667,30.9167,"SAC, Atomic Weapons Requirements Study for 1959 (SM 129-56, June 1956), Part II airfield list (NSA EBB 538, doc. 06)",https://nsarchive2.gwu.edu/nukevault/ebb538-Cold-War-Nuclear-Target-List-Declassified-First-Ever/documents/section6.pdf,PDF p.5 (A005-L11),21 3630 BORISPOL 0233-8005 5022-03055 U,reference number 3630; BE 0233-8005; code U
us_1956_sac_airfields,US (SAC),USSR,1956,study,91,BOROVICHI,,airfield,1,956,,,58.4333,33.8833,"SAC, Atomic Weapons Requirements Study for 1959 (SM 129-56, June 1956), Part II airfield list (NSA EBB 538, doc. 06)",https://nsarchive2.gwu.edu/nukevault/ebb538-Cold-War-Nuclear-Target-List-Declassified-First-Ever/documents/section6.pdf,PDF p.5 (A005-L12),956 08993 BOROVICHI 0154-8008 5826-03353 R,reference number 08993; BE 0154-8008; code R
us_1956_sac_airfields,US (SAC),USSR,1956,study,92,BOROVSK,,airfield,1,406,,,55.2167,36.6167,"SAC, Atomic Weapons Requirements Study for 1959 (SM 129-56, June 1956), Part II airfield list (NSA EBB 538, doc. 06)",https://nsarchive2.gwu.edu/nukevault/ebb538-Cold-War-Nuclear-Target-List-Declassified-First-Ever/documents/section6.pdf,PDF p.5 (A005-L13),406 0900 BOROVSK 0167-8102 5513-03637 R,reference number 0900; BE 0167-8102; code R
us_1956_sac_airfields,US (SAC),USSR,1956,study,93,BORZYA,,airfield,1,247,,,50.3667,116.4333,"SAC, Atomic Weapons Requirements Study for 1959 (SM 129-56, June 1956), Part II airfield list (NSA EBB 538, doc. 06)",https://nsarchive2.gwu.edu/nukevault/ebb538-Cold-War-Nuclear-Target-List-Declassified-First-Ever/documents/section6.pdf,PDF p.5 (A005-L14),247 0902 BORZYA 0202-8603 5022-11626 R,reference number 0902; BE 0202-8603; code R
us_1956_sac_airfields,US (SAC),GDR,1956,study,94,"BRANDENBURG/BRIEST, E GER",,airfield,1,483,,,52.4333,12.45,"SAC, Atomic Weapons Requirements Study for 1959 (SM 129-56, June 1956), Part II airfield list (NSA EBB 538, doc. 06)",https://nsarchive2.gwu.edu/nukevault/ebb538-Cold-War-Nuclear-Target-List-Declassified-First-Ever/documents/section6.pdf,PDF p.5 (A005-L15),"483 0915 BRANDENBURG/BRIEST, E GER 0169-8214 5226-01227 S",reference number 0915; BE 0169-8214; code S
us_1956_sac_airfields,US (SAC),GDR,1956,study,95,"BRANDIS, E GER",,airfield,1,484,,,51.3333,12.65,"SAC, Atomic Weapons Requirements Study for 1959 (SM 129-56, June 1956), Part II airfield list (NSA EBB 538, doc. 06)",https://nsarchive2.gwu.edu/nukevault/ebb538-Cold-War-Nuclear-Target-List-Declassified-First-Ever/documents/section6.pdf,PDF p.5 (A005-L16),"484 4465 BRANDIS, E GER 0231-8058 5120-01239 R",reference number 4465; BE 0231-8058; code R
us_1956_sac_airfields,US (SAC),Czechoslovakia,1956,study,96,"BRATISLAVA/IVANKA, CZECH",,airfield,1,438,,,49.1667,17.2,"SAC, Atomic Weapons Requirements Study for 1959 (SM 129-56, June 1956), Part II airfield list (NSA EBB 538, doc. 06)",https://nsarchive2.gwu.edu/nukevault/ebb538-Cold-War-Nuclear-Target-List-Declassified-First-Ever/documents/section6.pdf,PDF p.5 (A005-L17),"438 0935 BRATISLAVA/IVANKA, CZECH 0232-8244 4910-01712 R",reference number 0935; BE 0232-8244; code R
us_1956_sac_airfields,US (SAC),Poland,1956,study,97,"BRESLAU/SCHONGARTEN, POL",,airfield,1,392,,,51.1,16.9167,"SAC, Atomic Weapons Requirements Study for 1959 (SM 129-56, June 1956), Part II airfield list (NSA EBB 538, doc. 06)",https://nsarchive2.gwu.edu/nukevault/ebb538-Cold-War-Nuclear-Target-List-Declassified-First-Ever/documents/section6.pdf,PDF p.5 (A005-L18),"392 0965 BRESLAU/SCHONGARTEN, POL 0232-8201 5106-01655 R",reference number 0965; BE 0232-8201; code R
us_1956_sac_airfields,US (SAC),USSR,1956,study,98,BREST,,airfield,1,957,,,52.0,23.6667,"SAC, Atomic Weapons Requirements Study for 1959 (SM 129-56, June 1956), Part II airfield list (NSA EBB 538, doc. 06)",https://nsarchive2.gwu.edu/nukevault/ebb538-Cold-War-Nuclear-Target-List-Declassified-First-Ever/documents/section6.pdf,PDF p.5 (A005-L19),957 0970 BREST 0168-8610 5200-02340 R,reference number 0970; BE 0168-8610; code R
us_1956_sac_airfields,US (SAC),Poland,1956,study,99,"BRIEG, POL",,airfield,1,31,,,50.85,17.4167,"SAC, Atomic Weapons Requirements Study for 1959 (SM 129-56, June 1956), Part II airfield list (NSA EBB 538, doc. 06)",https://nsarchive2.gwu.edu/nukevault/ebb538-Cold-War-Nuclear-Target-List-Declassified-First-Ever/documents/section6.pdf,PDF p.5 (A005-L20),"31 0980 BRIEG, POL 0232-8202 5051-01725 R",reference number 0980; BE 0232-8202; code R
us_1956_sac_airfields,US (SAC),GDR,1956,study,100,"BRIESEN, E GER",,airfield,1,140,,,52.0333,13.75,"SAC, Atomic Weapons Requirements Study for 1959 (SM 129-56, June 1956), Part II airfield list (NSA EBB 538, doc. 06)",https://nsarchive2.gwu.edu/nukevault/ebb538-Cold-War-Nuclear-Target-List-Declassified-First-Ever/documents/section6.pdf,PDF p.5 (A005-L21),"140 0989 BRIESEN, E GER 0169-8299 5202-01345 R",reference number 0989; BE 0169-8299; code R
us_1956_sac_airfields,US (SAC),USSR,1956,study,101,BRIYENI,,airfield,1,90,,,45.8333,29.3833,"SAC, Atomic Weapons Requirements Study for 1959 (SM 129-56, June 1956), Part II airfield list (NSA EBB 538, doc. 06)",https://nsarchive2.gwu.edu/nukevault/ebb538-Cold-War-Nuclear-Target-List-Declassified-First-Ever/documents/section6.pdf,PDF p.5 (A005-L22),90 0307 BRIYENI 0250-8752 4550-02923 R,reference number 0307; BE 0250-8752; code R
us_1956_sac_airfields,US (SAC),Czechoslovakia,1956,study,102,"BRNO, CZECH",,airfield,1,890,,,49.1833,16.6667,"SAC, Atomic Weapons Requirements Study for 1959 (SM 129-56, June 1956), Part II airfield list (NSA EBB 538, doc. 06)",https://nsarchive2.gwu.edu/nukevault/ebb538-Cold-War-Nuclear-Target-List-Declassified-First-Ever/documents/section6.pdf,PDF p.5 (A005-L23),"890 0995 BRNO, CZECH 0232-8245 4911-01640 R",reference number 0995; BE 0232-8245; code R
us_1956_sac_airfields,US (SAC),Czechoslovakia,1956,study,103,"BRNO/TURANY, CZECH",,airfield,1,441,,,49.15,16.7,"SAC, Atomic Weapons Requirements Study for 1959 (SM 129-56, June 1956), Part II airfield list (NSA EBB 538, doc. 06)",https://nsarchive2.gwu.edu/nukevault/ebb538-Cold-War-Nuclear-Target-List-Declassified-First-Ever/documents/section6.pdf,PDF p.5 (A005-L24),"441 0995 BRNO/TURANY, CZECH 0232-8246 4909-01642 S",reference number 0995; BE 0232-8246; code S
us_1956_sac_airfields,US (SAC),USSR,1956,study,104,BRODY,,airfield,1,474,,,50.0833,25.1833,"SAC, Atomic Weapons Requirements Study for 1959 (SM 129-56, June 1956), Part II airfield list (NSA EBB 538, doc. 06)",https://nsarchive2.gwu.edu/nukevault/ebb538-Cold-War-Nuclear-Target-List-Declassified-First-Ever/documents/section6.pdf,PDF p.5 (A005-L25),474 4131 BRODY 0233-8006 5005-02511 S,reference number 4131; BE 0233-8006; code S
us_1956_sac_airfields,US (SAC),USSR,1956,study,105,BRODY/GAYE,,airfield,1,896,,,50.05,25.15,"SAC, Atomic Weapons Requirements Study for 1959 (SM 129-56, June 1956), Part II airfield list (NSA EBB 538, doc. 06)",https://nsarchive2.gwu.edu/nukevault/ebb538-Cold-War-Nuclear-Target-List-Declassified-First-Ever/documents/section6.pdf,PDF p.5 (A005-L26),896 4131 BRODY/GAYE 0233-8007 5003-02509 T,reference number 4131; BE 0233-8007; code T
us_1956_sac_airfields,US (SAC),USSR,1956,study,106,BROVARY,,airfield,1,410,,,50.5,30.8667,"SAC, Atomic Weapons Requirements Study for 1959 (SM 129-56, June 1956), Part II airfield list (NSA EBB 538, doc. 06)",https://nsarchive2.gwu.edu/nukevault/ebb538-Cold-War-Nuclear-Target-List-Declassified-First-Ever/documents/section6.pdf,PDF p.5 (A005-L27),410 3630 BROVARY 0233-8036 5030-03052 V,reference number 3630; BE 0233-8036; code V
us_1956_sac_airfields,US (SAC),USSR,1956,study,107,BRYANSK,,airfield,1,407,,,53.2667,34.35,"SAC, Atomic Weapons Requirements Study for 1959 (SM 129-56, June 1956), Part II airfield list (NSA EBB 538, doc. 06)",https://nsarchive2.gwu.edu/nukevault/ebb538-Cold-War-Nuclear-Target-List-Declassified-First-Ever/documents/section6.pdf,PDF p.5 (A005-L28),407 0740 BRYANSK 0167-8020 5316-03421 R,reference number 0740; BE 0167-8020; code R
us_1956_sac_airfields,US (SAC),USSR,1956,study,108,BRYUSTERORT,,airfield,1,189,,,54.9333,20.0,"SAC, Atomic Weapons Requirements Study for 1959 (SM 129-56, June 1956), Part II airfield list (NSA EBB 538, doc. 06)",https://nsarchive2.gwu.edu/nukevault/ebb538-Cold-War-Nuclear-Target-List-Declassified-First-Ever/documents/section6.pdf,PDF p.5 (A005-L29),189 3180 BRYUSTERORT 0169-8603 5456-02000 Z,reference number 3180; BE 0169-8603; code Z
us_1956_sac_airfields,US (SAC),USSR,1956,study,109,BUCHACH,,airfield,1,958,,,49.0667,25.3333,"SAC, Atomic Weapons Requirements Study for 1959 (SM 129-56, June 1956), Part II airfield list (NSA EBB 538, doc. 06)",https://nsarchive2.gwu.edu/nukevault/ebb538-Cold-War-Nuclear-Target-List-Declassified-First-Ever/documents/section6.pdf,PDF p.6 (A006-L02),958 1017 BUCHACH 0233-8008 4904-02520 R,reference number 1017; BE 0233-8008; code R
us_1956_sac_airfields,US (SAC),Romania,1956,study,110,"BUCHAREST/BANEASA, RUM",,airfield,1,735,,,44.5,26.0833,"SAC, Atomic Weapons Requirements Study for 1959 (SM 129-56, June 1956), Part II airfield list (NSA EBB 538, doc. 06)",https://nsarchive2.gwu.edu/nukevault/ebb538-Cold-War-Nuclear-Target-List-Declassified-First-Ever/documents/section6.pdf,PDF p.6 (A006-L03),"735 1020 BUCHAREST/BANEASA, RUM 0251-8012 4430-02605 S",reference number 1020; BE 0251-8012; code S
us_1956_sac_airfields,US (SAC),Romania,1956,study,111,"BUCHAREST/OTOPENI, RUM",,airfield,1,146,,,44.5667,26.0833,"SAC, Atomic Weapons Requirements Study for 1959 (SM 129-56, June 1956), Part II airfield list (NSA EBB 538, doc. 06)",https://nsarchive2.gwu.edu/nukevault/ebb538-Cold-War-Nuclear-Target-List-Declassified-First-Ever/documents/section6.pdf,PDF p.6 (A006-L04),"146 1020 BUCHAREST/OTOPENI, RUM 0251-8016 4434-02605 T",reference number 1020; BE 0251-8016; code T
us_1956_sac_airfields,US (SAC),Romania,1956,study,112,"BUCHAREST/PIPERA, RUM",,airfield,1,754,,,44.4833,26.1167,"SAC, Atomic Weapons Requirements Study for 1959 (SM 129-56, June 1956), Part II airfield list (NSA EBB 538, doc. 06)",https://nsarchive2.gwu.edu/nukevault/ebb538-Cold-War-Nuclear-Target-List-Declassified-First-Ever/documents/section6.pdf,PDF p.6 (A006-L05),"754 1020 BUCHAREST/PIPERA, RUM 0251-8017 4429-02607 R",reference number 1020; BE 0251-8017; code R
us_1956_sac_airfields,US (SAC),Hungary,1956,study,113,"BUDAPEST/TOKOL, HUNG",,airfield,1,125,,,47.35,18.9833,"SAC, Atomic Weapons Requirements Study for 1959 (SM 129-56, June 1956), Part II airfield list (NSA EBB 538, doc. 06)",https://nsarchive2.gwu.edu/nukevault/ebb538-Cold-War-Nuclear-Target-List-Declassified-First-Ever/documents/section6.pdf,PDF p.6 (A006-L06),"125 1045 BUDAPEST/TOKOL, HUNG 0252-8045 4721-01859 R",reference number 1045; BE 0252-8045; code R
us_1956_sac_airfields,US (SAC),USSR,1956,study,114,BUGURUSLAN,,airfield,1,863,,,53.6,52.45,"SAC, Atomic Weapons Requirements Study for 1959 (SM 129-56, June 1956), Part II airfield list (NSA EBB 538, doc. 06)",https://nsarchive2.gwu.edu/nukevault/ebb538-Cold-War-Nuclear-Target-List-Declassified-First-Ever/documents/section6.pdf,PDF p.6 (A006-L07),863 1050 BUGURUSLAN 0165-8001 5336-05227 R,reference number 1050; BE 0165-8001; code R
us_1956_sac_airfields,US (SAC),USSR,1956,study,115,BUSHTINO,,airfield,1,959,,,48.15,23.4667,"SAC, Atomic Weapons Requirements Study for 1959 (SM 129-56, June 1956), Part II airfield list (NSA EBB 538, doc. 06)",https://nsarchive2.gwu.edu/nukevault/ebb538-Cold-War-Nuclear-Target-List-Declassified-First-Ever/documents/section6.pdf,PDF p.6 (A006-L08),959 34737 BUSHTINO 0232-8622 4809-02328 S,reference number 34737; BE 0232-8622; code S
us_1956_sac_airfields,US (SAC),Romania,1956,study,116,"BUZAU, RUM",,airfield,1,823,,,45.0,26.8,"SAC, Atomic Weapons Requirements Study for 1959 (SM 129-56, June 1956), Part II airfield list (NSA EBB 538, doc. 06)",https://nsarchive2.gwu.edu/nukevault/ebb538-Cold-War-Nuclear-Target-List-Declassified-First-Ever/documents/section6.pdf,PDF p.6 (A006-L09),"823 10748 BUZAU, RUM 0251-8019 4500-02648 S",reference number 10748; BE 0251-8019; code S
us_1956_sac_airfields,US (SAC),Poland,1956,study,117,"BYDGOSZCZ, POL",,airfield,1,202,,,53.1,17.9667,"SAC, Atomic Weapons Requirements Study for 1959 (SM 129-56, June 1956), Part II airfield list (NSA EBB 538, doc. 06)",https://nsarchive2.gwu.edu/nukevault/ebb538-Cold-War-Nuclear-Target-List-Declassified-First-Ever/documents/section6.pdf,PDF p.6 (A006-L10),"202 1085 BYDGOSZCZ, POL 0169-8242 5306-01758 R",reference number 1085; BE 0169-8242; code R
us_1956_sac_airfields,US (SAC),USSR,1956,study,118,BYKHOV,,airfield,1,1,,,53.5167,30.2,"SAC, Atomic Weapons Requirements Study for 1959 (SM 129-56, June 1956), Part II airfield list (NSA EBB 538, doc. 06)",https://nsarchive2.gwu.edu/nukevault/ebb538-Cold-War-Nuclear-Target-List-Declassified-First-Ever/documents/section6.pdf,PDF p.6 (A006-L11),1 1090 BYKHOV 0167-8001 5331-03012 R,reference number 1090; BE 0167-8001; code R
us_1956_sac_airfields,US (SAC),Romania,1956,study,119,"CARACAL NEW, RUM",,airfield,1,384,,,44.0833,24.4167,"SAC, Atomic Weapons Requirements Study for 1959 (SM 129-56, June 1956), Part II airfield list (NSA EBB 538, doc. 06)",https://nsarchive2.gwu.edu/nukevault/ebb538-Cold-War-Nuclear-Target-List-Declassified-First-Ever/documents/section6.pdf,PDF p.6 (A006-L12),"384 1154 CARACAL NEW, RUM 0251-8067 4405-02425 R",reference number 1154; BE 0251-8067; code R
us_1956_sac_airfields,US (SAC),Romania,1956,study,120,"CARANSEBES, RUM",,airfield,1,145,,,45.4167,22.2333,"SAC, Atomic Weapons Requirements Study for 1959 (SM 129-56, June 1956), Part II airfield list (NSA EBB 538, doc. 06)",https://nsarchive2.gwu.edu/nukevault/ebb538-Cold-War-Nuclear-Target-List-Declassified-First-Ever/documents/section6.pdf,PDF p.6 (A006-L13),"145 2095 CARANSEBES, RUM 0251-8020 4525-02214 R",reference number 2095; BE 0251-8020; code R
us_1956_sac_airfields,US (SAC),Czechoslovakia,1956,study,121,"CASLAV/CHOTUSICE, CZECH",,airfield,1,464,,,49.95,15.3833,"SAC, Atomic Weapons Requirements Study for 1959 (SM 129-56, June 1956), Part II airfield list (NSA EBB 538, doc. 06)",https://nsarchive2.gwu.edu/nukevault/ebb538-Cold-War-Nuclear-Target-List-Declassified-First-Ever/documents/section6.pdf,PDF p.6 (A006-L14),"464 3785 CASLAV/CHOTUSICE, CZECH 0231-8169 4957-01523 S",reference number 3785; BE 0231-8169; code S
us_1956_sac_airfields,US (SAC),Czechoslovakia,1956,study,122,"CESKE BUDEJOVICE, CZECH",,airfield,1,229,,,48.95,14.4333,"SAC, Atomic Weapons Requirements Study for 1959 (SM 129-56, June 1956), Part II airfield list (NSA EBB 538, doc. 06)",https://nsarchive2.gwu.edu/nukevault/ebb538-Cold-War-Nuclear-Target-List-Declassified-First-Ever/documents/section6.pdf,PDF p.6 (A006-L15),"229 1189 CESKE BUDEJOVICE, CZECH 0231-8095 4857-01426 R",reference number 1189; BE 0231-8095; code R
us_1956_sac_airfields,US (SAC),PRC,1956,study,123,"CHANG CHIAO, CHINA",,airfield,1,221,,,29.9333,121.5667,"SAC, Atomic Weapons Requirements Study for 1959 (SM 129-56, June 1956), Part II airfield list (NSA EBB 538, doc. 06)",https://nsarchive2.gwu.edu/nukevault/ebb538-Cold-War-Nuclear-Target-List-Declassified-First-Ever/documents/section6.pdf,PDF p.6 (A006-L16),"221 1193 CHANG CHIAO, CHINA 0492-8401 2956-12134 R",reference number 1193; BE 0492-8401; code R
us_1956_sac_airfields,US (SAC),PRC,1956,study,124,CHANG CHUN N.W. MANCH,,airfield,1,773,,,43.9167,125.2833,"SAC, Atomic Weapons Requirements Study for 1959 (SM 129-56, June 1956), Part II airfield list (NSA EBB 538, doc. 06)",https://nsarchive2.gwu.edu/nukevault/ebb538-Cold-War-Nuclear-Target-List-Declassified-First-Ever/documents/section6.pdf,PDF p.6 (A006-L17),773 1195 CHANG CHUN N.W. MANCH 0290-8008 4355-12517 S,Manchuria; reference number 1195; BE 0290-8008; code S
us_1956_sac_airfields,US (SAC),PRC,1956,study,125,CHANG CHUN W. MANCH,,airfield,1,736,,,43.9333,125.1167,"SAC, Atomic Weapons Requirements Study for 1959 (SM 129-56, June 1956), Part II airfield list (NSA EBB 538, doc. 06)",https://nsarchive2.gwu.edu/nukevault/ebb538-Cold-War-Nuclear-Target-List-Declassified-First-Ever/documents/section6.pdf,PDF p.6 (A006-L18),736 1195 CHANG CHUN W. MANCH 0290-8011 4356-12507 R,Manchuria; reference number 1195; BE 0290-8011; code R
us_1956_sac_airfields,US (SAC),PRC,1956,study,126,"CHANG TING, CHINA",,airfield,1,744,,,25.85,116.35,"SAC, Atomic Weapons Requirements Study for 1959 (SM 129-56, June 1956), Part II airfield list (NSA EBB 538, doc. 06)",https://nsarchive2.gwu.edu/nukevault/ebb538-Cold-War-Nuclear-Target-List-Declassified-First-Ever/documents/section6.pdf,PDF p.6 (A006-L19),"744 11993 CHANG TING, CHINA 0498-8402 2551-11621 R",reference number 11993; BE 0498-8402; code R
us_1956_sac_airfields,US (SAC),PRC,1956,study,127,"CHAN I, CHINA",,airfield,1,723,,,25.5833,103.8333,"SAC, Atomic Weapons Requirements Study for 1959 (SM 129-56, June 1956), Part II airfield list (NSA EBB 538, doc. 06)",https://nsarchive2.gwu.edu/nukevault/ebb538-Cold-War-Nuclear-Target-List-Declassified-First-Ever/documents/section6.pdf,PDF p.6 (A006-L20),"723 11995 CHAN I, CHINA 0496-8402 2535-10350 R",reference number 11995; BE 0496-8402; code R
us_1956_sac_airfields,US (SAC),USSR,1956,study,128,CHAPAYEVSK,,airfield,1,417,,,52.9333,49.6167,"SAC, Atomic Weapons Requirements Study for 1959 (SM 129-56, June 1956), Part II airfield list (NSA EBB 538, doc. 06)",https://nsarchive2.gwu.edu/nukevault/ebb538-Cold-War-Nuclear-Target-List-Declassified-First-Ever/documents/section6.pdf,PDF p.6 (A006-L21),417 1200 CHAPAYEVSK 0165-8009 5256-04937 R,reference number 1200; BE 0165-8009; code R
us_1956_sac_airfields,US (SAC),USSR,1956,study,129,CHAPLINO,,airfield,1,897,,,64.4,-172.2833,"SAC, Atomic Weapons Requirements Study for 1959 (SM 129-56, June 1956), Part II airfield list (NSA EBB 538, doc. 06)",https://nsarchive2.gwu.edu/nukevault/ebb538-Cold-War-Nuclear-Target-List-Declassified-First-Ever/documents/section6.pdf,PDF p.6 (A006-L22),897 1202 CHAPLINO 0075-8007 6424-17217W R,reference number 1202; BE 0075-8007; code R
us_1956_sac_airfields,US (SAC),USSR,1956,study,130,CHARDZHOU,,airfield,1,960,,,39.0833,63.5833,"SAC, Atomic Weapons Requirements Study for 1959 (SM 129-56, June 1956), Part II airfield list (NSA EBB 538, doc. 06)",https://nsarchive2.gwu.edu/nukevault/ebb538-Cold-War-Nuclear-Target-List-Declassified-First-Ever/documents/section6.pdf,PDF p.6 (A006-L23),960 12025 CHARDZHOU 0337-8602 3905-06335 R,reference number 12025; BE 0337-8602; code R
us_1956_sac_airfields,US (SAC),USSR,1956,study,131,CHEKUNDA,,airfield,1,831,,,50.8667,132.3,"SAC, Atomic Weapons Requirements Study for 1959 (SM 129-56, June 1956), Part II airfield list (NSA EBB 538, doc. 06)",https://nsarchive2.gwu.edu/nukevault/ebb538-Cold-War-Nuclear-Target-List-Declassified-First-Ever/documents/section6.pdf,PDF p.6 (A006-L24),831 1207 CHEKUNDA 0203-8614 5052-13218 R,reference number 1207; BE 0203-8614; code R
us_1956_sac_airfields,US (SAC),USSR,1956,study,132,CHELYABINSK,,airfield,1,737,,,55.2,61.35,"SAC, Atomic Weapons Requirements Study for 1959 (SM 129-56, June 1956), Part II airfield list (NSA EBB 538, doc. 06)",https://nsarchive2.gwu.edu/nukevault/ebb538-Cold-War-Nuclear-Target-List-Declassified-First-Ever/documents/section6.pdf,PDF p.6 (A006-L25),737 1210 CHELYABINSK 0164-8001 5512-06121 R,reference number 1210; BE 0164-8001; code R
us_1956_sac_airfields,US (SAC),USSR,1956,study,133,CHELYABINSK E.,,airfield,1,630,,,55.1333,61.5,"SAC, Atomic Weapons Requirements Study for 1959 (SM 129-56, June 1956), Part II airfield list (NSA EBB 538, doc. 06)",https://nsarchive2.gwu.edu/nukevault/ebb538-Cold-War-Nuclear-Target-List-Declassified-First-Ever/documents/section6.pdf,PDF p.6 (A006-L26),630 1210 CHELYABINSK E. 0164-8010 5508-06130 S,reference number 1210; BE 0164-8010; code S
us_1956_sac_airfields,US (SAC),USSR,1956,study,134,CHELYABINSK S.W.,,airfield,1,961,,,55.15,61.35,"SAC, Atomic Weapons Requirements Study for 1959 (SM 129-56, June 1956), Part II airfield list (NSA EBB 538, doc. 06)",https://nsarchive2.gwu.edu/nukevault/ebb538-Cold-War-Nuclear-Target-List-Declassified-First-Ever/documents/section6.pdf,PDF p.6 (A006-L27),961 1210 CHELYABINSK S.W. 0164-8011 5509-06121 U,reference number 1210; BE 0164-8011; code U
us_1956_sac_airfields,US (SAC),PRC,1956,study,135,CHENG HSIEN N.E. CHINA,,airfield,1,551,,,34.7833,113.7167,"SAC, Atomic Weapons Requirements Study for 1959 (SM 129-56, June 1956), Part II airfield list (NSA EBB 538, doc. 06)",https://nsarchive2.gwu.edu/nukevault/ebb538-Cold-War-Nuclear-Target-List-Declassified-First-Ever/documents/section6.pdf,PDF p.6 (A006-L28),551 12152 CHENG HSIEN N.E. CHINA 0385-8404 3447-11343 R,reference number 12152; BE 0385-8404; code R
us_1956_sac_airfields,US (SAC),PRC,1956,study,136,"CHENG KUNG, CHINA",,airfield,1,1032,,,24.85,102.8,"SAC, Atomic Weapons Requirements Study for 1959 (SM 129-56, June 1956), Part II airfield list (NSA EBB 538, doc. 06)",https://nsarchive2.gwu.edu/nukevault/ebb538-Cold-War-Nuclear-Target-List-Declassified-First-Ever/documents/section6.pdf,PDF p.7 (A007-L02),"1032 4203 CHENG KUNG, CHINA 0496-8404 2451-10248 S",reference number 4203; BE 0496-8404; code S
us_1956_sac_airfields,US (SAC),USSR,1956,study,137,CHEPELEVKA,,airfield,1,23,,,49.7833,30.4167,"SAC, Atomic Weapons Requirements Study for 1959 (SM 129-56, June 1956), Part II airfield list (NSA EBB 538, doc. 06)",https://nsarchive2.gwu.edu/nukevault/ebb538-Cold-War-Nuclear-Target-List-Declassified-First-Ever/documents/section6.pdf,PDF p.7 (A007-L03),23 1218 CHEPELEVKA 0233-8077 4947-03025 R,reference number 1218; BE 0233-8077; code R
us_1956_sac_airfields,US (SAC),USSR,1956,study,138,CHEREPOVETS,,airfield,1,898,,,59.1,37.9333,"SAC, Atomic Weapons Requirements Study for 1959 (SM 129-56, June 1956), Part II airfield list (NSA EBB 538, doc. 06)",https://nsarchive2.gwu.edu/nukevault/ebb538-Cold-War-Nuclear-Target-List-Declassified-First-Ever/documents/section6.pdf,PDF p.7 (A007-L04),898 1240 CHEREPOVETS 0154-8009 5906-03756 R,reference number 1240; BE 0154-8009; code R
us_1956_sac_airfields,US (SAC),USSR,1956,study,139,CHERNIGOV,,airfield,1,962,,,51.55,31.3,"SAC, Atomic Weapons Requirements Study for 1959 (SM 129-56, June 1956), Part II airfield list (NSA EBB 538, doc. 06)",https://nsarchive2.gwu.edu/nukevault/ebb538-Cold-War-Nuclear-Target-List-Declassified-First-Ever/documents/section6.pdf,PDF p.7 (A007-L05),962 1264 CHERNIGOV 0233-8011 5133-03118 S,reference number 1264; BE 0233-8011; code S
us_1956_sac_airfields,US (SAC),USSR,1956,study,140,CHERNIGOV/KHOLYAVIN,,airfield,1,963,,,51.6,31.2667,"SAC, Atomic Weapons Requirements Study for 1959 (SM 129-56, June 1956), Part II airfield list (NSA EBB 538, doc. 06)",https://nsarchive2.gwu.edu/nukevault/ebb538-Cold-War-Nuclear-Target-List-Declassified-First-Ever/documents/section6.pdf,PDF p.7 (A007-L06),963 1264 CHERNIGOV/KHOLYAVIN 0233-8012 5136-03116 T,reference number 1264; BE 0233-8012; code T
us_1956_sac_airfields,US (SAC),USSR,1956,study,141,CHERNIGOV W.,,airfield,1,762,,,51.5167,30.95,"SAC, Atomic Weapons Requirements Study for 1959 (SM 129-56, June 1956), Part II airfield list (NSA EBB 538, doc. 06)",https://nsarchive2.gwu.edu/nukevault/ebb538-Cold-War-Nuclear-Target-List-Declassified-First-Ever/documents/section6.pdf,PDF p.7 (A007-L07),762 1264 CHERNIGOV W. 0233-8015 5131-03057 R,reference number 1264; BE 0233-8015; code R
us_1956_sac_airfields,US (SAC),USSR,1956,study,142,CHERNIGOVKA,,airfield,1,45,,,44.3167,132.55,"SAC, Atomic Weapons Requirements Study for 1959 (SM 129-56, June 1956), Part II airfield list (NSA EBB 538, doc. 06)",https://nsarchive2.gwu.edu/nukevault/ebb538-Cold-War-Nuclear-Target-List-Declassified-First-Ever/documents/section6.pdf,PDF p.7 (A007-L08),45 48799 CHERNIGOVKA 0282-8030 4419-13233 R,reference number 48799; BE 0282-8030; code R
us_1956_sac_airfields,US (SAC),USSR,1956,study,143,CHERNOVTSY,,airfield,1,807,,,48.2667,25.9833,"SAC, Atomic Weapons Requirements Study for 1959 (SM 129-56, June 1956), Part II airfield list (NSA EBB 538, doc. 06)",https://nsarchive2.gwu.edu/nukevault/ebb538-Cold-War-Nuclear-Target-List-Declassified-First-Ever/documents/section6.pdf,PDF p.7 (A007-L09),807 1290 CHERNOVTSY 0233-8016 4816-02559 R,reference number 1290; BE 0233-8016; code R
us_1956_sac_airfields,US (SAC),USSR,1956,study,144,CHERNOVTSY N.W.,,airfield,1,876,,,48.3833,25.7667,"SAC, Atomic Weapons Requirements Study for 1959 (SM 129-56, June 1956), Part II airfield list (NSA EBB 538, doc. 06)",https://nsarchive2.gwu.edu/nukevault/ebb538-Cold-War-Nuclear-Target-List-Declassified-First-Ever/documents/section6.pdf,PDF p.7 (A007-L10),876 1290 CHERNOVTSY N.W. 0233-8017 4823-02546 S,reference number 1290; BE 0233-8017; code S
us_1956_sac_airfields,US (SAC),USSR,1956,study,145,CHERNYAKHOVSK,,airfield,1,34,,,54.6167,21.8167,"SAC, Atomic Weapons Requirements Study for 1959 (SM 129-56, June 1956), Part II airfield list (NSA EBB 538, doc. 06)",https://nsarchive2.gwu.edu/nukevault/ebb538-Cold-War-Nuclear-Target-List-Declassified-First-Ever/documents/section6.pdf,PDF p.7 (A007-L11),34 1300 CHERNYAKHOVSK 0168-8612 5437-02149 R,reference number 1300; BE 0168-8612; code R
us_1956_sac_airfields,US (SAC),USSR,1956,study,146,CHERNYSHEVKA,,airfield,1,352,,,44.1833,133.1,"SAC, Atomic Weapons Requirements Study for 1959 (SM 129-56, June 1956), Part II airfield list (NSA EBB 538, doc. 06)",https://nsarchive2.gwu.edu/nukevault/ebb538-Cold-War-Nuclear-Target-List-Declassified-First-Ever/documents/section6.pdf,PDF p.7 (A007-L12),352 7390 CHERNYSHEVKA 0282-8613 4411-13306 Y,reference number 7390; BE 0282-8613; code Y
us_1956_sac_airfields,US (SAC),USSR,1956,study,147,CHERNYSHEVKA E.,,airfield,1,1052,,,44.2,133.1667,"SAC, Atomic Weapons Requirements Study for 1959 (SM 129-56, June 1956), Part II airfield list (NSA EBB 538, doc. 06)",https://nsarchive2.gwu.edu/nukevault/ebb538-Cold-War-Nuclear-Target-List-Declassified-First-Ever/documents/section6.pdf,PDF p.7 (A007-L13),1052 7390 CHERNYSHEVKA E. 0282-8032 4412-13310 T,reference number 7390; BE 0282-8032; code T
us_1956_sac_airfields,US (SAC),USSR,1956,study,148,CHERVONOARMEYSK,,airfield,1,872,,,50.15,25.2833,"SAC, Atomic Weapons Requirements Study for 1959 (SM 129-56, June 1956), Part II airfield list (NSA EBB 538, doc. 06)",https://nsarchive2.gwu.edu/nukevault/ebb538-Cold-War-Nuclear-Target-List-Declassified-First-Ever/documents/section6.pdf,PDF p.7 (A007-L14),872 4131 CHERVONOARMEYSK 0233-8018 5009-02517 U,reference number 4131; BE 0233-8018; code U
us_1956_sac_airfields,US (SAC),PRC,1956,study,149,"CHIA HSING, CHINA",,airfield,1,255,,,30.7,120.6667,"SAC, Atomic Weapons Requirements Study for 1959 (SM 129-56, June 1956), Part II airfield list (NSA EBB 538, doc. 06)",https://nsarchive2.gwu.edu/nukevault/ebb538-Cold-War-Nuclear-Target-List-Declassified-First-Ever/documents/section6.pdf,PDF p.7 (A007-L15),"255 1320 CHIA HSING, CHINA 0492-8402 3042-12040 R",reference number 1320; BE 0492-8402; code R
us_1956_sac_airfields,US (SAC),PRC,1956,study,150,"CHIANG WAN, CHINA",,airfield,1,271,,,31.3333,121.5,"SAC, Atomic Weapons Requirements Study for 1959 (SM 129-56, June 1956), Part II airfield list (NSA EBB 538, doc. 06)",https://nsarchive2.gwu.edu/nukevault/ebb538-Cold-War-Nuclear-Target-List-Declassified-First-Ever/documents/section6.pdf,PDF p.7 (A007-L16),"271 7475 CHIANG WAN, CHINA 0492-8403 3120-12130 S",reference number 7475; BE 0492-8403; code S
us_1956_sac_airfields,US (SAC),PRC,1956,study,151,"CHIAO HSIEN, CHINA",,airfield,1,93,,,36.3333,120.0167,"SAC, Atomic Weapons Requirements Study for 1959 (SM 129-56, June 1956), Part II airfield list (NSA EBB 538, doc. 06)",https://nsarchive2.gwu.edu/nukevault/ebb538-Cold-War-Nuclear-Target-List-Declassified-First-Ever/documents/section6.pdf,PDF p.7 (A007-L17),"93 1336 CHIAO HSIEN, CHINA 0381-8440 3620-12001 R",reference number 1336; BE 0381-8440; code R
us_1956_sac_airfields,US (SAC),PRC,1956,study,152,"CHIEN OU, CHINA",,airfield,1,675,,,27.05,118.3,"SAC, Atomic Weapons Requirements Study for 1959 (SM 129-56, June 1956), Part II airfield list (NSA EBB 538, doc. 06)",https://nsarchive2.gwu.edu/nukevault/ebb538-Cold-War-Nuclear-Target-List-Declassified-First-Ever/documents/section6.pdf,PDF p.7 (A007-L18),"675 1337 CHIEN OU, CHINA 0498-8404 2703-11818 R",reference number 1337; BE 0498-8404; code R
us_1956_sac_airfields,US (SAC),USSR,1956,study,153,CHIKISHLYAR,,airfield,1,372,,,37.6333,53.8833,"SAC, Atomic Weapons Requirements Study for 1959 (SM 129-56, June 1956), Part II airfield list (NSA EBB 538, doc. 06)",https://nsarchive2.gwu.edu/nukevault/ebb538-Cold-War-Nuclear-Target-List-Declassified-First-Ever/documents/section6.pdf,PDF p.7 (A007-L19),372 22492 CHIKISHLYAR 0338-8612 3738-05353 S,reference number 22492; BE 0338-8612; code S
us_1956_sac_airfields,US (SAC),USSR,1956,study,154,CHIMKENT,,airfield,1,427,,,42.3,69.6,"SAC, Atomic Weapons Requirements Study for 1959 (SM 129-56, June 1956), Part II airfield list (NSA EBB 538, doc. 06)",https://nsarchive2.gwu.edu/nukevault/ebb538-Cold-War-Nuclear-Target-List-Declassified-First-Ever/documents/section6.pdf,PDF p.7 (A007-L20),427 1340 CHIMKENT 0328-8605 4218-06936 R,reference number 1340; BE 0328-8605; code R
us_1956_sac_airfields,US (SAC),PRC,1956,study,155,"CHIN CHOU S.E. #1, MANCH",,airfield,1,264,,,39.0667,121.75,"SAC, Atomic Weapons Requirements Study for 1959 (SM 129-56, June 1956), Part II airfield list (NSA EBB 538, doc. 06)",https://nsarchive2.gwu.edu/nukevault/ebb538-Cold-War-Nuclear-Target-List-Declassified-First-Ever/documents/section6.pdf,PDF p.7 (A007-L21),"264 1543 CHIN CHOU S.E. #1, MANCH 0381-8419 3904-12145 R",Manchuria; reference number 1543; BE 0381-8419; code R
us_1956_sac_airfields,US (SAC),PRC,1956,study,156,"CHING CHEN, CHINA",,airfield,1,676,,,26.5167,106.5,"SAC, Atomic Weapons Requirements Study for 1959 (SM 129-56, June 1956), Part II airfield list (NSA EBB 538, doc. 06)",https://nsarchive2.gwu.edu/nukevault/ebb538-Cold-War-Nuclear-Target-List-Declassified-First-Ever/documents/section6.pdf,PDF p.7 (A007-L22),"676 41687 CHING CHEN, CHINA 0496-8405 2631-10630 R",reference number 41687; BE 0496-8405; code R
us_1956_sac_airfields,US (SAC),PRC,1956,study,157,"CHING YANG, CHINA",,airfield,1,546,,,24.8,118.5833,"SAC, Atomic Weapons Requirements Study for 1959 (SM 129-56, June 1956), Part II airfield list (NSA EBB 538, doc. 06)",https://nsarchive2.gwu.edu/nukevault/ebb538-Cold-War-Nuclear-Target-List-Declassified-First-Ever/documents/section6.pdf,PDF p.7 (A007-L23),"546 1350 CHING YANG, CHINA 0498-8424 2448-11835 R",reference number 1350; BE 0498-8424; code R
us_1956_sac_airfields,US (SAC),PRC,1956,study,158,"CHIN HSI, MANCH",,airfield,1,1053,,,40.75,120.8833,"SAC, Atomic Weapons Requirements Study for 1959 (SM 129-56, June 1956), Part II airfield list (NSA EBB 538, doc. 06)",https://nsarchive2.gwu.edu/nukevault/ebb538-Cold-War-Nuclear-Target-List-Declassified-First-Ever/documents/section6.pdf,PDF p.7 (A007-L24),"1053 4575 CHIN HSI, MANCH 0289-8004 4045-12053 R",Manchuria; reference number 4575; BE 0289-8004; code R
us_1956_sac_airfields,US (SAC),PRC,1956,study,159,CHIN HSIEN W. MANCH,,airfield,1,791,,,41.1,121.0667,"SAC, Atomic Weapons Requirements Study for 1959 (SM 129-56, June 1956), Part II airfield list (NSA EBB 538, doc. 06)",https://nsarchive2.gwu.edu/nukevault/ebb538-Cold-War-Nuclear-Target-List-Declassified-First-Ever/documents/section6.pdf,PDF p.7 (A007-L25),791 1353 CHIN HSIEN W. MANCH 0289-8007 4106-12104 R,Manchuria; reference number 1353; BE 0289-8007; code R
us_1956_sac_airfields,US (SAC),USSR,1956,study,160,CHIRCHIK,,airfield,1,289,,,41.4833,69.5833,"SAC, Atomic Weapons Requirements Study for 1959 (SM 129-56, June 1956), Part II airfield list (NSA EBB 538, doc. 06)",https://nsarchive2.gwu.edu/nukevault/ebb538-Cold-War-Nuclear-Target-List-Declassified-First-Ever/documents/section6.pdf,PDF p.7 (A007-L26),289 1360 CHIRCHIK 0328-8623 4129-06935 R,reference number 1360; BE 0328-8623; code R
us_1956_sac_airfields,US (SAC),USSR,1956,study,161,CHITA,,airfield,1,738,,,52.1167,113.5,"SAC, Atomic Weapons Requirements Study for 1959 (SM 129-56, June 1956), Part II airfield list (NSA EBB 538, doc. 06)",https://nsarchive2.gwu.edu/nukevault/ebb538-Cold-War-Nuclear-Target-List-Declassified-First-Ever/documents/section6.pdf,PDF p.7 (A007-L27),738 1370 CHITA 0199-8002 5207-11330 T,reference number 1370; BE 0199-8002; code T
us_1956_sac_airfields,US (SAC),USSR,1956,study,162,CHITA/KADALA,,airfield,1,210,,,52.0333,113.3167,"SAC, Atomic Weapons Requirements Study for 1959 (SM 129-56, June 1956), Part II airfield list (NSA EBB 538, doc. 06)",https://nsarchive2.gwu.edu/nukevault/ebb538-Cold-War-Nuclear-Target-List-Declassified-First-Ever/documents/section6.pdf,PDF p.7 (A007-L28),210 1370 CHITA/KADALA 0199-8003 5202-11319 V,reference number 1370; BE 0199-8003; code V
us_1956_sac_airfields,US (SAC),USSR,1956,study,163,CHITA N.W.,,airfield,1,428,,,52.0667,113.4333,"SAC, Atomic Weapons Requirements Study for 1959 (SM 129-56, June 1956), Part II airfield list (NSA EBB 538, doc. 06)",https://nsarchive2.gwu.edu/nukevault/ebb538-Cold-War-Nuclear-Target-List-Declassified-First-Ever/documents/section6.pdf,PDF p.8 (A008-L02),428 1370 CHITA N.W. 0199-8004 5204-11326 U,reference number 1370; BE 0199-8004; code U
us_1956_sac_airfields,US (SAC),USSR,1956,study,164,CHITA S.W.,,airfield,1,859,,,52.0,113.5,"SAC, Atomic Weapons Requirements Study for 1959 (SM 129-56, June 1956), Part II airfield list (NSA EBB 538, doc. 06)",https://nsarchive2.gwu.edu/nukevault/ebb538-Cold-War-Nuclear-Target-List-Declassified-First-Ever/documents/section6.pdf,PDF p.8 (A008-L03),859 1370 CHITA S.W. 0199-8006 5200-11330 R,reference number 1370; BE 0199-8006; code R
us_1956_sac_airfields,US (SAC),PRC,1956,study,165,"CHIUNG LAI, CHINA",,airfield,1,1030,,,30.5,103.4833,"SAC, Atomic Weapons Requirements Study for 1959 (SM 129-56, June 1956), Part II airfield list (NSA EBB 538, doc. 06)",https://nsarchive2.gwu.edu/nukevault/ebb538-Cold-War-Nuclear-Target-List-Declassified-First-Ever/documents/section6.pdf,PDF p.8 (A008-L04),"1030 12155 CHIUNG LAI, CHINA 0495-8404 3030-10329 S",reference number 12155; BE 0495-8404; code S
us_1956_sac_airfields,US (SAC),USSR,1956,study,166,CHKALOV,,airfield,1,184,,,51.8167,55.1,"SAC, Atomic Weapons Requirements Study for 1959 (SM 129-56, June 1956), Part II airfield list (NSA EBB 538, doc. 06)",https://nsarchive2.gwu.edu/nukevault/ebb538-Cold-War-Nuclear-Target-List-Declassified-First-Ever/documents/section6.pdf,PDF p.8 (A008-L05),184 1380 CHKALOV 0236-8013 5149-05506 R,reference number 1380; BE 0236-8013; code R
us_1956_sac_airfields,US (SAC),USSR,1956,study,167,CHKALOV S.W.,,airfield,1,142,,,51.6667,55.0667,"SAC, Atomic Weapons Requirements Study for 1959 (SM 129-56, June 1956), Part II airfield list (NSA EBB 538, doc. 06)",https://nsarchive2.gwu.edu/nukevault/ebb538-Cold-War-Nuclear-Target-List-Declassified-First-Ever/documents/section6.pdf,PDF p.8 (A008-L06),142 1380 CHKALOV S.W. 0236-8015 5140-05504 S,reference number 1380; BE 0236-8015; code S
us_1956_sac_airfields,US (SAC),USSR,1956,study,168,CHOKURDAKH,,airfield,1,59,,,70.5333,147.75,"SAC, Atomic Weapons Requirements Study for 1959 (SM 129-56, June 1956), Part II airfield list (NSA EBB 538, doc. 06)",https://nsarchive2.gwu.edu/nukevault/ebb538-Cold-War-Nuclear-Target-List-Declassified-First-Ever/documents/section6.pdf,PDF p.8 (A008-L07),59 1392 CHOKURDAKH 0067-8001 7032-14745 R,reference number 1392; BE 0067-8001; code R
us_1956_sac_airfields,US (SAC),North Korea,1956,study,169,"CHONGJIN #1, N KOREA",,airfield,1,482,,,41.7833,129.75,"SAC, Atomic Weapons Requirements Study for 1959 (SM 129-56, June 1956), Part II airfield list (NSA EBB 538, doc. 06)",https://nsarchive2.gwu.edu/nukevault/ebb538-Cold-War-Nuclear-Target-List-Declassified-First-Ever/documents/section6.pdf,PDF p.8 (A008-L08),"482 1397 CHONGJIN #1, N KOREA 0290-8000 4147-12945 R",reference number 1397; BE 0290-8000; code R
us_1956_sac_airfields,US (SAC),USSR,1956,study,170,CHOP,,airfield,1,964,,,48.5,22.2667,"SAC, Atomic Weapons Requirements Study for 1959 (SM 129-56, June 1956), Part II airfield list (NSA EBB 538, doc. 06)",https://nsarchive2.gwu.edu/nukevault/ebb538-Cold-War-Nuclear-Target-List-Declassified-First-Ever/documents/section6.pdf,PDF p.8 (A008-L09),964 1400 CHOP 0232-8624 4830-02216 R,reference number 1400; BE 0232-8624; code R
us_1956_sac_airfields,US (SAC),PRC,1956,study,171,"CHOU SHUI TZU, MANCH",,airfield,1,223,,,38.9667,121.55,"SAC, Atomic Weapons Requirements Study for 1959 (SM 129-56, June 1956), Part II airfield list (NSA EBB 538, doc. 06)",https://nsarchive2.gwu.edu/nukevault/ebb538-Cold-War-Nuclear-Target-List-Declassified-First-Ever/documents/section6.pdf,PDF p.8 (A008-L10),"223 1543 CHOU SHUI TZU, MANCH 0381-8002 3858-12133 T",Manchuria; reference number 1543; BE 0381-8002; code T
us_1956_sac_airfields,US (SAC),USSR,1956,study,172,CHUGUYEV,,airfield,1,360,,,49.85,36.65,"SAC, Atomic Weapons Requirements Study for 1959 (SM 129-56, June 1956), Part II airfield list (NSA EBB 538, doc. 06)",https://nsarchive2.gwu.edu/nukevault/ebb538-Cold-War-Nuclear-Target-List-Declassified-First-Ever/documents/section6.pdf,PDF p.8 (A008-L11),360 1420 CHUGUYEV 0234-8011 4951-03639 R,reference number 1420; BE 0234-8011; code R
us_1956_sac_airfields,US (SAC),PRC,1956,study,173,"CHU HSIEN, CHINA",,airfield,1,249,,,28.9667,118.8833,"SAC, Atomic Weapons Requirements Study for 1959 (SM 129-56, June 1956), Part II airfield list (NSA EBB 538, doc. 06)",https://nsarchive2.gwu.edu/nukevault/ebb538-Cold-War-Nuclear-Target-List-Declassified-First-Ever/documents/section6.pdf,PDF p.8 (A008-L12),"249 1425 CHU HSIEN, CHINA 0493-8419 2858-11853 R",reference number 1425; BE 0493-8419; code R
us_1956_sac_airfields,US (SAC),Poland,1956,study,174,"CIECHANOW, POL",,airfield,1,649,,,52.8333,20.6333,"SAC, Atomic Weapons Requirements Study for 1959 (SM 129-56, June 1956), Part II airfield list (NSA EBB 538, doc. 06)",https://nsarchive2.gwu.edu/nukevault/ebb538-Cold-War-Nuclear-Target-List-Declassified-First-Ever/documents/section6.pdf,PDF p.8 (A008-L13),"649 14442 CIECHANOW, POL 0169-8293 5250-02038 R",reference number 14442; BE 0169-8293; code R
us_1956_sac_airfields,US (SAC),USSR,1956,study,175,CIRAVA,,airfield,1,854,,,56.7333,21.35,"SAC, Atomic Weapons Requirements Study for 1959 (SM 129-56, June 1956), Part II airfield list (NSA EBB 538, doc. 06)",https://nsarchive2.gwu.edu/nukevault/ebb538-Cold-War-Nuclear-Target-List-Declassified-First-Ever/documents/section6.pdf,PDF p.8 (A008-L14),854 4520 CIRAVA 0152-8601 5644-02121 R,reference number 4520; BE 0152-8601; code R
us_1956_sac_airfields,US (SAC),Romania,1956,study,176,"COCARGEAU NEW, RUM",,airfield,1,394,,,44.4,27.7333,"SAC, Atomic Weapons Requirements Study for 1959 (SM 129-56, June 1956), Part II airfield list (NSA EBB 538, doc. 06)",https://nsarchive2.gwu.edu/nukevault/ebb538-Cold-War-Nuclear-Target-List-Declassified-First-Ever/documents/section6.pdf,PDF p.8 (A008-L15),"394 4925 COCARGEAU NEW, RUM 0250-8214 4424-02744 S",reference number 4925; BE 0250-8214; code S
us_1956_sac_airfields,US (SAC),Romania,1956,study,177,"CONSTANTA/MAMAIA, RUM",,airfield,1,815,,,44.3,28.6167,"SAC, Atomic Weapons Requirements Study for 1959 (SM 129-56, June 1956), Part II airfield list (NSA EBB 538, doc. 06)",https://nsarchive2.gwu.edu/nukevault/ebb538-Cold-War-Nuclear-Target-List-Declassified-First-Ever/documents/section6.pdf,PDF p.8 (A008-L16),"815 1455 CONSTANTA/MAMAIA, RUM 0250-8203 4418-02837 R",reference number 1455; BE 0250-8203; code R
us_1956_sac_airfields,US (SAC),GDR,1956,study,178,"COTTBUS, E GER",,airfield,1,535,,,51.7667,14.3,"SAC, Atomic Weapons Requirements Study for 1959 (SM 129-56, June 1956), Part II airfield list (NSA EBB 538, doc. 06)",https://nsarchive2.gwu.edu/nukevault/ebb538-Cold-War-Nuclear-Target-List-Declassified-First-Ever/documents/section6.pdf,PDF p.8 (A008-L17),"535 1481 COTTBUS, E GER 0231-8059 5146-01418 R",reference number 1481; BE 0231-8059; code R
us_1956_sac_airfields,US (SAC),Romania,1956,study,179,"CRAIOVA, RUM",,airfield,1,385,,,44.3167,23.8833,"SAC, Atomic Weapons Requirements Study for 1959 (SM 129-56, June 1956), Part II airfield list (NSA EBB 538, doc. 06)",https://nsarchive2.gwu.edu/nukevault/ebb538-Cold-War-Nuclear-Target-List-Declassified-First-Ever/documents/section6.pdf,PDF p.8 (A008-L18),"385 1483 CRAIOVA, RUM 0251-8022 4419-02353 R",reference number 1483; BE 0251-8022; code R
us_1956_sac_airfields,US (SAC),USSR,1956,study,180,DALLYAR,,airfield,1,41,,,40.8833,45.95,"SAC, Atomic Weapons Requirements Study for 1959 (SM 129-56, June 1956), Part II airfield list (NSA EBB 538, doc. 06)",https://nsarchive2.gwu.edu/nukevault/ebb538-Cold-War-Nuclear-Target-List-Declassified-First-Ever/documents/section6.pdf,PDF p.8 (A008-L19),41 7837 DALLYAR 0325-8738 4053-04557 R,reference number 7837; BE 0325-8738; code R
us_1956_sac_airfields,US (SAC),USSR,1956,study,181,DAUGAVPILS,,airfield,1,965,,,55.8667,26.6167,"SAC, Atomic Weapons Requirements Study for 1959 (SM 129-56, June 1956), Part II airfield list (NSA EBB 538, doc. 06)",https://nsarchive2.gwu.edu/nukevault/ebb538-Cold-War-Nuclear-Target-List-Declassified-First-Ever/documents/section6.pdf,PDF p.8 (A008-L20),965 1550 DAUGAVPILS 0168-8613 5552-02637 S,reference number 1550; BE 0168-8613; code S
us_1956_sac_airfields,US (SAC),Poland,1956,study,182,"DEBLIN/IRENA, POL",,airfield,1,153,,,51.55,21.8833,"SAC, Atomic Weapons Requirements Study for 1959 (SM 129-56, June 1956), Part II airfield list (NSA EBB 538, doc. 06)",https://nsarchive2.gwu.edu/nukevault/ebb538-Cold-War-Nuclear-Target-List-Declassified-First-Ever/documents/section6.pdf,PDF p.8 (A008-L21),"153 1590 DEBLIN/IRENA, POL 0232-8204 5133-02153 R",reference number 1590; BE 0232-8204; code R
us_1956_sac_airfields,US (SAC),Poland,1956,study,183,"DEBLIN/PODLODOWKA, POL",,airfield,1,739,,,51.6333,22.2,"SAC, Atomic Weapons Requirements Study for 1959 (SM 129-56, June 1956), Part II airfield list (NSA EBB 538, doc. 06)",https://nsarchive2.gwu.edu/nukevault/ebb538-Cold-War-Nuclear-Target-List-Declassified-First-Ever/documents/section6.pdf,PDF p.8 (A008-L22),"739 1590 DEBLIN/PODLODOWKA, POL 0232-8205 5138-02212 T",reference number 1590; BE 0232-8205; code T
us_1956_sac_airfields,US (SAC),Poland,1956,study,184,"DEBLIN/ULEZ, POL",,airfield,1,714,,,51.6167,22.1,"SAC, Atomic Weapons Requirements Study for 1959 (SM 129-56, June 1956), Part II airfield list (NSA EBB 538, doc. 06)",https://nsarchive2.gwu.edu/nukevault/ebb538-Cold-War-Nuclear-Target-List-Declassified-First-Ever/documents/section6.pdf,PDF p.8 (A008-L23),"714 1590 DEBLIN/ULEZ, POL 0232-8206 5137-02206 S",reference number 1590; BE 0232-8206; code S
us_1956_sac_airfields,US (SAC),Hungary,1956,study,185,"DEBRECEN, HUNG",,airfield,1,79,,,47.5,21.6333,"SAC, Atomic Weapons Requirements Study for 1959 (SM 129-56, June 1956), Part II airfield list (NSA EBB 538, doc. 06)",https://nsarchive2.gwu.edu/nukevault/ebb538-Cold-War-Nuclear-Target-List-Declassified-First-Ever/documents/section6.pdf,PDF p.8 (A008-L24),"79 1595 DEBRECEN, HUNG 0251-8057 4730-02138 R",reference number 1595; BE 0251-8057; code R
us_1956_sac_airfields,US (SAC),GDR,1956,study,186,"DESSAU, E GER",,airfield,1,502,,,51.8333,12.2,"SAC, Atomic Weapons Requirements Study for 1959 (SM 129-56, June 1956), Part II airfield list (NSA EBB 538, doc. 06)",https://nsarchive2.gwu.edu/nukevault/ebb538-Cold-War-Nuclear-Target-List-Declassified-First-Ever/documents/section6.pdf,PDF p.8 (A008-L25),"502 1615 DESSAU, E GER 0231-8061 5150-01212 R",reference number 1615; BE 0231-8061; code R
us_1956_sac_airfields,US (SAC),USSR,1956,study,187,DIKSON,,airfield,1,56,,,73.5,80.4,"SAC, Atomic Weapons Requirements Study for 1959 (SM 129-56, June 1956), Part II airfield list (NSA EBB 538, doc. 06)",https://nsarchive2.gwu.edu/nukevault/ebb538-Cold-War-Nuclear-Target-List-Declassified-First-Ever/documents/section6.pdf,PDF p.8 (A008-L26),56 1640 DIKSON 0046-8001 7330-08024 R,reference number 1640; BE 0046-8001; code R
us_1956_sac_airfields,US (SAC),USSR,1956,study,188,DMITRIYEVKA,,airfield,1,1054,,,44.4,132.6667,"SAC, Atomic Weapons Requirements Study for 1959 (SM 129-56, June 1956), Part II airfield list (NSA EBB 538, doc. 06)",https://nsarchive2.gwu.edu/nukevault/ebb538-Cold-War-Nuclear-Target-List-Declassified-First-Ever/documents/section6.pdf,PDF p.8 (A008-L27),1054 7732 DMITRIYEVKA 0282-8718 4424-13240 S,reference number 7732; BE 0282-8718; code S
us_1956_sac_airfields,US (SAC),USSR,1956,study,189,DMITROV,,airfield,1,899,,,56.4667,37.45,"SAC, Atomic Weapons Requirements Study for 1959 (SM 129-56, June 1956), Part II airfield list (NSA EBB 538, doc. 06)",https://nsarchive2.gwu.edu/nukevault/ebb538-Cold-War-Nuclear-Target-List-Declassified-First-Ever/documents/section6.pdf,PDF p.8 (A008-L28),899 1670 DMITROV 0154-8010 5628-03727 R,reference number 1670; BE 0154-8010; code R
us_1956_sac_airfields,US (SAC),USSR,1956,study,190,DNEPROPETROVSK N.E.,,airfield,1,966,,,48.55,35.1,"SAC, Atomic Weapons Requirements Study for 1959 (SM 129-56, June 1956), Part II airfield list (NSA EBB 538, doc. 06)",https://nsarchive2.gwu.edu/nukevault/ebb538-Cold-War-Nuclear-Target-List-Declassified-First-Ever/documents/section6.pdf,PDF p.9 (A009-L02),966 1690 DNEPROPETROVSK N.E. 0234-8015 4833-03506 R,reference number 1690; BE 0234-8015; code R
us_1956_sac_airfields,US (SAC),USSR,1956,study,191,DNEPROPETROVSK/VOLOSHKOYE,,airfield,1,237,,,48.35,35.1,"SAC, Atomic Weapons Requirements Study for 1959 (SM 129-56, June 1956), Part II airfield list (NSA EBB 538, doc. 06)",https://nsarchive2.gwu.edu/nukevault/ebb538-Cold-War-Nuclear-Target-List-Declassified-First-Ever/documents/section6.pdf,PDF p.9 (A009-L03),237 1690 DNEPROPETROVSK/VOLOSHKOYE 0234-8017 4821-03506 S,reference number 1690; BE 0234-8017; code S
us_1956_sac_airfields,US (SAC),USSR,1956,study,192,DNO,,airfield,1,832,,,57.7833,29.9833,"SAC, Atomic Weapons Requirements Study for 1959 (SM 129-56, June 1956), Part II airfield list (NSA EBB 538, doc. 06)",https://nsarchive2.gwu.edu/nukevault/ebb538-Cold-War-Nuclear-Target-List-Declassified-First-Ever/documents/section6.pdf,PDF p.9 (A009-L04),832 1692 DNO 0153-8014 5747-02959 R,reference number 1692; BE 0153-8014; code R
us_1956_sac_airfields,US (SAC),Czechoslovakia,1956,study,193,"DOBRANY, CZECH",,airfield,1,259,,,49.6667,13.2667,"SAC, Atomic Weapons Requirements Study for 1959 (SM 129-56, June 1956), Part II airfield list (NSA EBB 538, doc. 06)",https://nsarchive2.gwu.edu/nukevault/ebb538-Cold-War-Nuclear-Target-List-Declassified-First-Ever/documents/section6.pdf,PDF p.9 (A009-L05),"259 6335 DOBRANY, CZECH 0231-8148 4940-01316 R",reference number 6335; BE 0231-8148; code R
us_1956_sac_airfields,US (SAC),USSR,1956,study,194,DOBRYNSKOYE,,airfield,1,1107,,,56.25,40.6,"SAC, Atomic Weapons Requirements Study for 1959 (SM 129-56, June 1956), Part II airfield list (NSA EBB 538, doc. 06)",https://nsarchive2.gwu.edu/nukevault/ebb538-Cold-War-Nuclear-Target-List-Declassified-First-Ever/documents/section6.pdf,PDF p.9 (A009-L06),1107 9110 DOBRYNSKOYE 0154-8033 5615-04036 S,reference number 9110; BE 0154-8033; code S
us_1956_sac_airfields,US (SAC),USSR,1956,study,195,DOKUDOVO,,airfield,1,900,,,54.3167,28.9,"SAC, Atomic Weapons Requirements Study for 1959 (SM 129-56, June 1956), Part II airfield list (NSA EBB 538, doc. 06)",https://nsarchive2.gwu.edu/nukevault/ebb538-Cold-War-Nuclear-Target-List-Declassified-First-Ever/documents/section6.pdf,PDF p.9 (A009-L07),900 0816 DOKUDOVO 0168-8616 5419-02854 R,reference number 0816; BE 0168-8616; code R
us_1956_sac_airfields,US (SAC),USSR,1956,study,196,DOLINSK,,airfield,1,104,,,47.25,142.7667,"SAC, Atomic Weapons Requirements Study for 1959 (SM 129-56, June 1956), Part II airfield list (NSA EBB 538, doc. 06)",https://nsarchive2.gwu.edu/nukevault/ebb538-Cold-War-Nuclear-Target-List-Declassified-First-Ever/documents/section6.pdf,PDF p.9 (A009-L08),104 5340 DOLINSK 0281-8000 4715-14246 R,reference number 5340; BE 0281-8000; code R
us_1956_sac_airfields,US (SAC),USSR,1956,study,197,DOLINSK S.,,airfield,1,1055,,,47.15,142.7667,"SAC, Atomic Weapons Requirements Study for 1959 (SM 129-56, June 1956), Part II airfield list (NSA EBB 538, doc. 06)",https://nsarchive2.gwu.edu/nukevault/ebb538-Cold-War-Nuclear-Target-List-Declassified-First-Ever/documents/section6.pdf,PDF p.9 (A009-L09),1055 5340 DOLINSK S. 0281-8608 4709-14246 S,reference number 5340; BE 0281-8608; code S
us_1956_sac_airfields,US (SAC),USSR,1956,study,198,DOLINSKOYE,,airfield,1,967,,,49.6667,72.6833,"SAC, Atomic Weapons Requirements Study for 1959 (SM 129-56, June 1956), Part II airfield list (NSA EBB 538, doc. 06)",https://nsarchive2.gwu.edu/nukevault/ebb538-Cold-War-Nuclear-Target-List-Declassified-First-Ever/documents/section6.pdf,PDF p.9 (A009-L10),967 17227 DOLINSKOYE 0238-8006 4940-07241 R,reference number 17227; BE 0238-8006; code R
us_1956_sac_airfields,US (SAC),USSR,1956,study,199,DOMIKAN,,airfield,1,1056,,,49.6833,129.8667,"SAC, Atomic Weapons Requirements Study for 1959 (SM 129-56, June 1956), Part II airfield list (NSA EBB 538, doc. 06)",https://nsarchive2.gwu.edu/nukevault/ebb538-Cold-War-Nuclear-Target-List-Declassified-First-Ever/documents/section6.pdf,PDF p.9 (A009-L11),1056 0275 DOMIKAN 0203-8616 4941-12952 S,reference number 0275; BE 0203-8616; code S
us_1956_sac_airfields,US (SAC),USSR,1956,study,200,DOMNA,,airfield,1,136,,,51.9,113.1333,"SAC, Atomic Weapons Requirements Study for 1959 (SM 129-56, June 1956), Part II airfield list (NSA EBB 538, doc. 06)",https://nsarchive2.gwu.edu/nukevault/ebb538-Cold-War-Nuclear-Target-List-Declassified-First-Ever/documents/section6.pdf,PDF p.9 (A009-L12),136 1370 DOMNA 0201-8607 5154-11308 S,reference number 1370; BE 0201-8607; code S
us_1956_sac_airfields,US (SAC),USSR,1956,study,201,DRETUN,,airfield,1,1057,,,55.6833,29.2,"SAC, Atomic Weapons Requirements Study for 1959 (SM 129-56, June 1956), Part II airfield list (NSA EBB 538, doc. 06)",https://nsarchive2.gwu.edu/nukevault/ebb538-Cold-War-Nuclear-Target-List-Declassified-First-Ever/documents/section6.pdf,PDF p.9 (A009-L13),1057 6390 DRETUN 0168-8617 5541-02912 S,reference number 6390; BE 0168-8617; code S
us_1956_sac_airfields,US (SAC),GDR,1956,study,202,"DREWITZ, E GER",,airfield,1,568,,,51.8833,14.5333,"SAC, Atomic Weapons Requirements Study for 1959 (SM 129-56, June 1956), Part II airfield list (NSA EBB 538, doc. 06)",https://nsarchive2.gwu.edu/nukevault/ebb538-Cold-War-Nuclear-Target-List-Declassified-First-Ever/documents/section6.pdf,PDF p.9 (A009-L14),"568 1481 DREWITZ, E GER 0231-8063 5153-01432 S",reference number 1481; BE 0231-8063; code S
us_1956_sac_airfields,US (SAC),USSR,1956,study,203,DROGOBYCH,,airfield,1,1058,,,49.3667,23.5667,"SAC, Atomic Weapons Requirements Study for 1959 (SM 129-56, June 1956), Part II airfield list (NSA EBB 538, doc. 06)",https://nsarchive2.gwu.edu/nukevault/ebb538-Cold-War-Nuclear-Target-List-Declassified-First-Ever/documents/section6.pdf,PDF p.9 (A009-L15),1058 1780 DROGOBYCH 0232-8602 4922-02334 R,reference number 1780; BE 0232-8602; code R
us_1956_sac_airfields,US (SAC),USSR,1956,study,204,DUBNO,,airfield,1,380,,,50.4,25.8,"SAC, Atomic Weapons Requirements Study for 1959 (SM 129-56, June 1956), Part II airfield list (NSA EBB 538, doc. 06)",https://nsarchive2.gwu.edu/nukevault/ebb538-Cold-War-Nuclear-Target-List-Declassified-First-Ever/documents/section6.pdf,PDF p.9 (A009-L16),380 4131 DUBNO 0233-8020 5024-02548 R,reference number 4131; BE 0233-8020; code R
us_1956_sac_airfields,US (SAC),USSR,1956,study,205,DUBNO/ARSHYCHYN,,airfield,1,1059,,,50.5,25.6,"SAC, Atomic Weapons Requirements Study for 1959 (SM 129-56, June 1956), Part II airfield list (NSA EBB 538, doc. 06)",https://nsarchive2.gwu.edu/nukevault/ebb538-Cold-War-Nuclear-Target-List-Declassified-First-Ever/documents/section6.pdf,PDF p.9 (A009-L17),1059 4131 DUBNO/ARSHYCHYN 0233-8021 5030-02536 W,reference number 4131; BE 0233-8021; code W
us_1956_sac_airfields,US (SAC),USSR,1956,study,206,DUDINKA,,airfield,1,597,,,69.3833,86.1833,"SAC, Atomic Weapons Requirements Study for 1959 (SM 129-56, June 1956), Part II airfield list (NSA EBB 538, doc. 06)",https://nsarchive2.gwu.edu/nukevault/ebb538-Cold-War-Nuclear-Target-List-Declassified-First-Ever/documents/section6.pdf,PDF p.9 (A009-L18),597 1830 DUDINKA 0048-8002 6923-08611 R,reference number 1830; BE 0048-8002; code R
us_1956_sac_airfields,US (SAC),USSR,1956,study,207,DUNDAGA,,airfield,1,968,,,57.5167,22.35,"SAC, Atomic Weapons Requirements Study for 1959 (SM 129-56, June 1956), Part II airfield list (NSA EBB 538, doc. 06)",https://nsarchive2.gwu.edu/nukevault/ebb538-Cold-War-Nuclear-Target-List-Declassified-First-Ever/documents/section6.pdf,PDF p.9 (A009-L19),968 1842 DUNDAGA 0153-8018 5731-02221 R,reference number 1842; BE 0153-8018; code R
us_1956_sac_airfields,US (SAC),USSR,1956,study,208,DZAUDZHIKAU/IRISTON,,airfield,1,425,,,43.1833,44.5667,"SAC, Atomic Weapons Requirements Study for 1959 (SM 129-56, June 1956), Part II airfield list (NSA EBB 538, doc. 06)",https://nsarchive2.gwu.edu/nukevault/ebb538-Cold-War-Nuclear-Target-List-Declassified-First-Ever/documents/section6.pdf,PDF p.9 (A009-L20),425 1860 DZAUDZHIKAU/IRISTON 0325-8634 4311-04434 R,reference number 1860; BE 0325-8634; code R
us_1956_sac_airfields,US (SAC),USSR,1956,study,209,DZHANKOY,,airfield,1,199,,,45.6833,34.4167,"SAC, Atomic Weapons Requirements Study for 1959 (SM 129-56, June 1956), Part II airfield list (NSA EBB 538, doc. 06)",https://nsarchive2.gwu.edu/nukevault/ebb538-Cold-War-Nuclear-Target-List-Declassified-First-Ever/documents/section6.pdf,PDF p.9 (A009-L21),199 1885 DZHANKOY 0250-8633 4541-03425 R,reference number 1885; BE 0250-8633; code R
us_1956_sac_airfields,US (SAC),USSR,1956,study,210,DZHEZKAZGAN,,airfield,1,969,,,47.8667,67.4667,"SAC, Atomic Weapons Requirements Study for 1959 (SM 129-56, June 1956), Part II airfield list (NSA EBB 538, doc. 06)",https://nsarchive2.gwu.edu/nukevault/ebb538-Cold-War-Nuclear-Target-List-Declassified-First-Ever/documents/section6.pdf,PDF p.9 (A009-L22),969 1890 DZHEZKAZGAN 0245-8001 4752-06728 R,reference number 1890; BE 0245-8001; code R
us_1956_sac_airfields,US (SAC),USSR,1956,study,211,DZHUSALY,,airfield,1,759,,,45.5167,64.1,"SAC, Atomic Weapons Requirements Study for 1959 (SM 129-56, June 1956), Part II airfield list (NSA EBB 538, doc. 06)",https://nsarchive2.gwu.edu/nukevault/ebb538-Cold-War-Nuclear-Target-List-Declassified-First-Ever/documents/section6.pdf,PDF p.9 (A009-L23),759 1895 DZHUSALY 0246-8006 4531-06406 R,reference number 1895; BE 0246-8006; code R
us_1956_sac_airfields,US (SAC),USSR,1956,study,212,ENGELS,,airfield,1,194,,,51.4833,46.1667,"SAC, Atomic Weapons Requirements Study for 1959 (SM 129-56, June 1956), Part II airfield list (NSA EBB 538, doc. 06)",https://nsarchive2.gwu.edu/nukevault/ebb538-Cold-War-Nuclear-Target-List-Declassified-First-Ever/documents/section6.pdf,PDF p.9 (A009-L24),194 7250 ENGELS 0235-8010 5129-04610 R,reference number 7250; BE 0235-8010; code R
us_1956_sac_airfields,US (SAC),GDR,1956,study,213,"ERFURT/BINDERSLEBEN, E GE",,airfield,1,558,,,50.9833,10.9667,"SAC, Atomic Weapons Requirements Study for 1959 (SM 129-56, June 1956), Part II airfield list (NSA EBB 538, doc. 06)",https://nsarchive2.gwu.edu/nukevault/ebb538-Cold-War-Nuclear-Target-List-Declassified-First-Ever/documents/section6.pdf,PDF p.9 (A009-L25),"558 2005 ERFURT/BINDERSLEBEN, E GE 0231-8064 5059-01058 R",reference number 2005; BE 0231-8064; code R
us_1956_sac_airfields,US (SAC),PRC,1956,study,214,"ERH TANG, CHINA",,airfield,1,1041,,,25.2167,110.3,"SAC, Atomic Weapons Requirements Study for 1959 (SM 129-56, June 1956), Part II airfield list (NSA EBB 538, doc. 06)",https://nsarchive2.gwu.edu/nukevault/ebb538-Cold-War-Nuclear-Target-List-Declassified-First-Ever/documents/section6.pdf,PDF p.9 (A009-L26),"1041 4168 ERH TANG, CHINA 0497-8404 2513-11018 R",reference number 4168; BE 0497-8404; code R
us_1956_sac_airfields,US (SAC),USSR,1956,study,215,EZERE,,airfield,1,715,,,56.4167,22.35,"SAC, Atomic Weapons Requirements Study for 1959 (SM 129-56, June 1956), Part II airfield list (NSA EBB 538, doc. 06)",https://nsarchive2.gwu.edu/nukevault/ebb538-Cold-War-Nuclear-Target-List-Declassified-First-Ever/documents/section6.pdf,PDF p.9 (A009-L27),715 89157 EZERE 0153-8019 5625-02221 S,reference number 89157; BE 0153-8019; code S
us_1956_sac_airfields,US (SAC),PRC,1956,study,216,FENG CHENG E. MANCH,,airfield,1,519,,,40.4667,124.15,"SAC, Atomic Weapons Requirements Study for 1959 (SM 129-56, June 1956), Part II airfield list (NSA EBB 538, doc. 06)",https://nsarchive2.gwu.edu/nukevault/ebb538-Cold-War-Nuclear-Target-List-Declassified-First-Ever/documents/section6.pdf,PDF p.9 (A009-L28),519 2076 FENG CHENG E. MANCH 0290-8413 4028-12409 S,Manchuria; reference number 2076; BE 0290-8413; code S
us_1956_sac_airfields,US (SAC),USSR,1956,study,217,FEODOSIYA,,airfield,1,430,,,45.0667,35.3667,"SAC, Atomic Weapons Requirements Study for 1959 (SM 129-56, June 1956), Part II airfield list (NSA EBB 538, doc. 06)",https://nsarchive2.gwu.edu/nukevault/ebb538-Cold-War-Nuclear-Target-List-Declassified-First-Ever/documents/section6.pdf,PDF p.10 (A010-L02),430 2080 FEODOSIYA 0249-8151 4504-03522 T,reference number 2080; BE 0249-8151; code T
us_1956_sac_airfields,US (SAC),USSR,1956,study,218,FEODOSIYA/KARAGOZ,,airfield,1,167,,,45.0667,35.2,"SAC, Atomic Weapons Requirements Study for 1959 (SM 129-56, June 1956), Part II airfield list (NSA EBB 538, doc. 06)",https://nsarchive2.gwu.edu/nukevault/ebb538-Cold-War-Nuclear-Target-List-Declassified-First-Ever/documents/section6.pdf,PDF p.10 (A010-L03),167 2080 FEODOSIYA/KARAGOZ 0249-8152 4504-03512 R,reference number 2080; BE 0249-8152; code R
us_1956_sac_airfields,US (SAC),USSR,1956,study,219,FERGANA,,airfield,1,135,,,40.3333,71.75,"SAC, Atomic Weapons Requirements Study for 1959 (SM 129-56, June 1956), Part II airfield list (NSA EBB 538, doc. 06)",https://nsarchive2.gwu.edu/nukevault/ebb538-Cold-War-Nuclear-Target-List-Declassified-First-Ever/documents/section6.pdf,PDF p.10 (A010-L04),135 2100 FERGANA 0328-8613 4020-07145 R,reference number 2100; BE 0328-8613; code R
us_1956_sac_airfields,US (SAC),Hungary,1956,study,220,"FERIHEGY VECSES, HUNG",,airfield,1,499,,,47.4333,19.2333,"SAC, Atomic Weapons Requirements Study for 1959 (SM 129-56, June 1956), Part II airfield list (NSA EBB 538, doc. 06)",https://nsarchive2.gwu.edu/nukevault/ebb538-Cold-War-Nuclear-Target-List-Declassified-First-Ever/documents/section6.pdf,PDF p.10 (A010-L05),"499 1045 FERIHEGY VECSES, HUNG 0251-8058 4726-01914 S",reference number 1045; BE 0251-8058; code S
us_1956_sac_airfields,US (SAC),GDR,1956,study,221,"FINOW, E GER",,airfield,1,245,,,52.8333,13.7,"SAC, Atomic Weapons Requirements Study for 1959 (SM 129-56, June 1956), Part II airfield list (NSA EBB 538, doc. 06)",https://nsarchive2.gwu.edu/nukevault/ebb538-Cold-War-Nuclear-Target-List-Declassified-First-Ever/documents/section6.pdf,PDF p.10 (A010-L06),"245 1935 FINOW, E GER 0169-8217 5250-01342 R",reference number 1935; BE 0169-8217; code R
us_1956_sac_airfields,US (SAC),GDR,1956,study,222,"FINSTERWALDE, E GER",,airfield,1,276,,,51.6167,13.7333,"SAC, Atomic Weapons Requirements Study for 1959 (SM 129-56, June 1956), Part II airfield list (NSA EBB 538, doc. 06)",https://nsarchive2.gwu.edu/nukevault/ebb538-Cold-War-Nuclear-Target-List-Declassified-First-Ever/documents/section6.pdf,PDF p.10 (A010-L07),"276 7345 FINSTERWALDE, E GER 0231-8065 5137-01344 R",reference number 7345; BE 0231-8065; code R
us_1956_sac_airfields,US (SAC),Romania,1956,study,223,FOCSANI S. RUM,,airfield,1,767,,,45.6833,27.2,"SAC, Atomic Weapons Requirements Study for 1959 (SM 129-56, June 1956), Part II airfield list (NSA EBB 538, doc. 06)",https://nsarchive2.gwu.edu/nukevault/ebb538-Cold-War-Nuclear-Target-List-Declassified-First-Ever/documents/section6.pdf,PDF p.10 (A010-L08),767 21292 FOCSANI S. RUM 0250-8209 4541-02712 R,reference number 21292; BE 0250-8209; code R
us_1956_sac_airfields,US (SAC),Hungary,1956,study,224,"FOKTO, HUNG",,airfield,1,386,,,46.5333,18.9333,"SAC, Atomic Weapons Requirements Study for 1959 (SM 129-56, June 1956), Part II airfield list (NSA EBB 538, doc. 06)",https://nsarchive2.gwu.edu/nukevault/ebb538-Cold-War-Nuclear-Target-List-Declassified-First-Ever/documents/section6.pdf,PDF p.10 (A010-L09),"386 0433 FOKTO, HUNG 0252-8081 4632-01856 R",reference number 0433; BE 0252-8081; code R
us_1956_sac_airfields,US (SAC),USSR,1956,study,225,FROLOVKA,,airfield,1,1060,,,43.2667,133.3,"SAC, Atomic Weapons Requirements Study for 1959 (SM 129-56, June 1956), Part II airfield list (NSA EBB 538, doc. 06)",https://nsarchive2.gwu.edu/nukevault/ebb538-Cold-War-Nuclear-Target-List-Declassified-First-Ever/documents/section6.pdf,PDF p.10 (A010-L10),1060 7942 FROLOVKA 0291-8016 4316-13318 R,reference number 7942; BE 0291-8016; code R
us_1956_sac_airfields,US (SAC),USSR,1956,study,226,FROLOVO,,airfield,1,970,,,49.75,43.7,"SAC, Atomic Weapons Requirements Study for 1959 (SM 129-56, June 1956), Part II airfield list (NSA EBB 538, doc. 06)",https://nsarchive2.gwu.edu/nukevault/ebb538-Cold-War-Nuclear-Target-List-Declassified-First-Ever/documents/section6.pdf,PDF p.10 (A010-L11),970 2187 FROLOVO 0235-8009 4945-04342 R,reference number 2187; BE 0235-8009; code R
us_1956_sac_airfields,US (SAC),USSR,1956,study,227,FRUNZE,,airfield,1,971,,,42.85,74.5833,"SAC, Atomic Weapons Requirements Study for 1959 (SM 129-56, June 1956), Part II airfield list (NSA EBB 538, doc. 06)",https://nsarchive2.gwu.edu/nukevault/ebb538-Cold-War-Nuclear-Target-List-Declassified-First-Ever/documents/section6.pdf,PDF p.10 (A010-L12),971 2190 FRUNZE 0328-8614 4251-07435 R,reference number 2190; BE 0328-8614; code R
us_1956_sac_airfields,US (SAC),USSR,1956,study,228,FRUNZE N.W.,,airfield,1,972,,,42.8833,74.55,"SAC, Atomic Weapons Requirements Study for 1959 (SM 129-56, June 1956), Part II airfield list (NSA EBB 538, doc. 06)",https://nsarchive2.gwu.edu/nukevault/ebb538-Cold-War-Nuclear-Target-List-Declassified-First-Ever/documents/section6.pdf,PDF p.10 (A010-L13),972 2190 FRUNZE N.W. 0328-8632 4253-07433 S,reference number 2190; BE 0328-8632; code S
us_1956_sac_airfields,US (SAC),USSR,1956,study,229,FURUKAMAPPU,,airfield,1,562,,,44.0333,145.8667,"SAC, Atomic Weapons Requirements Study for 1959 (SM 129-56, June 1956), Part II airfield list (NSA EBB 538, doc. 06)",https://nsarchive2.gwu.edu/nukevault/ebb538-Cold-War-Nuclear-Target-List-Declassified-First-Ever/documents/section6.pdf,PDF p.10 (A010-L14),562 2212 FURUKAMAPPU 0281-8609 4402-14552 R,reference number 2212; BE 0281-8609; code R
us_1956_sac_airfields,US (SAC),Bulgaria,1956,study,230,"GABROVNITSA, BULG",,airfield,1,436,,,43.55,23.2667,"SAC, Atomic Weapons Requirements Study for 1959 (SM 129-56, June 1956), Part II airfield list (NSA EBB 538, doc. 06)",https://nsarchive2.gwu.edu/nukevault/ebb538-Cold-War-Nuclear-Target-List-Declassified-First-Ever/documents/section6.pdf,PDF p.10 (A010-L15),"436 2230 GABROVNITSA, BULG 0322-8068 4333-02316 R",reference number 2230; BE 0322-8068; code R
us_1956_sac_airfields,US (SAC),USSR,1956,study,231,GASSAN KULI,,airfield,1,465,,,37.4667,53.9667,"SAC, Atomic Weapons Requirements Study for 1959 (SM 129-56, June 1956), Part II airfield list (NSA EBB 538, doc. 06)",https://nsarchive2.gwu.edu/nukevault/ebb538-Cold-War-Nuclear-Target-List-Declassified-First-Ever/documents/section6.pdf,PDF p.10 (A010-L16),465 22492 GASSAN KULI 0338-8608 3728-05358 R,reference number 22492; BE 0338-8608; code R
us_1956_sac_airfields,US (SAC),USSR,1956,study,232,GATCHINA,,airfield,1,570,,,59.55,30.1,"SAC, Atomic Weapons Requirements Study for 1959 (SM 129-56, June 1956), Part II airfield list (NSA EBB 538, doc. 06)",https://nsarchive2.gwu.edu/nukevault/ebb538-Cold-War-Nuclear-Target-List-Declassified-First-Ever/documents/section6.pdf,PDF p.10 (A010-L17),570 22495 GATCHINA 0153-8020 5933-03006 R,reference number 22495; BE 0153-8020; code R
us_1956_sac_airfields,US (SAC),Poland,1956,study,233,"GDANSK, POL",,airfield,1,687,,,54.4,18.6,"SAC, Atomic Weapons Requirements Study for 1959 (SM 129-56, June 1956), Part II airfield list (NSA EBB 538, doc. 06)",https://nsarchive2.gwu.edu/nukevault/ebb538-Cold-War-Nuclear-Target-List-Declassified-First-Ever/documents/section6.pdf,PDF p.10 (A010-L18),"687 2255 GDANSK, POL 0169-8244 5424-01836 T",reference number 2255; BE 0169-8244; code T
us_1956_sac_airfields,US (SAC),USSR,1956,study,234,GDOV,,airfield,1,43,,,58.7667,27.8,"SAC, Atomic Weapons Requirements Study for 1959 (SM 129-56, June 1956), Part II airfield list (NSA EBB 538, doc. 06)",https://nsarchive2.gwu.edu/nukevault/ebb538-Cold-War-Nuclear-Target-List-Declassified-First-Ever/documents/section6.pdf,PDF p.10 (A010-L19),43 2260 GDOV 0153-8021 5846-02748 R,reference number 2260; BE 0153-8021; code R
us_1956_sac_airfields,US (SAC),Poland,1956,study,235,"GDYNIA, POL",,airfield,1,195,,,54.5833,18.5167,"SAC, Atomic Weapons Requirements Study for 1959 (SM 129-56, June 1956), Part II airfield list (NSA EBB 538, doc. 06)",https://nsarchive2.gwu.edu/nukevault/ebb538-Cold-War-Nuclear-Target-List-Declassified-First-Ever/documents/section6.pdf,PDF p.10 (A010-L20),"195 2255 GDYNIA, POL 0169-8248 5435-01831 R",reference number 2255; BE 0169-8248; code R
us_1956_sac_airfields,US (SAC),USSR,1956,study,236,GELENDZHIK W.,,airfield,1,793,,,44.5667,38.0,"SAC, Atomic Weapons Requirements Study for 1959 (SM 129-56, June 1956), Part II airfield list (NSA EBB 538, doc. 06)",https://nsarchive2.gwu.edu/nukevault/ebb538-Cold-War-Nuclear-Target-List-Declassified-First-Ever/documents/section6.pdf,PDF p.10 (A010-L21),793 5630 GELENDZHIK W. 0249-8159 4434-03800 S,reference number 5630; BE 0249-8159; code S
us_1956_sac_airfields,US (SAC),Romania,1956,study,237,"GHIMBAV, RUM",,airfield,1,884,,,45.7,25.5333,"SAC, Atomic Weapons Requirements Study for 1959 (SM 129-56, June 1956), Part II airfield list (NSA EBB 538, doc. 06)",https://nsarchive2.gwu.edu/nukevault/ebb538-Cold-War-Nuclear-Target-List-Declassified-First-Ever/documents/section6.pdf,PDF p.10 (A010-L22),"884 5807 GHIMBAV, RUM 0251-8024 4542-02532 S",reference number 5807; BE 0251-8024; code S
us_1956_sac_airfields,US (SAC),USSR,1956,study,238,GINDARKH,,airfield,1,426,,,40.05,47.2167,"SAC, Atomic Weapons Requirements Study for 1959 (SM 129-56, June 1956), Part II airfield list (NSA EBB 538, doc. 06)",https://nsarchive2.gwu.edu/nukevault/ebb538-Cold-War-Nuclear-Target-List-Declassified-First-Ever/documents/section6.pdf,PDF p.10 (A010-L23),426 2280 GINDARKH 0325-8602 4003-04713 R,reference number 2280; BE 0325-8602; code R
us_1956_sac_airfields,US (SAC),USSR,1956,study,239,GIRVAS,,airfield,1,588,,,62.4833,33.7333,"SAC, Atomic Weapons Requirements Study for 1959 (SM 129-56, June 1956), Part II airfield list (NSA EBB 538, doc. 06)",https://nsarchive2.gwu.edu/nukevault/ebb538-Cold-War-Nuclear-Target-List-Declassified-First-Ever/documents/section6.pdf,PDF p.10 (A010-L24),588 3850 GIRVAS 0102-8006 6229-03344 S,reference number 3850; BE 0102-8006; code S
us_1956_sac_airfields,US (SAC),USSR,1956,study,240,GIZHIGA,,airfield,1,901,,,62.05,160.5,"SAC, Atomic Weapons Requirements Study for 1959 (SM 129-56, June 1956), Part II airfield list (NSA EBB 538, doc. 06)",https://nsarchive2.gwu.edu/nukevault/ebb538-Cold-War-Nuclear-Target-List-Declassified-First-Ever/documents/section6.pdf,PDF p.10 (A010-L25),901 2290 GIZHIGA 0122-8005 6203-16030 R,reference number 2290; BE 0122-8005; code R
us_1956_sac_airfields,US (SAC),Poland,1956,study,241,"GLEIWITZ, POL",,airfield,1,650,,,50.2667,18.6667,"SAC, Atomic Weapons Requirements Study for 1959 (SM 129-56, June 1956), Part II airfield list (NSA EBB 538, doc. 06)",https://nsarchive2.gwu.edu/nukevault/ebb538-Cold-War-Nuclear-Target-List-Declassified-First-Ever/documents/section6.pdf,PDF p.10 (A010-L26),"650 2315 GLEIWITZ, POL 0232-8207 5016-01840 R",reference number 2315; BE 0232-8207; code R
us_1956_sac_airfields,US (SAC),USSR,1956,study,242,GLUDA,,airfield,1,981,,,56.6167,23.5,"SAC, Atomic Weapons Requirements Study for 1959 (SM 129-56, June 1956), Part II airfield list (NSA EBB 538, doc. 06)",https://nsarchive2.gwu.edu/nukevault/ebb538-Cold-War-Nuclear-Target-List-Declassified-First-Ever/documents/section6.pdf,PDF p.10 (A010-L27),981 9671 GLUDA 0153-8030 5637-02330 T,reference number 9671; BE 0153-8030; code T
us_1956_sac_airfields,US (SAC),USSR,1956,study,243,GOLENKI,,airfield,1,326,,,44.0333,131.75,"SAC, Atomic Weapons Requirements Study for 1959 (SM 129-56, June 1956), Part II airfield list (NSA EBB 538, doc. 06)",https://nsarchive2.gwu.edu/nukevault/ebb538-Cold-War-Nuclear-Target-List-Declassified-First-Ever/documents/section6.pdf,PDF p.10 (A010-L28),326 2337 GOLENKI 0282-8626 4402-13145 R,reference number 2337; BE 0282-8626; code R
us_1956_sac_airfields,US (SAC),USSR,1956,study,244,GOMEL,,airfield,1,973,,,52.45,31.0,"SAC, Atomic Weapons Requirements Study for 1959 (SM 129-56, June 1956), Part II airfield list (NSA EBB 538, doc. 06)",https://nsarchive2.gwu.edu/nukevault/ebb538-Cold-War-Nuclear-Target-List-Declassified-First-Ever/documents/section6.pdf,PDF p.11 (A011-L04),973 2350 GOMEL 0167-8002 5227-03100 S,reference number 2350; BE 0167-8002; code S
us_1956_sac_airfields,US (SAC),USSR,1956,study,245,GOMEL/PRIBYTKI,,airfield,1,14,,,52.3,31.1667,"SAC, Atomic Weapons Requirements Study for 1959 (SM 129-56, June 1956), Part II airfield list (NSA EBB 538, doc. 06)",https://nsarchive2.gwu.edu/nukevault/ebb538-Cold-War-Nuclear-Target-List-Declassified-First-Ever/documents/section6.pdf,PDF p.11 (A011-L05),14 2350 GOMEL/PRIBYTKI 0167-8003 5218-03110 R,reference number 2350; BE 0167-8003; code R
us_1956_sac_airfields,US (SAC),USSR,1956,study,246,GORKIY/FEDYAKOVO,,airfield,1,509,,,56.2333,43.9667,"SAC, Atomic Weapons Requirements Study for 1959 (SM 129-56, June 1956), Part II airfield list (NSA EBB 538, doc. 06)",https://nsarchive2.gwu.edu/nukevault/ebb538-Cold-War-Nuclear-Target-List-Declassified-First-Ever/documents/section6.pdf,PDF p.11 (A011-L06),509 2360 GORKIY/FEDYAKOVO 0154-8011 5614-04358 S,reference number 2360; BE 0154-8011; code S
us_1956_sac_airfields,US (SAC),USSR,1956,study,247,GORKIY/SORMOVO,,airfield,1,740,,,56.3167,43.85,"SAC, Atomic Weapons Requirements Study for 1959 (SM 129-56, June 1956), Part II airfield list (NSA EBB 538, doc. 06)",https://nsarchive2.gwu.edu/nukevault/ebb538-Cold-War-Nuclear-Target-List-Declassified-First-Ever/documents/section6.pdf,PDF p.11 (A011-L07),740 2360 GORKIY/SORMOVO 0154-8013 5619-04351 T,reference number 2360; BE 0154-8013; code T
us_1956_sac_airfields,US (SAC),USSR,1956,study,248,GORKIY/STRIGINO,,airfield,1,420,,,56.2333,43.7833,"SAC, Atomic Weapons Requirements Study for 1959 (SM 129-56, June 1956), Part II airfield list (NSA EBB 538, doc. 06)",https://nsarchive2.gwu.edu/nukevault/ebb538-Cold-War-Nuclear-Target-List-Declassified-First-Ever/documents/section6.pdf,PDF p.11 (A011-L08),420 2360 GORKIY/STRIGINO 0154-8014 5614-04347 R,reference number 2360; BE 0154-8014; code R
us_1956_sac_airfields,US (SAC),USSR,1956,study,249,GORLOVKA/MIKHAYLOVKA,,airfield,1,1061,,,48.25,37.9667,"SAC, Atomic Weapons Requirements Study for 1959 (SM 129-56, June 1956), Part II airfield list (NSA EBB 538, doc. 06)",https://nsarchive2.gwu.edu/nukevault/ebb538-Cold-War-Nuclear-Target-List-Declassified-First-Ever/documents/section6.pdf,PDF p.11 (A011-L09),1061 2380 GORLOVKA/MIKHAYLOVKA 0234-8020 4815-03758 R,reference number 2380; BE 0234-8020; code R
us_1956_sac_airfields,US (SAC),Bulgaria,1956,study,250,"GORSKI IZVOR, BULG",,airfield,1,826,,,42.05,25.4167,"SAC, Atomic Weapons Requirements Study for 1959 (SM 129-56, June 1956), Part II airfield list (NSA EBB 538, doc. 06)",https://nsarchive2.gwu.edu/nukevault/ebb538-Cold-War-Nuclear-Target-List-Declassified-First-Ever/documents/section6.pdf,PDF p.11 (A011-L10),"826 1645 GORSKI IZVOR, BULG 0322-8082 4203-02525 R",reference number 1645; BE 0322-8082; code R
us_1956_sac_airfields,US (SAC),Bulgaria,1956,study,251,"GRAF IGNATIEVO, BULG",,airfield,1,252,,,42.2833,24.7167,"SAC, Atomic Weapons Requirements Study for 1959 (SM 129-56, June 1956), Part II airfield list (NSA EBB 538, doc. 06)",https://nsarchive2.gwu.edu/nukevault/ebb538-Cold-War-Nuclear-Target-List-Declassified-First-Ever/documents/section6.pdf,PDF p.11 (A011-L11),"252 6325 GRAF IGNATIEVO, BULG 0322-8026 4217-02443 S",reference number 6325; BE 0322-8026; code S
us_1956_sac_airfields,US (SAC),USSR,1956,study,252,GRAKOVO,,airfield,1,369,,,49.7,36.8,"SAC, Atomic Weapons Requirements Study for 1959 (SM 129-56, June 1956), Part II airfield list (NSA EBB 538, doc. 06)",https://nsarchive2.gwu.edu/nukevault/ebb538-Cold-War-Nuclear-Target-List-Declassified-First-Ever/documents/section6.pdf,PDF p.11 (A011-L12),369 1420 GRAKOVO 0234-8100 4942-03648 S,reference number 1420; BE 0234-8100; code S
us_1956_sac_airfields,US (SAC),USSR,1956,study,253,GRODNO,,airfield,1,902,,,53.6333,23.75,"SAC, Atomic Weapons Requirements Study for 1959 (SM 129-56, June 1956), Part II airfield list (NSA EBB 538, doc. 06)",https://nsarchive2.gwu.edu/nukevault/ebb538-Cold-War-Nuclear-Target-List-Declassified-First-Ever/documents/section6.pdf,PDF p.11 (A011-L13),902 2410 GRODNO 0168-8618 5338-02345 R,reference number 2410; BE 0168-8618; code R
us_1956_sac_airfields,US (SAC),GDR,1956,study,254,"GROSS DOLLN, E GER",,airfield,1,70,,,53.0333,13.55,"SAC, Atomic Weapons Requirements Study for 1959 (SM 129-56, June 1956), Part II airfield list (NSA EBB 538, doc. 06)",https://nsarchive2.gwu.edu/nukevault/ebb538-Cold-War-Nuclear-Target-List-Declassified-First-Ever/documents/section6.pdf,PDF p.11 (A011-L14),"70 1935 GROSS DOLLN, E GER 0169-8618 5302-01333 S",reference number 1935; BE 0169-8618; code S
us_1956_sac_airfields,US (SAC),GDR,1956,study,255,"GROSSENHAIN, E GER",,airfield,1,287,,,51.3167,13.5667,"SAC, Atomic Weapons Requirements Study for 1959 (SM 129-56, June 1956), Part II airfield list (NSA EBB 538, doc. 06)",https://nsarchive2.gwu.edu/nukevault/ebb538-Cold-War-Nuclear-Target-List-Declassified-First-Ever/documents/section6.pdf,PDF p.11 (A011-L15),"287 6825 GROSSENHAIN, E GER 0231-8068 5119-01334 R",reference number 6825; BE 0231-8068; code R
us_1956_sac_airfields,US (SAC),Poland,1956,study,256,"GROSS STEIN, POL",,airfield,1,445,,,50.5333,18.1,"SAC, Atomic Weapons Requirements Study for 1959 (SM 129-56, June 1956), Part II airfield list (NSA EBB 538, doc. 06)",https://nsarchive2.gwu.edu/nukevault/ebb538-Cold-War-Nuclear-Target-List-Declassified-First-Ever/documents/section6.pdf,PDF p.11 (A011-L16),"445 5781 GROSS STEIN, POL 0232-8209 5032-01806 R",reference number 5781; BE 0232-8209; code R
us_1956_sac_airfields,US (SAC),USSR,1956,study,257,GROZNYY E.,,airfield,1,421,,,43.2833,45.7667,"SAC, Atomic Weapons Requirements Study for 1959 (SM 129-56, June 1956), Part II airfield list (NSA EBB 538, doc. 06)",https://nsarchive2.gwu.edu/nukevault/ebb538-Cold-War-Nuclear-Target-List-Declassified-First-Ever/documents/section6.pdf,PDF p.11 (A011-L17),421 2450 GROZNYY E. 0325-8640 4317-04546 T,reference number 2450; BE 0325-8640; code T
us_1956_sac_airfields,US (SAC),USSR,1956,study,258,GROZNYY N.W.,,airfield,1,673,,,43.3667,45.65,"SAC, Atomic Weapons Requirements Study for 1959 (SM 129-56, June 1956), Part II airfield list (NSA EBB 538, doc. 06)",https://nsarchive2.gwu.edu/nukevault/ebb538-Cold-War-Nuclear-Target-List-Declassified-First-Ever/documents/section6.pdf,PDF p.11 (A011-L18),673 2450 GROZNYY N.W. 0325-8642 4322-04539 R,reference number 2450; BE 0325-8642; code R
us_1956_sac_airfields,US (SAC),Poland,1956,study,259,"GRUDZIADZ, POL",,airfield,1,640,,,53.4667,18.7833,"SAC, Atomic Weapons Requirements Study for 1959 (SM 129-56, June 1956), Part II airfield list (NSA EBB 538, doc. 06)",https://nsarchive2.gwu.edu/nukevault/ebb538-Cold-War-Nuclear-Target-List-Declassified-First-Ever/documents/section6.pdf,PDF p.11 (A011-L19),"640 2455 GRUDZIADZ, POL 0169-8249 5328-01847 R",reference number 2455; BE 0169-8249; code R
us_1956_sac_airfields,US (SAC),USSR,1956,study,260,GRYAZI,,airfield,1,206,,,52.4667,39.9333,"SAC, Atomic Weapons Requirements Study for 1959 (SM 129-56, June 1956), Part II airfield list (NSA EBB 538, doc. 06)",https://nsarchive2.gwu.edu/nukevault/ebb538-Cold-War-Nuclear-Target-List-Declassified-First-Ever/documents/section6.pdf,PDF p.11 (A011-L20),206 4600 GRYAZI 0166-8005 5228-03956 R,reference number 4600; BE 0166-8005; code R
us_1956_sac_airfields,US (SAC),USSR,1956,study,261,GUDAUTY,,airfield,1,325,,,43.1,40.5833,"SAC, Atomic Weapons Requirements Study for 1959 (SM 129-56, June 1956), Part II airfield list (NSA EBB 538, doc. 06)",https://nsarchive2.gwu.edu/nukevault/ebb538-Cold-War-Nuclear-Target-List-Declassified-First-Ever/documents/section6.pdf,PDF p.11 (A011-L21),325 2465 GUDAUTY 0324-8609 4306-04035 R,reference number 2465; BE 0324-8609; code R
us_1956_sac_airfields,US (SAC),USSR,1956,study,262,GUDERMES E.,,airfield,1,471,,,43.35,46.2333,"SAC, Atomic Weapons Requirements Study for 1959 (SM 129-56, June 1956), Part II airfield list (NSA EBB 538, doc. 06)",https://nsarchive2.gwu.edu/nukevault/ebb538-Cold-War-Nuclear-Target-List-Declassified-First-Ever/documents/section6.pdf,PDF p.11 (A011-L22),471 2470 GUDERMES E. 0325-4321-04614 R,reference number 2470; BE 0325-; code R
us_1956_sac_airfields,US (SAC),USSR,1956,study,263,GULBENE,,airfield,1,974,,,57.1667,26.7667,"SAC, Atomic Weapons Requirements Study for 1959 (SM 129-56, June 1956), Part II airfield list (NSA EBB 538, doc. 06)",https://nsarchive2.gwu.edu/nukevault/ebb538-Cold-War-Nuclear-Target-List-Declassified-First-Ever/documents/section6.pdf,PDF p.11 (A011-L23),974 24703 GULBENE 0153-8022 5710-02646 R,reference number 24703; BE 0153-8022; code R
us_1956_sac_airfields,US (SAC),USSR,1956,study,264,GURA KAYNARI S.E.,,airfield,1,451,,,47.85,28.2167,"SAC, Atomic Weapons Requirements Study for 1959 (SM 129-56, June 1956), Part II airfield list (NSA EBB 538, doc. 06)",https://nsarchive2.gwu.edu/nukevault/ebb538-Cold-War-Nuclear-Target-List-Declassified-First-Ever/documents/section6.pdf,PDF p.11 (A011-L24),451 06605 GURA KAYNARI S.E. 0250-8637 4751-02813 S,reference number 06605; BE 0250-8637; code S
us_1956_sac_airfields,US (SAC),USSR,1956,study,265,GURYEV,,airfield,1,174,,,47.1167,51.8667,"SAC, Atomic Weapons Requirements Study for 1959 (SM 129-56, June 1956), Part II airfield list (NSA EBB 538, doc. 06)",https://nsarchive2.gwu.edu/nukevault/ebb538-Cold-War-Nuclear-Target-List-Declassified-First-Ever/documents/section6.pdf,PDF p.11 (A011-L25),174 2480 GURYEV 0247-8001 4707-05152 R,reference number 2480; BE 0247-8001; code R
us_1956_sac_airfields,US (SAC),USSR,1956,study,266,GVARDEYSK,,airfield,1,975,,,53.6667,21.1,"SAC, Atomic Weapons Requirements Study for 1959 (SM 129-56, June 1956), Part II airfield list (NSA EBB 538, doc. 06)",https://nsarchive2.gwu.edu/nukevault/ebb538-Cold-War-Nuclear-Target-List-Declassified-First-Ever/documents/section6.pdf,PDF p.11 (A011-L26),975 24937 GVARDEYSK 0168-8620 5340-02106 R,reference number 24937; BE 0168-8620; code R
us_1956_sac_airfields,US (SAC),USSR,1956,study,267,HAAPSALU,,airfield,1,297,,,58.9,23.5,"SAC, Atomic Weapons Requirements Study for 1959 (SM 129-56, June 1956), Part II airfield list (NSA EBB 538, doc. 06)",https://nsarchive2.gwu.edu/nukevault/ebb538-Cold-War-Nuclear-Target-List-Declassified-First-Ever/documents/section6.pdf,PDF p.11 (A011-L27),297 2520 HAAPSALU 0153-8023 5854-02330 R,reference number 2520; BE 0153-8023; code R
us_1956_sac_airfields,US (SAC),PRC,1956,study,268,HAI LA ERH E. MANCH,,airfield,1,976,,,49.1667,119.8667,"SAC, Atomic Weapons Requirements Study for 1959 (SM 129-56, June 1956), Part II airfield list (NSA EBB 538, doc. 06)",https://nsarchive2.gwu.edu/nukevault/ebb538-Cold-War-Nuclear-Target-List-Declassified-First-Ever/documents/section6.pdf,PDF p.11 (A011-L28),976 2530 HAI LA ERH E. MANCH 0202-8000 4910-11952 R,Manchuria; reference number 2530; BE 0202-8000; code R
us_1956_sac_airfields,US (SAC),PRC,1956,study,269,HAI LA ERH S. MANCH,,airfield,1,977,,,49.1667,119.7167,"SAC, Atomic Weapons Requirements Study for 1959 (SM 129-56, June 1956), Part II airfield list (NSA EBB 538, doc. 06)",https://nsarchive2.gwu.edu/nukevault/ebb538-Cold-War-Nuclear-Target-List-Declassified-First-Ever/documents/section6.pdf,PDF p.11 (A011-L29),977 2530 HAI LA ERH S. MANCH 0202-8402 4910-11943 S,Manchuria; reference number 2530; BE 0202-8402; code S
us_1956_sac_airfields,US (SAC),PRC,1956,study,270,"HANG CHOW, CHINA",,airfield,1,76,,,30.3333,120.2167,"SAC, Atomic Weapons Requirements Study for 1959 (SM 129-56, June 1956), Part II airfield list (NSA EBB 538, doc. 06)",https://nsarchive2.gwu.edu/nukevault/ebb538-Cold-War-Nuclear-Target-List-Declassified-First-Ever/documents/section6.pdf,PDF p.11 (A011-L30),"76 2579 HANG CHOW, CHINA 0492-8405 3020-12013 R",reference number 2579; BE 0492-8405; code R
us_1956_sac_airfields,US (SAC),PRC,1956,study,271,"HAN KOW, CHINA",,airfield,1,274,,,30.6,114.25,"SAC, Atomic Weapons Requirements Study for 1959 (SM 129-56, June 1956), Part II airfield list (NSA EBB 538, doc. 06)",https://nsarchive2.gwu.edu/nukevault/ebb538-Cold-War-Nuclear-Target-List-Declassified-First-Ever/documents/section6.pdf,PDF p.12 (A012-L02),"274 2585 HAN KOW, CHINA 0493-8404 3036-11415 R",reference number 2585; BE 0493-8404; code R
us_1956_sac_airfields,US (SAC),PRC,1956,study,272,HARBIN S.E. MANCH,,airfield,1,774,,,45.75,126.6667,"SAC, Atomic Weapons Requirements Study for 1959 (SM 129-56, June 1956), Part II airfield list (NSA EBB 538, doc. 06)",https://nsarchive2.gwu.edu/nukevault/ebb538-Cold-War-Nuclear-Target-List-Declassified-First-Ever/documents/section6.pdf,PDF p.12 (A012-L03),774 2611 HARBIN S.E. MANCH 0283-8409 4545-12640 R,Manchuria; reference number 2611; BE 0283-8409; code R
us_1956_sac_airfields,US (SAC),USSR,1956,study,273,HATSUMA,,airfield,1,413,,,49.4,142.8833,"SAC, Atomic Weapons Requirements Study for 1959 (SM 129-56, June 1956), Part II airfield list (NSA EBB 538, doc. 06)",https://nsarchive2.gwu.edu/nukevault/ebb538-Cold-War-Nuclear-Target-List-Declassified-First-Ever/documents/section6.pdf,PDF p.12 (A012-L04),413 7520 HATSUMA 0205-8004 4924-14253 S,reference number 7520; BE 0205-8004; code S
us_1956_sac_airfields,US (SAC),PRC,1956,study,274,"HENG YANG, CHINA",,airfield,1,866,,,26.9167,112.6333,"SAC, Atomic Weapons Requirements Study for 1959 (SM 129-56, June 1956), Part II airfield list (NSA EBB 538, doc. 06)",https://nsarchive2.gwu.edu/nukevault/ebb538-Cold-War-Nuclear-Target-List-Declassified-First-Ever/documents/section6.pdf,PDF p.12 (A012-L05),"866 2630 HENG YANG, CHINA 0497-8405 2655-11238 R",reference number 2630; BE 0497-8405; code R
us_1956_sac_airfields,US (SAC),Czechoslovakia,1956,study,275,"HOLESOV, CZECH",,airfield,1,888,,,49.3167,17.5667,"SAC, Atomic Weapons Requirements Study for 1959 (SM 129-56, June 1956), Part II airfield list (NSA EBB 538, doc. 06)",https://nsarchive2.gwu.edu/nukevault/ebb538-Cold-War-Nuclear-Target-List-Declassified-First-Ever/documents/section6.pdf,PDF p.12 (A012-L06),"888 5925 HOLESOV, CZECH 0232-8283 4919-01734 R",reference number 5925; BE 0232-8283; code R
us_1956_sac_airfields,US (SAC),PRC,1956,study,276,"HSIAN, CHINA",,airfield,1,155,,,34.2667,108.9,"SAC, Atomic Weapons Requirements Study for 1959 (SM 129-56, June 1956), Part II airfield list (NSA EBB 538, doc. 06)",https://nsarchive2.gwu.edu/nukevault/ebb538-Cold-War-Nuclear-Target-List-Declassified-First-Ever/documents/section6.pdf,PDF p.12 (A012-L07),"155 2803 HSIAN, CHINA 0384-8403 3416-10854 R",reference number 2803; BE 0384-8403; code R
us_1956_sac_airfields,US (SAC),PRC,1956,study,277,"HSIANG TANG, CHINA",,airfield,1,214,,,28.4333,115.9167,"SAC, Atomic Weapons Requirements Study for 1959 (SM 129-56, June 1956), Part II airfield list (NSA EBB 538, doc. 06)",https://nsarchive2.gwu.edu/nukevault/ebb538-Cold-War-Nuclear-Target-List-Declassified-First-Ever/documents/section6.pdf,PDF p.12 (A012-L08),"214 5364 HSIANG TANG, CHINA 0493-8425 2826-11555 S",reference number 5364; BE 0493-8425; code S
us_1956_sac_airfields,US (SAC),PRC,1956,study,278,"HSIN CHENG, CHINA",,airfield,1,1038,,,25.55,114.6167,"SAC, Atomic Weapons Requirements Study for 1959 (SM 129-56, June 1956), Part II airfield list (NSA EBB 538, doc. 06)",https://nsarchive2.gwu.edu/nukevault/ebb538-Cold-War-Nuclear-Target-List-Declassified-First-Ever/documents/section6.pdf,PDF p.12 (A012-L09),"1038 8305 HSIN CHENG, CHINA 0498-8405 2533-11437 R",reference number 8305; BE 0498-8405; code R
us_1956_sac_airfields,US (SAC),PRC,1956,study,279,"HSIN CHING, CHINA",,airfield,1,560,,,30.4167,103.8333,"SAC, Atomic Weapons Requirements Study for 1959 (SM 129-56, June 1956), Part II airfield list (NSA EBB 538, doc. 06)",https://nsarchive2.gwu.edu/nukevault/ebb538-Cold-War-Nuclear-Target-List-Declassified-First-Ever/documents/section6.pdf,PDF p.12 (A012-L10),"560 12155 HSIN CHING, CHINA 0495-8407 3025-10350 W",reference number 12155; BE 0495-8407; code W
us_1956_sac_airfields,US (SAC),PRC,1956,study,280,"HSUAN HUA, CHINA",,airfield,1,693,,,40.7333,114.9667,"SAC, Atomic Weapons Requirements Study for 1959 (SM 129-56, June 1956), Part II airfield list (NSA EBB 538, doc. 06)",https://nsarchive2.gwu.edu/nukevault/ebb538-Cold-War-Nuclear-Target-List-Declassified-First-Ever/documents/section6.pdf,PDF p.12 (A012-L11),"693 2819 HSUAN HUA, CHINA 0288-8000 4044-11458 R",reference number 2819; BE 0288-8000; code R
us_1956_sac_airfields,US (SAC),PRC,1956,study,281,HSU CHOU S.E. CHINA,,airfield,1,658,,,34.2333,117.2333,"SAC, Atomic Weapons Requirements Study for 1959 (SM 129-56, June 1956), Part II airfield list (NSA EBB 538, doc. 06)",https://nsarchive2.gwu.edu/nukevault/ebb538-Cold-War-Nuclear-Target-List-Declassified-First-Ever/documents/section6.pdf,PDF p.12 (A012-L12),658 86455 HSU CHOU S.E. CHINA 0386-8405 3414-11714 R,reference number 86455; BE 0386-8405; code R
us_1956_sac_airfields,US (SAC),PRC,1956,study,282,"HUA CHIA TUN, MANCH",,airfield,1,403,,,39.25,122.0833,"SAC, Atomic Weapons Requirements Study for 1959 (SM 129-56, June 1956), Part II airfield list (NSA EBB 538, doc. 06)",https://nsarchive2.gwu.edu/nukevault/ebb538-Cold-War-Nuclear-Target-List-Declassified-First-Ever/documents/section6.pdf,PDF p.12 (A012-L13),"403 72155 HUA CHIA TUN, MANCH 0381-8008 3915-12205 T",Manchuria; reference number 72155; BE 0381-8008; code T
us_1956_sac_airfields,US (SAC),PRC,1956,study,283,"HU HSIEN, CHINA",,airfield,1,504,,,34.1667,108.5333,"SAC, Atomic Weapons Requirements Study for 1959 (SM 129-56, June 1956), Part II airfield list (NSA EBB 538, doc. 06)",https://nsarchive2.gwu.edu/nukevault/ebb538-Cold-War-Nuclear-Target-List-Declassified-First-Ever/documents/section6.pdf,PDF p.12 (A012-L14),"504 2803 HU HSIEN, CHINA 0384-8404 3410-10832 S",reference number 2803; BE 0384-8404; code S
us_1956_sac_airfields,US (SAC),PRC,1956,study,284,"HUI AN, CHINA",,airfield,1,1036A,,,25.0333,118.8,"SAC, Atomic Weapons Requirements Study for 1959 (SM 129-56, June 1956), Part II airfield list (NSA EBB 538, doc. 06)",https://nsarchive2.gwu.edu/nukevault/ebb538-Cold-War-Nuclear-Target-List-Declassified-First-Ever/documents/section6.pdf,PDF p.12 (A012-L15),"1036A 28346 HUI AN, CHINA 0498-8426 2502-11848 R",reference number 28346; BE 0498-8426; code R
us_1956_sac_airfields,US (SAC),PRC,1956,study,285,"HUNG CHIAO, CHINA",,airfield,1,572,,,31.2,121.3333,"SAC, Atomic Weapons Requirements Study for 1959 (SM 129-56, June 1956), Part II airfield list (NSA EBB 538, doc. 06)",https://nsarchive2.gwu.edu/nukevault/ebb538-Cold-War-Nuclear-Target-List-Declassified-First-Ever/documents/section6.pdf,PDF p.12 (A012-L16),"572 7475 HUNG CHIAO, CHINA 0492-8406 3112-12120 R",reference number 7475; BE 0492-8406; code R
us_1956_sac_airfields,US (SAC),Romania,1956,study,286,"IANCA, RUM",,airfield,1,268,,,45.15,27.45,"SAC, Atomic Weapons Requirements Study for 1959 (SM 129-56, June 1956), Part II airfield list (NSA EBB 538, doc. 06)",https://nsarchive2.gwu.edu/nukevault/ebb538-Cold-War-Nuclear-Target-List-Declassified-First-Ever/documents/section6.pdf,PDF p.12 (A012-L17),"268 2880 IANCA, RUM 0250-8210 4509-02727 R",reference number 2880; BE 0250-8210; code R
us_1956_sac_airfields,US (SAC),USSR,1956,study,287,IGARKA,,airfield,1,595,,,67.4333,86.65,"SAC, Atomic Weapons Requirements Study for 1959 (SM 129-56, June 1956), Part II airfield list (NSA EBB 538, doc. 06)",https://nsarchive2.gwu.edu/nukevault/ebb538-Cold-War-Nuclear-Target-List-Declassified-First-Ever/documents/section6.pdf,PDF p.12 (A012-L18),595 2890 IGARKA 0095-8001 6726-08639 R,reference number 2890; BE 0095-8001; code R
us_1956_sac_airfields,US (SAC),USSR,1956,study,288,IMAN,,airfield,1,833,,,45.95,133.7833,"SAC, Atomic Weapons Requirements Study for 1959 (SM 129-56, June 1956), Part II airfield list (NSA EBB 538, doc. 06)",https://nsarchive2.gwu.edu/nukevault/ebb538-Cold-War-Nuclear-Target-List-Declassified-First-Ever/documents/section6.pdf,PDF p.12 (A012-L19),833 2922 IMAN 0282-8010 4557-13347 R,reference number 2922; BE 0282-8010; code R
us_1956_sac_airfields,US (SAC),USSR,1956,study,289,IRKUTSK N.W.,,airfield,1,211,,,52.3667,104.2,"SAC, Atomic Weapons Requirements Study for 1959 (SM 129-56, June 1956), Part II airfield list (NSA EBB 538, doc. 06)",https://nsarchive2.gwu.edu/nukevault/ebb538-Cold-War-Nuclear-Target-List-Declassified-First-Ever/documents/section6.pdf,PDF p.12 (A012-L20),211 2940 IRKUTSK N.W. 0200-8009 5222-10412 R,reference number 2940; BE 0200-8009; code R
us_1956_sac_airfields,US (SAC),USSR,1956,study,290,IRKUTSK S.E.,,airfield,1,288,,,52.2667,104.3667,"SAC, Atomic Weapons Requirements Study for 1959 (SM 129-56, June 1956), Part II airfield list (NSA EBB 538, doc. 06)",https://nsarchive2.gwu.edu/nukevault/ebb538-Cold-War-Nuclear-Target-List-Declassified-First-Ever/documents/section6.pdf,PDF p.12 (A012-L21),288 2940 IRKUTSK S.E. 0200-8010 5216-10422 S,reference number 2940; BE 0200-8010; code S
us_1956_sac_airfields,US (SAC),USSR,1956,study,291,ISLAM TEREK,,airfield,1,164,,,45.1333,35.1833,"SAC, Atomic Weapons Requirements Study for 1959 (SM 129-56, June 1956), Part II airfield list (NSA EBB 538, doc. 06)",https://nsarchive2.gwu.edu/nukevault/ebb538-Cold-War-Nuclear-Target-List-Declassified-First-Ever/documents/section6.pdf,PDF p.12 (A012-L22),164 2080 ISLAM TEREK 0249-8317 4508-03511 S,reference number 2080; BE 0249-8317; code S
us_1956_sac_airfields,US (SAC),USSR,1956,study,292,IVANGOROD,,airfield,1,878,,,48.8167,29.7833,"SAC, Atomic Weapons Requirements Study for 1959 (SM 129-56, June 1956), Part II airfield list (NSA EBB 538, doc. 06)",https://nsarchive2.gwu.edu/nukevault/ebb538-Cold-War-Nuclear-Target-List-Declassified-First-Ever/documents/section6.pdf,PDF p.12 (A012-L23),878 2956 IVANGOROD 0233-8024 4849-02947 R,reference number 2956; BE 0233-8024; code R
us_1956_sac_airfields,US (SAC),USSR,1956,study,293,IVANOVO N.,,airfield,1,172,,,57.05,40.9833,"SAC, Atomic Weapons Requirements Study for 1959 (SM 129-56, June 1956), Part II airfield list (NSA EBB 538, doc. 06)",https://nsarchive2.gwu.edu/nukevault/ebb538-Cold-War-Nuclear-Target-List-Declassified-First-Ever/documents/section6.pdf,PDF p.12 (A012-L24),172 2970 IVANOVO N. 0154-8017 5703-04059 S,reference number 2970; BE 0154-8017; code S
us_1956_sac_airfields,US (SAC),USSR,1956,study,294,IVANOVO S.W.,,airfield,1,979,,,56.9667,40.9667,"SAC, Atomic Weapons Requirements Study for 1959 (SM 129-56, June 1956), Part II airfield list (NSA EBB 538, doc. 06)",https://nsarchive2.gwu.edu/nukevault/ebb538-Cold-War-Nuclear-Target-List-Declassified-First-Ever/documents/section6.pdf,PDF p.12 (A012-L25),979 2970 IVANOVO S.W. 0154-8018 5658-04058 T,reference number 2970; BE 0154-8018; code T
us_1956_sac_airfields,US (SAC),USSR,1956,study,295,IVANOVO W.,,airfield,1,409,,,57.0,40.8667,"SAC, Atomic Weapons Requirements Study for 1959 (SM 129-56, June 1956), Part II airfield list (NSA EBB 538, doc. 06)",https://nsarchive2.gwu.edu/nukevault/ebb538-Cold-War-Nuclear-Target-List-Declassified-First-Ever/documents/section6.pdf,PDF p.12 (A012-L26),409 2970 IVANOVO W. 0154-8019 5700-04052 R,reference number 2970; BE 0154-8019; code R
us_1956_sac_airfields,US (SAC),USSR,1956,study,296,IZHEVSK,,airfield,1,980,,,56.75,53.2667,"SAC, Atomic Weapons Requirements Study for 1959 (SM 129-56, June 1956), Part II airfield list (NSA EBB 538, doc. 06)",https://nsarchive2.gwu.edu/nukevault/ebb538-Cold-War-Nuclear-Target-List-Declassified-First-Ever/documents/section6.pdf,PDF p.12 (A012-L27),980 2980 IZHEVSK 0155-8001 5645-05316 R,reference number 2980; BE 0155-8001; code R
us_1956_sac_airfields,US (SAC),USSR,1956,study,297,IZMAIL,,airfield,1,834,,,45.3667,28.8333,"SAC, Atomic Weapons Requirements Study for 1959 (SM 129-56, June 1956), Part II airfield list (NSA EBB 538, doc. 06)",https://nsarchive2.gwu.edu/nukevault/ebb538-Cold-War-Nuclear-Target-List-Declassified-First-Ever/documents/section6.pdf,PDF p.12 (A012-L28),834 2981 IZMAIL 0250-8650 4522-02850 R,reference number 2981; BE 0250-8650; code R
us_1956_sac_airfields,US (SAC),GDR,1956,study,298,"JOCKSDORF, E GER",,airfield,1,494,,,51.6667,14.6333,"SAC, Atomic Weapons Requirements Study for 1959 (SM 129-56, June 1956), Part II airfield list (NSA EBB 538, doc. 06)",https://nsarchive2.gwu.edu/nukevault/ebb538-Cold-War-Nuclear-Target-List-Declassified-First-Ever/documents/section6.pdf,PDF p.13 (A013-L02),"494 1481 JOCKSDORF, E GER 0231-8170 5140-01438 T",reference number 1481; BE 0231-8170; code T
us_1956_sac_airfields,US (SAC),USSR,1956,study,299,JONAVA,,airfield,1,982,,,55.0833,24.2833,"SAC, Atomic Weapons Requirements Study for 1959 (SM 129-56, June 1956), Part II airfield list (NSA EBB 538, doc. 06)",https://nsarchive2.gwu.edu/nukevault/ebb538-Cold-War-Nuclear-Target-List-Declassified-First-Ever/documents/section6.pdf,PDF p.13 (A013-L03),982 3360 JONAVA 0168-8622 5505-02417 S,reference number 3360; BE 0168-8622; code S
us_1956_sac_airfields,US (SAC),GDR,1956,study,300,"JUTERBOG, E GER",,airfield,1,253,,,52.0,12.9833,"SAC, Atomic Weapons Requirements Study for 1959 (SM 129-56, June 1956), Part II airfield list (NSA EBB 538, doc. 06)",https://nsarchive2.gwu.edu/nukevault/ebb538-Cold-War-Nuclear-Target-List-Declassified-First-Ever/documents/section6.pdf,PDF p.13 (A013-L04),"253 3065 JUTERBOG, E GER 0231-8069 5200-01259 R",reference number 3065; BE 0231-8069; code R
us_1956_sac_airfields,US (SAC),USSR,1956,study,301,KACHA,,airfield,1,312,,,44.7833,33.55,"SAC, Atomic Weapons Requirements Study for 1959 (SM 129-56, June 1956), Part II airfield list (NSA EBB 538, doc. 06)",https://nsarchive2.gwu.edu/nukevault/ebb538-Cold-War-Nuclear-Target-List-Declassified-First-Ever/documents/section6.pdf,PDF p.13 (A013-L05),312 7430 KACHA 0250-8008 4447-03333 U,reference number 7430; BE 0250-8008; code U
us_1956_sac_airfields,US (SAC),PRC,1956,study,302,"KA CHIA PA, MANCH",,airfield,1,514,,,39.9,123.8333,"SAC, Atomic Weapons Requirements Study for 1959 (SM 129-56, June 1956), Part II airfield list (NSA EBB 538, doc. 06)",https://nsarchive2.gwu.edu/nukevault/ebb538-Cold-War-Nuclear-Target-List-Declassified-First-Ever/documents/section6.pdf,PDF p.13 (A013-L06),"514 3115 KA CHIA PA, MANCH 0380-8454 3954-12350 R",Manchuria; reference number 3115; BE 0380-8454; code R
us_1956_sac_airfields,US (SAC),USSR,1956,study,303,KADIYEVKA,,airfield,1,905,,,48.6333,38.6833,"SAC, Atomic Weapons Requirements Study for 1959 (SM 129-56, June 1956), Part II airfield list (NSA EBB 538, doc. 06)",https://nsarchive2.gwu.edu/nukevault/ebb538-Cold-War-Nuclear-Target-List-Declassified-First-Ever/documents/section6.pdf,PDF p.13 (A013-L07),905 3120 KADIYEVKA 0234-8022 4838-03841 R,reference number 3120; BE 0234-8022; code R
us_1956_sac_airfields,US (SAC),PRC,1956,study,304,"KAI FENG, CHINA",,airfield,1,694,,,34.7667,114.3333,"SAC, Atomic Weapons Requirements Study for 1959 (SM 129-56, June 1956), Part II airfield list (NSA EBB 538, doc. 06)",https://nsarchive2.gwu.edu/nukevault/ebb538-Cold-War-Nuclear-Target-List-Declassified-First-Ever/documents/section6.pdf,PDF p.13 (A013-L08),"694 31454 KAI FENG, CHINA 0385-8406 3446-11420 R",reference number 31454; BE 0385-8406; code R
us_1956_sac_airfields,US (SAC),PRC,1956,study,305,"KAI YUAN, MANCH",,airfield,1,661,,,42.5167,123.9833,"SAC, Atomic Weapons Requirements Study for 1959 (SM 129-56, June 1956), Part II airfield list (NSA EBB 538, doc. 06)",https://nsarchive2.gwu.edu/nukevault/ebb538-Cold-War-Nuclear-Target-List-Declassified-First-Ever/documents/section6.pdf,PDF p.13 (A013-L09),"661 31457 KAI YUAN, MANCH 0290-8013 4231-12359 R",Manchuria; reference number 31457; BE 0290-8013; code R
us_1956_sac_airfields,US (SAC),USSR,1956,study,306,KAKUMABETSU,,airfield,1,1062,,,50.35,155.5667,"SAC, Atomic Weapons Requirements Study for 1959 (SM 129-56, June 1956), Part II airfield list (NSA EBB 538, doc. 06)",https://nsarchive2.gwu.edu/nukevault/ebb538-Cold-War-Nuclear-Target-List-Declassified-First-Ever/documents/section6.pdf,PDF p.13 (A013-L10),1062 3150 KAKUMABETSU 0206-8010 5021-15534 S,reference number 3150; BE 0206-8010; code S
us_1956_sac_airfields,US (SAC),USSR,1956,study,307,KALININ,,airfield,1,35,,,56.8333,35.75,"SAC, Atomic Weapons Requirements Study for 1959 (SM 129-56, June 1956), Part II airfield list (NSA EBB 538, doc. 06)",https://nsarchive2.gwu.edu/nukevault/ebb538-Cold-War-Nuclear-Target-List-Declassified-First-Ever/documents/section6.pdf,PDF p.13 (A013-L11),35 3160 KALININ 0154-8021 5650-03545 R,reference number 3160; BE 0154-8021; code R
us_1956_sac_airfields,US (SAC),USSR,1956,study,308,KALININGRAD/DEVAU,,airfield,1,186,,,54.7333,20.5833,"SAC, Atomic Weapons Requirements Study for 1959 (SM 129-56, June 1956), Part II airfield list (NSA EBB 538, doc. 06)",https://nsarchive2.gwu.edu/nukevault/ebb538-Cold-War-Nuclear-Target-List-Declassified-First-Ever/documents/section6.pdf,PDF p.13 (A013-L12),186 3180 KALININGRAD/DEVAU 0169-8604 5444-02035 W,reference number 3180; BE 0169-8604; code W
us_1956_sac_airfields,US (SAC),USSR,1956,study,309,KALININGRAD/GURYEVSK,,airfield,1,89,,,54.7833,20.6167,"SAC, Atomic Weapons Requirements Study for 1959 (SM 129-56, June 1956), Part II airfield list (NSA EBB 538, doc. 06)",https://nsarchive2.gwu.edu/nukevault/ebb538-Cold-War-Nuclear-Target-List-Declassified-First-Ever/documents/section6.pdf,PDF p.13 (A013-L13),89 3180 KALININGRAD/GURYEVSK 0169-8605 5447-02037 S,reference number 3180; BE 0169-8605; code S
us_1956_sac_airfields,US (SAC),USSR,1956,study,310,KALININGRAD/GUTENFELD,,airfield,1,985,,,54.6833,20.65,"SAC, Atomic Weapons Requirements Study for 1959 (SM 129-56, June 1956), Part II airfield list (NSA EBB 538, doc. 06)",https://nsarchive2.gwu.edu/nukevault/ebb538-Cold-War-Nuclear-Target-List-Declassified-First-Ever/documents/section6.pdf,PDF p.13 (A013-L14),985 3180 KALININGRAD/GUTENFELD 0169-8606 5441-02039 T,reference number 3180; BE 0169-8606; code T
us_1956_sac_airfields,US (SAC),USSR,1956,study,311,KALININGRAD/PIONERSKIY,,airfield,1,185,,,54.95,20.25,"SAC, Atomic Weapons Requirements Study for 1959 (SM 129-56, June 1956), Part II airfield list (NSA EBB 538, doc. 06)",https://nsarchive2.gwu.edu/nukevault/ebb538-Cold-War-Nuclear-Target-List-Declassified-First-Ever/documents/section6.pdf,PDF p.13 (A013-L15),185 3180 KALININGRAD/PIONERSKIY 0169-8608 5457-02015 R,reference number 3180; BE 0169-8608; code R
us_1956_sac_airfields,US (SAC),USSR,1956,study,312,KALININGRAD/POVUNDEN,,airfield,1,139,,,54.8833,20.5833,"SAC, Atomic Weapons Requirements Study for 1959 (SM 129-56, June 1956), Part II airfield list (NSA EBB 538, doc. 06)",https://nsarchive2.gwu.edu/nukevault/ebb538-Cold-War-Nuclear-Target-List-Declassified-First-Ever/documents/section6.pdf,PDF p.13 (A013-L16),139 3180 KALININGRAD/POVUNDEN 0169-8609 5453-02035 U,reference number 3180; BE 0169-8609; code U
us_1956_sac_airfields,US (SAC),USSR,1956,study,313,KALININGRAD/PROVEHREN,,airfield,1,165,,,54.7667,20.4167,"SAC, Atomic Weapons Requirements Study for 1959 (SM 129-56, June 1956), Part II airfield list (NSA EBB 538, doc. 06)",https://nsarchive2.gwu.edu/nukevault/ebb538-Cold-War-Nuclear-Target-List-Declassified-First-Ever/documents/section6.pdf,PDF p.13 (A013-L17),165 3180 KALININGRAD/PROVEHREN 0169-8610 5446-02025 V,reference number 3180; BE 0169-8610; code V
us_1956_sac_airfields,US (SAC),USSR,1956,study,314,KALININGRAD/YEZAU,,airfield,1,238,,,54.5667,20.6,"SAC, Atomic Weapons Requirements Study for 1959 (SM 129-56, June 1956), Part II airfield list (NSA EBB 538, doc. 06)",https://nsarchive2.gwu.edu/nukevault/ebb538-Cold-War-Nuclear-Target-List-Declassified-First-Ever/documents/section6.pdf,PDF p.13 (A013-L18),238 3180 KALININGRAD/YEZAU 0169-8611 5434-02036 Y,reference number 3180; BE 0169-8611; code Y
us_1956_sac_airfields,US (SAC),USSR,1956,study,315,KALININGRAD/ZEYERAPPEN,,airfield,1,46,,,54.75,20.2833,"SAC, Atomic Weapons Requirements Study for 1959 (SM 129-56, June 1956), Part II airfield list (NSA EBB 538, doc. 06)",https://nsarchive2.gwu.edu/nukevault/ebb538-Cold-War-Nuclear-Target-List-Declassified-First-Ever/documents/section6.pdf,PDF p.13 (A013-L19),46 3180 KALININGRAD/ZEYERAPPEN 0169-8612 5445-02017 X,reference number 3180; BE 0169-8612; code X
us_1956_sac_airfields,US (SAC),USSR,1956,study,316,KALINOVKA,,airfield,1,163,,,49.4833,28.5333,"SAC, Atomic Weapons Requirements Study for 1959 (SM 129-56, June 1956), Part II airfield list (NSA EBB 538, doc. 06)",https://nsarchive2.gwu.edu/nukevault/ebb538-Cold-War-Nuclear-Target-List-Declassified-First-Ever/documents/section6.pdf,PDF p.13 (A013-L20),163 31835 KALINOVKA 0233-8027 4929-02832 R,reference number 31835; BE 0233-8027; code R
us_1956_sac_airfields,US (SAC),USSR,1956,study,317,KALUGA/ORESHOVKA,,airfield,1,279,,,54.4667,36.0667,"SAC, Atomic Weapons Requirements Study for 1959 (SM 129-56, June 1956), Part II airfield list (NSA EBB 538, doc. 06)",https://nsarchive2.gwu.edu/nukevault/ebb538-Cold-War-Nuclear-Target-List-Declassified-First-Ever/documents/section6.pdf,PDF p.13 (A013-L21),279 3200 KALUGA/ORESHOVKA 0167-8025 5428-03604 R,reference number 3200; BE 0167-8025; code R
us_1956_sac_airfields,US (SAC),Bulgaria,1956,study,318,"KAMENETS, BULG",,airfield,1,497,,,43.35,25.0333,"SAC, Atomic Weapons Requirements Study for 1959 (SM 129-56, June 1956), Part II airfield list (NSA EBB 538, doc. 06)",https://nsarchive2.gwu.edu/nukevault/ebb538-Cold-War-Nuclear-Target-List-Declassified-First-Ever/documents/section6.pdf,PDF p.13 (A013-L22),"497 8005 KAMENETS, BULG 0322-8076 4321-02502 R",reference number 8005; BE 0322-8076; code R
us_1956_sac_airfields,US (SAC),USSR,1956,study,319,KAMENETS PODOLSKIY,,airfield,1,828,,,48.7333,26.5167,"SAC, Atomic Weapons Requirements Study for 1959 (SM 129-56, June 1956), Part II airfield list (NSA EBB 538, doc. 06)",https://nsarchive2.gwu.edu/nukevault/ebb538-Cold-War-Nuclear-Target-List-Declassified-First-Ever/documents/section6.pdf,PDF p.13 (A013-L23),828 3204 KAMENETS PODOLSKIY 0233-8028 4844-02631 R,reference number 3204; BE 0233-8028; code R
us_1956_sac_airfields,US (SAC),USSR,1956,study,320,KAMEN RYBOLOV,,airfield,1,304,,,44.75,132.0333,"SAC, Atomic Weapons Requirements Study for 1959 (SM 129-56, June 1956), Part II airfield list (NSA EBB 538, doc. 06)",https://nsarchive2.gwu.edu/nukevault/ebb538-Cold-War-Nuclear-Target-List-Declassified-First-Ever/documents/section6.pdf,PDF p.13 (A013-L24),304 3472 KAMEN RYBOLOV 0282-8633 4445-13202 R,reference number 3472; BE 0282-8633; code R
us_1956_sac_airfields,US (SAC),USSR,1956,study,321,KAMI SHIKUKA,,airfield,1,42,,,49.2833,142.9333,"SAC, Atomic Weapons Requirements Study for 1959 (SM 129-56, June 1956), Part II airfield list (NSA EBB 538, doc. 06)",https://nsarchive2.gwu.edu/nukevault/ebb538-Cold-War-Nuclear-Target-List-Declassified-First-Ever/documents/section6.pdf,PDF p.13 (A013-L25),42 7520 KAMI SHIKUKA 0205-8005 4917-14256 R,reference number 7520; BE 0205-8005; code R
us_1956_sac_airfields,US (SAC),USSR,1956,study,322,KANDALAKSHA,,airfield,1,903,,,67.1,32.2,"SAC, Atomic Weapons Requirements Study for 1959 (SM 129-56, June 1956), Part II airfield list (NSA EBB 538, doc. 06)",https://nsarchive2.gwu.edu/nukevault/ebb538-Cold-War-Nuclear-Target-List-Declassified-First-Ever/documents/section6.pdf,PDF p.13 (A013-L26),903 3240 KANDALAKSHA 0091-8608 6706-03212 R,reference number 3240; BE 0091-8608; code R
us_1956_sac_airfields,US (SAC),PRC,1956,study,323,"KAN TZU, CHINA",,airfield,1,997A,,,31.6333,99.9833,"SAC, Atomic Weapons Requirements Study for 1959 (SM 129-56, June 1956), Part II airfield list (NSA EBB 538, doc. 06)",https://nsarchive2.gwu.edu/nukevault/ebb538-Cold-War-Nuclear-Target-List-Declassified-First-Ever/documents/section6.pdf,PDF p.13 (A013-L27),"997A 32408 KAN TZU, CHINA 0436-8000 3138-09959 R",reference number 32408; BE 0436-8000; code R
us_1956_sac_airfields,US (SAC),PRC,1956,study,324,"KAO CHI, CHINA",,airfield,1,852,,,24.5333,118.1167,"SAC, Atomic Weapons Requirements Study for 1959 (SM 129-56, June 1956), Part II airfield list (NSA EBB 538, doc. 06)",https://nsarchive2.gwu.edu/nukevault/ebb538-Cold-War-Nuclear-Target-List-Declassified-First-Ever/documents/section6.pdf,PDF p.13 (A013-L28),"852 0209 KAO CHI, CHINA 0498-8407 2432-11807 S",reference number 0209; BE 0498-8407; code S
us_1956_sac_airfields,US (SAC),PRC,1956,study,325,"KAO LAN, CHINA",,airfield,1,1039,,,36.05,103.8,"SAC, Atomic Weapons Requirements Study for 1959 (SM 129-56, June 1956), Part II airfield list (NSA EBB 538, doc. 06)",https://nsarchive2.gwu.edu/nukevault/ebb538-Cold-War-Nuclear-Target-List-Declassified-First-Ever/documents/section6.pdf,PDF p.14 (A014-L02),"1039 4403 KAO LAN, CHINA 0383-8402 3603-10348 R",reference number 4403; BE 0383-8402; code R
us_1956_sac_airfields,US (SAC),PRC,1956,study,326,"KAO MI, CHINA",,airfield,1,549,,,36.3833,119.6833,"SAC, Atomic Weapons Requirements Study for 1959 (SM 129-56, June 1956), Part II airfield list (NSA EBB 538, doc. 06)",https://nsarchive2.gwu.edu/nukevault/ebb538-Cold-War-Nuclear-Target-List-Declassified-First-Ever/documents/section6.pdf,PDF p.14 (A014-L03),"549 1336 KAO MI, CHINA 0381-8443 3623-11941 S",reference number 1336; BE 0381-8443; code S
us_1956_sac_airfields,US (SAC),USSR,1956,study,327,KARA BOGAZ GOL,,airfield,1,341,,,41.05,52.9167,"SAC, Atomic Weapons Requirements Study for 1959 (SM 129-56, June 1956), Part II airfield list (NSA EBB 538, doc. 06)",https://nsarchive2.gwu.edu/nukevault/ebb538-Cold-War-Nuclear-Target-List-Declassified-First-Ever/documents/section6.pdf,PDF p.14 (A014-L04),341 3262 KARA BOGAZ GOL 0326-8006 4103-05255 R,reference number 3262; BE 0326-8006; code R
us_1956_sac_airfields,US (SAC),USSR,1956,study,328,KARACHEV,,airfield,1,1063,,,53.1333,34.9,"SAC, Atomic Weapons Requirements Study for 1959 (SM 129-56, June 1956), Part II airfield list (NSA EBB 538, doc. 06)",https://nsarchive2.gwu.edu/nukevault/ebb538-Cold-War-Nuclear-Target-List-Declassified-First-Ever/documents/section6.pdf,PDF p.14 (A014-L05),1063 3265 KARACHEV 0167-8026 5308-03454 R,reference number 3265; BE 0167-8026; code R
us_1956_sac_airfields,US (SAC),USSR,1956,study,329,KARAGANDA,,airfield,1,983,,,49.9,73.2,"SAC, Atomic Weapons Requirements Study for 1959 (SM 129-56, June 1956), Part II airfield list (NSA EBB 538, doc. 06)",https://nsarchive2.gwu.edu/nukevault/ebb538-Cold-War-Nuclear-Target-List-Declassified-First-Ever/documents/section6.pdf,PDF p.14 (A014-L06),983 3270 KARAGANDA 0238-8003 4954-07312 S,reference number 3270; BE 0238-8003; code S
us_1956_sac_airfields,US (SAC),USSR,1956,study,330,KARAGANDA S.E.,,airfield,1,984,,,49.8167,73.1667,"SAC, Atomic Weapons Requirements Study for 1959 (SM 129-56, June 1956), Part II airfield list (NSA EBB 538, doc. 06)",https://nsarchive2.gwu.edu/nukevault/ebb538-Cold-War-Nuclear-Target-List-Declassified-First-Ever/documents/section6.pdf,PDF p.14 (A014-L07),984 3270 KARAGANDA S.E. 0238-8005 4949-07310 R,reference number 3270; BE 0238-8005; code R
us_1956_sac_airfields,US (SAC),USSR,1956,study,331,KARANKUT,,airfield,1,422,,,45.5667,34.2833,"SAC, Atomic Weapons Requirements Study for 1959 (SM 129-56, June 1956), Part II airfield list (NSA EBB 538, doc. 06)",https://nsarchive2.gwu.edu/nukevault/ebb538-Cold-War-Nuclear-Target-List-Declassified-First-Ever/documents/section6.pdf,PDF p.14 (A014-L08),422 1885 KARANKUT 0250-8659 4534-03417 S,reference number 1885; BE 0250-8659; code S
us_1956_sac_airfields,US (SAC),Bulgaria,1956,study,332,"KARLOVO, BULG",,airfield,1,816,,,42.5833,24.8833,"SAC, Atomic Weapons Requirements Study for 1959 (SM 129-56, June 1956), Part II airfield list (NSA EBB 538, doc. 06)",https://nsarchive2.gwu.edu/nukevault/ebb538-Cold-War-Nuclear-Target-List-Declassified-First-Ever/documents/section6.pdf,PDF p.14 (A014-L09),"816 32725 KARLOVO, BULG 0322-8028 4235-02453 R",reference number 32725; BE 0322-8028; code R
us_1956_sac_airfields,US (SAC),USSR,1956,study,333,KARSHI,,airfield,1,102,,,38.8667,65.8333,"SAC, Atomic Weapons Requirements Study for 1959 (SM 129-56, June 1956), Part II airfield list (NSA EBB 538, doc. 06)",https://nsarchive2.gwu.edu/nukevault/ebb538-Cold-War-Nuclear-Target-List-Declassified-First-Ever/documents/section6.pdf,PDF p.14 (A014-L10),102 3285 KARSHI 0337-8606 3852-06550 R,reference number 3285; BE 0337-8606; code R
us_1956_sac_airfields,US (SAC),USSR,1956,study,334,KATAOKA,,airfield,1,563,,,50.7333,156.2167,"SAC, Atomic Weapons Requirements Study for 1959 (SM 129-56, June 1956), Part II airfield list (NSA EBB 538, doc. 06)",https://nsarchive2.gwu.edu/nukevault/ebb538-Cold-War-Nuclear-Target-List-Declassified-First-Ever/documents/section6.pdf,PDF p.14 (A014-L11),563 7440 KATAOKA 0206-8000 5044-15613 R,reference number 7440; BE 0206-8000; code R
us_1956_sac_airfields,US (SAC),USSR,1956,study,335,KAUNAS,,airfield,1,879,,,54.8833,23.8833,"SAC, Atomic Weapons Requirements Study for 1959 (SM 129-56, June 1956), Part II airfield list (NSA EBB 538, doc. 06)",https://nsarchive2.gwu.edu/nukevault/ebb538-Cold-War-Nuclear-Target-List-Declassified-First-Ever/documents/section6.pdf,PDF p.14 (A014-L12),879 3330 KAUNAS 0168-8623 5453-02353 R,reference number 3330; BE 0168-8623; code R
us_1956_sac_airfields,US (SAC),USSR,1956,study,336,KAUNAS/KARMELAVA,,airfield,1,213,,,54.9667,24.0833,"SAC, Atomic Weapons Requirements Study for 1959 (SM 129-56, June 1956), Part II airfield list (NSA EBB 538, doc. 06)",https://nsarchive2.gwu.edu/nukevault/ebb538-Cold-War-Nuclear-Target-List-Declassified-First-Ever/documents/section6.pdf,PDF p.14 (A014-L13),213 3330 KAUNAS/KARMELAVA 0168-8686 5458-02405 S,reference number 3330; BE 0168-8686; code S
us_1956_sac_airfields,US (SAC),USSR,1956,study,337,KAUNAS S.,,airfield,1,1064,,,54.8833,23.9167,"SAC, Atomic Weapons Requirements Study for 1959 (SM 129-56, June 1956), Part II airfield list (NSA EBB 538, doc. 06)",https://nsarchive2.gwu.edu/nukevault/ebb538-Cold-War-Nuclear-Target-List-Declassified-First-Ever/documents/section6.pdf,PDF p.14 (A014-L14),1064 3330 KAUNAS S. 0168-8624 5453-02355 T,reference number 3330; BE 0168-8624; code T
us_1956_sac_airfields,US (SAC),USSR,1956,study,338,KAZAN,,airfield,1,724,,,55.7833,49.2167,"SAC, Atomic Weapons Requirements Study for 1959 (SM 129-56, June 1956), Part II airfield list (NSA EBB 538, doc. 06)",https://nsarchive2.gwu.edu/nukevault/ebb538-Cold-War-Nuclear-Target-List-Declassified-First-Ever/documents/section6.pdf,PDF p.14 (A014-L15),724 3340 KAZAN 0165-8011 5547-04913 S,reference number 3340; BE 0165-8011; code S
us_1956_sac_airfields,US (SAC),USSR,1956,study,339,KAZAN N.,,airfield,1,157,,,55.8833,49.15,"SAC, Atomic Weapons Requirements Study for 1959 (SM 129-56, June 1956), Part II airfield list (NSA EBB 538, doc. 06)",https://nsarchive2.gwu.edu/nukevault/ebb538-Cold-War-Nuclear-Target-List-Declassified-First-Ever/documents/section6.pdf,PDF p.14 (A014-L16),157 3340 KAZAN N. 0165-8013 5553-04909 R,reference number 3340; BE 0165-8013; code R
us_1956_sac_airfields,US (SAC),USSR,1956,study,340,KAZI MAGOMED,,airfield,1,335,,,40.0167,48.9167,"SAC, Atomic Weapons Requirements Study for 1959 (SM 129-56, June 1956), Part II airfield list (NSA EBB 538, doc. 06)",https://nsarchive2.gwu.edu/nukevault/ebb538-Cold-War-Nuclear-Target-List-Declassified-First-Ever/documents/section6.pdf,PDF p.14 (A014-L17),335 3356 KAZI MAGOMED 0325-8654 4001-04855 R,reference number 3356; BE 0325-8654; code R
us_1956_sac_airfields,US (SAC),Hungary,1956,study,341,"KECSKEMET, HUNG",,airfield,1,353,,,46.9167,19.75,"SAC, Atomic Weapons Requirements Study for 1959 (SM 129-56, June 1956), Part II airfield list (NSA EBB 538, doc. 06)",https://nsarchive2.gwu.edu/nukevault/ebb538-Cold-War-Nuclear-Target-List-Declassified-First-Ever/documents/section6.pdf,PDF p.14 (A014-L18),"353 3358 KECSKEMET, HUNG 0251-8060 4655-01945 R",reference number 3358; BE 0251-8060; code R
us_1956_sac_airfields,US (SAC),USSR,1956,study,342,KEDAINIAI,,airfield,1,88,,,55.3167,23.95,"SAC, Atomic Weapons Requirements Study for 1959 (SM 129-56, June 1956), Part II airfield list (NSA EBB 538, doc. 06)",https://nsarchive2.gwu.edu/nukevault/ebb538-Cold-War-Nuclear-Target-List-Declassified-First-Ever/documents/section6.pdf,PDF p.14 (A014-L19),88 3360 KEDAINIAI 0168-8625 5519-02357 R,reference number 3360; BE 0168-8625; code R
us_1956_sac_airfields,US (SAC),USSR,1956,study,343,KEKSGOLM,,airfield,1,583,,,61.05,30.1167,"SAC, Atomic Weapons Requirements Study for 1959 (SM 129-56, June 1956), Part II airfield list (NSA EBB 538, doc. 06)",https://nsarchive2.gwu.edu/nukevault/ebb538-Cold-War-Nuclear-Target-List-Declassified-First-Ever/documents/section6.pdf,PDF p.14 (A014-L20),583 65265 KEKSGOLM 0103-8630 6103-03007 R,reference number 65265; BE 0103-8630; code R
us_1956_sac_airfields,US (SAC),USSR,1956,study,344,KEM/UZHMANA,,airfield,1,100,,,64.9167,34.2833,"SAC, Atomic Weapons Requirements Study for 1959 (SM 129-56, June 1956), Part II airfield list (NSA EBB 538, doc. 06)",https://nsarchive2.gwu.edu/nukevault/ebb538-Cold-War-Nuclear-Target-List-Declassified-First-Ever/documents/section6.pdf,PDF p.14 (A014-L21),100 3380 KEM/UZHMANA 0091-8635 6455-03417 R,reference number 3380; BE 0091-8635; code R
us_1956_sac_airfields,US (SAC),USSR,1956,study,345,KERCH/BAGEROVO,,airfield,1,66,,,45.4,36.2667,"SAC, Atomic Weapons Requirements Study for 1959 (SM 129-56, June 1956), Part II airfield list (NSA EBB 538, doc. 06)",https://nsarchive2.gwu.edu/nukevault/ebb538-Cold-War-Nuclear-Target-List-Declassified-First-Ever/documents/section6.pdf,PDF p.14 (A014-L22),66 3400 KERCH/BAGEROVO 0249-8168 4524-03616 S,reference number 3400; BE 0249-8168; code S
us_1956_sac_airfields,US (SAC),USSR,1956,study,346,KERCH/KATERLEZ,,airfield,1,272,,,45.3667,36.4,"SAC, Atomic Weapons Requirements Study for 1959 (SM 129-56, June 1956), Part II airfield list (NSA EBB 538, doc. 06)",https://nsarchive2.gwu.edu/nukevault/ebb538-Cold-War-Nuclear-Target-List-Declassified-First-Ever/documents/section6.pdf,PDF p.14 (A014-L23),272 3400 KERCH/KATERLEZ 0249-8170 4522-03624 T,reference number 3400; BE 0249-8170; code T
us_1956_sac_airfields,US (SAC),USSR,1956,study,347,KERCH N.,,airfield,1,486,,,45.3833,36.5,"SAC, Atomic Weapons Requirements Study for 1959 (SM 129-56, June 1956), Part II airfield list (NSA EBB 538, doc. 06)",https://nsarchive2.gwu.edu/nukevault/ebb538-Cold-War-Nuclear-Target-List-Declassified-First-Ever/documents/section6.pdf,PDF p.14 (A014-L24),486 3400 KERCH N. 0249-8172 4523-03630 R,reference number 3400; BE 0249-8172; code R
us_1956_sac_airfields,US (SAC),USSR,1956,study,348,KETON,,airfield,1,86,,,49.7333,142.8667,"SAC, Atomic Weapons Requirements Study for 1959 (SM 129-56, June 1956), Part II airfield list (NSA EBB 538, doc. 06)",https://nsarchive2.gwu.edu/nukevault/ebb538-Cold-War-Nuclear-Target-List-Declassified-First-Ever/documents/section6.pdf,PDF p.14 (A014-L25),86 3408 KETON 0205-8007 4944-14252 R,reference number 3408; BE 0205-8007; code R
us_1956_sac_airfields,US (SAC),USSR,1956,study,349,KHABAROVSK # 1,,airfield,1,307,,,48.4667,135.15,"SAC, Atomic Weapons Requirements Study for 1959 (SM 129-56, June 1956), Part II airfield list (NSA EBB 538, doc. 06)",https://nsarchive2.gwu.edu/nukevault/ebb538-Cold-War-Nuclear-Target-List-Declassified-First-Ever/documents/section6.pdf,PDF p.14 (A014-L26),307 3410 KHABAROVSK # 1 0204-8013 4828-13509 X,reference number 3410; BE 0204-8013; code X
us_1956_sac_airfields,US (SAC),USSR,1956,study,350,KHABAROVSK #2,,airfield,1,322,,,48.4333,135.1333,"SAC, Atomic Weapons Requirements Study for 1959 (SM 129-56, June 1956), Part II airfield list (NSA EBB 538, doc. 06)",https://nsarchive2.gwu.edu/nukevault/ebb538-Cold-War-Nuclear-Target-List-Declassified-First-Ever/documents/section6.pdf,PDF p.14 (A014-L27),322 3410 KHABAROVSK #2 0204-8611 4826-13508 U,reference number 3410; BE 0204-8611; code U
us_1956_sac_airfields,US (SAC),USSR,1956,study,351,KHABAROVSK E.,,airfield,1,1065,,,48.45,135.2,"SAC, Atomic Weapons Requirements Study for 1959 (SM 129-56, June 1956), Part II airfield list (NSA EBB 538, doc. 06)",https://nsarchive2.gwu.edu/nukevault/ebb538-Cold-War-Nuclear-Target-List-Declassified-First-Ever/documents/section6.pdf,PDF p.14 (A014-L28),1065 3410 KHABAROVSK E. 0204-8612 4827-13512 T,reference number 3410; BE 0204-8612; code T
us_1956_sac_airfields,US (SAC),USSR,1956,study,352,KHABAROVSK N.E.,,airfield,1,308,,,48.5333,135.15,"SAC, Atomic Weapons Requirements Study for 1959 (SM 129-56, June 1956), Part II airfield list (NSA EBB 538, doc. 06)",https://nsarchive2.gwu.edu/nukevault/ebb538-Cold-War-Nuclear-Target-List-Declassified-First-Ever/documents/section6.pdf,PDF p.15 (A015-L05),308 3410 KHABAROVSK N.E. 0204-8015 4832-13509 S,reference number 3410; BE 0204-8015; code S
us_1956_sac_airfields,US (SAC),USSR,1956,study,353,KHABAROVSK/NEKRASOVKA,,airfield,1,986,,,48.4,135.2333,"SAC, Atomic Weapons Requirements Study for 1959 (SM 129-56, June 1956), Part II airfield list (NSA EBB 538, doc. 06)",https://nsarchive2.gwu.edu/nukevault/ebb538-Cold-War-Nuclear-Target-List-Declassified-First-Ever/documents/section6.pdf,PDF p.15 (A015-L06),986 3410 KHABAROVSK/NEKRASOVKA 0204-8617 4824-13514 R,reference number 3410; BE 0204-8617; code R
us_1956_sac_airfields,US (SAC),USSR,1956,study,354,KHABAROVSK/SERGEYEVKA E.,,airfield,1,487,,,48.45,135.4,"SAC, Atomic Weapons Requirements Study for 1959 (SM 129-56, June 1956), Part II airfield list (NSA EBB 538, doc. 06)",https://nsarchive2.gwu.edu/nukevault/ebb538-Cold-War-Nuclear-Target-List-Declassified-First-Ever/documents/section6.pdf,PDF p.15 (A015-L07),487 3410 KHABAROVSK/SERGEYEVKA E. 0204-8016 4827-13524 Y,reference number 3410; BE 0204-8016; code Y
us_1956_sac_airfields,US (SAC),USSR,1956,study,355,KHABAROVSK/SMIDNOVKA,,airfield,1,904,,,48.55,135.3,"SAC, Atomic Weapons Requirements Study for 1959 (SM 129-56, June 1956), Part II airfield list (NSA EBB 538, doc. 06)",https://nsarchive2.gwu.edu/nukevault/ebb538-Cold-War-Nuclear-Target-List-Declassified-First-Ever/documents/section6.pdf,PDF p.15 (A015-L08),904 3410 KHABAROVSK/SMIDNOVKA 0204-8018 4833-13518 W,reference number 3410; BE 0204-8018; code W
us_1956_sac_airfields,US (SAC),USSR,1956,study,356,KHADA BULAK STATION,,airfield,1,208,,,50.6,116.3333,"SAC, Atomic Weapons Requirements Study for 1959 (SM 129-56, June 1956), Part II airfield list (NSA EBB 538, doc. 06)",https://nsarchive2.gwu.edu/nukevault/ebb538-Cold-War-Nuclear-Target-List-Declassified-First-Ever/documents/section6.pdf,PDF p.15 (A015-L09),208 3412 KHADA BULAK STATION 0202-8609 5036-11620 R,reference number 3412; BE 0202-8609; code R
us_1956_sac_airfields,US (SAC),USSR,1956,study,357,KHADA BULAK STATION N.,,airfield,1,344,,,50.75,116.1833,"SAC, Atomic Weapons Requirements Study for 1959 (SM 129-56, June 1956), Part II airfield list (NSA EBB 538, doc. 06)",https://nsarchive2.gwu.edu/nukevault/ebb538-Cold-War-Nuclear-Target-List-Declassified-First-Ever/documents/section6.pdf,PDF p.15 (A015-L10),344 3412 KHADA BULAK STATION N. 0202-8610 5045-11611 S,reference number 3412; BE 0202-8610; code S
us_1956_sac_airfields,US (SAC),USSR,1956,study,358,KHANSKAYA,,airfield,1,775,,,44.6833,40.0333,"SAC, Atomic Weapons Requirements Study for 1959 (SM 129-56, June 1956), Part II airfield list (NSA EBB 538, doc. 06)",https://nsarchive2.gwu.edu/nukevault/ebb538-Cold-War-Nuclear-Target-List-Declassified-First-Ever/documents/section6.pdf,PDF p.15 (A015-L11),775 4910 KHANSKAYA 0249-8023 4441-04002 S,reference number 4910; BE 0249-8023; code S
us_1956_sac_airfields,US (SAC),USSR,1956,study,359,KHARKOV,,airfield,1,362,,,49.9167,36.2833,"SAC, Atomic Weapons Requirements Study for 1959 (SM 129-56, June 1956), Part II airfield list (NSA EBB 538, doc. 06)",https://nsarchive2.gwu.edu/nukevault/ebb538-Cold-War-Nuclear-Target-List-Declassified-First-Ever/documents/section6.pdf,PDF p.15 (A015-L12),362 3440 KHARKOV 0234-8024 4955-03617 R,reference number 3440; BE 0234-8024; code R
us_1956_sac_airfields,US (SAC),USSR,1956,study,360,KHARKOV/ALEKSEYEVKA,,airfield,1,151,,,50.05,36.2833,"SAC, Atomic Weapons Requirements Study for 1959 (SM 129-56, June 1956), Part II airfield list (NSA EBB 538, doc. 06)",https://nsarchive2.gwu.edu/nukevault/ebb538-Cold-War-Nuclear-Target-List-Declassified-First-Ever/documents/section6.pdf,PDF p.15 (A015-L13),151 3440 KHARKOV/ALEKSEYEVKA 0234-8025 5003-03617 S,reference number 3440; BE 0234-8025; code S
us_1956_sac_airfields,US (SAC),USSR,1956,study,361,KHARKOV N.,,airfield,1,827,,,50.0167,36.2667,"SAC, Atomic Weapons Requirements Study for 1959 (SM 129-56, June 1956), Part II airfield list (NSA EBB 538, doc. 06)",https://nsarchive2.gwu.edu/nukevault/ebb538-Cold-War-Nuclear-Target-List-Declassified-First-Ever/documents/section6.pdf,PDF p.15 (A015-L14),827 3440 KHARKOV N. 0234-8027 5001-03616 V,reference number 3440; BE 0234-8027; code V
us_1956_sac_airfields,US (SAC),USSR,1956,study,362,KHARKOV/ROGAN,,airfield,1,801,,,49.9167,36.4333,"SAC, Atomic Weapons Requirements Study for 1959 (SM 129-56, June 1956), Part II airfield list (NSA EBB 538, doc. 06)",https://nsarchive2.gwu.edu/nukevault/ebb538-Cold-War-Nuclear-Target-List-Declassified-First-Ever/documents/section6.pdf,PDF p.15 (A015-L15),801 3440 KHARKOV/ROGAN 0234-8029 4955-03626 T,reference number 3440; BE 0234-8029; code T
us_1956_sac_airfields,US (SAC),USSR,1956,study,363,KHATANGA,,airfield,1,599,,,71.9667,102.4667,"SAC, Atomic Weapons Requirements Study for 1959 (SM 129-56, June 1956), Part II airfield list (NSA EBB 538, doc. 06)",https://nsarchive2.gwu.edu/nukevault/ebb538-Cold-War-Nuclear-Target-List-Declassified-First-Ever/documents/section6.pdf,PDF p.15 (A015-L16),599 3455 KHATANGA 0047-8001 7158-10228 R,reference number 3455; BE 0047-8001; code R
us_1956_sac_airfields,US (SAC),USSR,1956,study,364,KHERSON,,airfield,1,314,,,46.6667,32.6333,"SAC, Atomic Weapons Requirements Study for 1959 (SM 129-56, June 1956), Part II airfield list (NSA EBB 538, doc. 06)",https://nsarchive2.gwu.edu/nukevault/ebb538-Cold-War-Nuclear-Target-List-Declassified-First-Ever/documents/section6.pdf,PDF p.15 (A015-L17),314 3464 KHERSON 0250-8660 4640-03238 R,reference number 3464; BE 0250-8660; code R
us_1956_sac_airfields,US (SAC),USSR,1956,study,365,KHERSON/GUSAKOVKA,,airfield,1,196,,,46.6833,32.5167,"SAC, Atomic Weapons Requirements Study for 1959 (SM 129-56, June 1956), Part II airfield list (NSA EBB 538, doc. 06)",https://nsarchive2.gwu.edu/nukevault/ebb538-Cold-War-Nuclear-Target-List-Declassified-First-Ever/documents/section6.pdf,PDF p.15 (A015-L18),196 3464 KHERSON/GUSAKOVKA 0250-8661 4641-03231 S,reference number 3464; BE 0250-8661; code S
us_1956_sac_airfields,US (SAC),USSR,1956,study,366,KHEYLIGENBEYL,,airfield,1,148,,,54.4667,19.9667,"SAC, Atomic Weapons Requirements Study for 1959 (SM 129-56, June 1956), Part II airfield list (NSA EBB 538, doc. 06)",https://nsarchive2.gwu.edu/nukevault/ebb538-Cold-War-Nuclear-Target-List-Declassified-First-Ever/documents/section6.pdf,PDF p.15 (A015-L19),148 0510 KHEYLIGENBEYL 0169-8613 5428-01958 S,reference number 0510; BE 0169-8613; code S
us_1956_sac_airfields,US (SAC),USSR,1956,study,367,KHOROL,,airfield,1,824,,,44.4333,132.1167,"SAC, Atomic Weapons Requirements Study for 1959 (SM 129-56, June 1956), Part II airfield list (NSA EBB 538, doc. 06)",https://nsarchive2.gwu.edu/nukevault/ebb538-Cold-War-Nuclear-Target-List-Declassified-First-Ever/documents/section6.pdf,PDF p.15 (A015-L20),824 3472 KHOROL 0282-8638 4426-13207 S,reference number 3472; BE 0282-8638; code S
us_1956_sac_airfields,US (SAC),USSR,1956,study,368,KHOROL E.,,airfield,1,20,,,44.45,132.1333,"SAC, Atomic Weapons Requirements Study for 1959 (SM 129-56, June 1956), Part II airfield list (NSA EBB 538, doc. 06)",https://nsarchive2.gwu.edu/nukevault/ebb538-Cold-War-Nuclear-Target-List-Declassified-First-Ever/documents/section6.pdf,PDF p.15 (A015-L21),20 3472 KHOROL E. 0282-8722 4427-13208 T,reference number 3472; BE 0282-8722; code T
us_1956_sac_airfields,US (SAC),USSR,1956,study,369,KHOSTA,,airfield,1,835,,,43.5167,39.8667,"SAC, Atomic Weapons Requirements Study for 1959 (SM 129-56, June 1956), Part II airfield list (NSA EBB 538, doc. 06)",https://nsarchive2.gwu.edu/nukevault/ebb538-Cold-War-Nuclear-Target-List-Declassified-First-Ever/documents/section6.pdf,PDF p.15 (A015-L22),835 6270 KHOSTA 0324-8636 4331-03952 S,reference number 6270; BE 0324-8636; code S
us_1956_sac_airfields,US (SAC),USSR,1956,study,370,KHOTILOVO,,airfield,1,212,,,57.7333,34.1333,"SAC, Atomic Weapons Requirements Study for 1959 (SM 129-56, June 1956), Part II airfield list (NSA EBB 538, doc. 06)",https://nsarchive2.gwu.edu/nukevault/ebb538-Cold-War-Nuclear-Target-List-Declassified-First-Ever/documents/section6.pdf,PDF p.15 (A015-L23),212 0860 KHOTILOVO 0154-8074 5744-03408 R,reference number 0860; BE 0154-8074; code R
us_1956_sac_airfields,US (SAC),USSR,1956,study,371,KHUST,,airfield,1,987,,,48.1667,23.2667,"SAC, Atomic Weapons Requirements Study for 1959 (SM 129-56, June 1956), Part II airfield list (NSA EBB 538, doc. 06)",https://nsarchive2.gwu.edu/nukevault/ebb538-Cold-War-Nuclear-Target-List-Declassified-First-Ever/documents/section6.pdf,PDF p.15 (A015-L24),987 34737 KHUST 0232-8603 4810-02316 R,reference number 34737; BE 0232-8603; code R
us_1956_sac_airfields,US (SAC),USSR,1956,study,372,KHVOYNAYA,,airfield,1,988,,,58.9,34.5833,"SAC, Atomic Weapons Requirements Study for 1959 (SM 129-56, June 1956), Part II airfield list (NSA EBB 538, doc. 06)",https://nsarchive2.gwu.edu/nukevault/ebb538-Cold-War-Nuclear-Target-List-Declassified-First-Ever/documents/section6.pdf,PDF p.15 (A015-L25),988 34743 KHVOYNAYA 0154-8025 5854-03435 R,reference number 34743; BE 0154-8025; code R
us_1956_sac_airfields,US (SAC),USSR,1956,study,373,KICHIGA,,airfield,1,1066,,,59.8833,163.3333,"SAC, Atomic Weapons Requirements Study for 1959 (SM 129-56, June 1956), Part II airfield list (NSA EBB 538, doc. 06)",https://nsarchive2.gwu.edu/nukevault/ebb538-Cold-War-Nuclear-Target-List-Declassified-First-Ever/documents/section6.pdf,PDF p.15 (A015-L26),1066 34746 KICHIGA 0132-8003 5953-16320 R,reference number 34746; BE 0132-8003; code R
us_1956_sac_airfields,US (SAC),USSR,1956,study,374,KILDIN,,airfield,1,309,,,69.3167,34.1667,"SAC, Atomic Weapons Requirements Study for 1959 (SM 129-56, June 1956), Part II airfield list (NSA EBB 538, doc. 06)",https://nsarchive2.gwu.edu/nukevault/ebb538-Cold-War-Nuclear-Target-List-Declassified-First-Ever/documents/section6.pdf,PDF p.15 (A015-L27),309 3477 KILDIN 0051-8603 6919-03410 R,reference number 3477; BE 0051-8603; code R
us_1956_sac_airfields,US (SAC),USSR,1956,study,375,KINEL-CHERKASSY,,airfield,1,294,,,53.4333,51.5833,"SAC, Atomic Weapons Requirements Study for 1959 (SM 129-56, June 1956), Part II airfield list (NSA EBB 538, doc. 06)",https://nsarchive2.gwu.edu/nukevault/ebb538-Cold-War-Nuclear-Target-List-Declassified-First-Ever/documents/section6.pdf,PDF p.15 (A015-L28),294 3495 KINEL-CHERKASSY 0165-8027 5326-05135 R,reference number 3495; BE 0165-8027; code R
us_1956_sac_airfields,US (SAC),USSR,1956,study,376,KINESHMA,,airfield,1,906,,,57.4167,42.4667,"SAC, Atomic Weapons Requirements Study for 1959 (SM 129-56, June 1956), Part II airfield list (NSA EBB 538, doc. 06)",https://nsarchive2.gwu.edu/nukevault/ebb538-Cold-War-Nuclear-Target-List-Declassified-First-Ever/documents/section6.pdf,PDF p.15 (A015-L29),906 3500 KINESHMA 0154-8027 5725-04228 R,reference number 3500; BE 0154-8027; code R
us_1956_sac_airfields,US (SAC),USSR,1956,study,377,KIRENSK,,airfield,1,550,,,57.7833,108.0833,"SAC, Atomic Weapons Requirements Study for 1959 (SM 129-56, June 1956), Part II airfield list (NSA EBB 538, doc. 06)",https://nsarchive2.gwu.edu/nukevault/ebb538-Cold-War-Nuclear-Target-List-Declassified-First-Ever/documents/section6.pdf,PDF p.15 (A015-L30),550 3513 KIRENSK 0127-8003 5747-10805 R,reference number 3513; BE 0127-8003; code R
us_1956_sac_airfields,US (SAC),USSR,1956,study,378,KIROV,,airfield,1,716,,,58.6,49.7333,"SAC, Atomic Weapons Requirements Study for 1959 (SM 129-56, June 1956), Part II airfield list (NSA EBB 538, doc. 06)",https://nsarchive2.gwu.edu/nukevault/ebb538-Cold-War-Nuclear-Target-List-Declassified-First-Ever/documents/section6.pdf,PDF p.15 (A015-L31),716 3520 KIROV 0155-8002 5836-04944 R,reference number 3520; BE 0155-8002; code R
us_1956_sac_airfields,US (SAC),USSR,1956,study,379,KIROVABAD,,airfield,1,115,,,40.7333,46.3167,"SAC, Atomic Weapons Requirements Study for 1959 (SM 129-56, June 1956), Part II airfield list (NSA EBB 538, doc. 06)",https://nsarchive2.gwu.edu/nukevault/ebb538-Cold-War-Nuclear-Target-List-Declassified-First-Ever/documents/section6.pdf,PDF p.16 (A016-L02),115 3530 KIROVABAD 0325-8661 4044-04619 T,reference number 3530; BE 0325-8661; code T
us_1956_sac_airfields,US (SAC),USSR,1956,study,380,KIROVABAD/DALMAMETLY,,airfield,1,776,,,40.6833,46.6,"SAC, Atomic Weapons Requirements Study for 1959 (SM 129-56, June 1956), Part II airfield list (NSA EBB 538, doc. 06)",https://nsarchive2.gwu.edu/nukevault/ebb538-Cold-War-Nuclear-Target-List-Declassified-First-Ever/documents/section6.pdf,PDF p.16 (A016-L03),776 3530 KIROVABAD/DALMAMETLY 0325-8662 4041-04636 R,reference number 3530; BE 0325-8662; code R
us_1956_sac_airfields,US (SAC),USSR,1956,study,381,KIROVABAD/KARABA,,airfield,1,763,,,40.7167,46.3667,"SAC, Atomic Weapons Requirements Study for 1959 (SM 129-56, June 1956), Part II airfield list (NSA EBB 538, doc. 06)",https://nsarchive2.gwu.edu/nukevault/ebb538-Cold-War-Nuclear-Target-List-Declassified-First-Ever/documents/section6.pdf,PDF p.16 (A016-L04),763 3530 KIROVABAD/KARABA 0325-8663 4043-04622 S,reference number 3530; BE 0325-8663; code S
us_1956_sac_airfields,US (SAC),USSR,1956,study,382,KIROVOGRAD,,airfield,1,166,,,48.5333,32.2833,"SAC, Atomic Weapons Requirements Study for 1959 (SM 129-56, June 1956), Part II airfield list (NSA EBB 538, doc. 06)",https://nsarchive2.gwu.edu/nukevault/ebb538-Cold-War-Nuclear-Target-List-Declassified-First-Ever/documents/section6.pdf,PDF p.16 (A016-L05),166 3552 KIROVOGRAD 0233-8033 4832-03217 R,reference number 3552; BE 0233-8033; code R
us_1956_sac_airfields,US (SAC),USSR,1956,study,383,KIROVOGRAD/KANATOVO,,airfield,1,37,,,48.5667,32.3833,"SAC, Atomic Weapons Requirements Study for 1959 (SM 129-56, June 1956), Part II airfield list (NSA EBB 538, doc. 06)",https://nsarchive2.gwu.edu/nukevault/ebb538-Cold-War-Nuclear-Target-List-Declassified-First-Ever/documents/section6.pdf,PDF p.16 (A016-L06),37 3552 KIROVOGRAD/KANATOVO 0233-8034 4834-03223 S,reference number 3552; BE 0233-8034; code S
us_1956_sac_airfields,US (SAC),USSR,1956,study,384,KIROVSK,,airfield,1,907,,,67.5833,33.5667,"SAC, Atomic Weapons Requirements Study for 1959 (SM 129-56, June 1956), Part II airfield list (NSA EBB 538, doc. 06)",https://nsarchive2.gwu.edu/nukevault/ebb538-Cold-War-Nuclear-Target-List-Declassified-First-Ever/documents/section6.pdf,PDF p.16 (A016-L07),907 3560 KIROVSK 0091-8612 6735-03334 R,reference number 3560; BE 0091-8612; code R
us_1956_sac_airfields,US (SAC),USSR,1956,study,385,KIROVSKOYE S.,,airfield,1,111,,,50.6833,142.75,"SAC, Atomic Weapons Requirements Study for 1959 (SM 129-56, June 1956), Part II airfield list (NSA EBB 538, doc. 06)",https://nsarchive2.gwu.edu/nukevault/ebb538-Cold-War-Nuclear-Target-List-Declassified-First-Ever/documents/section6.pdf,PDF p.16 (A016-L08),111 3565 KIROVSKOYE S. 0205-8012 5041-14245 R,reference number 3565; BE 0205-8012; code R
us_1956_sac_airfields,US (SAC),USSR,1956,study,386,KIRSANOV,,airfield,1,1067,,,52.6667,42.6833,"SAC, Atomic Weapons Requirements Study for 1959 (SM 129-56, June 1956), Part II airfield list (NSA EBB 538, doc. 06)",https://nsarchive2.gwu.edu/nukevault/ebb538-Cold-War-Nuclear-Target-List-Declassified-First-Ever/documents/section6.pdf,PDF p.16 (A016-L09),1067 3572 KIRSANOV 0166-8006 5240-04241 R,reference number 3572; BE 0166-8006; code R
us_1956_sac_airfields,US (SAC),USSR,1956,study,387,KISHINEV,,airfield,1,741,,,47.05,28.8667,"SAC, Atomic Weapons Requirements Study for 1959 (SM 129-56, June 1956), Part II airfield list (NSA EBB 538, doc. 06)",https://nsarchive2.gwu.edu/nukevault/ebb538-Cold-War-Nuclear-Target-List-Declassified-First-Ever/documents/section6.pdf,PDF p.16 (A016-L10),741 3600 KISHINEV 0250-8662 4703-02852 R,reference number 3600; BE 0250-8662; code R
us_1956_sac_airfields,US (SAC),Hungary,1956,study,388,"KISKUNLACZHAZA, HUNG",,airfield,1,120,,,47.1833,19.0667,"SAC, Atomic Weapons Requirements Study for 1959 (SM 129-56, June 1956), Part II airfield list (NSA EBB 538, doc. 06)",https://nsarchive2.gwu.edu/nukevault/ebb538-Cold-War-Nuclear-Target-List-Declassified-First-Ever/documents/section6.pdf,PDF p.16 (A016-L11),"120 8042 KISKUNLACZHAZA, HUNG 0251-8066 4711-01904 R",reference number 8042; BE 0251-8066; code R
us_1956_sac_airfields,US (SAC),USSR,1956,study,389,KIYA,,airfield,1,908,,,67.5833,44.5333,"SAC, Atomic Weapons Requirements Study for 1959 (SM 129-56, June 1956), Part II airfield list (NSA EBB 538, doc. 06)",https://nsarchive2.gwu.edu/nukevault/ebb538-Cold-War-Nuclear-Target-List-Declassified-First-Ever/documents/section6.pdf,PDF p.16 (A016-L12),908 3625 KIYA 0092-8013 6735-04432 R,reference number 3625; BE 0092-8013; code R
us_1956_sac_airfields,US (SAC),USSR,1956,study,390,KIYEV/BORTNICHI,,airfield,1,989,,,50.3833,30.7833,"SAC, Atomic Weapons Requirements Study for 1959 (SM 129-56, June 1956), Part II airfield list (NSA EBB 538, doc. 06)",https://nsarchive2.gwu.edu/nukevault/ebb538-Cold-War-Nuclear-Target-List-Declassified-First-Ever/documents/section6.pdf,PDF p.16 (A016-L13),989 3630 KIYEV/BORTNICHI 0233-8093 5023-03047 S,reference number 3630; BE 0233-8093; code S
us_1956_sac_airfields,US (SAC),USSR,1956,study,391,KIYEV/POST VOLYNSKIY,,airfield,1,622,,,50.4,30.45,"SAC, Atomic Weapons Requirements Study for 1959 (SM 129-56, June 1956), Part II airfield list (NSA EBB 538, doc. 06)",https://nsarchive2.gwu.edu/nukevault/ebb538-Cold-War-Nuclear-Target-List-Declassified-First-Ever/documents/section6.pdf,PDF p.16 (A016-L14),622 3630 KIYEV/POST VOLYNSKIY 0233-8037 5024-03027 R,reference number 3630; BE 0233-8037; code R
us_1956_sac_airfields,US (SAC),USSR,1956,study,392,KIYEV/SVYATOSHINO,,airfield,1,909,,,50.4333,30.4167,"SAC, Atomic Weapons Requirements Study for 1959 (SM 129-56, June 1956), Part II airfield list (NSA EBB 538, doc. 06)",https://nsarchive2.gwu.edu/nukevault/ebb538-Cold-War-Nuclear-Target-List-Declassified-First-Ever/documents/section6.pdf,PDF p.16 (A016-L15),909 3630 KIYEV/SVYATOSHINO 0233-8038 5026-03025 T,reference number 3630; BE 0233-8038; code T
us_1956_sac_airfields,US (SAC),USSR,1956,study,393,KLAYPEDA,,airfield,1,990,,,55.7,21.1667,"SAC, Atomic Weapons Requirements Study for 1959 (SM 129-56, June 1956), Part II airfield list (NSA EBB 538, doc. 06)",https://nsarchive2.gwu.edu/nukevault/ebb538-Cold-War-Nuclear-Target-List-Declassified-First-Ever/documents/section6.pdf,PDF p.16 (A016-L16),990 3660 KLAYPEDA 0168-8626 5542-02110 S,reference number 3660; BE 0168-8626; code S
us_1956_sac_airfields,US (SAC),USSR,1956,study,394,KLETINO,,airfield,1,534,,,56.8,37.3333,"SAC, Atomic Weapons Requirements Study for 1959 (SM 129-56, June 1956), Part II airfield list (NSA EBB 538, doc. 06)",https://nsarchive2.gwu.edu/nukevault/ebb538-Cold-War-Nuclear-Target-List-Declassified-First-Ever/documents/section6.pdf,PDF p.16 (A016-L17),534 2960 KLETINO 0154-8028 5648-03720 R,reference number 2960; BE 0154-8028; code R
us_1956_sac_airfields,US (SAC),USSR,1956,study,395,KLIMOVO,,airfield,1,1068,,,52.3333,32.1833,"SAC, Atomic Weapons Requirements Study for 1959 (SM 129-56, June 1956), Part II airfield list (NSA EBB 538, doc. 06)",https://nsarchive2.gwu.edu/nukevault/ebb538-Cold-War-Nuclear-Target-List-Declassified-First-Ever/documents/section6.pdf,PDF p.16 (A016-L18),1068 56409 KLIMOVO 0167-8004 5220-03211 S,reference number 56409; BE 0167-8004; code S
us_1956_sac_airfields,US (SAC),USSR,1956,study,396,KLIN,,airfield,1,280,,,56.3667,36.7333,"SAC, Atomic Weapons Requirements Study for 1959 (SM 129-56, June 1956), Part II airfield list (NSA EBB 538, doc. 06)",https://nsarchive2.gwu.edu/nukevault/ebb538-Cold-War-Nuclear-Target-List-Declassified-First-Ever/documents/section6.pdf,PDF p.16 (A016-L19),280 3680 KLIN 0154-8029 5622-03644 R,reference number 3680; BE 0154-8029; code R
us_1956_sac_airfields,US (SAC),USSR,1956,study,397,KOBRIN,,airfield,1,316,,,52.2333,24.3667,"SAC, Atomic Weapons Requirements Study for 1959 (SM 129-56, June 1956), Part II airfield list (NSA EBB 538, doc. 06)",https://nsarchive2.gwu.edu/nukevault/ebb538-Cold-War-Nuclear-Target-List-Declassified-First-Ever/documents/section6.pdf,PDF p.16 (A016-L20),316 3693 KOBRIN 0168-8627 5214-02422 R,reference number 3693; BE 0168-8627; code R
us_1956_sac_airfields,US (SAC),USSR,1956,study,398,KOBULETI,,airfield,1,742,,,41.8333,41.8,"SAC, Atomic Weapons Requirements Study for 1959 (SM 129-56, June 1956), Part II airfield list (NSA EBB 538, doc. 06)",https://nsarchive2.gwu.edu/nukevault/ebb538-Cold-War-Nuclear-Target-List-Declassified-First-Ever/documents/section6.pdf,PDF p.16 (A016-L21),742 0590 KOBULETI 0324-8612 4150-04148 R,reference number 0590; BE 0324-8612; code R
us_1956_sac_airfields,US (SAC),USSR,1956,study,399,KOCHENEVO,,airfield,1,419,,,55.0333,82.25,"SAC, Atomic Weapons Requirements Study for 1959 (SM 129-56, June 1956), Part II airfield list (NSA EBB 538, doc. 06)",https://nsarchive2.gwu.edu/nukevault/ebb538-Cold-War-Nuclear-Target-List-Declassified-First-Ever/documents/section6.pdf,PDF p.16 (A016-L22),419 3710 KOCHENEVO 0162-8009 5502-08215 R,reference number 3710; BE 0162-8009; code R
us_1956_sac_airfields,US (SAC),USSR,1956,study,400,KOCHUBYEVKA,,airfield,1,128,,,49.75,35.0833,"SAC, Atomic Weapons Requirements Study for 1959 (SM 129-56, June 1956), Part II airfield list (NSA EBB 538, doc. 06)",https://nsarchive2.gwu.edu/nukevault/ebb538-Cold-War-Nuclear-Target-List-Declassified-First-Ever/documents/section6.pdf,PDF p.16 (A016-L23),128 3715 KOCHUBYEVKA 0234-4945-03505 R,reference number 3715; BE 0234-; code R
us_1956_sac_airfields,US (SAC),Romania,1956,study,401,"KOGALNICEANU, RUM",,airfield,1,150,,,44.35,28.4833,"SAC, Atomic Weapons Requirements Study for 1959 (SM 129-56, June 1956), Part II airfield list (NSA EBB 538, doc. 06)",https://nsarchive2.gwu.edu/nukevault/ebb538-Cold-War-Nuclear-Target-List-Declassified-First-Ever/documents/section6.pdf,PDF p.16 (A016-L24),"150 1455 KOGALNICEANU, RUM 0250-8763 4421-02829 S",reference number 1455; BE 0250-8763; code S
us_1956_sac_airfields,US (SAC),USSR,1956,study,402,KOKSHAROVKA,,airfield,1,454,,,44.5,134.05,"SAC, Atomic Weapons Requirements Study for 1959 (SM 129-56, June 1956), Part II airfield list (NSA EBB 538, doc. 06)",https://nsarchive2.gwu.edu/nukevault/ebb538-Cold-War-Nuclear-Target-List-Declassified-First-Ever/documents/section6.pdf,PDF p.16 (A016-L25),454 3776 KOKSHAROVKA 0282-8002 4430-13403 S,reference number 3776; BE 0282-8002; code S
us_1956_sac_airfields,US (SAC),USSR,1956,study,403,KOLA,,airfield,1,65,,,68.85,33.0167,"SAC, Atomic Weapons Requirements Study for 1959 (SM 129-56, June 1956), Part II airfield list (NSA EBB 538, doc. 06)",https://nsarchive2.gwu.edu/nukevault/ebb538-Cold-War-Nuclear-Target-List-Declassified-First-Ever/documents/section6.pdf,PDF p.16 (A016-L26),65 5240 KOLA 0051-8605 6851-03301 Y,reference number 5240; BE 0051-8605; code Y
us_1956_sac_airfields,US (SAC),USSR,1956,study,404,KOLOMYYA,,airfield,1,36,,,48.5333,25.1333,"SAC, Atomic Weapons Requirements Study for 1959 (SM 129-56, June 1956), Part II airfield list (NSA EBB 538, doc. 06)",https://nsarchive2.gwu.edu/nukevault/ebb538-Cold-War-Nuclear-Target-List-Declassified-First-Ever/documents/section6.pdf,PDF p.16 (A016-L27),36 3794 KOLOMYYA 0233-8039 4832-02508 R,reference number 3794; BE 0233-8039; code R
us_1956_sac_airfields,US (SAC),USSR,1956,study,405,KOMSOMOLSK,,airfield,1,339,,,50.6,137.0667,"SAC, Atomic Weapons Requirements Study for 1959 (SM 129-56, June 1956), Part II airfield list (NSA EBB 538, doc. 06)",https://nsarchive2.gwu.edu/nukevault/ebb538-Cold-War-Nuclear-Target-List-Declassified-First-Ever/documents/section6.pdf,PDF p.16 (A016-L28),339 3840 KOMSOMOLSK 0204-8006 5036-13704 S,reference number 3840; BE 0204-8006; code S
us_1956_sac_airfields,US (SAC),USSR,1956,study,406,KOMSOMOLSK S.,,airfield,1,313,,,50.4,136.9333,"SAC, Atomic Weapons Requirements Study for 1959 (SM 129-56, June 1956), Part II airfield list (NSA EBB 538, doc. 06)",https://nsarchive2.gwu.edu/nukevault/ebb538-Cold-War-Nuclear-Target-List-Declassified-First-Ever/documents/section6.pdf,PDF p.17 (A017-L01),313 3840 KOMSOMOLSK S. 0204-8007 5024-13656 T,reference number 3840; BE 0204-8007; code T
us_1956_sac_airfields,US (SAC),USSR,1956,study,407,KOMSOMOLSK W.,,airfield,1,315,,,50.7,136.8667,"SAC, Atomic Weapons Requirements Study for 1959 (SM 129-56, June 1956), Part II airfield list (NSA EBB 538, doc. 06)",https://nsarchive2.gwu.edu/nukevault/ebb538-Cold-War-Nuclear-Target-List-Declassified-First-Ever/documents/section6.pdf,PDF p.17 (A017-L02),315 3840 KOMSOMOLSK W. 0204-8632 5042-13652 R,reference number 3840; BE 0204-8632; code R
us_1956_sac_airfields,US (SAC),Poland,1956,study,408,"KONARZYNY, POL",,airfield,1,821,,,53.8167,17.35,"SAC, Atomic Weapons Requirements Study for 1959 (SM 129-56, June 1956), Part II airfield list (NSA EBB 538, doc. 06)",https://nsarchive2.gwu.edu/nukevault/ebb538-Cold-War-Nuclear-Target-List-Declassified-First-Ever/documents/section6.pdf,PDF p.17 (A017-L03),"821 1390 KONARZYNY, POL 0169-8624 5349-01721 S",reference number 1390; BE 0169-8624; code S
us_1956_sac_airfields,US (SAC),Poland,1956,study,409,"KONIGSBERG/NEUMARK, POL",,airfield,1,284,,,52.9333,14.4167,"SAC, Atomic Weapons Requirements Study for 1959 (SM 129-56, June 1956), Part II airfield list (NSA EBB 538, doc. 06)",https://nsarchive2.gwu.edu/nukevault/ebb538-Cold-War-Nuclear-Target-List-Declassified-First-Ever/documents/section6.pdf,PDF p.17 (A017-L04),"284 38605 KONIGSBERG/NEUMARK, POL 0169-8255 5256-01425 R",reference number 38605; BE 0169-8255; code R
us_1956_sac_airfields,US (SAC),USSR,1956,study,410,KONOSHA,,airfield,1,358,,,60.9833,40.2,"SAC, Atomic Weapons Requirements Study for 1959 (SM 129-56, June 1956), Part II airfield list (NSA EBB 538, doc. 06)",https://nsarchive2.gwu.edu/nukevault/ebb538-Cold-War-Nuclear-Target-List-Declassified-First-Ever/documents/section6.pdf,PDF p.17 (A017-L05),358 3865 KONOSHA 0102-8029 6059-04012 R,reference number 3865; BE 0102-8029; code R
us_1956_sac_airfields,US (SAC),USSR,1956,study,411,KONOTOP,,airfield,1,171,,,51.2333,33.15,"SAC, Atomic Weapons Requirements Study for 1959 (SM 129-56, June 1956), Part II airfield list (NSA EBB 538, doc. 06)",https://nsarchive2.gwu.edu/nukevault/ebb538-Cold-War-Nuclear-Target-List-Declassified-First-Ever/documents/section6.pdf,PDF p.17 (A017-L06),171 3870 KONOTOP 0233-8040 5114-03309 R,reference number 3870; BE 0233-8040; code R
us_1956_sac_airfields,US (SAC),USSR,1956,study,412,KONOTORO,,airfield,1,356,,,47.2833,142.0,"SAC, Atomic Weapons Requirements Study for 1959 (SM 129-56, June 1956), Part II airfield list (NSA EBB 538, doc. 06)",https://nsarchive2.gwu.edu/nukevault/ebb538-Cold-War-Nuclear-Target-List-Declassified-First-Ever/documents/section6.pdf,PDF p.17 (A017-L07),356 3873 KONOTORO 0281-8004 4717-14200 R,reference number 3873; BE 0281-8004; code R
us_1956_sac_airfields,US (SAC),USSR,1956,study,413,KONUMA,,airfield,1,332,,,47.0667,142.75,"SAC, Atomic Weapons Requirements Study for 1959 (SM 129-56, June 1956), Part II airfield list (NSA EBB 538, doc. 06)",https://nsarchive2.gwu.edu/nukevault/ebb538-Cold-War-Nuclear-Target-List-Declassified-First-Ever/documents/section6.pdf,PDF p.17 (A017-L08),332 9740 KONUMA 0281-8604 4704-14245 T,reference number 9740; BE 0281-8604; code T
us_1956_sac_airfields,US (SAC),USSR,1956,study,414,KOPORYE,,airfield,1,991,,,59.7,29.0333,"SAC, Atomic Weapons Requirements Study for 1959 (SM 129-56, June 1956), Part II airfield list (NSA EBB 538, doc. 06)",https://nsarchive2.gwu.edu/nukevault/ebb538-Cold-War-Nuclear-Target-List-Declassified-First-Ever/documents/section6.pdf,PDF p.17 (A017-L09),991 3965 KOPORYE 0153-8036 5942-02902 S,reference number 3965; BE 0153-8036; code S
us_1956_sac_airfields,US (SAC),USSR,1956,study,415,KORENOVSKAYA,,airfield,1,345,,,45.45,39.4333,"SAC, Atomic Weapons Requirements Study for 1959 (SM 129-56, June 1956), Part II airfield list (NSA EBB 538, doc. 06)",https://nsarchive2.gwu.edu/nukevault/ebb538-Cold-War-Nuclear-Target-List-Declassified-First-Ever/documents/section6.pdf,PDF p.17 (A017-L10),345 6293 KORENOVSKAYA 0249-8316 4527-03926 R,reference number 6293; BE 0249-8316; code R
us_1956_sac_airfields,US (SAC),USSR,1956,study,416,KORKODON,,airfield,1,606,,,63.8667,157.3833,"SAC, Atomic Weapons Requirements Study for 1959 (SM 129-56, June 1956), Part II airfield list (NSA EBB 538, doc. 06)",https://nsarchive2.gwu.edu/nukevault/ebb538-Cold-War-Nuclear-Target-List-Declassified-First-Ever/documents/section6.pdf,PDF p.17 (A017-L11),606 39085 KORKODON 0122-8003 6352-15723 R,reference number 39085; BE 0122-8003; code R
us_1956_sac_airfields,US (SAC),USSR,1956,study,417,KOROSTEN,,airfield,1,415,,,50.9667,28.65,"SAC, Atomic Weapons Requirements Study for 1959 (SM 129-56, June 1956), Part II airfield list (NSA EBB 538, doc. 06)",https://nsarchive2.gwu.edu/nukevault/ebb538-Cold-War-Nuclear-Target-List-Declassified-First-Ever/documents/section6.pdf,PDF p.17 (A017-L12),415 3910 KOROSTEN 0233-8090 5058-02839 R,reference number 3910; BE 0233-8090; code R
us_1956_sac_airfields,US (SAC),USSR,1956,study,418,KORSAKOV,,airfield,1,300,,,46.6167,142.8167,"SAC, Atomic Weapons Requirements Study for 1959 (SM 129-56, June 1956), Part II airfield list (NSA EBB 538, doc. 06)",https://nsarchive2.gwu.edu/nukevault/ebb538-Cold-War-Nuclear-Target-List-Declassified-First-Ever/documents/section6.pdf,PDF p.17 (A017-L13),300 3920 KORSAKOV 0281-8605 4637-14249 R,reference number 3920; BE 0281-8605; code R
us_1956_sac_airfields,US (SAC),Czechoslovakia,1956,study,419,"KOSICE/BARCA, CZECH",,airfield,1,446,,,48.6833,21.2333,"SAC, Atomic Weapons Requirements Study for 1959 (SM 129-56, June 1956), Part II airfield list (NSA EBB 538, doc. 06)",https://nsarchive2.gwu.edu/nukevault/ebb538-Cold-War-Nuclear-Target-List-Declassified-First-Ever/documents/section6.pdf,PDF p.17 (A017-L14),"446 3925 KOSICE/BARCA, CZECH 0232-8249 4841-02114 R",reference number 3925; BE 0232-8249; code R
us_1956_sac_airfields,US (SAC),USSR,1956,study,420,KOSISTYY,,airfield,1,603,,,73.6667,109.7333,"SAC, Atomic Weapons Requirements Study for 1959 (SM 129-56, June 1956), Part II airfield list (NSA EBB 538, doc. 06)",https://nsarchive2.gwu.edu/nukevault/ebb538-Cold-War-Nuclear-Target-List-Declassified-First-Ever/documents/section6.pdf,PDF p.17 (A017-L15),603 3926 KOSISTYY 0028-8001 7340-10944 R,reference number 3926; BE 0028-8001; code R
us_1956_sac_airfields,US (SAC),USSR,1956,study,421,KOSTROMA,,airfield,1,347,,,57.8,41.0167,"SAC, Atomic Weapons Requirements Study for 1959 (SM 129-56, June 1956), Part II airfield list (NSA EBB 538, doc. 06)",https://nsarchive2.gwu.edu/nukevault/ebb538-Cold-War-Nuclear-Target-List-Declassified-First-Ever/documents/section6.pdf,PDF p.17 (A017-L16),347 3940 KOSTROMA 0154-8030 5748-04101 R,reference number 3940; BE 0154-8030; code R
us_1956_sac_airfields,US (SAC),GDR,1956,study,422,"KOTHEN, E GER",,airfield,1,254,,,51.7167,11.9667,"SAC, Atomic Weapons Requirements Study for 1959 (SM 129-56, June 1956), Part II airfield list (NSA EBB 538, doc. 06)",https://nsarchive2.gwu.edu/nukevault/ebb538-Cold-War-Nuclear-Target-List-Declassified-First-Ever/documents/section6.pdf,PDF p.17 (A017-L17),"254 0695 KOTHEN, E GER 0231-8070 5143-01158 S",reference number 0695; BE 0231-8070; code S
us_1956_sac_airfields,US (SAC),USSR,1956,study,423,KOTLAS,,airfield,1,910,,,61.25,46.7833,"SAC, Atomic Weapons Requirements Study for 1959 (SM 129-56, June 1956), Part II airfield list (NSA EBB 538, doc. 06)",https://nsarchive2.gwu.edu/nukevault/ebb538-Cold-War-Nuclear-Target-List-Declassified-First-Ever/documents/section6.pdf,PDF p.17 (A017-L18),910 3960 KOTLAS 0101-8003 6115-04647 R,reference number 3960; BE 0101-8003; code R
us_1956_sac_airfields,US (SAC),USSR,1956,study,424,KOTLY,,airfield,1,750,,,59.6,28.7667,"SAC, Atomic Weapons Requirements Study for 1959 (SM 129-56, June 1956), Part II airfield list (NSA EBB 538, doc. 06)",https://nsarchive2.gwu.edu/nukevault/ebb538-Cold-War-Nuclear-Target-List-Declassified-First-Ever/documents/section6.pdf,PDF p.17 (A017-L19),750 3965 KOTLY 0153-8038 5936-02846 R,reference number 3965; BE 0153-8038; code R
us_1956_sac_airfields,US (SAC),USSR,1956,study,425,KOVEL,,airfield,1,729,,,51.2333,24.7167,"SAC, Atomic Weapons Requirements Study for 1959 (SM 129-56, June 1956), Part II airfield list (NSA EBB 538, doc. 06)",https://nsarchive2.gwu.edu/nukevault/ebb538-Cold-War-Nuclear-Target-List-Declassified-First-Ever/documents/section6.pdf,PDF p.17 (A017-L20),729 3987 KOVEL 0232-8627 5114-02443 R,reference number 3987; BE 0232-8627; code R
us_1956_sac_airfields,US (SAC),USSR,1956,study,426,KOZIN,,airfield,1,873,,,50.2333,25.5167,"SAC, Atomic Weapons Requirements Study for 1959 (SM 129-56, June 1956), Part II airfield list (NSA EBB 538, doc. 06)",https://nsarchive2.gwu.edu/nukevault/ebb538-Cold-War-Nuclear-Target-List-Declassified-First-Ever/documents/section6.pdf,PDF p.17 (A017-L21),873 4131 KOZIN 0233-8043 5014-02531 V,reference number 4131; BE 0233-8043; code V
us_1956_sac_airfields,US (SAC),Poland,1956,study,427,"KRAKOW, POL",,airfield,1,485,,,50.0833,20.0,"SAC, Atomic Weapons Requirements Study for 1959 (SM 129-56, June 1956), Part II airfield list (NSA EBB 538, doc. 06)",https://nsarchive2.gwu.edu/nukevault/ebb538-Cold-War-Nuclear-Target-List-Declassified-First-Ever/documents/section6.pdf,PDF p.17 (A017-L22),"485 4005 KRAKOW, POL 0232-8212 5005-02000 R",reference number 4005; BE 0232-8212; code R
us_1956_sac_airfields,US (SAC),USSR,1956,study,428,KRAMATORSK,,airfield,1,473,,,48.7,37.6167,"SAC, Atomic Weapons Requirements Study for 1959 (SM 129-56, June 1956), Part II airfield list (NSA EBB 538, doc. 06)",https://nsarchive2.gwu.edu/nukevault/ebb538-Cold-War-Nuclear-Target-List-Declassified-First-Ever/documents/section6.pdf,PDF p.17 (A017-L23),473 7630 KRAMATORSK 0234-8033 4842-03737 R,reference number 7630; BE 0234-8033; code R
us_1956_sac_airfields,US (SAC),USSR,1956,study,429,KRASILOV,,airfield,1,837,,,49.6667,26.9333,"SAC, Atomic Weapons Requirements Study for 1959 (SM 129-56, June 1956), Part II airfield list (NSA EBB 538, doc. 06)",https://nsarchive2.gwu.edu/nukevault/ebb538-Cold-War-Nuclear-Target-List-Declassified-First-Ever/documents/section6.pdf,PDF p.17 (A017-L24),837 7855 KRASILOV 0233-8091 4940-02656 S,reference number 7855; BE 0233-8091; code S
us_1956_sac_airfields,US (SAC),USSR,1956,study,430,KRASKNOGVARDEYSKOYE,,airfield,1,1060A,,,39.8333,67.2833,"SAC, Atomic Weapons Requirements Study for 1959 (SM 129-56, June 1956), Part II airfield list (NSA EBB 538, doc. 06)",https://nsarchive2.gwu.edu/nukevault/ebb538-Cold-War-Nuclear-Target-List-Declassified-First-Ever/documents/section6.pdf,PDF p.17 (A017-L25),1060A 4029 KRASKNOGVARDEYSKOYE 0336-8630 3950-06717 R,reference number 4029; BE 0336-8630; code R
us_1956_sac_airfields,US (SAC),USSR,1956,study,431,KRASNAYA POLYANA,,airfield,1,295,,,56.0333,37.3833,"SAC, Atomic Weapons Requirements Study for 1959 (SM 129-56, June 1956), Part II airfield list (NSA EBB 538, doc. 06)",https://nsarchive2.gwu.edu/nukevault/ebb538-Cold-War-Nuclear-Target-List-Declassified-First-Ever/documents/section6.pdf,PDF p.17 (A017-L26),295 5150 KRASNAYA POLYANA 0154-8076 5602-03723 S,reference number 5150; BE 0154-8076; code S
us_1956_sac_airfields,US (SAC),USSR,1956,study,432,KRASNODAR,,airfield,1,205,,,45.0833,38.9667,"SAC, Atomic Weapons Requirements Study for 1959 (SM 129-56, June 1956), Part II airfield list (NSA EBB 538, doc. 06)",https://nsarchive2.gwu.edu/nukevault/ebb538-Cold-War-Nuclear-Target-List-Declassified-First-Ever/documents/section6.pdf,PDF p.17 (A017-L27),205 4040 KRASNODAR 0249-8185 4505-03858 R,reference number 4040; BE 0249-8185; code R
us_1956_sac_airfields,US (SAC),USSR,1956,study,433,KRASNODAR/PASHKOVSKAYA,,airfield,1,912,,,45.0333,39.15,"SAC, Atomic Weapons Requirements Study for 1959 (SM 129-56, June 1956), Part II airfield list (NSA EBB 538, doc. 06)",https://nsarchive2.gwu.edu/nukevault/ebb538-Cold-War-Nuclear-Target-List-Declassified-First-Ever/documents/section6.pdf,PDF p.18 (A018-L02),912 4040 KRASNODAR/PASHKOVSKAYA 0249-8188 4502-03909 S,reference number 4040; BE 0249-8188; code S
us_1956_sac_airfields,US (SAC),USSR,1956,study,434,KRASNOGRAD,,airfield,1,911,,,49.4,35.4833,"SAC, Atomic Weapons Requirements Study for 1959 (SM 129-56, June 1956), Part II airfield list (NSA EBB 538, doc. 06)",https://nsarchive2.gwu.edu/nukevault/ebb538-Cold-War-Nuclear-Target-List-Declassified-First-Ever/documents/section6.pdf,PDF p.18 (A018-L03),911 4045 KRASNOGRAD 0234-8074 4924-03529 R,reference number 4045; BE 0234-8074; code R
us_1956_sac_airfields,US (SAC),USSR,1956,study,435,KRASNOVODSK,,airfield,1,299,,,40.05,53.0,"SAC, Atomic Weapons Requirements Study for 1959 (SM 129-56, June 1956), Part II airfield list (NSA EBB 538, doc. 06)",https://nsarchive2.gwu.edu/nukevault/ebb538-Cold-War-Nuclear-Target-List-Declassified-First-Ever/documents/section6.pdf,PDF p.18 (A018-L04),299 4080 KRASNOVODSK 0326-8003 4003-05300 R,reference number 4080; BE 0326-8003; code R
us_1956_sac_airfields,US (SAC),USSR,1956,study,436,KRASNOYARSK,,airfield,1,717,,,56.0333,92.9,"SAC, Atomic Weapons Requirements Study for 1959 (SM 129-56, June 1956), Part II airfield list (NSA EBB 538, doc. 06)",https://nsarchive2.gwu.edu/nukevault/ebb538-Cold-War-Nuclear-Target-List-Declassified-First-Ever/documents/section6.pdf,PDF p.18 (A018-L05),717 4090 KRASNOYARSK 0159-8004 5602-09254 S,reference number 4090; BE 0159-8004; code S
us_1956_sac_airfields,US (SAC),USSR,1956,study,437,KRASNOYARSK S.E.,,airfield,1,868,,,55.9833,92.9333,"SAC, Atomic Weapons Requirements Study for 1959 (SM 129-56, June 1956), Part II airfield list (NSA EBB 538, doc. 06)",https://nsarchive2.gwu.edu/nukevault/ebb538-Cold-War-Nuclear-Target-List-Declassified-First-Ever/documents/section6.pdf,PDF p.18 (A018-L06),868 4090 KRASNOYARSK S.E. 0159-8008 5559-09256 R,reference number 4090; BE 0159-8008; code R
us_1956_sac_airfields,US (SAC),USSR,1956,study,438,KRASNYY KUT,,airfield,1,662,,,44.5167,132.8333,"SAC, Atomic Weapons Requirements Study for 1959 (SM 129-56, June 1956), Part II airfield list (NSA EBB 538, doc. 06)",https://nsarchive2.gwu.edu/nukevault/ebb538-Cold-War-Nuclear-Target-List-Declassified-First-Ever/documents/section6.pdf,PDF p.18 (A018-L07),662 7732 KRASNYY KUT 0282-8645 4431-13250 V,reference number 7732; BE 0282-8645; code V
us_1956_sac_airfields,US (SAC),USSR,1956,study,439,KRECHEVITSY,,airfield,1,81,,,58.6167,31.3833,"SAC, Atomic Weapons Requirements Study for 1959 (SM 129-56, June 1956), Part II airfield list (NSA EBB 538, doc. 06)",https://nsarchive2.gwu.edu/nukevault/ebb538-Cold-War-Nuclear-Target-List-Declassified-First-Ever/documents/section6.pdf,PDF p.18 (A018-L08),81 5610 KRECHEVITSY 0153-8072 5837-03123 R,reference number 5610; BE 0153-8072; code R
us_1956_sac_airfields,US (SAC),USSR,1956,study,440,KREMOVO,,airfield,1,668,,,44.05,132.2833,"SAC, Atomic Weapons Requirements Study for 1959 (SM 129-56, June 1956), Part II airfield list (NSA EBB 538, doc. 06)",https://nsarchive2.gwu.edu/nukevault/ebb538-Cold-War-Nuclear-Target-List-Declassified-First-Ever/documents/section6.pdf,PDF p.18 (A018-L09),668 29362 KREMOVO 0282-8646 4403-13217 S,reference number 29362; BE 0282-8646; code S
us_1956_sac_airfields,US (SAC),USSR,1956,study,441,KREST KHALDZHAY,,airfield,1,594,,,62.85,134.6167,"SAC, Atomic Weapons Requirements Study for 1959 (SM 129-56, June 1956), Part II airfield list (NSA EBB 538, doc. 06)",https://nsarchive2.gwu.edu/nukevault/ebb538-Cold-War-Nuclear-Target-List-Declassified-First-Ever/documents/section6.pdf,PDF p.18 (A018-L10),594 4134 KREST KHALDZHAY 0124-8000 6251-13437 R,reference number 4134; BE 0124-8000; code R
us_1956_sac_airfields,US (SAC),USSR,1956,study,442,KRIVOY ROG,,airfield,1,794,,,47.85,33.3,"SAC, Atomic Weapons Requirements Study for 1959 (SM 129-56, June 1956), Part II airfield list (NSA EBB 538, doc. 06)",https://nsarchive2.gwu.edu/nukevault/ebb538-Cold-War-Nuclear-Target-List-Declassified-First-Ever/documents/section6.pdf,PDF p.18 (A018-L11),794 4140 KRIVOY ROG 0250-8668 4751-03318 R,reference number 4140; BE 0250-8668; code R
us_1956_sac_airfields,US (SAC),USSR,1956,study,443,KRONSHTADT,,airfield,1,949,,,60.0167,29.7,"SAC, Atomic Weapons Requirements Study for 1959 (SM 129-56, June 1956), Part II airfield list (NSA EBB 538, doc. 06)",https://nsarchive2.gwu.edu/nukevault/ebb538-Cold-War-Nuclear-Target-List-Declassified-First-Ever/documents/section6.pdf,PDF p.18 (A018-L12),949 4150 KRONSHTADT 0103-8601 6001-02942 R,reference number 4150; BE 0103-8601; code R
us_1956_sac_airfields,US (SAC),Poland,1956,study,444,"KROSNO/IWONICZ, POL",,airfield,1,645,,,49.6667,21.8167,"SAC, Atomic Weapons Requirements Study for 1959 (SM 129-56, June 1956), Part II airfield list (NSA EBB 538, doc. 06)",https://nsarchive2.gwu.edu/nukevault/ebb538-Cold-War-Nuclear-Target-List-Declassified-First-Ever/documents/section6.pdf,PDF p.18 (A018-L13),"645 4161 KROSNO/IWONICZ, POL 0232-8214 4940-02149 R",reference number 4161; BE 0232-8214; code R
us_1956_sac_airfields,US (SAC),Bulgaria,1956,study,445,"KRUMOVO, BULG",,airfield,1,817,,,42.0667,24.85,"SAC, Atomic Weapons Requirements Study for 1959 (SM 129-56, June 1956), Part II airfield list (NSA EBB 538, doc. 06)",https://nsarchive2.gwu.edu/nukevault/ebb538-Cold-War-Nuclear-Target-List-Declassified-First-Ever/documents/section6.pdf,PDF p.18 (A018-L14),"817 6325 KRUMOVO, BULG 0322-8031 4204-02451 T",reference number 6325; BE 0322-8031; code T
us_1956_sac_airfields,US (SAC),USSR,1956,study,446,KRUSTPILS,,airfield,1,126,,,56.55,25.9167,"SAC, Atomic Weapons Requirements Study for 1959 (SM 129-56, June 1956), Part II airfield list (NSA EBB 538, doc. 06)",https://nsarchive2.gwu.edu/nukevault/ebb538-Cold-War-Nuclear-Target-List-Declassified-First-Ever/documents/section6.pdf,PDF p.18 (A018-L15),126 41634 KRUSTPILS 0153-8041 5633-02555 R,reference number 41634; BE 0153-8041; code R
us_1956_sac_airfields,US (SAC),USSR,1956,study,447,KRUSTPILS N.E.,,airfield,1,992,,,56.5667,25.95,"SAC, Atomic Weapons Requirements Study for 1959 (SM 129-56, June 1956), Part II airfield list (NSA EBB 538, doc. 06)",https://nsarchive2.gwu.edu/nukevault/ebb538-Cold-War-Nuclear-Target-List-Declassified-First-Ever/documents/section6.pdf,PDF p.18 (A018-L16),992 41634 KRUSTPILS N.E. 0153-8042 5634-02557 T,reference number 41634; BE 0153-8042; code T
us_1956_sac_airfields,US (SAC),USSR,1956,study,448,KRYMSKAYA,,airfield,1,303,,,44.95,38.0,"SAC, Atomic Weapons Requirements Study for 1959 (SM 129-56, June 1956), Part II airfield list (NSA EBB 538, doc. 06)",https://nsarchive2.gwu.edu/nukevault/ebb538-Cold-War-Nuclear-Target-List-Declassified-First-Ever/documents/section6.pdf,PDF p.18 (A018-L17),303 5630 KRYMSKAYA 0249-8189 4457-03800 T,reference number 5630; BE 0249-8189; code T
us_1956_sac_airfields,US (SAC),PRC,1956,study,449,"KUANG HAN, CHINA",,airfield,1,1033,,,30.9333,104.3333,"SAC, Atomic Weapons Requirements Study for 1959 (SM 129-56, June 1956), Part II airfield list (NSA EBB 538, doc. 06)",https://nsarchive2.gwu.edu/nukevault/ebb538-Cold-War-Nuclear-Target-List-Declassified-First-Ever/documents/section6.pdf,PDF p.18 (A018-L18),"1033 12155 KUANG HAN, CHINA 0495-8409 3056-10420 R",reference number 12155; BE 0495-8409; code R
us_1956_sac_airfields,US (SAC),PRC,1956,study,450,KUAN TIEN W. MANCH,,airfield,1,577,,,40.7,124.5833,"SAC, Atomic Weapons Requirements Study for 1959 (SM 129-56, June 1956), Part II airfield list (NSA EBB 538, doc. 06)",https://nsarchive2.gwu.edu/nukevault/ebb538-Cold-War-Nuclear-Target-List-Declassified-First-Ever/documents/section6.pdf,PDF p.18 (A018-L19),577 41644 KUAN TIEN W. MANCH 0290-8474 4042-12435 R,Manchuria; reference number 41644; BE 0290-8474; code R
us_1956_sac_airfields,US (SAC),USSR,1956,study,451,KUBINKA,,airfield,1,242,,,55.6167,36.65,"SAC, Atomic Weapons Requirements Study for 1959 (SM 129-56, June 1956), Part II airfield list (NSA EBB 538, doc. 06)",https://nsarchive2.gwu.edu/nukevault/ebb538-Cold-War-Nuclear-Target-List-Declassified-First-Ever/documents/section6.pdf,PDF p.18 (A018-L20),242 9963 KUBINKA 0167-8030 5537-03639 R,reference number 9963; BE 0167-8030; code R
us_1956_sac_airfields,US (SAC),USSR,1956,study,452,KUDOM GUBA,,airfield,1,320,,,62.8833,32.4,"SAC, Atomic Weapons Requirements Study for 1959 (SM 129-56, June 1956), Part II airfield list (NSA EBB 538, doc. 06)",https://nsarchive2.gwu.edu/nukevault/ebb538-Cold-War-Nuclear-Target-List-Declassified-First-Ever/documents/section6.pdf,PDF p.18 (A018-L21),320 41665 KUDOM GUBA 0102-8007 6253-03224 R,reference number 41665; BE 0102-8007; code R
us_1956_sac_airfields,US (SAC),PRC,1956,study,453,"KUNG CHU LING, MANCH",,airfield,1,97,,,43.5167,124.75,"SAC, Atomic Weapons Requirements Study for 1959 (SM 129-56, June 1956), Part II airfield list (NSA EBB 538, doc. 06)",https://nsarchive2.gwu.edu/nukevault/ebb538-Cold-War-Nuclear-Target-List-Declassified-First-Ever/documents/section6.pdf,PDF p.18 (A018-L22),"97 4193 KUNG CHU LING, MANCH 0290-8009 4331-12445 R",Manchuria; reference number 4193; BE 0290-8009; code R
us_1956_sac_airfields,US (SAC),USSR,1956,study,454,KUNINKAIRISTI,,airfield,1,522,,,60.7,29.8,"SAC, Atomic Weapons Requirements Study for 1959 (SM 129-56, June 1956), Part II airfield list (NSA EBB 538, doc. 06)",https://nsarchive2.gwu.edu/nukevault/ebb538-Cold-War-Nuclear-Target-List-Declassified-First-Ever/documents/section6.pdf,PDF p.18 (A018-L23),522 71825 KUNINKAIRISTI 0103-8633 6042-02948 S,reference number 71825; BE 0103-8633; code S
us_1956_sac_airfields,US (SAC),Hungary,1956,study,455,"KUNMADARAS, HUNG",,airfield,1,119,,,47.4,20.7833,"SAC, Atomic Weapons Requirements Study for 1959 (SM 129-56, June 1956), Part II airfield list (NSA EBB 538, doc. 06)",https://nsarchive2.gwu.edu/nukevault/ebb538-Cold-War-Nuclear-Target-List-Declassified-First-Ever/documents/section6.pdf,PDF p.18 (A018-L24),"119 4202 KUNMADARAS, HUNG 0251-8061 4724-02047 R",reference number 4202; BE 0251-8061; code R
us_1956_sac_airfields,US (SAC),PRC,1956,study,456,"KUN MING, CHINA",,airfield,1,1037,,,25.0,102.75,"SAC, Atomic Weapons Requirements Study for 1959 (SM 129-56, June 1956), Part II airfield list (NSA EBB 538, doc. 06)",https://nsarchive2.gwu.edu/nukevault/ebb538-Cold-War-Nuclear-Target-List-Declassified-First-Ever/documents/section6.pdf,PDF p.18 (A018-L25),"1037 4203 KUN MING, CHINA 0496-8409 2500-10245 R",reference number 4203; BE 0496-8409; code R
us_1956_sac_airfields,US (SAC),USSR,1956,study,457,KURABU,,airfield,1,338,,,50.0167,155.4,"SAC, Atomic Weapons Requirements Study for 1959 (SM 129-56, June 1956), Part II airfield list (NSA EBB 538, doc. 06)",https://nsarchive2.gwu.edu/nukevault/ebb538-Cold-War-Nuclear-Target-List-Declassified-First-Ever/documents/section6.pdf,PDF p.18 (A018-L26),338 3150 KURABU 0206-8004 5001-15524 R,reference number 3150; BE 0206-8004; code R
us_1956_sac_airfields,US (SAC),USSR,1956,study,458,KURESSAARE,,airfield,1,571,,,58.25,22.5167,"SAC, Atomic Weapons Requirements Study for 1959 (SM 129-56, June 1956), Part II airfield list (NSA EBB 538, doc. 06)",https://nsarchive2.gwu.edu/nukevault/ebb538-Cold-War-Nuclear-Target-List-Declassified-First-Ever/documents/section6.pdf,PDF p.18 (A018-L27),571 4215 KURESSAARE 0153-8102 5815-02231 R,reference number 4215; BE 0153-8102; code R
us_1956_sac_airfields,US (SAC),USSR,1956,study,459,KURGAN,,airfield,1,993,,,55.4333,65.3,"SAC, Atomic Weapons Requirements Study for 1959 (SM 129-56, June 1956), Part II airfield list (NSA EBB 538, doc. 06)",https://nsarchive2.gwu.edu/nukevault/ebb538-Cold-War-Nuclear-Target-List-Declassified-First-Ever/documents/section6.pdf,PDF p.18 (A018-L28),993 4220 KURGAN 0164-8015 5526-06518 R,reference number 4220; BE 0164-8015; code R
us_1956_sac_airfields,US (SAC),USSR,1956,study,460,KURSK,,airfield,1,913,,,51.7333,36.1333,"SAC, Atomic Weapons Requirements Study for 1959 (SM 129-56, June 1956), Part II airfield list (NSA EBB 538, doc. 06)",https://nsarchive2.gwu.edu/nukevault/ebb538-Cold-War-Nuclear-Target-List-Declassified-First-Ever/documents/section6.pdf,PDF p.19 (A019-L02),913 4250 KURSK 0234-8036 5144-03608 R,reference number 4250; BE 0234-8036; code R
us_1956_sac_airfields,US (SAC),USSR,1956,study,461,KURSK E.,,airfield,1,378,,,51.75,36.3,"SAC, Atomic Weapons Requirements Study for 1959 (SM 129-56, June 1956), Part II airfield list (NSA EBB 538, doc. 06)",https://nsarchive2.gwu.edu/nukevault/ebb538-Cold-War-Nuclear-Target-List-Declassified-First-Ever/documents/section6.pdf,PDF p.19 (A019-L03),378 4250 KURSK E. 0234-8037 5145-03618 S,reference number 4250; BE 0234-8037; code S
us_1956_sac_airfields,US (SAC),PRC,1956,study,462,"KU SHAN TZU, MANCH",,airfield,1,537,,,42.0167,125.7333,"SAC, Atomic Weapons Requirements Study for 1959 (SM 129-56, June 1956), Part II airfield list (NSA EBB 538, doc. 06)",https://nsarchive2.gwu.edu/nukevault/ebb538-Cold-War-Nuclear-Target-List-Declassified-First-Ever/documents/section6.pdf,PDF p.19 (A019-L04),"537 4265 KU SHAN TZU, MANCH 0290-8473 4201-12544 R",Manchuria; reference number 4265; BE 0290-8473; code R
us_1956_sac_airfields,US (SAC),USSR,1956,study,463,KUSTANAY,,airfield,1,1069,,,53.2333,63.5833,"SAC, Atomic Weapons Requirements Study for 1959 (SM 129-56, June 1956), Part II airfield list (NSA EBB 538, doc. 06)",https://nsarchive2.gwu.edu/nukevault/ebb538-Cold-War-Nuclear-Target-List-Declassified-First-Ever/documents/section6.pdf,PDF p.19 (A019-L05),1069 4283 KUSTANAY 0164-8006 5314-06335 R,reference number 4283; BE 0164-8006; code R
us_1956_sac_airfields,US (SAC),USSR,1956,study,464,KUTAISI,,airfield,1,203,,,42.2667,42.65,"SAC, Atomic Weapons Requirements Study for 1959 (SM 129-56, June 1956), Part II airfield list (NSA EBB 538, doc. 06)",https://nsarchive2.gwu.edu/nukevault/ebb538-Cold-War-Nuclear-Target-List-Declassified-First-Ever/documents/section6.pdf,PDF p.19 (A019-L06),203 4290 KUTAISI 0324-8632 4216-04239 R,reference number 4290; BE 0324-8632; code R
us_1956_sac_airfields,US (SAC),USSR,1956,study,465,KUTAISI W.,,airfield,1,777,,,42.25,42.6333,"SAC, Atomic Weapons Requirements Study for 1959 (SM 129-56, June 1956), Part II airfield list (NSA EBB 538, doc. 06)",https://nsarchive2.gwu.edu/nukevault/ebb538-Cold-War-Nuclear-Target-List-Declassified-First-Ever/documents/section6.pdf,PDF p.19 (A019-L07),777 4290 KUTAISI W. 0324-8633 4215-04238 W,reference number 4290; BE 0324-8633; code W
us_1956_sac_airfields,US (SAC),PRC,1956,study,466,"KU TIEN TZU, MANCH",,airfield,1,569,,,44.0,126.4,"SAC, Atomic Weapons Requirements Study for 1959 (SM 129-56, June 1956), Part II airfield list (NSA EBB 538, doc. 06)",https://nsarchive2.gwu.edu/nukevault/ebb538-Cold-War-Nuclear-Target-List-Declassified-First-Ever/documents/section6.pdf,PDF p.19 (A019-L08),"569 3514 KU TIEN TZU, MANCH 0283-8451 4400-12624 R",Manchuria; reference number 3514; BE 0283-8451; code R
us_1956_sac_airfields,US (SAC),USSR,1956,study,467,KUUSIKU,,airfield,1,371,,,58.9667,24.6833,"SAC, Atomic Weapons Requirements Study for 1959 (SM 129-56, June 1956), Part II airfield list (NSA EBB 538, doc. 06)",https://nsarchive2.gwu.edu/nukevault/ebb538-Cold-War-Nuclear-Target-List-Declassified-First-Ever/documents/section6.pdf,PDF p.19 (A019-L09),371 4298 KUUSIKU 0153-8092 5858-02441 R,reference number 4298; BE 0153-8092; code R
us_1956_sac_airfields,US (SAC),USSR,1956,study,468,KUYBYSHEV,,airfield,1,768,,,53.2,50.1833,"SAC, Atomic Weapons Requirements Study for 1959 (SM 129-56, June 1956), Part II airfield list (NSA EBB 538, doc. 06)",https://nsarchive2.gwu.edu/nukevault/ebb538-Cold-War-Nuclear-Target-List-Declassified-First-Ever/documents/section6.pdf,PDF p.19 (A019-L10),768 4310 KUYBYSHEV 0165-8015 5312-05011 R,reference number 4310; BE 0165-8015; code R
us_1956_sac_airfields,US (SAC),USSR,1956,study,469,KUYBYSHEV E.,,airfield,1,156,,,53.2167,50.3333,"SAC, Atomic Weapons Requirements Study for 1959 (SM 129-56, June 1956), Part II airfield list (NSA EBB 538, doc. 06)",https://nsarchive2.gwu.edu/nukevault/ebb538-Cold-War-Nuclear-Target-List-Declassified-First-Ever/documents/section6.pdf,PDF p.19 (A019-L11),156 4310 KUYBYSHEV E. 0165-8016 5313-05020 T,reference number 4310; BE 0165-8016; code T
us_1956_sac_airfields,US (SAC),USSR,1956,study,470,KUYBYSHEV/KRYAZAH,,airfield,1,914,,,53.1167,50.1,"SAC, Atomic Weapons Requirements Study for 1959 (SM 129-56, June 1956), Part II airfield list (NSA EBB 538, doc. 06)",https://nsarchive2.gwu.edu/nukevault/ebb538-Cold-War-Nuclear-Target-List-Declassified-First-Ever/documents/section6.pdf,PDF p.19 (A019-L12),914 4310 KUYBYSHEV/KRYAZAH 0165-8017 5307-05006 U,reference number 4310; BE 0165-8017; code U
us_1956_sac_airfields,US (SAC),USSR,1956,study,471,KUYBYSHEV/SMYSHALAYEVKA,,airfield,1,864,,,53.2333,50.3833,"SAC, Atomic Weapons Requirements Study for 1959 (SM 129-56, June 1956), Part II airfield list (NSA EBB 538, doc. 06)",https://nsarchive2.gwu.edu/nukevault/ebb538-Cold-War-Nuclear-Target-List-Declassified-First-Ever/documents/section6.pdf,PDF p.19 (A019-L13),864 4310 KUYBYSHEV/SMYSHALAYEVKA 0165-8018 5314-05023 S,reference number 4310; BE 0165-8018; code S
us_1956_sac_airfields,US (SAC),USSR,1956,study,472,KUYBYSHEVKA/VOSTOCHNAYA,,airfield,1,623,,,50.9,128.4667,"SAC, Atomic Weapons Requirements Study for 1959 (SM 129-56, June 1956), Part II airfield list (NSA EBB 538, doc. 06)",https://nsarchive2.gwu.edu/nukevault/ebb538-Cold-War-Nuclear-Target-List-Declassified-First-Ever/documents/section6.pdf,PDF p.19 (A019-L14),623 4314 KUYBYSHEVKA/VOSTOCHNAYA 0203-8621 5054-12828 R,reference number 4314; BE 0203-8621; code R
us_1956_sac_airfields,US (SAC),USSR,1956,study,473,KUZMINA,,airfield,1,1025,,,56.0167,40.0833,"SAC, Atomic Weapons Requirements Study for 1959 (SM 129-56, June 1956), Part II airfield list (NSA EBB 538, doc. 06)",https://nsarchive2.gwu.edu/nukevault/ebb538-Cold-War-Nuclear-Target-List-Declassified-First-Ever/documents/section6.pdf,PDF p.19 (A019-L15),1025 9110 KUZMINA 0154-8047 5601-04005 R,reference number 9110; BE 0154-8047; code R
us_1956_sac_airfields,US (SAC),USSR,1956,study,474,KUZNETSK,,airfield,1,1070,,,53.1,46.6,"SAC, Atomic Weapons Requirements Study for 1959 (SM 129-56, June 1956), Part II airfield list (NSA EBB 538, doc. 06)",https://nsarchive2.gwu.edu/nukevault/ebb538-Cold-War-Nuclear-Target-List-Declassified-First-Ever/documents/section6.pdf,PDF p.19 (A019-L16),1070 4320 KUZNETSK 0166-8007 5306-04636 R,reference number 4320; BE 0166-8007; code R
us_1956_sac_airfields,US (SAC),USSR,1956,study,475,KYUDARMIR S.,,airfield,1,327,,,40.2667,48.15,"SAC, Atomic Weapons Requirements Study for 1959 (SM 129-56, June 1956), Part II airfield list (NSA EBB 538, doc. 06)",https://nsarchive2.gwu.edu/nukevault/ebb538-Cold-War-Nuclear-Target-List-Declassified-First-Ever/documents/section6.pdf,PDF p.19 (A019-L17),327 4337 KYUDARMIR S. 0325-8671 4016-04809 R,reference number 4337; BE 0325-8671; code R
us_1956_sac_airfields,US (SAC),USSR,1956,study,476,KYZYL AGACH,,airfield,1,464A,,,39.0833,48.8167,"SAC, Atomic Weapons Requirements Study for 1959 (SM 129-56, June 1956), Part II airfield list (NSA EBB 538, doc. 06)",https://nsarchive2.gwu.edu/nukevault/ebb538-Cold-War-Nuclear-Target-List-Declassified-First-Ever/documents/section6.pdf,PDF p.19 (A019-L18),464A 4339 KYZYL AGACH 0339-8616 3905-04849 R,reference number 4339; BE 0339-8616; code R
us_1956_sac_airfields,US (SAC),USSR,1956,study,477,KYZYL ARVAT,,airfield,1,429,,,38.9667,56.2667,"SAC, Atomic Weapons Requirements Study for 1959 (SM 129-56, June 1956), Part II airfield list (NSA EBB 538, doc. 06)",https://nsarchive2.gwu.edu/nukevault/ebb538-Cold-War-Nuclear-Target-List-Declassified-First-Ever/documents/section6.pdf,PDF p.19 (A019-L19),429 4340 KYZYL ARVAT 0338-8606 3858-05616 R,reference number 4340; BE 0338-8606; code R
us_1956_sac_airfields,US (SAC),Poland,1956,study,478,"LABEHN, POL",,airfield,1,820,,,54.65,17.7333,"SAC, Atomic Weapons Requirements Study for 1959 (SM 129-56, June 1956), Part II airfield list (NSA EBB 538, doc. 06)",https://nsarchive2.gwu.edu/nukevault/ebb538-Cold-War-Nuclear-Target-List-Declassified-First-Ever/documents/section6.pdf,PDF p.19 (A019-L20),"820 4430 LABEHN, POL 0169-8622 5439-01744 S",reference number 4430; BE 0169-8622; code S
us_1956_sac_airfields,US (SAC),PRC,1956,study,479,"LA LIN, MANCH",,airfield,1,659,,,45.2333,126.8667,"SAC, Atomic Weapons Requirements Study for 1959 (SM 129-56, June 1956), Part II airfield list (NSA EBB 538, doc. 06)",https://nsarchive2.gwu.edu/nukevault/ebb538-Cold-War-Nuclear-Target-List-Declassified-First-Ever/documents/section6.pdf,PDF p.19 (A019-L21),"659 4400 LA LIN, MANCH 0283-8432 4514-12652 R",Manchuria; reference number 4400; BE 0283-8432; code R
us_1956_sac_airfields,US (SAC),PRC,1956,study,480,"LAN TIEN CHANG, CHINA",,airfield,1,669,,,39.9667,116.25,"SAC, Atomic Weapons Requirements Study for 1959 (SM 129-56, June 1956), Part II airfield list (NSA EBB 538, doc. 06)",https://nsarchive2.gwu.edu/nukevault/ebb538-Cold-War-Nuclear-Target-List-Declassified-First-Ever/documents/section6.pdf,PDF p.19 (A019-L22),"669 6125 LAN TIEN CHANG, CHINA 0381-8013 3958-11615 R",reference number 6125; BE 0381-8013; code R
us_1956_sac_airfields,US (SAC),Poland,1956,study,481,"LASK, POL",,airfield,1,506,,,51.55,19.1667,"SAC, Atomic Weapons Requirements Study for 1959 (SM 129-56, June 1956), Part II airfield list (NSA EBB 538, doc. 06)",https://nsarchive2.gwu.edu/nukevault/ebb538-Cold-War-Nuclear-Target-List-Declassified-First-Ever/documents/section6.pdf,PDF p.19 (A019-L23),"506 4665 LASK, POL 0232-8632 5133-01910 R",reference number 4665; BE 0232-8632; code R
us_1956_sac_airfields,US (SAC),USSR,1956,study,482,LAVRENTIYA,,airfield,1,611,,,65.5833,-171.0,"SAC, Atomic Weapons Requirements Study for 1959 (SM 129-56, June 1956), Part II airfield list (NSA EBB 538, doc. 06)",https://nsarchive2.gwu.edu/nukevault/ebb538-Cold-War-Nuclear-Target-List-Declassified-First-Ever/documents/section6.pdf,PDF p.19 (A019-L24),611 4436 LAVRENTIYA 0075-8023 6535-17100W R,reference number 4436; BE 0075-8023; code R
us_1956_sac_airfields,US (SAC),USSR,1956,study,483,LAZAREVO,,airfield,1,795,,,48.25,132.45,"SAC, Atomic Weapons Requirements Study for 1959 (SM 129-56, June 1956), Part II airfield list (NSA EBB 538, doc. 06)",https://nsarchive2.gwu.edu/nukevault/ebb538-Cold-War-Nuclear-Target-List-Declassified-First-Ever/documents/section6.pdf,PDF p.19 (A019-L25),795 4442 LAZAREVO 0203-8649 4815-13227 R,reference number 4442; BE 0203-8649; code R
us_1956_sac_airfields,US (SAC),USSR,1956,study,484,LAZAREVSKAYA,,airfield,1,475,,,43.9167,39.35,"SAC, Atomic Weapons Requirements Study for 1959 (SM 129-56, June 1956), Part II airfield list (NSA EBB 538, doc. 06)",https://nsarchive2.gwu.edu/nukevault/ebb538-Cold-War-Nuclear-Target-List-Declassified-First-Ever/documents/section6.pdf,PDF p.19 (A019-L26),475 86025 LAZAREVSKAYA 0324-8637 4355-03921 S,reference number 86025; BE 0324-8637; code S
us_1956_sac_airfields,US (SAC),USSR,1956,study,485,LEBEDIN,,airfield,1,169,,,50.55,34.5,"SAC, Atomic Weapons Requirements Study for 1959 (SM 129-56, June 1956), Part II airfield list (NSA EBB 538, doc. 06)",https://nsarchive2.gwu.edu/nukevault/ebb538-Cold-War-Nuclear-Target-List-Declassified-First-Ever/documents/section6.pdf,PDF p.19 (A019-L27),169 44555 LEBEDIN 0234-8038 5033-03430 R,reference number 44555; BE 0234-8038; code R
us_1956_sac_airfields,US (SAC),USSR,1956,study,486,LENINAKAN,,airfield,1,243,,,40.75,43.8667,"SAC, Atomic Weapons Requirements Study for 1959 (SM 129-56, June 1956), Part II airfield list (NSA EBB 538, doc. 06)",https://nsarchive2.gwu.edu/nukevault/ebb538-Cold-War-Nuclear-Target-List-Declassified-First-Ever/documents/section6.pdf,PDF p.19 (A019-L28),243 4480 LENINAKAN 0325-8674 4045-04352 R,reference number 4480; BE 0325-8674; code R
us_1956_sac_airfields,US (SAC),USSR,1956,study,487,LENINGRAD/ALEXANDROVSKAYA,,airfield,1,317,,,59.8667,30.3,"SAC, Atomic Weapons Requirements Study for 1959 (SM 129-56, June 1956), Part II airfield list (NSA EBB 538, doc. 06)",https://nsarchive2.gwu.edu/nukevault/ebb538-Cold-War-Nuclear-Target-List-Declassified-First-Ever/documents/section6.pdf,PDF p.20 (A020-L03),317 4490 LENINGRAD/ALEXANDROVSKAYA 0153-8050 5952-03018 T,reference number 4490; BE 0153-8050; code T
us_1956_sac_airfields,US (SAC),USSR,1956,study,488,LENINGRAD CIVIL,,airfield,1,600,,,59.8,30.3,"SAC, Atomic Weapons Requirements Study for 1959 (SM 129-56, June 1956), Part II airfield list (NSA EBB 538, doc. 06)",https://nsarchive2.gwu.edu/nukevault/ebb538-Cold-War-Nuclear-Target-List-Declassified-First-Ever/documents/section6.pdf,PDF p.20 (A020-L04),600 4490 LENINGRAD CIVIL 0153-8048 5948-03018 Y,reference number 4490; BE 0153-8048; code Y
us_1956_sac_airfields,US (SAC),USSR,1956,study,489,LENINGRAD/GORELOVO,,airfield,1,298,,,59.7667,30.0833,"SAC, Atomic Weapons Requirements Study for 1959 (SM 129-56, June 1956), Part II airfield list (NSA EBB 538, doc. 06)",https://nsarchive2.gwu.edu/nukevault/ebb538-Cold-War-Nuclear-Target-List-Declassified-First-Ever/documents/section6.pdf,PDF p.20 (A020-L05),298 4490 LENINGRAD/GORELOVO 0153-8051 5946-03005 S,reference number 4490; BE 0153-8051; code S
us_1956_sac_airfields,US (SAC),USSR,1956,study,490,LENINGRAD/GORSKAYA,,airfield,1,459,,,60.0333,30.0167,"SAC, Atomic Weapons Requirements Study for 1959 (SM 129-56, June 1956), Part II airfield list (NSA EBB 538, doc. 06)",https://nsarchive2.gwu.edu/nukevault/ebb538-Cold-War-Nuclear-Target-List-Declassified-First-Ever/documents/section6.pdf,PDF p.20 (A020-L06),459 4490 LENINGRAD/GORSKAYA 0103-8602 6002-03001 V,reference number 4490; BE 0103-8602; code V
us_1956_sac_airfields,US (SAC),USSR,1956,study,491,LENINGRAD/KAMENKA N.,,airfield,1,574,,,60.05,30.1833,"SAC, Atomic Weapons Requirements Study for 1959 (SM 129-56, June 1956), Part II airfield list (NSA EBB 538, doc. 06)",https://nsarchive2.gwu.edu/nukevault/ebb538-Cold-War-Nuclear-Target-List-Declassified-First-Ever/documents/section6.pdf,PDF p.20 (A020-L07),574 4490 LENINGRAD/KAMENKA N. 0103-8603 6003-03011 X,reference number 4490; BE 0103-8603; code X
us_1956_sac_airfields,US (SAC),USSR,1956,study,492,LENINGRAD/KASIMOVO,,airfield,1,874,,,60.2,30.3333,"SAC, Atomic Weapons Requirements Study for 1959 (SM 129-56, June 1956), Part II airfield list (NSA EBB 538, doc. 06)",https://nsarchive2.gwu.edu/nukevault/ebb538-Cold-War-Nuclear-Target-List-Declassified-First-Ever/documents/section6.pdf,PDF p.20 (A020-L08),874 4490 LENINGRAD/KASIMOVO 0103-8605 6012-03020 RA,reference number 4490; BE 0103-8605; code RA
us_1956_sac_airfields,US (SAC),USSR,1956,study,493,LENINGRAD/KOLOMYAGI,,airfield,1,488,,,60.0,30.2833,"SAC, Atomic Weapons Requirements Study for 1959 (SM 129-56, June 1956), Part II airfield list (NSA EBB 538, doc. 06)",https://nsarchive2.gwu.edu/nukevault/ebb538-Cold-War-Nuclear-Target-List-Declassified-First-Ever/documents/section6.pdf,PDF p.20 (A020-L09),488 4490 LENINGRAD/KOLOMYAGI 0103-8623 6000-03017 Z,reference number 4490; BE 0103-8623; code Z
us_1956_sac_airfields,US (SAC),USSR,1956,study,494,LENINGRAD/KUDROVO,,airfield,1,994,,,59.9,30.5167,"SAC, Atomic Weapons Requirements Study for 1959 (SM 129-56, June 1956), Part II airfield list (NSA EBB 538, doc. 06)",https://nsarchive2.gwu.edu/nukevault/ebb538-Cold-War-Nuclear-Target-List-Declassified-First-Ever/documents/section6.pdf,PDF p.20 (A020-L10),994 4490 LENINGRAD/KUDROVO 0153-8054 5954-03031 RD,reference number 4490; BE 0153-8054; code RD
us_1956_sac_airfields,US (SAC),USSR,1956,study,495,LENINGRAD/LESNOY,,airfield,1,350,,,60.05,30.35,"SAC, Atomic Weapons Requirements Study for 1959 (SM 129-56, June 1956), Part II airfield list (NSA EBB 538, doc. 06)",https://nsarchive2.gwu.edu/nukevault/ebb538-Cold-War-Nuclear-Target-List-Declassified-First-Ever/documents/section6.pdf,PDF p.20 (A020-L11),350 4490 LENINGRAD/LESNOY 0103-8634 6003-03021 RB,reference number 4490; BE 0103-8634; code RB
us_1956_sac_airfields,US (SAC),USSR,1956,study,496,LENINGRAD/LEVASHOVO,,airfield,1,321,,,60.0833,30.2,"SAC, Atomic Weapons Requirements Study for 1959 (SM 129-56, June 1956), Part II airfield list (NSA EBB 538, doc. 06)",https://nsarchive2.gwu.edu/nukevault/ebb538-Cold-War-Nuclear-Target-List-Declassified-First-Ever/documents/section6.pdf,PDF p.20 (A020-L12),321 4490 LENINGRAD/LEVASHOVO 0103-8606 6005-03012 U,reference number 4490; BE 0103-8606; code U
us_1956_sac_airfields,US (SAC),USSR,1956,study,497,LENINGRAD/UGLOVO,,airfield,1,554,,,60.0667,30.7,"SAC, Atomic Weapons Requirements Study for 1959 (SM 129-56, June 1956), Part II airfield list (NSA EBB 538, doc. 06)",https://nsarchive2.gwu.edu/nukevault/ebb538-Cold-War-Nuclear-Target-List-Declassified-First-Ever/documents/section6.pdf,PDF p.20 (A020-L13),554 4490 LENINGRAD/UGLOVO 0103-8609 6004-03042 W,reference number 4490; BE 0103-8609; code W
us_1956_sac_airfields,US (SAC),USSR,1956,study,498,LENINGRAD/YANINO,,airfield,1,836,,,59.95,30.5667,"SAC, Atomic Weapons Requirements Study for 1959 (SM 129-56, June 1956), Part II airfield list (NSA EBB 538, doc. 06)",https://nsarchive2.gwu.edu/nukevault/ebb538-Cold-War-Nuclear-Target-List-Declassified-First-Ever/documents/section6.pdf,PDF p.20 (A020-L14),836 4490 LENINGRAD/YANINO 0153-8060 5957-03034 RC,reference number 4490; BE 0153-8060; code RC
us_1956_sac_airfields,US (SAC),USSR,1956,study,499,LENINSKOYE,,airfield,1,916,,,47.9667,132.6833,"SAC, Atomic Weapons Requirements Study for 1959 (SM 129-56, June 1956), Part II airfield list (NSA EBB 538, doc. 06)",https://nsarchive2.gwu.edu/nukevault/ebb538-Cold-War-Nuclear-Target-List-Declassified-First-Ever/documents/section6.pdf,PDF p.20 (A020-L15),916 4511 LENINSKOYE 0282-8720 4758-13241 R,reference number 4511; BE 0282-8720; code R
us_1956_sac_airfields,US (SAC),USSR,1956,study,500,LENKORAN,,airfield,1,359,,,38.7667,48.8167,"SAC, Atomic Weapons Requirements Study for 1959 (SM 129-56, June 1956), Part II airfield list (NSA EBB 538, doc. 06)",https://nsarchive2.gwu.edu/nukevault/ebb538-Cold-War-Nuclear-Target-List-Declassified-First-Ever/documents/section6.pdf,PDF p.20 (A020-L16),359 4512 LENKORAN 0339-8609 3846-04849 R,reference number 4512; BE 0339-8609; code R
us_1956_sac_airfields,US (SAC),USSR,1956,study,501,LEPAYA E.,,airfield,1,340,,,56.5167,21.0833,"SAC, Atomic Weapons Requirements Study for 1959 (SM 129-56, June 1956), Part II airfield list (NSA EBB 538, doc. 06)",https://nsarchive2.gwu.edu/nukevault/ebb538-Cold-War-Nuclear-Target-List-Declassified-First-Ever/documents/section6.pdf,PDF p.20 (A020-L17),340 4520 LEPAYA E. 0152-8604 5631-02105 S,reference number 4520; BE 0152-8604; code S
us_1956_sac_airfields,US (SAC),USSR,1956,study,502,LEPAYA N.,,airfield,1,462,,,56.5333,21.0167,"SAC, Atomic Weapons Requirements Study for 1959 (SM 129-56, June 1956), Part II airfield list (NSA EBB 538, doc. 06)",https://nsarchive2.gwu.edu/nukevault/ebb538-Cold-War-Nuclear-Target-List-Declassified-First-Ever/documents/section6.pdf,PDF p.20 (A020-L18),462 4520 LEPAYA N. 0152-8605 5632-02101 T,reference number 4520; BE 0152-8605; code T
us_1956_sac_airfields,US (SAC),USSR,1956,study,503,LEYPTSIGSKAYA,,airfield,1,792,,,46.3333,29.05,"SAC, Atomic Weapons Requirements Study for 1959 (SM 129-56, June 1956), Part II airfield list (NSA EBB 538, doc. 06)",https://nsarchive2.gwu.edu/nukevault/ebb538-Cold-War-Nuclear-Target-List-Declassified-First-Ever/documents/section6.pdf,PDF p.20 (A020-L19),792 45365 LEYPTSIGSKAYA 0250-8674 4620-02903 R,reference number 45365; BE 0250-8674; code R
us_1956_sac_airfields,US (SAC),Poland,1956,study,504,"LEZNICA WIELKA, POL",,airfield,1,447,,,52.0,19.15,"SAC, Atomic Weapons Requirements Study for 1959 (SM 129-56, June 1956), Part II airfield list (NSA EBB 538, doc. 06)",https://nsarchive2.gwu.edu/nukevault/ebb538-Cold-War-Nuclear-Target-List-Declassified-First-Ever/documents/section6.pdf,PDF p.20 (A020-L20),"447 4538 LEZNICA WIELKA, POL 0169-8298 5200-01909 R",reference number 4538; BE 0169-8298; code R
us_1956_sac_airfields,US (SAC),PRC,1956,study,505,"LIANG SHAN, CHINA",,airfield,1,695,,,30.7167,107.7833,"SAC, Atomic Weapons Requirements Study for 1959 (SM 129-56, June 1956), Part II airfield list (NSA EBB 538, doc. 06)",https://nsarchive2.gwu.edu/nukevault/ebb538-Cold-War-Nuclear-Target-List-Declassified-First-Ever/documents/section6.pdf,PDF p.20 (A020-L21),"695 45405 LIANG SHAN, CHINA 0495-8410 3043-10747 R",reference number 45405; BE 0495-8410; code R
us_1956_sac_airfields,US (SAC),PRC,1956,study,506,LIAO YANG W. MANCH,,airfield,1,517,,,41.2833,123.0667,"SAC, Atomic Weapons Requirements Study for 1959 (SM 129-56, June 1956), Part II airfield list (NSA EBB 538, doc. 06)",https://nsarchive2.gwu.edu/nukevault/ebb538-Cold-War-Nuclear-Target-List-Declassified-First-Ever/documents/section6.pdf,PDF p.20 (A020-L22),517 0249 LIAO YANG W. MANCH 0290-8018 4117-12304 R,Manchuria; reference number 0249; BE 0290-8018; code R
us_1956_sac_airfields,US (SAC),PRC,1956,study,507,LIAO YUAN N. MANCH,,airfield,1,830,,,43.5833,123.5333,"SAC, Atomic Weapons Requirements Study for 1959 (SM 129-56, June 1956), Part II airfield list (NSA EBB 538, doc. 06)",https://nsarchive2.gwu.edu/nukevault/ebb538-Cold-War-Nuclear-Target-List-Declassified-First-Ever/documents/section6.pdf,PDF p.20 (A020-L23),830 4546 LIAO YUAN N. MANCH 0290-8449 4335-12332 R,Manchuria; reference number 4546; BE 0290-8449; code R
us_1956_sac_airfields,US (SAC),PRC,1956,study,508,"LI CHIA TSUN, CHINA",,airfield,1,1029,,,25.2,110.3167,"SAC, Atomic Weapons Requirements Study for 1959 (SM 129-56, June 1956), Part II airfield list (NSA EBB 538, doc. 06)",https://nsarchive2.gwu.edu/nukevault/ebb538-Cold-War-Nuclear-Target-List-Declassified-First-Ever/documents/section6.pdf,PDF p.20 (A020-L24),"1029 4168 LI CHIA TSUN, CHINA 0497-8407 2512-11019 T",reference number 4168; BE 0497-8407; code T
us_1956_sac_airfields,US (SAC),USSR,1956,study,509,LIDA,,airfield,1,374,,,53.8667,25.35,"SAC, Atomic Weapons Requirements Study for 1959 (SM 129-56, June 1956), Part II airfield list (NSA EBB 538, doc. 06)",https://nsarchive2.gwu.edu/nukevault/ebb538-Cold-War-Nuclear-Target-List-Declassified-First-Ever/documents/section6.pdf,PDF p.20 (A020-L25),374 4560 LIDA 0168-8629 5352-02521 R,reference number 4560; BE 0168-8629; code R
us_1956_sac_airfields,US (SAC),Poland,1956,study,510,"LIEGNITZ, POL",,airfield,1,665,,,51.1833,16.1833,"SAC, Atomic Weapons Requirements Study for 1959 (SM 129-56, June 1956), Part II airfield list (NSA EBB 538, doc. 06)",https://nsarchive2.gwu.edu/nukevault/ebb538-Cold-War-Nuclear-Target-List-Declassified-First-Ever/documents/section6.pdf,PDF p.20 (A020-L26),"665 4565 LIEGNITZ, POL 0232-8216 5111-01611 R",reference number 4565; BE 0232-8216; code R
us_1956_sac_airfields,US (SAC),PRC,1956,study,511,"LIEN CHENG, CHINA",,airfield,1,881A,,,25.5333,116.6167,"SAC, Atomic Weapons Requirements Study for 1959 (SM 129-56, June 1956), Part II airfield list (NSA EBB 538, doc. 06)",https://nsarchive2.gwu.edu/nukevault/ebb538-Cold-War-Nuclear-Target-List-Declassified-First-Ever/documents/section6.pdf,PDF p.20 (A020-L27),"881A 4570 LIEN CHENG, CHINA 0498-8427 2532-11637 R",reference number 4570; BE 0498-8427; code R
us_1956_sac_airfields,US (SAC),PRC,1956,study,512,"LIN FEN, CHINA",,airfield,1,803A,,,36.05,111.5,"SAC, Atomic Weapons Requirements Study for 1959 (SM 129-56, June 1956), Part II airfield list (NSA EBB 538, doc. 06)",https://nsarchive2.gwu.edu/nukevault/ebb538-Cold-War-Nuclear-Target-List-Declassified-First-Ever/documents/section6.pdf,PDF p.20 (A020-L28),"803A 45955 LIN FEN, CHINA 0382-8002 3603-11130 R",reference number 45955; BE 0382-8002; code R
us_1956_sac_airfields,US (SAC),USSR,1956,study,513,LIPETSK W.,,airfield,1,555,,,52.6333,39.4667,"SAC, Atomic Weapons Requirements Study for 1959 (SM 129-56, June 1956), Part II airfield list (NSA EBB 538, doc. 06)",https://nsarchive2.gwu.edu/nukevault/ebb538-Cold-War-Nuclear-Target-List-Declassified-First-Ever/documents/section6.pdf,PDF p.20 (A020-L29),555 4600 LIPETSK W. 0166-8008 5238-03928 S,reference number 4600; BE 0166-8008; code S
us_1956_sac_airfields,US (SAC),PRC,1956,study,514,"LIU CHOU, CHINA",,airfield,1,1035,,,24.2833,109.3833,"SAC, Atomic Weapons Requirements Study for 1959 (SM 129-56, June 1956), Part II airfield list (NSA EBB 538, doc. 06)",https://nsarchive2.gwu.edu/nukevault/ebb538-Cold-War-Nuclear-Target-List-Declassified-First-Ever/documents/section6.pdf,PDF p.21 (A021-L02),"1035 46415 LIU CHOU, CHINA 0497-8409 2417-10923 R",reference number 46415; BE 0497-8409; code R
us_1956_sac_airfields,US (SAC),PRC,1956,study,515,"LIU TING, CHINA",,airfield,1,566,,,36.2667,120.3667,"SAC, Atomic Weapons Requirements Study for 1959 (SM 129-56, June 1956), Part II airfield list (NSA EBB 538, doc. 06)",https://nsarchive2.gwu.edu/nukevault/ebb538-Cold-War-Nuclear-Target-List-Declassified-First-Ever/documents/section6.pdf,PDF p.21 (A021-L03),"566 86005 LIU TING, CHINA 0381-8016 3616-12022 S",reference number 86005; BE 0381-8016; code S
us_1956_sac_airfields,US (SAC),USSR,1956,study,516,LODEYNOYE POLE,,airfield,1,256,,,60.7167,33.55,"SAC, Atomic Weapons Requirements Study for 1959 (SM 129-56, June 1956), Part II airfield list (NSA EBB 538, doc. 06)",https://nsarchive2.gwu.edu/nukevault/ebb538-Cold-War-Nuclear-Target-List-Declassified-First-Ever/documents/section6.pdf,PDF p.21 (A021-L04),256 8000 LODEYNOYE POLE 0102-8008 6043-03333 R,reference number 8000; BE 0102-8008; code R
us_1956_sac_airfields,US (SAC),Poland,1956,study,517,"LODZ/LUBLINEK, POL",,airfield,1,646,,,51.7167,19.4,"SAC, Atomic Weapons Requirements Study for 1959 (SM 129-56, June 1956), Part II airfield list (NSA EBB 538, doc. 06)",https://nsarchive2.gwu.edu/nukevault/ebb538-Cold-War-Nuclear-Target-List-Declassified-First-Ever/documents/section6.pdf,PDF p.21 (A021-L05),"646 4665 LODZ/LUBLINEK, POL 0232-8217 5143-01924 S",reference number 4665; BE 0232-8217; code S
us_1956_sac_airfields,US (SAC),PRC,1956,study,518,"LO PING, CHINA",,airfield,1,1034,,,24.8833,104.35,"SAC, Atomic Weapons Requirements Study for 1959 (SM 129-56, June 1956), Part II airfield list (NSA EBB 538, doc. 06)",https://nsarchive2.gwu.edu/nukevault/ebb538-Cold-War-Nuclear-Target-List-Declassified-First-Ever/documents/section6.pdf,PDF p.21 (A021-L06),"1034 4673 LO PING, CHINA 0496-8411 2453-10421 R",reference number 4673; BE 0496-8411; code R
us_1956_sac_airfields,US (SAC),USSR,1956,study,519,LOSHNITSA,,airfield,1,917,,,54.2833,28.8167,"SAC, Atomic Weapons Requirements Study for 1959 (SM 129-56, June 1956), Part II airfield list (NSA EBB 538, doc. 06)",https://nsarchive2.gwu.edu/nukevault/ebb538-Cold-War-Nuclear-Target-List-Declassified-First-Ever/documents/section6.pdf,PDF p.21 (A021-L07),917 0816 LOSHNITSA 0168-8630 5417-02849 S,reference number 0816; BE 0168-8630; code S
us_1956_sac_airfields,US (SAC),USSR,1956,study,520,LOUKHI W.,,airfield,1,1071,,,66.05,32.7833,"SAC, Atomic Weapons Requirements Study for 1959 (SM 129-56, June 1956), Part II airfield list (NSA EBB 538, doc. 06)",https://nsarchive2.gwu.edu/nukevault/ebb538-Cold-War-Nuclear-Target-List-Declassified-First-Ever/documents/section6.pdf,PDF p.21 (A021-L08),1071 4680 LOUKHI W. 0091-8619 6603-03247 S,reference number 4680; BE 0091-8619; code S
us_1956_sac_airfields,US (SAC),Bulgaria,1956,study,521,"LOVECH, BULG",,airfield,1,885,,,43.1667,24.7167,"SAC, Atomic Weapons Requirements Study for 1959 (SM 129-56, June 1956), Part II airfield list (NSA EBB 538, doc. 06)",https://nsarchive2.gwu.edu/nukevault/ebb538-Cold-War-Nuclear-Target-List-Declassified-First-Ever/documents/section6.pdf,PDF p.21 (A021-L09),"885 4685 LOVECH, BULG 0322-8032 4310-02443 R",reference number 4685; BE 0322-8032; code R
us_1956_sac_airfields,US (SAC),PRC,1956,study,522,"LU CHIAO, CHINA",,airfield,1,260,,,28.5667,121.4167,"SAC, Atomic Weapons Requirements Study for 1959 (SM 129-56, June 1956), Part II airfield list (NSA EBB 538, doc. 06)",https://nsarchive2.gwu.edu/nukevault/ebb538-Cold-War-Nuclear-Target-List-Declassified-First-Ever/documents/section6.pdf,PDF p.21 (A021-L10),"260 47335 LU CHIAO, CHINA 0492-8422 2834-12125 R",reference number 47335; BE 0492-8422; code R
us_1956_sac_airfields,US (SAC),USSR,1956,study,523,LUCHKI,,airfield,1,127,,,44.2,132.2167,"SAC, Atomic Weapons Requirements Study for 1959 (SM 129-56, June 1956), Part II airfield list (NSA EBB 538, doc. 06)",https://nsarchive2.gwu.edu/nukevault/ebb538-Cold-War-Nuclear-Target-List-Declassified-First-Ever/documents/section6.pdf,PDF p.21 (A021-L11),127 29362 LUCHKI 0282-8658 4412-13213 T,reference number 29362; BE 0282-8658; code T
us_1956_sac_airfields,US (SAC),USSR,1956,study,524,LUGOVOYE,,airfield,1,529,,,42.9167,72.7167,"SAC, Atomic Weapons Requirements Study for 1959 (SM 129-56, June 1956), Part II airfield list (NSA EBB 538, doc. 06)",https://nsarchive2.gwu.edu/nukevault/ebb538-Cold-War-Nuclear-Target-List-Declassified-First-Ever/documents/section6.pdf,PDF p.21 (A021-L12),529 47604 LUGOVOYE 0328-8637 4255-07243 R,reference number 47604; BE 0328-8637; code R
us_1956_sac_airfields,US (SAC),PRC,1956,study,525,"LU HSIEN, CHINA",,airfield,1,1036,,,28.8333,105.3667,"SAC, Atomic Weapons Requirements Study for 1959 (SM 129-56, June 1956), Part II airfield list (NSA EBB 538, doc. 06)",https://nsarchive2.gwu.edu/nukevault/ebb538-Cold-War-Nuclear-Target-List-Declassified-First-Ever/documents/section6.pdf,PDF p.21 (A021-L13),"1036 47605 LU HSIEN, CHINA 0495-8411 2850-10522 R",reference number 47605; BE 0495-8411; code R
us_1956_sac_airfields,US (SAC),Romania,1956,study,526,"LUIZII CALUGRA, RUM",,airfield,1,472,,,46.5333,26.8833,"SAC, Atomic Weapons Requirements Study for 1959 (SM 129-56, June 1956), Part II airfield list (NSA EBB 538, doc. 06)",https://nsarchive2.gwu.edu/nukevault/ebb538-Cold-War-Nuclear-Target-List-Declassified-First-Ever/documents/section6.pdf,PDF p.21 (A021-L14),"472 0385 LUIZII CALUGRA, RUM 0251-8087 4632-02653 R",reference number 0385; BE 0251-8087; code R
us_1956_sac_airfields,US (SAC),USSR,1956,study,527,LUKHOVITSY,,airfield,1,68,,,54.9,39.0167,"SAC, Atomic Weapons Requirements Study for 1959 (SM 129-56, June 1956), Part II airfield list (NSA EBB 538, doc. 06)",https://nsarchive2.gwu.edu/nukevault/ebb538-Cold-War-Nuclear-Target-List-Declassified-First-Ever/documents/section6.pdf,PDF p.21 (A021-L15),68 3790 LUKHOVITSY 0166-8048 5454-03901 R,reference number 3790; BE 0166-8048; code R
us_1956_sac_airfields,US (SAC),PRC,1956,study,528,"LU LIANG, CHINA",,airfield,1,1028,,,24.9833,103.6333,"SAC, Atomic Weapons Requirements Study for 1959 (SM 129-56, June 1956), Part II airfield list (NSA EBB 538, doc. 06)",https://nsarchive2.gwu.edu/nukevault/ebb538-Cold-War-Nuclear-Target-List-Declassified-First-Ever/documents/section6.pdf,PDF p.21 (A021-L16),"1028 4762 LU LIANG, CHINA 0496-8412 2459-10338 R",reference number 4762; BE 0496-8412; code R
us_1956_sac_airfields,US (SAC),PRC,1956,study,529,"LUNG CHI, CHINA",,airfield,1,544,,,24.5,117.65,"SAC, Atomic Weapons Requirements Study for 1959 (SM 129-56, June 1956), Part II airfield list (NSA EBB 538, doc. 06)",https://nsarchive2.gwu.edu/nukevault/ebb538-Cold-War-Nuclear-Target-List-Declassified-First-Ever/documents/section6.pdf,PDF p.21 (A021-L17),"544 47625 LUNG CHI, CHINA 0498-8425 2430-11739 R",reference number 47625; BE 0498-8425; code R
us_1956_sac_airfields,US (SAC),PRC,1956,study,530,"LUNG CHIANG S, MANCH",,airfield,1,180,,,47.3,123.95,"SAC, Atomic Weapons Requirements Study for 1959 (SM 129-56, June 1956), Part II airfield list (NSA EBB 538, doc. 06)",https://nsarchive2.gwu.edu/nukevault/ebb538-Cold-War-Nuclear-Target-List-Declassified-First-Ever/documents/section6.pdf,PDF p.21 (A021-L18),"180 8601 LUNG CHIANG S, MANCH 0283-8013 4718-12357 R",Manchuria; reference number 8601; BE 0283-8013; code R
us_1956_sac_airfields,US (SAC),PRC,1956,study,531,"LUNG HUA, CHINA",,airfield,1,530,,,31.1667,121.45,"SAC, Atomic Weapons Requirements Study for 1959 (SM 129-56, June 1956), Part II airfield list (NSA EBB 538, doc. 06)",https://nsarchive2.gwu.edu/nukevault/ebb538-Cold-War-Nuclear-Target-List-Declassified-First-Ever/documents/section6.pdf,PDF p.21 (A021-L19),"530 7475 LUNG HUA, CHINA 0492-8407 3110-12127 U",reference number 7475; BE 0492-8407; code U
us_1956_sac_airfields,US (SAC),PRC,1956,study,532,"LUNG TIEN, CHINA",,airfield,1,542,,,25.5833,119.4667,"SAC, Atomic Weapons Requirements Study for 1959 (SM 129-56, June 1956), Part II airfield list (NSA EBB 538, doc. 06)",https://nsarchive2.gwu.edu/nukevault/ebb538-Cold-War-Nuclear-Target-List-Declassified-First-Ever/documents/section6.pdf,PDF p.21 (A021-L20),"542 47695 LUNG TIEN, CHINA 0499-8416 2535-11928 R",reference number 47695; BE 0499-8416; code R
us_1956_sac_airfields,US (SAC),USSR,1956,study,533,LUNINETS,,airfield,1,463,,,52.2667,26.8333,"SAC, Atomic Weapons Requirements Study for 1959 (SM 129-56, June 1956), Part II airfield list (NSA EBB 538, doc. 06)",https://nsarchive2.gwu.edu/nukevault/ebb538-Cold-War-Nuclear-Target-List-Declassified-First-Ever/documents/section6.pdf,PDF p.21 (A021-L21),463 4770 LUNINETS 0168-8631 5216-02650 R,reference number 4770; BE 0168-8631; code R
us_1956_sac_airfields,US (SAC),USSR,1956,study,534,LUTSK,,airfield,1,1072,,,50.75,25.35,"SAC, Atomic Weapons Requirements Study for 1959 (SM 129-56, June 1956), Part II airfield list (NSA EBB 538, doc. 06)",https://nsarchive2.gwu.edu/nukevault/ebb538-Cold-War-Nuclear-Target-List-Declassified-First-Ever/documents/section6.pdf,PDF p.21 (A021-L22),1072 4777 LUTSK 0233-8045 5045-02521 R,reference number 4777; BE 0233-8045; code R
us_1956_sac_airfields,US (SAC),USSR,1956,study,535,LUTSK N.,,airfield,1,778,,,50.8,25.35,"SAC, Atomic Weapons Requirements Study for 1959 (SM 129-56, June 1956), Part II airfield list (NSA EBB 538, doc. 06)",https://nsarchive2.gwu.edu/nukevault/ebb538-Cold-War-Nuclear-Target-List-Declassified-First-Ever/documents/section6.pdf,PDF p.21 (A021-L23),778 4777 LUTSK N. 0233-8046 5048-02521 S,reference number 4777; BE 0233-8046; code S
us_1956_sac_airfields,US (SAC),USSR,1956,study,536,LVOV/GORODOK,,airfield,1,796,,,49.75,23.6667,"SAC, Atomic Weapons Requirements Study for 1959 (SM 129-56, June 1956), Part II airfield list (NSA EBB 538, doc. 06)",https://nsarchive2.gwu.edu/nukevault/ebb538-Cold-War-Nuclear-Target-List-Declassified-First-Ever/documents/section6.pdf,PDF p.21 (A021-L24),796 4780 LVOV/GORODOK 0232-8604 4945-02340 S,reference number 4780; BE 0232-8604; code S
us_1956_sac_airfields,US (SAC),USSR,1956,study,537,LVOV N.W.,,airfield,1,1073,,,49.8667,23.9167,"SAC, Atomic Weapons Requirements Study for 1959 (SM 129-56, June 1956), Part II airfield list (NSA EBB 538, doc. 06)",https://nsarchive2.gwu.edu/nukevault/ebb538-Cold-War-Nuclear-Target-List-Declassified-First-Ever/documents/section6.pdf,PDF p.21 (A021-L25),1073 4780 LVOV N.W. 0232-8606 4952-02355 R,reference number 4780; BE 0232-8606; code R
us_1956_sac_airfields,US (SAC),USSR,1956,study,538,LVOV/SKNILOV,,airfield,1,581,,,49.8167,23.95,"SAC, Atomic Weapons Requirements Study for 1959 (SM 129-56, June 1956), Part II airfield list (NSA EBB 538, doc. 06)",https://nsarchive2.gwu.edu/nukevault/ebb538-Cold-War-Nuclear-Target-List-Declassified-First-Ever/documents/section6.pdf,PDF p.21 (A021-L26),581 4780 LVOV/SKNILOV 0232-8607 4949-02357 R,reference number 4780; BE 0232-8607; code R
us_1956_sac_airfields,US (SAC),USSR,1956,study,539,LYALICHI,,airfield,1,666,,,44.0667,132.3833,"SAC, Atomic Weapons Requirements Study for 1959 (SM 129-56, June 1956), Part II airfield list (NSA EBB 538, doc. 06)",https://nsarchive2.gwu.edu/nukevault/ebb538-Cold-War-Nuclear-Target-List-Declassified-First-Ever/documents/section6.pdf,PDF p.21 (A021-L27),666 48799 LYALICHI 0282-8659 4404-13223 T,reference number 48799; BE 0282-8659; code T
us_1956_sac_airfields,US (SAC),USSR,1956,study,540,LYUBINSKAYA,,airfield,1,811,,,55.15,72.6833,"SAC, Atomic Weapons Requirements Study for 1959 (SM 129-56, June 1956), Part II airfield list (NSA EBB 538, doc. 06)",https://nsarchive2.gwu.edu/nukevault/ebb538-Cold-War-Nuclear-Target-List-Declassified-First-Ever/documents/section6.pdf,PDF p.21 (A021-L28),811 4795 LYUBINSKAYA 0163-8056 5509-07241 R,reference number 4795; BE 0163-8056; code R
us_1956_sac_airfields,US (SAC),PRC,1956,study,541,"MA CHIANG, CHINA",,airfield,1,853,,,24.65,118.2667,"SAC, Atomic Weapons Requirements Study for 1959 (SM 129-56, June 1956), Part II airfield list (NSA EBB 538, doc. 06)",https://nsarchive2.gwu.edu/nukevault/ebb538-Cold-War-Nuclear-Target-List-Declassified-First-Ever/documents/section6.pdf,PDF p.22 (A022-L03),"853 0209 MA CHIANG, CHINA 0498-8416 2439-11816 R",reference number 0209; BE 0498-8416; code R
us_1956_sac_airfields,US (SAC),USSR,1956,study,542,MAGADAN,,airfield,1,582,,,59.65,150.8667,"SAC, Atomic Weapons Requirements Study for 1959 (SM 129-56, June 1956), Part II airfield list (NSA EBB 538, doc. 06)",https://nsarchive2.gwu.edu/nukevault/ebb538-Cold-War-Nuclear-Target-List-Declassified-First-Ever/documents/section6.pdf,PDF p.22 (A022-L04),582 4830 MAGADAN 0131-8001 5939-15052 R,reference number 4830; BE 0131-8001; code R
us_1956_sac_airfields,US (SAC),USSR,1956,study,543,MAGADAN N.,,airfield,1,1074,,,59.9,150.9667,"SAC, Atomic Weapons Requirements Study for 1959 (SM 129-56, June 1956), Part II airfield list (NSA EBB 538, doc. 06)",https://nsarchive2.gwu.edu/nukevault/ebb538-Cold-War-Nuclear-Target-List-Declassified-First-Ever/documents/section6.pdf,PDF p.22 (A022-L05),1074 4830 MAGADAN N. 0131-8003 5954-15058 S,reference number 4830; BE 0131-8003; code S
us_1956_sac_airfields,US (SAC),USSR,1956,study,544,MAGDAGACHI,,airfield,1,159,,,53.45,125.8,"SAC, Atomic Weapons Requirements Study for 1959 (SM 129-56, June 1956), Part II airfield list (NSA EBB 538, doc. 06)",https://nsarchive2.gwu.edu/nukevault/ebb538-Cold-War-Nuclear-Target-List-Declassified-First-Ever/documents/section6.pdf,PDF p.22 (A022-L06),159 4834 MAGDAGACHI 0198-8604 5327-12548 R,reference number 4834; BE 0198-8604; code R
us_1956_sac_airfields,US (SAC),USSR,1956,study,545,MAGNITOGORSK,,airfield,1,918,,,53.3833,59.0833,"SAC, Atomic Weapons Requirements Study for 1959 (SM 129-56, June 1956), Part II airfield list (NSA EBB 538, doc. 06)",https://nsarchive2.gwu.edu/nukevault/ebb538-Cold-War-Nuclear-Target-List-Declassified-First-Ever/documents/section6.pdf,PDF p.22 (A022-L07),918 4840 MAGNITOGORSK 0164-8007 5323-05905 R,reference number 4840; BE 0164-8007; code R
us_1956_sac_airfields,US (SAC),USSR,1956,study,546,MAKHACHKALA,,airfield,1,411,,,43.0167,47.4333,"SAC, Atomic Weapons Requirements Study for 1959 (SM 129-56, June 1956), Part II airfield list (NSA EBB 538, doc. 06)",https://nsarchive2.gwu.edu/nukevault/ebb538-Cold-War-Nuclear-Target-List-Declassified-First-Ever/documents/section6.pdf,PDF p.22 (A022-L08),411 4860 MAKHACHKALA 0325-8677 4301-04726 S,reference number 4860; BE 0325-8677; code S
us_1956_sac_airfields,US (SAC),USSR,1956,study,547,MAKHACHKALA/UYTASH,,airfield,1,779,,,42.8167,47.65,"SAC, Atomic Weapons Requirements Study for 1959 (SM 129-56, June 1956), Part II airfield list (NSA EBB 538, doc. 06)",https://nsarchive2.gwu.edu/nukevault/ebb538-Cold-War-Nuclear-Target-List-Declassified-First-Ever/documents/section6.pdf,PDF p.22 (A022-L09),779 4860 MAKHACHKALA/UYTASH 0325-8683 4249-04739 R,reference number 4860; BE 0325-8683; code R
us_1956_sac_airfields,US (SAC),USSR,1956,study,548,MAKHARADZE,,airfield,1,265,,,41.9333,41.8833,"SAC, Atomic Weapons Requirements Study for 1959 (SM 129-56, June 1956), Part II airfield list (NSA EBB 538, doc. 06)",https://nsarchive2.gwu.edu/nukevault/ebb538-Cold-War-Nuclear-Target-List-Declassified-First-Ever/documents/section6.pdf,PDF p.22 (A022-L10),265 6450 MAKHARADZE 0324-8615 4156-04153 S,reference number 6450; BE 0324-8615; code S
us_1956_sac_airfields,US (SAC),USSR,1956,study,549,MALAYA VISHERA,,airfield,1,995,,,58.8167,32.25,"SAC, Atomic Weapons Requirements Study for 1959 (SM 129-56, June 1956), Part II airfield list (NSA EBB 538, doc. 06)",https://nsarchive2.gwu.edu/nukevault/ebb538-Cold-War-Nuclear-Target-List-Declassified-First-Ever/documents/section6.pdf,PDF p.22 (A022-L11),995 1417 MALAYA VISHERA 0153-8006 5849-03215 R,reference number 1417; BE 0153-8006; code R
us_1956_sac_airfields,US (SAC),Poland,1956,study,550,"MALBORK, POL",,airfield,1,263,,,54.0333,19.1333,"SAC, Atomic Weapons Requirements Study for 1959 (SM 129-56, June 1956), Part II airfield list (NSA EBB 538, doc. 06)",https://nsarchive2.gwu.edu/nukevault/ebb538-Cold-War-Nuclear-Target-List-Declassified-First-Ever/documents/section6.pdf,PDF p.22 (A022-L12),"263 8315 MALBORK, POL 0169-8260 5402-01908 R",reference number 8315; BE 0169-8260; code R
us_1956_sac_airfields,US (SAC),USSR,1956,study,551,MALINOVKA,,airfield,1,919,,,45.3667,134.35,"SAC, Atomic Weapons Requirements Study for 1959 (SM 129-56, June 1956), Part II airfield list (NSA EBB 538, doc. 06)",https://nsarchive2.gwu.edu/nukevault/ebb538-Cold-War-Nuclear-Target-List-Declassified-First-Ever/documents/section6.pdf,PDF p.22 (A022-L13),919 48772 MALINOVKA 0282-8661 4522-13421 R,reference number 48772; BE 0282-8661; code R
us_1956_sac_airfields,US (SAC),PRC,1956,study,552,"MAN CHOU LI, MANCH",,airfield,1,677,,,49.55,117.4167,"SAC, Atomic Weapons Requirements Study for 1959 (SM 129-56, June 1956), Part II airfield list (NSA EBB 538, doc. 06)",https://nsarchive2.gwu.edu/nukevault/ebb538-Cold-War-Nuclear-Target-List-Declassified-First-Ever/documents/section6.pdf,PDF p.22 (A022-L14),"677 4776 MAN CHOU LI, MANCH 0202-8001 4933-11725 R",Manchuria; reference number 4776; BE 0202-8001; code R
us_1956_sac_airfields,US (SAC),USSR,1956,study,553,MARIAMPOLE,,airfield,1,996,,,54.5667,23.3833,"SAC, Atomic Weapons Requirements Study for 1959 (SM 129-56, June 1956), Part II airfield list (NSA EBB 538, doc. 06)",https://nsarchive2.gwu.edu/nukevault/ebb538-Cold-War-Nuclear-Target-List-Declassified-First-Ever/documents/section6.pdf,PDF p.22 (A022-L15),996 4890 MARIAMPOLE 0168-8633 5434-02323 R,reference number 4890; BE 0168-8633; code R
us_1956_sac_airfields,US (SAC),USSR,1956,study,554,MARIINSK,,airfield,1,838,,,56.2167,87.7833,"SAC, Atomic Weapons Requirements Study for 1959 (SM 129-56, June 1956), Part II airfield list (NSA EBB 538, doc. 06)",https://nsarchive2.gwu.edu/nukevault/ebb538-Cold-War-Nuclear-Target-List-Declassified-First-Ever/documents/section6.pdf,PDF p.22 (A022-L16),838 48972 MARIINSK 0158-8003 5613-08747 R,reference number 48972; BE 0158-8003; code R
us_1956_sac_airfields,US (SAC),USSR,1956,study,555,MARIINSKOYE,,airfield,1,920,,,51.7,140.2667,"SAC, Atomic Weapons Requirements Study for 1959 (SM 129-56, June 1956), Part II airfield list (NSA EBB 538, doc. 06)",https://nsarchive2.gwu.edu/nukevault/ebb538-Cold-War-Nuclear-Target-List-Declassified-First-Ever/documents/section6.pdf,PDF p.22 (A022-L17),920 1608 MARIINSKOYE 0204-8634 5142-14016 R,reference number 1608; BE 0204-8634; code R
us_1956_sac_airfields,US (SAC),USSR,1956,study,556,MARINOVKA,,airfield,1,469,,,48.6667,43.8333,"SAC, Atomic Weapons Requirements Study for 1959 (SM 129-56, June 1956), Part II airfield list (NSA EBB 538, doc. 06)",https://nsarchive2.gwu.edu/nukevault/ebb538-Cold-War-Nuclear-Target-List-Declassified-First-Ever/documents/section6.pdf,PDF p.22 (A022-L18),469 48976 MARINOVKA 0235-8038 4840-04350 R,reference number 48976; BE 0235-8038; code R
us_1956_sac_airfields,US (SAC),USSR,1956,study,557,MARKOVO,,airfield,1,63,,,64.6833,170.4333,"SAC, Atomic Weapons Requirements Study for 1959 (SM 129-56, June 1956), Part II airfield list (NSA EBB 538, doc. 06)",https://nsarchive2.gwu.edu/nukevault/ebb538-Cold-War-Nuclear-Target-List-Declassified-First-Ever/documents/section6.pdf,PDF p.22 (A022-L19),63 4898 MARKOVO 0074-8001 6441-I7026 R,reference number 4898; BE 0074-8001; code R
us_1956_sac_airfields,US (SAC),USSR,1956,study,558,MARY,,airfield,1,373,,,37.6,61.8167,"SAC, Atomic Weapons Requirements Study for 1959 (SM 129-56, June 1956), Part II airfield list (NSA EBB 538, doc. 06)",https://nsarchive2.gwu.edu/nukevault/ebb538-Cold-War-Nuclear-Target-List-Declassified-First-Ever/documents/section6.pdf,PDF p.22 (A022-L20),373 4902 MARY 0337-8609 3736-06149 R,reference number 4902; BE 0337-8609; code R
us_1956_sac_airfields,US (SAC),USSR,1956,study,559,MARY N.E.,,airfield,1,372A,,,37.6167,61.8667,"SAC, Atomic Weapons Requirements Study for 1959 (SM 129-56, June 1956), Part II airfield list (NSA EBB 538, doc. 06)",https://nsarchive2.gwu.edu/nukevault/ebb538-Cold-War-Nuclear-Target-List-Declassified-First-Ever/documents/section6.pdf,PDF p.22 (A022-L21),372A 4902 MARY N.E. 0337-8613 3737-06152 S,reference number 4902; BE 0337-8613; code S
us_1956_sac_airfields,US (SAC),USSR,1956,study,560,MATSUWA,,airfield,1,696,,,48.05,153.25,"SAC, Atomic Weapons Requirements Study for 1959 (SM 129-56, June 1956), Part II airfield list (NSA EBB 538, doc. 06)",https://nsarchive2.gwu.edu/nukevault/ebb538-Cold-War-Nuclear-Target-List-Declassified-First-Ever/documents/section6.pdf,PDF p.22 (A022-L22),696 4903 MATSUWA 0206-8002 4803-15315 R,reference number 4903; BE 0206-8002; code R
us_1956_sac_airfields,US (SAC),USSR,1956,study,561,MAYKHE,,airfield,1,108,,,43.4167,132.4167,"SAC, Atomic Weapons Requirements Study for 1959 (SM 129-56, June 1956), Part II airfield list (NSA EBB 538, doc. 06)",https://nsarchive2.gwu.edu/nukevault/ebb538-Cold-War-Nuclear-Target-List-Declassified-First-Ever/documents/section6.pdf,PDF p.22 (A022-L23),108 0290 MAYKHE 0291-8618 4325-13225 RC,reference number 0290; BE 0291-8618; code RC
us_1956_sac_airfields,US (SAC),USSR,1956,study,562,MAYKOP N.,,airfield,1,1075,,,44.6333,40.1,"SAC, Atomic Weapons Requirements Study for 1959 (SM 129-56, June 1956), Part II airfield list (NSA EBB 538, doc. 06)",https://nsarchive2.gwu.edu/nukevault/ebb538-Cold-War-Nuclear-Target-List-Declassified-First-Ever/documents/section6.pdf,PDF p.22 (A022-L24),1075 4910 MAYKOP N. 0249-8034 4438-04006 R,reference number 4910; BE 0249-8034; code R
us_1956_sac_airfields,US (SAC),USSR,1956,study,563,MAYTUGA,,airfield,1,997,,,52.9833,49.3,"SAC, Atomic Weapons Requirements Study for 1959 (SM 129-56, June 1956), Part II airfield list (NSA EBB 538, doc. 06)",https://nsarchive2.gwu.edu/nukevault/ebb538-Cold-War-Nuclear-Target-List-Declassified-First-Ever/documents/section6.pdf,PDF p.22 (A022-L25),997 4923 MAYTUGA 0165-8023 5259-04918 R,reference number 4923; BE 0165-8023; code R
us_1956_sac_airfields,US (SAC),USSR,1956,study,564,MEDVEZHYEGORSK,,airfield,1,1076,,,62.9333,34.5667,"SAC, Atomic Weapons Requirements Study for 1959 (SM 129-56, June 1956), Part II airfield list (NSA EBB 538, doc. 06)",https://nsarchive2.gwu.edu/nukevault/ebb538-Cold-War-Nuclear-Target-List-Declassified-First-Ever/documents/section6.pdf,PDF p.22 (A022-L26),1076 4932 MEDVEZHYEGORSK 0102-8010 6256-03434 R,reference number 4932; BE 0102-8010; code R
us_1956_sac_airfields,US (SAC),USSR,1956,study,565,MELITOPOL,,airfield,1,17,,,46.9,35.3167,"SAC, Atomic Weapons Requirements Study for 1959 (SM 129-56, June 1956), Part II airfield list (NSA EBB 538, doc. 06)",https://nsarchive2.gwu.edu/nukevault/ebb538-Cold-War-Nuclear-Target-List-Declassified-First-Ever/documents/section6.pdf,PDF p.22 (A022-L27),I7 4950 MELITOPOL 0249-8202 4654-03519 R,reference number 4950; BE 0249-8202; code R
us_1956_sac_airfields,US (SAC),GDR,1956,study,566,"MERSEBURG, E GER",,airfield,1,368,,,51.3667,11.9667,"SAC, Atomic Weapons Requirements Study for 1959 (SM 129-56, June 1956), Part II airfield list (NSA EBB 538, doc. 06)",https://nsarchive2.gwu.edu/nukevault/ebb538-Cold-War-Nuclear-Target-List-Declassified-First-Ever/documents/section6.pdf,PDF p.22 (A022-L28),"368 2565 MERSEBURG, E GER 0231-8073 5122-01158 R",reference number 2565; BE 0231-8073; code R
us_1956_sac_airfields,US (SAC),USSR,1956,study,567,MEZEN,,airfield,1,596,,,65.8667,44.25,"SAC, Atomic Weapons Requirements Study for 1959 (SM 129-56, June 1956), Part II airfield list (NSA EBB 538, doc. 06)",https://nsarchive2.gwu.edu/nukevault/ebb538-Cold-War-Nuclear-Target-List-Declassified-First-Ever/documents/section6.pdf,PDF p.22 (A022-L29),596 4980 MEZEN 0092-8018 6552-04415 R,reference number 4980; BE 0092-8018; code R
us_1956_sac_airfields,US (SAC),USSR,1956,study,568,MIASS,,airfield,1,839,,,55.0,60.0667,"SAC, Atomic Weapons Requirements Study for 1959 (SM 129-56, June 1956), Part II airfield list (NSA EBB 538, doc. 06)",https://nsarchive2.gwu.edu/nukevault/ebb538-Cold-War-Nuclear-Target-List-Declassified-First-Ever/documents/section6.pdf,PDF p.23 (A023-L02),839 4990 MIASS 0164-8008 5500-06004 R,reference number 4990; BE 0164-8008; code R
us_1956_sac_airfields,US (SAC),USSR,1956,study,569,MICHURINSK,,airfield,1,141,,,52.9333,40.5167,"SAC, Atomic Weapons Requirements Study for 1959 (SM 129-56, June 1956), Part II airfield list (NSA EBB 538, doc. 06)",https://nsarchive2.gwu.edu/nukevault/ebb538-Cold-War-Nuclear-Target-List-Declassified-First-Ever/documents/section6.pdf,PDF p.23 (A023-L03),141 5000 MICHURINSK 0166-8013 5256-04031 R,reference number 5000; BE 0166-8013; code R
us_1956_sac_airfields,US (SAC),Poland,1956,study,570,"MIELEC, POL",,airfield,1,848,,,50.3167,21.45,"SAC, Atomic Weapons Requirements Study for 1959 (SM 129-56, June 1956), Part II airfield list (NSA EBB 538, doc. 06)",https://nsarchive2.gwu.edu/nukevault/ebb538-Cold-War-Nuclear-Target-List-Declassified-First-Ever/documents/section6.pdf,PDF p.23 (A023-L04),"848 1575 MIELEC, POL 0232-8221 5019-02127 R",reference number 1575; BE 0232-8221; code R
us_1956_sac_airfields,US (SAC),USSR,1956,study,571,MIKHA TSKHAKAYA,,airfield,1,310,,,42.2333,42.05,"SAC, Atomic Weapons Requirements Study for 1959 (SM 129-56, June 1956), Part II airfield list (NSA EBB 538, doc. 06)",https://nsarchive2.gwu.edu/nukevault/ebb538-Cold-War-Nuclear-Target-List-Declassified-First-Ever/documents/section6.pdf,PDF p.23 (A023-L05),310 6450 MIKHA TSKHAKAYA 0324-8618 4214-04203 R,reference number 6450; BE 0324-8618; code R
us_1956_sac_airfields,US (SAC),USSR,1956,study,572,MIKHAYLOVKA N.,,airfield,1,800,,,43.95,132.0167,"SAC, Atomic Weapons Requirements Study for 1959 (SM 129-56, June 1956), Part II airfield list (NSA EBB 538, doc. 06)",https://nsarchive2.gwu.edu/nukevault/ebb538-Cold-War-Nuclear-Target-List-Declassified-First-Ever/documents/section6.pdf,PDF p.23 (A023-L06),800 9220 MIKHAYLOVKA N. 0291-8519 4357-13201 T,reference number 9220; BE 0291-8519; code T
us_1956_sac_airfields,US (SAC),USSR,1956,study,573,MIKHAYLOVKA S.,,airfield,1,239,,,43.9,132.0333,"SAC, Atomic Weapons Requirements Study for 1959 (SM 129-56, June 1956), Part II airfield list (NSA EBB 538, doc. 06)",https://nsarchive2.gwu.edu/nukevault/ebb538-Cold-War-Nuclear-Target-List-Declassified-First-Ever/documents/section6.pdf,PDF p.23 (A023-L07),239 9220 MIKHAYLOVKA S. 0291-8620 4354-13202 Z,reference number 9220; BE 0291-8620; code Z
us_1956_sac_airfields,US (SAC),USSR,1956,study,574,MIKKOLYA,,airfield,1,601,,,65.2167,31.65,"SAC, Atomic Weapons Requirements Study for 1959 (SM 129-56, June 1956), Part II airfield list (NSA EBB 538, doc. 06)",https://nsarchive2.gwu.edu/nukevault/ebb538-Cold-War-Nuclear-Target-List-Declassified-First-Ever/documents/section6.pdf,PDF p.23 (A023-L08),601 87805 MIKKOLYA 0091-8620 6513-03139 R,reference number 87805; BE 0091-8620; code R
us_1956_sac_airfields,US (SAC),Czechoslovakia,1956,study,575,"MILOVICE, CZECH",,airfield,1,376,,,50.2333,14.9333,"SAC, Atomic Weapons Requirements Study for 1959 (SM 129-56, June 1956), Part II airfield list (NSA EBB 538, doc. 06)",https://nsarchive2.gwu.edu/nukevault/ebb538-Cold-War-Nuclear-Target-List-Declassified-First-Ever/documents/section6.pdf,PDF p.23 (A023-L09),"376 3785 MILOVICE, CZECH 0231-8103 5014-01456 R",reference number 3785; BE 0231-8103; code R
us_1956_sac_airfields,US (SAC),Czechoslovakia,1956,study,576,"MIMON, CZECH",,airfield,1,492,,,50.6167,14.7333,"SAC, Atomic Weapons Requirements Study for 1959 (SM 129-56, June 1956), Part II airfield list (NSA EBB 538, doc. 06)",https://nsarchive2.gwu.edu/nukevault/ebb538-Cold-War-Nuclear-Target-List-Declassified-First-Ever/documents/section6.pdf,PDF p.23 (A023-L10),"492 1185 MIMON, CZECH 0231-8114 5037-01444 R",reference number 1185; BE 0231-8114; code R
us_1956_sac_airfields,US (SAC),USSR,1956,study,577,MINERALNYYE VODY,,airfield,1,921,,,44.2167,43.1,"SAC, Atomic Weapons Requirements Study for 1959 (SM 129-56, June 1956), Part II airfield list (NSA EBB 538, doc. 06)",https://nsarchive2.gwu.edu/nukevault/ebb538-Cold-War-Nuclear-Target-List-Declassified-First-Ever/documents/section6.pdf,PDF p.23 (A023-L11),921 6610 MINERALNYYE VODY 0248-8022 4413-04306 R,reference number 6610; BE 0248-8022; code R
us_1956_sac_airfields,US (SAC),USSR,1956,study,578,MINSK/DUBINSKAYA,,airfield,1,922,,,53.6833,27.6167,"SAC, Atomic Weapons Requirements Study for 1959 (SM 129-56, June 1956), Part II airfield list (NSA EBB 538, doc. 06)",https://nsarchive2.gwu.edu/nukevault/ebb538-Cold-War-Nuclear-Target-List-Declassified-First-Ever/documents/section6.pdf,PDF p.23 (A023-L12),922 5030 MINSK/DUBINSKAYA 0168-8635 5341-02737 R,reference number 5030; BE 0168-8635; code R
us_1956_sac_airfields,US (SAC),USSR,1956,study,579,MINSK/MACHULISHCHE,,airfield,1,6,,,53.7833,27.5667,"SAC, Atomic Weapons Requirements Study for 1959 (SM 129-56, June 1956), Part II airfield list (NSA EBB 538, doc. 06)",https://nsarchive2.gwu.edu/nukevault/ebb538-Cold-War-Nuclear-Target-List-Declassified-First-Ever/documents/section6.pdf,PDF p.23 (A023-L13),6 5030 MINSK/MACHULISHCHE 0168-8637 5347-02734 T,reference number 5030; BE 0168-8637; code T
us_1956_sac_airfields,US (SAC),USSR,1956,study,580,MINSK S.,,airfield,1,197,,,53.8667,27.5333,"SAC, Atomic Weapons Requirements Study for 1959 (SM 129-56, June 1956), Part II airfield list (NSA EBB 538, doc. 06)",https://nsarchive2.gwu.edu/nukevault/ebb538-Cold-War-Nuclear-Target-List-Declassified-First-Ever/documents/section6.pdf,PDF p.23 (A023-L14),197 5030 MINSK S. 0168-8639 5352-02732 S,reference number 5030; BE 0168-8639; code S
us_1956_sac_airfields,US (SAC),Poland,1956,study,581,"MINSK MAZOWIECKI, POL",,airfield,1,515,,,52.2,21.65,"SAC, Atomic Weapons Requirements Study for 1959 (SM 129-56, June 1956), Part II airfield list (NSA EBB 538, doc. 06)",https://nsarchive2.gwu.edu/nukevault/ebb538-Cold-War-Nuclear-Target-List-Declassified-First-Ever/documents/section6.pdf,PDF p.23 (A023-L15),"515 5031 MINSK MAZOWIECKI, POL 0168-8205 5212-02139 R",reference number 5031; BE 0168-8205; code R
us_1956_sac_airfields,US (SAC),USSR,1956,study,582,MIRGOROD,,airfield,1,10,,,49.9333,33.65,"SAC, Atomic Weapons Requirements Study for 1959 (SM 129-56, June 1956), Part II airfield list (NSA EBB 538, doc. 06)",https://nsarchive2.gwu.edu/nukevault/ebb538-Cold-War-Nuclear-Target-List-Declassified-First-Ever/documents/section6.pdf,PDF p.23 (A023-L16),10 5032 MIRGOROD 0233-8051 4956-03339 R,reference number 5032; BE 0233-8051; code R
us_1956_sac_airfields,US (SAC),USSR,1956,study,583,MIYOSHINO,,airfield,1,1077,,,50.7,156.3167,"SAC, Atomic Weapons Requirements Study for 1959 (SM 129-56, June 1956), Part II airfield list (NSA EBB 538, doc. 06)",https://nsarchive2.gwu.edu/nukevault/ebb538-Cold-War-Nuclear-Target-List-Declassified-First-Ever/documents/section6.pdf,PDF p.23 (A023-L17),1077 7440 MIYOSHINO 0206-8001 5042-15619 S,reference number 7440; BE 0206-8001; code S
us_1956_sac_airfields,US (SAC),Poland,1956,study,584,"MODLIN, POL",,airfield,1,80,,,52.45,20.6667,"SAC, Atomic Weapons Requirements Study for 1959 (SM 129-56, June 1956), Part II airfield list (NSA EBB 538, doc. 06)",https://nsarchive2.gwu.edu/nukevault/ebb538-Cold-War-Nuclear-Target-List-Declassified-First-Ever/documents/section6.pdf,PDF p.23 (A023-L18),"80 9385 MODLIN, POL 0169-8262 5227-02040 R",reference number 9385; BE 0169-8262; code R
us_1956_sac_airfields,US (SAC),USSR,1956,study,585,MOGILEV,,airfield,1,624,,,53.8667,30.3167,"SAC, Atomic Weapons Requirements Study for 1959 (SM 129-56, June 1956), Part II airfield list (NSA EBB 538, doc. 06)",https://nsarchive2.gwu.edu/nukevault/ebb538-Cold-War-Nuclear-Target-List-Declassified-First-Ever/documents/section6.pdf,PDF p.23 (A023-L19),624 5070 MOGILEV 0167-8005 5352-03019 R,reference number 5070; BE 0167-8005; code R
us_1956_sac_airfields,US (SAC),USSR,1956,study,586,MOLODECHNO,,airfield,1,457,,,54.25,26.8833,"SAC, Atomic Weapons Requirements Study for 1959 (SM 129-56, June 1956), Part II airfield list (NSA EBB 538, doc. 06)",https://nsarchive2.gwu.edu/nukevault/ebb538-Cold-War-Nuclear-Target-List-Declassified-First-Ever/documents/section6.pdf,PDF p.23 (A023-L20),457 5080 MOLODECHNO 0168-8640 5415-02653 R,reference number 5080; BE 0168-8640; code R
us_1956_sac_airfields,US (SAC),USSR,1956,study,587,MOLOTOV N.,,airfield,1,1078,,,58.05,56.2667,"SAC, Atomic Weapons Requirements Study for 1959 (SM 129-56, June 1956), Part II airfield list (NSA EBB 538, doc. 06)",https://nsarchive2.gwu.edu/nukevault/ebb538-Cold-War-Nuclear-Target-List-Declassified-First-Ever/documents/section6.pdf,PDF p.23 (A023-L21),1078 5090 MOLOTOV N. 0156-8016 5803-05616 R,reference number 5090; BE 0156-8016; code R
us_1956_sac_airfields,US (SAC),USSR,1956,study,588,MOLOTOV S.E.,,airfield,1,923,,,57.9667,56.3,"SAC, Atomic Weapons Requirements Study for 1959 (SM 129-56, June 1956), Part II airfield list (NSA EBB 538, doc. 06)",https://nsarchive2.gwu.edu/nukevault/ebb538-Cold-War-Nuclear-Target-List-Declassified-First-Ever/documents/section6.pdf,PDF p.23 (A023-L22),923 5090 MOLOTOV S.E. 0156-8004 5758-05618 S,reference number 5090; BE 0156-8004; code S
us_1956_sac_airfields,US (SAC),USSR,1956,study,589,MONCHEGORSK,,airfield,1,246,,,67.9833,33.0167,"SAC, Atomic Weapons Requirements Study for 1959 (SM 129-56, June 1956), Part II airfield list (NSA EBB 538, doc. 06)",https://nsarchive2.gwu.edu/nukevault/ebb538-Cold-War-Nuclear-Target-List-Declassified-First-Ever/documents/section6.pdf,PDF p.23 (A023-L23),246 5110 MONCHEGORSK 0091-8625 6759-03301 R,reference number 5110; BE 0091-8625; code R
us_1956_sac_airfields,US (SAC),USSR,1956,study,590,MONINO,,airfield,1,209,,,55.8333,38.1667,"SAC, Atomic Weapons Requirements Study for 1959 (SM 129-56, June 1956), Part II airfield list (NSA EBB 538, doc. 06)",https://nsarchive2.gwu.edu/nukevault/ebb538-Cold-War-Nuclear-Target-List-Declassified-First-Ever/documents/section6.pdf,PDF p.23 (A023-L24),209 5570 MONINO 0167-8051 5550-03810 S,reference number 5570; BE 0167-8051; code S
us_1956_sac_airfields,US (SAC),USSR,1956,study,591,MONNUSTE,,airfield,1,236,,,58.3,22.2667,"SAC, Atomic Weapons Requirements Study for 1959 (SM 129-56, June 1956), Part II airfield list (NSA EBB 538, doc. 06)",https://nsarchive2.gwu.edu/nukevault/ebb538-Cold-War-Nuclear-Target-List-Declassified-First-Ever/documents/section6.pdf,PDF p.23 (A023-L25),236 4215 MONNUSTE 0153-8105 5818-02216 S,reference number 4215; BE 0153-8105; code S
us_1956_sac_airfields,US (SAC),USSR,1956,study,592,MORSHANSK,,airfield,1,281,,,53.4333,41.7333,"SAC, Atomic Weapons Requirements Study for 1959 (SM 129-56, June 1956), Part II airfield list (NSA EBB 538, doc. 06)",https://nsarchive2.gwu.edu/nukevault/ebb538-Cold-War-Nuclear-Target-List-Declassified-First-Ever/documents/section6.pdf,PDF p.23 (A023-L26),281 5135 MORSHANSK 0166-8014 5326-04144 R,reference number 5135; BE 0166-8014; code R
us_1956_sac_airfields,US (SAC),USSR,1956,study,593,MOSCOW/BYKOVO,,airfield,1,871,,,55.6167,38.05,"SAC, Atomic Weapons Requirements Study for 1959 (SM 129-56, June 1956), Part II airfield list (NSA EBB 538, doc. 06)",https://nsarchive2.gwu.edu/nukevault/ebb538-Cold-War-Nuclear-Target-List-Declassified-First-Ever/documents/section6.pdf,PDF p.23 (A023-L27),871 5150 MOSCOW/BYKOVO 0167-8039 5537-03803 RA,reference number 5150; BE 0167-8039; code RA
us_1956_sac_airfields,US (SAC),USSR,1956,study,594,MOSCOW/CENTRAL,,airfield,1,718,,,55.7833,37.5333,"SAC, Atomic Weapons Requirements Study for 1959 (SM 129-56, June 1956), Part II airfield list (NSA EBB 538, doc. 06)",https://nsarchive2.gwu.edu/nukevault/ebb538-Cold-War-Nuclear-Target-List-Declassified-First-Ever/documents/section6.pdf,PDF p.23 (A023-L28),718 5150 MOSCOW/CENTRAL 0167-8041 5547-03732 X,reference number 5150; BE 0167-8041; code X
us_1956_sac_airfields,US (SAC),USSR,1956,study,595,MOSCOW/CHERTANOVO,,airfield,1,998,,,55.6333,37.6,"SAC, Atomic Weapons Requirements Study for 1959 (SM 129-56, June 1956), Part II airfield list (NSA EBB 538, doc. 06)",https://nsarchive2.gwu.edu/nukevault/ebb538-Cold-War-Nuclear-Target-List-Declassified-First-Ever/documents/section6.pdf,PDF p.24 (A024-L04),998 5150 MOSCOW/CHERTANOVO 0167-8042 5538-03736 RB,reference number 5150; BE 0167-8042; code RB
us_1956_sac_airfields,US (SAC),USSR,1956,study,596,MOSCOW/FILI,,airfield,1,719,,,55.7667,37.4833,"SAC, Atomic Weapons Requirements Study for 1959 (SM 129-56, June 1956), Part II airfield list (NSA EBB 538, doc. 06)",https://nsarchive2.gwu.edu/nukevault/ebb538-Cold-War-Nuclear-Target-List-Declassified-First-Ever/documents/section6.pdf,PDF p.24 (A024-L05),719 5150 MOSCOW/FILI 0167-8044 5546-03729 Y,reference number 5150; BE 0167-8044; code Y
us_1956_sac_airfields,US (SAC),USSR,1956,study,597,MOSCOW/IZMAYLOVO,,airfield,1,580,,,55.8,37.8,"SAC, Atomic Weapons Requirements Study for 1959 (SM 129-56, June 1956), Part II airfield list (NSA EBB 538, doc. 06)",https://nsarchive2.gwu.edu/nukevault/ebb538-Cold-War-Nuclear-Target-List-Declassified-First-Ever/documents/section6.pdf,PDF p.24 (A024-L06),580 5150 MOSCOW/IZMAYLOVO 0167-8045 5548-03748 U,reference number 5150; BE 0167-8045; code U
us_1956_sac_airfields,US (SAC),USSR,1956,study,598,MOSCOW/KHIMKI N.,,airfield,1,653,,,55.9167,37.4333,"SAC, Atomic Weapons Requirements Study for 1959 (SM 129-56, June 1956), Part II airfield list (NSA EBB 538, doc. 06)",https://nsarchive2.gwu.edu/nukevault/ebb538-Cold-War-Nuclear-Target-List-Declassified-First-Ever/documents/section6.pdf,PDF p.24 (A024-L07),653 5150 MOSCOW/KHIMKI N. 0167-8048 5555-03726 W,reference number 5150; BE 0167-8048; code W
us_1956_sac_airfields,US (SAC),USSR,1956,study,599,MOSCOW/LYUBERTSY,,airfield,1,578,,,55.6833,37.8667,"SAC, Atomic Weapons Requirements Study for 1959 (SM 129-56, June 1956), Part II airfield list (NSA EBB 538, doc. 06)",https://nsarchive2.gwu.edu/nukevault/ebb538-Cold-War-Nuclear-Target-List-Declassified-First-Ever/documents/section6.pdf,PDF p.24 (A024-L08),578 5150 MOSCOW/LYUBERTSY 0167-8050 5541-03752 V,reference number 5150; BE 0167-8050; code V
us_1956_sac_airfields,US (SAC),USSR,1956,study,600,MOSCOW/MYACHKOVO,,airfield,1,999,,,55.5667,37.9833,"SAC, Atomic Weapons Requirements Study for 1959 (SM 129-56, June 1956), Part II airfield list (NSA EBB 538, doc. 06)",https://nsarchive2.gwu.edu/nukevault/ebb538-Cold-War-Nuclear-Target-List-Declassified-First-Ever/documents/section6.pdf,PDF p.24 (A024-L09),999 5150 MOSCOW/MYACHKOVO 0167-8110 5534-03759 RC,reference number 5150; BE 0167-8110; code RC
us_1956_sac_airfields,US (SAC),USSR,1956,study,601,MOSCOW/ORLOVO,,airfield,1,1000,,,55.6333,37.4,"SAC, Atomic Weapons Requirements Study for 1959 (SM 129-56, June 1956), Part II airfield list (NSA EBB 538, doc. 06)",https://nsarchive2.gwu.edu/nukevault/ebb538-Cold-War-Nuclear-Target-List-Declassified-First-Ever/documents/section6.pdf,PDF p.24 (A024-L10),1000 5150 MOSCOW/ORLOVO 0167-8055 5538-03724 RD,reference number 5150; BE 0167-8055; code RD
us_1956_sac_airfields,US (SAC),USSR,1956,study,602,MOSCOW/SALAREVO,,airfield,1,751,,,55.6167,37.45,"SAC, Atomic Weapons Requirements Study for 1959 (SM 129-56, June 1956), Part II airfield list (NSA EBB 538, doc. 06)",https://nsarchive2.gwu.edu/nukevault/ebb538-Cold-War-Nuclear-Target-List-Declassified-First-Ever/documents/section6.pdf,PDF p.24 (A024-L11),751 5150 MOSCOW/SALAREVO 0167-8060 5537-03727 Z,reference number 5150; BE 0167-8060; code Z
us_1956_sac_airfields,US (SAC),USSR,1956,study,603,MOSCOW/SHCHELKOVO,,airfield,1,491,,,55.8833,38.05,"SAC, Atomic Weapons Requirements Study for 1959 (SM 129-56, June 1956), Part II airfield list (NSA EBB 538, doc. 06)",https://nsarchive2.gwu.edu/nukevault/ebb538-Cold-War-Nuclear-Target-List-Declassified-First-Ever/documents/section6.pdf,PDF p.24 (A024-L12),491 5150 MOSCOW/SHCHELKOVO 0167-8062 5553-03803 T,reference number 5150; BE 0167-8062; code T
us_1956_sac_airfields,US (SAC),USSR,1956,study,604,MOSCOW/VNUKOVO,,airfield,1,496,,,55.6,37.2833,"SAC, Atomic Weapons Requirements Study for 1959 (SM 129-56, June 1956), Part II airfield list (NSA EBB 538, doc. 06)",https://nsarchive2.gwu.edu/nukevault/ebb538-Cold-War-Nuclear-Target-List-Declassified-First-Ever/documents/section6.pdf,PDF p.24 (A024-L13),496 5150 MOSCOW/VNUKOVO 0167-8067 5536-03717 R,reference number 5150; BE 0167-8067; code R
us_1956_sac_airfields,US (SAC),USSR,1956,study,605,MOZDOK E.,,airfield,1,24,,,43.7167,44.9,"SAC, Atomic Weapons Requirements Study for 1959 (SM 129-56, June 1956), Part II airfield list (NSA EBB 538, doc. 06)",https://nsarchive2.gwu.edu/nukevault/ebb538-Cold-War-Nuclear-Target-List-Declassified-First-Ever/documents/section6.pdf,PDF p.24 (A024-L14),24 5167 MOZDOK E. 0325- 4343-04454 R,reference number 5167; BE 0325-; code R
us_1956_sac_airfields,US (SAC),USSR,1956,study,606,MOZYR,,airfield,1,924,,,51.9833,29.15,"SAC, Atomic Weapons Requirements Study for 1959 (SM 129-56, June 1956), Part II airfield list (NSA EBB 538, doc. 06)",https://nsarchive2.gwu.edu/nukevault/ebb538-Cold-War-Nuclear-Target-List-Declassified-First-Ever/documents/section6.pdf,PDF p.24 (A024-L15),924 5171 MOZYR 0233-8052 5159-02909 R,reference number 5171; BE 0233-8052; code R
us_1956_sac_airfields,US (SAC),USSR,1956,study,607,MUKACHEVO,,airfield,1,215,,,48.4,22.6833,"SAC, Atomic Weapons Requirements Study for 1959 (SM 129-56, June 1956), Part II airfield list (NSA EBB 538, doc. 06)",https://nsarchive2.gwu.edu/nukevault/ebb538-Cold-War-Nuclear-Target-List-Declassified-First-Ever/documents/section6.pdf,PDF p.24 (A024-L16),215 5230 MUKACHEVO 0232-8611 4824-02241 R,reference number 5230; BE 0232-8611; code R
us_1956_sac_airfields,US (SAC),PRC,1956,study,608,MUKDEN N. MANCH,,airfield,1,458,,,41.8667,123.4333,"SAC, Atomic Weapons Requirements Study for 1959 (SM 129-56, June 1956), Part II airfield list (NSA EBB 538, doc. 06)",https://nsarchive2.gwu.edu/nukevault/ebb538-Cold-War-Nuclear-Target-List-Declassified-First-Ever/documents/section6.pdf,PDF p.24 (A024-L17),458 5235 MUKDEN N. MANCH 0290-8016 4152-12326 S,Manchuria; reference number 5235; BE 0290-8016; code S
us_1956_sac_airfields,US (SAC),PRC,1956,study,609,MUKDEN S.E. MANCH,,airfield,1,248,,,41.7833,123.5,"SAC, Atomic Weapons Requirements Study for 1959 (SM 129-56, June 1956), Part II airfield list (NSA EBB 538, doc. 06)",https://nsarchive2.gwu.edu/nukevault/ebb538-Cold-War-Nuclear-Target-List-Declassified-First-Ever/documents/section6.pdf,PDF p.24 (A024-L18),248 5235 MUKDEN S.E. MANCH 0290-8014 4147-12330 U,Manchuria; reference number 5235; BE 0290-8014; code U
us_1956_sac_airfields,US (SAC),PRC,1956,study,610,MUKDEN S.W. MANCH,,airfield,1,847,,,41.7667,123.3667,"SAC, Atomic Weapons Requirements Study for 1959 (SM 129-56, June 1956), Part II airfield list (NSA EBB 538, doc. 06)",https://nsarchive2.gwu.edu/nukevault/ebb538-Cold-War-Nuclear-Target-List-Declassified-First-Ever/documents/section6.pdf,PDF p.24 (A024-L19),847 5235 MUKDEN S.W. MANCH 0290-8012 4146-12322 R,Manchuria; reference number 5235; BE 0290-8012; code R
us_1956_sac_airfields,US (SAC),PRC,1956,study,611,MUKDEN W. MANCH,,airfield,1,565,,,41.8167,123.3,"SAC, Atomic Weapons Requirements Study for 1959 (SM 129-56, June 1956), Part II airfield list (NSA EBB 538, doc. 06)",https://nsarchive2.gwu.edu/nukevault/ebb538-Cold-War-Nuclear-Target-List-Declassified-First-Ever/documents/section6.pdf,PDF p.24 (A024-L20),565 5235 MUKDEN W. MANCH 0290-8015 4149-12318 T,Manchuria; reference number 5235; BE 0290-8015; code T
us_1956_sac_airfields,US (SAC),USSR,1956,study,612,MUKSALMA,,airfield,1,1082,,,65.0333,35.9167,"SAC, Atomic Weapons Requirements Study for 1959 (SM 129-56, June 1956), Part II airfield list (NSA EBB 538, doc. 06)",https://nsarchive2.gwu.edu/nukevault/ebb538-Cold-War-Nuclear-Target-List-Declassified-First-Ever/documents/section6.pdf,PDF p.24 (A024-L21),1082 52355 MUKSALMA 0091-8637 6502-03555 R,reference number 52355; BE 0091-8637; code R
us_1956_sac_airfields,US (SAC),USSR,1956,study,613,MURMANSK,,airfield,1,604,,,69.0,33.1167,"SAC, Atomic Weapons Requirements Study for 1959 (SM 129-56, June 1956), Part II airfield list (NSA EBB 538, doc. 06)",https://nsarchive2.gwu.edu/nukevault/ebb538-Cold-War-Nuclear-Target-List-Declassified-First-Ever/documents/section6.pdf,PDF p.24 (A024-L22),604 5240 MURMANSK 0051-8601 6900-03307 R,reference number 5240; BE 0051-8601; code R
us_1956_sac_airfields,US (SAC),USSR,1956,study,614,MURMANSK N.E.,,airfield,1,60,,,69.0167,33.3,"SAC, Atomic Weapons Requirements Study for 1959 (SM 129-56, June 1956), Part II airfield list (NSA EBB 538, doc. 06)",https://nsarchive2.gwu.edu/nukevault/ebb538-Cold-War-Nuclear-Target-List-Declassified-First-Ever/documents/section6.pdf,PDF p.24 (A024-L23),60 5240 MURMANSK N.E. 0051-8628 6901-03318 U,reference number 5240; BE 0051-8628; code U
us_1956_sac_airfields,US (SAC),USSR,1956,study,615,MURMANSK/VAYENGA,,airfield,1,29,,,69.0333,33.4167,"SAC, Atomic Weapons Requirements Study for 1959 (SM 129-56, June 1956), Part II airfield list (NSA EBB 538, doc. 06)",https://nsarchive2.gwu.edu/nukevault/ebb538-Cold-War-Nuclear-Target-List-Declassified-First-Ever/documents/section6.pdf,PDF p.24 (A024-L24),29 5240 MURMANSK/VAYENGA 0051-8627 6902-03325 T,reference number 5240; BE 0051-8627; code T
us_1956_sac_airfields,US (SAC),USSR,1956,study,616,MURMASHI,,airfield,1,51,,,68.8167,32.8,"SAC, Atomic Weapons Requirements Study for 1959 (SM 129-56, June 1956), Part II airfield list (NSA EBB 538, doc. 06)",https://nsarchive2.gwu.edu/nukevault/ebb538-Cold-War-Nuclear-Target-List-Declassified-First-Ever/documents/section6.pdf,PDF p.24 (A024-L25),51 5240 MURMASHI 0051-8609 6849-03248 S,reference number 5240; BE 0051-8609; code S
us_1956_sac_airfields,US (SAC),USSR,1956,study,617,MUROM,,airfield,1,799,,,55.45,42.3167,"SAC, Atomic Weapons Requirements Study for 1959 (SM 129-56, June 1956), Part II airfield list (NSA EBB 538, doc. 06)",https://nsarchive2.gwu.edu/nukevault/ebb538-Cold-War-Nuclear-Target-List-Declassified-First-Ever/documents/section6.pdf,PDF p.24 (A024-L26),799 5250 MUROM 0166-8015 5527-04219 R,reference number 5250; BE 0166-8015; code R
us_1956_sac_airfields,US (SAC),USSR,1956,study,618,MYS CHELYUSKIN,,airfield,1,610,,,77.7167,104.2667,"SAC, Atomic Weapons Requirements Study for 1959 (SM 129-56, June 1956), Part II airfield list (NSA EBB 538, doc. 06)",https://nsarchive2.gwu.edu/nukevault/ebb538-Cold-War-Nuclear-Target-List-Declassified-First-Ever/documents/section6.pdf,PDF p.24 (A024-L27),610 5258 MYS CHELYUSKIN 0013-8001 7743-10416 R,reference number 5258; BE 0013-8001; code R
us_1956_sac_airfields,US (SAC),USSR,1956,study,619,MYS SHMIDTA,,airfield,1,26,,,68.8833,-179.4,"SAC, Atomic Weapons Requirements Study for 1959 (SM 129-56, June 1956), Part II airfield list (NSA EBB 538, doc. 06)",https://nsarchive2.gwu.edu/nukevault/ebb538-Cold-War-Nuclear-Target-List-Declassified-First-Ever/documents/section6.pdf,PDF p.24 (A024-L28),26 5261 MYS SHMIDTA 0065-8004 6853-17924W R,reference number 5261; BE 0065-8004; code R
us_1956_sac_airfields,US (SAC),USSR,1956,study,620,MYS ZHELANIYA,,airfield,1,612,,,76.9333,68.5167,"SAC, Atomic Weapons Requirements Study for 1959 (SM 129-56, June 1956), Part II airfield list (NSA EBB 538, doc. 06)",https://nsarchive2.gwu.edu/nukevault/ebb538-Cold-War-Nuclear-Target-List-Declassified-First-Ever/documents/section6.pdf,PDF p.24 (A024-L29),612 5270 MYS ZHELANIYA 0014-8000 7656-06831 R,reference number 5270; BE 0014-8000; code R
us_1956_sac_airfields,US (SAC),USSR,1956,study,621,NAGURSKAYA,,airfield,1,576A,,,80.7833,47.55,"SAC, Atomic Weapons Requirements Study for 1959 (SM 129-56, June 1956), Part II airfield list (NSA EBB 538, doc. 06)",https://nsarchive2.gwu.edu/nukevault/ebb538-Cold-War-Nuclear-Target-List-Declassified-First-Ever/documents/section6.pdf,PDF p.24 (A024-L30),576A 5334 NAGURSKAYA 0011-8002 8047-04733 R,reference number 5334; BE 0011-8002; code R
us_1956_sac_airfields,US (SAC),USSR,1956,study,622,NAIRO,,airfield,1,220,,,49.1,142.9667,"SAC, Atomic Weapons Requirements Study for 1959 (SM 129-56, June 1956), Part II airfield list (NSA EBB 538, doc. 06)",https://nsarchive2.gwu.edu/nukevault/ebb538-Cold-War-Nuclear-Target-List-Declassified-First-Ever/documents/section6.pdf,PDF p.25 (A025-L02),220 7520 NAIRO 0205-8009 4906-14258 T,reference number 7520; BE 0205-8009; code T
us_1956_sac_airfields,US (SAC),USSR,1956,study,623,NAKICHEVAN,,airfield,1,323,,,39.1833,45.4667,"SAC, Atomic Weapons Requirements Study for 1959 (SM 129-56, June 1956), Part II airfield list (NSA EBB 538, doc. 06)",https://nsarchive2.gwu.edu/nukevault/ebb538-Cold-War-Nuclear-Target-List-Declassified-First-Ever/documents/section6.pdf,PDF p.25 (A025-L03),323 5361 NAKICHEVAN 0340-8602 3911-04528 R,reference number 5361; BE 0340-8602; code R
us_1956_sac_airfields,US (SAC),USSR,1956,study,624,NAMANGAN,,airfield,1,1001,,,41.0,71.6667,"SAC, Atomic Weapons Requirements Study for 1959 (SM 129-56, June 1956), Part II airfield list (NSA EBB 538, doc. 06)",https://nsarchive2.gwu.edu/nukevault/ebb538-Cold-War-Nuclear-Target-List-Declassified-First-Ever/documents/section6.pdf,PDF p.25 (A025-L04),1001 5362 NAMANGAN 0328-8618 4100-07140 R,reference number 5362; BE 0328-8618; code R
us_1956_sac_airfields,US (SAC),North Korea,1956,study,625,"NAMSI, N KOREA",,airfield,1,375,,,39.9333,125.2,"SAC, Atomic Weapons Requirements Study for 1959 (SM 129-56, June 1956), Part II airfield list (NSA EBB 538, doc. 06)",https://nsarchive2.gwu.edu/nukevault/ebb538-Cold-War-Nuclear-Target-List-Declassified-First-Ever/documents/section6.pdf,PDF p.25 (A025-L05),"375 81545 NAMSI, N KOREA 0380-8015 3956-12512 S",reference number 81545; BE 0380-8015; code S
us_1956_sac_airfields,US (SAC),PRC,1956,study,626,"NAN CHANG NEW, CHINA",,airfield,1,557,,,28.6333,115.9167,"SAC, Atomic Weapons Requirements Study for 1959 (SM 129-56, June 1956), Part II airfield list (NSA EBB 538, doc. 06)",https://nsarchive2.gwu.edu/nukevault/ebb538-Cold-War-Nuclear-Target-List-Declassified-First-Ever/documents/section6.pdf,PDF p.25 (A025-L06),"557 5364 NAN CHANG NEW, CHINA 0493-8409 2838-11555 R",reference number 5364; BE 0493-8409; code R
us_1956_sac_airfields,US (SAC),PRC,1956,study,627,"NAN CHENG, CHINA",,airfield,1,722A,,,33.0833,107.05,"SAC, Atomic Weapons Requirements Study for 1959 (SM 129-56, June 1956), Part II airfield list (NSA EBB 538, doc. 06)",https://nsarchive2.gwu.edu/nukevault/ebb538-Cold-War-Nuclear-Target-List-Declassified-First-Ever/documents/section6.pdf,PDF p.25 (A025-L07),"722A 53645 NAN CHENG, CHINA 0384-8408 3305-10703 R",reference number 53645; BE 0384-8408; code R
us_1956_sac_airfields,US (SAC),PRC,1956,study,628,"NAN HAI, CHINA",,airfield,1,216,,,23.0833,113.05,"SAC, Atomic Weapons Requirements Study for 1959 (SM 129-56, June 1956), Part II airfield list (NSA EBB 538, doc. 06)",https://nsarchive2.gwu.edu/nukevault/ebb538-Cold-War-Nuclear-Target-List-Declassified-First-Ever/documents/section6.pdf,PDF p.25 (A025-L08),"216 1153 NAN HAI, CHINA 0614-8420 2305-11303 R",reference number 1153; BE 0614-8420; code R
us_1956_sac_airfields,US (SAC),PRC,1956,study,629,"NAN TAI, CHINA",,airfield,1,540,,,26.0,119.3167,"SAC, Atomic Weapons Requirements Study for 1959 (SM 129-56, June 1956), Part II airfield list (NSA EBB 538, doc. 06)",https://nsarchive2.gwu.edu/nukevault/ebb538-Cold-War-Nuclear-Target-List-Declassified-First-Ever/documents/section6.pdf,PDF p.25 (A025-L09),"540 2131 NAN TAI, CHINA 0499-8401 2600-11919 R",reference number 2131; BE 0499-8401; code R
us_1956_sac_airfields,US (SAC),PRC,1956,study,630,"NAN YUAN, CHINA",,airfield,1,154,,,39.7833,116.3667,"SAC, Atomic Weapons Requirements Study for 1959 (SM 129-56, June 1956), Part II airfield list (NSA EBB 538, doc. 06)",https://nsarchive2.gwu.edu/nukevault/ebb538-Cold-War-Nuclear-Target-List-Declassified-First-Ever/documents/section6.pdf,PDF p.25 (A025-L10),"154 6125 NAN YUAN, CHINA 0381-8010 3947-11622 S",reference number 6125; BE 0381-8010; code S
us_1956_sac_airfields,US (SAC),USSR,1956,study,631,NARYAN MAR,,airfield,1,416,,,67.6167,53.05,"SAC, Atomic Weapons Requirements Study for 1959 (SM 129-56, June 1956), Part II airfield list (NSA EBB 538, doc. 06)",https://nsarchive2.gwu.edu/nukevault/ebb538-Cold-War-Nuclear-Target-List-Declassified-First-Ever/documents/section6.pdf,PDF p.25 (A025-L11),416 5370 NARYAN MAR 0093-8005 6737-05303 R,reference number 5370; BE 0093-8005; code R
us_1956_sac_airfields,US (SAC),USSR,1956,study,632,NASOSNYY,,airfield,1,105,,,40.6,49.55,"SAC, Atomic Weapons Requirements Study for 1959 (SM 129-56, June 1956), Part II airfield list (NSA EBB 538, doc. 06)",https://nsarchive2.gwu.edu/nukevault/ebb538-Cold-War-Nuclear-Target-List-Declassified-First-Ever/documents/section6.pdf,PDF p.25 (A025-L12),105 0460 NASOSNYY 0325-8690 4036-04933 U,reference number 0460; BE 0325-8690; code U
us_1956_sac_airfields,US (SAC),USSR,1956,study,633,NAUTSI,,airfield,1,591,,,69.0667,29.1667,"SAC, Atomic Weapons Requirements Study for 1959 (SM 129-56, June 1956), Part II airfield list (NSA EBB 538, doc. 06)",https://nsarchive2.gwu.edu/nukevault/ebb538-Cold-War-Nuclear-Target-List-Declassified-First-Ever/documents/section6.pdf,PDF p.25 (A025-L13),591 9620 NAUTSI 0051-8612 6904-02910 R,reference number 9620; BE 0051-8612; code R
us_1956_sac_airfields,US (SAC),USSR,1956,study,634,NEBIT DAG,,airfield,1,361,,,39.5,54.3667,"SAC, Atomic Weapons Requirements Study for 1959 (SM 129-56, June 1956), Part II airfield list (NSA EBB 538, doc. 06)",https://nsarchive2.gwu.edu/nukevault/ebb538-Cold-War-Nuclear-Target-List-Declassified-First-Ever/documents/section6.pdf,PDF p.25 (A025-L14),361 5380 NEBIT DAG 0338-8609 3930-05422 R,reference number 5380; BE 0338-8609; code R
us_1956_sac_airfields,US (SAC),USSR,1956,study,635,NEFTECHALA,,airfield,1,1079,,,39.3,49.2,"SAC, Atomic Weapons Requirements Study for 1959 (SM 129-56, June 1956), Part II airfield list (NSA EBB 538, doc. 06)",https://nsarchive2.gwu.edu/nukevault/ebb538-Cold-War-Nuclear-Target-List-Declassified-First-Ever/documents/section6.pdf,PDF p.25 (A025-L15),1079 7193 NEFTECHALA 0339-8610 3918-04912 S,reference number 7193; BE 0339-8610; code S
us_1956_sac_airfields,US (SAC),PRC,1956,study,636,NEN CHIANG N. MANCH,,airfield,1,680,,,49.2167,125.2667,"SAC, Atomic Weapons Requirements Study for 1959 (SM 129-56, June 1956), Part II airfield list (NSA EBB 538, doc. 06)",https://nsarchive2.gwu.edu/nukevault/ebb538-Cold-War-Nuclear-Target-List-Declassified-First-Ever/documents/section6.pdf,PDF p.25 (A025-L16),680 5393 NEN CHIANG N. MANCH 0203-8010 4913-12516 R,Manchuria; reference number 5393; BE 0203-8010; code R
us_1956_sac_airfields,US (SAC),USSR,1956,study,637,NERCHINSK,,airfield,1,925,,,52.0,116.5333,"SAC, Atomic Weapons Requirements Study for 1959 (SM 129-56, June 1956), Part II airfield list (NSA EBB 538, doc. 06)",https://nsarchive2.gwu.edu/nukevault/ebb538-Cold-War-Nuclear-Target-List-Declassified-First-Ever/documents/section6.pdf,PDF p.25 (A025-L17),925 5397 NERCHINSK 0202-8612 5200-11632 R,reference number 5397; BE 0202-8612; code R
us_1956_sac_airfields,US (SAC),GDR,1956,study,638,"NEUBRANDENBURG, E GER",,airfield,1,533,,,53.6,13.3167,"SAC, Atomic Weapons Requirements Study for 1959 (SM 129-56, June 1956), Part II airfield list (NSA EBB 538, doc. 06)",https://nsarchive2.gwu.edu/nukevault/ebb538-Cold-War-Nuclear-Target-List-Declassified-First-Ever/documents/section6.pdf,PDF p.25 (A025-L18),"533 5407 NEUBRANDENBURG, E GER 0169-8223 5336-01319 R",reference number 5407; BE 0169-8223; code R
us_1956_sac_airfields,US (SAC),GDR,1956,study,639,"NEURUPPIN, E GER",,airfield,1,306,,,52.95,12.8,"SAC, Atomic Weapons Requirements Study for 1959 (SM 129-56, June 1956), Part II airfield list (NSA EBB 538, doc. 06)",https://nsarchive2.gwu.edu/nukevault/ebb538-Cold-War-Nuclear-Target-List-Declassified-First-Ever/documents/section6.pdf,PDF p.25 (A025-L19),"306 5431 NEURUPPIN, E GER 0169-8294 5257-01248 R",reference number 5431; BE 0169-8294; code R
us_1956_sac_airfields,US (SAC),USSR,1956,study,640,NEZHIN,,airfield,1,170,,,51.0833,31.8667,"SAC, Atomic Weapons Requirements Study for 1959 (SM 129-56, June 1956), Part II airfield list (NSA EBB 538, doc. 06)",https://nsarchive2.gwu.edu/nukevault/ebb538-Cold-War-Nuclear-Target-List-Declassified-First-Ever/documents/section6.pdf,PDF p.25 (A025-L20),170 5452 NEZHIN 0233-8053 5105-03152 R,reference number 5452; BE 0233-8053; code R
us_1956_sac_airfields,US (SAC),USSR,1956,study,641,NIKIFOROVKA,,airfield,1,405,,,52.8833,40.8167,"SAC, Atomic Weapons Requirements Study for 1959 (SM 129-56, June 1956), Part II airfield list (NSA EBB 538, doc. 06)",https://nsarchive2.gwu.edu/nukevault/ebb538-Cold-War-Nuclear-Target-List-Declassified-First-Ever/documents/section6.pdf,PDF p.25 (A025-L21),405 5000 NIKIFOROVKA 0166-8012 5253-04049 S,reference number 5000; BE 0166-8012; code S
us_1956_sac_airfields,US (SAC),USSR,1956,study,642,NIKOLAYEVKA,,airfield,1,83,,,43.0833,133.2,"SAC, Atomic Weapons Requirements Study for 1959 (SM 129-56, June 1956), Part II airfield list (NSA EBB 538, doc. 06)",https://nsarchive2.gwu.edu/nukevault/ebb538-Cold-War-Nuclear-Target-List-Declassified-First-Ever/documents/section6.pdf,PDF p.25 (A025-L22),83 7942 NIKOLAYEVKA 0291-8014 4305-13312 U,reference number 7942; BE 0291-8014; code U
us_1956_sac_airfields,US (SAC),USSR,1956,study,643,NIKOLAYEV/KULBAKINO,,airfield,1,780,,,46.9333,32.0667,"SAC, Atomic Weapons Requirements Study for 1959 (SM 129-56, June 1956), Part II airfield list (NSA EBB 538, doc. 06)",https://nsarchive2.gwu.edu/nukevault/ebb538-Cold-War-Nuclear-Target-List-Declassified-First-Ever/documents/section6.pdf,PDF p.25 (A025-L23),780 5490 NIKOLAYEV/KULBAKINO 0250-8679 4656-03204 R,reference number 5490; BE 0250-8679; code R
us_1956_sac_airfields,US (SAC),USSR,1956,study,644,NIKOLAYEVSK,,airfield,1,697,,,53.15,140.6667,"SAC, Atomic Weapons Requirements Study for 1959 (SM 129-56, June 1956), Part II airfield list (NSA EBB 538, doc. 06)",https://nsarchive2.gwu.edu/nukevault/ebb538-Cold-War-Nuclear-Target-List-Declassified-First-Ever/documents/section6.pdf,PDF p.25 (A025-L24),697 5500 NIKOLAYEVSK 0196-8003 5309-14040 R,reference number 5500; BE 0196-8003; code R
us_1956_sac_airfields,US (SAC),USSR,1956,study,645,NIKOLAYEVSKOYE,,airfield,1,160,,,52.3333,117.0167,"SAC, Atomic Weapons Requirements Study for 1959 (SM 129-56, June 1956), Part II airfield list (NSA EBB 538, doc. 06)",https://nsarchive2.gwu.edu/nukevault/ebb538-Cold-War-Nuclear-Target-List-Declassified-First-Ever/documents/section6.pdf,PDF p.25 (A025-L25),160 1303 NIKOLAYEVSKOYE 0199-8010 5220-11701 R,reference number 1303; BE 0199-8010; code R
us_1956_sac_airfields,US (SAC),USSR,1956,study,646,NIVSKIY,,airfield,1,620,,,67.4333,32.8167,"SAC, Atomic Weapons Requirements Study for 1959 (SM 129-56, June 1956), Part II airfield list (NSA EBB 538, doc. 06)",https://nsarchive2.gwu.edu/nukevault/ebb538-Cold-War-Nuclear-Target-List-Declassified-First-Ever/documents/section6.pdf,PDF p.25 (A025-L26),620 0034 NIVSKIY 0091-8622 6726-03249 S,reference number 0034; BE 0091-8622; code S
us_1956_sac_airfields,US (SAC),USSR,1956,study,647,NIZHNIYE KRESTY,,airfield,1,30,,,68.75,161.35,"SAC, Atomic Weapons Requirements Study for 1959 (SM 129-56, June 1956), Part II airfield list (NSA EBB 538, doc. 06)",https://nsarchive2.gwu.edu/nukevault/ebb538-Cold-War-Nuclear-Target-List-Declassified-First-Ever/documents/section6.pdf,PDF p.25 (A025-L27),30 5508 NIZHNIYE KRESTY 0066-8003 6845-16121 R,reference number 5508; BE 0066-8003; code R
us_1956_sac_airfields,US (SAC),USSR,1956,study,648,NIZHNIY TAGIL,,airfield,1,926,,,57.9,60.1,"SAC, Atomic Weapons Requirements Study for 1959 (SM 129-56, June 1956), Part II airfield list (NSA EBB 538, doc. 06)",https://nsarchive2.gwu.edu/nukevault/ebb538-Cold-War-Nuclear-Target-List-Declassified-First-Ever/documents/section6.pdf,PDF p.25 (A025-L28),926 5510 NIZHNIY TAGIL 0156-8007 5754-06006 R,reference number 5510; BE 0156-8007; code R
us_1956_sac_airfields,US (SAC),USSR,1956,study,649,NOGINSK,,airfield,1,710,,,55.9167,38.4833,"SAC, Atomic Weapons Requirements Study for 1959 (SM 129-56, June 1956), Part II airfield list (NSA EBB 538, doc. 06)",https://nsarchive2.gwu.edu/nukevault/ebb538-Cold-War-Nuclear-Target-List-Declassified-First-Ever/documents/section6.pdf,PDF p.26 (A026-L02),710 5570 NOGINSK 0167-8071 5555-03829 R,reference number 5570; BE 0167-8071; code R
us_1956_sac_airfields,US (SAC),USSR,1956,study,650,NOVAYA LADOGA,,airfield,1,798,,,60.0833,32.3333,"SAC, Atomic Weapons Requirements Study for 1959 (SM 129-56, June 1956), Part II airfield list (NSA EBB 538, doc. 06)",https://nsarchive2.gwu.edu/nukevault/ebb538-Cold-War-Nuclear-Target-List-Declassified-First-Ever/documents/section6.pdf,PDF p.26 (A026-L03),798 9160 NOVAYA LADOGA 0102-8011 6005-03220 R,reference number 9160; BE 0102-8011; code R
us_1956_sac_airfields,US (SAC),USSR,1956,study,651,NOVGOROD,,airfield,1,1002,,,58.55,31.3333,"SAC, Atomic Weapons Requirements Study for 1959 (SM 129-56, June 1956), Part II airfield list (NSA EBB 538, doc. 06)",https://nsarchive2.gwu.edu/nukevault/ebb538-Cold-War-Nuclear-Target-List-Declassified-First-Ever/documents/section6.pdf,PDF p.26 (A026-L04),1002 5610 NOVGOROD 0153-8071 5833-03120 S,reference number 5610; BE 0153-8071; code S
us_1956_sac_airfields,US (SAC),USSR,1956,study,652,NOVOCHERKASSK,,airfield,1,143,,,47.45,40.1333,"SAC, Atomic Weapons Requirements Study for 1959 (SM 129-56, June 1956), Part II airfield list (NSA EBB 538, doc. 06)",https://nsarchive2.gwu.edu/nukevault/ebb538-Cold-War-Nuclear-Target-List-Declassified-First-Ever/documents/section6.pdf,PDF p.26 (A026-L05),143 6910 NOVOCHERKASSK 0249-8047 4727-04008 V,reference number 6910; BE 0249-8047; code V
us_1956_sac_airfields,US (SAC),USSR,1956,study,653,NOVOCHERKASSKOYE,,airfield,1,647A,,,51.4333,69.9167,"SAC, Atomic Weapons Requirements Study for 1959 (SM 129-56, June 1956), Part II airfield list (NSA EBB 538, doc. 06)",https://nsarchive2.gwu.edu/nukevault/ebb538-Cold-War-Nuclear-Target-List-Declassified-First-Ever/documents/section6.pdf,PDF p.26 (A026-L06),647A 56202 NOVOCHERKASSKOYE 0237-8002 5126-06955 R,reference number 56202; BE 0237-8002; code R
us_1956_sac_airfields,US (SAC),USSR,1956,study,654,NOVONEZHINO,,airfield,1,233,,,43.2167,132.5833,"SAC, Atomic Weapons Requirements Study for 1959 (SM 129-56, June 1956), Part II airfield list (NSA EBB 538, doc. 06)",https://nsarchive2.gwu.edu/nukevault/ebb538-Cold-War-Nuclear-Target-List-Declassified-First-Ever/documents/section6.pdf,PDF p.26 (A026-L07),233 0290 NOVONEZHINO 0291-8008 4313-13235 T,reference number 0290; BE 0291-8008; code T
us_1956_sac_airfields,US (SAC),USSR,1956,study,655,NOVONIKOLSKOYE,,airfield,1,654,,,43.8667,131.8667,"SAC, Atomic Weapons Requirements Study for 1959 (SM 129-56, June 1956), Part II airfield list (NSA EBB 538, doc. 06)",https://nsarchive2.gwu.edu/nukevault/ebb538-Cold-War-Nuclear-Target-List-Declassified-First-Ever/documents/section6.pdf,PDF p.26 (A026-L08),654 9220 NOVONIKOLSKOYE 0291-8664 4352-13152 R,reference number 9220; BE 0291-8664; code R
us_1956_sac_airfields,US (SAC),USSR,1956,study,656,NOVOROSSIYSKOYE,,airfield,1,72,,,43.35,132.5833,"SAC, Atomic Weapons Requirements Study for 1959 (SM 129-56, June 1956), Part II airfield list (NSA EBB 538, doc. 06)",https://nsarchive2.gwu.edu/nukevault/ebb538-Cold-War-Nuclear-Target-List-Declassified-First-Ever/documents/section6.pdf,PDF p.26 (A026-L09),72 0290 NOVOROSSIYSKOYE 0291-8007 4321-13235 S,reference number 0290; BE 0291-8007; code S
us_1956_sac_airfields,US (SAC),USSR,1956,study,657,NOVOSIBIRSK N.,,airfield,1,698,,,55.0833,82.9,"SAC, Atomic Weapons Requirements Study for 1959 (SM 129-56, June 1956), Part II airfield list (NSA EBB 538, doc. 06)",https://nsarchive2.gwu.edu/nukevault/ebb538-Cold-War-Nuclear-Target-List-Declassified-First-Ever/documents/section6.pdf,PDF p.26 (A026-L10),698 5640 NOVOSIBIRSK N. 0162-8004 5505-08254 R,reference number 5640; BE 0162-8004; code R
us_1956_sac_airfields,US (SAC),USSR,1956,study,658,NOVOSIBIRSK N.E.,,airfield,1,681,,,55.0833,82.9833,"SAC, Atomic Weapons Requirements Study for 1959 (SM 129-56, June 1956), Part II airfield list (NSA EBB 538, doc. 06)",https://nsarchive2.gwu.edu/nukevault/ebb538-Cold-War-Nuclear-Target-List-Declassified-First-Ever/documents/section6.pdf,PDF p.26 (A026-L11),681 5640 NOVOSIBIRSK N.E. 0162-8005 5505-08259 S,reference number 5640; BE 0162-8005; code S
us_1956_sac_airfields,US (SAC),USSR,1956,study,659,NOVOSIBIRSK W.,,airfield,1,743,,,55.0,82.6833,"SAC, Atomic Weapons Requirements Study for 1959 (SM 129-56, June 1956), Part II airfield list (NSA EBB 538, doc. 06)",https://nsarchive2.gwu.edu/nukevault/ebb538-Cold-War-Nuclear-Target-List-Declassified-First-Ever/documents/section6.pdf,PDF p.26 (A026-L12),743 5640 NOVOSIBIRSK W. 0162-8006 5500-08241 T,reference number 5640; BE 0162-8006; code T
us_1956_sac_airfields,US (SAC),USSR,1956,study,660,NOVOSUKHOTINO,,airfield,1,1081,,,53.85,69.8833,"SAC, Atomic Weapons Requirements Study for 1959 (SM 129-56, June 1956), Part II airfield list (NSA EBB 538, doc. 06)",https://nsarchive2.gwu.edu/nukevault/ebb538-Cold-War-Nuclear-Target-List-Declassified-First-Ever/documents/section6.pdf,PDF p.26 (A026-L13),1081 56404 NOVOSUKHOTINO 0163-8055 5351-06953 R,reference number 56404; BE 0163-8055; code R
us_1956_sac_airfields,US (SAC),USSR,1956,study,661,NOVO SYSOYEVKA,,airfield,1,781,,,44.2167,133.3667,"SAC, Atomic Weapons Requirements Study for 1959 (SM 129-56, June 1956), Part II airfield list (NSA EBB 538, doc. 06)",https://nsarchive2.gwu.edu/nukevault/ebb538-Cold-War-Nuclear-Target-List-Declassified-First-Ever/documents/section6.pdf,PDF p.26 (A026-L14),781 7390 NOVO SYSOYEVKA 0282-8033 4413-13322 S,reference number 7390; BE 0282-8033; code S
us_1956_sac_airfields,US (SAC),USSR,1956,study,662,NOVOZYBKHOV,,airfield,1,927,,,52.5167,32.0,"SAC, Atomic Weapons Requirements Study for 1959 (SM 129-56, June 1956), Part II airfield list (NSA EBB 538, doc. 06)",https://nsarchive2.gwu.edu/nukevault/ebb538-Cold-War-Nuclear-Target-List-Declassified-First-Ever/documents/section6.pdf,PDF p.26 (A026-L15),927 56409 NOVOZYBKHOV 0167-8106 5231-03200 R,reference number 56409; BE 0167-8106; code R
us_1956_sac_airfields,US (SAC),USSR,1956,study,663,NOVYY PORT,,airfield,1,614,,,67.6833,72.9,"SAC, Atomic Weapons Requirements Study for 1959 (SM 129-56, June 1956), Part II airfield list (NSA EBB 538, doc. 06)",https://nsarchive2.gwu.edu/nukevault/ebb538-Cold-War-Nuclear-Target-List-Declassified-First-Ever/documents/section6.pdf,PDF p.26 (A026-L16),614 56424 NOVYY PORT 0094-8001 6741-07254 R,reference number 56424; BE 0094-8001; code R
us_1956_sac_airfields,US (SAC),Poland,1956,study,664,"NOWE MIASTO, POL",,airfield,1,437,,,51.6333,20.55,"SAC, Atomic Weapons Requirements Study for 1959 (SM 129-56, June 1956), Part II airfield list (NSA EBB 538, doc. 06)",https://nsarchive2.gwu.edu/nukevault/ebb538-Cold-War-Nuclear-Target-List-Declassified-First-Ever/documents/section6.pdf,PDF p.26 (A026-L17),"437 56425 NOWE MIASTO, POL 0232-8628 5138-02033 R",reference number 56425; BE 0232-8628; code R
us_1956_sac_airfields,US (SAC),USSR,1956,study,665,NUKUS,,airfield,1,1003,,,42.4833,59.6333,"SAC, Atomic Weapons Requirements Study for 1959 (SM 129-56, June 1956), Part II airfield list (NSA EBB 538, doc. 06)",https://nsarchive2.gwu.edu/nukevault/ebb538-Cold-War-Nuclear-Target-List-Declassified-First-Ever/documents/section6.pdf,PDF p.26 (A026-L18),1003 5646 NUKUS 0327-8008 4229-05938 R,reference number 5646; BE 0327-8008; code R
us_1956_sac_airfields,US (SAC),USSR,1956,study,666,OBOR,,airfield,1,928,,,48.1333,135.7,"SAC, Atomic Weapons Requirements Study for 1959 (SM 129-56, June 1956), Part II airfield list (NSA EBB 538, doc. 06)",https://nsarchive2.gwu.edu/nukevault/ebb538-Cold-War-Nuclear-Target-List-Declassified-First-Ever/documents/section6.pdf,PDF p.26 (A026-L19),928 5695 OBOR 0204-8640 4808-13542 R,reference number 5695; BE 0204-8640; code R
us_1956_sac_airfields,US (SAC),USSR,1956,study,667,OBOZERSKAYA,,airfield,1,617,,,63.45,40.2833,"SAC, Atomic Weapons Requirements Study for 1959 (SM 129-56, June 1956), Part II airfield list (NSA EBB 538, doc. 06)",https://nsarchive2.gwu.edu/nukevault/ebb538-Cold-War-Nuclear-Target-List-Declassified-First-Ever/documents/section6.pdf,PDF p.26 (A026-L20),617 5696 OBOZERSKAYA 0102-8014 6327-04017 R,reference number 5696; BE 0102-8014; code R
us_1956_sac_airfields,US (SAC),USSR,1956,study,668,ODESSA/FONTAN,,airfield,1,810,,,46.4167,30.7,"SAC, Atomic Weapons Requirements Study for 1959 (SM 129-56, June 1956), Part II airfield list (NSA EBB 538, doc. 06)",https://nsarchive2.gwu.edu/nukevault/ebb538-Cold-War-Nuclear-Target-List-Declassified-First-Ever/documents/section6.pdf,PDF p.26 (A026-L21),810 5710 ODESSA/FONTAN 0250-8693 4625-03042 S,reference number 5710; BE 0250-8693; code S
us_1956_sac_airfields,US (SAC),USSR,1956,study,669,ODESSA/TATARKA,,airfield,1,328,,,46.45,30.6667,"SAC, Atomic Weapons Requirements Study for 1959 (SM 129-56, June 1956), Part II airfield list (NSA EBB 538, doc. 06)",https://nsarchive2.gwu.edu/nukevault/ebb538-Cold-War-Nuclear-Target-List-Declassified-First-Ever/documents/section6.pdf,PDF p.26 (A026-L22),328 5710 ODESSA/TATARKA 0250-8697 4627-03040 R,reference number 5710; BE 0250-8697; code R
us_1956_sac_airfields,US (SAC),Poland,1956,study,670,"OHLAU, POL",,airfield,1,664,,,50.9833,17.25,"SAC, Atomic Weapons Requirements Study for 1959 (SM 129-56, June 1956), Part II airfield list (NSA EBB 538, doc. 06)",https://nsarchive2.gwu.edu/nukevault/ebb538-Cold-War-Nuclear-Target-List-Declassified-First-Ever/documents/section6.pdf,PDF p.26 (A026-L23),"664 0965 OHLAU, POL 0232-8224 5059-01715 S",reference number 0965; BE 0232-8224; code S
us_1956_sac_airfields,US (SAC),USSR,1956,study,671,OKHA,,airfield,1,357,,,53.6,142.9667,"SAC, Atomic Weapons Requirements Study for 1959 (SM 129-56, June 1956), Part II airfield list (NSA EBB 538, doc. 06)",https://nsarchive2.gwu.edu/nukevault/ebb538-Cold-War-Nuclear-Target-List-Declassified-First-Ever/documents/section6.pdf,PDF p.26 (A026-L24),357 5152 OKHA 0196-8005 5336-14258 R,reference number 5152; BE 0196-8005; code R
us_1956_sac_airfields,US (SAC),USSR,1956,study,672,OKHOTSK,,airfield,1,50,,,59.4167,143.0333,"SAC, Atomic Weapons Requirements Study for 1959 (SM 129-56, June 1956), Part II airfield list (NSA EBB 538, doc. 06)",https://nsarchive2.gwu.edu/nukevault/ebb538-Cold-War-Nuclear-Target-List-Declassified-First-Ever/documents/section6.pdf,PDF p.26 (A026-L25),50 5720 OKHOTSK 0131-8004 5925-14302 R,reference number 5720; BE 0131-8004; code R
us_1956_sac_airfields,US (SAC),USSR,1956,study,673,OKTYABRSKOYE,,airfield,1,648A,,,45.3,34.1167,"SAC, Atomic Weapons Requirements Study for 1959 (SM 129-56, June 1956), Part II airfield list (NSA EBB 538, doc. 06)",https://nsarchive2.gwu.edu/nukevault/ebb538-Cold-War-Nuclear-Target-List-Declassified-First-Ever/documents/section6.pdf,PDF p.26 (A026-L26),648A 5724 OKTYABRSKOYE 0250-8699 4518-03407 R,reference number 5724; BE 0250-8699; code R
us_1956_sac_airfields,US (SAC),USSR,1956,study,674,OLEKMINSK,,airfield,1,527A,,,60.4167,120.4333,"SAC, Atomic Weapons Requirements Study for 1959 (SM 129-56, June 1956), Part II airfield list (NSA EBB 538, doc. 06)",https://nsarchive2.gwu.edu/nukevault/ebb538-Cold-War-Nuclear-Target-List-Declassified-First-Ever/documents/section6.pdf,PDF p.26 (A026-L27),527A 5727 OLEKMINSK 0125-8005 6025-12026 R,reference number 5727; BE 0125-8005; code R
us_1956_sac_airfields,US (SAC),USSR,1956,study,675,OLENYA,,airfield,1,585,,,68.1667,33.2833,"SAC, Atomic Weapons Requirements Study for 1959 (SM 129-56, June 1956), Part II airfield list (NSA EBB 538, doc. 06)",https://nsarchive2.gwu.edu/nukevault/ebb538-Cold-War-Nuclear-Target-List-Declassified-First-Ever/documents/section6.pdf,PDF p.26 (A026-L28),585 4410 OLENYA 0051-8613 6810-03317 R,reference number 4410; BE 0051-8613; code R
us_1956_sac_airfields,US (SAC),USSR,1956,study,676,OLONETS/NURNALITSY,,airfield,1,99,,,61.05,32.9833,"SAC, Atomic Weapons Requirements Study for 1959 (SM 129-56, June 1956), Part II airfield list (NSA EBB 538, doc. 06)",https://nsarchive2.gwu.edu/nukevault/ebb538-Cold-War-Nuclear-Target-List-Declassified-First-Ever/documents/section6.pdf,PDF p.27 (A027-L03),99 5747 OLONETS/NURNALITSY 0102-8015 6103-03259 R,reference number 5747; BE 0102-8015; code R
us_1956_sac_airfields,US (SAC),USSR,1956,study,677,OLOVYANNAYA,,airfield,1,805,,,51.0167,,"SAC, Atomic Weapons Requirements Study for 1959 (SM 129-56, June 1956), Part II airfield list (NSA EBB 538, doc. 06)",https://nsarchive2.gwu.edu/nukevault/ebb538-Cold-War-Nuclear-Target-List-Declassified-First-Ever/documents/section6.pdf,PDF p.27 (A027-L04),805 57475 OLOVYANNAYA 0202-8614 5101-1152? R,reference number 57475; BE 0202-8614; code R; coordinate not legible or printed with minutes >= 60
us_1956_sac_airfields,US (SAC),USSR,1956,study,678,OMSK,,airfield,1,1004,,,54.95,73.35,"SAC, Atomic Weapons Requirements Study for 1959 (SM 129-56, June 1956), Part II airfield list (NSA EBB 538, doc. 06)",https://nsarchive2.gwu.edu/nukevault/ebb538-Cold-War-Nuclear-Target-List-Declassified-First-Ever/documents/section6.pdf,PDF p.27 (A027-L05),1004 5750 OMSK 0163-8001 5457-07321 R,reference number 5750; BE 0163-8001; code R
us_1956_sac_airfields,US (SAC),USSR,1956,study,679,OMSK E.,,airfield,1,950,,,54.95,73.4667,"SAC, Atomic Weapons Requirements Study for 1959 (SM 129-56, June 1956), Part II airfield list (NSA EBB 538, doc. 06)",https://nsarchive2.gwu.edu/nukevault/ebb538-Cold-War-Nuclear-Target-List-Declassified-First-Ever/documents/section6.pdf,PDF p.27 (A027-L06),950 5750 OMSK E. 0163-8002 5457-07328 S,reference number 5750; BE 0163-8002; code S
us_1956_sac_airfields,US (SAC),USSR,1956,study,680,OMSK S.W.,,airfield,1,626,,,54.95,73.3333,"SAC, Atomic Weapons Requirements Study for 1959 (SM 129-56, June 1956), Part II airfield list (NSA EBB 538, doc. 06)",https://nsarchive2.gwu.edu/nukevault/ebb538-Cold-War-Nuclear-Target-List-Declassified-First-Ever/documents/section6.pdf,PDF p.27 (A027-L07),626 5750 OMSK S.W. 0163-8003 5457-07320 T,reference number 5750; BE 0163-8003; code T
us_1956_sac_airfields,US (SAC),USSR,1956,study,681,ONEGA,,airfield,1,586,,,,38.1333,"SAC, Atomic Weapons Requirements Study for 1959 (SM 129-56, June 1956), Part II airfield list (NSA EBB 538, doc. 06)",https://nsarchive2.gwu.edu/nukevault/ebb538-Cold-War-Nuclear-Target-List-Declassified-First-Ever/documents/section6.pdf,PDF p.27 (A027-L08),586 5770 ONEGA 0102-8016 635?-03808 R,reference number 5770; BE 0102-8016; code R; coordinate not legible or printed with minutes >= 60
us_1956_sac_airfields,US (SAC),GDR,1956,study,682,"ORANIENBURG, E GER",,airfield,1,95,,,52.7333,13.2167,"SAC, Atomic Weapons Requirements Study for 1959 (SM 129-56, June 1956), Part II airfield list (NSA EBB 538, doc. 06)",https://nsarchive2.gwu.edu/nukevault/ebb538-Cold-War-Nuclear-Target-List-Declassified-First-Ever/documents/section6.pdf,PDF p.27 (A027-L09),"95 0685 ORANIENBURG, E GER 0169-8224 5244-01313 S",reference number 0685; BE 0169-8224; code S
us_1956_sac_airfields,US (SAC),Romania,1956,study,683,"ORASUL STALIN, RUM",,airfield,1,655,,,45.6667,25.6167,"SAC, Atomic Weapons Requirements Study for 1959 (SM 129-56, June 1956), Part II airfield list (NSA EBB 538, doc. 06)",https://nsarchive2.gwu.edu/nukevault/ebb538-Cold-War-Nuclear-Target-List-Declassified-First-Ever/documents/section6.pdf,PDF p.27 (A027-L10),"655 5807 ORASUL STALIN, RUM 0251-8011 4540-02537 R",reference number 5807; BE 0251-8011; code R
us_1956_sac_airfields,US (SAC),USSR,1956,study,684,ORDZHONIKIDZEVSKAYA,,airfield,1,412,,,43.3167,45.0167,"SAC, Atomic Weapons Requirements Study for 1959 (SM 129-56, June 1956), Part II airfield list (NSA EBB 538, doc. 06)",https://nsarchive2.gwu.edu/nukevault/ebb538-Cold-War-Nuclear-Target-List-Declassified-First-Ever/documents/section6.pdf,PDF p.27 (A027-L11),412 9010 ORDZHONIKIDZEVSKAYA 0325-8700 4319-04501 R,reference number 9010; BE 0325-8700; code R
us_1956_sac_airfields,US (SAC),USSR,1956,study,685,OREL,,airfield,1,688,,,53.0,36.0333,"SAC, Atomic Weapons Requirements Study for 1959 (SM 129-56, June 1956), Part II airfield list (NSA EBB 538, doc. 06)",https://nsarchive2.gwu.edu/nukevault/ebb538-Cold-War-Nuclear-Target-List-Declassified-First-Ever/documents/section6.pdf,PDF p.27 (A027-L12),688 5830 OREL 0167-8073 5300-03602 R,reference number 5830; BE 0167-8073; code R
us_1956_sac_airfields,US (SAC),USSR,1956,study,686,OREL S.W.,,airfield,1,343,,,52.9333,36.0,"SAC, Atomic Weapons Requirements Study for 1959 (SM 129-56, June 1956), Part II airfield list (NSA EBB 538, doc. 06)",https://nsarchive2.gwu.edu/nukevault/ebb538-Cold-War-Nuclear-Target-List-Declassified-First-Ever/documents/section6.pdf,PDF p.27 (A027-L13),343 5830 OREL S.W. 0167-8075 5256-03600 S,reference number 5830; BE 0167-8075; code S
us_1956_sac_airfields,US (SAC),Poland,1956,study,687,"ORNETA, POL",,airfield,1,435,,,54.1333,20.1,"SAC, Atomic Weapons Requirements Study for 1959 (SM 129-56, June 1956), Part II airfield list (NSA EBB 538, doc. 06)",https://nsarchive2.gwu.edu/nukevault/ebb538-Cold-War-Nuclear-Target-List-Declassified-First-Ever/documents/section6.pdf,PDF p.27 (A027-L14),"435 16991 ORNETA, POL 0169-8292 5408-02006 R",reference number 16991; BE 0169-8292; code R
us_1956_sac_airfields,US (SAC),USSR,1956,study,688,ORSHA,,airfield,1,730,,,54.5,30.4833,"SAC, Atomic Weapons Requirements Study for 1959 (SM 129-56, June 1956), Part II airfield list (NSA EBB 538, doc. 06)",https://nsarchive2.gwu.edu/nukevault/ebb538-Cold-War-Nuclear-Target-List-Declassified-First-Ever/documents/section6.pdf,PDF p.27 (A027-L15),730 5840 ORSHA 0167-8007 5430-03029 R,reference number 5840; BE 0167-8007; code R
us_1956_sac_airfields,US (SAC),USSR,1956,study,689,ORSHA S.W.,,airfield,1,2,,,54.4333,30.2833,"SAC, Atomic Weapons Requirements Study for 1959 (SM 129-56, June 1956), Part II airfield list (NSA EBB 538, doc. 06)",https://nsarchive2.gwu.edu/nukevault/ebb538-Cold-War-Nuclear-Target-List-Declassified-First-Ever/documents/section6.pdf,PDF p.27 (A027-L16),2 5840 ORSHA S.W. 0167-8008 5426-03017 S,reference number 5840; BE 0167-8008; code S
us_1956_sac_airfields,US (SAC),USSR,1956,study,690,OSH,,airfield,1,92,,,40.55,72.7667,"SAC, Atomic Weapons Requirements Study for 1959 (SM 129-56, June 1956), Part II airfield list (NSA EBB 538, doc. 06)",https://nsarchive2.gwu.edu/nukevault/ebb538-Cold-War-Nuclear-Target-List-Declassified-First-Ever/documents/section6.pdf,PDF p.27 (A027-L17),92 0236 OSH 0328-8619 4033-07246 S,reference number 0236; BE 0328-8619; code S
us_1956_sac_airfields,US (SAC),USSR,1956,study,691,OSINOVKA,,airfield,1,107,,,44.0167,132.2167,"SAC, Atomic Weapons Requirements Study for 1959 (SM 129-56, June 1956), Part II airfield list (NSA EBB 538, doc. 06)",https://nsarchive2.gwu.edu/nukevault/ebb538-Cold-War-Nuclear-Target-List-Declassified-First-Ever/documents/section6.pdf,PDF p.27 (A027-L18),107 9220 OSINOVKA 0291-8723 4401-13213 S,reference number 9220; BE 0291-8723; code S
us_1956_sac_airfields,US (SAC),USSR,1956,study,692,OSTAFYEVO,,airfield,1,632,,,55.5,37.5167,"SAC, Atomic Weapons Requirements Study for 1959 (SM 129-56, June 1956), Part II airfield list (NSA EBB 538, doc. 06)",https://nsarchive2.gwu.edu/nukevault/ebb538-Cold-War-Nuclear-Target-List-Declassified-First-Ever/documents/section6.pdf,PDF p.27 (A027-L19),632 6360 OSTAFYEVO 0167-8056 5530-03731 R,reference number 6360; BE 0167-8056; code R
us_1956_sac_airfields,US (SAC),USSR,1956,study,693,OSTROV/GOROKHOVO,,airfield,1,10,,,57.3,28.4333,"SAC, Atomic Weapons Requirements Study for 1959 (SM 129-56, June 1956), Part II airfield list (NSA EBB 538, doc. 06)",https://nsarchive2.gwu.edu/nukevault/ebb538-Cold-War-Nuclear-Target-List-Declassified-First-Ever/documents/section6.pdf,PDF p.27 (A027-L20),10 58975 OSTROV/GOROKHOVO 0153-8074 5718-02826 R,reference number 58975; BE 0153-8074; code R
us_1956_sac_airfields,US (SAC),USSR,1956,study,694,OSTROV VRAN/SOMNITELNAYA,,airfield,1,608,,,70.95,-179.5667,"SAC, Atomic Weapons Requirements Study for 1959 (SM 129-56, June 1956), Part II airfield list (NSA EBB 538, doc. 06)",https://nsarchive2.gwu.edu/nukevault/ebb538-Cold-War-Nuclear-Target-List-Declassified-First-Ever/documents/section6.pdf,PDF p.27 (A027-L21),608 5903 OSTROV VRAN/SOMNITELNAYA 0065-8009 7057-I7934W R,reference number 5903; BE 0065-8009; code R
us_1956_sac_airfields,US (SAC),USSR,1956,study,695,OVIDOPOL,,airfield,1,638,,,46.3333,30.5,"SAC, Atomic Weapons Requirements Study for 1959 (SM 129-56, June 1956), Part II airfield list (NSA EBB 538, doc. 06)",https://nsarchive2.gwu.edu/nukevault/ebb538-Cold-War-Nuclear-Target-List-Declassified-First-Ever/documents/section6.pdf,PDF p.27 (A027-L22),638 5710 OVIDOPOL 0250-8754 4620-03030 T,reference number 5710; BE 0250-8754; code T
us_1956_sac_airfields,US (SAC),USSR,1956,study,696,OYMYAKON,,airfield,1,1083,,,63.4667,142.8167,"SAC, Atomic Weapons Requirements Study for 1959 (SM 129-56, June 1956), Part II airfield list (NSA EBB 538, doc. 06)",https://nsarchive2.gwu.edu/nukevault/ebb538-Cold-War-Nuclear-Target-List-Declassified-First-Ever/documents/section6.pdf,PDF p.27 (A027-L23),1083 5943 OYMYAKON 0123-8002 6328-14249 R,reference number 5943; BE 0123-8002; code R
us_1956_sac_airfields,US (SAC),USSR,1956,study,697,OZERO,,airfield,1,1005,,,53.6333,27.4333,"SAC, Atomic Weapons Requirements Study for 1959 (SM 129-56, June 1956), Part II airfield list (NSA EBB 538, doc. 06)",https://nsarchive2.gwu.edu/nukevault/ebb538-Cold-War-Nuclear-Target-List-Declassified-First-Ever/documents/section6.pdf,PDF p.27 (A027-L24),1005 59604 OZERO 0168-8643 5338-02726 R,reference number 59604; BE 0168-8643; code R
us_1956_sac_airfields,US (SAC),USSR,1956,study,698,OZERO KULPYAVR,,airfield,1,101,,,69.1,32.4,"SAC, Atomic Weapons Requirements Study for 1959 (SM 129-56, June 1956), Part II airfield list (NSA EBB 538, doc. 06)",https://nsarchive2.gwu.edu/nukevault/ebb538-Cold-War-Nuclear-Target-List-Declassified-First-Ever/documents/section6.pdf,PDF p.27 (A027-L25),101 5961 OZERO KULPYAVR 0051-8615 6906-03224 R,reference number 5961; BE 0051-8615; code R
us_1956_sac_airfields,US (SAC),USSR,1956,study,699,OZERO TAVAJARVI,,airfield,1,618,,,66.1,30.1,"SAC, Atomic Weapons Requirements Study for 1959 (SM 129-56, June 1956), Part II airfield list (NSA EBB 538, doc. 06)",https://nsarchive2.gwu.edu/nukevault/ebb538-Cold-War-Nuclear-Target-List-Declassified-First-Ever/documents/section6.pdf,PDF p.27 (A027-L26),618 59615 OZERO TAVAJARVI 0091-8626 6606-03006 R,reference number 59615; BE 0091-8626; code R
us_1956_sac_airfields,US (SAC),USSR,1956,study,700,PADALI,,airfield,1,855,,,50.2167,136.6667,"SAC, Atomic Weapons Requirements Study for 1959 (SM 129-56, June 1956), Part II airfield list (NSA EBB 538, doc. 06)",https://nsarchive2.gwu.edu/nukevault/ebb538-Cold-War-Nuclear-Target-List-Declassified-First-Ever/documents/section6.pdf,PDF p.27 (A027-L27),855 6017 PADALI 0204-8642 5013-13640 R,reference number 6017; BE 0204-8642; code R
us_1956_sac_airfields,US (SAC),PRC,1956,study,701,"PAI SHIH I, CHINA",,airfield,1,862A,,,29.4833,106.35,"SAC, Atomic Weapons Requirements Study for 1959 (SM 129-56, June 1956), Part II airfield list (NSA EBB 538, doc. 06)",https://nsarchive2.gwu.edu/nukevault/ebb538-Cold-War-Nuclear-Target-List-Declassified-First-Ever/documents/section6.pdf,PDF p.27 (A027-L28),"862A 1437 PAI SHIH I, CHINA 0495-8413 2929-10621 R",reference number 1437; BE 0495-8413; code R
us_1956_sac_airfields,US (SAC),USSR,1956,study,702,PALANGA,,airfield,1,348,,,55.9333,,"SAC, Atomic Weapons Requirements Study for 1959 (SM 129-56, June 1956), Part II airfield list (NSA EBB 538, doc. 06)",https://nsarchive2.gwu.edu/nukevault/ebb538-Cold-War-Nuclear-Target-List-Declassified-First-Ever/documents/section6.pdf,PDF p.27 (A027-L29),348 3660 PALANGA 0168-8644 5556-0210? R,reference number 3660; BE 0168-8644; code R; coordinate not legible or printed with minutes >= 60
us_1956_sac_airfields,US (SAC),USSR,1956,study,703,PALDISKI/KLOOGA,,airfield,1,152,,,59.3167,24.2667,"SAC, Atomic Weapons Requirements Study for 1959 (SM 129-56, June 1956), Part II airfield list (NSA EBB 538, doc. 06)",https://nsarchive2.gwu.edu/nukevault/ebb538-Cold-War-Nuclear-Target-List-Declassified-First-Ever/documents/section6.pdf,PDF p.28 (A028-L02),152 6020 PALDISKI/KLOOGA 0153-8079 5919-02416 R,reference number 6020; BE 0153-8079; code R
us_1956_sac_airfields,US (SAC),USSR,1956,study,704,PALDISKI/VASALEMMA,,airfield,1,103,,,59.2667,24.2167,"SAC, Atomic Weapons Requirements Study for 1959 (SM 129-56, June 1956), Part II airfield list (NSA EBB 538, doc. 06)",https://nsarchive2.gwu.edu/nukevault/ebb538-Cold-War-Nuclear-Target-List-Declassified-First-Ever/documents/section6.pdf,PDF p.28 (A028-L03),103 6020 PALDISKI/VASALEMMA 0153-8082 5916-02413 S,reference number 6020; BE 0153-8082; code S
us_1956_sac_airfields,US (SAC),USSR,1956,study,705,PALIEPGIRIAI,,airfield,1,1006,,,55.9667,21.1,"SAC, Atomic Weapons Requirements Study for 1959 (SM 129-56, June 1956), Part II airfield list (NSA EBB 538, doc. 06)",https://nsarchive2.gwu.edu/nukevault/ebb538-Cold-War-Nuclear-Target-List-Declassified-First-Ever/documents/section6.pdf,PDF p.28 (A028-L04),1006 3660 PALIEPGIRIAI 0168-8645 5558-02106 T,reference number 3660; BE 0168-8645; code T
us_1956_sac_airfields,US (SAC),USSR,1956,study,706,PANEVEZYS,,airfield,1,40,,,55.7333,24.4667,"SAC, Atomic Weapons Requirements Study for 1959 (SM 129-56, June 1956), Part II airfield list (NSA EBB 538, doc. 06)",https://nsarchive2.gwu.edu/nukevault/ebb538-Cold-War-Nuclear-Target-List-Declassified-First-Ever/documents/section6.pdf,PDF p.28 (A028-L05),40 6030 PANEVEZYS 0168-8646 5544-02428 R,reference number 6030; BE 0168-8646; code R
us_1956_sac_airfields,US (SAC),PRC,1956,study,707,"PANG FOU, CHINA",,airfield,1,682,,,32.9333,117.3667,"SAC, Atomic Weapons Requirements Study for 1959 (SM 129-56, June 1956), Part II airfield list (NSA EBB 538, doc. 06)",https://nsarchive2.gwu.edu/nukevault/ebb538-Cold-War-Nuclear-Target-List-Declassified-First-Ever/documents/section6.pdf,PDF p.28 (A028-L06),"682 6031 PANG FOU, CHINA 0386-8410 3256-11722 R",reference number 6031; BE 0386-8410; code R
us_1956_sac_airfields,US (SAC),Hungary,1956,study,708,"PAPA, HUNG",,airfield,1,218,,,47.3667,17.5,"SAC, Atomic Weapons Requirements Study for 1959 (SM 129-56, June 1956), Part II airfield list (NSA EBB 538, doc. 06)",https://nsarchive2.gwu.edu/nukevault/ebb538-Cold-War-Nuclear-Target-List-Declassified-First-Ever/documents/section6.pdf,PDF p.28 (A028-L07),"218 6034 PAPA, HUNG 0252-8049 4722-01730 R",reference number 6034; BE 0252-8049; code R
us_1956_sac_airfields,US (SAC),USSR,1956,study,709,PARAFIANOVO,,airfield,1,1007,,,54.9167,27.55,"SAC, Atomic Weapons Requirements Study for 1959 (SM 129-56, June 1956), Part II airfield list (NSA EBB 538, doc. 06)",https://nsarchive2.gwu.edu/nukevault/ebb538-Cold-War-Nuclear-Target-List-Declassified-First-Ever/documents/section6.pdf,PDF p.28 (A028-L08),1007 4162 PARAFIANOVO 0168-8647 5455-02733 R,reference number 4162; BE 0168-8647; code R
us_1956_sac_airfields,US (SAC),GDR,1956,study,710,"PARCHIM, E GER",,airfield,1,228,,,53.4333,11.7833,"SAC, Atomic Weapons Requirements Study for 1959 (SM 129-56, June 1956), Part II airfield list (NSA EBB 538, doc. 06)",https://nsarchive2.gwu.edu/nukevault/ebb538-Cold-War-Nuclear-Target-List-Declassified-First-Ever/documents/section6.pdf,PDF p.28 (A028-L09),"228 6043 PARCHIM, E GER 0170-8075 5326-01147 R",reference number 6043; BE 0170-8075; code R
us_1956_sac_airfields,US (SAC),Czechoslovakia,1956,study,711,"PARDUBICE, CZECH",,airfield,1,383,,,50.0167,15.7333,"SAC, Atomic Weapons Requirements Study for 1959 (SM 129-56, June 1956), Part II airfield list (NSA EBB 538, doc. 06)",https://nsarchive2.gwu.edu/nukevault/ebb538-Cold-War-Nuclear-Target-List-Declassified-First-Ever/documents/section6.pdf,PDF p.28 (A028-L10),"383 6045 PARDUBICE, CZECH 0231-8105 5001-01544 R",reference number 6045; BE 0231-8105; code R
us_1956_sac_airfields,US (SAC),USSR,1956,study,712,PARNU,,airfield,1,78,,,58.4,24.4833,"SAC, Atomic Weapons Requirements Study for 1959 (SM 129-56, June 1956), Part II airfield list (NSA EBB 538, doc. 06)",https://nsarchive2.gwu.edu/nukevault/ebb538-Cold-War-Nuclear-Target-List-Declassified-First-Ever/documents/section6.pdf,PDF p.28 (A028-L11),78 6600 PARNU 0153-8083 5824-02429 R,reference number 6600; BE 0153-8083; code R
us_1956_sac_airfields,US (SAC),USSR,1956,study,713,PAVLODAR,,airfield,1,929,,,52.3,76.9667,"SAC, Atomic Weapons Requirements Study for 1959 (SM 129-56, June 1956), Part II airfield list (NSA EBB 538, doc. 06)",https://nsarchive2.gwu.edu/nukevault/ebb538-Cold-War-Nuclear-Target-List-Declassified-First-Ever/documents/section6.pdf,PDF p.28 (A028-L12),929 6068 PAVLODAR 0162-8007 5218-07658 R,reference number 6068; BE 0162-8007; code R
us_1956_sac_airfields,US (SAC),USSR,1956,study,714,PECHENGA,,airfield,1,54,,,69.4,31.0,"SAC, Atomic Weapons Requirements Study for 1959 (SM 129-56, June 1956), Part II airfield list (NSA EBB 538, doc. 06)",https://nsarchive2.gwu.edu/nukevault/ebb538-Cold-War-Nuclear-Target-List-Declassified-First-Ever/documents/section6.pdf,PDF p.28 (A028-L13),54 6080 PECHENGA 0051-8616 6924-03100 R,reference number 6080; BE 0051-8616; code R
us_1956_sac_airfields,US (SAC),GDR,1956,study,715,"PEENEMUNDE, E GER",,airfield,1,261,,,54.1667,13.7667,"SAC, Atomic Weapons Requirements Study for 1959 (SM 129-56, June 1956), Part II airfield list (NSA EBB 538, doc. 06)",https://nsarchive2.gwu.edu/nukevault/ebb538-Cold-War-Nuclear-Target-List-Declassified-First-Ever/documents/section6.pdf,PDF p.28 (A028-L14),"261 6095 PEENEMUNDE, E GER 0169-8225 5410-01346 R",reference number 6095; BE 0169-8225; code R
us_1956_sac_airfields,US (SAC),PRC,1956,study,716,"PENG SHAN, CHINA",,airfield,1,1031,,,30.15,103.85,"SAC, Atomic Weapons Requirements Study for 1959 (SM 129-56, June 1956), Part II airfield list (NSA EBB 538, doc. 06)",https://nsarchive2.gwu.edu/nukevault/ebb538-Cold-War-Nuclear-Target-List-Declassified-First-Ever/documents/section6.pdf,PDF p.28 (A028-L15),"1031 12155 PENG SHAN, CHINA 0495-8415 3009-10351 T",reference number 12155; BE 0495-8415; code T
us_1956_sac_airfields,US (SAC),Poland,1956,study,717,"PENKUHL, POL",,airfield,1,510,,,53.8667,17.0,"SAC, Atomic Weapons Requirements Study for 1959 (SM 129-56, June 1956), Part II airfield list (NSA EBB 538, doc. 06)",https://nsarchive2.gwu.edu/nukevault/ebb538-Cold-War-Nuclear-Target-List-Declassified-First-Ever/documents/section6.pdf,PDF p.28 (A028-L16),"510 54355 PENKUHL, POL 0169-8615 5352-01700 S",reference number 54355; BE 0169-8615; code S
us_1956_sac_airfields,US (SAC),USSR,1956,study,718,PERESLAVL ZALESSKIY,,airfield,1,633,,,56.7167,38.8167,"SAC, Atomic Weapons Requirements Study for 1959 (SM 129-56, June 1956), Part II airfield list (NSA EBB 538, doc. 06)",https://nsarchive2.gwu.edu/nukevault/ebb538-Cold-War-Nuclear-Target-List-Declassified-First-Ever/documents/section6.pdf,PDF p.28 (A028-L17),633 6170 PERESLAVL ZALESSKIY 0154-8037 5643-03849 R,reference number 6170; BE 0154-8037; code R
us_1956_sac_airfields,US (SAC),USSR,1956,study,719,PERVOMAYSK,,airfield,1,782,,,48.1,30.8667,"SAC, Atomic Weapons Requirements Study for 1959 (SM 129-56, June 1956), Part II airfield list (NSA EBB 538, doc. 06)",https://nsarchive2.gwu.edu/nukevault/ebb538-Cold-War-Nuclear-Target-List-Declassified-First-Ever/documents/section6.pdf,PDF p.28 (A028-L18),782 61765 PERVOMAYSK 0233-8057 4806-03052 R,reference number 61765; BE 0233-8057; code R
us_1956_sac_airfields,US (SAC),USSR,1956,study,720,PESCHANOYE,,airfield,1,812,,,44.85,33.6167,"SAC, Atomic Weapons Requirements Study for 1959 (SM 129-56, June 1956), Part II airfield list (NSA EBB 538, doc. 06)",https://nsarchive2.gwu.edu/nukevault/ebb538-Cold-War-Nuclear-Target-List-Declassified-First-Ever/documents/section6.pdf,PDF p.28 (A028-L19),812 7430 PESCHANOYE 0250-8603 4451-03337 S,reference number 7430; BE 0250-8603; code S
us_1956_sac_airfields,US (SAC),USSR,1956,study,721,PETRODVORETS,,airfield,1,915,,,59.8833,29.9,"SAC, Atomic Weapons Requirements Study for 1959 (SM 129-56, June 1956), Part II airfield list (NSA EBB 538, doc. 06)",https://nsarchive2.gwu.edu/nukevault/ebb538-Cold-War-Nuclear-Target-List-Declassified-First-Ever/documents/section6.pdf,PDF p.28 (A028-L20),915 4490 PETRODVORETS 0153-8056 5953-02954 RE,reference number 4490; BE 0153-8056; code RE
us_1956_sac_airfields,US (SAC),USSR,1956,study,722,PETROPAVLOVSK/KHUTOR,,airfield,1,204,,,53.1667,158.3833,"SAC, Atomic Weapons Requirements Study for 1959 (SM 129-56, June 1956), Part II airfield list (NSA EBB 538, doc. 06)",https://nsarchive2.gwu.edu/nukevault/ebb538-Cold-War-Nuclear-Target-List-Declassified-First-Ever/documents/section6.pdf,PDF p.28 (A028-L21),204 6210 PETROPAVLOVSK/KHUTOR 0194-8014 5310-15823 R,reference number 6210; BE 0194-8014; code R
us_1956_sac_airfields,US (SAC),USSR,1956,study,723,PETROPAVLOVSK/KORYAKI,,airfield,1,113,,,53.2667,158.1833,"SAC, Atomic Weapons Requirements Study for 1959 (SM 129-56, June 1956), Part II airfield list (NSA EBB 538, doc. 06)",https://nsarchive2.gwu.edu/nukevault/ebb538-Cold-War-Nuclear-Target-List-Declassified-First-Ever/documents/section6.pdf,PDF p.28 (A028-L22),113 6210 PETROPAVLOVSK/KORYAKI 0194-8006 5316-15811 T,reference number 6210; BE 0194-8006; code T
us_1956_sac_airfields,US (SAC),USSR,1956,study,724,PETROPAVLOVSK/SEV KORYAKI,,airfield,1,112,,,53.3,158.2667,"SAC, Atomic Weapons Requirements Study for 1959 (SM 129-56, June 1956), Part II airfield list (NSA EBB 538, doc. 06)",https://nsarchive2.gwu.edu/nukevault/ebb538-Cold-War-Nuclear-Target-List-Declassified-First-Ever/documents/section6.pdf,PDF p.28 (A028-L23),112 6210 PETROPAVLOVSK/SEV KORYAKI 0194-8009 5318-15816 U,reference number 6210; BE 0194-8009; code U
us_1956_sac_airfields,US (SAC),USSR,1956,study,725,PETROPAVLOVSK/YELIZOVO,,airfield,1,114,,,53.1667,158.4833,"SAC, Atomic Weapons Requirements Study for 1959 (SM 129-56, June 1956), Part II airfield list (NSA EBB 538, doc. 06)",https://nsarchive2.gwu.edu/nukevault/ebb538-Cold-War-Nuclear-Target-List-Declassified-First-Ever/documents/section6.pdf,PDF p.28 (A028-L24),114 6210 PETROPAVLOVSK/YELIZOVO 0194-8007 5310-15829 S,reference number 6210; BE 0194-8007; code S
us_1956_sac_airfields,US (SAC),USSR,1956,study,726,PETROVKA,,airfield,1,671,,,43.1667,132.4,"SAC, Atomic Weapons Requirements Study for 1959 (SM 129-56, June 1956), Part II airfield list (NSA EBB 538, doc. 06)",https://nsarchive2.gwu.edu/nukevault/ebb538-Cold-War-Nuclear-Target-List-Declassified-First-Ever/documents/section6.pdf,PDF p.28 (A028-L25),671 0290 PETROVKA 0291-8633 4310-13224 U,reference number 0290; BE 0291-8633; code U
us_1956_sac_airfields,US (SAC),USSR,1956,study,727,PETROVSK,,airfield,1,641,,,52.3167,45.4833,"SAC, Atomic Weapons Requirements Study for 1959 (SM 129-56, June 1956), Part II airfield list (NSA EBB 538, doc. 06)",https://nsarchive2.gwu.edu/nukevault/ebb538-Cold-War-Nuclear-Target-List-Declassified-First-Ever/documents/section6.pdf,PDF p.28 (A028-L26),641 6228 PETROVSK 0166-8019 5219-04529 R,reference number 6228; BE 0166-8019; code R
us_1956_sac_airfields,US (SAC),USSR,1956,study,728,PETROZAVODSK,,airfield,1,602,,,61.8333,34.3,"SAC, Atomic Weapons Requirements Study for 1959 (SM 129-56, June 1956), Part II airfield list (NSA EBB 538, doc. 06)",https://nsarchive2.gwu.edu/nukevault/ebb538-Cold-War-Nuclear-Target-List-Declassified-First-Ever/documents/section6.pdf,PDF p.28 (A028-L27),602 6240 PETROZAVODSK 0102-8018 6150-03418 R,reference number 6240; BE 0102-8018; code R
us_1956_sac_airfields,US (SAC),USSR,1956,study,729,PETROZAVODSK N.W.,,airfield,1,55,,,61.8833,34.15,"SAC, Atomic Weapons Requirements Study for 1959 (SM 129-56, June 1956), Part II airfield list (NSA EBB 538, doc. 06)",https://nsarchive2.gwu.edu/nukevault/ebb538-Cold-War-Nuclear-Target-List-Declassified-First-Ever/documents/section6.pdf,PDF p.28 (A028-L28),55 6240 PETROZAVODSK N.W. 0102-8020 6153-03409 S,reference number 6240; BE 0102-8020; code S
us_1956_sac_airfields,US (SAC),USSR,1956,study,730,PEVEK,,airfield,1,593,,,69.7,170.3333,"SAC, Atomic Weapons Requirements Study for 1959 (SM 129-56, June 1956), Part II airfield list (NSA EBB 538, doc. 06)",https://nsarchive2.gwu.edu/nukevault/ebb538-Cold-War-Nuclear-Target-List-Declassified-First-Ever/documents/section6.pdf,PDF p.29 (A029-L03),593 6242 PEVEK 0065-8007 6942-17020 R,reference number 6242; BE 0065-8007; code R
us_1956_sac_airfields,US (SAC),Czechoslovakia,1956,study,731,"PIESTANY, CZECH",,airfield,1,889,,,48.6167,17.8333,"SAC, Atomic Weapons Requirements Study for 1959 (SM 129-56, June 1956), Part II airfield list (NSA EBB 538, doc. 06)",https://nsarchive2.gwu.edu/nukevault/ebb538-Cold-War-Nuclear-Target-List-Declassified-First-Ever/documents/section6.pdf,PDF p.29 (A029-L04),"889 5605 PIESTANY, CZECH 0232-8259 4837-01750 R",reference number 5605; BE 0232-8259; code R
us_1956_sac_airfields,US (SAC),PRC,1956,study,732,"PING FANG, MANCH",,airfield,1,978,,,45.6,126.6333,"SAC, Atomic Weapons Requirements Study for 1959 (SM 129-56, June 1956), Part II airfield list (NSA EBB 538, doc. 06)",https://nsarchive2.gwu.edu/nukevault/ebb538-Cold-War-Nuclear-Target-List-Declassified-First-Ever/documents/section6.pdf,PDF p.29 (A029-L05),"978 2611 PING FANG, MANCH 0283-8011 4536-12638 U",Manchuria; reference number 2611; BE 0283-8011; code U
us_1956_sac_airfields,US (SAC),USSR,1956,study,733,PINSK,,airfield,1,1008,,,52.15,26.1333,"SAC, Atomic Weapons Requirements Study for 1959 (SM 129-56, June 1956), Part II airfield list (NSA EBB 538, doc. 06)",https://nsarchive2.gwu.edu/nukevault/ebb538-Cold-War-Nuclear-Target-List-Declassified-First-Ever/documents/section6.pdf,PDF p.29 (A029-L06),1008 62722 PINSK 0168-8648 5209-02608 R,reference number 62722; BE 0168-8648; code R
us_1956_sac_airfields,US (SAC),USSR,1956,study,734,PINSK W.,,airfield,1,802,,,52.1167,25.9667,"SAC, Atomic Weapons Requirements Study for 1959 (SM 129-56, June 1956), Part II airfield list (NSA EBB 538, doc. 06)",https://nsarchive2.gwu.edu/nukevault/ebb538-Cold-War-Nuclear-Target-List-Declassified-First-Ever/documents/section6.pdf,PDF p.29 (A029-L07),802 62722 PINSK W. 0168-8649 5207-02558 S,reference number 62722; BE 0168-8649; code S
us_1956_sac_airfields,US (SAC),USSR,1956,study,735,PIRSAGAT,,airfield,1,329,,,39.85,49.35,"SAC, Atomic Weapons Requirements Study for 1959 (SM 129-56, June 1956), Part II airfield list (NSA EBB 538, doc. 06)",https://nsarchive2.gwu.edu/nukevault/ebb538-Cold-War-Nuclear-Target-List-Declassified-First-Ever/documents/section6.pdf,PDF p.29 (A029-L08),329 0188 PIRSAGAT 0339-8611 3951-04921 S,reference number 0188; BE 0339-8611; code S
us_1956_sac_airfields,US (SAC),USSR,1956,study,736,PIRYATIN,,airfield,1,725,,,50.15,32.55,"SAC, Atomic Weapons Requirements Study for 1959 (SM 129-56, June 1956), Part II airfield list (NSA EBB 538, doc. 06)",https://nsarchive2.gwu.edu/nukevault/ebb538-Cold-War-Nuclear-Target-List-Declassified-First-Ever/documents/section6.pdf,PDF p.29 (A029-L09),725 2403 PIRYATIN 0233-8059 5009-03233 R,reference number 2403; BE 0233-8059; code R
us_1956_sac_airfields,US (SAC),USSR,1956,study,737,"PLOESTI/TARGSORUL NOU, RU",,airfield,1,783,,,44.9167,25.8833,"SAC, Atomic Weapons Requirements Study for 1959 (SM 129-56, June 1956), Part II airfield list (NSA EBB 538, doc. 06)",https://nsarchive2.gwu.edu/nukevault/ebb538-Cold-War-Nuclear-Target-List-Declassified-First-Ever/documents/section6.pdf,PDF p.29 (A029-L10),"783 6315 PLOESTI/TARGSORUL NOU, RU 0251-8031 4455-02553 R",reference number 6315; BE 0251-8031; code R
us_1956_sac_airfields,US (SAC),Bulgaria,1956,study,738,"PLOVDIV, BULG",,airfield,1,818,,,42.1333,24.7833,"SAC, Atomic Weapons Requirements Study for 1959 (SM 129-56, June 1956), Part II airfield list (NSA EBB 538, doc. 06)",https://nsarchive2.gwu.edu/nukevault/ebb538-Cold-War-Nuclear-Target-List-Declassified-First-Ever/documents/section6.pdf,PDF p.29 (A029-L11),"818 6325 PLOVDIV, BULG 0322-8036 4208-02447 R",reference number 6325; BE 0322-8036; code R
us_1956_sac_airfields,US (SAC),USSR,1956,study,739,POCHINOK,,airfield,1,8,,,54.3333,32.4833,"SAC, Atomic Weapons Requirements Study for 1959 (SM 129-56, June 1956), Part II airfield list (NSA EBB 538, doc. 06)",https://nsarchive2.gwu.edu/nukevault/ebb538-Cold-War-Nuclear-Target-List-Declassified-First-Ever/documents/section6.pdf,PDF p.29 (A029-L12),8 6340 POCHINOK 0167-8009 5420-03229 R,reference number 6340; BE 0167-8009; code R
us_1956_sac_airfields,US (SAC),USSR,1956,study,740,POCHINOK S.E.,,airfield,1,769,,,54.3667,32.55,"SAC, Atomic Weapons Requirements Study for 1959 (SM 129-56, June 1956), Part II airfield list (NSA EBB 538, doc. 06)",https://nsarchive2.gwu.edu/nukevault/ebb538-Cold-War-Nuclear-Target-List-Declassified-First-Ever/documents/section6.pdf,PDF p.29 (A029-L13),769 6340 POCHINOK S.E. 0167-8010 5422-03233 S,reference number 6340; BE 0167-8010; code S
us_1956_sac_airfields,US (SAC),USSR,1956,study,741,PODOLSK/DUBROVITSY,,airfield,1,930,,,55.4167,37.4833,"SAC, Atomic Weapons Requirements Study for 1959 (SM 129-56, June 1956), Part II airfield list (NSA EBB 538, doc. 06)",https://nsarchive2.gwu.edu/nukevault/ebb538-Cold-War-Nuclear-Target-List-Declassified-First-Ever/documents/section6.pdf,PDF p.29 (A029-L14),930 6360 PODOLSK/DUBROVITSY 0167-8077 5525-03729 S,reference number 6360; BE 0167-8077; code S
us_1956_sac_airfields,US (SAC),USSR,1956,study,742,POKROVKA,,airfield,1,651,,,43.95,131.6667,"SAC, Atomic Weapons Requirements Study for 1959 (SM 129-56, June 1956), Part II airfield list (NSA EBB 538, doc. 06)",https://nsarchive2.gwu.edu/nukevault/ebb538-Cold-War-Nuclear-Target-List-Declassified-First-Ever/documents/section6.pdf,PDF p.29 (A029-L15),651 9220 POKROVKA 0291-8635 4357-13140 W,reference number 9220; BE 0291-8635; code W
us_1956_sac_airfields,US (SAC),USSR,1956,study,743,POLESSK,,airfield,1,190,,,54.85,21.15,"SAC, Atomic Weapons Requirements Study for 1959 (SM 129-56, June 1956), Part II airfield list (NSA EBB 538, doc. 06)",https://nsarchive2.gwu.edu/nukevault/ebb538-Cold-War-Nuclear-Target-List-Declassified-First-Ever/documents/section6.pdf,PDF p.29 (A029-L16),190 6378 POLESSK 0168-8650 5451-02109 R,reference number 6378; BE 0168-8650; code R
us_1956_sac_airfields,US (SAC),USSR,1956,study,744,POLONNOYE,,airfield,1,1009,,,50.0667,27.5667,"SAC, Atomic Weapons Requirements Study for 1959 (SM 129-56, June 1956), Part II airfield list (NSA EBB 538, doc. 06)",https://nsarchive2.gwu.edu/nukevault/ebb538-Cold-War-Nuclear-Target-List-Declassified-First-Ever/documents/section6.pdf,PDF p.29 (A029-L17),1009 7510 POLONNOYE 0233-8050 5004-02734 R,reference number 7510; BE 0233-8050; code R
us_1956_sac_airfields,US (SAC),USSR,1956,study,745,POLOTSK,,airfield,1,797,,,55.5,28.75,"SAC, Atomic Weapons Requirements Study for 1959 (SM 129-56, June 1956), Part II airfield list (NSA EBB 538, doc. 06)",https://nsarchive2.gwu.edu/nukevault/ebb538-Cold-War-Nuclear-Target-List-Declassified-First-Ever/documents/section6.pdf,PDF p.29 (A029-L18),797 6390 POLOTSK 0168-8651 5530-02845 R,reference number 6390; BE 0168-8651; code R
us_1956_sac_airfields,US (SAC),USSR,1956,study,746,POLTAVA,,airfield,1,7,,,49.6167,34.5,"SAC, Atomic Weapons Requirements Study for 1959 (SM 129-56, June 1956), Part II airfield list (NSA EBB 538, doc. 06)",https://nsarchive2.gwu.edu/nukevault/ebb538-Cold-War-Nuclear-Target-List-Declassified-First-Ever/documents/section6.pdf,PDF p.29 (A029-L19),7 6410 POLTAVA 0234-8075 4937-03430 R,reference number 6410; BE 0234-8075; code R
us_1956_sac_airfields,US (SAC),USSR,1956,study,747,POLTSAMAA,,airfield,1,1010,,,58.65,25.9333,"SAC, Atomic Weapons Requirements Study for 1959 (SM 129-56, June 1956), Part II airfield list (NSA EBB 538, doc. 06)",https://nsarchive2.gwu.edu/nukevault/ebb538-Cold-War-Nuclear-Target-List-Declassified-First-Ever/documents/section6.pdf,PDF p.29 (A029-L20),1010 91555 POLTSAMAA 0153-8087 5839-02556 S,reference number 91555; BE 0153-8087; code S
us_1956_sac_airfields,US (SAC),USSR,1956,study,748,PONOY,,airfield,1,590,,,67.1,41.1333,"SAC, Atomic Weapons Requirements Study for 1959 (SM 129-56, June 1956), Part II airfield list (NSA EBB 538, doc. 06)",https://nsarchive2.gwu.edu/nukevault/ebb538-Cold-War-Nuclear-Target-List-Declassified-First-Ever/documents/section6.pdf,PDF p.29 (A029-L21),590 6422 PONOY 0092-8027 6706-04108 R,reference number 6422; BE 0092-8027; code R
us_1956_sac_airfields,US (SAC),USSR,1956,study,749,POSTAVY,,airfield,1,129,,,55.1167,26.7667,"SAC, Atomic Weapons Requirements Study for 1959 (SM 129-56, June 1956), Part II airfield list (NSA EBB 538, doc. 06)",https://nsarchive2.gwu.edu/nukevault/ebb538-Cold-War-Nuclear-Target-List-Declassified-First-Ever/documents/section6.pdf,PDF p.29 (A029-L22),129 6441 POSTAVY 0168-8652 5507-02646 R,reference number 6441; BE 0168-8652; code R
us_1956_sac_airfields,US (SAC),Poland,1956,study,750,"POWIDZ, POL",,airfield,1,71,,,52.3833,17.8333,"SAC, Atomic Weapons Requirements Study for 1959 (SM 129-56, June 1956), Part II airfield list (NSA EBB 538, doc. 06)",https://nsarchive2.gwu.edu/nukevault/ebb538-Cold-War-Nuclear-Target-List-Declassified-First-Ever/documents/section6.pdf,PDF p.29 (A029-L23),"71 6482 POWIDZ, POL 0169-8629 5223-01750 R",reference number 6482; BE 0169-8629; code R
us_1956_sac_airfields,US (SAC),USSR,1956,study,751,POZDEYEVKA,,airfield,1,840,,,50.5833,128.9667,"SAC, Atomic Weapons Requirements Study for 1959 (SM 129-56, June 1956), Part II airfield list (NSA EBB 538, doc. 06)",https://nsarchive2.gwu.edu/nukevault/ebb538-Cold-War-Nuclear-Target-List-Declassified-First-Ever/documents/section6.pdf,PDF p.29 (A029-L24),840 6483 POZDEYEVKA 0203-8628 5035-12858 R,reference number 6483; BE 0203-8628; code R
us_1956_sac_airfields,US (SAC),Poland,1956,study,752,"POZNAN/KRZESINY, POL",,airfield,1,269,,,52.3333,16.9667,"SAC, Atomic Weapons Requirements Study for 1959 (SM 129-56, June 1956), Part II airfield list (NSA EBB 538, doc. 06)",https://nsarchive2.gwu.edu/nukevault/ebb538-Cold-War-Nuclear-Target-List-Declassified-First-Ever/documents/section6.pdf,PDF p.29 (A029-L25),"269 6485 POZNAN/KRZESINY, POL 0169-8256 5220-01658 T",reference number 6485; BE 0169-8256; code T
us_1956_sac_airfields,US (SAC),Poland,1956,study,753,"POZNAN/LAWICA, POL",,airfield,1,648,,,52.4167,16.8333,"SAC, Atomic Weapons Requirements Study for 1959 (SM 129-56, June 1956), Part II airfield list (NSA EBB 538, doc. 06)",https://nsarchive2.gwu.edu/nukevault/ebb538-Cold-War-Nuclear-Target-List-Declassified-First-Ever/documents/section6.pdf,PDF p.29 (A029-L26),"648 6485 POZNAN/LAWICA, POL 0169-8268 5225-01650 R",reference number 6485; BE 0169-8268; code R
us_1956_sac_airfields,US (SAC),Czechoslovakia,1956,study,754,"PRAGUE/KBELY, CZECH",,airfield,1,273,,,50.1167,14.55,"SAC, Atomic Weapons Requirements Study for 1959 (SM 129-56, June 1956), Part II airfield list (NSA EBB 538, doc. 06)",https://nsarchive2.gwu.edu/nukevault/ebb538-Cold-War-Nuclear-Target-List-Declassified-First-Ever/documents/section6.pdf,PDF p.29 (A029-L27),"273 6493 PRAGUE/KBELY, CZECH 0231-8108 5007-01433 R",reference number 6493; BE 0231-8108; code R
us_1956_sac_airfields,US (SAC),Czechoslovakia,1956,study,755,"PRAGUE/RUZYNE, CZECH",,airfield,1,489,,,50.1,14.2833,"SAC, Atomic Weapons Requirements Study for 1959 (SM 129-56, June 1956), Part II airfield list (NSA EBB 538, doc. 06)",https://nsarchive2.gwu.edu/nukevault/ebb538-Cold-War-Nuclear-Target-List-Declassified-First-Ever/documents/section6.pdf,PDF p.29 (A029-L28),"489 6493 PRAGUE/RUZYNE, CZECH 0231-8110 5006-01417 S",reference number 6493; BE 0231-8110; code S
us_1956_sac_airfields,US (SAC),Czechoslovakia,1956,study,756,"PRAGUE/VODOCHODY, CZECH",,airfield,1,541,,,50.2167,14.4,"SAC, Atomic Weapons Requirements Study for 1959 (SM 129-56, June 1956), Part II airfield list (NSA EBB 538, doc. 06)",https://nsarchive2.gwu.edu/nukevault/ebb538-Cold-War-Nuclear-Target-List-Declassified-First-Ever/documents/section6.pdf,PDF p.29 (A029-L29),"541 6493 PRAGUE/VODOCHODY, CZECH 0231-8156 5013-01424 T",reference number 6493; BE 0231-8156; code T
us_1956_sac_airfields,US (SAC),Czechoslovakia,1956,study,757,"PREROV, CZECH",,airfield,1,138,,,49.4333,17.4,"SAC, Atomic Weapons Requirements Study for 1959 (SM 129-56, June 1956), Part II airfield list (NSA EBB 538, doc. 06)",https://nsarchive2.gwu.edu/nukevault/ebb538-Cold-War-Nuclear-Target-List-Declassified-First-Ever/documents/section6.pdf,PDF p.30 (A030-L03),"138 5745 PREROV, CZECH 0232-8261 4926-01724 R",reference number 5745; BE 0232-8261; code R
us_1956_sac_airfields,US (SAC),Poland,1956,study,758,"PREUSSISCH FRIEDLAND, POL",,airfield,1,455,,,53.5333,17.2667,"SAC, Atomic Weapons Requirements Study for 1959 (SM 129-56, June 1956), Part II airfield list (NSA EBB 538, doc. 06)",https://nsarchive2.gwu.edu/nukevault/ebb538-Cold-War-Nuclear-Target-List-Declassified-First-Ever/documents/section6.pdf,PDF p.30 (A030-L04),"455 1390 PREUSSISCH FRIEDLAND, POL 0169-8312 5332-01716 R",reference number 1390; BE 0169-8312; code R
us_1956_sac_airfields,US (SAC),USSR,1956,study,759,PRIENAI,,airfield,1,1011,,,54.65,24.05,"SAC, Atomic Weapons Requirements Study for 1959 (SM 129-56, June 1956), Part II airfield list (NSA EBB 538, doc. 06)",https://nsarchive2.gwu.edu/nukevault/ebb538-Cold-War-Nuclear-Target-List-Declassified-First-Ever/documents/section6.pdf,PDF p.30 (A030-L05),1011 0189 PRIENAI 0168-8653 5439-02403 T,reference number 0189; BE 0168-8653; code T
us_1956_sac_airfields,US (SAC),USSR,1956,study,760,PRILUKI,,airfield,1,5,,,50.5667,32.3167,"SAC, Atomic Weapons Requirements Study for 1959 (SM 129-56, June 1956), Part II airfield list (NSA EBB 538, doc. 06)",https://nsarchive2.gwu.edu/nukevault/ebb538-Cold-War-Nuclear-Target-List-Declassified-First-Ever/documents/section6.pdf,PDF p.30 (A030-L06),5 6526 PRILUKI 0233-8061 5034-03219 R,reference number 6526; BE 0233-8061; code R
us_1956_sac_airfields,US (SAC),USSR,1956,study,761,PROSKUROV,,airfield,1,765,,,49.4,27.0167,"SAC, Atomic Weapons Requirements Study for 1959 (SM 129-56, June 1956), Part II airfield list (NSA EBB 538, doc. 06)",https://nsarchive2.gwu.edu/nukevault/ebb538-Cold-War-Nuclear-Target-List-Declassified-First-Ever/documents/section6.pdf,PDF p.30 (A030-L07),765 6540 PROSKUROV 0233-8062 4924-02701 R,reference number 6540; BE 0233-8062; code R
us_1956_sac_airfields,US (SAC),USSR,1956,study,762,PROVIDENIYA/URELIK,,airfield,1,28,,,64.4,-173.2167,"SAC, Atomic Weapons Requirements Study for 1959 (SM 129-56, June 1956), Part II airfield list (NSA EBB 538, doc. 06)",https://nsarchive2.gwu.edu/nukevault/ebb538-Cold-War-Nuclear-Target-List-Declassified-First-Ever/documents/section6.pdf,PDF p.30 (A030-L08),28 6550 PROVIDENIYA/URELIK 0075-8018 6424-17313W R,reference number 6550; BE 0075-8018; code R
us_1956_sac_airfields,US (SAC),Poland,1956,study,763,"PRUSZCZ, POL",,airfield,1,390,,,54.25,18.6667,"SAC, Atomic Weapons Requirements Study for 1959 (SM 129-56, June 1956), Part II airfield list (NSA EBB 538, doc. 06)",https://nsarchive2.gwu.edu/nukevault/ebb538-Cold-War-Nuclear-Target-List-Declassified-First-Ever/documents/section6.pdf,PDF p.30 (A030-L09),"390 2255 PRUSZCZ, POL 0169-8296 5415-01840 S",reference number 2255; BE 0169-8296; code S
us_1956_sac_airfields,US (SAC),USSR,1956,study,764,PRUZHANY,,airfield,1,330,,,52.5667,24.4667,"SAC, Atomic Weapons Requirements Study for 1959 (SM 129-56, June 1956), Part II airfield list (NSA EBB 538, doc. 06)",https://nsarchive2.gwu.edu/nukevault/ebb538-Cold-War-Nuclear-Target-List-Declassified-First-Ever/documents/section6.pdf,PDF p.30 (A030-L10),330 6556 PRUZHANY 0168-8655 5234-02428 R,reference number 6556; BE 0168-8655; code R
us_1956_sac_airfields,US (SAC),Poland,1956,study,765,"PRZASNYSZ, POL",,airfield,1,849,,,53.0,20.9333,"SAC, Atomic Weapons Requirements Study for 1959 (SM 129-56, June 1956), Part II airfield list (NSA EBB 538, doc. 06)",https://nsarchive2.gwu.edu/nukevault/ebb538-Cold-War-Nuclear-Target-List-Declassified-First-Ever/documents/section6.pdf,PDF p.30 (A030-L11),"849 14442 PRZASNYSZ, POL 0169-8269 5300-02056 S",reference number 14442; BE 0169-8269; code S
us_1956_sac_airfields,US (SAC),USSR,1956,study,766,PSKOV,,airfield,1,440,,,57.7833,28.3833,"SAC, Atomic Weapons Requirements Study for 1959 (SM 129-56, June 1956), Part II airfield list (NSA EBB 538, doc. 06)",https://nsarchive2.gwu.edu/nukevault/ebb538-Cold-War-Nuclear-Target-List-Declassified-First-Ever/documents/section6.pdf,PDF p.30 (A030-L12),440 6560 PSKOV 0153-8080 5747-02823 R,reference number 6560; BE 0153-8080; code R
us_1956_sac_airfields,US (SAC),USSR,1956,study,767,PSKOV W.,,airfield,1,1084,,,57.8,28.2333,"SAC, Atomic Weapons Requirements Study for 1959 (SM 129-56, June 1956), Part II airfield list (NSA EBB 538, doc. 06)",https://nsarchive2.gwu.edu/nukevault/ebb538-Cold-War-Nuclear-Target-List-Declassified-First-Ever/documents/section6.pdf,PDF p.30 (A030-L13),1084 6560 PSKOV W. 0153-8145 5748-02814 S,reference number 6560; BE 0153-8145; code S
us_1956_sac_airfields,US (SAC),North Korea,1956,study,768,"PUCK CHANG, N KOREA",,airfield,1,525,,,39.5,125.9667,"SAC, Atomic Weapons Requirements Study for 1959 (SM 129-56, June 1956), Part II airfield list (NSA EBB 538, doc. 06)",https://nsarchive2.gwu.edu/nukevault/ebb538-Cold-War-Nuclear-Target-List-Declassified-First-Ever/documents/section6.pdf,PDF p.30 (A030-L14),"525 6615 PUCK CHANG, N KOREA 0380-0457 3930-12558 S",reference number 6615; BE 0380-0457; code S
us_1956_sac_airfields,US (SAC),USSR,1956,study,769,PUKHOVICHI,,airfield,1,1085,,,53.5333,28.2667,"SAC, Atomic Weapons Requirements Study for 1959 (SM 129-56, June 1956), Part II airfield list (NSA EBB 538, doc. 06)",https://nsarchive2.gwu.edu/nukevault/ebb538-Cold-War-Nuclear-Target-List-Declassified-First-Ever/documents/section6.pdf,PDF p.30 (A030-L15),1085 5872 PUKHOVICHI 0168-8656 5332-02816 R,reference number 5872; BE 0168-8656; code R
us_1956_sac_airfields,US (SAC),PRC,1956,study,770,"PU LAN TIEN, MANCH",,airfield,1,144,,,39.45,122.0167,"SAC, Atomic Weapons Requirements Study for 1959 (SM 129-56, June 1956), Part II airfield list (NSA EBB 538, doc. 06)",https://nsarchive2.gwu.edu/nukevault/ebb538-Cold-War-Nuclear-Target-List-Declassified-First-Ever/documents/section6.pdf,PDF p.30 (A030-L16),"144 72155 PU LAN TIEN, MANCH 0381-8004 3927-12201 R",Manchuria; reference number 72155; BE 0381-8004; code R
us_1956_sac_airfields,US (SAC),PRC,1956,study,771,PU LAN TIEN S. MANCH,,airfield,1,188,,,39.3167,121.9667,"SAC, Atomic Weapons Requirements Study for 1959 (SM 129-56, June 1956), Part II airfield list (NSA EBB 538, doc. 06)",https://nsarchive2.gwu.edu/nukevault/ebb538-Cold-War-Nuclear-Target-List-Declassified-First-Ever/documents/section6.pdf,PDF p.30 (A030-L17),188 72155 PU LAN TIEN S. MANCH 0381-8445 3919-12158 S,Manchuria; reference number 72155; BE 0381-8445; code S
us_1956_sac_airfields,US (SAC),USSR,1956,study,772,PUSHKIN,,airfield,1,98,,,59.6833,30.35,"SAC, Atomic Weapons Requirements Study for 1959 (SM 129-56, June 1956), Part II airfield list (NSA EBB 538, doc. 06)",https://nsarchive2.gwu.edu/nukevault/ebb538-Cold-War-Nuclear-Target-List-Declassified-First-Ever/documents/section6.pdf,PDF p.30 (A030-L18),98 4490 PUSHKIN 0153-8058 5941-03021 R,reference number 4490; BE 0153-8058; code R
us_1956_sac_airfields,US (SAC),GDR,1956,study,773,"PUTNITZ, E GER",,airfield,1,366,,,54.2667,12.45,"SAC, Atomic Weapons Requirements Study for 1959 (SM 129-56, June 1956), Part II airfield list (NSA EBB 538, doc. 06)",https://nsarchive2.gwu.edu/nukevault/ebb538-Cold-War-Nuclear-Target-List-Declassified-First-Ever/documents/section6.pdf,PDF p.30 (A030-L19),"366 6905 PUTNITZ, E GER 0169-8227 5416-01227 R",reference number 6905; BE 0169-8227; code R
us_1956_sac_airfields,US (SAC),North Korea,1956,study,774,"PYONGNI, N KOREA",,airfield,1,217,,,39.4167,125.8833,"SAC, Atomic Weapons Requirements Study for 1959 (SM 129-56, June 1956), Part II airfield list (NSA EBB 538, doc. 06)",https://nsarchive2.gwu.edu/nukevault/ebb538-Cold-War-Nuclear-Target-List-Declassified-First-Ever/documents/section6.pdf,PDF p.30 (A030-L20),"217 6615 PYONGNI, N KOREA 0380-8436 3925-12553 R",reference number 6615; BE 0380-8436; code R
us_1956_sac_airfields,US (SAC),North Korea,1956,study,775,PYONGYANG E. N KOREA,,airfield,1,365,,,39.0167,125.85,"SAC, Atomic Weapons Requirements Study for 1959 (SM 129-56, June 1956), Part II airfield list (NSA EBB 538, doc. 06)",https://nsarchive2.gwu.edu/nukevault/ebb538-Cold-War-Nuclear-Target-List-Declassified-First-Ever/documents/section6.pdf,PDF p.30 (A030-L21),365 6616 PYONGYANG E. N KOREA 0380-8009 3901-12551 R,reference number 6616; BE 0380-8009; code R
us_1956_sac_airfields,US (SAC),Poland,1956,study,776,"RADOM/SADKOW, POL",,airfield,1,508,,,51.3833,21.2167,"SAC, Atomic Weapons Requirements Study for 1959 (SM 129-56, June 1956), Part II airfield list (NSA EBB 538, doc. 06)",https://nsarchive2.gwu.edu/nukevault/ebb538-Cold-War-Nuclear-Target-List-Declassified-First-Ever/documents/section6.pdf,PDF p.30 (A030-L22),"508 6705 RADOM/SADKOW, POL 0232-8227 5123-02113 R",reference number 6705; BE 0232-8227; code R
us_1956_sac_airfields,US (SAC),Poland,1956,study,777,"RADZYN, POL",,airfield,1,731,,,51.75,22.6333,"SAC, Atomic Weapons Requirements Study for 1959 (SM 129-56, June 1956), Part II airfield list (NSA EBB 538, doc. 06)",https://nsarchive2.gwu.edu/nukevault/ebb538-Cold-War-Nuclear-Target-List-Declassified-First-Ever/documents/section6.pdf,PDF p.30 (A030-L23),"731 47615 RADZYN, POL 0232-8228 5145-02238 R",reference number 47615; BE 0232-8228; code R
us_1956_sac_airfields,US (SAC),USSR,1956,study,778,RAKVERE,,airfield,1,296,,,59.3667,26.35,"SAC, Atomic Weapons Requirements Study for 1959 (SM 129-56, June 1956), Part II airfield list (NSA EBB 538, doc. 06)",https://nsarchive2.gwu.edu/nukevault/ebb538-Cold-War-Nuclear-Target-List-Declassified-First-Ever/documents/section6.pdf,PDF p.30 (A030-L24),296 82564 RAKVERE 0153-8091 5922-02621 R,reference number 82564; BE 0153-8091; code R
us_1956_sac_airfields,US (SAC),USSR,1956,study,779,RAMENSKOYE,,airfield,1,67,,,55.5667,38.1333,"SAC, Atomic Weapons Requirements Study for 1959 (SM 129-56, June 1956), Part II airfield list (NSA EBB 538, doc. 06)",https://nsarchive2.gwu.edu/nukevault/ebb538-Cold-War-Nuclear-Target-List-Declassified-First-Ever/documents/section6.pdf,PDF p.30 (A030-L25),67 67239 RAMENSKOYE 0167-8059 5534-03808 R,reference number 67239; BE 0167-8059; code R
us_1956_sac_airfields,US (SAC),Poland,1956,study,780,"RASTENBURG, POL",,airfield,1,720,,,54.0667,21.4333,"SAC, Atomic Weapons Requirements Study for 1959 (SM 129-56, June 1956), Part II airfield list (NSA EBB 538, doc. 06)",https://nsarchive2.gwu.edu/nukevault/ebb538-Cold-War-Nuclear-Target-List-Declassified-First-Ever/documents/section6.pdf,PDF p.30 (A030-L26),"720 39205 RASTENBURG, POL 0168-8206 5404-02126 R",reference number 39205; BE 0168-8206; code R
us_1956_sac_airfields,US (SAC),USSR,1956,study,781,RAUKHOVKA,,airfield,1,877,,,47.15,30.8,"SAC, Atomic Weapons Requirements Study for 1959 (SM 129-56, June 1956), Part II airfield list (NSA EBB 538, doc. 06)",https://nsarchive2.gwu.edu/nukevault/ebb538-Cold-War-Nuclear-Target-List-Declassified-First-Ever/documents/section6.pdf,PDF p.30 (A030-L27),877 3798 RAUKHOVKA 0250-3704 4709-03048 R,reference number 3798; BE 0250-3704; code R
us_1956_sac_airfields,US (SAC),Bulgaria,1956,study,782,"RAVNETS, BULG",,airfield,1,393,,,42.5333,27.2667,"SAC, Atomic Weapons Requirements Study for 1959 (SM 129-56, June 1956), Part II airfield list (NSA EBB 538, doc. 06)",https://nsarchive2.gwu.edu/nukevault/ebb538-Cold-War-Nuclear-Target-List-Declassified-First-Ever/documents/section6.pdf,PDF p.30 (A030-L28),"393 1065 RAVNETS, BULG 0323-8030 4232-02716 R",reference number 1065; BE 0323-8030; code R
us_1956_sac_airfields,US (SAC),USSR,1956,study,783,RECHITSA,,airfield,1,1012,,,52.35,30.35,"SAC, Atomic Weapons Requirements Study for 1959 (SM 129-56, June 1956), Part II airfield list (NSA EBB 538, doc. 06)",https://nsarchive2.gwu.edu/nukevault/ebb538-Cold-War-Nuclear-Target-List-Declassified-First-Ever/documents/section6.pdf,PDF p.30 (A030-L29),1012 67598 RECHITSA 0167-8103 5221-03021 R,reference number 67598; BE 0167-8103; code R
us_1956_sac_airfields,US (SAC),GDR,1956,study,784,"RECHLIN/LARZ, E GER",,airfield,1,262,,,53.3,12.75,"SAC, Atomic Weapons Requirements Study for 1959 (SM 129-56, June 1956), Part II airfield list (NSA EBB 538, doc. 06)",https://nsarchive2.gwu.edu/nukevault/ebb538-Cold-War-Nuclear-Target-List-Declassified-First-Ever/documents/section6.pdf,PDF p.31 (A031-L02),"262 9483 RECHLIN/LARZ, E GER 0169-8231 5318-01245 S",reference number 9483; BE 0169-8231; code S
us_1956_sac_airfields,US (SAC),USSR,1956,study,785,REDKINO,,airfield,1,1110,,,52.5333,38.0667,"SAC, Atomic Weapons Requirements Study for 1959 (SM 129-56, June 1956), Part II airfield list (NSA EBB 538, doc. 06)",https://nsarchive2.gwu.edu/nukevault/ebb538-Cold-War-Nuclear-Target-List-Declassified-First-Ever/documents/section6.pdf,PDF p.31 (A031-L03),1110 9670 REDKINO 0167-8100 5232-03804 S,reference number 9670; BE 0167-8100; code S
us_1956_sac_airfields,US (SAC),USSR,1956,study,786,RELBITSY,,airfield,1,629,,,58.0667,30.0833,"SAC, Atomic Weapons Requirements Study for 1959 (SM 129-56, June 1956), Part II airfield list (NSA EBB 538, doc. 06)",https://nsarchive2.gwu.edu/nukevault/ebb538-Cold-War-Nuclear-Target-List-Declassified-First-Ever/documents/section6.pdf,PDF p.31 (A031-L04),629 7704 RELBITSY 0153-8109 5804-03005 S,reference number 7704; BE 0153-8109; code S
us_1956_sac_airfields,US (SAC),USSR,1956,study,787,REMPETI,,airfield,1,943,,,60.4667,28.7667,"SAC, Atomic Weapons Requirements Study for 1959 (SM 129-56, June 1956), Part II airfield list (NSA EBB 538, doc. 06)",https://nsarchive2.gwu.edu/nukevault/ebb538-Cold-War-Nuclear-Target-List-Declassified-First-Ever/documents/section6.pdf,PDF p.31 (A031-L05),943 9320 REMPETI 0103-8613 6028-02846 S,reference number 9320; BE 0103-8613; code S
us_1956_sac_airfields,US (SAC),USSR,1956,study,788,RIGA/SALASPILS,,airfield,1,461,,,56.8667,24.3333,"SAC, Atomic Weapons Requirements Study for 1959 (SM 129-56, June 1956), Part II airfield list (NSA EBB 538, doc. 06)",https://nsarchive2.gwu.edu/nukevault/ebb538-Cold-War-Nuclear-Target-List-Declassified-First-Ever/documents/section6.pdf,PDF p.31 (A031-L06),461 6830 RIGA/SALASPILS 0153-8094 5652-02420 V,reference number 6830; BE 0153-8094; code V
us_1956_sac_airfields,US (SAC),USSR,1956,study,789,RIGA/SKIROTAVA,,airfield,1,699,,,56.8833,24.2167,"SAC, Atomic Weapons Requirements Study for 1959 (SM 129-56, June 1956), Part II airfield list (NSA EBB 538, doc. 06)",https://nsarchive2.gwu.edu/nukevault/ebb538-Cold-War-Nuclear-Target-List-Declassified-First-Ever/documents/section6.pdf,PDF p.31 (A031-L07),699 6830 RIGA/SKIROTAVA 0153-8095 5653-02413 T,reference number 6830; BE 0153-8095; code T
us_1956_sac_airfields,US (SAC),USSR,1956,study,790,RIGA/SPILVE,,airfield,1,191,,,56.9833,24.0833,"SAC, Atomic Weapons Requirements Study for 1959 (SM 129-56, June 1956), Part II airfield list (NSA EBB 538, doc. 06)",https://nsarchive2.gwu.edu/nukevault/ebb538-Cold-War-Nuclear-Target-List-Declassified-First-Ever/documents/section6.pdf,PDF p.31 (A031-L08),191 6830 RIGA/SPILVE 0153-8096 5659-02405 S,reference number 6830; BE 0153-8096; code S
us_1956_sac_airfields,US (SAC),USSR,1956,study,791,RIGA W.,,airfield,1,149,,,56.9167,23.9833,"SAC, Atomic Weapons Requirements Study for 1959 (SM 129-56, June 1956), Part II airfield list (NSA EBB 538, doc. 06)",https://nsarchive2.gwu.edu/nukevault/ebb538-Cold-War-Nuclear-Target-List-Declassified-First-Ever/documents/section6.pdf,PDF p.31 (A031-L09),149 6830 RIGA W. 0153-8098 5655-02359 R,reference number 6830; BE 0153-8098; code R
us_1956_sac_airfields,US (SAC),USSR,1956,study,792,ROMANOVKA,,airfield,1,109,,,43.25,132.45,"SAC, Atomic Weapons Requirements Study for 1959 (SM 129-56, June 1956), Part II airfield list (NSA EBB 538, doc. 06)",https://nsarchive2.gwu.edu/nukevault/ebb538-Cold-War-Nuclear-Target-List-Declassified-First-Ever/documents/section6.pdf,PDF p.31 (A031-L10),109 0290 ROMANOVKA 0291-8006 4315-13227 X,reference number 0290; BE 0291-8006; code X
us_1956_sac_airfields,US (SAC),USSR,1956,study,793,ROMANOVKA W.,,airfield,1,110,,,43.2333,132.3167,"SAC, Atomic Weapons Requirements Study for 1959 (SM 129-56, June 1956), Part II airfield list (NSA EBB 538, doc. 06)",https://nsarchive2.gwu.edu/nukevault/ebb538-Cold-War-Nuclear-Target-List-Declassified-First-Ever/documents/section6.pdf,PDF p.31 (A031-L11),110 0290 ROMANOVKA W. 0291-8675 4314-13219 RM,reference number 0290; BE 0291-8675; code RM
us_1956_sac_airfields,US (SAC),USSR,1956,study,794,ROPSHA,,airfield,1,123,,,59.7167,29.8333,"SAC, Atomic Weapons Requirements Study for 1959 (SM 129-56, June 1956), Part II airfield list (NSA EBB 538, doc. 06)",https://nsarchive2.gwu.edu/nukevault/ebb538-Cold-War-Nuclear-Target-List-Declassified-First-Ever/documents/section6.pdf,PDF p.31 (A031-L12),123 22495 ROPSHA 0153-8099 5943-02950 S,reference number 22495; BE 0153-8099; code S
us_1956_sac_airfields,US (SAC),USSR,1956,study,795,ROSS,,airfield,1,324,,,53.3,24.3667,"SAC, Atomic Weapons Requirements Study for 1959 (SM 129-56, June 1956), Part II airfield list (NSA EBB 538, doc. 06)",https://nsarchive2.gwu.edu/nukevault/ebb538-Cold-War-Nuclear-Target-List-Declassified-First-Ever/documents/section6.pdf,PDF p.31 (A031-L13),324 9162 ROSS 0168-8662 5318-02422 R,reference number 9162; BE 0168-8662; code R
us_1956_sac_airfields,US (SAC),USSR,1956,study,796,ROSSOSH,,airfield,1,1013,,,50.1333,39.6833,"SAC, Atomic Weapons Requirements Study for 1959 (SM 129-56, June 1956), Part II airfield list (NSA EBB 538, doc. 06)",https://nsarchive2.gwu.edu/nukevault/ebb538-Cold-War-Nuclear-Target-List-Declassified-First-Ever/documents/section6.pdf,PDF p.31 (A031-L14),1013 6897 ROSSOSH 0234-8054 5008-03941 R,reference number 6897; BE 0234-8054; code R
us_1956_sac_airfields,US (SAC),USSR,1956,study,797,ROSTOV E.,,airfield,1,841,,,47.25,39.8167,"SAC, Atomic Weapons Requirements Study for 1959 (SM 129-56, June 1956), Part II airfield list (NSA EBB 538, doc. 06)",https://nsarchive2.gwu.edu/nukevault/ebb538-Cold-War-Nuclear-Target-List-Declassified-First-Ever/documents/section6.pdf,PDF p.31 (A031-L15),841 6910 ROSTOV E. 0249-8250 4715-03949 T,reference number 6910; BE 0249-8250; code T
us_1956_sac_airfields,US (SAC),USSR,1956,study,798,ROSTOV N.,,airfield,1,860,,,47.25,39.75,"SAC, Atomic Weapons Requirements Study for 1959 (SM 129-56, June 1956), Part II airfield list (NSA EBB 538, doc. 06)",https://nsarchive2.gwu.edu/nukevault/ebb538-Cold-War-Nuclear-Target-List-Declassified-First-Ever/documents/section6.pdf,PDF p.31 (A031-L16),860 6910 ROSTOV N. 0249-8249 4715-03945 S,reference number 6910; BE 0249-8249; code S
us_1956_sac_airfields,US (SAC),USSR,1956,study,799,ROSTOV N.W.,,airfield,1,290,,,47.2833,39.6333,"SAC, Atomic Weapons Requirements Study for 1959 (SM 129-56, June 1956), Part II airfield list (NSA EBB 538, doc. 06)",https://nsarchive2.gwu.edu/nukevault/ebb538-Cold-War-Nuclear-Target-List-Declassified-First-Ever/documents/section6.pdf,PDF p.31 (A031-L17),290 6910 ROSTOV N.W. 0249-8251 4717-03938 R,reference number 6910; BE 0249-8251; code R
us_1956_sac_airfields,US (SAC),GDR,1956,study,800,"ROTHENBURG, E GER",,airfield,1,122,,,51.3667,14.95,"SAC, Atomic Weapons Requirements Study for 1959 (SM 129-56, June 1956), Part II airfield list (NSA EBB 538, doc. 06)",https://nsarchive2.gwu.edu/nukevault/ebb538-Cold-War-Nuclear-Target-List-Declassified-First-Ever/documents/section6.pdf,PDF p.31 (A031-L18),"122 5465 ROTHENBURG, E GER 0231-8171 5122-01457 R",reference number 5465; BE 0231-8171; code R
us_1956_sac_airfields,US (SAC),USSR,1956,study,801,ROTMISTROVKA,,airfield,1,875,,,49.1333,31.6833,"SAC, Atomic Weapons Requirements Study for 1959 (SM 129-56, June 1956), Part II airfield list (NSA EBB 538, doc. 06)",https://nsarchive2.gwu.edu/nukevault/ebb538-Cold-War-Nuclear-Target-List-Declassified-First-Ever/documents/section6.pdf,PDF p.31 (A031-L19),875 7660 ROTMISTROVKA 0233-8063 4908-03141 R,reference number 7660; BE 0233-8063; code R
us_1956_sac_airfields,US (SAC),USSR,1956,study,802,ROVENKI,,airfield,1,1086,,,48.0833,39.45,"SAC, Atomic Weapons Requirements Study for 1959 (SM 129-56, June 1956), Part II airfield list (NSA EBB 538, doc. 06)",https://nsarchive2.gwu.edu/nukevault/ebb538-Cold-War-Nuclear-Target-List-Declassified-First-Ever/documents/section6.pdf,PDF p.31 (A031-L20),1086 6923 ROVENKI 0234-8055 4805-03927 R,reference number 6923; BE 0234-8055; code R
us_1956_sac_airfields,US (SAC),USSR,1956,study,803,ROVNO,,airfield,1,1087,,,50.6,26.15,"SAC, Atomic Weapons Requirements Study for 1959 (SM 129-56, June 1956), Part II airfield list (NSA EBB 538, doc. 06)",https://nsarchive2.gwu.edu/nukevault/ebb538-Cold-War-Nuclear-Target-List-Declassified-First-Ever/documents/section6.pdf,PDF p.31 (A031-L21),1087 6925 ROVNO 0233-8064 5036-02609 R,reference number 6925; BE 0233-8064; code R
us_1956_sac_airfields,US (SAC),USSR,1956,study,804,RUCHI,,airfield,1,1088,,,66.0167,41.1333,"SAC, Atomic Weapons Requirements Study for 1959 (SM 129-56, June 1956), Part II airfield list (NSA EBB 538, doc. 06)",https://nsarchive2.gwu.edu/nukevault/ebb538-Cold-War-Nuclear-Target-List-Declassified-First-Ever/documents/section6.pdf,PDF p.31 (A031-L22),1088 6994 RUCHI 0092-8029 6601-04108 R,reference number 6994; BE 0092-8029; code R
us_1956_sac_airfields,US (SAC),Poland,1956,study,805,"RUDNIKI, POL",,airfield,1,511,,,50.8833,19.2,"SAC, Atomic Weapons Requirements Study for 1959 (SM 129-56, June 1956), Part II airfield list (NSA EBB 538, doc. 06)",https://nsarchive2.gwu.edu/nukevault/ebb538-Cold-War-Nuclear-Target-List-Declassified-First-Ever/documents/section6.pdf,PDF p.31 (A031-L23),"511 1515 RUDNIKI, POL 0232-8229 5053-01912 R",reference number 1515; BE 0232-8229; code R
us_1956_sac_airfields,US (SAC),USSR,1956,study,806,RYAZAN/DYAGILEVO,,airfield,1,168,,,54.6333,39.5833,"SAC, Atomic Weapons Requirements Study for 1959 (SM 129-56, June 1956), Part II airfield list (NSA EBB 538, doc. 06)",https://nsarchive2.gwu.edu/nukevault/ebb538-Cold-War-Nuclear-Target-List-Declassified-First-Ever/documents/section6.pdf,PDF p.31 (A031-L24),168 7060 RYAZAN/DYAGILEVO 0166-8027 5438-03935 R,reference number 7060; BE 0166-8027; code R
us_1956_sac_airfields,US (SAC),USSR,1956,study,807,RYAZHSK,,airfield,1,642,,,53.7,40.0167,"SAC, Atomic Weapons Requirements Study for 1959 (SM 129-56, June 1956), Part II airfield list (NSA EBB 538, doc. 06)",https://nsarchive2.gwu.edu/nukevault/ebb538-Cold-War-Nuclear-Target-List-Declassified-First-Ever/documents/section6.pdf,PDF p.31 (A031-L25),642 7070 RYAZHSK 0166-8028 5342-04001 R,reference number 7070; BE 0166-8028; code R
us_1956_sac_airfields,US (SAC),USSR,1956,study,808,RYBACHIY,,airfield,1,1089,,,55.1667,20.85,"SAC, Atomic Weapons Requirements Study for 1959 (SM 129-56, June 1956), Part II airfield list (NSA EBB 538, doc. 06)",https://nsarchive2.gwu.edu/nukevault/ebb538-Cold-War-Nuclear-Target-List-Declassified-First-Ever/documents/section6.pdf,PDF p.31 (A031-L26),1089 7072 RYBACHIY 0169-8614 5510-02051 R,reference number 7072; BE 0169-8614; code R
us_1956_sac_airfields,US (SAC),Poland,1956,study,809,"RZEZOW/JASIONKA, POL",,airfield,1,825,,,50.1,22.05,"SAC, Atomic Weapons Requirements Study for 1959 (SM 129-56, June 1956), Part II airfield list (NSA EBB 538, doc. 06)",https://nsarchive2.gwu.edu/nukevault/ebb538-Cold-War-Nuclear-Target-List-Declassified-First-Ever/documents/section6.pdf,PDF p.31 (A031-L27),"825 7095 RZEZOW/JASIONKA, POL 0232-8230 5006-02203 R",reference number 7095; BE 0232-8230; code R
us_1956_sac_airfields,US (SAC),USSR,1956,study,810,RZHEV,,airfield,1,547,,,56.2667,34.4,"SAC, Atomic Weapons Requirements Study for 1959 (SM 129-56, June 1956), Part II airfield list (NSA EBB 538, doc. 06)",https://nsarchive2.gwu.edu/nukevault/ebb538-Cold-War-Nuclear-Target-List-Declassified-First-Ever/documents/section6.pdf,PDF p.31 (A031-L28),547 7100 RZHEV 0154-8039 5616-03424 R,reference number 7100; BE 0154-8039; code R
us_1956_sac_airfields,US (SAC),North Korea,1956,study,811,"SAAMCHAM, N KOREA",,airfield,1,431,,,39.75,125.9,"SAC, Atomic Weapons Requirements Study for 1959 (SM 129-56, June 1956), Part II airfield list (NSA EBB 538, doc. 06)",https://nsarchive2.gwu.edu/nukevault/ebb538-Cold-War-Nuclear-Target-List-Declassified-First-Ever/documents/section6.pdf,PDF p.32 (A032-L02),"431 7160 SAAMCHAM, N KOREA 0380-8016 3945-12554 R",reference number 7160; BE 0380-8016; code R
us_1956_sac_airfields,US (SAC),Poland,1956,study,812,"SAGAN, POL",,airfield,1,391,,,51.6333,15.4,"SAC, Atomic Weapons Requirements Study for 1959 (SM 129-56, June 1956), Part II airfield list (NSA EBB 538, doc. 06)",https://nsarchive2.gwu.edu/nukevault/ebb538-Cold-War-Nuclear-Target-List-Declassified-First-Ever/documents/section6.pdf,PDF p.32 (A032-L03),"391 5455 SAGAN, POL 0231-8090 5138-01524 S",reference number 5455; BE 0231-8090; code S
us_1956_sac_airfields,US (SAC),USSR,1956,study,813,SAKI,,airfield,1,32,,,45.0833,33.6,"SAC, Atomic Weapons Requirements Study for 1959 (SM 129-56, June 1956), Part II airfield list (NSA EBB 538, doc. 06)",https://nsarchive2.gwu.edu/nukevault/ebb538-Cold-War-Nuclear-Target-List-Declassified-First-Ever/documents/section6.pdf,PDF p.32 (A032-L04),32 9695 SAKI 0250-8708 4505-03336 R,reference number 9695; BE 0250-8708; code R
us_1956_sac_airfields,US (SAC),USSR,1956,study,814,SAKKOLA,,airfield,1,370,,,60.7333,30.1167,"SAC, Atomic Weapons Requirements Study for 1959 (SM 129-56, June 1956), Part II airfield list (NSA EBB 538, doc. 06)",https://nsarchive2.gwu.edu/nukevault/ebb538-Cold-War-Nuclear-Target-List-Declassified-First-Ever/documents/section6.pdf,PDF p.32 (A032-L05),370 71825 SAKKOLA 0103-8614 6044-03007 R,reference number 71825; BE 0103-8614; code R
us_1956_sac_airfields,US (SAC),USSR,1956,study,815,SALEKHARD,,airfield,1,615,,,66.5167,66.65,"SAC, Atomic Weapons Requirements Study for 1959 (SM 129-56, June 1956), Part II airfield list (NSA EBB 538, doc. 06)",https://nsarchive2.gwu.edu/nukevault/ebb538-Cold-War-Nuclear-Target-List-Declassified-First-Ever/documents/section6.pdf,PDF p.32 (A032-L06),615 71845 SALEKHARD 0094-8002 6631-06639 R,reference number 71845; BE 0094-8002; code R
us_1956_sac_airfields,US (SAC),USSR,1956,study,816,SALMIYARVI,,airfield,1,616,,,69.3333,29.9833,"SAC, Atomic Weapons Requirements Study for 1959 (SM 129-56, June 1956), Part II airfield list (NSA EBB 538, doc. 06)",https://nsarchive2.gwu.edu/nukevault/ebb538-Cold-War-Nuclear-Target-List-Declassified-First-Ever/documents/section6.pdf,PDF p.32 (A032-L07),616 3797 SALMIYARVI 0051-8619 6920-02959 R,reference number 3797; BE 0051-8619; code R
us_1956_sac_airfields,US (SAC),USSR,1956,study,817,SALSK,,airfield,1,784,,,46.45,41.4833,"SAC, Atomic Weapons Requirements Study for 1959 (SM 129-56, June 1956), Part II airfield list (NSA EBB 538, doc. 06)",https://nsarchive2.gwu.edu/nukevault/ebb538-Cold-War-Nuclear-Target-List-Declassified-First-Ever/documents/section6.pdf,PDF p.32 (A032-L08),784 7190 SALSK 0249-8055 4627-04129 R,reference number 7190; BE 0249-8055; code R
us_1956_sac_airfields,US (SAC),USSR,1956,study,818,SALYANY,,airfield,1,336,,,39.65,49.0,"SAC, Atomic Weapons Requirements Study for 1959 (SM 129-56, June 1956), Part II airfield list (NSA EBB 538, doc. 06)",https://nsarchive2.gwu.edu/nukevault/ebb538-Cold-War-Nuclear-Target-List-Declassified-First-Ever/documents/section6.pdf,PDF p.32 (A032-L09),336 7193 SALYANY 0339-8614 3939-04900 R,reference number 7193; BE 0339-8614; code R
us_1956_sac_airfields,US (SAC),USSR,1956,study,819,SAMARKAND,,airfield,1,116,,,39.7,66.9667,"SAC, Atomic Weapons Requirements Study for 1959 (SM 129-56, June 1956), Part II airfield list (NSA EBB 538, doc. 06)",https://nsarchive2.gwu.edu/nukevault/ebb538-Cold-War-Nuclear-Target-List-Declassified-First-Ever/documents/section6.pdf,PDF p.32 (A032-L10),116 7200 SAMARKAND 0336-8627 3942-06658 R,reference number 7200; BE 0336-8627; code R
us_1956_sac_airfields,US (SAC),USSR,1956,study,820,SAMBOR,,airfield,1,433,,,49.55,23.3333,"SAC, Atomic Weapons Requirements Study for 1959 (SM 129-56, June 1956), Part II airfield list (NSA EBB 538, doc. 06)",https://nsarchive2.gwu.edu/nukevault/ebb538-Cold-War-Nuclear-Target-List-Declassified-First-Ever/documents/section6.pdf,PDF p.32 (A032-L11),433 1780 SAMBOR 0232-8617 4933-02320 S,reference number 1780; BE 0232-8617; code S
us_1956_sac_airfields,US (SAC),USSR,1956,study,821,SAMTREDIA E.,,airfield,1,39,,,42.1833,42.4667,"SAC, Atomic Weapons Requirements Study for 1959 (SM 129-56, June 1956), Part II airfield list (NSA EBB 538, doc. 06)",https://nsarchive2.gwu.edu/nukevault/ebb538-Cold-War-Nuclear-Target-List-Declassified-First-Ever/documents/section6.pdf,PDF p.32 (A032-L12),39 7210 SAMTREDIA E. 0324-8641 4211-04228 T,reference number 7210; BE 0324-8641; code T
us_1956_sac_airfields,US (SAC),USSR,1956,study,822,SAMTREDIA N.,,airfield,1,193,,,42.25,42.3333,"SAC, Atomic Weapons Requirements Study for 1959 (SM 129-56, June 1956), Part II airfield list (NSA EBB 538, doc. 06)",https://nsarchive2.gwu.edu/nukevault/ebb538-Cold-War-Nuclear-Target-List-Declassified-First-Ever/documents/section6.pdf,PDF p.32 (A032-L13),193 7210 SAMTREDIA N. 0324-8634 4215-04220 S,reference number 7210; BE 0324-8634; code S
us_1956_sac_airfields,US (SAC),USSR,1956,study,823,SANDAGOU,,airfield,1,931,,,44.0833,133.8667,"SAC, Atomic Weapons Requirements Study for 1959 (SM 129-56, June 1956), Part II airfield list (NSA EBB 538, doc. 06)",https://nsarchive2.gwu.edu/nukevault/ebb538-Cold-War-Nuclear-Target-List-Declassified-First-Ever/documents/section6.pdf,PDF p.32 (A032-L14),931 72115 SANDAGOU 0282-8681 4405-13352 R,reference number 72115; BE 0282-8681; code R
us_1956_sac_airfields,US (SAC),USSR,1956,study,824,SANGACHALY,,airfield,1,382,,,40.1667,49.4667,"SAC, Atomic Weapons Requirements Study for 1959 (SM 129-56, June 1956), Part II airfield list (NSA EBB 538, doc. 06)",https://nsarchive2.gwu.edu/nukevault/ebb538-Cold-War-Nuclear-Target-List-Declassified-First-Ever/documents/section6.pdf,PDF p.32 (A032-L15),382 72118 SANGACHALY 0325-8740 4010-04928 R,reference number 72118; BE 0325-8740; code R
us_1956_sac_airfields,US (SAC),PRC,1956,study,825,"SAN SHIH LI PU, MANCH",,airfield,1,398,,,39.2833,121.7667,"SAC, Atomic Weapons Requirements Study for 1959 (SM 129-56, June 1956), Part II airfield list (NSA EBB 538, doc. 06)",https://nsarchive2.gwu.edu/nukevault/ebb538-Cold-War-Nuclear-Target-List-Declassified-First-Ever/documents/section6.pdf,PDF p.32 (A032-L16),"398 72155 SAN SHIH LI PU, MANCH 0381-8001 3917-12146 U",Manchuria; reference number 72155; BE 0381-8001; code U
us_1956_sac_airfields,US (SAC),USSR,1956,study,826,SARABUZ,,airfield,1,74,,,45.1167,33.9833,"SAC, Atomic Weapons Requirements Study for 1959 (SM 129-56, June 1956), Part II airfield list (NSA EBB 538, doc. 06)",https://nsarchive2.gwu.edu/nukevault/ebb538-Cold-War-Nuclear-Target-List-Declassified-First-Ever/documents/section6.pdf,PDF p.32 (A032-L17),74 7600 SARABUZ 0250-8720 4507-03359 R,reference number 7600; BE 0250-8720; code R
us_1956_sac_airfields,US (SAC),USSR,1956,study,827,SARATA,,airfield,1,334,,,46.05,29.65,"SAC, Atomic Weapons Requirements Study for 1959 (SM 129-56, June 1956), Part II airfield list (NSA EBB 538, doc. 06)",https://nsarchive2.gwu.edu/nukevault/ebb538-Cold-War-Nuclear-Target-List-Declassified-First-Ever/documents/section6.pdf,PDF p.32 (A032-L18),334 0307 SARATA 0250-8750 4603-02939 S,reference number 0307; BE 0250-8750; code S
us_1956_sac_airfields,US (SAC),USSR,1956,study,828,SARATOV S.,,airfield,1,470,,,51.4833,45.95,"SAC, Atomic Weapons Requirements Study for 1959 (SM 129-56, June 1956), Part II airfield list (NSA EBB 538, doc. 06)",https://nsarchive2.gwu.edu/nukevault/ebb538-Cold-War-Nuclear-Target-List-Declassified-First-Ever/documents/section6.pdf,PDF p.32 (A032-L19),470 7250 SARATOV S. 0235-8021 5129-04557 S,reference number 7250; BE 0235-8021; code S
us_1956_sac_airfields,US (SAC),USSR,1956,study,829,SARATOV W.,,airfield,1,881,,,51.5333,45.85,"SAC, Atomic Weapons Requirements Study for 1959 (SM 129-56, June 1956), Part II airfield list (NSA EBB 538, doc. 06)",https://nsarchive2.gwu.edu/nukevault/ebb538-Cold-War-Nuclear-Target-List-Declassified-First-Ever/documents/section6.pdf,PDF p.32 (A032-L20),881 7250 SARATOV W. 0235-8022 5132-04551 X,reference number 7250; BE 0235-8022; code X
us_1956_sac_airfields,US (SAC),USSR,1956,study,830,SARGOL S.E.,,airfield,1,842,,,51.1333,136.5833,"SAC, Atomic Weapons Requirements Study for 1959 (SM 129-56, June 1956), Part II airfield list (NSA EBB 538, doc. 06)",https://nsarchive2.gwu.edu/nukevault/ebb538-Cold-War-Nuclear-Target-List-Declassified-First-Ever/documents/section6.pdf,PDF p.32 (A032-L21),842 7255 SARGOL S.E. 0204-8008 5108-13635 R,reference number 7255; BE 0204-8008; code R
us_1956_sac_airfields,US (SAC),Hungary,1956,study,831,"SARMELLEK, HUNG",,airfield,1,270,,,46.6833,17.15,"SAC, Atomic Weapons Requirements Study for 1959 (SM 129-56, June 1956), Part II airfield list (NSA EBB 538, doc. 06)",https://nsarchive2.gwu.edu/nukevault/ebb538-Cold-War-Nuclear-Target-List-Declassified-First-Ever/documents/section6.pdf,PDF p.32 (A032-L22),"270 9788 SARMELLEK, HUNG 0252-8080 4641-01709 R",reference number 9788; BE 0252-8080; code R
us_1956_sac_airfields,US (SAC),Romania,1956,study,832,"SATU MARE, RUM",,airfield,1,760,,,47.7167,22.8833,"SAC, Atomic Weapons Requirements Study for 1959 (SM 129-56, June 1956), Part II airfield list (NSA EBB 538, doc. 06)",https://nsarchive2.gwu.edu/nukevault/ebb538-Cold-War-Nuclear-Target-List-Declassified-First-Ever/documents/section6.pdf,PDF p.32 (A032-L23),"760 7271 SATU MARE, RUM 0251-8035 4743-02253 R",reference number 7271; BE 0251-8035; code R
us_1956_sac_airfields,US (SAC),Poland,1956,study,833,SCHNEIDEMUHL W. POL,,airfield,1,700,,,53.1667,16.7167,"SAC, Atomic Weapons Requirements Study for 1959 (SM 129-56, June 1956), Part II airfield list (NSA EBB 538, doc. 06)",https://nsarchive2.gwu.edu/nukevault/ebb538-Cold-War-Nuclear-Target-List-Declassified-First-Ever/documents/section6.pdf,PDF p.32 (A032-L24),700 73255 SCHNEIDEMUHL W. POL 0169-8274 5310-01643 R,reference number 73255; BE 0169-8274; code R
us_1956_sac_airfields,US (SAC),GDR,1956,study,834,"SCHONEFELD, E GER",,airfield,1,656,,,52.3833,13.5167,"SAC, Atomic Weapons Requirements Study for 1959 (SM 129-56, June 1956), Part II airfield list (NSA EBB 538, doc. 06)",https://nsarchive2.gwu.edu/nukevault/ebb538-Cold-War-Nuclear-Target-List-Declassified-First-Ever/documents/section6.pdf,PDF p.32 (A032-L25),"656 0685 SCHONEFELD, E GER 0169-8233 5223-01331 R",reference number 0685; BE 0169-8233; code R
us_1956_sac_airfields,US (SAC),Poland,1956,study,835,SCHWEIDNITZ E. POL,,airfield,1,846,,,50.85,16.5167,"SAC, Atomic Weapons Requirements Study for 1959 (SM 129-56, June 1956), Part II airfield list (NSA EBB 538, doc. 06)",https://nsarchive2.gwu.edu/nukevault/ebb538-Cold-War-Nuclear-Target-List-Declassified-First-Ever/documents/section6.pdf,PDF p.32 (A032-L26),846 9365 SCHWEIDNITZ E. POL 0232-8232 5051-01631 R,reference number 9365; BE 0232-8232; code R
us_1956_sac_airfields,US (SAC),Poland,1956,study,836,"SEEGER, POL",,airfield,1,388,,,54.05,16.2667,"SAC, Atomic Weapons Requirements Study for 1959 (SM 129-56, June 1956), Part II airfield list (NSA EBB 538, doc. 06)",https://nsarchive2.gwu.edu/nukevault/ebb538-Cold-War-Nuclear-Target-List-Declassified-First-Ever/documents/section6.pdf,PDF p.32 (A032-L27),"388 3927 SEEGER, POL 0169-8308 5403-01616 R",reference number 3927; BE 0169-8308; code R
us_1956_sac_airfields,US (SAC),USSR,1956,study,837,SEGEZHA,,airfield,1,1015,,,63.7667,34.2833,"SAC, Atomic Weapons Requirements Study for 1959 (SM 129-56, June 1956), Part II airfield list (NSA EBB 538, doc. 06)",https://nsarchive2.gwu.edu/nukevault/ebb538-Cold-War-Nuclear-Target-List-Declassified-First-Ever/documents/section6.pdf,PDF p.32 (A032-L28),1015 7380 SEGEZHA 0102-8023 6346-03417 R,reference number 7380; BE 0102-8023; code R
us_1956_sac_airfields,US (SAC),USSR,1956,study,838,SELIKSA,,airfield,1,882,,,53.2667,45.2833,"SAC, Atomic Weapons Requirements Study for 1959 (SM 129-56, June 1956), Part II airfield list (NSA EBB 538, doc. 06)",https://nsarchive2.gwu.edu/nukevault/ebb538-Cold-War-Nuclear-Target-List-Declassified-First-Ever/documents/section6.pdf,PDF p.33 (A033-L05),882 6160 SELIKSA 0166-8032 5316-04517 S,reference number 6160; BE 0166-8032; code S
us_1956_sac_airfields,US (SAC),USSR,1956,study,839,SEMENOVKA,,airfield,1,756,,,44.15,133.2667,"SAC, Atomic Weapons Requirements Study for 1959 (SM 129-56, June 1956), Part II airfield list (NSA EBB 538, doc. 06)",https://nsarchive2.gwu.edu/nukevault/ebb538-Cold-War-Nuclear-Target-List-Declassified-First-Ever/documents/section6.pdf,PDF p.33 (A033-L06),756 7390 SEMENOVKA 0282-8031 4409-13316 RA,reference number 7390; BE 0282-8031; code RA
us_1956_sac_airfields,US (SAC),USSR,1956,study,840,SEMIPALATINSK,,airfield,1,69,,,50.35,80.2833,"SAC, Atomic Weapons Requirements Study for 1959 (SM 129-56, June 1956), Part II airfield list (NSA EBB 538, doc. 06)",https://nsarchive2.gwu.edu/nukevault/ebb538-Cold-War-Nuclear-Target-List-Declassified-First-Ever/documents/section6.pdf,PDF p.33 (A033-L07),69 7392 SEMIPALATINSK 0239-8602 5021-08017 R,reference number 7392; BE 0239-8602; code R
us_1956_sac_airfields,US (SAC),USSR,1956,study,841,SERAFIMOVKA,,airfield,1,244,,,43.8833,135.2167,"SAC, Atomic Weapons Requirements Study for 1959 (SM 129-56, June 1956), Part II airfield list (NSA EBB 538, doc. 06)",https://nsarchive2.gwu.edu/nukevault/ebb538-Cold-War-Nuclear-Target-List-Declassified-First-Ever/documents/section6.pdf,PDF p.33 (A033-L08),244 5730 SERAFIMOVKA 0291-8639 4353-13513 R,reference number 5730; BE 0291-8639; code R
us_1956_sac_airfields,US (SAC),USSR,1956,study,842,SERGEYEVKA S.,,airfield,1,183,,,43.3167,133.3333,"SAC, Atomic Weapons Requirements Study for 1959 (SM 129-56, June 1956), Part II airfield list (NSA EBB 538, doc. 06)",https://nsarchive2.gwu.edu/nukevault/ebb538-Cold-War-Nuclear-Target-List-Declassified-First-Ever/documents/section6.pdf,PDF p.33 (A033-L09),183 7942 SERGEYEVKA S. 0291-8641 4319-13320 S,reference number 7942; BE 0291-8641; code S
us_1956_sac_airfields,US (SAC),USSR,1956,study,843,SERPUKHOV,,airfield,1,575,,,54.9,37.3833,"SAC, Atomic Weapons Requirements Study for 1959 (SM 129-56, June 1956), Part II airfield list (NSA EBB 538, doc. 06)",https://nsarchive2.gwu.edu/nukevault/ebb538-Cold-War-Nuclear-Target-List-Declassified-First-Ever/documents/section6.pdf,PDF p.33 (A033-L10),575 7410 SERPUKHOV 0167-8080 5454-03723 R,reference number 7410; BE 0167-8080; code R
us_1956_sac_airfields,US (SAC),USSR,1956,study,844,SERYSHEVO,,airfield,1,627,,,51.1167,128.35,"SAC, Atomic Weapons Requirements Study for 1959 (SM 129-56, June 1956), Part II airfield list (NSA EBB 538, doc. 06)",https://nsarchive2.gwu.edu/nukevault/ebb538-Cold-War-Nuclear-Target-List-Declassified-First-Ever/documents/section6.pdf,PDF p.33 (A033-L11),627 7415 SERYSHEVO 0203-8630 5107-12821 R,reference number 7415; BE 0203-8630; code R
us_1956_sac_airfields,US (SAC),USSR,1956,study,845,SESHCHA,,airfield,1,9,,,53.7167,33.35,"SAC, Atomic Weapons Requirements Study for 1959 (SM 129-56, June 1956), Part II airfield list (NSA EBB 538, doc. 06)",https://nsarchive2.gwu.edu/nukevault/ebb538-Cold-War-Nuclear-Target-List-Declassified-First-Ever/documents/section6.pdf,PDF p.33 (A033-L12),9 7418 SESHCHA 0167-8083 5343-03321 R,reference number 7418; BE 0167-8083; code R
us_1956_sac_airfields,US (SAC),USSR,1956,study,846,SEVASTOPOL,,airfield,1,1090,,,44.5833,33.5167,"SAC, Atomic Weapons Requirements Study for 1959 (SM 129-56, June 1956), Part II airfield list (NSA EBB 538, doc. 06)",https://nsarchive2.gwu.edu/nukevault/ebb538-Cold-War-Nuclear-Target-List-Declassified-First-Ever/documents/section6.pdf,PDF p.33 (A033-L13),1090 7430 SEVASTOPOL 0250-8710 4435-03331 R,reference number 7430; BE 0250-8710; code R
us_1956_sac_airfields,US (SAC),USSR,1956,study,847,SEVASTOPOL/BELBEK,,airfield,1,118,,,44.6833,33.5667,"SAC, Atomic Weapons Requirements Study for 1959 (SM 129-56, June 1956), Part II airfield list (NSA EBB 538, doc. 06)",https://nsarchive2.gwu.edu/nukevault/ebb538-Cold-War-Nuclear-Target-List-Declassified-First-Ever/documents/section6.pdf,PDF p.33 (A033-L14),118 7430 SEVASTOPOL/BELBEK 0250-8656 4441-03334 V,reference number 7430; BE 0250-8656; code V
us_1956_sac_airfields,US (SAC),USSR,1956,study,848,SEVASTOPOL/KHERSONES,,airfield,1,331,,,44.5667,33.4,"SAC, Atomic Weapons Requirements Study for 1959 (SM 129-56, June 1956), Part II airfield list (NSA EBB 538, doc. 06)",https://nsarchive2.gwu.edu/nukevault/ebb538-Cold-War-Nuclear-Target-List-Declassified-First-Ever/documents/section6.pdf,PDF p.33 (A033-L15),331 7430 SEVASTOPOL/KHERSONES 0250-8714 4434-03324 T,reference number 7430; BE 0250-8714; code T
us_1956_sac_airfields,US (SAC),USSR,1956,study,849,SEYMCHAN,,airfield,1,61,,,62.8833,152.4167,"SAC, Atomic Weapons Requirements Study for 1959 (SM 129-56, June 1956), Part II airfield list (NSA EBB 538, doc. 06)",https://nsarchive2.gwu.edu/nukevault/ebb538-Cold-War-Nuclear-Target-List-Declassified-First-Ever/documents/section6.pdf,PDF p.33 (A033-L16),61 7457 SEYMCHAN 0122-8000 6253-15225 R,reference number 7457; BE 0122-8000; code R
us_1956_sac_airfields,US (SAC),USSR,1956,study,850,SHABSKIY,,airfield,1,137,,,40.2333,68.9,"SAC, Atomic Weapons Requirements Study for 1959 (SM 129-56, June 1956), Part II airfield list (NSA EBB 538, doc. 06)",https://nsarchive2.gwu.edu/nukevault/ebb538-Cold-War-Nuclear-Target-List-Declassified-First-Ever/documents/section6.pdf,PDF p.33 (A033-L17),137 7459 SHABSKIY 0328-8633 4014-06854 S,reference number 7459; BE 0328-8633; code S
us_1956_sac_airfields,US (SAC),USSR,1956,study,851,SHCHERBAKOV,,airfield,1,932,,,58.0,38.8333,"SAC, Atomic Weapons Requirements Study for 1959 (SM 129-56, June 1956), Part II airfield list (NSA EBB 538, doc. 06)",https://nsarchive2.gwu.edu/nukevault/ebb538-Cold-War-Nuclear-Target-List-Declassified-First-Ever/documents/section6.pdf,PDF p.33 (A033-L18),932 7500 SHCHERBAKOV 0154-8042 5800-03850 R,reference number 7500; BE 0154-8042; code R
us_1956_sac_airfields,US (SAC),USSR,1956,study,852,SHCHUCHIN,,airfield,1,121,,,53.6,24.7667,"SAC, Atomic Weapons Requirements Study for 1959 (SM 129-56, June 1956), Part II airfield list (NSA EBB 538, doc. 06)",https://nsarchive2.gwu.edu/nukevault/ebb538-Cold-War-Nuclear-Target-List-Declassified-First-Ever/documents/section6.pdf,PDF p.33 (A033-L19),121 7501 SHCHUCHIN 0168-8688 5336-02446 R,reference number 7501; BE 0168-8688; code R
us_1956_sac_airfields,US (SAC),PRC,1956,study,853,"SHIH MEN, CHINA",,airfield,1,158,,,38.0667,114.4167,"SAC, Atomic Weapons Requirements Study for 1959 (SM 129-56, June 1956), Part II airfield list (NSA EBB 538, doc. 06)",https://nsarchive2.gwu.edu/nukevault/ebb538-Cold-War-Nuclear-Target-List-Declassified-First-Ever/documents/section6.pdf,PDF p.33 (A033-L20),"158 7517 SHIH MEN, CHINA 0382-8410 3804-11425 R",reference number 7517; BE 0382-8410; code R
us_1956_sac_airfields,US (SAC),USSR,1956,study,854,SHKOTOVO,,airfield,1,200,,,43.3167,132.4333,"SAC, Atomic Weapons Requirements Study for 1959 (SM 129-56, June 1956), Part II airfield list (NSA EBB 538, doc. 06)",https://nsarchive2.gwu.edu/nukevault/ebb538-Cold-War-Nuclear-Target-List-Declassified-First-Ever/documents/section6.pdf,PDF p.33 (A033-L21),200 0290 SHKOTOVO 0291-8643 4319-13226 RB,reference number 0290; BE 0291-8643; code RB
us_1956_sac_airfields,US (SAC),USSR,1956,study,855,SHONGUY,,airfield,1,607,,,68.75,33.15,"SAC, Atomic Weapons Requirements Study for 1959 (SM 129-56, June 1956), Part II airfield list (NSA EBB 538, doc. 06)",https://nsarchive2.gwu.edu/nukevault/ebb538-Cold-War-Nuclear-Target-List-Declassified-First-Ever/documents/section6.pdf,PDF p.33 (A033-L22),607 5240 SHONGUY 0051-8620 6845-03309 X,reference number 5240; BE 0051-8620; code X
us_1956_sac_airfields,US (SAC),PRC,1956,study,856,"SHUANG CHENG, MANCH",,airfield,1,686,,,45.4,126.2833,"SAC, Atomic Weapons Requirements Study for 1959 (SM 129-56, June 1956), Part II airfield list (NSA EBB 538, doc. 06)",https://nsarchive2.gwu.edu/nukevault/ebb538-Cold-War-Nuclear-Target-List-Declassified-First-Ever/documents/section6.pdf,PDF p.33 (A033-L23),"686 75603 SHUANG CHENG, MANCH 0283-8005 4524-12617 R",Manchuria; reference number 75603; BE 0283-8005; code R
us_1956_sac_airfields,US (SAC),PRC,1956,study,857,"SHUANG LIU, CHINA",,airfield,1,830A,,,30.5667,103.95,"SAC, Atomic Weapons Requirements Study for 1959 (SM 129-56, June 1956), Part II airfield list (NSA EBB 538, doc. 06)",https://nsarchive2.gwu.edu/nukevault/ebb538-Cold-War-Nuclear-Target-List-Declassified-First-Ever/documents/section6.pdf,PDF p.33 (A033-L24),"830A 12155 SHUANG LIU, CHINA 0495-8417 3034-10357 Y",reference number 12155; BE 0495-8417; code Y
us_1956_sac_airfields,US (SAC),PRC,1956,study,858,"SHUI KOU, CHINA",,airfield,1,1077A,,,23.05,114.5833,"SAC, Atomic Weapons Requirements Study for 1959 (SM 129-56, June 1956), Part II airfield list (NSA EBB 538, doc. 06)",https://nsarchive2.gwu.edu/nukevault/ebb538-Cold-War-Nuclear-Target-List-Declassified-First-Ever/documents/section6.pdf,PDF p.33 (A033-L25),"1077A 28348 SHUI KOU, CHINA 0614-8422 2303-11435 R",reference number 28348; BE 0614-8422; code R
us_1956_sac_airfields,US (SAC),USSR,1956,study,859,SHULI,,airfield,1,226,,,44.5833,33.75,"SAC, Atomic Weapons Requirements Study for 1959 (SM 129-56, June 1956), Part II airfield list (NSA EBB 538, doc. 06)",https://nsarchive2.gwu.edu/nukevault/ebb538-Cold-War-Nuclear-Target-List-Declassified-First-Ever/documents/section6.pdf,PDF p.33 (A033-L26),226 7430 SHULI 0250-8762 4435-03345 W,reference number 7430; BE 0250-8762; code W
us_1956_sac_airfields,US (SAC),USSR,1956,study,860,SIAULIAI,,airfield,1,77,,,55.9,23.3833,"SAC, Atomic Weapons Requirements Study for 1959 (SM 129-56, June 1956), Part II airfield list (NSA EBB 538, doc. 06)",https://nsarchive2.gwu.edu/nukevault/ebb538-Cold-War-Nuclear-Target-List-Declassified-First-Ever/documents/section6.pdf,PDF p.33 (A033-L27),77 7562 SIAULIAI 0168-8664 5554-02323 R,reference number 7562; BE 0168-8664; code R
us_1956_sac_airfields,US (SAC),USSR,1956,study,861,SIAULIAI N.,,airfield,1,399,,,55.9833,23.35,"SAC, Atomic Weapons Requirements Study for 1959 (SM 129-56, June 1956), Part II airfield list (NSA EBB 538, doc. 06)",https://nsarchive2.gwu.edu/nukevault/ebb538-Cold-War-Nuclear-Target-List-Declassified-First-Ever/documents/section6.pdf,PDF p.33 (A033-L28),399 7562 SIAULIAI N. 0168-8691 5559-02321 T,reference number 7562; BE 0168-8691; code T
us_1956_sac_airfields,US (SAC),USSR,1956,study,862,SIAULIAI W.,,airfield,1,1014,,,55.9333,23.1167,"SAC, Atomic Weapons Requirements Study for 1959 (SM 129-56, June 1956), Part II airfield list (NSA EBB 538, doc. 06)",https://nsarchive2.gwu.edu/nukevault/ebb538-Cold-War-Nuclear-Target-List-Declassified-First-Ever/documents/section6.pdf,PDF p.33 (A033-L29),1014 7562 SIAULIAI W. 0168-8665 5556-02307 S,reference number 7562; BE 0168-8665; code S
us_1956_sac_airfields,US (SAC),Romania,1956,study,863,"SIBIU/TURNISOR, RUM",,airfield,1,752,,,45.7833,24.0833,"SAC, Atomic Weapons Requirements Study for 1959 (SM 129-56, June 1956), Part II airfield list (NSA EBB 538, doc. 06)",https://nsarchive2.gwu.edu/nukevault/ebb538-Cold-War-Nuclear-Target-List-Declassified-First-Ever/documents/section6.pdf,PDF p.33 (A033-L30),"752 7563 SIBIU/TURNISOR, RUM 0251-8036 4547-02405 R",reference number 7563; BE 0251-8036; code R
us_1956_sac_airfields,US (SAC),USSR,1956,study,864,SIMFEROPOL,,airfield,1,625,,,44.9333,34.0667,"SAC, Atomic Weapons Requirements Study for 1959 (SM 129-56, June 1956), Part II airfield list (NSA EBB 538, doc. 06)",https://nsarchive2.gwu.edu/nukevault/ebb538-Cold-War-Nuclear-Target-List-Declassified-First-Ever/documents/section6.pdf,PDF p.33 (A033-L31),625 7600 SIMFEROPOL 0250-8007 4456-03404 S,reference number 7600; BE 0250-8007; code S
us_1956_sac_airfields,US (SAC),Poland,1956,study,865,"SIMMATZIG, POL",,airfield,1,266,,,53.7833,15.8333,"SAC, Atomic Weapons Requirements Study for 1959 (SM 129-56, June 1956), Part II airfield list (NSA EBB 538, doc. 06)",https://nsarchive2.gwu.edu/nukevault/ebb538-Cold-War-Nuclear-Target-List-Declassified-First-Ever/documents/section6.pdf,PDF p.34 (A034-L03),"266 2060 SIMMATZIG, POL 0169-8311 5347-01550 R",reference number 2060; BE 0169-8311; code R
us_1956_sac_airfields,US (SAC),North Korea,1956,study,866,"SINUIJU, N KOREA",,airfield,1,728,,,40.0833,124.4167,"SAC, Atomic Weapons Requirements Study for 1959 (SM 129-56, June 1956), Part II airfield list (NSA EBB 538, doc. 06)",https://nsarchive2.gwu.edu/nukevault/ebb538-Cold-War-Nuclear-Target-List-Declassified-First-Ever/documents/section6.pdf,PDF p.34 (A034-L04),"728 02495 SINUIJU, N KOREA 0290-8006 4005-12425 T",reference number 02495; BE 0290-8006; code T
us_1956_sac_airfields,US (SAC),USSR,1956,study,867,SIVERSKIY,,airfield,1,381,,,59.35,30.05,"SAC, Atomic Weapons Requirements Study for 1959 (SM 129-56, June 1956), Part II airfield list (NSA EBB 538, doc. 06)",https://nsarchive2.gwu.edu/nukevault/ebb538-Cold-War-Nuclear-Target-List-Declassified-First-Ever/documents/section6.pdf,PDF p.34 (A034-L05),381 76125 SIVERSKIY 0153-8107 5921-03003 R,reference number 76125; BE 0153-8107; code R
us_1956_sac_airfields,US (SAC),Czechoslovakia,1956,study,868,"SLIAC, CZECH",,airfield,1,500,,,48.6333,19.1333,"SAC, Atomic Weapons Requirements Study for 1959 (SM 129-56, June 1956), Part II airfield list (NSA EBB 538, doc. 06)",https://nsarchive2.gwu.edu/nukevault/ebb538-Cold-War-Nuclear-Target-List-Declassified-First-Ever/documents/section6.pdf,PDF p.34 (A034-L06),"500 0535 SLIAC, CZECH 0232-8272 4838-01908 R",reference number 0535; BE 0232-8272; code R
us_1956_sac_airfields,US (SAC),USSR,1956,study,869,SLONIM,,airfield,1,933,,,53.05,25.25,"SAC, Atomic Weapons Requirements Study for 1959 (SM 129-56, June 1956), Part II airfield list (NSA EBB 538, doc. 06)",https://nsarchive2.gwu.edu/nukevault/ebb538-Cold-War-Nuclear-Target-List-Declassified-First-Ever/documents/section6.pdf,PDF p.34 (A034-L07),933 7653 SLONIM 0168-8667 5303-02515 R,reference number 7653; BE 0168-8667; code R
us_1956_sac_airfields,US (SAC),USSR,1956,study,870,SLUTSK,,airfield,1,813,,,53.05,27.55,"SAC, Atomic Weapons Requirements Study for 1959 (SM 129-56, June 1956), Part II airfield list (NSA EBB 538, doc. 06)",https://nsarchive2.gwu.edu/nukevault/ebb538-Cold-War-Nuclear-Target-List-Declassified-First-Ever/documents/section6.pdf,PDF p.34 (A034-L08),813 7655 SLUTSK 0168-8689 5303-02733 R,reference number 7655; BE 0168-8689; code R
us_1956_sac_airfields,US (SAC),USSR,1956,study,871,SMOLENSK,,airfield,1,377,,,54.8333,32.0333,"SAC, Atomic Weapons Requirements Study for 1959 (SM 129-56, June 1956), Part II airfield list (NSA EBB 538, doc. 06)",https://nsarchive2.gwu.edu/nukevault/ebb538-Cold-War-Nuclear-Target-List-Declassified-First-Ever/documents/section6.pdf,PDF p.34 (A034-L09),377 7670 SMOLENSK 0167-8012 5450-03202 R,reference number 7670; BE 0167-8012; code R
us_1956_sac_airfields,US (SAC),Poland,1956,study,872,"SOCHACZEW/BIELICE, POL",,airfield,1,117,,,52.1833,20.2833,"SAC, Atomic Weapons Requirements Study for 1959 (SM 129-56, June 1956), Part II airfield list (NSA EBB 538, doc. 06)",https://nsarchive2.gwu.edu/nukevault/ebb538-Cold-War-Nuclear-Target-List-Declassified-First-Ever/documents/section6.pdf,PDF p.34 (A034-L10),"117 2415 SOCHACZEW/BIELICE, POL 0169-8305 5211-02017 R",reference number 2415; BE 0169-8305; code R
us_1956_sac_airfields,US (SAC),USSR,1956,study,873,SOCHI,,airfield,1,770,,,43.6,39.7167,"SAC, Atomic Weapons Requirements Study for 1959 (SM 129-56, June 1956), Part II airfield list (NSA EBB 538, doc. 06)",https://nsarchive2.gwu.edu/nukevault/ebb538-Cold-War-Nuclear-Target-List-Declassified-First-Ever/documents/section6.pdf,PDF p.34 (A034-L11),770 6270 SOCHI 0324-8638 4336-03943 T,reference number 6270; BE 0324-8638; code T
us_1956_sac_airfields,US (SAC),Bulgaria,1956,study,874,"SOFIYA/BOZHURISHTE, BULG",,airfield,1,886,,,42.75,23.2,"SAC, Atomic Weapons Requirements Study for 1959 (SM 129-56, June 1956), Part II airfield list (NSA EBB 538, doc. 06)",https://nsarchive2.gwu.edu/nukevault/ebb538-Cold-War-Nuclear-Target-List-Declassified-First-Ever/documents/section6.pdf,PDF p.34 (A034-L12),"886 7685 SOFIYA/BOZHURISHTE, BULG 0322-8042 4245-02312 T",reference number 7685; BE 0322-8042; code T
us_1956_sac_airfields,US (SAC),Bulgaria,1956,study,875,"SOFIYA/KUMARITSA, BULG",,airfield,1,285,,,42.8,23.3,"SAC, Atomic Weapons Requirements Study for 1959 (SM 129-56, June 1956), Part II airfield list (NSA EBB 538, doc. 06)",https://nsarchive2.gwu.edu/nukevault/ebb538-Cold-War-Nuclear-Target-List-Declassified-First-Ever/documents/section6.pdf,PDF p.34 (A034-L13),"285 7685 SOFIYA/KUMARITSA, BULG 0322-8067 4248-02318 R",reference number 7685; BE 0322-8067; code R
us_1956_sac_airfields,US (SAC),Bulgaria,1956,study,876,"SOFIYA/VRAZHDEBNA, BULG",,airfield,1,657,,,42.7,23.4,"SAC, Atomic Weapons Requirements Study for 1959 (SM 129-56, June 1956), Part II airfield list (NSA EBB 538, doc. 06)",https://nsarchive2.gwu.edu/nukevault/ebb538-Cold-War-Nuclear-Target-List-Declassified-First-Ever/documents/section6.pdf,PDF p.34 (A034-L14),"657 7685 SOFIYA/VRAZHDEBNA, BULG 0322-8043 4242-02324 S",reference number 7685; BE 0322-8043; code S
us_1956_sac_airfields,US (SAC),USSR,1956,study,877,SOFIYSKOYE,,airfield,1,1091,,,51.5333,139.95,"SAC, Atomic Weapons Requirements Study for 1959 (SM 129-56, June 1956), Part II airfield list (NSA EBB 538, doc. 06)",https://nsarchive2.gwu.edu/nukevault/ebb538-Cold-War-Nuclear-Target-List-Declassified-First-Ever/documents/section6.pdf,PDF p.34 (A034-L15),1091 7686 SOFIYSKOYE 0204-8646 5132-13957 R,reference number 7686; BE 0204-8646; code R
us_1956_sac_airfields,US (SAC),USSR,1956,study,878,SOKHONDO,,airfield,1,934,,,51.8333,112.5167,"SAC, Atomic Weapons Requirements Study for 1959 (SM 129-56, June 1956), Part II airfield list (NSA EBB 538, doc. 06)",https://nsarchive2.gwu.edu/nukevault/ebb538-Cold-War-Nuclear-Target-List-Declassified-First-Ever/documents/section6.pdf,PDF p.34 (A034-L16),934 5074 SOKHONDO 0201-8606 5150-11231 R,reference number 5074; BE 0201-8606; code R
us_1956_sac_airfields,US (SAC),USSR,1956,study,879,SOKOL,,airfield,1,1092,,,59.45,40.1833,"SAC, Atomic Weapons Requirements Study for 1959 (SM 129-56, June 1956), Part II airfield list (NSA EBB 538, doc. 06)",https://nsarchive2.gwu.edu/nukevault/ebb538-Cold-War-Nuclear-Target-List-Declassified-First-Ever/documents/section6.pdf,PDF p.34 (A034-L17),1092 9170 SOKOL 0154-8048 5927-04011 S,reference number 9170; BE 0154-8048; code S
us_1956_sac_airfields,US (SAC),USSR,1956,study,880,SOLTSY,,airfield,1,12,,,58.1333,30.3167,"SAC, Atomic Weapons Requirements Study for 1959 (SM 129-56, June 1956), Part II airfield list (NSA EBB 538, doc. 06)",https://nsarchive2.gwu.edu/nukevault/ebb538-Cold-War-Nuclear-Target-List-Declassified-First-Ever/documents/section6.pdf,PDF p.34 (A034-L18),12 7704 SOLTSY 0153-8108 5808-03019 R,reference number 7704; BE 0153-8108; code R
us_1956_sac_airfields,US (SAC),USSR,1956,study,881,SORTAVALA,,airfield,1,587,,,61.7333,30.6833,"SAC, Atomic Weapons Requirements Study for 1959 (SM 129-56, June 1956), Part II airfield list (NSA EBB 538, doc. 06)",https://nsarchive2.gwu.edu/nukevault/ebb538-Cold-War-Nuclear-Target-List-Declassified-First-Ever/documents/section6.pdf,PDF p.34 (A034-L19),587 77165 SORTAVALA 0103-8624 6144-03041 R,reference number 77165; BE 0103-8624; code R
us_1956_sac_airfields,US (SAC),USSR,1956,study,882,SOVETSKAYA,,airfield,1,862,,,44.7333,41.2167,"SAC, Atomic Weapons Requirements Study for 1959 (SM 129-56, June 1956), Part II airfield list (NSA EBB 538, doc. 06)",https://nsarchive2.gwu.edu/nukevault/ebb538-Cold-War-Nuclear-Target-List-Declassified-First-Ever/documents/section6.pdf,PDF p.34 (A034-L20),862 7729 SOVETSKAYA 0249-8062 4444-04113 R,reference number 7729; BE 0249-8062; code R
us_1956_sac_airfields,US (SAC),USSR,1956,study,883,SOVETSKAYA GAVAN,,airfield,1,130,,,48.9833,140.3333,"SAC, Atomic Weapons Requirements Study for 1959 (SM 129-56, June 1956), Part II airfield list (NSA EBB 538, doc. 06)",https://nsarchive2.gwu.edu/nukevault/ebb538-Cold-War-Nuclear-Target-List-Declassified-First-Ever/documents/section6.pdf,PDF p.34 (A034-L21),130 7730 SOVETSKAYA GAVAN 0204-8000 4859-14020 R,reference number 7730; BE 0204-8000; code R
us_1956_sac_airfields,US (SAC),USSR,1956,study,884,SOVETSKAYA GAVAN/VANINO,,airfield,1,225,,,49.0333,140.25,"SAC, Atomic Weapons Requirements Study for 1959 (SM 129-56, June 1956), Part II airfield list (NSA EBB 538, doc. 06)",https://nsarchive2.gwu.edu/nukevault/ebb538-Cold-War-Nuclear-Target-List-Declassified-First-Ever/documents/section6.pdf,PDF p.34 (A034-L22),225 7730 SOVETSKAYA GAVAN/VANINO 0204-8001 4902-14015 T,reference number 7730; BE 0204-8001; code T
us_1956_sac_airfields,US (SAC),USSR,1956,study,885,SOVETSK E.,,airfield,1,1093,,,55.0833,21.9667,"SAC, Atomic Weapons Requirements Study for 1959 (SM 129-56, June 1956), Part II airfield list (NSA EBB 538, doc. 06)",https://nsarchive2.gwu.edu/nukevault/ebb538-Cold-War-Nuclear-Target-List-Declassified-First-Ever/documents/section6.pdf,PDF p.34 (A034-L23),1093 7720 SOVETSK E. 0168-8684 5505-02158 R,reference number 7720; BE 0168-8684; code R
us_1956_sac_airfields,US (SAC),USSR,1956,study,886,SOVETSKIY,,airfield,1,424,,,45.35,34.9333,"SAC, Atomic Weapons Requirements Study for 1959 (SM 129-56, June 1956), Part II airfield list (NSA EBB 538, doc. 06)",https://nsarchive2.gwu.edu/nukevault/ebb538-Cold-War-Nuclear-Target-List-Declassified-First-Ever/documents/section6.pdf,PDF p.34 (A034-L24),424 77302 SOVETSKIY 0250-8753 4521-03456 R,reference number 77302; BE 0250-8753; code R
us_1956_sac_airfields,US (SAC),Poland,1956,study,887,"SPALA GLINNIK NOWY, POL",,airfield,1,512,,,51.5833,20.0833,"SAC, Atomic Weapons Requirements Study for 1959 (SM 129-56, June 1956), Part II airfield list (NSA EBB 538, doc. 06)",https://nsarchive2.gwu.edu/nukevault/ebb538-Cold-War-Nuclear-Target-List-Declassified-First-Ever/documents/section6.pdf,PDF p.34 (A034-L25),"512 8465 SPALA GLINNIK NOWY, POL 0232-8234 5135-02005 R",reference number 8465; BE 0232-8234; code R
us_1956_sac_airfields,US (SAC),USSR,1956,study,888,SPASSK DALNIY,,airfield,1,628,,,44.5833,132.85,"SAC, Atomic Weapons Requirements Study for 1959 (SM 129-56, June 1956), Part II airfield list (NSA EBB 538, doc. 06)",https://nsarchive2.gwu.edu/nukevault/ebb538-Cold-War-Nuclear-Target-List-Declassified-First-Ever/documents/section6.pdf,PDF p.34 (A034-L26),628 7732 SPASSK DALNIY 0282-8028 4435-13251 U,reference number 7732; BE 0282-8028; code U
us_1956_sac_airfields,US (SAC),USSR,1956,study,889,SPASSK DALNIY E.,,airfield,1,16,,,44.6,132.8833,"SAC, Atomic Weapons Requirements Study for 1959 (SM 129-56, June 1956), Part II airfield list (NSA EBB 538, doc. 06)",https://nsarchive2.gwu.edu/nukevault/ebb538-Cold-War-Nuclear-Target-List-Declassified-First-Ever/documents/section6.pdf,PDF p.34 (A034-L27),16 7732 SPASSK DALNIY E. 0282-8689 4436-13253 W,reference number 7732; BE 0282-8689; code W
us_1956_sac_airfields,US (SAC),Poland,1956,study,890,"SPROTTAU, POL",,airfield,1,251,,,51.5667,15.5833,"SAC, Atomic Weapons Requirements Study for 1959 (SM 129-56, June 1956), Part II airfield list (NSA EBB 538, doc. 06)",https://nsarchive2.gwu.edu/nukevault/ebb538-Cold-War-Nuclear-Target-List-Declassified-First-Ever/documents/section6.pdf,PDF p.34 (A034-L28),"251 5455 SPROTTAU, POL 0231-8093 5134-01535 R",reference number 5455; BE 0231-8093; code R
us_1956_sac_airfields,US (SAC),USSR,1956,study,891,SREDNYAYA AKHTUBA,,airfield,1,1016,,,48.7333,44.8667,"SAC, Atomic Weapons Requirements Study for 1959 (SM 129-56, June 1956), Part II airfield list (NSA EBB 538, doc. 06)",https://nsarchive2.gwu.edu/nukevault/ebb538-Cold-War-Nuclear-Target-List-Declassified-First-Ever/documents/section6.pdf,PDF p.34 (A034-L29),1016 7740 SREDNYAYA AKHTUBA 0235-8037 4844-04452 R,reference number 7740; BE 0235-8037; code R
us_1956_sac_airfields,US (SAC),PRC,1956,study,892,"SSU PING #1, MANCH",,airfield,1,182,,,43.1667,124.3167,"SAC, Atomic Weapons Requirements Study for 1959 (SM 129-56, June 1956), Part II airfield list (NSA EBB 538, doc. 06)",https://nsarchive2.gwu.edu/nukevault/ebb538-Cold-War-Nuclear-Target-List-Declassified-First-Ever/documents/section6.pdf,PDF p.35 (A035-L04),"182 7745 SSU PING #1, MANCH 0290-8010 4310-12419 R",Manchuria; reference number 7745; BE 0290-8010; code R
us_1956_sac_airfields,US (SAC),USSR,1956,study,893,STALINABAD,,airfield,1,809,,,38.55,68.8167,"SAC, Atomic Weapons Requirements Study for 1959 (SM 129-56, June 1956), Part II airfield list (NSA EBB 538, doc. 06)",https://nsarchive2.gwu.edu/nukevault/ebb538-Cold-War-Nuclear-Target-List-Declassified-First-Ever/documents/section6.pdf,PDF p.35 (A035-L05),809 7770 STALINABAD 0336-8620 3833-06849 R,reference number 7770; BE 0336-8620; code R
us_1956_sac_airfields,US (SAC),USSR,1956,study,894,STALINGRAD,,airfield,1,935,,,48.75,44.5,"SAC, Atomic Weapons Requirements Study for 1959 (SM 129-56, June 1956), Part II airfield list (NSA EBB 538, doc. 06)",https://nsarchive2.gwu.edu/nukevault/ebb538-Cold-War-Nuclear-Target-List-Declassified-First-Ever/documents/section6.pdf,PDF p.35 (A035-L06),935 7780 STALINGRAD 0235-8023 4845-04430 T,reference number 7780; BE 0235-8023; code T
us_1956_sac_airfields,US (SAC),USSR,1956,study,895,STALINGRAD/GUMRAK,,airfield,1,883,,,48.7833,44.35,"SAC, Atomic Weapons Requirements Study for 1959 (SM 129-56, June 1956), Part II airfield list (NSA EBB 538, doc. 06)",https://nsarchive2.gwu.edu/nukevault/ebb538-Cold-War-Nuclear-Target-List-Declassified-First-Ever/documents/section6.pdf,PDF p.35 (A035-L07),883 7780 STALINGRAD/GUMRAK 0235-8026 4847-04421 S,reference number 7780; BE 0235-8026; code S
us_1956_sac_airfields,US (SAC),USSR,1956,study,896,STALINO,,airfield,1,408,,,48.0667,37.75,"SAC, Atomic Weapons Requirements Study for 1959 (SM 129-56, June 1956), Part II airfield list (NSA EBB 538, doc. 06)",https://nsarchive2.gwu.edu/nukevault/ebb538-Cold-War-Nuclear-Target-List-Declassified-First-Ever/documents/section6.pdf,PDF p.35 (A035-L08),408 7790 STALINO 0234-8076 4804-03745 R,reference number 7790; BE 0234-8076; code R
us_1956_sac_airfields,US (SAC),USSR,1956,study,897,STANISLAV,,airfield,1,73,,,48.9,24.7,"SAC, Atomic Weapons Requirements Study for 1959 (SM 129-56, June 1956), Part II airfield list (NSA EBB 538, doc. 06)",https://nsarchive2.gwu.edu/nukevault/ebb538-Cold-War-Nuclear-Target-List-Declassified-First-Ever/documents/section6.pdf,PDF p.35 (A035-L09),73 7820 STANISLAV 0232-8618 4854-02442 R,reference number 7820; BE 0232-8618; code R
us_1956_sac_airfields,US (SAC),USSR,1956,study,898,STARAYA RUSSA,,airfield,1,757,,,57.9667,31.3833,"SAC, Atomic Weapons Requirements Study for 1959 (SM 129-56, June 1956), Part II airfield list (NSA EBB 538, doc. 06)",https://nsarchive2.gwu.edu/nukevault/ebb538-Cold-War-Nuclear-Target-List-Declassified-First-Ever/documents/section6.pdf,PDF p.35 (A035-L10),757 7840 STARAYA RUSSA 0153-8110 5758-03123 R,reference number 7840; BE 0153-8110; code R
us_1956_sac_airfields,US (SAC),Bulgaria,1956,study,899,"STARA ZAGORA, BULG",,airfield,1,732,,,42.3833,25.65,"SAC, Atomic Weapons Requirements Study for 1959 (SM 129-56, June 1956), Part II airfield list (NSA EBB 538, doc. 06)",https://nsarchive2.gwu.edu/nukevault/ebb538-Cold-War-Nuclear-Target-List-Declassified-First-Ever/documents/section6.pdf,PDF p.35 (A035-L11),"732 7841 STARA ZAGORA, BULG 0322-8044 4223-02539 R",reference number 7841; BE 0322-8044; code R
us_1956_sac_airfields,US (SAC),Poland,1956,study,900,"STARGARD, POL",,airfield,1,257,,,53.2833,14.9667,"SAC, Atomic Weapons Requirements Study for 1959 (SM 129-56, June 1956), Part II airfield list (NSA EBB 538, doc. 06)",https://nsarchive2.gwu.edu/nukevault/ebb538-Cold-War-Nuclear-Target-List-Declassified-First-Ever/documents/section6.pdf,PDF p.35 (A035-L12),"257 7850 STARGARD, POL 0169-8278 5317-01458 R",reference number 7850; BE 0169-8278; code R
us_1956_sac_airfields,US (SAC),USSR,1956,study,901,STAROBELSK,,airfield,1,1017,,,49.2167,38.95,"SAC, Atomic Weapons Requirements Study for 1959 (SM 129-56, June 1956), Part II airfield list (NSA EBB 538, doc. 06)",https://nsarchive2.gwu.edu/nukevault/ebb538-Cold-War-Nuclear-Target-List-Declassified-First-Ever/documents/section6.pdf,PDF p.35 (A035-L13),1017 7853 STAROBELSK 0234-8063 4913-03857 R,reference number 7853; BE 0234-8063; code R
us_1956_sac_airfields,US (SAC),USSR,1956,study,902,STAROKONSTANTINOV,,airfield,1,87,,,49.75,27.2667,"SAC, Atomic Weapons Requirements Study for 1959 (SM 129-56, June 1956), Part II airfield list (NSA EBB 538, doc. 06)",https://nsarchive2.gwu.edu/nukevault/ebb538-Cold-War-Nuclear-Target-List-Declassified-First-Ever/documents/section6.pdf,PDF p.35 (A035-L14),87 7855 STAROKONSTANTINOV 0233-8070 4945-02716 R,reference number 7855; BE 0233-8070; code R
us_1956_sac_airfields,US (SAC),USSR,1956,study,903,STARO SYSOYEVKA,,airfield,1,670,,,44.1833,133.3167,"SAC, Atomic Weapons Requirements Study for 1959 (SM 129-56, June 1956), Part II airfield list (NSA EBB 538, doc. 06)",https://nsarchive2.gwu.edu/nukevault/ebb538-Cold-War-Nuclear-Target-List-Declassified-First-Ever/documents/section6.pdf,PDF p.35 (A035-L15),670 7390 STARO SYSOYEVKA 0282-8691 4411-13319 Z,reference number 7390; BE 0282-8691; code Z
us_1956_sac_airfields,US (SAC),Poland,1956,study,904,"STOLP/REITZ, POL",,airfield,1,267,,,54.4833,17.1,"SAC, Atomic Weapons Requirements Study for 1959 (SM 129-56, June 1956), Part II airfield list (NSA EBB 538, doc. 06)",https://nsarchive2.gwu.edu/nukevault/ebb538-Cold-War-Nuclear-Target-List-Declassified-First-Ever/documents/section6.pdf,PDF p.35 (A035-L16),"267 7900 STOLP/REITZ, POL 0169-8281 5429-01706 R",reference number 7900; BE 0169-8281; code R
us_1956_sac_airfields,US (SAC),USSR,1956,study,905,STRYY,,airfield,1,15,,,49.25,23.8,"SAC, Atomic Weapons Requirements Study for 1959 (SM 129-56, June 1956), Part II airfield list (NSA EBB 538, doc. 06)",https://nsarchive2.gwu.edu/nukevault/ebb538-Cold-War-Nuclear-Target-List-Declassified-First-Ever/documents/section6.pdf,PDF p.35 (A035-L17),15 7920 STRYY 0232-8619 4915-02348 R,reference number 7920; BE 0232-8619; code R
us_1956_sac_airfields,US (SAC),USSR,1956,study,906,STRYY N.E.,,airfield,1,1018,,,49.3333,23.9667,"SAC, Atomic Weapons Requirements Study for 1959 (SM 129-56, June 1956), Part II airfield list (NSA EBB 538, doc. 06)",https://nsarchive2.gwu.edu/nukevault/ebb538-Cold-War-Nuclear-Target-List-Declassified-First-Ever/documents/section6.pdf,PDF p.35 (A035-L18),1018 7920 STRYY N.E. 0232-8620 4920-02358 S,reference number 7920; BE 0232-8620; code S
us_1956_sac_airfields,US (SAC),USSR,1956,study,907,STUPINO S.E.,,airfield,1,452,,,54.8833,38.1333,"SAC, Atomic Weapons Requirements Study for 1959 (SM 129-56, June 1956), Part II airfield list (NSA EBB 538, doc. 06)",https://nsarchive2.gwu.edu/nukevault/ebb538-Cold-War-Nuclear-Target-List-Declassified-First-Ever/documents/section6.pdf,PDF p.35 (A035-L19),452 3310 STUPINO S.E. 0167-8086 5453-03808 R,reference number 3310; BE 0167-8086; code R
us_1956_sac_airfields,US (SAC),USSR,1956,study,908,SUDILKOV,,airfield,1,1019,,,50.15,27.1667,"SAC, Atomic Weapons Requirements Study for 1959 (SM 129-56, June 1956), Part II airfield list (NSA EBB 538, doc. 06)",https://nsarchive2.gwu.edu/nukevault/ebb538-Cold-War-Nuclear-Target-List-Declassified-First-Ever/documents/section6.pdf,PDF p.35 (A035-L20),1019 7510 SUDILKOV 0233-8072 5009-02710 S,reference number 7510; BE 0233-8072; code S
us_1956_sac_airfields,US (SAC),PRC,1956,study,909,"SUI CHI, CHINA",,airfield,1,559,,,21.3833,110.2,"SAC, Atomic Weapons Requirements Study for 1959 (SM 129-56, June 1956), Part II airfield list (NSA EBB 538, doc. 06)",https://nsarchive2.gwu.edu/nukevault/ebb538-Cold-War-Nuclear-Target-List-Declassified-First-Ever/documents/section6.pdf,PDF p.35 (A035-L21),"559 7946 SUI CHI, CHINA 0615-8416 2123-11012 R",reference number 7946; BE 0615-8416; code R
us_1956_sac_airfields,US (SAC),PRC,1956,study,910,"SUI CHUNG, MANCH",,airfield,1,672,,,40.3333,120.3333,"SAC, Atomic Weapons Requirements Study for 1959 (SM 129-56, June 1956), Part II airfield list (NSA EBB 538, doc. 06)",https://nsarchive2.gwu.edu/nukevault/ebb538-Cold-War-Nuclear-Target-List-Declassified-First-Ever/documents/section6.pdf,PDF p.35 (A035-L22),"672 79465 SUI CHUNG, MANCH 0289-8005 4020-12020 R",Manchuria; reference number 79465; BE 0289-8005; code R
us_1956_sac_airfields,US (SAC),USSR,1956,study,911,SUKHAYA RECHKA,,airfield,1,305,,,43.0333,131.55,"SAC, Atomic Weapons Requirements Study for 1959 (SM 129-56, June 1956), Part II airfield list (NSA EBB 538, doc. 06)",https://nsarchive2.gwu.edu/nukevault/ebb538-Cold-War-Nuclear-Target-List-Declassified-First-Ever/documents/section6.pdf,PDF p.35 (A035-L23),305 79495 SUKHAYA RECHKA 0291-8648 4302-13133 R,reference number 79495; BE 0291-8648; code R
us_1956_sac_airfields,US (SAC),USSR,1956,study,912,SUMGAIT,,airfield,1,709,,,40.5667,49.6167,"SAC, Atomic Weapons Requirements Study for 1959 (SM 129-56, June 1956), Part II airfield list (NSA EBB 538, doc. 06)",https://nsarchive2.gwu.edu/nukevault/ebb538-Cold-War-Nuclear-Target-List-Declassified-First-Ever/documents/section6.pdf,PDF p.35 (A035-L24),709 0460 SUMGAIT 0325-8621 4034-04937 Y,reference number 0460; BE 0325-8621; code Y
us_1956_sac_airfields,US (SAC),North Korea,1956,study,913,"SUNAN, N KOREA",,airfield,1,573,,,39.2,125.6667,"SAC, Atomic Weapons Requirements Study for 1959 (SM 129-56, June 1956), Part II airfield list (NSA EBB 538, doc. 06)",https://nsarchive2.gwu.edu/nukevault/ebb538-Cold-War-Nuclear-Target-List-Declassified-First-Ever/documents/section6.pdf,PDF p.35 (A035-L25),"573 6616 SUNAN, N KOREA 0380-8439 3912-12540 S",reference number 6616; BE 0380-8439; code S
us_1956_sac_airfields,US (SAC),PRC,1956,study,914,"SUN CHIA TUN, MANCH",,airfield,1,764,,,45.6667,126.7,"SAC, Atomic Weapons Requirements Study for 1959 (SM 129-56, June 1956), Part II airfield list (NSA EBB 538, doc. 06)",https://nsarchive2.gwu.edu/nukevault/ebb538-Cold-War-Nuclear-Target-List-Declassified-First-Ever/documents/section6.pdf,PDF p.35 (A035-L26),"764 2611 SUN CHIA TUN, MANCH 0283-8459 4540-12642 S",Manchuria; reference number 2611; BE 0283-8459; code S
us_1956_sac_airfields,US (SAC),USSR,1956,study,915,SURAZHEVKA,,airfield,1,936,,,43.45,132.2833,"SAC, Atomic Weapons Requirements Study for 1959 (SM 129-56, June 1956), Part II airfield list (NSA EBB 538, doc. 06)",https://nsarchive2.gwu.edu/nukevault/ebb538-Cold-War-Nuclear-Target-List-Declassified-First-Ever/documents/section6.pdf,PDF p.35 (A035-L27),936 0290 SURAZHEVKA 0291-8009 4327-13217 Y,reference number 0290; BE 0291-8009; code Y
us_1956_sac_airfields,US (SAC),USSR,1956,study,916,SUSMAN,,airfield,1,937,,,62.8,148.25,"SAC, Atomic Weapons Requirements Study for 1959 (SM 129-56, June 1956), Part II airfield list (NSA EBB 538, doc. 06)",https://nsarchive2.gwu.edu/nukevault/ebb538-Cold-War-Nuclear-Target-List-Declassified-First-Ever/documents/section6.pdf,PDF p.35 (A035-L28),937 7982 SUSMAN 0123-8003 6248-14815 R,reference number 7982; BE 0123-8003; code R
us_1956_sac_airfields,US (SAC),USSR,1956,study,917,SVERDLOVSK,,airfield,1,1094,,,56.7833,60.6333,"SAC, Atomic Weapons Requirements Study for 1959 (SM 129-56, June 1956), Part II airfield list (NSA EBB 538, doc. 06)",https://nsarchive2.gwu.edu/nukevault/ebb538-Cold-War-Nuclear-Target-List-Declassified-First-Ever/documents/section6.pdf,PDF p.35 (A035-L29),1094 7990 SVERDLOVSK 0156-8009 5647-06038 T,reference number 7990; BE 0156-8009; code T
us_1956_sac_airfields,US (SAC),USSR,1956,study,918,SVERDLOVSK/ARAMIL,,airfield,1,1095,,,56.7,60.7833,"SAC, Atomic Weapons Requirements Study for 1959 (SM 129-56, June 1956), Part II airfield list (NSA EBB 538, doc. 06)",https://nsarchive2.gwu.edu/nukevault/ebb538-Cold-War-Nuclear-Target-List-Declassified-First-Ever/documents/section6.pdf,PDF p.35 (A035-L30),1095 7990 SVERDLOVSK/ARAMIL 0156-8010 5642-06047 U,reference number 7990; BE 0156-8010; code U
us_1956_sac_airfields,US (SAC),USSR,1956,study,919,SVERDLOVSK/KOLTSOVO,,airfield,1,843,,,56.75,60.8167,"SAC, Atomic Weapons Requirements Study for 1959 (SM 129-56, June 1956), Part II airfield list (NSA EBB 538, doc. 06)",https://nsarchive2.gwu.edu/nukevault/ebb538-Cold-War-Nuclear-Target-List-Declassified-First-Ever/documents/section6.pdf,PDF p.36 (A036-L02),843 7990 SVERDLOVSK/KOLTSOVO 0156-8011 5645-06049 S,reference number 7990; BE 0156-8011; code S
us_1956_sac_airfields,US (SAC),USSR,1956,study,920,SVERDLOVSK N.,,airfield,1,1096,,,56.9167,60.6,"SAC, Atomic Weapons Requirements Study for 1959 (SM 129-56, June 1956), Part II airfield list (NSA EBB 538, doc. 06)",https://nsarchive2.gwu.edu/nukevault/ebb538-Cold-War-Nuclear-Target-List-Declassified-First-Ever/documents/section6.pdf,PDF p.36 (A036-L03),1096 7990 SVERDLOVSK N. 0156-8015 5655-06036 V,reference number 7990; BE 0156-8015; code V
us_1956_sac_airfields,US (SAC),USSR,1956,study,921,SVERDLOVSK S.E.,,airfield,1,404,,,56.8,60.7,"SAC, Atomic Weapons Requirements Study for 1959 (SM 129-56, June 1956), Part II airfield list (NSA EBB 538, doc. 06)",https://nsarchive2.gwu.edu/nukevault/ebb538-Cold-War-Nuclear-Target-List-Declassified-First-Ever/documents/section6.pdf,PDF p.36 (A036-L04),404 7990 SVERDLOVSK S.E. 0156-8017 5648-06042 R,reference number 7990; BE 0156-8017; code R
us_1956_sac_airfields,US (SAC),PRC,1956,study,922,SWATOW N.E. CHINA,,airfield,1,543,,,23.4333,116.7667,"SAC, Atomic Weapons Requirements Study for 1959 (SM 129-56, June 1956), Part II airfield list (NSA EBB 538, doc. 06)",https://nsarchive2.gwu.edu/nukevault/ebb538-Cold-War-Nuclear-Target-List-Declassified-First-Ever/documents/section6.pdf,PDF p.36 (A036-L05),543 80205 SWATOW N.E. CHINA 0614-8421 2326-11646 R,reference number 80205; BE 0614-8421; code R
us_1956_sac_airfields,US (SAC),USSR,1956,study,923,SYCHEVKA,,airfield,1,1020,,,55.8667,34.2833,"SAC, Atomic Weapons Requirements Study for 1959 (SM 129-56, June 1956), Part II airfield list (NSA EBB 538, doc. 06)",https://nsarchive2.gwu.edu/nukevault/ebb538-Cold-War-Nuclear-Target-List-Declassified-First-Ever/documents/section6.pdf,PDF p.36 (A036-L06),1020 8035 SYCHEVKA 0167-8088 5552-03417 R,reference number 8035; BE 0167-8088; code R
us_1956_sac_airfields,US (SAC),USSR,1956,study,924,SYKTYVKAR,,airfield,1,634,,,61.6667,50.85,"SAC, Atomic Weapons Requirements Study for 1959 (SM 129-56, June 1956), Part II airfield list (NSA EBB 538, doc. 06)",https://nsarchive2.gwu.edu/nukevault/ebb538-Cold-War-Nuclear-Target-List-Declassified-First-Ever/documents/section6.pdf,PDF p.36 (A036-L07),634 8036 SYKTYVKAR 0101-8006 6140-05051 R,reference number 8036; BE 0101-8006; code R
us_1956_sac_airfields,US (SAC),USSR,1956,study,925,SYUGATY,,airfield,1,480,,,43.2667,74.7,"SAC, Atomic Weapons Requirements Study for 1959 (SM 129-56, June 1956), Part II airfield list (NSA EBB 538, doc. 06)",https://nsarchive2.gwu.edu/nukevault/ebb538-Cold-War-Nuclear-Target-List-Declassified-First-Ever/documents/section6.pdf,PDF p.36 (A036-L08),480 8038 SYUGATY 0328-8636 4316-07442 R,reference number 8038; BE 0328-8636; code R
us_1956_sac_airfields,US (SAC),USSR,1956,study,926,SYZRAN/ALEXANDROVKA,,airfield,1,346,,,53.2,48.0333,"SAC, Atomic Weapons Requirements Study for 1959 (SM 129-56, June 1956), Part II airfield list (NSA EBB 538, doc. 06)",https://nsarchive2.gwu.edu/nukevault/ebb538-Cold-War-Nuclear-Target-List-Declassified-First-Ever/documents/section6.pdf,PDF p.36 (A036-L09),346 8040 SYZRAN/ALEXANDROVKA 0165-8024 5312-04802 S,reference number 8040; BE 0165-8024; code S
us_1956_sac_airfields,US (SAC),Hungary,1956,study,927,"SZEKESFEHERVAR, HUNG",,airfield,1,850,,,47.15,18.4167,"SAC, Atomic Weapons Requirements Study for 1959 (SM 129-56, June 1956), Part II airfield list (NSA EBB 538, doc. 06)",https://nsarchive2.gwu.edu/nukevault/ebb538-Cold-War-Nuclear-Target-List-Declassified-First-Ever/documents/section6.pdf,PDF p.36 (A036-L10),"850 8061 SZEKESFEHERVAR, HUNG 0252-8052 4709-01825 R",reference number 8061; BE 0252-8052; code R
us_1956_sac_airfields,US (SAC),Poland,1956,study,928,"SZYMANY, POL",,airfield,1,505,,,53.4833,20.95,"SAC, Atomic Weapons Requirements Study for 1959 (SM 129-56, June 1956), Part II airfield list (NSA EBB 538, doc. 06)",https://nsarchive2.gwu.edu/nukevault/ebb538-Cold-War-Nuclear-Target-List-Declassified-First-Ever/documents/section6.pdf,PDF p.36 (A036-L11),"505 8100 SZYMANY, POL 0169-8306 5329-02057 R",reference number 8100; BE 0169-8306; code R
us_1956_sac_airfields,US (SAC),Hungary,1956,study,929,"SZOLNOK/RAKOCZIFALVA, HUN",,airfield,1,516,,,47.1167,20.2333,"SAC, Atomic Weapons Requirements Study for 1959 (SM 129-56, June 1956), Part II airfield list (NSA EBB 538, doc. 06)",https://nsarchive2.gwu.edu/nukevault/ebb538-Cold-War-Nuclear-Target-List-Declassified-First-Ever/documents/section6.pdf,PDF p.36 (A036-L12),"516 8075 SZOLNOK/RAKOCZIFALVA, HUN 0251-8064 4707-02014 R",reference number 8075; BE 0251-8064; code R
us_1956_sac_airfields,US (SAC),Hungary,1956,study,930,"SZOMBATHELY, HUNG",,airfield,1,851,,,47.2833,16.6333,"SAC, Atomic Weapons Requirements Study for 1959 (SM 129-56, June 1956), Part II airfield list (NSA EBB 538, doc. 06)",https://nsarchive2.gwu.edu/nukevault/ebb538-Cold-War-Nuclear-Target-List-Declassified-First-Ever/documents/section6.pdf,PDF p.36 (A036-L13),"851 8085 SZOMBATHELY, HUNG 0252-8053 4717-01638 R",reference number 8085; BE 0252-8053; code R
us_1956_sac_airfields,US (SAC),PRC,1956,study,931,"TA CHANG, CHINA",,airfield,1,523,,,31.3167,121.4,"SAC, Atomic Weapons Requirements Study for 1959 (SM 129-56, June 1956), Part II airfield list (NSA EBB 538, doc. 06)",https://nsarchive2.gwu.edu/nukevault/ebb538-Cold-War-Nuclear-Target-List-Declassified-First-Ever/documents/section6.pdf,PDF p.36 (A036-L14),"523 7475 TA CHANG, CHINA 0492-8410 3119-12124 T",reference number 7475; BE 0492-8410; code T
us_1956_sac_airfields,US (SAC),PRC,1956,study,932,"TA CHIAO CHANG, CHINA",,airfield,1,501,,,32.0,118.8167,"SAC, Atomic Weapons Requirements Study for 1959 (SM 129-56, June 1956), Part II airfield list (NSA EBB 538, doc. 06)",https://nsarchive2.gwu.edu/nukevault/ebb538-Cold-War-Nuclear-Target-List-Declassified-First-Ever/documents/section6.pdf,PDF p.36 (A036-L15),"501 5368 TA CHIAO CHANG, CHINA 0493-8426 3200-11849 R",reference number 5368; BE 0493-8426; code R
us_1956_sac_airfields,US (SAC),North Korea,1956,study,933,"TAECHON, N KOREA",,airfield,1,567,,,39.9,125.5,"SAC, Atomic Weapons Requirements Study for 1959 (SM 129-56, June 1956), Part II airfield list (NSA EBB 538, doc. 06)",https://nsarchive2.gwu.edu/nukevault/ebb538-Cold-War-Nuclear-Target-List-Declassified-First-Ever/documents/section6.pdf,PDF p.36 (A036-L16),"567 81545 TAECHON, N KOREA 0380-8017 3954-12530 R",reference number 81545; BE 0380-8017; code R
us_1956_sac_airfields,US (SAC),USSR,1956,study,934,TAGANROG,,airfield,1,1097,,,47.2,38.8667,"SAC, Atomic Weapons Requirements Study for 1959 (SM 129-56, June 1956), Part II airfield list (NSA EBB 538, doc. 06)",https://nsarchive2.gwu.edu/nukevault/ebb538-Cold-War-Nuclear-Target-List-Declassified-First-Ever/documents/section6.pdf,PDF p.36 (A036-L17),1097 8160 TAGANROG 0249-8268 4712-03852 S,reference number 8160; BE 0249-8268; code S
us_1956_sac_airfields,US (SAC),USSR,1956,study,935,TAGANROG N.W.,,airfield,1,689,,,47.2333,38.85,"SAC, Atomic Weapons Requirements Study for 1959 (SM 129-56, June 1956), Part II airfield list (NSA EBB 538, doc. 06)",https://nsarchive2.gwu.edu/nukevault/ebb538-Cold-War-Nuclear-Target-List-Declassified-First-Ever/documents/section6.pdf,PDF p.36 (A036-L18),689 8160 TAGANROG N.W. 0249-8271 4714-03851 R,reference number 8160; BE 0249-8271; code R
us_1956_sac_airfields,US (SAC),PRC,1956,study,936,"TAI PING SSU, CHINA",,airfield,1,755,,,30.6167,104.05,"SAC, Atomic Weapons Requirements Study for 1959 (SM 129-56, June 1956), Part II airfield list (NSA EBB 538, doc. 06)",https://nsarchive2.gwu.edu/nukevault/ebb538-Cold-War-Nuclear-Target-List-Declassified-First-Ever/documents/section6.pdf,PDF p.36 (A036-L19),"755 12155 TAI PING SSU, CHINA 0495-8421 3037-10403 U",reference number 12155; BE 0495-8421; code U
us_1956_sac_airfields,US (SAC),PRC,1956,study,937,"TAI SHAN, CHINA",,airfield,1,503,,,30.2833,122.1333,"SAC, Atomic Weapons Requirements Study for 1959 (SM 129-56, June 1956), Part II airfield list (NSA EBB 538, doc. 06)",https://nsarchive2.gwu.edu/nukevault/ebb538-Cold-War-Nuclear-Target-List-Declassified-First-Ever/documents/section6.pdf,PDF p.36 (A036-L20),"503 8204 TAI SHAN, CHINA 0492-8415 3017-12208 R",reference number 8204; BE 0492-8415; code R
us_1956_sac_airfields,US (SAC),PRC,1956,study,938,TAI YUAN N. CHINA,,airfield,1,701,,,37.9333,112.5333,"SAC, Atomic Weapons Requirements Study for 1959 (SM 129-56, June 1956), Part II airfield list (NSA EBB 538, doc. 06)",https://nsarchive2.gwu.edu/nukevault/ebb538-Cold-War-Nuclear-Target-List-Declassified-First-Ever/documents/section6.pdf,PDF p.36 (A036-L21),701 8205 TAI YUAN N. CHINA 0382-8411 3756-11232 R,reference number 8205; BE 0382-8411; code R
us_1956_sac_airfields,US (SAC),PRC,1956,study,939,TAI YUAN S. CHINA,,airfield,1,702,,,37.75,112.6167,"SAC, Atomic Weapons Requirements Study for 1959 (SM 129-56, June 1956), Part II airfield list (NSA EBB 538, doc. 06)",https://nsarchive2.gwu.edu/nukevault/ebb538-Cold-War-Nuclear-Target-List-Declassified-First-Ever/documents/section6.pdf,PDF p.36 (A036-L22),702 8205 TAI YUAN S. CHINA 0382-8000 3745-11237 S,reference number 8205; BE 0382-8000; code S
us_1956_sac_airfields,US (SAC),USSR,1956,study,940,TAKHTA BAZAR,,airfield,1,466,,,35.8333,62.8667,"SAC, Atomic Weapons Requirements Study for 1959 (SM 129-56, June 1956), Part II airfield list (NSA EBB 538, doc. 06)",https://nsarchive2.gwu.edu/nukevault/ebb538-Cold-War-Nuclear-Target-List-Declassified-First-Ever/documents/section6.pdf,PDF p.36 (A036-L23),466 8206 TAKHTA BAZAR 0430-8602 3550-06252 R,reference number 8206; BE 0430-8602; code R
us_1956_sac_airfields,US (SAC),USSR,1956,study,941,TAKHTAMYGDA,,airfield,1,938,,,54.1167,123.6167,"SAC, Atomic Weapons Requirements Study for 1959 (SM 129-56, June 1956), Part II airfield list (NSA EBB 538, doc. 06)",https://nsarchive2.gwu.edu/nukevault/ebb538-Cold-War-Nuclear-Target-List-Declassified-First-Ever/documents/section6.pdf,PDF p.36 (A036-L24),938 76141 TAKHTAMYGDA 0198-8606 5407-12337 R,reference number 76141; BE 0198-8606; code R
us_1956_sac_airfields,US (SAC),PRC,1956,study,942,"TA KU SHAN, MANCH",,airfield,1,518,,,39.8833,123.55,"SAC, Atomic Weapons Requirements Study for 1959 (SM 129-56, June 1956), Part II airfield list (NSA EBB 538, doc. 06)",https://nsarchive2.gwu.edu/nukevault/ebb538-Cold-War-Nuclear-Target-List-Declassified-First-Ever/documents/section6.pdf,PDF p.36 (A036-L25),"518 8216 TA KU SHAN, MANCH 0380-8441 3953-12333 R",Manchuria; reference number 8216; BE 0380-8441; code R
us_1956_sac_airfields,US (SAC),USSR,1956,study,943,TALLIN/LASNAMAE,,airfield,1,231,,,59.45,24.8333,"SAC, Atomic Weapons Requirements Study for 1959 (SM 129-56, June 1956), Part II airfield list (NSA EBB 538, doc. 06)",https://nsarchive2.gwu.edu/nukevault/ebb538-Cold-War-Nuclear-Target-List-Declassified-First-Ever/documents/section6.pdf,PDF p.36 (A036-L26),231 8220 TALLIN/LASNAMAE 0153-8116 5927-02450 T,reference number 8220; BE 0153-8116; code T
us_1956_sac_airfields,US (SAC),USSR,1956,study,944,TALLIN/ULEMISTE,,airfield,1,351,,,59.4167,24.8,"SAC, Atomic Weapons Requirements Study for 1959 (SM 129-56, June 1956), Part II airfield list (NSA EBB 538, doc. 06)",https://nsarchive2.gwu.edu/nukevault/ebb538-Cold-War-Nuclear-Target-List-Declassified-First-Ever/documents/section6.pdf,PDF p.36 (A036-L27),351 8220 TALLIN/ULEMISTE 0153-8117 5925-02448 U,reference number 8220; BE 0153-8117; code U
us_1956_sac_airfields,US (SAC),USSR,1956,study,945,TAMBOV,,airfield,1,94,,,52.7,41.3667,"SAC, Atomic Weapons Requirements Study for 1959 (SM 129-56, June 1956), Part II airfield list (NSA EBB 538, doc. 06)",https://nsarchive2.gwu.edu/nukevault/ebb538-Cold-War-Nuclear-Target-List-Declassified-First-Ever/documents/section6.pdf,PDF p.36 (A036-L28),94 8230 TAMBOV 0166-8033 5242-04122 S,reference number 8230; BE 0166-8033; code S
us_1956_sac_airfields,US (SAC),PRC,1956,study,946,TANG SHAN N.W. CHINA,,airfield,1,556,,,39.6667,118.15,"SAC, Atomic Weapons Requirements Study for 1959 (SM 129-56, June 1956), Part II airfield list (NSA EBB 538, doc. 06)",https://nsarchive2.gwu.edu/nukevault/ebb538-Cold-War-Nuclear-Target-List-Declassified-First-Ever/documents/section6.pdf,PDF p.37 (A037-L05),556 8245 TANG SHAN N.W. CHINA 0381-8014 3940-11809 R,reference number 8245; BE 0381-8014; code R
us_1956_sac_airfields,US (SAC),USSR,1956,study,947,TANYURER,,airfield,1,58,,,64.85,174.2167,"SAC, Atomic Weapons Requirements Study for 1959 (SM 129-56, June 1956), Part II airfield list (NSA EBB 538, doc. 06)",https://nsarchive2.gwu.edu/nukevault/ebb538-Cold-War-Nuclear-Target-List-Declassified-First-Ever/documents/section6.pdf,PDF p.37 (A037-L06),58 8256 TANYURER 0074-8006 6451-17413 R,reference number 8256; BE 0074-8006; code R
us_1956_sac_airfields,US (SAC),PRC,1956,study,948,"TAO NAN, MANCH",,airfield,1,703,,,45.2667,122.8667,"SAC, Atomic Weapons Requirements Study for 1959 (SM 129-56, June 1956), Part II airfield list (NSA EBB 538, doc. 06)",https://nsarchive2.gwu.edu/nukevault/ebb538-Cold-War-Nuclear-Target-List-Declassified-First-Ever/documents/section6.pdf,PDF p.37 (A037-L07),"703 82562 TAO NAN, MANCH 0284-8004 4516-12252 R",Manchuria; reference number 82562; BE 0284-8004; code R
us_1956_sac_airfields,US (SAC),USSR,1956,study,949,TAPA,,airfield,1,379,,,59.2333,25.95,"SAC, Atomic Weapons Requirements Study for 1959 (SM 129-56, June 1956), Part II airfield list (NSA EBB 538, doc. 06)",https://nsarchive2.gwu.edu/nukevault/ebb538-Cold-War-Nuclear-Target-List-Declassified-First-Ever/documents/section6.pdf,PDF p.37 (A037-L08),379 82564 TAPA 0153-8120 5914-02557 S,reference number 82564; BE 0153-8120; code S
us_1956_sac_airfields,US (SAC),PRC,1956,study,950,"TA PAO, MANCH",,airfield,1,364,,,40.55,124.2167,"SAC, Atomic Weapons Requirements Study for 1959 (SM 129-56, June 1956), Part II airfield list (NSA EBB 538, doc. 06)",https://nsarchive2.gwu.edu/nukevault/ebb538-Cold-War-Nuclear-Target-List-Declassified-First-Ever/documents/section6.pdf,PDF p.37 (A037-L09),"364 2076 TA PAO, MANCH 0290-8472 4033-12413 R",Manchuria; reference number 2076; BE 0290-8472; code R
us_1956_sac_airfields,US (SAC),USSR,1956,study,951,TARTU,,airfield,1,13,,,58.4,26.7667,"SAC, Atomic Weapons Requirements Study for 1959 (SM 129-56, June 1956), Part II airfield list (NSA EBB 538, doc. 06)",https://nsarchive2.gwu.edu/nukevault/ebb538-Cold-War-Nuclear-Target-List-Declassified-First-Ever/documents/section6.pdf,PDF p.37 (A037-L10),13 82588 TARTU 0153-8121 5824-02646 R,reference number 82588; BE 0153-8121; code R
us_1956_sac_airfields,US (SAC),USSR,1956,study,952,TASHKENT,,airfield,1,1098,,,41.3,69.3333,"SAC, Atomic Weapons Requirements Study for 1959 (SM 129-56, June 1956), Part II airfield list (NSA EBB 538, doc. 06)",https://nsarchive2.gwu.edu/nukevault/ebb538-Cold-War-Nuclear-Target-List-Declassified-First-Ever/documents/section6.pdf,PDF p.37 (A037-L11),1098 8270 TASHKENT 0328-8622 4118-06920 S,reference number 8270; BE 0328-8622; code S
us_1956_sac_airfields,US (SAC),USSR,1956,study,953,TASHKENT S.E.,,airfield,1,207,,,41.2667,69.25,"SAC, Atomic Weapons Requirements Study for 1959 (SM 129-56, June 1956), Part II airfield list (NSA EBB 538, doc. 06)",https://nsarchive2.gwu.edu/nukevault/ebb538-Cold-War-Nuclear-Target-List-Declassified-First-Ever/documents/section6.pdf,PDF p.37 (A037-L12),207 8270 TASHKENT S.E. 0328-8626 4116-06915 T,reference number 8270; BE 0328-8626; code T
us_1956_sac_airfields,US (SAC),Hungary,1956,study,954,"TASZAR, HUNG",,airfield,1,387,,,46.3833,17.9167,"SAC, Atomic Weapons Requirements Study for 1959 (SM 129-56, June 1956), Part II airfield list (NSA EBB 538, doc. 06)",https://nsarchive2.gwu.edu/nukevault/ebb538-Cold-War-Nuclear-Target-List-Declassified-First-Ever/documents/section6.pdf,PDF p.37 (A037-L13),"387 3243 TASZAR, HUNG 0252-8066 4623-01755 R",reference number 3243; BE 0252-8066; code R
us_1956_sac_airfields,US (SAC),PRC,1956,study,955,"TA TOPU, CHINA",,airfield,1,439,,,28.0667,112.9667,"SAC, Atomic Weapons Requirements Study for 1959 (SM 129-56, June 1956), Part II airfield list (NSA EBB 538, doc. 06)",https://nsarchive2.gwu.edu/nukevault/ebb538-Cold-War-Nuclear-Target-List-Declassified-First-Ever/documents/section6.pdf,PDF p.37 (A037-L14),"439 1199 TA TOPU, CHINA 0494-8417 2804-11258 S",reference number 1199; BE 0494-8417; code S
us_1956_sac_airfields,US (SAC),USSR,1956,study,956,TATSINSKAYA,,airfield,1,1021,,,48.1667,41.3,"SAC, Atomic Weapons Requirements Study for 1959 (SM 129-56, June 1956), Part II airfield list (NSA EBB 538, doc. 06)",https://nsarchive2.gwu.edu/nukevault/ebb538-Cold-War-Nuclear-Target-List-Declassified-First-Ever/documents/section6.pdf,PDF p.37 (A037-L15),1021 5134 TATSINSKAYA 0234-8004 4810-04118 S,reference number 5134; BE 0234-8004; code S
us_1956_sac_airfields,US (SAC),PRC,1956,study,957,"TA TUNG KOU, MANCH",,airfield,1,450,,,39.95,124.15,"SAC, Atomic Weapons Requirements Study for 1959 (SM 129-56, June 1956), Part II airfield list (NSA EBB 538, doc. 06)",https://nsarchive2.gwu.edu/nukevault/ebb538-Cold-War-Nuclear-Target-List-Declassified-First-Ever/documents/section6.pdf,PDF p.37 (A037-L16),"450 02495 TA TUNG KOU, MANCH 0380-8420 3957-12409 S",Manchuria; reference number 02495; BE 0380-8420; code S
us_1956_sac_airfields,US (SAC),USSR,1956,study,958,TAYBOLA,,airfield,1,333,,,68.4167,33.35,"SAC, Atomic Weapons Requirements Study for 1959 (SM 129-56, June 1956), Part II airfield list (NSA EBB 538, doc. 06)",https://nsarchive2.gwu.edu/nukevault/ebb538-Cold-War-Nuclear-Target-List-Declassified-First-Ever/documents/section6.pdf,PDF p.37 (A037-L17),333 4410 TAYBOLA 0051-8621 6825-03321 S,reference number 4410; BE 0051-8621; code S
us_1956_sac_airfields,US (SAC),USSR,1956,study,959,TAYBOLA N.W.,,airfield,1,863A,,,68.5167,33.25,"SAC, Atomic Weapons Requirements Study for 1959 (SM 129-56, June 1956), Part II airfield list (NSA EBB 538, doc. 06)",https://nsarchive2.gwu.edu/nukevault/ebb538-Cold-War-Nuclear-Target-List-Declassified-First-Ever/documents/section6.pdf,PDF p.37 (A037-L18),863A 4410 TAYBOLA N.W. 0051-8622 6831-03315 R,reference number 4410; BE 0051-8622; code R
us_1956_sac_airfields,US (SAC),USSR,1956,study,960,TAYGONOS,,airfield,1,647,,,63.4167,159.1333,"SAC, Atomic Weapons Requirements Study for 1959 (SM 129-56, June 1956), Part II airfield list (NSA EBB 538, doc. 06)",https://nsarchive2.gwu.edu/nukevault/ebb538-Cold-War-Nuclear-Target-List-Declassified-First-Ever/documents/section6.pdf,PDF p.37 (A037-L19),647 82997 TAYGONOS 0122-6325-15908 R,reference number 82997; BE 0122-; code R
us_1956_sac_airfields,US (SAC),USSR,1956,study,961,TBILISI,,airfield,1,803,,,41.75,44.8333,"SAC, Atomic Weapons Requirements Study for 1959 (SM 129-56, June 1956), Part II airfield list (NSA EBB 538, doc. 06)",https://nsarchive2.gwu.edu/nukevault/ebb538-Cold-War-Nuclear-Target-List-Declassified-First-Ever/documents/section6.pdf,PDF p.37 (A037-L20),803 8310 TBILISI 0325-8702 4145-04450 W,reference number 8310; BE 0325-8702; code W
us_1956_sac_airfields,US (SAC),USSR,1956,study,962,TBILISI/AGTAGLYA,,airfield,1,704,,,41.5833,44.95,"SAC, Atomic Weapons Requirements Study for 1959 (SM 129-56, June 1956), Part II airfield list (NSA EBB 538, doc. 06)",https://nsarchive2.gwu.edu/nukevault/ebb538-Cold-War-Nuclear-Target-List-Declassified-First-Ever/documents/section6.pdf,PDF p.37 (A037-L21),704 8310 TBILISI/AGTAGLYA 0325-8703 4135-04457 R,reference number 8310; BE 0325-8703; code R
us_1956_sac_airfields,US (SAC),USSR,1956,study,963,TBILISI/ORKHEVI,,airfield,1,705,,,41.6667,44.95,"SAC, Atomic Weapons Requirements Study for 1959 (SM 129-56, June 1956), Part II airfield list (NSA EBB 538, doc. 06)",https://nsarchive2.gwu.edu/nukevault/ebb538-Cold-War-Nuclear-Target-List-Declassified-First-Ever/documents/section6.pdf,PDF p.37 (A037-L22),705 8310 TBILISI/ORKHEVI 0325-8711 4140-04457 V,reference number 8310; BE 0325-8711; code V
us_1956_sac_airfields,US (SAC),USSR,1956,study,964,TBILISI/SANDAR,,airfield,1,178,,,41.4667,44.7833,"SAC, Atomic Weapons Requirements Study for 1959 (SM 129-56, June 1956), Part II airfield list (NSA EBB 538, doc. 06)",https://nsarchive2.gwu.edu/nukevault/ebb538-Cold-War-Nuclear-Target-List-Declassified-First-Ever/documents/section6.pdf,PDF p.37 (A037-L23),178 8310 TBILISI/SANDAR 0325-8712 4128-04447 T,reference number 8310; BE 0325-8712; code T
us_1956_sac_airfields,US (SAC),USSR,1956,study,965,TBILISI/SARTICHALA,,airfield,1,829,,,41.7,45.1667,"SAC, Atomic Weapons Requirements Study for 1959 (SM 129-56, June 1956), Part II airfield list (NSA EBB 538, doc. 06)",https://nsarchive2.gwu.edu/nukevault/ebb538-Cold-War-Nuclear-Target-List-Declassified-First-Ever/documents/section6.pdf,PDF p.37 (A037-L24),829 8310 TBILISI/SARTICHALA 0325-8729 4142-04510 U,reference number 8310; BE 0325-8729; code U
us_1956_sac_airfields,US (SAC),USSR,1956,study,966,TBILISI/SOGANLUG,,airfield,1,349,,,41.65,44.9333,"SAC, Atomic Weapons Requirements Study for 1959 (SM 129-56, June 1956), Part II airfield list (NSA EBB 538, doc. 06)",https://nsarchive2.gwu.edu/nukevault/ebb538-Cold-War-Nuclear-Target-List-Declassified-First-Ever/documents/section6.pdf,PDF p.37 (A037-L25),349 8310 TBILISI/SOGANLUG 0325-8713 4139-04456 Z,reference number 8310; BE 0325-8713; code Z
us_1956_sac_airfields,US (SAC),USSR,1956,study,967,TBILISI/VAZIANI,,airfield,1,106,,,41.6333,45.0333,"SAC, Atomic Weapons Requirements Study for 1959 (SM 129-56, June 1956), Part II airfield list (NSA EBB 538, doc. 06)",https://nsarchive2.gwu.edu/nukevault/ebb538-Cold-War-Nuclear-Target-List-Declassified-First-Ever/documents/section6.pdf,PDF p.37 (A037-L26),106 8310 TBILISI/VAZIANI 0325-8707 4138-04502 S,reference number 8310; BE 0325-8707; code S
us_1956_sac_airfields,US (SAC),Romania,1956,study,968,"TECUCI, RUM",,airfield,1,887,,,45.85,27.4,"SAC, Atomic Weapons Requirements Study for 1959 (SM 129-56, June 1956), Part II airfield list (NSA EBB 538, doc. 06)",https://nsarchive2.gwu.edu/nukevault/ebb538-Cold-War-Nuclear-Target-List-Declassified-First-Ever/documents/section6.pdf,PDF p.37 (A037-L27),"887 21292 TECUCI, RUM 0250-8208 4551-02724 S",reference number 21292; BE 0250-8208; code S
us_1956_sac_airfields,US (SAC),USSR,1956,study,969,TEDZHEN,,airfield,1,1099,,,37.3667,60.5,"SAC, Atomic Weapons Requirements Study for 1959 (SM 129-56, June 1956), Part II airfield list (NSA EBB 538, doc. 06)",https://nsarchive2.gwu.edu/nukevault/ebb538-Cold-War-Nuclear-Target-List-Declassified-First-Ever/documents/section6.pdf,PDF p.37 (A037-L28),1099 8320 TEDZHEN 0337-8611 3722-06030 R,reference number 8320; BE 0337-8611; code R
us_1956_sac_airfields,US (SAC),PRC,1956,study,970,"TENG AO PAO, MANCH",,airfield,1,564,,,41.1,122.85,"SAC, Atomic Weapons Requirements Study for 1959 (SM 129-56, June 1956), Part II airfield list (NSA EBB 538, doc. 06)",https://nsarchive2.gwu.edu/nukevault/ebb538-Cold-War-Nuclear-Target-List-Declassified-First-Ever/documents/section6.pdf,PDF p.37 (A037-L29),"564 0249 TENG AO PAO, MANCH 0289-8423 4106-12251 S",Manchuria; reference number 0249; BE 0289-8423; code S
us_1956_sac_airfields,US (SAC),USSR,1956,study,971,TENNEI,,airfield,1,395,,,44.9167,147.6333,"SAC, Atomic Weapons Requirements Study for 1959 (SM 129-56, June 1956), Part II airfield list (NSA EBB 538, doc. 06)",https://nsarchive2.gwu.edu/nukevault/ebb538-Cold-War-Nuclear-Target-List-Declassified-First-Ever/documents/section6.pdf,PDF p.37 (A037-L30),395 8342 TENNEI 0280-8000 4455-14738 R,reference number 8342; BE 0280-8000; code R
us_1956_sac_airfields,US (SAC),Poland,1956,study,972,"TERESPOL, POL",,airfield,1,706,,,52.0333,23.5333,"SAC, Atomic Weapons Requirements Study for 1959 (SM 129-56, June 1956), Part II airfield list (NSA EBB 538, doc. 06)",https://nsarchive2.gwu.edu/nukevault/ebb538-Cold-War-Nuclear-Target-List-Declassified-First-Ever/documents/section6.pdf,PDF p.37 (A037-L31),"706 0970 TERESPOL, POL 0168-8207 5202-02332 S",reference number 0970; BE 0168-8207; code S
us_1956_sac_airfields,US (SAC),USSR,1956,study,973,TERMEZ,,airfield,1,1100,,,37.2333,67.2833,"SAC, Atomic Weapons Requirements Study for 1959 (SM 129-56, June 1956), Part II airfield list (NSA EBB 538, doc. 06)",https://nsarchive2.gwu.edu/nukevault/ebb538-Cold-War-Nuclear-Target-List-Declassified-First-Ever/documents/section6.pdf,PDF p.38 (A038-L02),1100 83647 TERMEZ 0336-8622 3714-06717 R,reference number 83647; BE 0336-8622; code R
us_1956_sac_airfields,US (SAC),USSR,1956,study,974,TERNOPOL,,airfield,1,1022,,,49.5333,25.65,"SAC, Atomic Weapons Requirements Study for 1959 (SM 129-56, June 1956), Part II airfield list (NSA EBB 538, doc. 06)",https://nsarchive2.gwu.edu/nukevault/ebb538-Cold-War-Nuclear-Target-List-Declassified-First-Ever/documents/section6.pdf,PDF p.38 (A038-L03),1022 8367 TERNOPOL 0233-8075 4932-02539 R,reference number 8367; BE 0233-8075; code R
us_1956_sac_airfields,US (SAC),USSR,1956,study,975,TEYKOVO,,airfield,1,785,,,56.85,40.5167,"SAC, Atomic Weapons Requirements Study for 1959 (SM 129-56, June 1956), Part II airfield list (NSA EBB 538, doc. 06)",https://nsarchive2.gwu.edu/nukevault/ebb538-Cold-War-Nuclear-Target-List-Declassified-First-Ever/documents/section6.pdf,PDF p.38 (A038-L04),785 3830 TEYKOVO 0154-8075 5651-04031 R,reference number 3830; BE 0154-8075; code R
us_1956_sac_airfields,US (SAC),PRC,1956,study,976,"TIEN HO, CHINA",,airfield,1,790,,,23.1333,113.3167,"SAC, Atomic Weapons Requirements Study for 1959 (SM 129-56, June 1956), Part II airfield list (NSA EBB 538, doc. 06)",https://nsarchive2.gwu.edu/nukevault/ebb538-Cold-War-Nuclear-Target-List-Declassified-First-Ever/documents/section6.pdf,PDF p.38 (A038-L05),"790 1153 TIEN HO, CHINA 0614-8410 2308-11319 S",reference number 1153; BE 0614-8410; code S
us_1956_sac_airfields,US (SAC),PRC,1956,study,977,"TIENTSIN, CHINA",,airfield,1,457A,,,39.1167,117.35,"SAC, Atomic Weapons Requirements Study for 1959 (SM 129-56, June 1956), Part II airfield list (NSA EBB 538, doc. 06)",https://nsarchive2.gwu.edu/nukevault/ebb538-Cold-War-Nuclear-Target-List-Declassified-First-Ever/documents/section6.pdf,PDF p.38 (A038-L06),"457A 8417 TIENTSIN, CHINA 0381-8011 3907-11721 R",reference number 8417; BE 0381-8011; code R
us_1956_sac_airfields,US (SAC),USSR,1956,study,978,TIKHORETSK,,airfield,1,418,,,45.8667,40.1,"SAC, Atomic Weapons Requirements Study for 1959 (SM 129-56, June 1956), Part II airfield list (NSA EBB 538, doc. 06)",https://nsarchive2.gwu.edu/nukevault/ebb538-Cold-War-Nuclear-Target-List-Declassified-First-Ever/documents/section6.pdf,PDF p.38 (A038-L07),418 8420 TIKHORETSK 0249-8071 4552-04006 R,reference number 8420; BE 0249-8071; code R
us_1956_sac_airfields,US (SAC),USSR,1956,study,979,TIKSHOZERO,,airfield,1,598,,,64.0833,31.9167,"SAC, Atomic Weapons Requirements Study for 1959 (SM 129-56, June 1956), Part II airfield list (NSA EBB 538, doc. 06)",https://nsarchive2.gwu.edu/nukevault/ebb538-Cold-War-Nuclear-Target-List-Declassified-First-Ever/documents/section6.pdf,PDF p.38 (A038-L08),598 8425 TIKSHOZERO 0091-8632 6405-03155 R,reference number 8425; BE 0091-8632; code R
us_1956_sac_airfields,US (SAC),USSR,1956,study,980,TIKSI,,airfield,1,25,,,71.6833,128.8667,"SAC, Atomic Weapons Requirements Study for 1959 (SM 129-56, June 1956), Part II airfield list (NSA EBB 538, doc. 06)",https://nsarchive2.gwu.edu/nukevault/ebb538-Cold-War-Nuclear-Target-List-Declassified-First-Ever/documents/section6.pdf,PDF p.38 (A038-L09),25 8430 TIKSI 0068-8001 7141-12852 R,reference number 8430; BE 0068-8001; code R
us_1956_sac_airfields,US (SAC),Romania,1956,study,981,TIMISOARA N.E. RUM,,airfield,1,227,,,45.8,21.3167,"SAC, Atomic Weapons Requirements Study for 1959 (SM 129-56, June 1956), Part II airfield list (NSA EBB 538, doc. 06)",https://nsarchive2.gwu.edu/nukevault/ebb538-Cold-War-Nuclear-Target-List-Declassified-First-Ever/documents/section6.pdf,PDF p.38 (A038-L10),227 8433 TIMISOARA N.E. RUM 0251-8070 4548-02119 S,reference number 8433; BE 0251-8070; code S
us_1956_sac_airfields,US (SAC),PRC,1956,study,982,"TING HSING, CHINA",,airfield,1,662A,,,39.2667,115.7833,"SAC, Atomic Weapons Requirements Study for 1959 (SM 129-56, June 1956), Part II airfield list (NSA EBB 538, doc. 06)",https://nsarchive2.gwu.edu/nukevault/ebb538-Cold-War-Nuclear-Target-List-Declassified-First-Ever/documents/section6.pdf,PDF p.38 (A038-L11),"662A 8440 TING HSING, CHINA 0382-8438 3916-11547 R",reference number 8440; BE 0382-8438; code R
us_1956_sac_airfields,US (SAC),Albania,1956,study,983,"TIRANE, ALB",,airfield,1,456,,,41.3333,19.8,"SAC, Atomic Weapons Requirements Study for 1959 (SM 129-56, June 1956), Part II airfield list (NSA EBB 538, doc. 06)",https://nsarchive2.gwu.edu/nukevault/ebb538-Cold-War-Nuclear-Target-List-Declassified-First-Ever/documents/section6.pdf,PDF p.38 (A038-L12),"456 8443 TIRANE, ALB 0322-8003 4120-01948 R",reference number 8443; BE 0322-8003; code R
us_1956_sac_airfields,US (SAC),USSR,1956,study,984,TIRASPOL,,airfield,1,414,,,46.8667,29.5833,"SAC, Atomic Weapons Requirements Study for 1959 (SM 129-56, June 1956), Part II airfield list (NSA EBB 538, doc. 06)",https://nsarchive2.gwu.edu/nukevault/ebb538-Cold-War-Nuclear-Target-List-Declassified-First-Ever/documents/section6.pdf,PDF p.38 (A038-L13),414 0664 TIRASPOL 0250-8723 4652-02935 R,reference number 0664; BE 0250-8723; code R
us_1956_sac_airfields,US (SAC),Romania,1956,study,985,"TITU/BOTENI, RUM",,airfield,1,498,,,44.65,25.6167,"SAC, Atomic Weapons Requirements Study for 1959 (SM 129-56, June 1956), Part II airfield list (NSA EBB 538, doc. 06)",https://nsarchive2.gwu.edu/nukevault/ebb538-Cold-War-Nuclear-Target-List-Declassified-First-Ever/documents/section6.pdf,PDF p.38 (A038-L14),"498 8447 TITU/BOTENI, RUM 0251-8041 4439-02537 R",reference number 8447; BE 0251-8041; code R
us_1956_sac_airfields,US (SAC),USSR,1956,study,986,TOFUTSU,,airfield,1,449,,,43.9667,145.7,"SAC, Atomic Weapons Requirements Study for 1959 (SM 129-56, June 1956), Part II airfield list (NSA EBB 538, doc. 06)",https://nsarchive2.gwu.edu/nukevault/ebb538-Cold-War-Nuclear-Target-List-Declassified-First-Ever/documents/section6.pdf,PDF p.38 (A038-L15),449 2212 TOFUTSU 0292-8421 4358-14542 S,reference number 2212; BE 0292-8421; code S
us_1956_sac_airfields,US (SAC),Bulgaria,1956,study,987,"TOLBUKHIN, BULG",,airfield,1,481,,,43.6,27.8333,"SAC, Atomic Weapons Requirements Study for 1959 (SM 129-56, June 1956), Part II airfield list (NSA EBB 538, doc. 06)",https://nsarchive2.gwu.edu/nukevault/ebb538-Cold-War-Nuclear-Target-List-Declassified-First-Ever/documents/section6.pdf,PDF p.38 (A038-L16),"481 84615 TOLBUKHIN, BULG 0323-8025 4336-02750 R",reference number 84615; BE 0323-8025; code R
us_1956_sac_airfields,US (SAC),USSR,1956,study,988,TOMSK,,airfield,1,1101,,,56.5167,84.9667,"SAC, Atomic Weapons Requirements Study for 1959 (SM 129-56, June 1956), Part II airfield list (NSA EBB 538, doc. 06)",https://nsarchive2.gwu.edu/nukevault/ebb538-Cold-War-Nuclear-Target-List-Declassified-First-Ever/documents/section6.pdf,PDF p.38 (A038-L17),1101 8470 TOMSK 0158-8005 5631-08458 R,reference number 8470; BE 0158-8005; code R
us_1956_sac_airfields,US (SAC),USSR,1956,study,989,TORO,,airfield,1,745,,,49.1833,142.0833,"SAC, Atomic Weapons Requirements Study for 1959 (SM 129-56, June 1956), Part II airfield list (NSA EBB 538, doc. 06)",https://nsarchive2.gwu.edu/nukevault/ebb538-Cold-War-Nuclear-Target-List-Declassified-First-Ever/documents/section6.pdf,PDF p.38 (A038-L18),745 2020 TORO 0205-8011 4911-14205 R,reference number 2020; BE 0205-8011; code R
us_1956_sac_airfields,US (SAC),Poland,1956,study,990,"TORUN, POL",,airfield,1,639,,,53.0333,18.55,"SAC, Atomic Weapons Requirements Study for 1959 (SM 129-56, June 1956), Part II airfield list (NSA EBB 538, doc. 06)",https://nsarchive2.gwu.edu/nukevault/ebb538-Cold-War-Nuclear-Target-List-Declassified-First-Ever/documents/section6.pdf,PDF p.38 (A038-L19),"639 8505 TORUN, POL 0169-8285 5302-01833 R",reference number 8505; BE 0169-8285; code R
us_1956_sac_airfields,US (SAC),USSR,1956,study,991,TORZHOK,,airfield,1,804,,,57.05,35.0,"SAC, Atomic Weapons Requirements Study for 1959 (SM 129-56, June 1956), Part II airfield list (NSA EBB 538, doc. 06)",https://nsarchive2.gwu.edu/nukevault/ebb538-Cold-War-Nuclear-Target-List-Declassified-First-Ever/documents/section6.pdf,PDF p.38 (A038-L20),804 4593 TORZHOK 0154-8052 5703-03500 R,reference number 4593; BE 0154-8052; code R
us_1956_sac_airfields,US (SAC),Czechoslovakia,1956,study,992,"TRENCIN, CZECH",,airfield,1,891,,,48.8667,18.0167,"SAC, Atomic Weapons Requirements Study for 1959 (SM 129-56, June 1956), Part II airfield list (NSA EBB 538, doc. 06)",https://nsarchive2.gwu.edu/nukevault/ebb538-Cold-War-Nuclear-Target-List-Declassified-First-Ever/documents/section6.pdf,PDF p.38 (A038-L21),"891 1805 TRENCIN, CZECH 0232-8268 4852-01801 R",reference number 1805; BE 0232-8268; code R
us_1956_sac_airfields,US (SAC),PRC,1956,study,993,"TSINAN, CHINA",,airfield,1,531,,,36.6833,116.9167,"SAC, Atomic Weapons Requirements Study for 1959 (SM 129-56, June 1956), Part II airfield list (NSA EBB 538, doc. 06)",https://nsarchive2.gwu.edu/nukevault/ebb538-Cold-War-Nuclear-Target-List-Declassified-First-Ever/documents/section6.pdf,PDF p.38 (A038-L22),"531 8597 TSINAN, CHINA 0381-8015 3641-11655 R",reference number 8597; BE 0381-8015; code R
us_1956_sac_airfields,US (SAC),PRC,1956,study,994,"TSING TAO, CHINA",,airfield,1,545,,,36.1667,120.3833,"SAC, Atomic Weapons Requirements Study for 1959 (SM 129-56, June 1956), Part II airfield list (NSA EBB 538, doc. 06)",https://nsarchive2.gwu.edu/nukevault/ebb538-Cold-War-Nuclear-Target-List-Declassified-First-Ever/documents/section6.pdf,PDF p.38 (A038-L23),"545 86005 TSING TAO, CHINA 0381-8000 3610-12023 R",reference number 86005; BE 0381-8000; code R
us_1956_sac_airfields,US (SAC),USSR,1956,study,995,TSNORISTSKALI,,airfield,1,678,,,41.6167,46.1,"SAC, Atomic Weapons Requirements Study for 1959 (SM 129-56, June 1956), Part II airfield list (NSA EBB 538, doc. 06)",https://nsarchive2.gwu.edu/nukevault/ebb538-Cold-War-Nuclear-Target-List-Declassified-First-Ever/documents/section6.pdf,PDF p.38 (A038-L24),678 86015 TSNORISTSKALI 0325-8717 4137-04606 R,reference number 86015; BE 0325-8717; code R
us_1956_sac_airfields,US (SAC),USSR,1956,study,996,TSULUKIDZE,,airfield,1,201,,,42.3167,42.4,"SAC, Atomic Weapons Requirements Study for 1959 (SM 129-56, June 1956), Part II airfield list (NSA EBB 538, doc. 06)",https://nsarchive2.gwu.edu/nukevault/ebb538-Cold-War-Nuclear-Target-List-Declassified-First-Ever/documents/section6.pdf,PDF p.38 (A038-L25),201 7210 TSULUKIDZE 0324-8629 4219-04224 U,reference number 7210; BE 0324-8629; code U
us_1956_sac_airfields,US (SAC),PRC,1956,study,997,"TU CHENG TZU, MANCH",,airfield,1,38,,,38.9167,121.2333,"SAC, Atomic Weapons Requirements Study for 1959 (SM 129-56, June 1956), Part II airfield list (NSA EBB 538, doc. 06)",https://nsarchive2.gwu.edu/nukevault/ebb538-Cold-War-Nuclear-Target-List-Declassified-First-Ever/documents/section6.pdf,PDF p.38 (A038-L26),"38 6437 TU CHENG TZU, MANCH 0381-8003 3855-12114 R",Manchuria; reference number 6437; BE 0381-8003; code R
us_1956_sac_airfields,US (SAC),USSR,1956,study,998,TUKUMS,,airfield,1,302,,,56.95,23.2167,"SAC, Atomic Weapons Requirements Study for 1959 (SM 129-56, June 1956), Part II airfield list (NSA EBB 538, doc. 06)",https://nsarchive2.gwu.edu/nukevault/ebb538-Cold-War-Nuclear-Target-List-Declassified-First-Ever/documents/section6.pdf,PDF p.38 (A038-L27),302 9671 TUKUMS 0153-8126 5657-02313 S,reference number 9671; BE 0153-8126; code S
us_1956_sac_airfields,US (SAC),USSR,1956,study,999,TULA N.,,airfield,1,133,,,54.2333,37.6,"SAC, Atomic Weapons Requirements Study for 1959 (SM 129-56, June 1956), Part II airfield list (NSA EBB 538, doc. 06)",https://nsarchive2.gwu.edu/nukevault/ebb538-Cold-War-Nuclear-Target-List-Declassified-First-Ever/documents/section6.pdf,PDF p.38 (A038-L28),133 8620 TULA N. 0167-8092 5414-03736 R,reference number 8620; BE 0167-8092; code R
us_1956_sac_airfields,US (SAC),PRC,1956,study,1000,"TUNG FENG #1, MANCH",,airfield,1,536,,,42.65,125.45,"SAC, Atomic Weapons Requirements Study for 1959 (SM 129-56, June 1956), Part II airfield list (NSA EBB 538, doc. 06)",https://nsarchive2.gwu.edu/nukevault/ebb538-Cold-War-Nuclear-Target-List-Declassified-First-Ever/documents/section6.pdf,PDF p.39 (A039-L02),"536 4940 TUNG FENG #1, MANCH 0290-8434 4239-12527 R",Manchuria; reference number 4940; BE 0290-8434; code R
us_1956_sac_airfields,US (SAC),PRC,1956,study,1001,"TUNG HSIEN, CHINA",,airfield,1,726,,,39.8,116.7,"SAC, Atomic Weapons Requirements Study for 1959 (SM 129-56, June 1956), Part II airfield list (NSA EBB 538, doc. 06)",https://nsarchive2.gwu.edu/nukevault/ebb538-Cold-War-Nuclear-Target-List-Declassified-First-Ever/documents/section6.pdf,PDF p.39 (A039-L03),"726 8642 TUNG HSIEN, CHINA 0381-8431 3948-11642 R",reference number 8642; BE 0381-8431; code R
us_1956_sac_airfields,US (SAC),Romania,1956,study,1002,TURDA S. RUM,,airfield,1,822,,,46.5333,23.8,"SAC, Atomic Weapons Requirements Study for 1959 (SM 129-56, June 1956), Part II airfield list (NSA EBB 538, doc. 06)",https://nsarchive2.gwu.edu/nukevault/ebb538-Cold-War-Nuclear-Target-List-Declassified-First-Ever/documents/section6.pdf,PDF p.39 (A039-L04),822 1445 TURDA S. RUM 0251-8042 4632-02348 R,reference number 1445; BE 0251-8042; code R
us_1956_sac_airfields,US (SAC),GDR,1956,study,1003,"TUTOW, E GER",,airfield,1,495,,,53.9167,13.2167,"SAC, Atomic Weapons Requirements Study for 1959 (SM 129-56, June 1956), Part II airfield list (NSA EBB 538, doc. 06)",https://nsarchive2.gwu.edu/nukevault/ebb538-Cold-War-Nuclear-Target-List-Declassified-First-Ever/documents/section6.pdf,PDF p.39 (A039-L05),"495 24055 TUTOW, E GER 0169-8620 5355-01313 R",reference number 24055; BE 0169-8620; code R
us_1956_sac_airfields,US (SAC),USSR,1956,study,1004,TYGDA,,airfield,1,869,,,53.1,126.3167,"SAC, Atomic Weapons Requirements Study for 1959 (SM 129-56, June 1956), Part II airfield list (NSA EBB 538, doc. 06)",https://nsarchive2.gwu.edu/nukevault/ebb538-Cold-War-Nuclear-Target-List-Declassified-First-Ever/documents/section6.pdf,PDF p.39 (A039-L06),869 8675 TYGDA 0198-8607 5306-12619 R,reference number 8675; BE 0198-8607; code R
us_1956_sac_airfields,US (SAC),USSR,1956,study,1005,UELKAL,,airfield,1,592,,,65.5167,-179.25,"SAC, Atomic Weapons Requirements Study for 1959 (SM 129-56, June 1956), Part II airfield list (NSA EBB 538, doc. 06)",https://nsarchive2.gwu.edu/nukevault/ebb538-Cold-War-Nuclear-Target-List-Declassified-First-Ever/documents/section6.pdf,PDF p.39 (A039-L07),592 8727 UELKAL 0075-8004 6531-17915W R,reference number 8727; BE 0075-8004; code R
us_1956_sac_airfields,US (SAC),USSR,1956,study,1006,UFA,,airfield,1,865,,,54.75,56.0,"SAC, Atomic Weapons Requirements Study for 1959 (SM 129-56, June 1956), Part II airfield list (NSA EBB 538, doc. 06)",https://nsarchive2.gwu.edu/nukevault/ebb538-Cold-War-Nuclear-Target-List-Declassified-First-Ever/documents/section6.pdf,PDF p.39 (A039-L08),865 8730 UFA 0165-8005 5445-05600 R,reference number 8730; BE 0165-8005; code R
us_1956_sac_airfields,US (SAC),USSR,1956,study,1007,UFA N.E.,,airfield,1,1102,,,54.8167,56.1667,"SAC, Atomic Weapons Requirements Study for 1959 (SM 129-56, June 1956), Part II airfield list (NSA EBB 538, doc. 06)",https://nsarchive2.gwu.edu/nukevault/ebb538-Cold-War-Nuclear-Target-List-Declassified-First-Ever/documents/section6.pdf,PDF p.39 (A039-L09),1102 8730 UFA N.E. 0165-8006 5449-05610 S,reference number 8730; BE 0165-8006; code S
us_1956_sac_airfields,US (SAC),USSR,1956,study,1008,UGLOVAYA N.W.,,airfield,1,234,,,43.3333,132.0667,"SAC, Atomic Weapons Requirements Study for 1959 (SM 129-56, June 1956), Part II airfield list (NSA EBB 538, doc. 06)",https://nsarchive2.gwu.edu/nukevault/ebb538-Cold-War-Nuclear-Target-List-Declassified-First-Ever/documents/section6.pdf,PDF p.39 (A039-L10),234 0290 UGLOVAYA N.W. 0291-8005 4320-13204 Z,reference number 0290; BE 0291-8005; code Z
us_1956_sac_airfields,US (SAC),USSR,1956,study,1009,UGLOVAYA W.,,airfield,1,691,,,43.3333,132.0167,"SAC, Atomic Weapons Requirements Study for 1959 (SM 129-56, June 1956), Part II airfield list (NSA EBB 538, doc. 06)",https://nsarchive2.gwu.edu/nukevault/ebb538-Cold-War-Nuclear-Target-List-Declassified-First-Ever/documents/section6.pdf,PDF p.39 (A039-L11),691 0290 UGLOVAYA W. 0291-8652 4320-13201 RA,reference number 0290; BE 0291-8652; code RA
us_1956_sac_airfields,US (SAC),USSR,1956,study,1010,UGOLNYY,,airfield,1,605,,,63.0667,179.3667,"SAC, Atomic Weapons Requirements Study for 1959 (SM 129-56, June 1956), Part II airfield list (NSA EBB 538, doc. 06)",https://nsarchive2.gwu.edu/nukevault/ebb538-Cold-War-Nuclear-Target-List-Declassified-First-Ever/documents/section6.pdf,PDF p.39 (A039-L12),605 8772 UGOLNYY 0120-8601 6304-17922 R,reference number 8772; BE 0120-8601; code R
us_1956_sac_airfields,US (SAC),North Korea,1956,study,1011,"UIJU, N KOREA",,airfield,1,179,,,40.15,124.5,"SAC, Atomic Weapons Requirements Study for 1959 (SM 129-56, June 1956), Part II airfield list (NSA EBB 538, doc. 06)",https://nsarchive2.gwu.edu/nukevault/ebb538-Cold-War-Nuclear-Target-List-Declassified-First-Ever/documents/section6.pdf,PDF p.39 (A039-L13),"179 02495 UIJU, N KOREA 0290-8459 4009-12430 U",reference number 02495; BE 0290-8459; code U
us_1956_sac_airfields,US (SAC),USSR,1956,study,1012,UKHTA,,airfield,1,584,,,65.1667,31.4167,"SAC, Atomic Weapons Requirements Study for 1959 (SM 129-56, June 1956), Part II airfield list (NSA EBB 538, doc. 06)",https://nsarchive2.gwu.edu/nukevault/ebb538-Cold-War-Nuclear-Target-List-Declassified-First-Ever/documents/section6.pdf,PDF p.39 (A039-L14),584 87805 UKHTA 0091-8634 6510-03125 S,reference number 87805; BE 0091-8634; code S
us_1956_sac_airfields,US (SAC),USSR,1956,study,1013,UKRAINA,,airfield,1,85,,,51.1333,128.55,"SAC, Atomic Weapons Requirements Study for 1959 (SM 129-56, June 1956), Part II airfield list (NSA EBB 538, doc. 06)",https://nsarchive2.gwu.edu/nukevault/ebb538-Cold-War-Nuclear-Target-List-Declassified-First-Ever/documents/section6.pdf,PDF p.39 (A039-L15),85 7415 UKRAINA 0203-8651 5108-12833 T,reference number 7415; BE 0203-8651; code T
us_1956_sac_airfields,US (SAC),USSR,1956,study,1014,ULAN UDE,,airfield,1,870,,,51.8167,107.5,"SAC, Atomic Weapons Requirements Study for 1959 (SM 129-56, June 1956), Part II airfield list (NSA EBB 538, doc. 06)",https://nsarchive2.gwu.edu/nukevault/ebb538-Cold-War-Nuclear-Target-List-Declassified-First-Ever/documents/section6.pdf,PDF p.39 (A039-L16),870 8790 ULAN UDE 0201-8610 5149-10730 R,reference number 8790; BE 0201-8610; code R
us_1956_sac_airfields,US (SAC),USSR,1956,study,1015,ULAN UDE E.,,airfield,1,660,,,51.85,107.7333,"SAC, Atomic Weapons Requirements Study for 1959 (SM 129-56, June 1956), Part II airfield list (NSA EBB 538, doc. 06)",https://nsarchive2.gwu.edu/nukevault/ebb538-Cold-War-Nuclear-Target-List-Declassified-First-Ever/documents/section6.pdf,PDF p.39 (A039-L17),660 8790 ULAN UDE E. 0201-8608 5151-10744 S,reference number 8790; BE 0201-8608; code S
us_1956_sac_airfields,US (SAC),USSR,1956,study,1016,ULYANOVSK,,airfield,1,939,,,54.3,48.3333,"SAC, Atomic Weapons Requirements Study for 1959 (SM 129-56, June 1956), Part II airfield list (NSA EBB 538, doc. 06)",https://nsarchive2.gwu.edu/nukevault/ebb538-Cold-War-Nuclear-Target-List-Declassified-First-Ever/documents/section6.pdf,PDF p.39 (A039-L18),939 8810 ULYANOVSK 0165-8021 5418-04820 R,reference number 8810; BE 0165-8021; code R
us_1956_sac_airfields,US (SAC),USSR,1956,study,1017,UMAN,,airfield,1,643,,,48.7833,30.2167,"SAC, Atomic Weapons Requirements Study for 1959 (SM 129-56, June 1956), Part II airfield list (NSA EBB 538, doc. 06)",https://nsarchive2.gwu.edu/nukevault/ebb538-Cold-War-Nuclear-Target-List-Declassified-First-Ever/documents/section6.pdf,PDF p.39 (A039-L19),643 34735 UMAN 0233-8076 4847-03013 R,reference number 34735; BE 0233-8076; code R
us_1956_sac_airfields,US (SAC),USSR,1956,study,1018,UNASHI,,airfield,1,235,,,42.9667,133.1167,"SAC, Atomic Weapons Requirements Study for 1959 (SM 129-56, June 1956), Part II airfield list (NSA EBB 538, doc. 06)",https://nsarchive2.gwu.edu/nukevault/ebb538-Cold-War-Nuclear-Target-List-Declassified-First-Ever/documents/section6.pdf,PDF p.39 (A039-L20),235 7942 UNASHI 0291-8015 4258-13307 V,reference number 7942; BE 0291-8015; code V
us_1956_sac_airfields,US (SAC),USSR,1956,study,1019,URA GUBA,,airfield,1,476,,,69.2167,32.7167,"SAC, Atomic Weapons Requirements Study for 1959 (SM 129-56, June 1956), Part II airfield list (NSA EBB 538, doc. 06)",https://nsarchive2.gwu.edu/nukevault/ebb538-Cold-War-Nuclear-Target-List-Declassified-First-Ever/documents/section6.pdf,PDF p.39 (A039-L21),476 5961 URA GUBA 0051-8625 6913-03243 S,reference number 5961; BE 0051-8625; code S
us_1956_sac_airfields,US (SAC),USSR,1956,study,1020,URALSK,,airfield,1,858,,,51.25,51.3667,"SAC, Atomic Weapons Requirements Study for 1959 (SM 129-56, June 1956), Part II airfield list (NSA EBB 538, doc. 06)",https://nsarchive2.gwu.edu/nukevault/ebb538-Cold-War-Nuclear-Target-List-Declassified-First-Ever/documents/section6.pdf,PDF p.39 (A039-L22),858 8820 URALSK 0235-8030 5115-05122 R,reference number 8820; BE 0235-8030; code R
us_1956_sac_airfields,US (SAC),USSR,1956,study,1021,URECHYE,,airfield,1,1023,,,52.95,27.8667,"SAC, Atomic Weapons Requirements Study for 1959 (SM 129-56, June 1956), Part II airfield list (NSA EBB 538, doc. 06)",https://nsarchive2.gwu.edu/nukevault/ebb538-Cold-War-Nuclear-Target-List-Declassified-First-Ever/documents/section6.pdf,PDF p.39 (A039-L23),1023 7655 URECHYE 0168-8674 5257-02752 S,reference number 7655; BE 0168-8674; code S
us_1956_sac_airfields,US (SAC),USSR,1956,study,1022,URSATYEVSKAYA,,airfield,1,1103,,,40.2167,68.8333,"SAC, Atomic Weapons Requirements Study for 1959 (SM 129-56, June 1956), Part II airfield list (NSA EBB 538, doc. 06)",https://nsarchive2.gwu.edu/nukevault/ebb538-Cold-War-Nuclear-Target-List-Declassified-First-Ever/documents/section6.pdf,PDF p.39 (A039-L24),1103 7459 URSATYEVSKAYA 0328-8628 4013-06850 R,reference number 7459; BE 0328-8628; code R
us_1956_sac_airfields,US (SAC),USSR,1956,study,1023,URUPPU,,airfield,1,844,,,46.1167,150.5167,"SAC, Atomic Weapons Requirements Study for 1959 (SM 129-56, June 1956), Part II airfield list (NSA EBB 538, doc. 06)",https://nsarchive2.gwu.edu/nukevault/ebb538-Cold-War-Nuclear-Target-List-Declassified-First-Ever/documents/section6.pdf,PDF p.39 (A039-L25),844 88345 URUPPU 0280-8006 4607-15031 R,reference number 88345; BE 0280-8006; code R
us_1956_sac_airfields,US (SAC),USSR,1956,study,1024,USMAN,,airfield,1,132,,,52.0333,39.65,"SAC, Atomic Weapons Requirements Study for 1959 (SM 129-56, June 1956), Part II airfield list (NSA EBB 538, doc. 06)",https://nsarchive2.gwu.edu/nukevault/ebb538-Cold-War-Nuclear-Target-List-Declassified-First-Ever/documents/section6.pdf,PDF p.39 (A039-L26),132 8848 USMAN 0166-8044 5202-03939 R,reference number 8848; BE 0166-8044; code R
us_1956_sac_airfields,US (SAC),USSR,1956,study,1025,USOLYE,,airfield,1,493,,,52.65,103.85,"SAC, Atomic Weapons Requirements Study for 1959 (SM 129-56, June 1956), Part II airfield list (NSA EBB 538, doc. 06)",https://nsarchive2.gwu.edu/nukevault/ebb538-Cold-War-Nuclear-Target-List-Declassified-First-Ever/documents/section6.pdf,PDF p.39 (A039-L27),493 8850 USOLYE 0200-8018 5239-10351 R,reference number 8850; BE 0200-8018; code R
us_1956_sac_airfields,US (SAC),USSR,1956,study,1026,UST KAMENOGORSK,,airfield,1,1104,,,49.9833,82.6333,"SAC, Atomic Weapons Requirements Study for 1959 (SM 129-56, June 1956), Part II airfield list (NSA EBB 538, doc. 06)",https://nsarchive2.gwu.edu/nukevault/ebb538-Cold-War-Nuclear-Target-List-Declassified-First-Ever/documents/section6.pdf,PDF p.39 (A039-L28),1104 8860 UST KAMENOGORSK 0239-8604 4959-08238 R,reference number 8860; BE 0239-8604; code R
us_1956_sac_airfields,US (SAC),USSR,1956,study,1027,UST TAJMYR,,airfield,1,609,,,76.25,98.8833,"SAC, Atomic Weapons Requirements Study for 1959 (SM 129-56, June 1956), Part II airfield list (NSA EBB 538, doc. 06)",https://nsarchive2.gwu.edu/nukevault/ebb538-Cold-War-Nuclear-Target-List-Declassified-First-Ever/documents/section6.pdf,PDF p.40 (A040-L02),609 8880 UST TAJMYR 0013-8003 7615-09853 R,reference number 8880; BE 0013-8003; code R
us_1956_sac_airfields,US (SAC),USSR,1956,study,1028,UZHGOROD,,airfield,1,746,,,48.6333,22.2667,"SAC, Atomic Weapons Requirements Study for 1959 (SM 129-56, June 1956), Part II airfield list (NSA EBB 538, doc. 06)",https://nsarchive2.gwu.edu/nukevault/ebb538-Cold-War-Nuclear-Target-List-Declassified-First-Ever/documents/section6.pdf,PDF p.40 (A040-L03),746 1400 UZHGOROD 0232-8621 4838-02216 S,reference number 1400; BE 0232-8621; code S
us_1956_sac_airfields,US (SAC),Bulgaria,1956,study,1029,"UZUNDZHOVO, BULG",,airfield,1,389,,,41.9833,25.5833,"SAC, Atomic Weapons Requirements Study for 1959 (SM 129-56, June 1956), Part II airfield list (NSA EBB 538, doc. 06)",https://nsarchive2.gwu.edu/nukevault/ebb538-Cold-War-Nuclear-Target-List-Declassified-First-Ever/documents/section6.pdf,PDF p.40 (A040-L04),"389 1645 UZUNDZHOVO, BULG 0322-8069 4159-02535 S",reference number 1645; BE 0322-8069; code S
us_1956_sac_airfields,US (SAC),USSR,1956,study,1030,VAINODE,,airfield,1,277,,,56.4167,21.8833,"SAC, Atomic Weapons Requirements Study for 1959 (SM 129-56, June 1956), Part II airfield list (NSA EBB 538, doc. 06)",https://nsarchive2.gwu.edu/nukevault/ebb538-Cold-War-Nuclear-Target-List-Declassified-First-Ever/documents/section6.pdf,PDF p.40 (A040-L05),277 89157 VAINODE 0152-8609 5625-02153 R,reference number 89157; BE 0152-8609; code R
us_1956_sac_airfields,US (SAC),USSR,1956,study,1031,VALGA,,airfield,1,1105,,,57.7667,26.1,"SAC, Atomic Weapons Requirements Study for 1959 (SM 129-56, June 1956), Part II airfield list (NSA EBB 538, doc. 06)",https://nsarchive2.gwu.edu/nukevault/ebb538-Cold-War-Nuclear-Target-List-Declassified-First-Ever/documents/section6.pdf,PDF p.40 (A040-L06),1105 8917 VALGA 0153-8129 5746-02606 R,reference number 8917; BE 0153-8129; code R
us_1956_sac_airfields,US (SAC),USSR,1956,study,1032,VARENA,,airfield,1,576,,,54.2667,24.5167,"SAC, Atomic Weapons Requirements Study for 1959 (SM 129-56, June 1956), Part II airfield list (NSA EBB 538, doc. 06)",https://nsarchive2.gwu.edu/nukevault/ebb538-Cold-War-Nuclear-Target-List-Declassified-First-Ever/documents/section6.pdf,PDF p.40 (A040-L07),576 0189 VARENA 0168-8675 5416-02431 S,reference number 0189; BE 0168-8675; code S
us_1956_sac_airfields,US (SAC),USSR,1956,study,1033,VARFOLOMYEVKA S.,,airfield,1,240,,,44.2667,133.4333,"SAC, Atomic Weapons Requirements Study for 1959 (SM 129-56, June 1956), Part II airfield list (NSA EBB 538, doc. 06)",https://nsarchive2.gwu.edu/nukevault/ebb538-Cold-War-Nuclear-Target-List-Declassified-First-Ever/documents/section6.pdf,PDF p.40 (A040-L08),240 7390 VARFOLOMYEVKA S. 0282-8700 4416-13326 V,reference number 7390; BE 0282-8700; code V
us_1956_sac_airfields,US (SAC),USSR,1956,study,1034,VARFOLOMYEVKA S.W.,,airfield,1,318,,,44.2833,133.4167,"SAC, Atomic Weapons Requirements Study for 1959 (SM 129-56, June 1956), Part II airfield list (NSA EBB 538, doc. 06)",https://nsarchive2.gwu.edu/nukevault/ebb538-Cold-War-Nuclear-Target-List-Declassified-First-Ever/documents/section6.pdf,PDF p.40 (A040-L09),318 7390 VARFOLOMYEVKA S.W. 0282-8701 4417-13325 R,reference number 7390; BE 0282-8701; code R
us_1956_sac_airfields,US (SAC),USSR,1956,study,1035,VASILKOV,,airfield,1,250,,,50.2333,30.3167,"SAC, Atomic Weapons Requirements Study for 1959 (SM 129-56, June 1956), Part II airfield list (NSA EBB 538, doc. 06)",https://nsarchive2.gwu.edu/nukevault/ebb538-Cold-War-Nuclear-Target-List-Declassified-First-Ever/documents/section6.pdf,PDF p.40 (A040-L10),250 2070 VASILKOV 0233-8079 5014-03019 R,reference number 2070; BE 0233-8079; code R
us_1956_sac_airfields,US (SAC),USSR,1956,study,1036,VELIKIYE LUKI,,airfield,1,644,,,56.3833,30.6,"SAC, Atomic Weapons Requirements Study for 1959 (SM 129-56, June 1956), Part II airfield list (NSA EBB 538, doc. 06)",https://nsarchive2.gwu.edu/nukevault/ebb538-Cold-War-Nuclear-Target-List-Declassified-First-Ever/documents/section6.pdf,PDF p.40 (A040-L11),644 8960 VELIKIYE LUKI 0153-8131 5623-03036 R,reference number 8960; BE 0153-8131; code R
us_1956_sac_airfields,US (SAC),USSR,1956,study,1037,VENTSPILS S.,,airfield,1,1106,,,57.3667,21.55,"SAC, Atomic Weapons Requirements Study for 1959 (SM 129-56, June 1956), Part II airfield list (NSA EBB 538, doc. 06)",https://nsarchive2.gwu.edu/nukevault/ebb538-Cold-War-Nuclear-Target-List-Declassified-First-Ever/documents/section6.pdf,PDF p.40 (A040-L12),1106 8980 VENTSPILS S. 0152-8611 5722-02133 R,reference number 8980; BE 0152-8611; code R
us_1956_sac_airfields,US (SAC),USSR,1956,study,1038,VENTSPILS/TARGALE,,airfield,1,747,,,57.3333,21.65,"SAC, Atomic Weapons Requirements Study for 1959 (SM 129-56, June 1956), Part II airfield list (NSA EBB 538, doc. 06)",https://nsarchive2.gwu.edu/nukevault/ebb538-Cold-War-Nuclear-Target-List-Declassified-First-Ever/documents/section6.pdf,PDF p.40 (A040-L13),747 8980 VENTSPILS/TARGALE 0152-8612 5720-02139 S,reference number 8980; BE 0152-8612; code S
us_1956_sac_airfields,US (SAC),USSR,1956,study,1039,VERINO,,airfield,1,637,,,48.0,135.0333,"SAC, Atomic Weapons Requirements Study for 1959 (SM 129-56, June 1956), Part II airfield list (NSA EBB 538, doc. 06)",https://nsarchive2.gwu.edu/nukevault/ebb538-Cold-War-Nuclear-Target-List-Declassified-First-Ever/documents/section6.pdf,PDF p.40 (A040-L14),637 8983 VERINO 0282-8702 4800-13502 R,reference number 8983; BE 0282-8702; code R
us_1956_sac_airfields,US (SAC),Hungary,1956,study,1040,"VESZPREM, HUNG",,airfield,1,397,,,47.0833,17.9667,"SAC, Atomic Weapons Requirements Study for 1959 (SM 129-56, June 1956), Part II airfield list (NSA EBB 538, doc. 06)",https://nsarchive2.gwu.edu/nukevault/ebb538-Cold-War-Nuclear-Target-List-Declassified-First-Ever/documents/section6.pdf,PDF p.40 (A040-L15),"397 9075 VESZPREM, HUNG 0252-8055 4705-01758 R",reference number 9075; BE 0252-8055; code R
us_1956_sac_airfields,US (SAC),Poland,1956,study,1041,"VIETZKERSTRAND, POL",,airfield,1,748,,,54.55,16.6167,"SAC, Atomic Weapons Requirements Study for 1959 (SM 129-56, June 1956), Part II airfield list (NSA EBB 538, doc. 06)",https://nsarchive2.gwu.edu/nukevault/ebb538-Cold-War-Nuclear-Target-List-Declassified-First-Ever/documents/section6.pdf,PDF p.40 (A040-L16),"748 7300 VIETZKERSTRAND, POL 0169-8287 5433-01637 R",reference number 7300; BE 0169-8287; code R
us_1956_sac_airfields,US (SAC),USSR,1956,study,1042,VILNYUS,,airfield,1,749,,,54.6333,25.2833,"SAC, Atomic Weapons Requirements Study for 1959 (SM 129-56, June 1956), Part II airfield list (NSA EBB 538, doc. 06)",https://nsarchive2.gwu.edu/nukevault/ebb538-Cold-War-Nuclear-Target-List-Declassified-First-Ever/documents/section6.pdf,PDF p.40 (A040-L17),749 9080 VILNYUS 0168-8676 5438-02517 R,reference number 9080; BE 0168-8676; code R
us_1956_sac_airfields,US (SAC),USSR,1956,study,1043,VILNYUS E.,,airfield,1,1024,,,54.6667,25.5167,"SAC, Atomic Weapons Requirements Study for 1959 (SM 129-56, June 1956), Part II airfield list (NSA EBB 538, doc. 06)",https://nsarchive2.gwu.edu/nukevault/ebb538-Cold-War-Nuclear-Target-List-Declassified-First-Ever/documents/section6.pdf,PDF p.40 (A040-L18),1024 9080 VILNYUS E. 0168-8677 5440-02531 T,reference number 9080; BE 0168-8677; code T
us_1956_sac_airfields,US (SAC),USSR,1956,study,1044,VILNYUS S.W.,,airfield,1,766,,,54.6167,25.25,"SAC, Atomic Weapons Requirements Study for 1959 (SM 129-56, June 1956), Part II airfield list (NSA EBB 538, doc. 06)",https://nsarchive2.gwu.edu/nukevault/ebb538-Cold-War-Nuclear-Target-List-Declassified-First-Ever/documents/section6.pdf,PDF p.40 (A040-L19),766 9080 VILNYUS S.W. 0168-8679 5437-02515 S,reference number 9080; BE 0168-8679; code S
us_1956_sac_airfields,US (SAC),USSR,1956,study,1045,VINNITSA,,airfield,1,713,,,49.2333,28.55,"SAC, Atomic Weapons Requirements Study for 1959 (SM 129-56, June 1956), Part II airfield list (NSA EBB 538, doc. 06)",https://nsarchive2.gwu.edu/nukevault/ebb538-Cold-War-Nuclear-Target-List-Declassified-First-Ever/documents/section6.pdf,PDF p.40 (A040-L20),713 9090 VINNITSA 0233-8081 4914-02833 R,reference number 9090; BE 0233-8081; code R
us_1956_sac_airfields,US (SAC),USSR,1956,study,1046,VITEBSK,,airfield,1,283,,,55.1667,30.2167,"SAC, Atomic Weapons Requirements Study for 1959 (SM 129-56, June 1956), Part II airfield list (NSA EBB 538, doc. 06)",https://nsarchive2.gwu.edu/nukevault/ebb538-Cold-War-Nuclear-Target-List-Declassified-First-Ever/documents/section6.pdf,PDF p.40 (A040-L21),283 9100 VITEBSK 0167-8015 5510-03013 R,reference number 9100; BE 0167-8015; code R
us_1956_sac_airfields,US (SAC),USSR,1956,study,1047,VLADIMIROVKA,,airfield,1,176,,,48.3,46.2,"SAC, Atomic Weapons Requirements Study for 1959 (SM 129-56, June 1956), Part II airfield list (NSA EBB 538, doc. 06)",https://nsarchive2.gwu.edu/nukevault/ebb538-Cold-War-Nuclear-Target-List-Declassified-First-Ever/documents/section6.pdf,PDF p.40 (A040-L22),176 9125 VLADIMIROVKA 0235-8032 4818-04612 R,reference number 9125; BE 0235-8032; code R
us_1956_sac_airfields,US (SAC),USSR,1956,study,1048,VLADIMIR VOLYNSKIY N.E.,,airfield,1,400,,,50.9167,24.45,"SAC, Atomic Weapons Requirements Study for 1959 (SM 129-56, June 1956), Part II airfield list (NSA EBB 538, doc. 06)",https://nsarchive2.gwu.edu/nukevault/ebb538-Cold-War-Nuclear-Target-List-Declassified-First-Ever/documents/section6.pdf,PDF p.40 (A040-L23),400 9127 VLADIMIR VOLYNSKIY N.E. 0232-5055-02427 R,reference number 9127; BE 0232-; code R
us_1956_sac_airfields,US (SAC),USSR,1956,study,1049,VLADIVOSTOK,,airfield,1,786,,,43.2,131.9333,"SAC, Atomic Weapons Requirements Study for 1959 (SM 129-56, June 1956), Part II airfield list (NSA EBB 538, doc. 06)",https://nsarchive2.gwu.edu/nukevault/ebb538-Cold-War-Nuclear-Target-List-Declassified-First-Ever/documents/section6.pdf,PDF p.40 (A040-L24),786 9130 VLADIVOSTOK 0291-8000 4312-13156 R,reference number 9130; BE 0291-8000; code R
us_1956_sac_airfields,US (SAC),USSR,1956,study,1050,VOHMA,,airfield,1,940,,,58.65,25.5833,"SAC, Atomic Weapons Requirements Study for 1959 (SM 129-56, June 1956), Part II airfield list (NSA EBB 538, doc. 06)",https://nsarchive2.gwu.edu/nukevault/ebb538-Cold-War-Nuclear-Target-List-Declassified-First-Ever/documents/section6.pdf,PDF p.40 (A040-L25),940 91555 VOHMA 0153-8134 5839-02535 R,reference number 91555; BE 0153-8134; code R
us_1956_sac_airfields,US (SAC),USSR,1956,study,1051,VOLODARY,,airfield,1,707,,,56.2333,43.1833,"SAC, Atomic Weapons Requirements Study for 1959 (SM 129-56, June 1956), Part II airfield list (NSA EBB 538, doc. 06)",https://nsarchive2.gwu.edu/nukevault/ebb538-Cold-War-Nuclear-Target-List-Declassified-First-Ever/documents/section6.pdf,PDF p.40 (A040-L26),707 1870 VOLODARY 0154-8056 5614-04311 R,reference number 1870; BE 0154-8056; code R
us_1956_sac_airfields,US (SAC),USSR,1956,study,1052,VOLOGDA,,airfield,1,941,,,59.35,39.8167,"SAC, Atomic Weapons Requirements Study for 1959 (SM 129-56, June 1956), Part II airfield list (NSA EBB 538, doc. 06)",https://nsarchive2.gwu.edu/nukevault/ebb538-Cold-War-Nuclear-Target-List-Declassified-First-Ever/documents/section6.pdf,PDF p.40 (A040-L27),941 9170 VOLOGDA 0154-8058 5921-03949 R,reference number 9170; BE 0154-8058; code R
us_1956_sac_airfields,US (SAC),USSR,1956,study,1053,VOLOKOLAMSK,,airfield,1,477,,,56.1,35.8667,"SAC, Atomic Weapons Requirements Study for 1959 (SM 129-56, June 1956), Part II airfield list (NSA EBB 538, doc. 06)",https://nsarchive2.gwu.edu/nukevault/ebb538-Cold-War-Nuclear-Target-List-Declassified-First-Ever/documents/section6.pdf,PDF p.40 (A040-L28),477 9173 VOLOKOLAMSK 0154-5606-03552 R,reference number 9173; BE 0154-; code R
us_1956_sac_airfields,US (SAC),USSR,1956,study,1054,VOLOSOVO N.,,airfield,1,1026,,,59.5333,29.4667,"SAC, Atomic Weapons Requirements Study for 1959 (SM 129-56, June 1956), Part II airfield list (NSA EBB 538, doc. 06)",https://nsarchive2.gwu.edu/nukevault/ebb538-Cold-War-Nuclear-Target-List-Declassified-First-Ever/documents/section6.pdf,PDF p.41 (A041-L03),1026 9176 VOLOSOVO N. 0153-8137 5932-02928 S,reference number 9176; BE 0153-8137; code S
us_1956_sac_airfields,US (SAC),USSR,1956,study,1055,VOLOSOVO N.E.,,airfield,1,1108,,,59.5167,29.5833,"SAC, Atomic Weapons Requirements Study for 1959 (SM 129-56, June 1956), Part II airfield list (NSA EBB 538, doc. 06)",https://nsarchive2.gwu.edu/nukevault/ebb538-Cold-War-Nuclear-Target-List-Declassified-First-Ever/documents/section6.pdf,PDF p.41 (A041-L04),1108 9176 VOLOSOVO N.E. 0153-8138 5931-02935 T,reference number 9176; BE 0153-8138; code T
us_1956_sac_airfields,US (SAC),USSR,1956,study,1056,VORKUTA,,airfield,1,613,,,67.4833,64.0167,"SAC, Atomic Weapons Requirements Study for 1959 (SM 129-56, June 1956), Part II airfield list (NSA EBB 538, doc. 06)",https://nsarchive2.gwu.edu/nukevault/ebb538-Cold-War-Nuclear-Target-List-Declassified-First-Ever/documents/section6.pdf,PDF p.41 (A041-L05),613 9200 VORKUTA 0094-8003 6729-06401 R,reference number 9200; BE 0094-8003; code R
us_1956_sac_airfields,US (SAC),USSR,1956,study,1057,VORONEZH E.,,airfield,1,131,,,51.65,39.25,"SAC, Atomic Weapons Requirements Study for 1959 (SM 129-56, June 1956), Part II airfield list (NSA EBB 538, doc. 06)",https://nsarchive2.gwu.edu/nukevault/ebb538-Cold-War-Nuclear-Target-List-Declassified-First-Ever/documents/section6.pdf,PDF p.41 (A041-L06),131 9210 VORONEZH E. 0234-8081 5139-03915 T,reference number 9210; BE 0234-8081; code T
us_1956_sac_airfields,US (SAC),USSR,1956,study,1058,VORONEZH N.,,airfield,1,761,,,51.7,39.1667,"SAC, Atomic Weapons Requirements Study for 1959 (SM 129-56, June 1956), Part II airfield list (NSA EBB 538, doc. 06)",https://nsarchive2.gwu.edu/nukevault/ebb538-Cold-War-Nuclear-Target-List-Declassified-First-Ever/documents/section6.pdf,PDF p.41 (A041-L07),761 9210 VORONEZH N. 0234-8082 5142-03910 R,reference number 9210; BE 0234-8082; code R
us_1956_sac_airfields,US (SAC),USSR,1956,study,1059,VORONEZH S.W.,,airfield,1,423,,,51.6167,39.15,"SAC, Atomic Weapons Requirements Study for 1959 (SM 129-56, June 1956), Part II airfield list (NSA EBB 538, doc. 06)",https://nsarchive2.gwu.edu/nukevault/ebb538-Cold-War-Nuclear-Target-List-Declassified-First-Ever/documents/section6.pdf,PDF p.41 (A041-L08),423 9210 VORONEZH S.W. 0234-8084 5137-03909 S,reference number 9210; BE 0234-8084; code S
us_1956_sac_airfields,US (SAC),USSR,1956,study,1060,VOROSHILOV N.,,airfield,1,311,,,43.8333,131.9167,"SAC, Atomic Weapons Requirements Study for 1959 (SM 129-56, June 1956), Part II airfield list (NSA EBB 538, doc. 06)",https://nsarchive2.gwu.edu/nukevault/ebb538-Cold-War-Nuclear-Target-List-Declassified-First-Ever/documents/section6.pdf,PDF p.41 (A041-L09),311 9220 VOROSHILOV N. 0291-8663 4350-13155 U,reference number 9220; BE 0291-8663; code U
us_1956_sac_airfields,US (SAC),USSR,1956,study,1061,VOROSHILOV S.E.,,airfield,1,561,,,43.7667,132.0,"SAC, Atomic Weapons Requirements Study for 1959 (SM 129-56, June 1956), Part II airfield list (NSA EBB 538, doc. 06)",https://nsarchive2.gwu.edu/nukevault/ebb538-Cold-War-Nuclear-Target-List-Declassified-First-Ever/documents/section6.pdf,PDF p.41 (A041-L10),561 9220 VOROSHILOV S.E. 0291-8665 4346-13200 Y,reference number 9220; BE 0291-8665; code Y
us_1956_sac_airfields,US (SAC),USSR,1956,study,1062,VOROSHILOVGRAD N.W.,,airfield,1,1109,,,48.65,38.9167,"SAC, Atomic Weapons Requirements Study for 1959 (SM 129-56, June 1956), Part II airfield list (NSA EBB 538, doc. 06)",https://nsarchive2.gwu.edu/nukevault/ebb538-Cold-War-Nuclear-Target-List-Declassified-First-Ever/documents/section6.pdf,PDF p.41 (A041-L11),1109 9230 VOROSHILOVGRAD N.W. 0234-8086 4839-03855 R,reference number 9230; BE 0234-8086; code R
us_1956_sac_airfields,US (SAC),USSR,1956,study,1063,VOROSHILOVGRAD S.E.,,airfield,1,721,,,48.5333,39.3833,"SAC, Atomic Weapons Requirements Study for 1959 (SM 129-56, June 1956), Part II airfield list (NSA EBB 538, doc. 06)",https://nsarchive2.gwu.edu/nukevault/ebb538-Cold-War-Nuclear-Target-List-Declassified-First-Ever/documents/section6.pdf,PDF p.41 (A041-L12),721 9230 VOROSHILOVGRAD S.E. 0234-8088 4832-03923 S,reference number 9230; BE 0234-8088; code S
us_1956_sac_airfields,US (SAC),USSR,1956,study,1064,VORU,,airfield,1,526,,,57.9167,26.9833,"SAC, Atomic Weapons Requirements Study for 1959 (SM 129-56, June 1956), Part II airfield list (NSA EBB 538, doc. 06)",https://nsarchive2.gwu.edu/nukevault/ebb538-Cold-War-Nuclear-Target-List-Declassified-First-Ever/documents/section6.pdf,PDF p.41 (A041-L13),526 9254 VORU 0153-8162 5755-02659 R,reference number 9254; BE 0153-8162; code R
us_1956_sac_airfields,US (SAC),USSR,1956,study,1065,VOSKRESENKA,,airfield,1,198,,,44.5667,132.7333,"SAC, Atomic Weapons Requirements Study for 1959 (SM 129-56, June 1956), Part II airfield list (NSA EBB 538, doc. 06)",https://nsarchive2.gwu.edu/nukevault/ebb538-Cold-War-Nuclear-Target-List-Declassified-First-Ever/documents/section6.pdf,PDF p.41 (A041-L14),198 7732 VOSKRESENKA 0282-8029 4434-13244 R,reference number 7732; BE 0282-8029; code R
us_1956_sac_airfields,US (SAC),USSR,1956,study,1066,VOZDVIZHENKA,,airfield,1,19,,,43.9167,131.9333,"SAC, Atomic Weapons Requirements Study for 1959 (SM 129-56, June 1956), Part II airfield list (NSA EBB 538, doc. 06)",https://nsarchive2.gwu.edu/nukevault/ebb538-Cold-War-Nuclear-Target-List-Declassified-First-Ever/documents/section6.pdf,PDF p.41 (A041-L15),19 9220 VOZDVIZHENKA 0291-8019 4355-13156 X,reference number 9220; BE 0291-8019; code X
us_1956_sac_airfields,US (SAC),USSR,1956,study,1067,VOZZHAYEVKA,,airfield,1,161,,,50.7167,128.7167,"SAC, Atomic Weapons Requirements Study for 1959 (SM 129-56, June 1956), Part II airfield list (NSA EBB 538, doc. 06)",https://nsarchive2.gwu.edu/nukevault/ebb538-Cold-War-Nuclear-Target-List-Declassified-First-Ever/documents/section6.pdf,PDF p.41 (A041-L16),161 4314 VOZZHAYEVKA 0203-8644 5043-12843 S,reference number 4314; BE 0203-8644; code S
us_1956_sac_airfields,US (SAC),USSR,1956,study,1068,VTORAYA RECHKA,,airfield,1,758,,,43.1667,131.9333,"SAC, Atomic Weapons Requirements Study for 1959 (SM 129-56, June 1956), Part II airfield list (NSA EBB 538, doc. 06)",https://nsarchive2.gwu.edu/nukevault/ebb538-Cold-War-Nuclear-Target-List-Declassified-First-Ever/documents/section6.pdf,PDF p.41 (A041-L17),758 9130 VTORAYA RECHKA 0291-8660 4310-13156 T,reference number 9130; BE 0291-8660; code T
us_1956_sac_airfields,US (SAC),USSR,1956,study,1069,VVEDENKA,,airfield,1,942,,,45.85,133.8333,"SAC, Atomic Weapons Requirements Study for 1959 (SM 129-56, June 1956), Part II airfield list (NSA EBB 538, doc. 06)",https://nsarchive2.gwu.edu/nukevault/ebb538-Cold-War-Nuclear-Target-List-Declassified-First-Ever/documents/section6.pdf,PDF p.41 (A041-L18),942 2922 VVEDENKA 0282-8705 4551-13350 S,reference number 2922; BE 0282-8705; code S
us_1956_sac_airfields,US (SAC),USSR,1956,study,1070,VYAZMA,,airfield,1,282,,,55.15,34.3833,"SAC, Atomic Weapons Requirements Study for 1959 (SM 129-56, June 1956), Part II airfield list (NSA EBB 538, doc. 06)",https://nsarchive2.gwu.edu/nukevault/ebb538-Cold-War-Nuclear-Target-List-Declassified-First-Ever/documents/section6.pdf,PDF p.41 (A041-L19),282 9310 VYAZMA 0167-8095 5509-03423 R,reference number 9310; BE 0167-8095; code R
us_1956_sac_airfields,US (SAC),USSR,1956,study,1071,VYBORG E.,,airfield,1,460,,,60.6833,29.1667,"SAC, Atomic Weapons Requirements Study for 1959 (SM 129-56, June 1956), Part II airfield list (NSA EBB 538, doc. 06)",https://nsarchive2.gwu.edu/nukevault/ebb538-Cold-War-Nuclear-Target-List-Declassified-First-Ever/documents/section6.pdf,PDF p.41 (A041-L20),460 9320 VYBORG E. 0103-8621 6041-02910 R,reference number 9320; BE 0103-8621; code R
us_1956_sac_airfields,US (SAC),USSR,1956,study,1072,VYTEGRA,,airfield,1,1027,,,61.0167,36.45,"SAC, Atomic Weapons Requirements Study for 1959 (SM 129-56, June 1956), Part II airfield list (NSA EBB 538, doc. 06)",https://nsarchive2.gwu.edu/nukevault/ebb538-Cold-War-Nuclear-Target-List-Declassified-First-Ever/documents/section6.pdf,PDF p.41 (A041-L21),1027 9340 VYTEGRA 0102-8028 6101-03627 R,reference number 9340; BE 0102-8028; code R
us_1956_sac_airfields,US (SAC),Poland,1956,study,1073,"WARSAW/BOERNEROWO, POL",,airfield,1,286,,,52.2667,20.9167,"SAC, Atomic Weapons Requirements Study for 1959 (SM 129-56, June 1956), Part II airfield list (NSA EBB 538, doc. 06)",https://nsarchive2.gwu.edu/nukevault/ebb538-Cold-War-Nuclear-Target-List-Declassified-First-Ever/documents/section6.pdf,PDF p.41 (A041-L22),"286 9385 WARSAW/BOERNEROWO, POL 0169-8295 5216-02055 S",reference number 9385; BE 0169-8295; code S
us_1956_sac_airfields,US (SAC),Poland,1956,study,1074,"WARSAW/OKECIE, POL",,airfield,1,177,,,52.1667,20.9667,"SAC, Atomic Weapons Requirements Study for 1959 (SM 129-56, June 1956), Part II airfield list (NSA EBB 538, doc. 06)",https://nsarchive2.gwu.edu/nukevault/ebb538-Cold-War-Nuclear-Target-List-Declassified-First-Ever/documents/section6.pdf,PDF p.41 (A041-L23),"177 9385 WARSAW/OKECIE, POL 0169-8291 5210-02058 T",reference number 9385; BE 0169-8291; code T
us_1956_sac_airfields,US (SAC),PRC,1956,study,1075,"WEI HSIEN, CHINA",,airfield,1,538,,,36.65,119.1167,"SAC, Atomic Weapons Requirements Study for 1959 (SM 129-56, June 1956), Part II airfield list (NSA EBB 538, doc. 06)",https://nsarchive2.gwu.edu/nukevault/ebb538-Cold-War-Nuclear-Target-List-Declassified-First-Ever/documents/section6.pdf,PDF p.41 (A041-L24),"538 9403 WEI HSIEN, CHINA 0381-8012 3639-11907 R",reference number 9403; BE 0381-8012; code R
us_1956_sac_airfields,US (SAC),GDR,1956,study,1076,"WELZOW, E GER",,airfield,1,96,,,51.5833,14.15,"SAC, Atomic Weapons Requirements Study for 1959 (SM 129-56, June 1956), Part II airfield list (NSA EBB 538, doc. 06)",https://nsarchive2.gwu.edu/nukevault/ebb538-Cold-War-Nuclear-Target-List-Declassified-First-Ever/documents/section6.pdf,PDF p.41 (A041-L25),"96 7345 WELZOW, E GER 0231-8080 5135-01409 S",reference number 7345; BE 0231-8080; code S
us_1956_sac_airfields,US (SAC),GDR,1956,study,1077,"WERNEUCHEN, E GER",,airfield,1,82,,,52.6333,13.7667,"SAC, Atomic Weapons Requirements Study for 1959 (SM 129-56, June 1956), Part II airfield list (NSA EBB 538, doc. 06)",https://nsarchive2.gwu.edu/nukevault/ebb538-Cold-War-Nuclear-Target-List-Declassified-First-Ever/documents/section6.pdf,PDF p.41 (A041-L26),"82 1935 WERNEUCHEN, E GER 0169-8239 5238-01346 T",reference number 1935; BE 0169-8239; code T
us_1956_sac_airfields,US (SAC),PRC,1956,study,1078,"WHITE CLOUD, CHINA",,airfield,1,258,,,23.1667,113.25,"SAC, Atomic Weapons Requirements Study for 1959 (SM 129-56, June 1956), Part II airfield list (NSA EBB 538, doc. 06)",https://nsarchive2.gwu.edu/nukevault/ebb538-Cold-War-Nuclear-Target-List-Declassified-First-Ever/documents/section6.pdf,PDF p.41 (A041-L27),"258 1153 WHITE CLOUD, CHINA 0614-8414 2310-11315 T",reference number 1153; BE 0614-8414; code T
us_1956_sac_airfields,US (SAC),GDR,1956,study,1079,"WITTSTOCK, E GER",,airfield,1,396,,,53.2,12.5167,"SAC, Atomic Weapons Requirements Study for 1959 (SM 129-56, June 1956), Part II airfield list (NSA EBB 538, doc. 06)",https://nsarchive2.gwu.edu/nukevault/ebb538-Cold-War-Nuclear-Target-List-Declassified-First-Ever/documents/section6.pdf,PDF p.41 (A041-L28),"396 9483 WITTSTOCK, E GER 0169-8240 5312-01231 R",reference number 9483; BE 0169-8240; code R
us_1956_sac_airfields,US (SAC),North Korea,1956,study,1080,"WONSAN, N KOREA",,airfield,1,453,,,39.1667,127.4833,"SAC, Atomic Weapons Requirements Study for 1959 (SM 129-56, June 1956), Part II airfield list (NSA EBB 538, doc. 06)",https://nsarchive2.gwu.edu/nukevault/ebb538-Cold-War-Nuclear-Target-List-Declassified-First-Ever/documents/section6.pdf,PDF p.41 (A041-L29),"453 9510 WONSAN, N KOREA 0380-8004 3910-12729 R",reference number 9510; BE 0380-8004; code R
us_1956_sac_airfields,US (SAC),PRC,1956,study,1081,"WU CHANG, CHINA",,airfield,1,636,,,30.5167,114.3,"SAC, Atomic Weapons Requirements Study for 1959 (SM 129-56, June 1956), Part II airfield list (NSA EBB 538, doc. 06)",https://nsarchive2.gwu.edu/nukevault/ebb538-Cold-War-Nuclear-Target-List-Declassified-First-Ever/documents/section6.pdf,PDF p.42 (A042-L02),"636 2585 WU CHANG, CHINA 0493-8412 3031-11418 S",reference number 2585; BE 0493-8412; code S
us_1956_sac_airfields,US (SAC),PRC,1956,study,1082,"WU CHANG SATELLITE, CHINA",,airfield,1,684,,,30.6,114.35,"SAC, Atomic Weapons Requirements Study for 1959 (SM 129-56, June 1956), Part II airfield list (NSA EBB 538, doc. 06)",https://nsarchive2.gwu.edu/nukevault/ebb538-Cold-War-Nuclear-Target-List-Declassified-First-Ever/documents/section6.pdf,PDF p.42 (A042-L03),"684 2585 WU CHANG SATELLITE, CHINA 0493-8413 3036-11421 T",reference number 2585; BE 0493-8413; code T
us_1956_sac_airfields,US (SAC),PRC,1956,study,1083,"WU HU, CHINA",,airfield,1,753,,,31.4,118.4,"SAC, Atomic Weapons Requirements Study for 1959 (SM 129-56, June 1956), Part II airfield list (NSA EBB 538, doc. 06)",https://nsarchive2.gwu.edu/nukevault/ebb538-Cold-War-Nuclear-Target-List-Declassified-First-Ever/documents/section6.pdf,PDF p.42 (A042-L04),"753 9547 WU HU, CHINA 0493-8415 3124-11824 R",reference number 9547; BE 0493-8415; code R
us_1956_sac_airfields,US (SAC),PRC,1956,study,1084,"WU KUNG, CHINA",,airfield,1,527,,,34.2833,108.2833,"SAC, Atomic Weapons Requirements Study for 1959 (SM 129-56, June 1956), Part II airfield list (NSA EBB 538, doc. 06)",https://nsarchive2.gwu.edu/nukevault/ebb538-Cold-War-Nuclear-Target-List-Declassified-First-Ever/documents/section6.pdf,PDF p.42 (A042-L05),"527 95475 WU KUNG, CHINA 0384-8416 3417-10817 R",reference number 95475; BE 0384-8416; code R
us_1956_sac_airfields,US (SAC),Poland,1956,study,1085,"WULFLATZKE, POL",,airfield,1,819,,,53.6,16.7167,"SAC, Atomic Weapons Requirements Study for 1959 (SM 129-56, June 1956), Part II airfield list (NSA EBB 538, doc. 06)",https://nsarchive2.gwu.edu/nukevault/ebb538-Cold-War-Nuclear-Target-List-Declassified-First-Ever/documents/section6.pdf,PDF p.42 (A042-L06),"819 54355 WULFLATZKE, POL 0169-8625 5336-01643 R",reference number 54355; BE 0169-8625; code R
us_1956_sac_airfields,US (SAC),USSR,1956,study,1086,YAKUTSK #1,,airfield,1,589,,,62.0833,129.8,"SAC, Atomic Weapons Requirements Study for 1959 (SM 129-56, June 1956), Part II airfield list (NSA EBB 538, doc. 06)",https://nsarchive2.gwu.edu/nukevault/ebb538-Cold-War-Nuclear-Target-List-Declassified-First-Ever/documents/section6.pdf,PDF p.42 (A042-L07),589 9599 YAKUTSK #1 0124-8001 6205-12948 R,reference number 9599; BE 0124-8001; code R
us_1956_sac_airfields,US (SAC),Bulgaria,1956,study,1087,"YAMBOL, BULG",,airfield,1,944,,,42.5167,26.5,"SAC, Atomic Weapons Requirements Study for 1959 (SM 129-56, June 1956), Part II airfield list (NSA EBB 538, doc. 06)",https://nsarchive2.gwu.edu/nukevault/ebb538-Cold-War-Nuclear-Target-List-Declassified-First-Ever/documents/section6.pdf,PDF p.42 (A042-L08),"944 9604 YAMBOL, BULG 0322-8047 4231-02630 R",reference number 9604; BE 0322-8047; code R
us_1956_sac_airfields,US (SAC),PRC,1956,study,1088,"YAMEN TUN, MANCH",,airfield,1,181,,,47.2167,123.9,"SAC, Atomic Weapons Requirements Study for 1959 (SM 129-56, June 1956), Part II airfield list (NSA EBB 538, doc. 06)",https://nsarchive2.gwu.edu/nukevault/ebb538-Cold-War-Nuclear-Target-List-Declassified-First-Ever/documents/section6.pdf,PDF p.42 (A042-L09),"181 8601 YAMEN TUN, MANCH 0283-8435 4713-12354 S",Manchuria; reference number 8601; BE 0283-8435; code S
us_1956_sac_airfields,US (SAC),USSR,1956,study,1089,YANGADZHA,,airfield,1,528,,,40.0333,53.35,"SAC, Atomic Weapons Requirements Study for 1959 (SM 129-56, June 1956), Part II airfield list (NSA EBB 538, doc. 06)",https://nsarchive2.gwu.edu/nukevault/ebb538-Cold-War-Nuclear-Target-List-Declassified-First-Ever/documents/section6.pdf,PDF p.42 (A042-L10),528 9608 YANGADZHA 0326-8009 4002-05321 R,reference number 9608; BE 0326-8009; code R
us_1956_sac_airfields,US (SAC),PRC,1956,study,1090,"YANG TANG, CHINA",,airfield,1,1040,,,25.2167,110.1667,"SAC, Atomic Weapons Requirements Study for 1959 (SM 129-56, June 1956), Part II airfield list (NSA EBB 538, doc. 06)",https://nsarchive2.gwu.edu/nukevault/ebb538-Cold-War-Nuclear-Target-List-Declassified-First-Ever/documents/section6.pdf,PDF p.42 (A042-L11),"1040 4168 YANG TANG, CHINA 0497-8412 2513-11010 S",reference number 4168; BE 0497-8412; code S
us_1956_sac_airfields,US (SAC),PRC,1956,study,1091,"YANG TSUN, CHINA",,airfield,1,532,,,39.3833,117.0833,"SAC, Atomic Weapons Requirements Study for 1959 (SM 129-56, June 1956), Part II airfield list (NSA EBB 538, doc. 06)",https://nsarchive2.gwu.edu/nukevault/ebb538-Cold-War-Nuclear-Target-List-Declassified-First-Ever/documents/section6.pdf,PDF p.42 (A042-L12),"532 8417 YANG TSUN, CHINA 0381-8415 3923-11705 T",reference number 8417; BE 0381-8415; code T
us_1956_sac_airfields,US (SAC),USSR,1956,study,1092,YANOVICHI,,airfield,1,945,,,55.3333,30.7,"SAC, Atomic Weapons Requirements Study for 1959 (SM 129-56, June 1956), Part II airfield list (NSA EBB 538, doc. 06)",https://nsarchive2.gwu.edu/nukevault/ebb538-Cold-War-Nuclear-Target-List-Declassified-First-Ever/documents/section6.pdf,PDF p.42 (A042-L13),945 9625 YANOVICHI 0167-8017 5520-03042 R,reference number 9625; BE 0167-8017; code R
us_1956_sac_airfields,US (SAC),USSR,1956,study,1093,YAROSLAVL,,airfield,1,337,,,57.5833,39.9,"SAC, Atomic Weapons Requirements Study for 1959 (SM 129-56, June 1956), Part II airfield list (NSA EBB 538, doc. 06)",https://nsarchive2.gwu.edu/nukevault/ebb538-Cold-War-Nuclear-Target-List-Declassified-First-Ever/documents/section6.pdf,PDF p.42 (A042-L14),337 9630 YAROSLAVL 0154-8067 5735-03954 R,reference number 9630; BE 0154-8067; code R
us_1956_sac_airfields,US (SAC),USSR,1956,study,1094,YAROSLAVL/TUNOSHNOYE,,airfield,1,363,,,57.5667,40.15,"SAC, Atomic Weapons Requirements Study for 1959 (SM 129-56, June 1956), Part II airfield list (NSA EBB 538, doc. 06)",https://nsarchive2.gwu.edu/nukevault/ebb538-Cold-War-Nuclear-Target-List-Declassified-First-Ever/documents/section6.pdf,PDF p.42 (A042-L15),363 9630 YAROSLAVL/TUNOSHNOYE 0154-8068 5734-04009 S,reference number 9630; BE 0154-8068; code S
us_1956_sac_airfields,US (SAC),USSR,1956,study,1095,YEDROVO,,airfield,1,733,,,57.8667,33.6667,"SAC, Atomic Weapons Requirements Study for 1959 (SM 129-56, June 1956), Part II airfield list (NSA EBB 538, doc. 06)",https://nsarchive2.gwu.edu/nukevault/ebb538-Cold-War-Nuclear-Target-List-Declassified-First-Ever/documents/section6.pdf,PDF p.42 (A042-L16),733 0860 YEDROVO 0154-8069 5752-03340 S,reference number 0860; BE 0154-8069; code S
us_1956_sac_airfields,US (SAC),USSR,1956,study,1096,YEFREMOV,,airfield,1,219,,,53.1667,38.0833,"SAC, Atomic Weapons Requirements Study for 1959 (SM 129-56, June 1956), Part II airfield list (NSA EBB 538, doc. 06)",https://nsarchive2.gwu.edu/nukevault/ebb538-Cold-War-Nuclear-Target-List-Declassified-First-Ever/documents/section6.pdf,PDF p.42 (A042-L17),219 9650 YEFREMOV 0167-5310-03805 R,reference number 9650; BE 0167-; code R
us_1956_sac_airfields,US (SAC),USSR,1956,study,1097,YELETS W.,,airfield,1,224,,,52.6333,38.4,"SAC, Atomic Weapons Requirements Study for 1959 (SM 129-56, June 1956), Part II airfield list (NSA EBB 538, doc. 06)",https://nsarchive2.gwu.edu/nukevault/ebb538-Cold-War-Nuclear-Target-List-Declassified-First-Ever/documents/section6.pdf,PDF p.42 (A042-L18),224 9670 YELETS W. 0167-8101 5238-03824 R,reference number 9670; BE 0167-8101; code R
us_1956_sac_airfields,US (SAC),USSR,1956,study,1098,YELGAVA,,airfield,1,667,,,56.6667,23.7,"SAC, Atomic Weapons Requirements Study for 1959 (SM 129-56, June 1956), Part II airfield list (NSA EBB 538, doc. 06)",https://nsarchive2.gwu.edu/nukevault/ebb538-Cold-War-Nuclear-Target-List-Declassified-First-Ever/documents/section6.pdf,PDF p.42 (A042-L19),667 9671 YELGAVA 0153-8029 5640-02342 R,reference number 9671; BE 0153-8029; code R
us_1956_sac_airfields,US (SAC),PRC,1956,study,1099,YEN CHI N. MANCH,,airfield,1,787,,,42.9,129.55,"SAC, Atomic Weapons Requirements Study for 1959 (SM 129-56, June 1956), Part II airfield list (NSA EBB 538, doc. 06)",https://nsarchive2.gwu.edu/nukevault/ebb538-Cold-War-Nuclear-Target-List-Declassified-First-Ever/documents/section6.pdf,PDF p.42 (A042-L20),787 9675 YEN CHI N. MANCH 0290-8438 4254-12933 R,Manchuria; reference number 9675; BE 0290-8438; code R
us_1956_sac_airfields,US (SAC),PRC,1956,study,1100,YEN CHI S. MANCH,,airfield,1,539,,,42.8833,129.4667,"SAC, Atomic Weapons Requirements Study for 1959 (SM 129-56, June 1956), Part II airfield list (NSA EBB 538, doc. 06)",https://nsarchive2.gwu.edu/nukevault/ebb538-Cold-War-Nuclear-Target-List-Declassified-First-Ever/documents/section6.pdf,PDF p.42 (A042-L21),539 9675 YEN CHI S. MANCH 0290-8439 4253-12928 S,Manchuria; reference number 9675; BE 0290-8439; code S
us_1956_sac_airfields,US (SAC),PRC,1956,study,1101,YEN TAI S. CHINA,,airfield,1,521,,,37.4,121.3667,"SAC, Atomic Weapons Requirements Study for 1959 (SM 129-56, June 1956), Part II airfield list (NSA EBB 538, doc. 06)",https://nsarchive2.gwu.edu/nukevault/ebb538-Cold-War-Nuclear-Target-List-Declassified-First-Ever/documents/section6.pdf,PDF p.42 (A042-L22),521 9680 YEN TAI S. CHINA 0381-8444 3724-12122 R,reference number 9680; BE 0381-8444; code R
us_1956_sac_airfields,US (SAC),USSR,1956,study,1102,YEREVAN,,airfield,1,301,,,40.1167,44.4667,"SAC, Atomic Weapons Requirements Study for 1959 (SM 129-56, June 1956), Part II airfield list (NSA EBB 538, doc. 06)",https://nsarchive2.gwu.edu/nukevault/ebb538-Cold-War-Nuclear-Target-List-Declassified-First-Ever/documents/section6.pdf,PDF p.42 (A042-L23),301 9690 YEREVAN 0325-8721 4007-04428 R,reference number 9690; BE 0325-8721; code R
us_1956_sac_airfields,US (SAC),USSR,1956,study,1103,YEVLAKH,,airfield,1,788,,,40.6333,47.15,"SAC, Atomic Weapons Requirements Study for 1959 (SM 129-56, June 1956), Part II airfield list (NSA EBB 538, doc. 06)",https://nsarchive2.gwu.edu/nukevault/ebb538-Cold-War-Nuclear-Target-List-Declassified-First-Ever/documents/section6.pdf,PDF p.42 (A042-L24),788 5020 YEVLAKH 0325-8726 4038-04709 R,reference number 5020; BE 0325-8726; code R
us_1956_sac_airfields,US (SAC),USSR,1956,study,1104,YEVPATORIYA,,airfield,1,232,,,45.2167,33.3667,"SAC, Atomic Weapons Requirements Study for 1959 (SM 129-56, June 1956), Part II airfield list (NSA EBB 538, doc. 06)",https://nsarchive2.gwu.edu/nukevault/ebb538-Cold-War-Nuclear-Target-List-Declassified-First-Ever/documents/section6.pdf,PDF p.42 (A042-L25),232 9695 YEVPATORIYA 0250-8004 4513-03322 S,reference number 9695; BE 0250-8004; code S
us_1956_sac_airfields,US (SAC),PRC,1956,study,1105,"YING CHENG TZU, MANCH",,airfield,1,187,,,39.0167,121.3833,"SAC, Atomic Weapons Requirements Study for 1959 (SM 129-56, June 1956), Part II airfield list (NSA EBB 538, doc. 06)",https://nsarchive2.gwu.edu/nukevault/ebb538-Cold-War-Nuclear-Target-List-Declassified-First-Ever/documents/section6.pdf,PDF p.42 (A042-L26),"187 1543 YING CHENG TZU, MANCH 0381-8007 3901-12123 S",Manchuria; reference number 1543; BE 0381-8007; code S
us_1956_sac_airfields,US (SAC),USSR,1956,study,1106,YOKANGA,,airfield,1,1111,,,67.9667,39.5667,"SAC, Atomic Weapons Requirements Study for 1959 (SM 129-56, June 1956), Part II airfield list (NSA EBB 538, doc. 06)",https://nsarchive2.gwu.edu/nukevault/ebb538-Cold-War-Nuclear-Target-List-Declassified-First-Ever/documents/section6.pdf,PDF p.42 (A042-L27),1111 9707 YOKANGA 0092-8009 6758-03934 R,reference number 9707; BE 0092-8009; code R
us_1956_sac_airfields,US (SAC),PRC,1956,study,1107,"YUN NAN I, CHINA",,airfield,1,708,,,25.4167,100.7,"SAC, Atomic Weapons Requirements Study for 1959 (SM 129-56, June 1956), Part II airfield list (NSA EBB 538, doc. 06)",https://nsarchive2.gwu.edu/nukevault/ebb538-Cold-War-Nuclear-Target-List-Declassified-First-Ever/documents/section6.pdf,PDF p.42 (A042-L28),"708 9728 YUN NAN I, CHINA 0555-8404 2525-10042 R",reference number 9728; BE 0555-8404; code R
us_1956_sac_airfields,US (SAC),USSR,1956,study,1108,YUZHNO SAKHALINSK,,airfield,1,663,,,46.9167,142.7333,"SAC, Atomic Weapons Requirements Study for 1959 (SM 129-56, June 1956), Part II airfield list (NSA EBB 538, doc. 06)",https://nsarchive2.gwu.edu/nukevault/ebb538-Cold-War-Nuclear-Target-List-Declassified-First-Ever/documents/section6.pdf,PDF p.43 (A043-L03),663 9740 YUZHNO SAKHALINSK 0281-8607 4655-14244 S,reference number 9740; BE 0281-8607; code S
us_1956_sac_airfields,US (SAC),USSR,1956,study,1109,YUZHNO SAKHALINSK S.,,airfield,1,241,,,46.8833,142.7167,"SAC, Atomic Weapons Requirements Study for 1959 (SM 129-56, June 1956), Part II airfield list (NSA EBB 538, doc. 06)",https://nsarchive2.gwu.edu/nukevault/ebb538-Cold-War-Nuclear-Target-List-Declassified-First-Ever/documents/section6.pdf,PDF p.43 (A043-L04),241 9740 YUZHNO SAKHALINSK S. 0281-8613 4653-14243 R,reference number 9740; BE 0281-8613; code R
us_1956_sac_airfields,US (SAC),USSR,1956,study,1110,ZALIV KRESTA,,airfield,1,619,,,65.9833,-178.8,"SAC, Atomic Weapons Requirements Study for 1959 (SM 129-56, June 1956), Part II airfield list (NSA EBB 538, doc. 06)",https://nsarchive2.gwu.edu/nukevault/ebb538-Cold-War-Nuclear-Target-List-Declassified-First-Ever/documents/section6.pdf,PDF p.43 (A043-L05),619 9792 ZALIV KRESTA 0075-8014 6559-17848W S,reference number 9792; BE 0075-8014; code S
us_1956_sac_airfields,US (SAC),USSR,1956,study,1111,ZAPOROZHYE E.,,airfield,1,75,,,47.8667,35.3167,"SAC, Atomic Weapons Requirements Study for 1959 (SM 129-56, June 1956), Part II airfield list (NSA EBB 538, doc. 06)",https://nsarchive2.gwu.edu/nukevault/ebb538-Cold-War-Nuclear-Target-List-Declassified-First-Ever/documents/section6.pdf,PDF p.43 (A043-L06),75 9800 ZAPOROZHYE E. 0249-8302 4752-03519 U,reference number 9800; BE 0249-8302; code U
us_1956_sac_airfields,US (SAC),USSR,1956,study,1112,ZAPOROZHYE N.E.,,airfield,1,124,,,47.9,35.2333,"SAC, Atomic Weapons Requirements Study for 1959 (SM 129-56, June 1956), Part II airfield list (NSA EBB 538, doc. 06)",https://nsarchive2.gwu.edu/nukevault/ebb538-Cold-War-Nuclear-Target-List-Declassified-First-Ever/documents/section6.pdf,PDF p.43 (A043-L07),124 9800 ZAPOROZHYE N.E. 0249-8306 4754-03514 V,reference number 9800; BE 0249-8306; code V
us_1956_sac_airfields,US (SAC),USSR,1956,study,1113,ZAPOROZHYE S.,,airfield,1,685,,,47.7833,35.2167,"SAC, Atomic Weapons Requirements Study for 1959 (SM 129-56, June 1956), Part II airfield list (NSA EBB 538, doc. 06)",https://nsarchive2.gwu.edu/nukevault/ebb538-Cold-War-Nuclear-Target-List-Declassified-First-Ever/documents/section6.pdf,PDF p.43 (A043-L08),685 9800 ZAPOROZHYE S. 0249-8305 4747-03513 T,reference number 9800; BE 0249-8305; code T
us_1956_sac_airfields,US (SAC),USSR,1956,study,1114,ZAPOROZHYE S.E.,,airfield,1,711,,,47.8,35.25,"SAC, Atomic Weapons Requirements Study for 1959 (SM 129-56, June 1956), Part II airfield list (NSA EBB 538, doc. 06)",https://nsarchive2.gwu.edu/nukevault/ebb538-Cold-War-Nuclear-Target-List-Declassified-First-Ever/documents/section6.pdf,PDF p.43 (A043-L09),711 9800 ZAPOROZHYE S.E. 0249-8312 4748-03515 R,reference number 9800; BE 0249-8312; code R
us_1956_sac_airfields,US (SAC),Czechoslovakia,1956,study,1115,"ZATEC, CZECH",,airfield,1,230,,,50.3667,13.5833,"SAC, Atomic Weapons Requirements Study for 1959 (SM 129-56, June 1956), Part II airfield list (NSA EBB 538, doc. 06)",https://nsarchive2.gwu.edu/nukevault/ebb538-Cold-War-Nuclear-Target-List-Declassified-First-Ever/documents/section6.pdf,PDF p.43 (A043-L10),"230 5165 ZATEC, CZECH 0231-8115 5022-01335 R",reference number 5165; BE 0231-8115; code R
us_1956_sac_airfields,US (SAC),USSR,1956,study,1116,ZAVITAYA,,airfield,1,789,,,50.1333,129.4167,"SAC, Atomic Weapons Requirements Study for 1959 (SM 129-56, June 1956), Part II airfield list (NSA EBB 538, doc. 06)",https://nsarchive2.gwu.edu/nukevault/ebb538-Cold-War-Nuclear-Target-List-Declassified-First-Ever/documents/section6.pdf,PDF p.43 (A043-L11),789 98025 ZAVITAYA 0203-8646 5008-12925 R,reference number 98025; BE 0203-8646; code R
us_1956_sac_airfields,US (SAC),USSR,1956,study,1117,ZELTS E.,,airfield,1,44,,,46.6333,30.1,"SAC, Atomic Weapons Requirements Study for 1959 (SM 129-56, June 1956), Part II airfield list (NSA EBB 538, doc. 06)",https://nsarchive2.gwu.edu/nukevault/ebb538-Cold-War-Nuclear-Target-List-Declassified-First-Ever/documents/section6.pdf,PDF p.43 (A043-L12),44 67595 ZELTS E. 0250-8758 4638-03006 R,reference number 67595; BE 0250-8758; code R
us_1956_sac_airfields,US (SAC),Poland,1956,study,1118,"ZENDEK, POL",,airfield,1,434,,,50.4833,19.0833,"SAC, Atomic Weapons Requirements Study for 1959 (SM 129-56, June 1956), Part II airfield list (NSA EBB 538, doc. 06)",https://nsarchive2.gwu.edu/nukevault/ebb538-Cold-War-Nuclear-Target-List-Declassified-First-Ever/documents/section6.pdf,PDF p.43 (A043-L13),"434 2315 ZENDEK, POL 0232-8233 5029-01905 S",reference number 2315; BE 0232-8233; code S
us_1956_sac_airfields,US (SAC),GDR,1956,study,1119,"ZERBST, E GER",,airfield,1,342,,,52.0,12.15,"SAC, Atomic Weapons Requirements Study for 1959 (SM 129-56, June 1956), Part II airfield list (NSA EBB 538, doc. 06)",https://nsarchive2.gwu.edu/nukevault/ebb538-Cold-War-Nuclear-Target-List-Declassified-First-Ever/documents/section6.pdf,PDF p.43 (A043-L14),"342 9875 ZERBST, E GER 0231-8083 5200-01209 R",reference number 9875; BE 0231-8083; code R
us_1956_sac_airfields,US (SAC),Poland,1956,study,1120,"ZEWITZ, POL",,airfield,1,513,,,54.4333,17.75,"SAC, Atomic Weapons Requirements Study for 1959 (SM 129-56, June 1956), Part II airfield list (NSA EBB 538, doc. 06)",https://nsarchive2.gwu.edu/nukevault/ebb538-Cold-War-Nuclear-Target-List-Declassified-First-Ever/documents/section6.pdf,PDF p.43 (A043-L15),"513 4430 ZEWITZ, POL 0169-8626 5426-01745 R",reference number 4430; BE 0169-8626; code R
us_1956_sac_airfields,US (SAC),USSR,1956,study,1121,ZHDANOV,,airfield,1,946,,,47.1167,37.5167,"SAC, Atomic Weapons Requirements Study for 1959 (SM 129-56, June 1956), Part II airfield list (NSA EBB 538, doc. 06)",https://nsarchive2.gwu.edu/nukevault/ebb538-Cold-War-Nuclear-Target-List-Declassified-First-Ever/documents/section6.pdf,PDF p.43 (A043-L16),946 9890 ZHDANOV 0249-8197 4707-03731 R,reference number 9890; BE 0249-8197; code R
us_1956_sac_airfields,US (SAC),USSR,1956,study,1122,ZHELEZNODOPOZHNYY,,airfield,1,845,,,54.4,21.3167,"SAC, Atomic Weapons Requirements Study for 1959 (SM 129-56, June 1956), Part II airfield list (NSA EBB 538, doc. 06)",https://nsarchive2.gwu.edu/nukevault/ebb538-Cold-War-Nuclear-Target-List-Declassified-First-Ever/documents/section6.pdf,PDF p.43 (A043-L17),845 6500 ZHELEZNODOPOZHNYY 0168-8682 5424-02119 R,reference number 6500; BE 0168-8682; code R
us_1956_sac_airfields,US (SAC),USSR,1956,study,1123,ZHELUDOK,,airfield,1,192,,,53.5833,25.0,"SAC, Atomic Weapons Requirements Study for 1959 (SM 129-56, June 1956), Part II airfield list (NSA EBB 538, doc. 06)",https://nsarchive2.gwu.edu/nukevault/ebb538-Cold-War-Nuclear-Target-List-Declassified-First-Ever/documents/section6.pdf,PDF p.43 (A043-L18),192 7501 ZHELUDOK 0168-8680 5335-02500 S,reference number 7501; BE 0168-8680; code S
us_1956_sac_airfields,US (SAC),USSR,1956,study,1124,ZHITOMIR,,airfield,1,947,,,50.2667,28.7333,"SAC, Atomic Weapons Requirements Study for 1959 (SM 129-56, June 1956), Part II airfield list (NSA EBB 538, doc. 06)",https://nsarchive2.gwu.edu/nukevault/ebb538-Cold-War-Nuclear-Target-List-Declassified-First-Ever/documents/section6.pdf,PDF p.43 (A043-L19),947 9892 ZHITOMIR 0233-8088 5016-02844 R,reference number 9892; BE 0233-8088; code R
us_1956_sac_airfields,US (SAC),USSR,1956,study,1125,ZHITOMIR/SKOMOROKHI,,airfield,1,11,,,50.1667,28.7333,"SAC, Atomic Weapons Requirements Study for 1959 (SM 129-56, June 1956), Part II airfield list (NSA EBB 538, doc. 06)",https://nsarchive2.gwu.edu/nukevault/ebb538-Cold-War-Nuclear-Target-List-Declassified-First-Ever/documents/section6.pdf,PDF p.43 (A043-L20),11 9892 ZHITOMIR/SKOMOROKHI 0233-8089 5010-02844 S,reference number 9892; BE 0233-8089; code S
us_1956_sac_airfields,US (SAC),Romania,1956,study,1126,"ZILISTEANCA, RUM",,airfield,1,402,,,45.2167,26.9833,"SAC, Atomic Weapons Requirements Study for 1959 (SM 129-56, June 1956), Part II airfield list (NSA EBB 538, doc. 06)",https://nsarchive2.gwu.edu/nukevault/ebb538-Cold-War-Nuclear-Target-List-Declassified-First-Ever/documents/section6.pdf,PDF p.43 (A043-L21),"402 10748 ZILISTEANCA, RUM 0251-8045 4513-02659 R",reference number 10748; BE 0251-8045; code R
us_1956_sac_airfields,US (SAC),USSR,1956,study,1127,ZIMA,,airfield,1,162,,,53.9333,102.0167,"SAC, Atomic Weapons Requirements Study for 1959 (SM 129-56, June 1956), Part II airfield list (NSA EBB 538, doc. 06)",https://nsarchive2.gwu.edu/nukevault/ebb538-Cold-War-Nuclear-Target-List-Declassified-First-Ever/documents/section6.pdf,PDF p.43 (A043-L22),162 9924 ZIMA 0200-8014 5356-10201 R,reference number 9924; BE 0200-8014; code R
us_1956_sac_airfields,US (SAC),USSR,1956,study,1128,ZYRYANKA,,airfield,1,948,,,65.8333,150.8667,"SAC, Atomic Weapons Requirements Study for 1959 (SM 129-56, June 1956), Part II airfield list (NSA EBB 538, doc. 06)",https://nsarchive2.gwu.edu/nukevault/ebb538-Cold-War-Nuclear-Target-List-Declassified-First-Ever/documents/section6.pdf,PDF p.43 (A043-L23),948 9980 ZYRYANKA 0073-8005 6550-15052 R,reference number 9980; BE 0073-8005; code R
