plan_id,planner,target_country,plan_year,provenance,seq,name_source,name_modern,target_class,selected,priority,weapons,yield_kt,lat,lon,source_doc,source_url,source_page,quote,notes
us_1956_sac_complexes,US (SAC),USSR,1956,study,701,ABDULINO,,urban-industrial complex,1,701,,,53.6667,53.6667,"SAC Atomic Weapons Requirements Study for 1959 (June 1956), Part I complex list (NSA EBB 538)",https://nsarchive.gwu.edu/document/15800-09-urban-industrial-target-list-part-i,C002,701 0022 ABDULINO,DGZs=1; installations=2 (sub-complexes counted separately)
us_1956_sac_complexes,US (SAC),USSR,1956,study,667,ACHINSK,,urban-industrial complex,1,667,,,56.2833,90.5,"SAC Atomic Weapons Requirements Study for 1959 (June 1956), Part I complex list (NSA EBB 538)",https://nsarchive.gwu.edu/document/15800-09-urban-industrial-target-list-part-i,C002,667 0024 ACHINSK,DGZs=1; installations=5 (sub-complexes counted separately)
us_1956_sac_complexes,US (SAC),Romania,1956,study,668,ADJUD RUM,,urban-industrial complex,1,668,,,46.1,27.2,"SAC Atomic Weapons Requirements Study for 1959 (June 1956), Part I complex list (NSA EBB 538)",https://nsarchive.gwu.edu/document/15800-09-urban-industrial-target-list-part-i,C002,668 00255 ADJUD RUM,DGZs=0; installations=3 (sub-complexes counted separately)
us_1956_sac_complexes,US (SAC),USSR,1956,study,952,AGA,,urban-industrial complex,1,952,,,51.2,115.1667,"SAC Atomic Weapons Requirements Study for 1959 (June 1956), Part I complex list (NSA EBB 538)",https://nsarchive.gwu.edu/document/15800-09-urban-industrial-target-list-part-i,C002,952 0030 AGA,DGZs=0; installations=2 (sub-complexes counted separately)
us_1956_sac_complexes,US (SAC),USSR,1956,study,702,AGRYZ,,urban-industrial complex,1,702,,,56.5333,53.0,"SAC Atomic Weapons Requirements Study for 1959 (June 1956), Part I complex list (NSA EBB 538)",https://nsarchive.gwu.edu/document/15800-09-urban-industrial-target-list-part-i,C002,702 0036 AGRYZ,DGZs=1; installations=2 (sub-complexes counted separately)
us_1956_sac_complexes,US (SAC),USSR,1956,study,960,AKHALKALAKI,,urban-industrial complex,1,960,,,41.4,43.4833,"SAC Atomic Weapons Requirements Study for 1959 (June 1956), Part I complex list (NSA EBB 538)",https://nsarchive.gwu.edu/document/15800-09-urban-industrial-target-list-part-i,C002,960 0057 AKHALKALAKI,DGZs=0; installations=2 (sub-complexes counted separately)
us_1956_sac_complexes,US (SAC),USSR,1956,study,306,AKMOLINSK,,urban-industrial complex,1,306,,,51.1667,71.4333,"SAC Atomic Weapons Requirements Study for 1959 (June 1956), Part I complex list (NSA EBB 538)",https://nsarchive.gwu.edu/document/15800-09-urban-industrial-target-list-part-i,C002,306 0070 AKMOLINSK,DGZs=2; installations=6 (sub-complexes counted separately)
us_1956_sac_complexes,US (SAC),USSR,1956,study,633,AKSENOVO ZILOVSKOYE,,urban-industrial complex,1,633,,,53.0667,117.5,"SAC Atomic Weapons Requirements Study for 1959 (June 1956), Part I complex list (NSA EBB 538)",https://nsarchive.gwu.edu/document/15800-09-urban-industrial-target-list-part-i,C002,633 0075 AKSENOVO ZILOVSKOYE,DGZs=1; installations=2 (sub-complexes counted separately)
us_1956_sac_complexes,US (SAC),USSR,1956,study,193,AKTYUBINSK,,urban-industrial complex,1,193,,,50.3333,57.15,"SAC Atomic Weapons Requirements Study for 1959 (June 1956), Part I complex list (NSA EBB 538)",https://nsarchive.gwu.edu/document/15800-09-urban-industrial-target-list-part-i,C003,193 0080 AKTYUBINSK,DGZs=2; installations=5 (sub-complexes counted separately)
us_1956_sac_complexes,US (SAC),USSR,1956,study,552,ALAPAYEVSK,,urban-industrial complex,1,552,,,57.85,61.7167,"SAC Atomic Weapons Requirements Study for 1959 (June 1956), Part I complex list (NSA EBB 538)",https://nsarchive.gwu.edu/document/15800-09-urban-industrial-target-list-part-i,C003,552 0100 ALAPAYEVSK,DGZs=1; installations=6 (sub-complexes counted separately)
us_1956_sac_complexes,US (SAC),USSR,1956,study,703,ALATYR,,urban-industrial complex,1,703,,,54.8333,46.5833,"SAC Atomic Weapons Requirements Study for 1959 (June 1956), Part I complex list (NSA EBB 538)",https://nsarchive.gwu.edu/document/15800-09-urban-industrial-target-list-part-i,C003,703 0101 ALATYR,DGZs=1; installations=4 (sub-complexes counted separately)
us_1956_sac_complexes,US (SAC),Romania,1956,study,352,ALBA IULIA RUM,,urban-industrial complex,1,352,,,46.0667,23.5667,"SAC Atomic Weapons Requirements Study for 1959 (June 1956), Part I complex list (NSA EBB 538)",https://nsarchive.gwu.edu/document/15800-09-urban-industrial-target-list-part-i,C003,352 0103 ALBA IULIA RUM,DGZs=0; installations=2 (sub-complexes counted separately)
us_1956_sac_complexes,US (SAC),USSR,1956,study,455,ALEKSANDROV,,urban-industrial complex,1,455,,,56.4,38.7167,"SAC Atomic Weapons Requirements Study for 1959 (June 1956), Part I complex list (NSA EBB 538)",https://nsarchive.gwu.edu/document/15800-09-urban-industrial-target-list-part-i,C003,455 0110 ALEKSANDROV,DGZs=1; installations=3 (sub-complexes counted separately)
us_1956_sac_complexes,US (SAC),USSR,1956,study,141,ALEKSANDROVSK,,urban-industrial complex,1,141,,,50.9,142.1667,"SAC Atomic Weapons Requirements Study for 1959 (June 1956), Part I complex list (NSA EBB 538)",https://nsarchive.gwu.edu/document/15800-09-urban-industrial-target-list-part-i,C004,141 0120 ALEKSANDROVSK,DGZs=1; installations=4 (sub-complexes counted separately)
us_1956_sac_complexes,US (SAC),USSR,1956,study,845,ALEKSEYEVKA,,urban-industrial complex,1,845,,,50.6167,38.7,"SAC Atomic Weapons Requirements Study for 1959 (June 1956), Part I complex list (NSA EBB 538)",https://nsarchive.gwu.edu/document/15800-09-urban-industrial-target-list-part-i,C004,845 0122 ALEKSEYEVKA,DGZs=0; installations=2 (sub-complexes counted separately)
us_1956_sac_complexes,US (SAC),USSR,1956,study,46,ALEKSIN,,urban-industrial complex,1,46,,,54.5167,37.1,"SAC Atomic Weapons Requirements Study for 1959 (June 1956), Part I complex list (NSA EBB 538)",https://nsarchive.gwu.edu/document/15800-09-urban-industrial-target-list-part-i,C004,46 0130 ALEKSIN,DGZs=2; installations=8 (sub-complexes counted separately)
us_1956_sac_complexes,US (SAC),USSR,1956,study,961,ALGA,,urban-industrial complex,1,961,,,49.9667,57.2667,"SAC Atomic Weapons Requirements Study for 1959 (June 1956), Part I complex list (NSA EBB 538)",https://nsarchive.gwu.edu/document/15800-09-urban-industrial-target-list-part-i,C004,961 0140 ALGA,DGZs=0; installations=2 (sub-complexes counted separately)
us_1956_sac_complexes,US (SAC),USSR,1956,study,502,ALLAVERDY,,urban-industrial complex,1,502,,,41.1,44.6667,"SAC Atomic Weapons Requirements Study for 1959 (June 1956), Part I complex list (NSA EBB 538)",https://nsarchive.gwu.edu/document/15800-09-urban-industrial-target-list-part-i,C004,502 0150 ALLAVERDY,DGZs=1; installations=4 (sub-complexes counted separately)
us_1956_sac_complexes,US (SAC),USSR,1956,study,114,ALMA ATA,,urban-industrial complex,1,114,,,43.2,76.95,"SAC Atomic Weapons Requirements Study for 1959 (June 1956), Part I complex list (NSA EBB 538)",https://nsarchive.gwu.edu/document/15800-09-urban-industrial-target-list-part-i,C004,114 0160 ALMA ATA,DGZs=3; installations=12 (sub-complexes counted separately)
us_1956_sac_complexes,US (SAC),USSR,1956,study,871,ALMALYK,,urban-industrial complex,1,871,,,40.8167,69.6333,"SAC Atomic Weapons Requirements Study for 1959 (June 1956), Part I complex list (NSA EBB 538)",https://nsarchive.gwu.edu/document/15800-09-urban-industrial-target-list-part-i,C005,871 01755 ALMALYK,DGZs=0; installations=2 (sub-complexes counted separately)
us_1956_sac_complexes,US (SAC),East Germany,1956,study,258,ALTENBURG E GER,,urban-industrial complex,1,258,,,50.9833,12.45,"SAC Atomic Weapons Requirements Study for 1959 (June 1956), Part I complex list (NSA EBB 538)",https://nsarchive.gwu.edu/document/15800-09-urban-industrial-target-list-part-i,C005,258 0185 ALTENBURG E GER,DGZs=0; installations=5 (sub-complexes counted separately)
us_1956_sac_complexes,US (SAC),USSR,1956,study,1144,AMBARCHIK,,urban-industrial complex,1,1144,,,69.6667,162.2333,"SAC Atomic Weapons Requirements Study for 1959 (June 1956), Part I complex list (NSA EBB 538)",https://nsarchive.gwu.edu/document/15800-09-urban-industrial-target-list-part-i,C005,1144 0190 AMBARCHIK,DGZs=0; installations=2 (sub-complexes counted separately)
us_1956_sac_complexes,US (SAC),China,1956,study,597,AMOY CHINA,,urban-industrial complex,1,597,,,24.45,118.0833,"SAC Atomic Weapons Requirements Study for 1959 (June 1956), Part I complex list (NSA EBB 538)",https://nsarchive.gwu.edu/document/15800-09-urban-industrial-target-list-part-i,C005,597 0209 AMOY CHINA,DGZs=0; installations=9 (sub-complexes counted separately)
us_1956_sac_complexes,US (SAC),USSR,1956,study,1045,ANADYR,,urban-industrial complex,1,1045,,,64.7333,177.4667,"SAC Atomic Weapons Requirements Study for 1959 (June 1956), Part I complex list (NSA EBB 538)",https://nsarchive.gwu.edu/document/15800-09-urban-industrial-target-list-part-i,C006,1045 0230 ANADYR,DGZs=0; installations=5 (sub-complexes counted separately)
us_1956_sac_complexes,US (SAC),USSR,1956,study,602,ANAR,,urban-industrial complex,1,602,,,50.6333,72.45,"SAC Atomic Weapons Requirements Study for 1959 (June 1956), Part I complex list (NSA EBB 538)",https://nsarchive.gwu.edu/document/15800-09-urban-industrial-target-list-part-i,C006,602 0233 ANAR,DGZs=1; installations=2 (sub-complexes counted separately)
us_1956_sac_complexes,US (SAC),USSR,1956,study,519,ANDIZHAN,,urban-industrial complex,1,519,,,40.75,72.3667,"SAC Atomic Weapons Requirements Study for 1959 (June 1956), Part I complex list (NSA EBB 538)",https://nsarchive.gwu.edu/document/15800-09-urban-industrial-target-list-part-i,C006,519 0236 ANDIZHAN,DGZs=1; installations=2 (sub-complexes counted separately)
us_1956_sac_complexes,US (SAC),USSR,1956,study,915,ANGREN,,urban-industrial complex,1,915,,,41.0,70.2,"SAC Atomic Weapons Requirements Study for 1959 (June 1956), Part I complex list (NSA EBB 538)",https://nsarchive.gwu.edu/document/15800-09-urban-industrial-target-list-part-i,C006,915 0240 ANGREN,DGZs=0; installations=2 (sub-complexes counted separately)
us_1956_sac_complexes,US (SAC),China (Manchuria),1956,study,131,AN SHAN MANCH,,urban-industrial complex,1,131,,,41.1167,122.95,"SAC Atomic Weapons Requirements Study for 1959 (June 1956), Part I complex list (NSA EBB 538)",https://nsarchive.gwu.edu/document/15800-09-urban-industrial-target-list-part-i,C006,131 0249 AN SHAN MANCH,DGZs=3; installations=13 (sub-complexes counted separately)
us_1956_sac_complexes,US (SAC),China (Manchuria),1956,study,76,AN TUNG MANCH,,urban-industrial complex,1,76,,,40.1333,124.4,"SAC Atomic Weapons Requirements Study for 1959 (June 1956), Part I complex list (NSA EBB 538)",https://nsarchive.gwu.edu/document/15800-09-urban-industrial-target-list-part-i,C007,76 02495 AN TUNG MANCH,DGZs=2; installations=10 (sub-complexes counted separately)
us_1956_sac_complexes,US (SAC),USSR,1956,study,405,ANZHERO SUDZHENSK,,urban-industrial complex,1,405,,,56.0833,86.0,"SAC Atomic Weapons Requirements Study for 1959 (June 1956), Part I complex list (NSA EBB 538)",https://nsarchive.gwu.edu/document/15800-09-urban-industrial-target-list-part-i,C007,405 0250 ANZHERO SUDZHENSK,DGZs=1; installations=4 (sub-complexes counted separately)
us_1956_sac_complexes,US (SAC),USSR,1956,study,739,APOSTOLOVO,,urban-industrial complex,1,739,,,47.65,33.7,"SAC Atomic Weapons Requirements Study for 1959 (June 1956), Part I complex list (NSA EBB 538)",https://nsarchive.gwu.edu/document/15800-09-urban-industrial-target-list-part-i,C007,739 0257 APOSTOLOVO,DGZs=1; installations=2 (sub-complexes counted separately)
us_1956_sac_complexes,US (SAC),USSR,1956,study,624,APSHERONSK,,urban-industrial complex,1,624,,,44.4833,39.7333,"SAC Atomic Weapons Requirements Study for 1959 (June 1956), Part I complex list (NSA EBB 538)",https://nsarchive.gwu.edu/document/15800-09-urban-industrial-target-list-part-i,C007,624 0260 APSHERONSK,DGZs=1; installations=3 (sub-complexes counted separately)
us_1956_sac_complexes,US (SAC),Romania,1956,study,226,ARAD RUM,,urban-industrial complex,1,226,,,46.1833,21.3167,"SAC Atomic Weapons Requirements Study for 1959 (June 1956), Part I complex list (NSA EBB 538)",https://nsarchive.gwu.edu/document/15800-09-urban-industrial-target-list-part-i,C008,226 0265 ARAD RUM,DGZs=1; installations=13 (sub-complexes counted separately)
us_1956_sac_complexes,US (SAC),USSR,1956,study,107,ARKHANGELSK,,urban-industrial complex,1,107,,,64.55,40.5333,"SAC Atomic Weapons Requirements Study for 1959 (June 1956), Part I complex list (NSA EBB 538)",https://nsarchive.gwu.edu/document/15800-09-urban-industrial-target-list-part-i,C008,107 0270 ARKHANGELSK,DGZs=3; installations=20 (sub-complexes counted separately)
us_1956_sac_complexes,US (SAC),USSR,1956,study,740,ARKHARA,,urban-industrial complex,1,740,,,49.4333,130.0667,"SAC Atomic Weapons Requirements Study for 1959 (June 1956), Part I complex list (NSA EBB 538)",https://nsarchive.gwu.edu/document/15800-09-urban-industrial-target-list-part-i,C009,740 0275 ARKHARA,DGZs=1; installations=2 (sub-complexes counted separately)
us_1956_sac_complexes,US (SAC),USSR,1956,study,499,ARMAVIR,,urban-industrial complex,1,499,,,45.0,41.1167,"SAC Atomic Weapons Requirements Study for 1959 (June 1956), Part I complex list (NSA EBB 538)",https://nsarchive.gwu.edu/document/15800-09-urban-industrial-target-list-part-i,C009,499 0280 ARMAVIR,DGZs=2; installations=8 (sub-complexes counted separately)
us_1956_sac_complexes,US (SAC),USSR,1956,study,598,ARTEM,,urban-industrial complex,1,598,,,43.3667,132.2167,"SAC Atomic Weapons Requirements Study for 1959 (June 1956), Part I complex list (NSA EBB 538)",https://nsarchive.gwu.edu/document/15800-09-urban-industrial-target-list-part-i,C009,598 0290 ARTEM,DGZs=0; installations=3 (sub-complexes counted separately)
us_1956_sac_complexes,US (SAC),USSR,1956,study,660,ARTEMOVSKIY,,urban-industrial complex,1,660,,,57.3333,61.9167,"SAC Atomic Weapons Requirements Study for 1959 (June 1956), Part I complex list (NSA EBB 538)",https://nsarchive.gwu.edu/document/15800-09-urban-industrial-target-list-part-i,C009,660 0300 ARTEMOVSKIY,DGZs=1; installations=3 (sub-complexes counted separately)
us_1956_sac_complexes,US (SAC),USSR,1956,study,962,ARTSIZ,,urban-industrial complex,1,962,,,46.0,29.4333,"SAC Atomic Weapons Requirements Study for 1959 (June 1956), Part I complex list (NSA EBB 538)",https://nsarchive.gwu.edu/document/15800-09-urban-industrial-target-list-part-i,C009,962 0307 ARTSIZ,DGZs=0; installations=12 (sub-complexes counted separately)
us_1956_sac_complexes,US (SAC),USSR,1956,study,604,ATBASAR,,urban-industrial complex,1,604,,,51.8,68.3333,"SAC Atomic Weapons Requirements Study for 1959 (June 1956), Part I complex list (NSA EBB 538)",https://nsarchive.gwu.edu/document/15800-09-urban-industrial-target-list-part-i,C010,604 03415 ATBASAR,DGZs=1; installations=2 (sub-complexes counted separately)
us_1956_sac_complexes,US (SAC),USSR,1956,study,1099,ATKA,,urban-industrial complex,1,1099,,,60.8333,151.8333,"SAC Atomic Weapons Requirements Study for 1959 (June 1956), Part I complex list (NSA EBB 538)",https://nsarchive.gwu.edu/document/15800-09-urban-industrial-target-list-part-i,C010,1099 03418 ATKA,DGZs=0; installations=2 (sub-complexes counted separately)
us_1956_sac_complexes,US (SAC),USSR,1956,study,531,ATKARSK,,urban-industrial complex,1,531,,,51.8667,45.0,"SAC Atomic Weapons Requirements Study for 1959 (June 1956), Part I complex list (NSA EBB 538)",https://nsarchive.gwu.edu/document/15800-09-urban-industrial-target-list-part-i,C010,531 0342 ATKARSK,DGZs=1; installations=2 (sub-complexes counted separately)
us_1956_sac_complexes,US (SAC),USSR,1956,study,605,AYAGUZ,,urban-industrial complex,1,605,,,47.9333,80.3833,"SAC Atomic Weapons Requirements Study for 1959 (June 1956), Part I complex list (NSA EBB 538)",https://nsarchive.gwu.edu/document/15800-09-urban-industrial-target-list-part-i,C010,605 0365 AYAGUZ,DGZs=1; installations=2 (sub-complexes counted separately)
us_1956_sac_complexes,US (SAC),USSR,1956,study,704,BABAYEVO,,urban-industrial complex,1,704,,,59.3833,35.95,"SAC Atomic Weapons Requirements Study for 1959 (June 1956), Part I complex list (NSA EBB 538)",https://nsarchive.gwu.edu/document/15800-09-urban-industrial-target-list-part-i,C010,704 0375 BABAYEVO,DGZs=1; installations=2 (sub-complexes counted separately)
us_1956_sac_complexes,US (SAC),USSR,1956,study,634,BABUSHKIN,,urban-industrial complex,1,634,,,51.7167,105.8667,"SAC Atomic Weapons Requirements Study for 1959 (June 1956), Part I complex list (NSA EBB 538)",https://nsarchive.gwu.edu/document/15800-09-urban-industrial-target-list-part-i,C010,634 0380 BABUSHKIN,DGZs=1; installations=2 (sub-complexes counted separately)
us_1956_sac_complexes,US (SAC),Romania,1956,study,963,BACAU RUM,,urban-industrial complex,1,963,,,46.5667,26.9,"SAC Atomic Weapons Requirements Study for 1959 (June 1956), Part I complex list (NSA EBB 538)",https://nsarchive.gwu.edu/document/15800-09-urban-industrial-target-list-part-i,C011,963 0385 BACAU RUM,DGZs=0; installations=3 (sub-complexes counted separately)
us_1956_sac_complexes,US (SAC),East Germany,1956,study,1145,BAD SCHANDAU E GER,,urban-industrial complex,1,1145,,,50.9167,14.15,"SAC Atomic Weapons Requirements Study for 1959 (June 1956), Part I complex list (NSA EBB 538)",https://nsarchive.gwu.edu/document/15800-09-urban-industrial-target-list-part-i,C011,1145 04105 BAD SCHANDAU E GER,DGZs=0; installations=4 (sub-complexes counted separately)
us_1956_sac_complexes,US (SAC),USSR,1956,study,1146,BAGRATIONOVSK,,urban-industrial complex,1,1146,,,54.3833,20.6667,"SAC Atomic Weapons Requirements Study for 1959 (June 1956), Part I complex list (NSA EBB 538)",https://nsarchive.gwu.edu/document/15800-09-urban-industrial-target-list-part-i,C011,1146 0414 BAGRATIONOVSK,DGZs=0; installations=2 (sub-complexes counted separately)
us_1956_sac_complexes,US (SAC),Romania,1956,study,767,BAIA MARE RUM,,urban-industrial complex,1,767,,,47.6667,23.5833,"SAC Atomic Weapons Requirements Study for 1959 (June 1956), Part I complex list (NSA EBB 538)",https://nsarchive.gwu.edu/document/15800-09-urban-industrial-target-list-part-i,C011,767 0415 BAIA MARE RUM,DGZs=0; installations=3 (sub-complexes counted separately)
us_1956_sac_complexes,US (SAC),Hungary,1956,study,1046,BAJA HUNG,,urban-industrial complex,1,1046,,,46.1833,18.9667,"SAC Atomic Weapons Requirements Study for 1959 (June 1956), Part I complex list (NSA EBB 538)",https://nsarchive.gwu.edu/document/15800-09-urban-industrial-target-list-part-i,C011,1046 0433 BAJA HUNG,DGZs=0; installations=5 (sub-complexes counted separately)
us_1956_sac_complexes,US (SAC),USSR,1956,study,7,BAKU,,urban-industrial complex,1,7,,,40.3833,49.8667,"SAC Atomic Weapons Requirements Study for 1959 (June 1956), Part I complex list (NSA EBB 538)",https://nsarchive.gwu.edu/document/15800-09-urban-industrial-target-list-part-i,C011,7 0460 BAKU,DGZs=5; installations=39 (sub-complexes counted separately)
us_1956_sac_complexes,US (SAC),USSR,1956,study,244,BALAKHNA,,urban-industrial complex,1,244,,,56.4833,43.6167,"SAC Atomic Weapons Requirements Study for 1959 (June 1956), Part I complex list (NSA EBB 538)",https://nsarchive.gwu.edu/document/15800-09-urban-industrial-target-list-part-i,C012,244 0470 BALAKHNA,DGZs=1; installations=4 (sub-complexes counted separately)
us_1956_sac_complexes,US (SAC),USSR,1956,study,439,BALASHOV,,urban-industrial complex,1,439,,,51.55,43.15,"SAC Atomic Weapons Requirements Study for 1959 (June 1956), Part I complex list (NSA EBB 538)",https://nsarchive.gwu.edu/document/15800-09-urban-industrial-target-list-part-i,C013,439 0490 BALASHOV,DGZs=1; installations=4 (sub-complexes counted separately)
us_1956_sac_complexes,US (SAC),USSR,1956,study,176,BALKHASH,,urban-industrial complex,1,176,,,46.8333,75.0667,"SAC Atomic Weapons Requirements Study for 1959 (June 1956), Part I complex list (NSA EBB 538)",https://nsarchive.gwu.edu/document/15800-09-urban-industrial-target-list-part-i,C013,176 0500 BALKHASH,DGZs=1; installations=8 (sub-complexes counted separately)
us_1956_sac_complexes,US (SAC),USSR,1956,study,221,BALTIYSK,,urban-industrial complex,1,221,,,54.6333,19.9,"SAC Atomic Weapons Requirements Study for 1959 (June 1956), Part I complex list (NSA EBB 538)",https://nsarchive.gwu.edu/document/15800-09-urban-industrial-target-list-part-i,C013,221 0510 BALTIYSK,DGZs=0; installations=10 (sub-complexes counted separately)
us_1956_sac_complexes,US (SAC),Czechoslovakia,1956,study,368,BANSKA BYSTRICA CZECH,,urban-industrial complex,1,368,,,48.7333,19.1333,"SAC Atomic Weapons Requirements Study for 1959 (June 1956), Part I complex list (NSA EBB 538)",https://nsarchive.gwu.edu/document/15800-09-urban-industrial-target-list-part-i,C013,368 0535 BANSKA BYSTRICA CZECH,DGZs=0; installations=3 (sub-complexes counted separately)
us_1956_sac_complexes,US (SAC),USSR,1956,study,553,BARABINSK,,urban-industrial complex,1,553,,,55.3667,78.3667,"SAC Atomic Weapons Requirements Study for 1959 (June 1956), Part I complex list (NSA EBB 538)",https://nsarchive.gwu.edu/document/15800-09-urban-industrial-target-list-part-i,C014,553 0547 BARABINSK,DGZs=1; installations=2 (sub-complexes counted separately)
us_1956_sac_complexes,US (SAC),USSR,1956,study,524,BARANOVICHI,,urban-industrial complex,1,524,,,53.05,26.0333,"SAC Atomic Weapons Requirements Study for 1959 (June 1956), Part I complex list (NSA EBB 538)",https://nsarchive.gwu.edu/document/15800-09-urban-industrial-target-list-part-i,C014,524 0550 BARANOVICHI,DGZs=1; installations=4 (sub-complexes counted separately)
us_1956_sac_complexes,US (SAC),Hungary,1956,study,1147,BARCS HUNG,,urban-industrial complex,1,1147,,,45.9667,17.4667,"SAC Atomic Weapons Requirements Study for 1959 (June 1956), Part I complex list (NSA EBB 538)",https://nsarchive.gwu.edu/document/15800-09-urban-industrial-target-list-part-i,C014,1147 0554 BARCS HUNG,DGZs=0; installations=4 (sub-complexes counted separately)
us_1956_sac_complexes,US (SAC),Romania,1956,study,902,BARLAD RUM,,urban-industrial complex,1,902,,,46.2333,27.6667,"SAC Atomic Weapons Requirements Study for 1959 (June 1956), Part I complex list (NSA EBB 538)",https://nsarchive.gwu.edu/document/15800-09-urban-industrial-target-list-part-i,C014,902 0557 BARLAD RUM,DGZs=0; installations=3 (sub-complexes counted separately)
us_1956_sac_complexes,US (SAC),USSR,1956,study,108,BARNAUL,,urban-industrial complex,1,108,,,53.3333,83.8,"SAC Atomic Weapons Requirements Study for 1959 (June 1956), Part I complex list (NSA EBB 538)",https://nsarchive.gwu.edu/document/15800-09-urban-industrial-target-list-part-i,C014,108 0560 BARNAUL,DGZs=2; installations=15 (sub-complexes counted separately)
us_1956_sac_complexes,US (SAC),USSR,1956,study,1019,BARVENKOVO,,urban-industrial complex,1,1019,,,48.9,37.0167,"SAC Atomic Weapons Requirements Study for 1959 (June 1956), Part I complex list (NSA EBB 538)",https://nsarchive.gwu.edu/document/15800-09-urban-industrial-target-list-part-i,C014,1019 0563 BARVENKOVO,DGZs=0; installations=2 (sub-complexes counted separately)
us_1956_sac_complexes,US (SAC),Romania,1956,study,900,BASCOV RUM,,urban-industrial complex,1,900,,,44.9,24.8167,"SAC Atomic Weapons Requirements Study for 1959 (June 1956), Part I complex list (NSA EBB 538)",https://nsarchive.gwu.edu/document/15800-09-urban-industrial-target-list-part-i,C015,900 0565 BASCOV RUM,DGZs=1; installations=2 (sub-complexes counted separately)
us_1956_sac_complexes,US (SAC),USSR,1956,study,54,BATUMI,,urban-industrial complex,1,54,,,41.65,41.65,"SAC Atomic Weapons Requirements Study for 1959 (June 1956), Part I complex list (NSA EBB 538)",https://nsarchive.gwu.edu/document/15800-09-urban-industrial-target-list-part-i,C015,54 0590 BATUMI,DGZs=2; installations=13 (sub-complexes counted separately)
us_1956_sac_complexes,US (SAC),East Germany,1956,study,377,BAUTZEN E GER,,urban-industrial complex,1,377,,,51.1667,14.4167,"SAC Atomic Weapons Requirements Study for 1959 (June 1956), Part I complex list (NSA EBB 538)",https://nsarchive.gwu.edu/document/15800-09-urban-industrial-target-list-part-i,C015,377 0595 BAUTZEN E GER,DGZs=0; installations=7 (sub-complexes counted separately)
us_1956_sac_complexes,US (SAC),USSR,1956,study,846,BAYMAK,,urban-industrial complex,1,846,,,52.5833,58.3333,"SAC Atomic Weapons Requirements Study for 1959 (June 1956), Part I complex list (NSA EBB 538)",https://nsarchive.gwu.edu/document/15800-09-urban-industrial-target-list-part-i,C015,846 0610 BAYMAK,DGZs=0; installations=2 (sub-complexes counted separately)
us_1956_sac_complexes,US (SAC),USSR,1956,study,458,BEGOVAT,,urban-industrial complex,1,458,,,40.25,69.25,"SAC Atomic Weapons Requirements Study for 1959 (June 1956), Part I complex list (NSA EBB 538)",https://nsarchive.gwu.edu/document/15800-09-urban-industrial-target-list-part-i,C015,458 0620 BEGOVAT,DGZs=2; installations=5 (sub-complexes counted separately)
us_1956_sac_complexes,US (SAC),Hungary,1956,study,445,BEKESCSABA HUNG,,urban-industrial complex,1,445,,,46.65,21.0833,"SAC Atomic Weapons Requirements Study for 1959 (June 1956), Part I complex list (NSA EBB 538)",https://nsarchive.gwu.edu/document/15800-09-urban-industrial-target-list-part-i,C016,445 06205 BEKESCSABA HUNG,DGZs=0; installations=4 (sub-complexes counted separately)
us_1956_sac_complexes,US (SAC),USSR,1956,study,741,BELEN,,urban-industrial complex,1,741,,,53.8167,36.1167,"SAC Atomic Weapons Requirements Study for 1959 (June 1956), Part I complex list (NSA EBB 538)",https://nsarchive.gwu.edu/document/15800-09-urban-industrial-target-list-part-i,C016,741 0624 BELEN,DGZs=1; installations=2 (sub-complexes counted separately)
us_1956_sac_complexes,US (SAC),USSR,1956,study,446,BELGOROD,,urban-industrial complex,1,446,,,50.6,36.5833,"SAC Atomic Weapons Requirements Study for 1959 (June 1956), Part I complex list (NSA EBB 538)",https://nsarchive.gwu.edu/document/15800-09-urban-industrial-target-list-part-i,C016,446 0630 BELGOROD,DGZs=1; installations=3 (sub-complexes counted separately)
us_1956_sac_complexes,US (SAC),USSR,1956,study,37,BELOMORSK,,urban-industrial complex,1,37,,,64.5,34.75,"SAC Atomic Weapons Requirements Study for 1959 (June 1956), Part I complex list (NSA EBB 538)",https://nsarchive.gwu.edu/document/15800-09-urban-industrial-target-list-part-i,C016,37 0640 BELOMORSK,DGZs=1; installations=10 (sub-complexes counted separately)
us_1956_sac_complexes,US (SAC),USSR,1956,study,791,BELORECHENSKAYA,,urban-industrial complex,1,791,,,44.7667,39.8667,"SAC Atomic Weapons Requirements Study for 1959 (June 1956), Part I complex list (NSA EBB 538)",https://nsarchive.gwu.edu/document/15800-09-urban-industrial-target-list-part-i,C016,791 0648 BELORECHENSKAYA,DGZs=0; installations=3 (sub-complexes counted separately)
us_1956_sac_complexes,US (SAC),USSR,1956,study,793,BELORETSK,,urban-industrial complex,1,793,,,53.9667,58.4167,"SAC Atomic Weapons Requirements Study for 1959 (June 1956), Part I complex list (NSA EBB 538)",https://nsarchive.gwu.edu/document/15800-09-urban-industrial-target-list-part-i,C017,793 0650 BELORETSK,DGZs=0; installations=3 (sub-complexes counted separately)
us_1956_sac_complexes,US (SAC),USSR,1956,study,256,BELOVO,,urban-industrial complex,1,256,,,54.4167,86.3333,"SAC Atomic Weapons Requirements Study for 1959 (June 1956), Part I complex list (NSA EBB 538)",https://nsarchive.gwu.edu/document/15800-09-urban-industrial-target-list-part-i,C017,256 0660 BELOVO,DGZs=1; installations=6 (sub-complexes counted separately)
us_1956_sac_complexes,US (SAC),USSR,1956,study,569,BELTSY,,urban-industrial complex,1,569,,,47.7667,27.9,"SAC Atomic Weapons Requirements Study for 1959 (June 1956), Part I complex list (NSA EBB 538)",https://nsarchive.gwu.edu/document/15800-09-urban-industrial-target-list-part-i,C017,569 06605 BELTSY,DGZs=1; installations=3 (sub-complexes counted separately)
us_1956_sac_complexes,US (SAC),USSR,1956,study,129,BENDERY,,urban-industrial complex,1,129,,,46.8167,29.4667,"SAC Atomic Weapons Requirements Study for 1959 (June 1956), Part I complex list (NSA EBB 538)",https://nsarchive.gwu.edu/document/15800-09-urban-industrial-target-list-part-i,C017,129 0664 BENDERY,DGZs=1; installations=3 (sub-complexes counted separately)
us_1956_sac_complexes,US (SAC),Czechoslovakia,1956,study,606,BENESOV CZECH,,urban-industrial complex,1,606,,,49.7667,14.6833,"SAC Atomic Weapons Requirements Study for 1959 (June 1956), Part I complex list (NSA EBB 538)",https://nsarchive.gwu.edu/document/15800-09-urban-industrial-target-list-part-i,C017,606 06645 BENESOV CZECH,DGZs=0; installations=2 (sub-complexes counted separately)
us_1956_sac_complexes,US (SAC),Albania,1956,study,1020,BERAT ALB,,urban-industrial complex,1,1020,,,40.7,19.95,"SAC Atomic Weapons Requirements Study for 1959 (June 1956), Part I complex list (NSA EBB 538)",https://nsarchive.gwu.edu/document/15800-09-urban-industrial-target-list-part-i,C017,1020 0665 BERAT ALB,DGZs=0; installations=2 (sub-complexes counted separately)
us_1956_sac_complexes,US (SAC),USSR,1956,study,295,BERDICHEV,,urban-industrial complex,1,295,,,49.9,28.5833,"SAC Atomic Weapons Requirements Study for 1959 (June 1956), Part I complex list (NSA EBB 538)",https://nsarchive.gwu.edu/document/15800-09-urban-industrial-target-list-part-i,C018,295 0670 BERDICHEV,DGZs=2; installations=7 (sub-complexes counted separately)
us_1956_sac_complexes,US (SAC),USSR,1956,study,834,BERDSK,,urban-industrial complex,1,834,,,54.8,83.0167,"SAC Atomic Weapons Requirements Study for 1959 (June 1956), Part I complex list (NSA EBB 538)",https://nsarchive.gwu.edu/document/15800-09-urban-industrial-target-list-part-i,C018,834 0674 BERDSK,DGZs=1; installations=3 (sub-complexes counted separately)
us_1956_sac_complexes,US (SAC),USSR,1956,study,69,BEREZNIKI,,urban-industrial complex,1,69,,,59.4167,56.7,"SAC Atomic Weapons Requirements Study for 1959 (June 1956), Part I complex list (NSA EBB 538)",https://nsarchive.gwu.edu/document/15800-09-urban-industrial-target-list-part-i,C018,69 0680 BEREZNIKI,DGZs=3; installations=15 (sub-complexes counted separately)
us_1956_sac_complexes,US (SAC),East Germany,1956,study,61,BERLIN GER SOVZONE,,urban-industrial complex,1,61,,,52.5167,13.4,"SAC Atomic Weapons Requirements Study for 1959 (June 1956), Part I complex list (NSA EBB 538)",https://nsarchive.gwu.edu/document/15800-09-urban-industrial-target-list-part-i,C018,61 0685 BERLIN GER SOVZONE,DGZs=3; installations=68 (sub-complexes counted separately)
us_1956_sac_complexes,US (SAC),East Germany,1956,study,192,BERNBURG E GER,,urban-industrial complex,1,192,,,51.8,11.7333,"SAC Atomic Weapons Requirements Study for 1959 (June 1956), Part I complex list (NSA EBB 538)",https://nsarchive.gwu.edu/document/15800-09-urban-industrial-target-list-part-i,C020,192 0695 BERNBURG E GER,DGZs=1; installations=4 (sub-complexes counted separately)
us_1956_sac_complexes,US (SAC),USSR,1956,study,768,BEZHETSK,,urban-industrial complex,1,768,,,57.8,36.7,"SAC Atomic Weapons Requirements Study for 1959 (June 1956), Part I complex list (NSA EBB 538)",https://nsarchive.gwu.edu/document/15800-09-urban-industrial-target-list-part-i,C021,768 0730 BEZHETSK,DGZs=1; installations=2 (sub-complexes counted separately)
us_1956_sac_complexes,US (SAC),USSR,1956,study,180,BEZHITSA,,urban-industrial complex,1,180,,,53.3167,34.3167,"SAC Atomic Weapons Requirements Study for 1959 (June 1956), Part I complex list (NSA EBB 538)",https://nsarchive.gwu.edu/document/15800-09-urban-industrial-target-list-part-i,C021,180 0740 BEZHITSA,DGZs=3; installations=9 (sub-complexes counted separately)
us_1956_sac_complexes,US (SAC),Poland,1956,study,376,BIALYSTOK POL,,urban-industrial complex,1,376,,,53.1333,23.1833,"SAC Atomic Weapons Requirements Study for 1959 (June 1956), Part I complex list (NSA EBB 538)",https://nsarchive.gwu.edu/document/15800-09-urban-industrial-target-list-part-i,C022,376 0748 BIALYSTOK POL,DGZs=0; installations=6 (sub-complexes counted separately)
us_1956_sac_complexes,US (SAC),USSR,1956,study,570,BIKIN,,urban-industrial complex,1,570,,,46.8167,134.2667,"SAC Atomic Weapons Requirements Study for 1959 (June 1956), Part I complex list (NSA EBB 538)",https://nsarchive.gwu.edu/document/15800-09-urban-industrial-target-list-part-i,C022,570 0756 BIKIN,DGZs=1; installations=3 (sub-complexes counted separately)
us_1956_sac_complexes,US (SAC),USSR,1956,study,794,BIRA,,urban-industrial complex,1,794,,,49.0,132.4667,"SAC Atomic Weapons Requirements Study for 1959 (June 1956), Part I complex list (NSA EBB 538)",https://nsarchive.gwu.edu/document/15800-09-urban-industrial-target-list-part-i,C022,794 07645 BIRA,DGZs=0; installations=2 (sub-complexes counted separately)
us_1956_sac_complexes,US (SAC),USSR,1956,study,275,BIROBIDZHAN,,urban-industrial complex,1,275,,,48.8,132.9333,"SAC Atomic Weapons Requirements Study for 1959 (June 1956), Part I complex list (NSA EBB 538)",https://nsarchive.gwu.edu/document/15800-09-urban-industrial-target-list-part-i,C022,275 0766 BIROBIDZHAN,DGZs=1; installations=6 (sub-complexes counted separately)
us_1956_sac_complexes,US (SAC),USSR,1956,study,659,BIYSK,,urban-industrial complex,1,659,,,52.5833,85.2333,"SAC Atomic Weapons Requirements Study for 1959 (June 1956), Part I complex list (NSA EBB 538)",https://nsarchive.gwu.edu/document/15800-09-urban-industrial-target-list-part-i,C023,659 0780 BIYSK,DGZs=1; installations=4 (sub-complexes counted separately)
us_1956_sac_complexes,US (SAC),USSR,1956,study,564,BLAGOVESHCHENSK,,urban-industrial complex,1,564,,,50.2833,127.55,"SAC Atomic Weapons Requirements Study for 1959 (June 1956), Part I complex list (NSA EBB 538)",https://nsarchive.gwu.edu/document/15800-09-urban-industrial-target-list-part-i,C023,564 0790 BLAGOVESHCHENSK,DGZs=1; installations=10 (sub-complexes counted separately)
us_1956_sac_complexes,US (SAC),East Germany,1956,study,339,BLANKENBURG E GER,,urban-industrial complex,1,339,,,51.7833,10.95,"SAC Atomic Weapons Requirements Study for 1959 (June 1956), Part I complex list (NSA EBB 538)",https://nsarchive.gwu.edu/document/15800-09-urban-industrial-target-list-part-i,C023,339 0791 BLANKENBURG E GER,DGZs=0; installations=3 (sub-complexes counted separately)
us_1956_sac_complexes,US (SAC),USSR,1956,study,1047,BOBR,,urban-industrial complex,1,1047,,,54.3333,29.25,"SAC Atomic Weapons Requirements Study for 1959 (June 1956), Part I complex list (NSA EBB 538)",https://nsarchive.gwu.edu/document/15800-09-urban-industrial-target-list-part-i,C024,1047 0816 BOBR,DGZs=0; installations=2 (sub-complexes counted separately)
us_1956_sac_complexes,US (SAC),USSR,1956,study,319,BOBRUYSK,,urban-industrial complex,1,319,,,53.1333,29.2333,"SAC Atomic Weapons Requirements Study for 1959 (June 1956), Part I complex list (NSA EBB 538)",https://nsarchive.gwu.edu/document/15800-09-urban-industrial-target-list-part-i,C024,319 0820 BOBRUYSK,DGZs=1; installations=12 (sub-complexes counted separately)
us_1956_sac_complexes,US (SAC),USSR,1956,study,635,BOGOTOL,,urban-industrial complex,1,635,,,56.2167,89.5333,"SAC Atomic Weapons Requirements Study for 1959 (June 1956), Part I complex list (NSA EBB 538)",https://nsarchive.gwu.edu/document/15800-09-urban-industrial-target-list-part-i,C024,635 0842 BOGOTOL,DGZs=1; installations=2 (sub-complexes counted separately)
us_1956_sac_complexes,US (SAC),USSR,1956,study,607,BOGOYAVLENSKOYE,,urban-industrial complex,1,607,,,53.25,40.3,"SAC Atomic Weapons Requirements Study for 1959 (June 1956), Part I complex list (NSA EBB 538)",https://nsarchive.gwu.edu/document/15800-09-urban-industrial-target-list-part-i,C024,607 0843 BOGOYAVLENSKOYE,DGZs=1; installations=2 (sub-complexes counted separately)
us_1956_sac_complexes,US (SAC),USSR,1956,study,406,BOKSITOGORSK,,urban-industrial complex,1,406,,,59.4667,33.8333,"SAC Atomic Weapons Requirements Study for 1959 (June 1956), Part I complex list (NSA EBB 538)",https://nsarchive.gwu.edu/document/15800-09-urban-industrial-target-list-part-i,C024,406 0850 BOKSITOGORSK,DGZs=1; installations=3 (sub-complexes counted separately)
us_1956_sac_complexes,US (SAC),USSR,1956,study,282,BOLOGOYE,,urban-industrial complex,1,282,,,57.8833,34.05,"SAC Atomic Weapons Requirements Study for 1959 (June 1956), Part I complex list (NSA EBB 538)",https://nsarchive.gwu.edu/document/15800-09-urban-industrial-target-list-part-i,C024,282 0860 BOLOGOYE,DGZs=2; installations=6 (sub-complexes counted separately)
us_1956_sac_complexes,US (SAC),USSR,1956,study,571,BOLOTNOYE,,urban-industrial complex,1,571,,,55.6833,84.3833,"SAC Atomic Weapons Requirements Study for 1959 (June 1956), Part I complex list (NSA EBB 538)",https://nsarchive.gwu.edu/document/15800-09-urban-industrial-target-list-part-i,C025,571 0862 BOLOTNOYE,DGZs=1; installations=2 (sub-complexes counted separately)
us_1956_sac_complexes,US (SAC),USSR,1956,study,903,BONDYUZHSKI,,urban-industrial complex,1,903,,,55.9167,52.3333,"SAC Atomic Weapons Requirements Study for 1959 (June 1956), Part I complex list (NSA EBB 538)",https://nsarchive.gwu.edu/document/15800-09-urban-industrial-target-list-part-i,C025,903 0880 BONDYUZHSKI,DGZs=0; installations=2 (sub-complexes counted separately)
us_1956_sac_complexes,US (SAC),USSR,1956,study,367,BORISOGLEBSK,,urban-industrial complex,1,367,,,51.3667,42.1,"SAC Atomic Weapons Requirements Study for 1959 (June 1956), Part I complex list (NSA EBB 538)",https://nsarchive.gwu.edu/document/15800-09-urban-industrial-target-list-part-i,C025,367 08905 BORISOGLEBSK,DGZs=1; installations=3 (sub-complexes counted separately)
us_1956_sac_complexes,US (SAC),USSR,1956,study,626,BORISOV,,urban-industrial complex,1,626,,,54.2167,28.5,"SAC Atomic Weapons Requirements Study for 1959 (June 1956), Part I complex list (NSA EBB 538)",https://nsarchive.gwu.edu/document/15800-09-urban-industrial-target-list-part-i,C025,626 0891 BORISOV,DGZs=1; installations=6 (sub-complexes counted separately)
us_1956_sac_complexes,US (SAC),USSR,1956,study,1100,BORODYANKA,,urban-industrial complex,1,1100,,,50.65,29.9333,"SAC Atomic Weapons Requirements Study for 1959 (June 1956), Part I complex list (NSA EBB 538)",https://nsarchive.gwu.edu/document/15800-09-urban-industrial-target-list-part-i,C025,1100 08992 BORODYANKA,DGZs=0; installations=2 (sub-complexes counted separately)
us_1956_sac_complexes,US (SAC),USSR,1956,study,1048,BOROVICHI,,urban-industrial complex,1,1048,,,58.3833,33.9,"SAC Atomic Weapons Requirements Study for 1959 (June 1956), Part I complex list (NSA EBB 538)",https://nsarchive.gwu.edu/document/15800-09-urban-industrial-target-list-part-i,C025,1048 08993 BOROVICHI,DGZs=0; installations=3 (sub-complexes counted separately)
us_1956_sac_complexes,US (SAC),USSR,1956,study,953,BORZYA,,urban-industrial complex,1,953,,,50.4167,116.55,"SAC Atomic Weapons Requirements Study for 1959 (June 1956), Part I complex list (NSA EBB 538)",https://nsarchive.gwu.edu/document/15800-09-urban-industrial-target-list-part-i,C026,953 0902 BORZYA,DGZs=0; installations=2 (sub-complexes counted separately)
us_1956_sac_complexes,US (SAC),East Germany,1956,study,57,BRANDENBURG E GER,,urban-industrial complex,1,57,,,52.4167,12.55,"SAC Atomic Weapons Requirements Study for 1959 (June 1956), Part I complex list (NSA EBB 538)",https://nsarchive.gwu.edu/document/15800-09-urban-industrial-target-list-part-i,C026,57 0915 BRANDENBURG E GER,DGZs=3; installations=14 (sub-complexes counted separately)
us_1956_sac_complexes,US (SAC),Czechoslovakia,1956,study,157,BRATISLAVA CZECH,,urban-industrial complex,1,157,,,48.15,17.15,"SAC Atomic Weapons Requirements Study for 1959 (June 1956), Part I complex list (NSA EBB 538)",https://nsarchive.gwu.edu/document/15800-09-urban-industrial-target-list-part-i,C027,157 0935 BRATISLAVA CZECH,DGZs=4; installations=24 (sub-complexes counted separately)
us_1956_sac_complexes,US (SAC),Poland,1956,study,99,BRESLAU POL,,urban-industrial complex,1,99,,,51.1167,17.05,"SAC Atomic Weapons Requirements Study for 1959 (June 1956), Part I complex list (NSA EBB 538)",https://nsarchive.gwu.edu/document/15800-09-urban-industrial-target-list-part-i,C027,99 0965 BRESLAU POL,DGZs=9; installations=46 (sub-complexes counted separately)
us_1956_sac_complexes,US (SAC),USSR,1956,study,216,BREST,,urban-industrial complex,1,216,,,52.1,23.7,"SAC Atomic Weapons Requirements Study for 1959 (June 1956), Part I complex list (NSA EBB 538)",https://nsarchive.gwu.edu/document/15800-09-urban-industrial-target-list-part-i,C029,216 0970 BREST,DGZs=1; installations=15 (sub-complexes counted separately)
us_1956_sac_complexes,US (SAC),Czechoslovakia,1956,study,693,BREZNO CZECH,,urban-industrial complex,1,693,,,48.8167,19.65,"SAC Atomic Weapons Requirements Study for 1959 (June 1956), Part I complex list (NSA EBB 538)",https://nsarchive.gwu.edu/document/15800-09-urban-industrial-target-list-part-i,C029,693 0975 BREZNO CZECH,DGZs=0; installations=2 (sub-complexes counted separately)
us_1956_sac_complexes,US (SAC),Poland,1956,study,1148,BRIEG POL,,urban-industrial complex,1,1148,,,50.85,17.4667,"SAC Atomic Weapons Requirements Study for 1959 (June 1956), Part I complex list (NSA EBB 538)",https://nsarchive.gwu.edu/document/15800-09-urban-industrial-target-list-part-i,C029,1148 0980 BRIEG POL,DGZs=0; installations=3 (sub-complexes counted separately)
us_1956_sac_complexes,US (SAC),Czechoslovakia,1956,study,152,BRNO CZECH,,urban-industrial complex,1,152,,,49.2,16.65,"SAC Atomic Weapons Requirements Study for 1959 (June 1956), Part I complex list (NSA EBB 538)",https://nsarchive.gwu.edu/document/15800-09-urban-industrial-target-list-part-i,C030,152 0995 BRNO CZECH,DGZs=3; installations=24 (sub-complexes counted separately)
us_1956_sac_complexes,US (SAC),Czechoslovakia,1956,study,1149,BRUNTAL CZECH,,urban-industrial complex,1,1149,,,49.9833,17.45,"SAC Atomic Weapons Requirements Study for 1959 (June 1956), Part I complex list (NSA EBB 538)",https://nsarchive.gwu.edu/document/15800-09-urban-industrial-target-list-part-i,C030,1149 0999 BRUNTAL CZECH,DGZs=0; installations=2 (sub-complexes counted separately)
us_1956_sac_complexes,US (SAC),USSR,1956,study,1021,BRYUKHOVESTSKAYA,,urban-industrial complex,1,1021,,,45.8,39.0,"SAC Atomic Weapons Requirements Study for 1959 (June 1956), Part I complex list (NSA EBB 538)",https://nsarchive.gwu.edu/document/15800-09-urban-industrial-target-list-part-i,C031,1021 1002 BRYUKHOVESTSKAYA,DGZs=0; installations=2 (sub-complexes counted separately)
us_1956_sac_complexes,US (SAC),Romania,1956,study,63,BUCHAREST RUM,,urban-industrial complex,1,63,,,44.4167,26.1,"SAC Atomic Weapons Requirements Study for 1959 (June 1956), Part I complex list (NSA EBB 538)",https://nsarchive.gwu.edu/document/15800-09-urban-industrial-target-list-part-i,C031,63 1020 BUCHAREST RUM,DGZs=6; installations=45 (sub-complexes counted separately)
us_1956_sac_complexes,US (SAC),East Germany,1956,study,1150,BUCKAU E GER,,urban-industrial complex,1,1150,,,52.2167,12.3,"SAC Atomic Weapons Requirements Study for 1959 (June 1956), Part I complex list (NSA EBB 538)",https://nsarchive.gwu.edu/document/15800-09-urban-industrial-target-list-part-i,C032,1150 1030 BUCKAU E GER,DGZs=0; installations=2 (sub-complexes counted separately)
us_1956_sac_complexes,US (SAC),Hungary,1956,study,60,BUDAPEST HUNG,,urban-industrial complex,1,60,,,47.5,19.0833,"SAC Atomic Weapons Requirements Study for 1959 (June 1956), Part I complex list (NSA EBB 538)",https://nsarchive.gwu.edu/document/15800-09-urban-industrial-target-list-part-i,C032,60 1045 BUDAPEST HUNG,DGZs=8; installations=126 (sub-complexes counted separately)
us_1956_sac_complexes,US (SAC),USSR,1956,study,1101,BUDARINSKIY,,urban-industrial complex,1,1101,,,50.65,42.5333,"SAC Atomic Weapons Requirements Study for 1959 (June 1956), Part I complex list (NSA EBB 538)",https://nsarchive.gwu.edu/document/15800-09-urban-industrial-target-list-part-i,C035,1101 1046 BUDARINSKIY,DGZs=0; installations=2 (sub-complexes counted separately)
us_1956_sac_complexes,US (SAC),Poland,1956,study,873,BUETOW POL,,urban-industrial complex,1,873,,,54.1667,17.5,"SAC Atomic Weapons Requirements Study for 1959 (June 1956), Part I complex list (NSA EBB 538)",https://nsarchive.gwu.edu/document/15800-09-urban-industrial-target-list-part-i,C035,873 1048 BUETOW POL,DGZs=0; installations=2 (sub-complexes counted separately)
us_1956_sac_complexes,US (SAC),USSR,1956,study,705,BUGULMA,,urban-industrial complex,1,705,,,54.5333,52.8,"SAC Atomic Weapons Requirements Study for 1959 (June 1956), Part I complex list (NSA EBB 538)",https://nsarchive.gwu.edu/document/15800-09-urban-industrial-target-list-part-i,C035,705 1049 BUGULMA,DGZs=1; installations=2 (sub-complexes counted separately)
us_1956_sac_complexes,US (SAC),USSR,1956,study,572,BUGURUSLAN,,urban-industrial complex,1,572,,,53.6667,52.45,"SAC Atomic Weapons Requirements Study for 1959 (June 1956), Part I complex list (NSA EBB 538)",https://nsarchive.gwu.edu/document/15800-09-urban-industrial-target-list-part-i,C035,572 1050 BUGURUSLAN,DGZs=0; installations=2 (sub-complexes counted separately)
us_1956_sac_complexes,US (SAC),USSR,1956,study,907,BUKACHACHA,,urban-industrial complex,1,907,,,52.9667,116.9,"SAC Atomic Weapons Requirements Study for 1959 (June 1956), Part I complex list (NSA EBB 538)",https://nsarchive.gwu.edu/document/15800-09-urban-industrial-target-list-part-i,C035,907 10525 BUKACHACHA,DGZs=0; installations=2 (sub-complexes counted separately)
us_1956_sac_complexes,US (SAC),Poland,1956,study,296,BUNZLAU POL,,urban-industrial complex,1,296,,,51.3,15.5833,"SAC Atomic Weapons Requirements Study for 1959 (June 1956), Part I complex list (NSA EBB 538)",https://nsarchive.gwu.edu/document/15800-09-urban-industrial-target-list-part-i,C035,296 1055 BUNZLAU POL,DGZs=0; installations=4 (sub-complexes counted separately)
us_1956_sac_complexes,US (SAC),Bulgaria,1956,study,545,BURGAS BULG,,urban-industrial complex,1,545,,,42.5,27.5,"SAC Atomic Weapons Requirements Study for 1959 (June 1956), Part I complex list (NSA EBB 538)",https://nsarchive.gwu.edu/document/15800-09-urban-industrial-target-list-part-i,C036,545 1065 BURGAS BULG,DGZs=1; installations=12 (sub-complexes counted separately)
us_1956_sac_complexes,US (SAC),Poland,1956,study,964,BUSKO ZDROJ POL,,urban-industrial complex,1,964,,,50.4667,20.7167,"SAC Atomic Weapons Requirements Study for 1959 (June 1956), Part I complex list (NSA EBB 538)",https://nsarchive.gwu.edu/document/15800-09-urban-industrial-target-list-part-i,C036,964 10705 BUSKO ZDROJ POL,DGZs=0; installations=2 (sub-complexes counted separately)
us_1956_sac_complexes,US (SAC),USSR,1956,study,503,BUY,,urban-industrial complex,1,503,,,58.4833,41.5667,"SAC Atomic Weapons Requirements Study for 1959 (June 1956), Part I complex list (NSA EBB 538)",https://nsarchive.gwu.edu/document/15800-09-urban-industrial-target-list-part-i,C036,503 1074 BUY,DGZs=1; installations=4 (sub-complexes counted separately)
us_1956_sac_complexes,US (SAC),USSR,1956,study,1005,BUZAN,,urban-industrial complex,1,1005,,,46.75,48.0333,"SAC Atomic Weapons Requirements Study for 1959 (June 1956), Part I complex list (NSA EBB 538)",https://nsarchive.gwu.edu/document/15800-09-urban-industrial-target-list-part-i,C036,1005 10747 BUZAN,DGZs=0; installations=2 (sub-complexes counted separately)
us_1956_sac_complexes,US (SAC),Romania,1956,study,438,BUZAU RUM,,urban-industrial complex,1,438,,,45.1333,26.8167,"SAC Atomic Weapons Requirements Study for 1959 (June 1956), Part I complex list (NSA EBB 538)",https://nsarchive.gwu.edu/document/15800-09-urban-industrial-target-list-part-i,C036,438 10748 BUZAU RUM,DGZs=0; installations=4 (sub-complexes counted separately)
us_1956_sac_complexes,US (SAC),USSR,1956,study,742,BUZULUK,,urban-industrial complex,1,742,,,52.7833,52.2667,"SAC Atomic Weapons Requirements Study for 1959 (June 1956), Part I complex list (NSA EBB 538)",https://nsarchive.gwu.edu/document/15800-09-urban-industrial-target-list-part-i,C037,742 1080 BUZULUK,DGZs=1; installations=2 (sub-complexes counted separately)
us_1956_sac_complexes,US (SAC),Poland,1956,study,184,BYDGOSZCZ POL,,urban-industrial complex,1,184,,,53.1667,18.0,"SAC Atomic Weapons Requirements Study for 1959 (June 1956), Part I complex list (NSA EBB 538)",https://nsarchive.gwu.edu/document/15800-09-urban-industrial-target-list-part-i,C037,184 1085 BYDGOSZCZ POL,DGZs=2; installations=22 (sub-complexes counted separately)
us_1956_sac_complexes,US (SAC),Romania,1956,study,1022,CALARASI RUM,,urban-industrial complex,1,1022,,,44.2,27.3333,"SAC Atomic Weapons Requirements Study for 1959 (June 1956), Part I complex list (NSA EBB 538)",https://nsarchive.gwu.edu/document/15800-09-urban-industrial-target-list-part-i,C037,1022 1140 CALARASI RUM,DGZs=0; installations=2 (sub-complexes counted separately)
us_1956_sac_complexes,US (SAC),North Vietnam,1956,study,1151,CAM PHA N VIETNAM,,urban-industrial complex,1,1151,,,21.0333,107.35,"SAC Atomic Weapons Requirements Study for 1959 (June 1956), Part I complex list (NSA EBB 538)",https://nsarchive.gwu.edu/document/15800-09-urban-industrial-target-list-part-i,C037,1151 1149 CAM PHA N VIETNAM,DGZs=0; installations=2 (sub-complexes counted separately)
us_1956_sac_complexes,US (SAC),China,1956,study,90,CANTON CHINA,,urban-industrial complex,1,90,,,23.1167,113.25,"SAC Atomic Weapons Requirements Study for 1959 (June 1956), Part I complex list (NSA EBB 538)",https://nsarchive.gwu.edu/document/15800-09-urban-industrial-target-list-part-i,C037,90 1153 CANTON CHINA,DGZs=3; installations=42 (sub-complexes counted separately)
us_1956_sac_complexes,US (SAC),Romania,1956,study,769,CAREI RUM,,urban-industrial complex,1,769,,,47.7,22.4667,"SAC Atomic Weapons Requirements Study for 1959 (June 1956), Part I complex list (NSA EBB 538)",https://nsarchive.gwu.edu/document/15800-09-urban-industrial-target-list-part-i,C038,769 11542 CAREI RUM,DGZs=0; installations=2 (sub-complexes counted separately)
us_1956_sac_complexes,US (SAC),Hungary,1956,study,916,CEGLED HUNG,,urban-industrial complex,1,916,,,47.1833,19.8167,"SAC Atomic Weapons Requirements Study for 1959 (June 1956), Part I complex list (NSA EBB 538)",https://nsarchive.gwu.edu/document/15800-09-urban-industrial-target-list-part-i,C038,916 11547 CEGLED HUNG,DGZs=0; installations=2 (sub-complexes counted separately)
us_1956_sac_complexes,US (SAC),Albania,1956,study,757,CERRIK ALB,,urban-industrial complex,1,757,,,41.0333,19.95,"SAC Atomic Weapons Requirements Study for 1959 (June 1956), Part I complex list (NSA EBB 538)",https://nsarchive.gwu.edu/document/15800-09-urban-industrial-target-list-part-i,C039,757 1178 CERRIK ALB,DGZs=0; installations=3 (sub-complexes counted separately)
us_1956_sac_complexes,US (SAC),Czechoslovakia,1956,study,259,CESKA LIPA CZECH,,urban-industrial complex,1,259,,,50.6833,14.5333,"SAC Atomic Weapons Requirements Study for 1959 (June 1956), Part I complex list (NSA EBB 538)",https://nsarchive.gwu.edu/document/15800-09-urban-industrial-target-list-part-i,C039,259 1185 CESKA LIPA CZECH,DGZs=0; installations=4 (sub-complexes counted separately)
us_1956_sac_complexes,US (SAC),Czechoslovakia,1956,study,428,CESKE BUDEJOVICE CZECH,,urban-industrial complex,1,428,,,48.9667,14.5,"SAC Atomic Weapons Requirements Study for 1959 (June 1956), Part I complex list (NSA EBB 538)",https://nsarchive.gwu.edu/document/15800-09-urban-industrial-target-list-part-i,C039,428 1189 CESKE BUDEJOVICE CZECH,DGZs=0; installations=10 (sub-complexes counted separately)
us_1956_sac_complexes,US (SAC),Czechoslovakia,1956,study,401,CESKE VELENICE CZECH,,urban-industrial complex,1,401,,,48.7667,14.95,"SAC Atomic Weapons Requirements Study for 1959 (June 1956), Part I complex list (NSA EBB 538)",https://nsarchive.gwu.edu/document/15800-09-urban-industrial-target-list-part-i,C040,401 11895 CESKE VELENICE CZECH,DGZs=0; installations=3 (sub-complexes counted separately)
us_1956_sac_complexes,US (SAC),China (Manchuria),1956,study,233,CHANG CHUN MANCH,,urban-industrial complex,1,233,,,43.8667,125.35,"SAC Atomic Weapons Requirements Study for 1959 (June 1956), Part I complex list (NSA EBB 538)",https://nsarchive.gwu.edu/document/15800-09-urban-industrial-target-list-part-i,C040,233 1195 CHANG CHUN MANCH,DGZs=0; installations=8 (sub-complexes counted separately)
us_1956_sac_complexes,US (SAC),North Korea,1956,study,1049,CHANGJON N KOREA,,urban-industrial complex,1,1049,,,38.7333,128.2,"SAC Atomic Weapons Requirements Study for 1959 (June 1956), Part I complex list (NSA EBB 538)",https://nsarchive.gwu.edu/document/15800-09-urban-industrial-target-list-part-i,C040,1049 1196 CHANGJON N KOREA,DGZs=0; installations=2 (sub-complexes counted separately)
us_1956_sac_complexes,US (SAC),China,1956,study,137,CHANG SHA CHINA,,urban-industrial complex,1,137,,,28.2,112.9667,"SAC Atomic Weapons Requirements Study for 1959 (June 1956), Part I complex list (NSA EBB 538)",https://nsarchive.gwu.edu/document/15800-09-urban-industrial-target-list-part-i,C040,137 1199 CHANG SHA CHINA,DGZs=1; installations=6 (sub-complexes counted separately)
us_1956_sac_complexes,US (SAC),USSR,1956,study,1006,CHAPAYEVO,,urban-industrial complex,1,1006,,,50.2,51.1667,"SAC Atomic Weapons Requirements Study for 1959 (June 1956), Part I complex list (NSA EBB 538)",https://nsarchive.gwu.edu/document/15800-09-urban-industrial-target-list-part-i,C040,1006 11996 CHAPAYEVO,DGZs=0; installations=2 (sub-complexes counted separately)
us_1956_sac_complexes,US (SAC),USSR,1956,study,91,CHAPAYEVSK,,urban-industrial complex,1,91,,,52.9667,49.7,"SAC Atomic Weapons Requirements Study for 1959 (June 1956), Part I complex list (NSA EBB 538)",https://nsarchive.gwu.edu/document/15800-09-urban-industrial-target-list-part-i,C040,91 1200 CHAPAYEVSK,DGZs=2; installations=10 (sub-complexes counted separately)
us_1956_sac_complexes,US (SAC),USSR,1956,study,573,CHAPLINO,,urban-industrial complex,1,573,,,48.1333,36.25,"SAC Atomic Weapons Requirements Study for 1959 (June 1956), Part I complex list (NSA EBB 538)",https://nsarchive.gwu.edu/document/15800-09-urban-industrial-target-list-part-i,C040,573 1201 CHAPLINO,DGZs=1; installations=2 (sub-complexes counted separately)
us_1956_sac_complexes,US (SAC),USSR,1956,study,867,CHARDZHOU,,urban-industrial complex,1,867,,,39.1,63.5667,"SAC Atomic Weapons Requirements Study for 1959 (June 1956), Part I complex list (NSA EBB 538)",https://nsarchive.gwu.edu/document/15800-09-urban-industrial-target-list-part-i,C041,867 12025 CHARDZHOU,DGZs=0; installations=3 (sub-complexes counted separately)
us_1956_sac_complexes,US (SAC),Czechoslovakia,1956,study,237,CHEB CZECH,,urban-industrial complex,1,237,,,50.0833,12.3667,"SAC Atomic Weapons Requirements Study for 1959 (June 1956), Part I complex list (NSA EBB 538)",https://nsarchive.gwu.edu/document/15800-09-urban-industrial-target-list-part-i,C041,237 1205 CHEB CZECH,DGZs=0; installations=5 (sub-complexes counted separately)
us_1956_sac_complexes,US (SAC),Poland,1956,study,706,CHELM POL,,urban-industrial complex,1,706,,,51.15,23.4833,"SAC Atomic Weapons Requirements Study for 1959 (June 1956), Part I complex list (NSA EBB 538)",https://nsarchive.gwu.edu/document/15800-09-urban-industrial-target-list-part-i,C041,706 1208 CHELM POL,DGZs=0; installations=2 (sub-complexes counted separately)
us_1956_sac_complexes,US (SAC),USSR,1956,study,75,CHELYABINSK,,urban-industrial complex,1,75,,,55.1667,61.4167,"SAC Atomic Weapons Requirements Study for 1959 (June 1956), Part I complex list (NSA EBB 538)",https://nsarchive.gwu.edu/document/15800-09-urban-industrial-target-list-part-i,C041,75 1210 CHELYABINSK,DGZs=4; installations=30 (sub-complexes counted separately)
us_1956_sac_complexes,US (SAC),East Germany,1956,study,161,CHEMNITZ E GER,,urban-industrial complex,1,161,,,50.8333,12.9167,"SAC Atomic Weapons Requirements Study for 1959 (June 1956), Part I complex list (NSA EBB 538)",https://nsarchive.gwu.edu/document/15800-09-urban-industrial-target-list-part-i,C042,161 1215 CHEMNITZ E GER,DGZs=5; installations=17 (sub-complexes counted separately)
us_1956_sac_complexes,US (SAC),China,1956,study,356,CHENG HSIEN CHINA,,urban-industrial complex,1,356,,,34.75,113.65,"SAC Atomic Weapons Requirements Study for 1959 (June 1956), Part I complex list (NSA EBB 538)",https://nsarchive.gwu.edu/document/15800-09-urban-industrial-target-list-part-i,C043,356 12152 CHENG HSIEN CHINA,DGZs=0; installations=5 (sub-complexes counted separately)
us_1956_sac_complexes,US (SAC),China (Manchuria),1956,study,518,CHENG TE MANCH,,urban-industrial complex,1,518,,,40.9667,117.8833,"SAC Atomic Weapons Requirements Study for 1959 (June 1956), Part I complex list (NSA EBB 538)",https://nsarchive.gwu.edu/document/15800-09-urban-industrial-target-list-part-i,C043,518 12154 CHENG TE MANCH,DGZs=1; installations=3 (sub-complexes counted separately)
us_1956_sac_complexes,US (SAC),China,1956,study,241,CHENG TU CHINA,,urban-industrial complex,1,241,,,30.6667,104.0833,"SAC Atomic Weapons Requirements Study for 1959 (June 1956), Part I complex list (NSA EBB 538)",https://nsarchive.gwu.edu/document/15800-09-urban-industrial-target-list-part-i,C043,241 12155 CHENG TU CHINA,DGZs=1; installations=4 (sub-complexes counted separately)
us_1956_sac_complexes,US (SAC),USSR,1956,study,286,CHEREMKHOVO,,urban-industrial complex,1,286,,,53.15,103.05,"SAC Atomic Weapons Requirements Study for 1959 (June 1956), Part I complex list (NSA EBB 538)",https://nsarchive.gwu.edu/document/15800-09-urban-industrial-target-list-part-i,C043,286 1220 CHEREMKHOVO,DGZs=2; installations=7 (sub-complexes counted separately)
us_1956_sac_complexes,US (SAC),USSR,1956,study,669,CHEREPET,,urban-industrial complex,1,669,,,54.1167,36.3833,"SAC Atomic Weapons Requirements Study for 1959 (June 1956), Part I complex list (NSA EBB 538)",https://nsarchive.gwu.edu/document/15800-09-urban-industrial-target-list-part-i,C044,669 1230 CHEREPET,DGZs=1; installations=2 (sub-complexes counted separately)
us_1956_sac_complexes,US (SAC),USSR,1956,study,253,CHEREPOVETS,,urban-industrial complex,1,253,,,59.1333,37.9333,"SAC Atomic Weapons Requirements Study for 1959 (June 1956), Part I complex list (NSA EBB 538)",https://nsarchive.gwu.edu/document/15800-09-urban-industrial-target-list-part-i,C044,253 1240 CHEREPOVETS,DGZs=1; installations=10 (sub-complexes counted separately)
us_1956_sac_complexes,US (SAC),USSR,1956,study,965,CHERMOZ,,urban-industrial complex,1,965,,,58.7667,56.2333,"SAC Atomic Weapons Requirements Study for 1959 (June 1956), Part I complex list (NSA EBB 538)",https://nsarchive.gwu.edu/document/15800-09-urban-industrial-target-list-part-i,C044,965 1250 CHERMOZ,DGZs=0; installations=3 (sub-complexes counted separately)
us_1956_sac_complexes,US (SAC),USSR,1956,study,1152,CHERNAYA KHOLUNITSA,,urban-industrial complex,1,1152,,,58.85,51.7,"SAC Atomic Weapons Requirements Study for 1959 (June 1956), Part I complex list (NSA EBB 538)",https://nsarchive.gwu.edu/document/15800-09-urban-industrial-target-list-part-i,C044,1152 1260 CHERNAYA KHOLUNITSA,DGZs=0; installations=2 (sub-complexes counted separately)
us_1956_sac_complexes,US (SAC),USSR,1956,study,761,CHERNIGOV,,urban-industrial complex,1,761,,,51.4833,31.2667,"SAC Atomic Weapons Requirements Study for 1959 (June 1956), Part I complex list (NSA EBB 538)",https://nsarchive.gwu.edu/document/15800-09-urban-industrial-target-list-part-i,C045,761 1264 CHERNIGOV,DGZs=1; installations=3 (sub-complexes counted separately)
us_1956_sac_complexes,US (SAC),USSR,1956,study,329,CHERNOVTSY,,urban-industrial complex,1,329,,,48.3,25.95,"SAC Atomic Weapons Requirements Study for 1959 (June 1956), Part I complex list (NSA EBB 538)",https://nsarchive.gwu.edu/document/15800-09-urban-industrial-target-list-part-i,C045,329 1290 CHERNOVTSY,DGZs=1; installations=6 (sub-complexes counted separately)
us_1956_sac_complexes,US (SAC),USSR,1956,study,473,CHERNYAKHOVSK,,urban-industrial complex,1,473,,,54.6333,21.8167,"SAC Atomic Weapons Requirements Study for 1959 (June 1956), Part I complex list (NSA EBB 538)",https://nsarchive.gwu.edu/document/15800-09-urban-industrial-target-list-part-i,C045,473 1300 CHERNYAKHOVSK,DGZs=1; installations=6 (sub-complexes counted separately)
us_1956_sac_complexes,US (SAC),USSR,1956,study,670,CHERNYSHEVSKOYE,,urban-industrial complex,1,670,,,52.5167,117.0167,"SAC Atomic Weapons Requirements Study for 1959 (June 1956), Part I complex list (NSA EBB 538)",https://nsarchive.gwu.edu/document/15800-09-urban-industrial-target-list-part-i,C045,670 1303 CHERNYSHEVSKOYE,DGZs=1; installations=2 (sub-complexes counted separately)
us_1956_sac_complexes,US (SAC),Bulgaria,1956,study,1153,CHERVEN BRYAG BULG,,urban-industrial complex,1,1153,,,43.2667,24.1,"SAC Atomic Weapons Requirements Study for 1959 (June 1956), Part I complex list (NSA EBB 538)",https://nsarchive.gwu.edu/document/15800-09-urban-industrial-target-list-part-i,C045,1153 13045 CHERVEN BRYAG BULG,DGZs=0; installations=2 (sub-complexes counted separately)
us_1956_sac_complexes,US (SAC),China (Manchuria),1956,study,627,CHIA MU SSU MANCH,,urban-industrial complex,1,627,,,46.8167,130.35,"SAC Atomic Weapons Requirements Study for 1959 (June 1956), Part I complex list (NSA EBB 538)",https://nsarchive.gwu.edu/document/15800-09-urban-industrial-target-list-part-i,C045,627 1325 CHIA MU SSU MANCH,DGZs=2; installations=10 (sub-complexes counted separately)
us_1956_sac_complexes,US (SAC),China,1956,study,335,CHIANG TU CHINA,,urban-industrial complex,1,335,,,32.4,119.4333,"SAC Atomic Weapons Requirements Study for 1959 (June 1956), Part I complex list (NSA EBB 538)",https://nsarchive.gwu.edu/document/15800-09-urban-industrial-target-list-part-i,C047,335 1328 CHIANG TU CHINA,DGZs=1; installations=3 (sub-complexes counted separately)
us_1956_sac_complexes,US (SAC),China (Manchuria),1956,study,636,CHIAO HO MANCH,,urban-industrial complex,1,636,,,43.7167,127.3167,"SAC Atomic Weapons Requirements Study for 1959 (June 1956), Part I complex list (NSA EBB 538)",https://nsarchive.gwu.edu/document/15800-09-urban-industrial-target-list-part-i,C047,636 1335 CHIAO HO MANCH,DGZs=0; installations=2 (sub-complexes counted separately)
us_1956_sac_complexes,US (SAC),USSR,1956,study,231,CHIMKENT,,urban-industrial complex,1,231,,,42.3333,69.6167,"SAC Atomic Weapons Requirements Study for 1959 (June 1956), Part I complex list (NSA EBB 538)",https://nsarchive.gwu.edu/document/15800-09-urban-industrial-target-list-part-i,C047,231 1340 CHIMKENT,DGZs=1; installations=6 (sub-complexes counted separately)
us_1956_sac_complexes,US (SAC),China,1956,study,383,CHING YUAN CHINA,,urban-industrial complex,1,383,,,38.8667,115.4833,"SAC Atomic Weapons Requirements Study for 1959 (June 1956), Part I complex list (NSA EBB 538)",https://nsarchive.gwu.edu/document/15800-09-urban-industrial-target-list-part-i,C047,383 1351 CHING YUAN CHINA,DGZs=1; installations=2 (sub-complexes counted separately)
us_1956_sac_complexes,US (SAC),China,1956,study,1154,CHIN HSIEN CHINA,,urban-industrial complex,1,1154,,,21.95,108.6167,"SAC Atomic Weapons Requirements Study for 1959 (June 1956), Part I complex list (NSA EBB 538)",https://nsarchive.gwu.edu/document/15800-09-urban-industrial-target-list-part-i,C047,1154 1352 CHIN HSIEN CHINA,DGZs=0; installations=2 (sub-complexes counted separately)
us_1956_sac_complexes,US (SAC),China (Manchuria),1956,study,375,CHIN HSIEN MANCH,,urban-industrial complex,1,375,,,41.1167,121.1,"SAC Atomic Weapons Requirements Study for 1959 (June 1956), Part I complex list (NSA EBB 538)",https://nsarchive.gwu.edu/document/15800-09-urban-industrial-target-list-part-i,C047,375 1353 CHIN HSIEN MANCH,DGZs=2; installations=5 (sub-complexes counted separately)
us_1956_sac_complexes,US (SAC),China (Manchuria),1956,study,743,CHI NING MANCH,,urban-industrial complex,1,743,,,45.2833,130.9333,"SAC Atomic Weapons Requirements Study for 1959 (June 1956), Part I complex list (NSA EBB 538)",https://nsarchive.gwu.edu/document/15800-09-urban-industrial-target-list-part-i,C048,743 1356 CHI NING MANCH,DGZs=0; installations=3 (sub-complexes counted separately)
us_1956_sac_complexes,US (SAC),USSR,1956,study,1050,CHINNAI,,urban-industrial complex,1,1050,,,48.4167,142.1,"SAC Atomic Weapons Requirements Study for 1959 (June 1956), Part I complex list (NSA EBB 538)",https://nsarchive.gwu.edu/document/15800-09-urban-industrial-target-list-part-i,C048,1050 1357 CHINNAI,DGZs=0; installations=2 (sub-complexes counted separately)
us_1956_sac_complexes,US (SAC),North Korea,1956,study,554,CHINNAMPO N KOREA,,urban-industrial complex,1,554,,,38.7333,125.4,"SAC Atomic Weapons Requirements Study for 1959 (June 1956), Part I complex list (NSA EBB 538)",https://nsarchive.gwu.edu/document/15800-09-urban-industrial-target-list-part-i,C048,554 1358 CHINNAMPO N KOREA,DGZs=0; installations=4 (sub-complexes counted separately)
us_1956_sac_complexes,US (SAC),USSR,1956,study,30,CHIRCHIK,,urban-industrial complex,1,30,,,41.5,69.6167,"SAC Atomic Weapons Requirements Study for 1959 (June 1956), Part I complex list (NSA EBB 538)",https://nsarchive.gwu.edu/document/15800-09-urban-industrial-target-list-part-i,C048,30 1360 CHIRCHIK,DGZs=6; installations=16 (sub-complexes counted separately)
us_1956_sac_complexes,US (SAC),USSR,1956,study,48,CHITA,,urban-industrial complex,1,48,,,52.05,113.5,"SAC Atomic Weapons Requirements Study for 1959 (June 1956), Part I complex list (NSA EBB 538)",https://nsarchive.gwu.edu/document/15800-09-urban-industrial-target-list-part-i,C049,48 1370 CHITA,DGZs=2; installations=17 (sub-complexes counted separately)
us_1956_sac_complexes,US (SAC),China,1956,study,770,CHIU CHIANG CHINA,,urban-industrial complex,1,770,,,29.7333,116.0,"SAC Atomic Weapons Requirements Study for 1959 (June 1956), Part I complex list (NSA EBB 538)",https://nsarchive.gwu.edu/document/15800-09-urban-industrial-target-list-part-i,C049,770 1375 CHIU CHIANG CHINA,DGZs=1; installations=2 (sub-complexes counted separately)
us_1956_sac_complexes,US (SAC),USSR,1956,study,80,CHKALOV,,urban-industrial complex,1,80,,,51.7833,55.1167,"SAC Atomic Weapons Requirements Study for 1959 (June 1956), Part I complex list (NSA EBB 538)",https://nsarchive.gwu.edu/document/15800-09-urban-industrial-target-list-part-i,C049,80 1380 CHKALOV,DGZs=4; installations=14 (sub-complexes counted separately)
us_1956_sac_complexes,US (SAC),Poland,1956,study,707,CHOJNICE POL,,urban-industrial complex,1,707,,,53.7,17.5833,"SAC Atomic Weapons Requirements Study for 1959 (June 1956), Part I complex list (NSA EBB 538)",https://nsarchive.gwu.edu/document/15800-09-urban-industrial-target-list-part-i,C049,707 1390 CHOJNICE POL,DGZs=0; installations=2 (sub-complexes counted separately)
us_1956_sac_complexes,US (SAC),North Korea,1956,study,304,CHONGJIN N KOREA,,urban-industrial complex,1,304,,,41.7833,129.8333,"SAC Atomic Weapons Requirements Study for 1959 (June 1956), Part I complex list (NSA EBB 538)",https://nsarchive.gwu.edu/document/15800-09-urban-industrial-target-list-part-i,C050,304 1397 CHONGJIN N KOREA,DGZs=0; installations=9 (sub-complexes counted separately)
us_1956_sac_complexes,US (SAC),USSR,1956,study,313,CHOP,,urban-industrial complex,1,313,,,48.4333,22.2,"SAC Atomic Weapons Requirements Study for 1959 (June 1956), Part I complex list (NSA EBB 538)",https://nsarchive.gwu.edu/document/15800-09-urban-industrial-target-list-part-i,C050,313 1400 CHOP,DGZs=0; installations=4 (sub-complexes counted separately)
us_1956_sac_complexes,US (SAC),North Korea,1956,study,321,CHOSINKO N KOREA,,urban-industrial complex,1,321,,,40.15,127.35,"SAC Atomic Weapons Requirements Study for 1959 (June 1956), Part I complex list (NSA EBB 538)",https://nsarchive.gwu.edu/document/15800-09-urban-industrial-target-list-part-i,C050,321 1402 CHOSINKO N KOREA,DGZs=0; installations=5 (sub-complexes counted separately)
us_1956_sac_complexes,US (SAC),China,1956,study,771,CHU CHOU CHINA,,urban-industrial complex,1,771,,,27.8333,113.1667,"SAC Atomic Weapons Requirements Study for 1959 (June 1956), Part I complex list (NSA EBB 538)",https://nsarchive.gwu.edu/document/15800-09-urban-industrial-target-list-part-i,C050,771 14155 CHU CHOU CHINA,DGZs=0; installations=4 (sub-complexes counted separately)
us_1956_sac_complexes,US (SAC),USSR,1956,study,429,CHUDOVO,,urban-industrial complex,1,429,,,59.1167,31.6667,"SAC Atomic Weapons Requirements Study for 1959 (June 1956), Part I complex list (NSA EBB 538)",https://nsarchive.gwu.edu/document/15800-09-urban-industrial-target-list-part-i,C050,429 1417 CHUDOVO,DGZs=1; installations=3 (sub-complexes counted separately)
us_1956_sac_complexes,US (SAC),USSR,1956,study,795,CHUGUYEV,,urban-industrial complex,1,795,,,49.8333,36.7,"SAC Atomic Weapons Requirements Study for 1959 (June 1956), Part I complex list (NSA EBB 538)",https://nsarchive.gwu.edu/document/15800-09-urban-industrial-target-list-part-i,C051,795 1420 CHUGUYEV,DGZs=0; installations=3 (sub-complexes counted separately)
us_1956_sac_complexes,US (SAC),USSR,1956,study,532,CHULYM,,urban-industrial complex,1,532,,,55.1,80.9667,"SAC Atomic Weapons Requirements Study for 1959 (June 1956), Part I complex list (NSA EBB 538)",https://nsarchive.gwu.edu/document/15800-09-urban-industrial-target-list-part-i,C051,532 1430 CHULYM,DGZs=1; installations=3 (sub-complexes counted separately)
us_1956_sac_complexes,US (SAC),China,1956,study,111,CHUNG KING CHINA,,urban-industrial complex,1,111,,,29.5667,106.5833,"SAC Atomic Weapons Requirements Study for 1959 (June 1956), Part I complex list (NSA EBB 538)",https://nsarchive.gwu.edu/document/15800-09-urban-industrial-target-list-part-i,C051,111 1437 CHUNG KING CHINA,DGZs=3; installations=18 (sub-complexes counted separately)
us_1956_sac_complexes,US (SAC),USSR,1956,study,309,CHUSOVOY,,urban-industrial complex,1,309,,,58.3,57.8333,"SAC Atomic Weapons Requirements Study for 1959 (June 1956), Part I complex list (NSA EBB 538)",https://nsarchive.gwu.edu/document/15800-09-urban-industrial-target-list-part-i,C051,309 1440 CHUSOVOY,DGZs=1; installations=6 (sub-complexes counted separately)
us_1956_sac_complexes,US (SAC),Poland,1956,study,1051,CIECHANOW POL,,urban-industrial complex,1,1051,,,52.8833,20.6167,"SAC Atomic Weapons Requirements Study for 1959 (June 1956), Part I complex list (NSA EBB 538)",https://nsarchive.gwu.edu/document/15800-09-urban-industrial-target-list-part-i,C052,1051 14442 CIECHANOW POL,DGZs=0; installations=2 (sub-complexes counted separately)
us_1956_sac_complexes,US (SAC),Romania,1956,study,205,CLUJ RUM,,urban-industrial complex,1,205,,,46.7333,23.6167,"SAC Atomic Weapons Requirements Study for 1959 (June 1956), Part I complex list (NSA EBB 538)",https://nsarchive.gwu.edu/document/15800-09-urban-industrial-target-list-part-i,C052,205 1445 CLUJ RUM,DGZs=2; installations=8 (sub-complexes counted separately)
us_1956_sac_complexes,US (SAC),Romania,1956,study,74,CONSTANTA RUM,,urban-industrial complex,1,74,,,44.1667,28.6667,"SAC Atomic Weapons Requirements Study for 1959 (June 1956), Part I complex list (NSA EBB 538)",https://nsarchive.gwu.edu/document/15800-09-urban-industrial-target-list-part-i,C052,74 1455 CONSTANTA RUM,DGZs=5; installations=18 (sub-complexes counted separately)
us_1956_sac_complexes,US (SAC),East Germany,1956,study,88,COTTBUS E GER,,urban-industrial complex,1,88,,,51.7667,14.3333,"SAC Atomic Weapons Requirements Study for 1959 (June 1956), Part I complex list (NSA EBB 538)",https://nsarchive.gwu.edu/document/15800-09-urban-industrial-target-list-part-i,C053,88 1481 COTTBUS E GER,DGZs=1; installations=4 (sub-complexes counted separately)
us_1956_sac_complexes,US (SAC),Romania,1956,study,307,CRAIOVA RUM,,urban-industrial complex,1,307,,,44.3333,23.8333,"SAC Atomic Weapons Requirements Study for 1959 (June 1956), Part I complex list (NSA EBB 538)",https://nsarchive.gwu.edu/document/15800-09-urban-industrial-target-list-part-i,C053,307 1483 CRAIOVA RUM,DGZs=1; installations=8 (sub-complexes counted separately)
us_1956_sac_complexes,US (SAC),Romania,1956,study,838,CUGIR RUM,,urban-industrial complex,1,838,,,45.8333,23.3833,"SAC Atomic Weapons Requirements Study for 1959 (June 1956), Part I complex list (NSA EBB 538)",https://nsarchive.gwu.edu/document/15800-09-urban-industrial-target-list-part-i,C053,838 1485 CUGIR RUM,DGZs=0; installations=5 (sub-complexes counted separately)
us_1956_sac_complexes,US (SAC),Poland,1956,study,796,CZEREMCHA POL,,urban-industrial complex,1,796,,,52.5167,23.35,"SAC Atomic Weapons Requirements Study for 1959 (June 1956), Part I complex list (NSA EBB 538)",https://nsarchive.gwu.edu/document/15800-09-urban-industrial-target-list-part-i,C053,796 1510 CZEREMCHA POL,DGZs=0; installations=2 (sub-complexes counted separately)
us_1956_sac_complexes,US (SAC),Poland,1956,study,240,CZESTOCHOWA POL,,urban-industrial complex,1,240,,,50.8,19.0833,"SAC Atomic Weapons Requirements Study for 1959 (June 1956), Part I complex list (NSA EBB 538)",https://nsarchive.gwu.edu/document/15800-09-urban-industrial-target-list-part-i,C054,240 1515 CZESTOCHOWA POL,DGZs=2; installations=9 (sub-complexes counted separately)
us_1956_sac_complexes,US (SAC),Romania,1956,study,1007,DAESTI RUM,,urban-industrial complex,1,1007,,,44.9667,24.1333,"SAC Atomic Weapons Requirements Study for 1959 (June 1956), Part I complex list (NSA EBB 538)",https://nsarchive.gwu.edu/document/15800-09-urban-industrial-target-list-part-i,C054,1007 1542 DAESTI RUM,DGZs=1; installations=2 (sub-complexes counted separately)
us_1956_sac_complexes,US (SAC),China (Manchuria),1956,study,72,DAIREN MANCH,,urban-industrial complex,1,72,,,38.9167,121.6,"SAC Atomic Weapons Requirements Study for 1959 (June 1956), Part I complex list (NSA EBB 538)",https://nsarchive.gwu.edu/document/15800-09-urban-industrial-target-list-part-i,C054,72 1543 DAIREN MANCH,DGZs=4; installations=34 (sub-complexes counted separately)
us_1956_sac_complexes,US (SAC),USSR,1956,study,637,DANILOV,,urban-industrial complex,1,637,,,58.1833,40.1667,"SAC Atomic Weapons Requirements Study for 1959 (June 1956), Part I complex list (NSA EBB 538)",https://nsarchive.gwu.edu/document/15800-09-urban-industrial-target-list-part-i,C055,637 1544 DANILOV,DGZs=1; installations=2 (sub-complexes counted separately)
us_1956_sac_complexes,US (SAC),Romania,1956,study,143,DARMANESTI RUM,,urban-industrial complex,1,143,,,46.3667,26.4667,"SAC Atomic Weapons Requirements Study for 1959 (June 1956), Part I complex list (NSA EBB 538)",https://nsarchive.gwu.edu/document/15800-09-urban-industrial-target-list-part-i,C055,143 1545 DARMANESTI RUM,DGZs=1; installations=3 (sub-complexes counted separately)
us_1956_sac_complexes,US (SAC),USSR,1956,study,355,DAUGAVPILS,,urban-industrial complex,1,355,,,55.8667,26.5,"SAC Atomic Weapons Requirements Study for 1959 (June 1956), Part I complex list (NSA EBB 538)",https://nsarchive.gwu.edu/document/15800-09-urban-industrial-target-list-part-i,C055,355 1550 DAUGAVPILS,DGZs=1; installations=9 (sub-complexes counted separately)
us_1956_sac_complexes,US (SAC),USSR,1956,study,1008,DAURIYA,,urban-industrial complex,1,1008,,,49.9167,116.8333,"SAC Atomic Weapons Requirements Study for 1959 (June 1956), Part I complex list (NSA EBB 538)",https://nsarchive.gwu.edu/document/15800-09-urban-industrial-target-list-part-i,C056,1008 1560 DAURIYA,DGZs=0; installations=2 (sub-complexes counted separately)
us_1956_sac_complexes,US (SAC),USSR,1956,study,416,DEBALTSEVO,,urban-industrial complex,1,416,,,48.3333,38.4167,"SAC Atomic Weapons Requirements Study for 1959 (June 1956), Part I complex list (NSA EBB 538)",https://nsarchive.gwu.edu/document/15800-09-urban-industrial-target-list-part-i,C056,416 1570 DEBALTSEVO,DGZs=1; installations=2 (sub-complexes counted separately)
us_1956_sac_complexes,US (SAC),Poland,1956,study,349,DEBICA POL,,urban-industrial complex,1,349,,,50.05,21.4167,"SAC Atomic Weapons Requirements Study for 1959 (June 1956), Part I complex list (NSA EBB 538)",https://nsarchive.gwu.edu/document/15800-09-urban-industrial-target-list-part-i,C056,349 1575 DEBICA POL,DGZs=0; installations=5 (sub-complexes counted separately)
us_1956_sac_complexes,US (SAC),Poland,1956,study,671,DEBLIN POL,,urban-industrial complex,1,671,,,51.5667,21.85,"SAC Atomic Weapons Requirements Study for 1959 (June 1956), Part I complex list (NSA EBB 538)",https://nsarchive.gwu.edu/document/15800-09-urban-industrial-target-list-part-i,C056,671 1590 DEBLIN POL,DGZs=0; installations=5 (sub-complexes counted separately)
us_1956_sac_complexes,US (SAC),Hungary,1956,study,223,DEBRECEN HUNG,,urban-industrial complex,1,223,,,47.5167,21.65,"SAC Atomic Weapons Requirements Study for 1959 (June 1956), Part I complex list (NSA EBB 538)",https://nsarchive.gwu.edu/document/15800-09-urban-industrial-target-list-part-i,C056,223 1595 DEBRECEN HUNG,DGZs=1; installations=11 (sub-complexes counted separately)
us_1956_sac_complexes,US (SAC),Romania,1956,study,574,DEJ RUM,,urban-industrial complex,1,574,,,47.15,23.8667,"SAC Atomic Weapons Requirements Study for 1959 (June 1956), Part I complex list (NSA EBB 538)",https://nsarchive.gwu.edu/document/15800-09-urban-industrial-target-list-part-i,C057,574 1607 DEJ RUM,DGZs=0; installations=4 (sub-complexes counted separately)
us_1956_sac_complexes,US (SAC),USSR,1956,study,847,DE KASTRI,,urban-industrial complex,1,847,,,51.45,140.75,"SAC Atomic Weapons Requirements Study for 1959 (June 1956), Part I complex list (NSA EBB 538)",https://nsarchive.gwu.edu/document/15800-09-urban-industrial-target-list-part-i,C057,847 1608 DE KASTRI,DGZs=0; installations=2 (sub-complexes counted separately)
us_1956_sac_complexes,US (SAC),USSR,1956,study,672,DERBENT,,urban-industrial complex,1,672,,,42.0667,48.3,"SAC Atomic Weapons Requirements Study for 1959 (June 1956), Part I complex list (NSA EBB 538)",https://nsarchive.gwu.edu/document/15800-09-urban-industrial-target-list-part-i,C057,672 1610 DERBENT,DGZs=0; installations=3 (sub-complexes counted separately)
us_1956_sac_complexes,US (SAC),Bulgaria,1956,study,917,DERNYA BULG,,urban-industrial complex,1,917,,,43.2167,27.55,"SAC Atomic Weapons Requirements Study for 1959 (June 1956), Part I complex list (NSA EBB 538)",https://nsarchive.gwu.edu/document/15800-09-urban-industrial-target-list-part-i,C057,917 1613 DERNYA BULG,DGZs=0; installations=3 (sub-complexes counted separately)
us_1956_sac_complexes,US (SAC),East Germany,1956,study,166,DESSAU E GER,,urban-industrial complex,1,166,,,51.8333,12.25,"SAC Atomic Weapons Requirements Study for 1959 (June 1956), Part I complex list (NSA EBB 538)",https://nsarchive.gwu.edu/document/15800-09-urban-industrial-target-list-part-i,C057,166 1615 DESSAU E GER,DGZs=1; installations=12 (sub-complexes counted separately)
us_1956_sac_complexes,US (SAC),Romania,1956,study,322,DICIO SAN MARTIN RUM,,urban-industrial complex,1,322,,,46.35,24.2833,"SAC Atomic Weapons Requirements Study for 1959 (June 1956), Part I complex list (NSA EBB 538)",https://nsarchive.gwu.edu/document/15800-09-urban-industrial-target-list-part-i,C059,322 1635 DICIO SAN MARTIN RUM,DGZs=0; installations=10 (sub-complexes counted separately)
us_1956_sac_complexes,US (SAC),USSR,1956,study,1052,DIKSON ISLAND,,urban-industrial complex,1,1052,,,73.4833,80.3333,"SAC Atomic Weapons Requirements Study for 1959 (June 1956), Part I complex list (NSA EBB 538)",https://nsarchive.gwu.edu/document/15800-09-urban-industrial-target-list-part-i,C059,1052 1640 DIKSON ISLAND,DGZs=0; installations=2 (sub-complexes counted separately)
us_1956_sac_complexes,US (SAC),Bulgaria,1956,study,475,DIMITROVGRAD BULG,,urban-industrial complex,1,475,,,42.0667,25.5833,"SAC Atomic Weapons Requirements Study for 1959 (June 1956), Part I complex list (NSA EBB 538)",https://nsarchive.gwu.edu/document/15800-09-urban-industrial-target-list-part-i,C059,475 1645 DIMITROVGRAD BULG,DGZs=0; installations=7 (sub-complexes counted separately)
us_1956_sac_complexes,US (SAC),USSR,1956,study,874,DMITROV,,urban-industrial complex,1,874,,,56.35,37.5333,"SAC Atomic Weapons Requirements Study for 1959 (June 1956), Part I complex list (NSA EBB 538)",https://nsarchive.gwu.edu/document/15800-09-urban-industrial-target-list-part-i,C059,874 1670 DMITROV,DGZs=1; installations=4 (sub-complexes counted separately)
us_1956_sac_complexes,US (SAC),USSR,1956,study,33,DNEPRODZERZHINSK,,urban-industrial complex,1,33,,,48.5167,34.6333,"SAC Atomic Weapons Requirements Study for 1959 (June 1956), Part I complex list (NSA EBB 538)",https://nsarchive.gwu.edu/document/15800-09-urban-industrial-target-list-part-i,C060,33 1680 DNEPRODZERZHINSK,DGZs=2; installations=15 (sub-complexes counted separately)
us_1956_sac_complexes,US (SAC),USSR,1956,study,89,DNEPROPETROVSK,,urban-industrial complex,1,89,,,48.4667,35.0333,"SAC Atomic Weapons Requirements Study for 1959 (June 1956), Part I complex list (NSA EBB 538)",https://nsarchive.gwu.edu/document/15800-09-urban-industrial-target-list-part-i,C060,89 1690 DNEPROPETROVSK,DGZs=4; installations=34 (sub-complexes counted separately)
us_1956_sac_complexes,US (SAC),USSR,1956,study,462,DNO,,urban-industrial complex,1,462,,,57.8167,29.9833,"SAC Atomic Weapons Requirements Study for 1959 (June 1956), Part I complex list (NSA EBB 538)",https://nsarchive.gwu.edu/document/15800-09-urban-industrial-target-list-part-i,C061,462 1692 DNO,DGZs=1; installations=2 (sub-complexes counted separately)
us_1956_sac_complexes,US (SAC),Poland,1956,study,1155,DOBRE MIASTO POL,,urban-industrial complex,1,1155,,,53.9833,20.4,"SAC Atomic Weapons Requirements Study for 1959 (June 1956), Part I complex list (NSA EBB 538)",https://nsarchive.gwu.edu/document/15800-09-urban-industrial-target-list-part-i,C061,1155 16991 DOBRE MIASTO POL,DGZs=0; installations=2 (sub-complexes counted separately)
us_1956_sac_complexes,US (SAC),USSR,1956,study,966,DOBRYANKA,,urban-industrial complex,1,966,,,58.45,56.4167,"SAC Atomic Weapons Requirements Study for 1959 (June 1956), Part I complex list (NSA EBB 538)",https://nsarchive.gwu.edu/document/15800-09-urban-industrial-target-list-part-i,C061,966 1700 DOBRYANKA,DGZs=0; installations=2 (sub-complexes counted separately)
us_1956_sac_complexes,US (SAC),Czechoslovakia,1956,study,548,DOBSINA CZECH,,urban-industrial complex,1,548,,,48.8167,20.3667,"SAC Atomic Weapons Requirements Study for 1959 (June 1956), Part I complex list (NSA EBB 538)",https://nsarchive.gwu.edu/document/15800-09-urban-industrial-target-list-part-i,C061,548 1705 DOBSINA CZECH,DGZs=0; installations=2 (sub-complexes counted separately)
us_1956_sac_complexes,US (SAC),Romania,1956,study,456,DOICESTI RUM,,urban-industrial complex,1,456,,,45.0,25.4,"SAC Atomic Weapons Requirements Study for 1959 (June 1956), Part I complex list (NSA EBB 538)",https://nsarchive.gwu.edu/document/15800-09-urban-industrial-target-list-part-i,C061,456 1715 DOICESTI RUM,DGZs=1; installations=4 (sub-complexes counted separately)
us_1956_sac_complexes,US (SAC),USSR,1956,study,967,DOLINSKAYA,,urban-industrial complex,1,967,,,48.1167,32.7667,"SAC Atomic Weapons Requirements Study for 1959 (June 1956), Part I complex list (NSA EBB 538)",https://nsarchive.gwu.edu/document/15800-09-urban-industrial-target-list-part-i,C062,967 17225 DOLINSKAYA,DGZs=0; installations=2 (sub-complexes counted separately)
us_1956_sac_complexes,US (SAC),Romania,1956,study,744,DORNESTI RUM,,urban-industrial complex,1,744,,,47.8667,26.0,"SAC Atomic Weapons Requirements Study for 1959 (June 1956), Part I complex list (NSA EBB 538)",https://nsarchive.gwu.edu/document/15800-09-urban-industrial-target-list-part-i,C062,744 1760 DORNESTI RUM,DGZs=0; installations=2 (sub-complexes counted separately)
us_1956_sac_complexes,US (SAC),USSR,1956,study,1053,DORONINSKOYE,,urban-industrial complex,1,1053,,,51.1,112.2,"SAC Atomic Weapons Requirements Study for 1959 (June 1956), Part I complex list (NSA EBB 538)",https://nsarchive.gwu.edu/document/15800-09-urban-industrial-target-list-part-i,C062,1053 1770 DORONINSKOYE,DGZs=0; installations=3 (sub-complexes counted separately)
us_1956_sac_complexes,US (SAC),East Germany,1956,study,148,DRESDEN E GER,,urban-industrial complex,1,148,,,51.05,13.75,"SAC Atomic Weapons Requirements Study for 1959 (June 1956), Part I complex list (NSA EBB 538)",https://nsarchive.gwu.edu/document/15800-09-urban-industrial-target-list-part-i,C062,148 1775 DRESDEN E GER,DGZs=7; installations=46 (sub-complexes counted separately)
us_1956_sac_complexes,US (SAC),USSR,1956,study,1102,DRISSA,,urban-industrial complex,1,1102,,,55.7833,27.9333,"SAC Atomic Weapons Requirements Study for 1959 (June 1956), Part I complex list (NSA EBB 538)",https://nsarchive.gwu.edu/document/15800-09-urban-industrial-target-list-part-i,C064,1102 1779 DRISSA,DGZs=0; installations=2 (sub-complexes counted separately)
us_1956_sac_complexes,US (SAC),USSR,1956,study,116,DROGOBYCH,,urban-industrial complex,1,116,,,49.35,23.5,"SAC Atomic Weapons Requirements Study for 1959 (June 1956), Part I complex list (NSA EBB 538)",https://nsarchive.gwu.edu/document/15800-09-urban-industrial-target-list-part-i,C064,116 1780 DROGOBYCH,DGZs=2; installations=9 (sub-complexes counted separately)
us_1956_sac_complexes,US (SAC),Czechoslovakia,1956,study,188,DUBNICE NAD VAHOM CZECH,,urban-industrial complex,1,188,,,48.9667,18.1833,"SAC Atomic Weapons Requirements Study for 1959 (June 1956), Part I complex list (NSA EBB 538)",https://nsarchive.gwu.edu/document/15800-09-urban-industrial-target-list-part-i,C065,188 1805 DUBNICE NAD VAHOM CZECH,DGZs=1; installations=10 (sub-complexes counted separately)
us_1956_sac_complexes,US (SAC),USSR,1956,study,1055,DUBOSSARY,,urban-industrial complex,1,1055,,,47.2667,29.1333,"SAC Atomic Weapons Requirements Study for 1959 (June 1956), Part I complex list (NSA EBB 538)",https://nsarchive.gwu.edu/document/15800-09-urban-industrial-target-list-part-i,C066,1055 1812 DUBOSSARY,DGZs=0; installations=2 (sub-complexes counted separately)
us_1956_sac_complexes,US (SAC),USSR,1956,study,267,DUBROVKA,,urban-industrial complex,1,267,,,59.85,30.9167,"SAC Atomic Weapons Requirements Study for 1959 (June 1956), Part I complex list (NSA EBB 538)",https://nsarchive.gwu.edu/document/15800-09-urban-industrial-target-list-part-i,C066,267 1820 DUBROVKA,DGZs=1; installations=2 (sub-complexes counted separately)
us_1956_sac_complexes,US (SAC),USSR,1956,study,1103,DUDINKA,,urban-industrial complex,1,1103,,,69.4,86.1667,"SAC Atomic Weapons Requirements Study for 1959 (June 1956), Part I complex list (NSA EBB 538)",https://nsarchive.gwu.edu/document/15800-09-urban-industrial-target-list-part-i,C066,1103 1830 DUDINKA,DGZs=0; installations=3 (sub-complexes counted separately)
us_1956_sac_complexes,US (SAC),Hungary,1956,study,555,DUNAPENTELE HUNG,,urban-industrial complex,1,555,,,46.9667,18.9167,"SAC Atomic Weapons Requirements Study for 1959 (June 1956), Part I complex list (NSA EBB 538)",https://nsarchive.gwu.edu/document/15800-09-urban-industrial-target-list-part-i,C066,555 1835 DUNAPENTELE HUNG,DGZs=0; installations=5 (sub-complexes counted separately)
us_1956_sac_complexes,US (SAC),USSR,1956,study,208,DZAUDZHIKAU,,urban-industrial complex,1,208,,,43.0333,44.6667,"SAC Atomic Weapons Requirements Study for 1959 (June 1956), Part I complex list (NSA EBB 538)",https://nsarchive.gwu.edu/document/15800-09-urban-industrial-target-list-part-i,C066,208 1860 DZAUDZHIKAU,DGZs=1; installations=15 (sub-complexes counted separately)
us_1956_sac_complexes,US (SAC),USSR,1956,study,12,DZERZHINSK,,urban-industrial complex,1,12,,,56.25,43.4,"SAC Atomic Weapons Requirements Study for 1959 (June 1956), Part I complex list (NSA EBB 538)",https://nsarchive.gwu.edu/document/15800-09-urban-industrial-target-list-part-i,C067,12 1870 DZERZHINSK,DGZs=2; installations=22 (sub-complexes counted separately)
us_1956_sac_complexes,US (SAC),USSR,1956,study,394,DZHAMBUL,,urban-industrial complex,1,394,,,42.9,71.3833,"SAC Atomic Weapons Requirements Study for 1959 (June 1956), Part I complex list (NSA EBB 538)",https://nsarchive.gwu.edu/document/15800-09-urban-industrial-target-list-part-i,C067,394 1880 DZHAMBUL,DGZs=1; installations=4 (sub-complexes counted separately)
us_1956_sac_complexes,US (SAC),USSR,1956,study,697,DZHANKOY,,urban-industrial complex,1,697,,,45.7167,34.4167,"SAC Atomic Weapons Requirements Study for 1959 (June 1956), Part I complex list (NSA EBB 538)",https://nsarchive.gwu.edu/document/15800-09-urban-industrial-target-list-part-i,C067,697 1885 DZHANKOY,DGZs=1; installations=3 (sub-complexes counted separately)
us_1956_sac_complexes,US (SAC),USSR,1956,study,1156,DZHULFA,,urban-industrial complex,1,1156,,,38.95,45.6333,"SAC Atomic Weapons Requirements Study for 1959 (June 1956), Part I complex list (NSA EBB 538)",https://nsarchive.gwu.edu/document/15800-09-urban-industrial-target-list-part-i,C067,1156 1893 DZHULFA,DGZs=0; installations=3 (sub-complexes counted separately)
us_1956_sac_complexes,US (SAC),East Germany,1956,study,415,EBERSWALDE E GER,,urban-industrial complex,1,415,,,52.8333,13.8333,"SAC Atomic Weapons Requirements Study for 1959 (June 1956), Part I complex list (NSA EBB 538)",https://nsarchive.gwu.edu/document/15800-09-urban-industrial-target-list-part-i,C068,415 1935 EBERSWALDE E GER,DGZs=1; installations=14 (sub-complexes counted separately)
us_1956_sac_complexes,US (SAC),Hungary,1956,study,918,EGER HUNG,,urban-industrial complex,1,918,,,47.9,20.3833,"SAC Atomic Weapons Requirements Study for 1959 (June 1956), Part I complex list (NSA EBB 538)",https://nsarchive.gwu.edu/document/15800-09-urban-industrial-target-list-part-i,C068,918 1936 EGER HUNG,DGZs=0; installations=3 (sub-complexes counted separately)
us_1956_sac_complexes,US (SAC),East Germany,1956,study,263,EISENACH E GER,,urban-industrial complex,1,263,,,50.9833,10.3167,"SAC Atomic Weapons Requirements Study for 1959 (June 1956), Part I complex list (NSA EBB 538)",https://nsarchive.gwu.edu/document/15800-09-urban-industrial-target-list-part-i,C068,263 1945 EISENACH E GER,DGZs=0; installations=6 (sub-complexes counted separately)
us_1956_sac_complexes,US (SAC),East Germany,1956,study,268,EISLEBEN E GER,,urban-industrial complex,1,268,,,51.5333,11.55,"SAC Atomic Weapons Requirements Study for 1959 (June 1956), Part I complex list (NSA EBB 538)",https://nsarchive.gwu.edu/document/15800-09-urban-industrial-target-list-part-i,C069,268 1955 EISLEBEN E GER,DGZs=0; installations=3 (sub-complexes counted separately)
us_1956_sac_complexes,US (SAC),USSR,1956,study,919,EKIBASTUZUGOL,,urban-industrial complex,1,919,,,51.7,75.35,"SAC Atomic Weapons Requirements Study for 1959 (June 1956), Part I complex list (NSA EBB 538)",https://nsarchive.gwu.edu/document/15800-09-urban-industrial-target-list-part-i,C069,919 1962 EKIBASTUZUGOL,DGZs=0; installations=2 (sub-complexes counted separately)
us_1956_sac_complexes,US (SAC),Poland,1956,study,314,ELBLAG POL,,urban-industrial complex,1,314,,,54.1667,19.4167,"SAC Atomic Weapons Requirements Study for 1959 (June 1956), Part I complex list (NSA EBB 538)",https://nsarchive.gwu.edu/document/15800-09-urban-industrial-target-list-part-i,C069,314 1965 ELBLAG POL,DGZs=0; installations=8 (sub-complexes counted separately)
us_1956_sac_complexes,US (SAC),Bulgaria,1956,study,968,ELISEINA BULG,,urban-industrial complex,1,968,,,43.1,23.5,"SAC Atomic Weapons Requirements Study for 1959 (June 1956), Part I complex list (NSA EBB 538)",https://nsarchive.gwu.edu/document/15800-09-urban-industrial-target-list-part-i,C070,968 1985 ELISEINA BULG,DGZs=0; installations=2 (sub-complexes counted separately)
us_1956_sac_complexes,US (SAC),USSR,1956,study,417,ENSO,,urban-industrial complex,1,417,,,61.1,28.85,"SAC Atomic Weapons Requirements Study for 1959 (June 1956), Part I complex list (NSA EBB 538)",https://nsarchive.gwu.edu/document/15800-09-urban-industrial-target-list-part-i,C070,417 2000 ENSO,DGZs=1; installations=4 (sub-complexes counted separately)
us_1956_sac_complexes,US (SAC),East Germany,1956,study,151,ERFURT E GER,,urban-industrial complex,1,151,,,51.0,11.0333,"SAC Atomic Weapons Requirements Study for 1959 (June 1956), Part I complex list (NSA EBB 538)",https://nsarchive.gwu.edu/document/15800-09-urban-industrial-target-list-part-i,C070,151 2005 ERFURT E GER,DGZs=3; installations=10 (sub-complexes counted separately)
us_1956_sac_complexes,US (SAC),USSR,1956,study,797,ESUTORU,,urban-industrial complex,1,797,,,49.0833,142.05,"SAC Atomic Weapons Requirements Study for 1959 (June 1956), Part I complex list (NSA EBB 538)",https://nsarchive.gwu.edu/document/15800-09-urban-industrial-target-list-part-i,C071,797 2020 ESUTORU,DGZs=0; installations=3 (sub-complexes counted separately)
us_1956_sac_complexes,US (SAC),Hungary,1956,study,735,ESZTERGOM HUNG,,urban-industrial complex,1,735,,,47.7833,18.75,"SAC Atomic Weapons Requirements Study for 1959 (June 1956), Part I complex list (NSA EBB 538)",https://nsarchive.gwu.edu/document/15800-09-urban-industrial-target-list-part-i,C071,735 2025 ESZTERGOM HUNG,DGZs=0; installations=6 (sub-complexes counted separately)
us_1956_sac_complexes,US (SAC),Romania,1956,study,476,FAGARAS RUM,,urban-industrial complex,1,476,,,45.85,24.9833,"SAC Atomic Weapons Requirements Study for 1959 (June 1956), Part I complex list (NSA EBB 538)",https://nsarchive.gwu.edu/document/15800-09-urban-industrial-target-list-part-i,C071,476 2055 FAGARAS RUM,DGZs=0; installations=4 (sub-complexes counted separately)
us_1956_sac_complexes,US (SAC),Poland,1956,study,798,FALKENBURG POL,,urban-industrial complex,1,798,,,53.55,16.0,"SAC Atomic Weapons Requirements Study for 1959 (June 1956), Part I complex list (NSA EBB 538)",https://nsarchive.gwu.edu/document/15800-09-urban-industrial-target-list-part-i,C072,798 2060 FALKENBURG POL,DGZs=0; installations=2 (sub-complexes counted separately)
us_1956_sac_complexes,US (SAC),USSR,1956,study,331,FASTOV,,urban-industrial complex,1,331,,,50.0833,29.9167,"SAC Atomic Weapons Requirements Study for 1959 (June 1956), Part I complex list (NSA EBB 538)",https://nsarchive.gwu.edu/document/15800-09-urban-industrial-target-list-part-i,C072,331 2070 FASTOV,DGZs=1; installations=4 (sub-complexes counted separately)
us_1956_sac_complexes,US (SAC),USSR,1956,study,350,FEODOSIYA,,urban-industrial complex,1,350,,,45.0667,35.3833,"SAC Atomic Weapons Requirements Study for 1959 (June 1956), Part I complex list (NSA EBB 538)",https://nsarchive.gwu.edu/document/15800-09-urban-industrial-target-list-part-i,C072,350 2080 FEODOSIYA,DGZs=2; installations=10 (sub-complexes counted separately)
us_1956_sac_complexes,US (SAC),Romania,1956,study,556,FERDINAND RUM,,urban-industrial complex,1,556,,,45.5167,22.4667,"SAC Atomic Weapons Requirements Study for 1959 (June 1956), Part I complex list (NSA EBB 538)",https://nsarchive.gwu.edu/document/15800-09-urban-industrial-target-list-part-i,C072,556 2095 FERDINAND RUM,DGZs=0; installations=2 (sub-complexes counted separately)
us_1956_sac_complexes,US (SAC),USSR,1956,study,98,FERGANA,,urban-industrial complex,1,98,,,40.3833,71.7667,"SAC Atomic Weapons Requirements Study for 1959 (June 1956), Part I complex list (NSA EBB 538)",https://nsarchive.gwu.edu/document/15800-09-urban-industrial-target-list-part-i,C072,98 2100 FERGANA,DGZs=1; installations=2 (sub-complexes counted separately)
us_1956_sac_complexes,US (SAC),Romania,1956,study,533,FOCSANI RUM,,urban-industrial complex,1,533,,,45.7,27.2,"SAC Atomic Weapons Requirements Study for 1959 (June 1956), Part I complex list (NSA EBB 538)",https://nsarchive.gwu.edu/document/15800-09-urban-industrial-target-list-part-i,C073,533 21292 FOCSANI RUM,DGZs=0; installations=2 (sub-complexes counted separately)
us_1956_sac_complexes,US (SAC),China,1956,study,128,FOO CHOW CHINA,,urban-industrial complex,1,128,,,26.0833,119.3,"SAC Atomic Weapons Requirements Study for 1959 (June 1956), Part I complex list (NSA EBB 538)",https://nsarchive.gwu.edu/document/15800-09-urban-industrial-target-list-part-i,C073,128 2131 FOO CHOW CHINA,DGZs=0; installations=10 (sub-complexes counted separately)
us_1956_sac_complexes,US (SAC),China,1956,study,673,FOU HSIN CHINA,,urban-industrial complex,1,673,,,42.1,121.7,"SAC Atomic Weapons Requirements Study for 1959 (June 1956), Part I complex list (NSA EBB 538)",https://nsarchive.gwu.edu/document/15800-09-urban-industrial-target-list-part-i,C073,673 2135 FOU HSIN CHINA,DGZs=0; installations=2 (sub-complexes counted separately)
us_1956_sac_complexes,US (SAC),East Germany,1956,study,245,FRANKFURT E GER,,urban-industrial complex,1,245,,,52.35,14.55,"SAC Atomic Weapons Requirements Study for 1959 (June 1956), Part I complex list (NSA EBB 538)",https://nsarchive.gwu.edu/document/15800-09-urban-industrial-target-list-part-i,C073,245 2145 FRANKFURT E GER,DGZs=0; installations=10 (sub-complexes counted separately)
us_1956_sac_complexes,US (SAC),East Germany,1956,study,426,FREIBERG E GER,,urban-industrial complex,1,426,,,50.9167,13.3667,"SAC Atomic Weapons Requirements Study for 1959 (June 1956), Part I complex list (NSA EBB 538)",https://nsarchive.gwu.edu/document/15800-09-urban-industrial-target-list-part-i,C074,426 2175 FREIBERG E GER,DGZs=0; installations=6 (sub-complexes counted separately)
us_1956_sac_complexes,US (SAC),USSR,1956,study,362,FRUNZE,,urban-industrial complex,1,362,,,42.8833,74.5833,"SAC Atomic Weapons Requirements Study for 1959 (June 1956), Part I complex list (NSA EBB 538)",https://nsarchive.gwu.edu/document/15800-09-urban-industrial-target-list-part-i,C074,362 2190 FRUNZE,DGZs=2; installations=6 (sub-complexes counted separately)
us_1956_sac_complexes,US (SAC),China,1956,study,832,FU HSIEN CHINA,,urban-industrial complex,1,832,,,39.6333,122.0,"SAC Atomic Weapons Requirements Study for 1959 (June 1956), Part I complex list (NSA EBB 538)",https://nsarchive.gwu.edu/document/15800-09-urban-industrial-target-list-part-i,C074,832 2207 FU HSIEN CHINA,DGZs=0; installations=2 (sub-complexes counted separately)
us_1956_sac_complexes,US (SAC),East Germany,1956,study,418,FURSTENWALDE E GER,,urban-industrial complex,1,418,,,52.3667,14.0667,"SAC Atomic Weapons Requirements Study for 1959 (June 1956), Part I complex list (NSA EBB 538)",https://nsarchive.gwu.edu/document/15800-09-urban-industrial-target-list-part-i,C074,418 2211 FURSTENWALDE E GER,DGZs=0; installations=5 (sub-complexes counted separately)
us_1956_sac_complexes,US (SAC),USSR,1956,study,831,FURUKAMAPPU,,urban-industrial complex,1,831,,,44.0333,145.85,"SAC Atomic Weapons Requirements Study for 1959 (June 1956), Part I complex list (NSA EBB 538)",https://nsarchive.gwu.edu/document/15800-09-urban-industrial-target-list-part-i,C075,831 2212 FURUKAMAPPU,DGZs=1; installations=3 (sub-complexes counted separately)
us_1956_sac_complexes,US (SAC),North Korea,1956,study,490,FUSEN KO N KOREA,,urban-industrial complex,1,490,,,40.35,127.5667,"SAC Atomic Weapons Requirements Study for 1959 (June 1956), Part I complex list (NSA EBB 538)",https://nsarchive.gwu.edu/document/15800-09-urban-industrial-target-list-part-i,C075,490 2213 FUSEN KO N KOREA,DGZs=0; installations=5 (sub-complexes counted separately)
us_1956_sac_complexes,US (SAC),China (Manchuria),1956,study,87,FU SHUN MANCH,,urban-industrial complex,1,87,,,41.8667,123.8833,"SAC Atomic Weapons Requirements Study for 1959 (June 1956), Part I complex list (NSA EBB 538)",https://nsarchive.gwu.edu/document/15800-09-urban-industrial-target-list-part-i,C075,87 22133 FU SHUN MANCH,DGZs=3; installations=25 (sub-complexes counted separately)
us_1956_sac_complexes,US (SAC),Romania,1956,study,206,GALATI RUM,,urban-industrial complex,1,206,,,45.45,28.05,"SAC Atomic Weapons Requirements Study for 1959 (June 1956), Part I complex list (NSA EBB 538)",https://nsarchive.gwu.edu/document/15800-09-urban-industrial-target-list-part-i,C076,206 2245 GALATI RUM,DGZs=1; installations=11 (sub-complexes counted separately)
us_1956_sac_complexes,US (SAC),USSR,1956,study,388,GATCHINA,,urban-industrial complex,1,388,,,59.5833,30.1333,"SAC Atomic Weapons Requirements Study for 1959 (June 1956), Part I complex list (NSA EBB 538)",https://nsarchive.gwu.edu/document/15800-09-urban-industrial-target-list-part-i,C076,388 22495 GATCHINA,DGZs=1; installations=4 (sub-complexes counted separately)
us_1956_sac_complexes,US (SAC),USSR,1956,study,1056,GAURDAK,,urban-industrial complex,1,1056,,,37.7833,66.1,"SAC Atomic Weapons Requirements Study for 1959 (June 1956), Part I complex list (NSA EBB 538)",https://nsarchive.gwu.edu/document/15800-09-urban-industrial-target-list-part-i,C076,1056 2250 GAURDAK,DGZs=0; installations=2 (sub-complexes counted separately)
us_1956_sac_complexes,US (SAC),Poland,1956,study,147,GDANSK POL,,urban-industrial complex,1,147,,,54.3667,18.6333,"SAC Atomic Weapons Requirements Study for 1959 (June 1956), Part I complex list (NSA EBB 538)",https://nsarchive.gwu.edu/document/15800-09-urban-industrial-target-list-part-i,C076,147 2255 GDANSK POL,DGZs=4; installations=27 (sub-complexes counted separately)
us_1956_sac_complexes,US (SAC),East Germany,1956,study,158,GERA E GER,,urban-industrial complex,1,158,,,50.8667,12.0833,"SAC Atomic Weapons Requirements Study for 1959 (June 1956), Part I complex list (NSA EBB 538)",https://nsarchive.gwu.edu/document/15800-09-urban-industrial-target-list-part-i,C077,158 2275 GERA E GER,DGZs=4; installations=8 (sub-complexes counted separately)
us_1956_sac_complexes,US (SAC),Romania,1956,study,413,GIURGIU RUM,,urban-industrial complex,1,413,,,43.8833,25.95,"SAC Atomic Weapons Requirements Study for 1959 (June 1956), Part I complex list (NSA EBB 538)",https://nsarchive.gwu.edu/document/15800-09-urban-industrial-target-list-part-i,C078,413 2285 GIURGIU RUM,DGZs=1; installations=13 (sub-complexes counted separately)
us_1956_sac_complexes,US (SAC),Poland,1956,study,1157,GIZYCKO POL,,urban-industrial complex,1,1157,,,54.0833,21.8,"SAC Atomic Weapons Requirements Study for 1959 (June 1956), Part I complex list (NSA EBB 538)",https://nsarchive.gwu.edu/document/15800-09-urban-industrial-target-list-part-i,C079,1157 2291 GIZYCKO POL,DGZs=0; installations=2 (sub-complexes counted separately)
us_1956_sac_complexes,US (SAC),Poland,1956,study,848,GLATZ POL,,urban-industrial complex,1,848,,,50.45,16.6667,"SAC Atomic Weapons Requirements Study for 1959 (June 1956), Part I complex list (NSA EBB 538)",https://nsarchive.gwu.edu/document/15800-09-urban-industrial-target-list-part-i,C079,848 2305 GLATZ POL,DGZs=0; installations=2 (sub-complexes counted separately)
us_1956_sac_complexes,US (SAC),USSR,1956,study,94,GLAZOV,,urban-industrial complex,1,94,,,58.1333,52.6667,"SAC Atomic Weapons Requirements Study for 1959 (June 1956), Part I complex list (NSA EBB 538)",https://nsarchive.gwu.edu/document/15800-09-urban-industrial-target-list-part-i,C079,94 2310 GLAZOV,DGZs=1; installations=3 (sub-complexes counted separately)
us_1956_sac_complexes,US (SAC),Poland,1956,study,154,GLIWICE-SOSNOWIEC POL,,urban-industrial complex,1,154,,,50.3,19.0,"SAC Atomic Weapons Requirements Study for 1959 (June 1956), Part I complex list (NSA EBB 538)",https://nsarchive.gwu.edu/document/15800-09-urban-industrial-target-list-part-i,C079,154 2315 GLIWICE-SOSNOWIEC POL,DGZs=0; installations=0 (sub-complexes counted separately)
us_1956_sac_complexes,US (SAC),Poland,1956,study,1158,GLOGAU POL,,urban-industrial complex,1,1158,,,51.6667,16.1,"SAC Atomic Weapons Requirements Study for 1959 (June 1956), Part I complex list (NSA EBB 538)",https://nsarchive.gwu.edu/document/15800-09-urban-industrial-target-list-part-i,C085,1158 2318 GLOGAU POL,DGZs=0; installations=4 (sub-complexes counted separately)
us_1956_sac_complexes,US (SAC),Poland,1956,study,504,GNIEZNO POL,,urban-industrial complex,1,504,,,52.5333,17.6,"SAC Atomic Weapons Requirements Study for 1959 (June 1956), Part I complex list (NSA EBB 538)",https://nsarchive.gwu.edu/document/15800-09-urban-industrial-target-list-part-i,C085,504 2324 GNIEZNO POL,DGZs=0; installations=2 (sub-complexes counted separately)
us_1956_sac_complexes,US (SAC),USSR,1956,study,1159,GOLENKI,,urban-industrial complex,1,1159,,,44.05,131.7667,"SAC Atomic Weapons Requirements Study for 1959 (June 1956), Part I complex list (NSA EBB 538)",https://nsarchive.gwu.edu/document/15800-09-urban-industrial-target-list-part-i,C085,1159 2337 GOLENKI,DGZs=0; installations=2 (sub-complexes counted separately)
us_1956_sac_complexes,US (SAC),USSR,1956,study,230,GOMEL,,urban-industrial complex,1,230,,,52.4167,31.0,"SAC Atomic Weapons Requirements Study for 1959 (June 1956), Part I complex list (NSA EBB 538)",https://nsarchive.gwu.edu/document/15800-09-urban-industrial-target-list-part-i,C085,230 2350 GOMEL,DGZs=2; installations=16 (sub-complexes counted separately)
us_1956_sac_complexes,US (SAC),USSR,1956,study,549,GORBACHEVO,,urban-industrial complex,1,549,,,53.6,37.1333,"SAC Atomic Weapons Requirements Study for 1959 (June 1956), Part I complex list (NSA EBB 538)",https://nsarchive.gwu.edu/document/15800-09-urban-industrial-target-list-part-i,C085,549 2355 GORBACHEVO,DGZs=0; installations=2 (sub-complexes counted separately)
us_1956_sac_complexes,US (SAC),USSR,1956,study,1023,GORI,,urban-industrial complex,1,1023,,,42.0,44.1167,"SAC Atomic Weapons Requirements Study for 1959 (June 1956), Part I complex list (NSA EBB 538)",https://nsarchive.gwu.edu/document/15800-09-urban-industrial-target-list-part-i,C086,1023 2359 GORI,DGZs=0; installations=2 (sub-complexes counted separately)
us_1956_sac_complexes,US (SAC),USSR,1956,study,26,GORKIY,,urban-industrial complex,1,26,,,56.3167,44.0,"SAC Atomic Weapons Requirements Study for 1959 (June 1956), Part I complex list (NSA EBB 538)",https://nsarchive.gwu.edu/document/15800-09-urban-industrial-target-list-part-i,C086,26 2360 GORKIY,DGZs=3; installations=46 (sub-complexes counted separately)
us_1956_sac_complexes,US (SAC),Poland,1956,study,470,GORLICE POL,,urban-industrial complex,1,470,,,49.6667,21.1667,"SAC Atomic Weapons Requirements Study for 1959 (June 1956), Part I complex list (NSA EBB 538)",https://nsarchive.gwu.edu/document/15800-09-urban-industrial-target-list-part-i,C087,470 2365 GORLICE POL,DGZs=1; installations=3 (sub-complexes counted separately)
us_1956_sac_complexes,US (SAC),East Germany,1956,study,207,GORLITZ E GER,,urban-industrial complex,1,207,,,51.1667,15.0,"SAC Atomic Weapons Requirements Study for 1959 (June 1956), Part I complex list (NSA EBB 538)",https://nsarchive.gwu.edu/document/15800-09-urban-industrial-target-list-part-i,C087,207 2370 GORLITZ E GER,DGZs=1; installations=7 (sub-complexes counted separately)
us_1956_sac_complexes,US (SAC),USSR,1956,study,66,GORLOVKA,,urban-industrial complex,1,66,,,48.3,38.05,"SAC Atomic Weapons Requirements Study for 1959 (June 1956), Part I complex list (NSA EBB 538)",https://nsarchive.gwu.edu/document/15800-09-urban-industrial-target-list-part-i,C088,66 2380 GORLOVKA,DGZs=3; installations=11 (sub-complexes counted separately)
us_1956_sac_complexes,US (SAC),Bulgaria,1956,study,1057,GORNA DZHUMAYA BULG,,urban-industrial complex,1,1057,,,42.0,23.1167,"SAC Atomic Weapons Requirements Study for 1959 (June 1956), Part I complex list (NSA EBB 538)",https://nsarchive.gwu.edu/document/15800-09-urban-industrial-target-list-part-i,C088,1057 23804 GORNA DZHUMAYA BULG,DGZs=0; installations=4 (sub-complexes counted separately)
us_1956_sac_complexes,US (SAC),USSR,1956,study,1104,GORODNYA,,urban-industrial complex,1,1104,,,51.9,31.6,"SAC Atomic Weapons Requirements Study for 1959 (June 1956), Part I complex list (NSA EBB 538)",https://nsarchive.gwu.edu/document/15800-09-urban-industrial-target-list-part-i,C089,1104 23813 GORODNYA,DGZs=0; installations=2 (sub-complexes counted separately)
us_1956_sac_complexes,US (SAC),East Germany,1956,study,799,GOTHA E GER,,urban-industrial complex,1,799,,,50.9667,10.7333,"SAC Atomic Weapons Requirements Study for 1959 (June 1956), Part I complex list (NSA EBB 538)",https://nsarchive.gwu.edu/document/15800-09-urban-industrial-target-list-part-i,C089,799 2385 GOTHA E GER,DGZs=0; installations=7 (sub-complexes counted separately)
us_1956_sac_complexes,US (SAC),USSR,1956,study,787,GREBENKA,,urban-industrial complex,1,787,,,50.1167,32.4333,"SAC Atomic Weapons Requirements Study for 1959 (June 1956), Part I complex list (NSA EBB 538)",https://nsarchive.gwu.edu/document/15800-09-urban-industrial-target-list-part-i,C089,787 2403 GREBENKA,DGZs=2; installations=3 (sub-complexes counted separately)
us_1956_sac_complexes,US (SAC),Poland,1956,study,1058,GREIFENBERG POL,,urban-industrial complex,1,1058,,,51.0333,15.4167,"SAC Atomic Weapons Requirements Study for 1959 (June 1956), Part I complex list (NSA EBB 538)",https://nsarchive.gwu.edu/document/15800-09-urban-industrial-target-list-part-i,C089,1058 2404 GREIFENBERG POL,DGZs=0; installations=2 (sub-complexes counted separately)
us_1956_sac_complexes,US (SAC),East Germany,1956,study,800,GREIFSWALD E GER,,urban-industrial complex,1,800,,,54.0833,13.3667,"SAC Atomic Weapons Requirements Study for 1959 (June 1956), Part I complex list (NSA EBB 538)",https://nsarchive.gwu.edu/document/15800-09-urban-industrial-target-list-part-i,C089,800 24055 GREIFSWALD E GER,DGZs=0; installations=3 (sub-complexes counted separately)
us_1956_sac_complexes,US (SAC),USSR,1956,study,332,GRODNO,,urban-industrial complex,1,332,,,53.6667,23.85,"SAC Atomic Weapons Requirements Study for 1959 (June 1956), Part I complex list (NSA EBB 538)",https://nsarchive.gwu.edu/document/15800-09-urban-industrial-target-list-part-i,C089,332 2410 GRODNO,DGZs=1; installations=5 (sub-complexes counted separately)
us_1956_sac_complexes,US (SAC),Poland,1956,study,447,GRODZISK MAZOWIECKI POL,,urban-industrial complex,1,447,,,52.1167,20.6333,"SAC Atomic Weapons Requirements Study for 1959 (June 1956), Part I complex list (NSA EBB 538)",https://nsarchive.gwu.edu/document/15800-09-urban-industrial-target-list-part-i,C090,447 2415 GRODZISK MAZOWIECKI POL,DGZs=0; installations=2 (sub-complexes counted separately)
us_1956_sac_complexes,US (SAC),USSR,1956,study,24,GROZNYY,,urban-industrial complex,1,24,,,43.3167,45.6833,"SAC Atomic Weapons Requirements Study for 1959 (June 1956), Part I complex list (NSA EBB 538)",https://nsarchive.gwu.edu/document/15800-09-urban-industrial-target-list-part-i,C090,24 2450 GROZNYY,DGZs=2; installations=11 (sub-complexes counted separately)
us_1956_sac_complexes,US (SAC),Poland,1956,study,849,GRUDZIADZ POL,,urban-industrial complex,1,849,,,53.4833,18.7667,"SAC Atomic Weapons Requirements Study for 1959 (June 1956), Part I complex list (NSA EBB 538)",https://nsarchive.gwu.edu/document/15800-09-urban-industrial-target-list-part-i,C090,849 2455 GRUDZIADZ POL,DGZs=0; installations=7 (sub-complexes counted separately)
us_1956_sac_complexes,US (SAC),Poland,1956,study,875,GRUNBERG POL,,urban-industrial complex,1,875,,,51.95,15.5,"SAC Atomic Weapons Requirements Study for 1959 (June 1956), Part I complex list (NSA EBB 538)",https://nsarchive.gwu.edu/document/15800-09-urban-industrial-target-list-part-i,C090,875 24555 GRUNBERG POL,DGZs=0; installations=2 (sub-complexes counted separately)
us_1956_sac_complexes,US (SAC),USSR,1956,study,266,GUBAKHA,,urban-industrial complex,1,266,,,58.8667,57.5833,"SAC Atomic Weapons Requirements Study for 1959 (June 1956), Part I complex list (NSA EBB 538)",https://nsarchive.gwu.edu/document/15800-09-urban-industrial-target-list-part-i,C090,266 2460 GUBAKHA,DGZs=1; installations=3 (sub-complexes counted separately)
us_1956_sac_complexes,US (SAC),East Germany,1956,study,378,GUBEN E GER,,urban-industrial complex,1,378,,,51.95,14.7167,"SAC Atomic Weapons Requirements Study for 1959 (June 1956), Part I complex list (NSA EBB 538)",https://nsarchive.gwu.edu/document/15800-09-urban-industrial-target-list-part-i,C091,378 2462 GUBEN E GER,DGZs=0; installations=7 (sub-complexes counted separately)
us_1956_sac_complexes,US (SAC),USSR,1956,study,557,GUDERMES,,urban-industrial complex,1,557,,,43.3333,46.1167,"SAC Atomic Weapons Requirements Study for 1959 (June 1956), Part I complex list (NSA EBB 538)",https://nsarchive.gwu.edu/document/15800-09-urban-industrial-target-list-part-i,C091,557 2470 GUDERMES,DGZs=0; installations=3 (sub-complexes counted separately)
us_1956_sac_complexes,US (SAC),USSR,1956,study,130,GURYEV,,urban-industrial complex,1,130,,,47.1167,51.9167,"SAC Atomic Weapons Requirements Study for 1959 (June 1956), Part I complex list (NSA EBB 538)",https://nsarchive.gwu.edu/document/15800-09-urban-industrial-target-list-part-i,C091,130 2480 GURYEV,DGZs=2; installations=6 (sub-complexes counted separately)
us_1956_sac_complexes,US (SAC),Poland,1956,study,1044,GUSEV POL,,urban-industrial complex,1,1044,,,54.05,22.5,"SAC Atomic Weapons Requirements Study for 1959 (June 1956), Part I complex list (NSA EBB 538)",https://nsarchive.gwu.edu/document/15800-09-urban-industrial-target-list-part-i,C091,1044 24923 GUSEV POL,DGZs=0; installations=2 (sub-complexes counted separately)
us_1956_sac_complexes,US (SAC),East Germany,1956,study,969,GUSTROW E GER,,urban-industrial complex,1,969,,,53.8,12.1667,"SAC Atomic Weapons Requirements Study for 1959 (June 1956), Part I complex list (NSA EBB 538)",https://nsarchive.gwu.edu/document/15800-09-urban-industrial-target-list-part-i,C091,969 2493 GUSTROW E GER,DGZs=0; installations=3 (sub-complexes counted separately)
us_1956_sac_complexes,US (SAC),Hungary,1956,study,271,GYOR HUNG,,urban-industrial complex,1,271,,,47.6833,17.6333,"SAC Atomic Weapons Requirements Study for 1959 (June 1956), Part I complex list (NSA EBB 538)",https://nsarchive.gwu.edu/document/15800-09-urban-industrial-target-list-part-i,C091,271 2495 GYOR HUNG,DGZs=1; installations=15 (sub-complexes counted separately)
us_1956_sac_complexes,US (SAC),North Vietnam,1956,study,1059,HAI DUONG N VIETNAM,,urban-industrial complex,1,1059,,,20.9333,106.3167,"SAC Atomic Weapons Requirements Study for 1959 (June 1956), Part I complex list (NSA EBB 538)",https://nsarchive.gwu.edu/document/15800-09-urban-industrial-target-list-part-i,C092,1059 25285 HAI DUONG N VIETNAM,DGZs=0; installations=2 (sub-complexes counted separately)
us_1956_sac_complexes,US (SAC),China,1956,study,908,HAI KOU CHINA,,urban-industrial complex,1,908,,,20.05,110.3167,"SAC Atomic Weapons Requirements Study for 1959 (June 1956), Part I complex list (NSA EBB 538)",https://nsarchive.gwu.edu/document/15800-09-urban-industrial-target-list-part-i,C092,908 2529 HAI KOU CHINA,DGZs=0; installations=3 (sub-complexes counted separately)
us_1956_sac_complexes,US (SAC),China (Manchuria),1956,study,567,HAI LA ERH MANCH,,urban-industrial complex,1,567,,,49.2167,119.7333,"SAC Atomic Weapons Requirements Study for 1959 (June 1956), Part I complex list (NSA EBB 538)",https://nsarchive.gwu.edu/document/15800-09-urban-industrial-target-list-part-i,C092,567 2530 HAI LA ERH MANCH,DGZs=1; installations=5 (sub-complexes counted separately)
us_1956_sac_complexes,US (SAC),North Vietnam,1956,study,1060,HAIPHONG N VIETNAM,,urban-industrial complex,1,1060,,,20.8667,106.6833,"SAC Atomic Weapons Requirements Study for 1959 (June 1956), Part I complex list (NSA EBB 538)",https://nsarchive.gwu.edu/document/15800-09-urban-industrial-target-list-part-i,C092,1060 2537 HAIPHONG N VIETNAM,DGZs=0; installations=13 (sub-complexes counted separately)
us_1956_sac_complexes,US (SAC),East Germany,1956,study,150,HALLE-MERSEBURG E GER,,urban-industrial complex,1,150,,,51.5,12.0,"SAC Atomic Weapons Requirements Study for 1959 (June 1956), Part I complex list (NSA EBB 538)",https://nsarchive.gwu.edu/document/15800-09-urban-industrial-target-list-part-i,C092,150 2565 HALLE-MERSEBURG E GER,DGZs=0; installations=0 (sub-complexes counted separately)
us_1956_sac_complexes,US (SAC),China,1956,study,84,HANG CHOW CHINA,,urban-industrial complex,1,84,,,30.25,120.1667,"SAC Atomic Weapons Requirements Study for 1959 (June 1956), Part I complex list (NSA EBB 538)",https://nsarchive.gwu.edu/document/15800-09-urban-industrial-target-list-part-i,C094,84 2579 HANG CHOW CHINA,DGZs=2; installations=13 (sub-complexes counted separately)
us_1956_sac_complexes,US (SAC),China,1956,study,47,HAN KOW CHINA,,urban-industrial complex,1,47,,,30.5667,114.2667,"SAC Atomic Weapons Requirements Study for 1959 (June 1956), Part I complex list (NSA EBB 538)",https://nsarchive.gwu.edu/document/15800-09-urban-industrial-target-list-part-i,C095,47 2585 HAN KOW CHINA,DGZs=2; installations=19 (sub-complexes counted separately)
us_1956_sac_complexes,US (SAC),North Vietnam,1956,study,608,HANOI N VIETNAM,,urban-industrial complex,1,608,,,21.0333,105.8,"SAC Atomic Weapons Requirements Study for 1959 (June 1956), Part I complex list (NSA EBB 538)",https://nsarchive.gwu.edu/document/15800-09-urban-industrial-target-list-part-i,C095,608 2590 HANOI N VIETNAM,DGZs=0; installations=9 (sub-complexes counted separately)
us_1956_sac_complexes,US (SAC),China (Manchuria),1956,study,132,HARBIN MANCH,,urban-industrial complex,1,132,,,45.75,126.65,"SAC Atomic Weapons Requirements Study for 1959 (June 1956), Part I complex list (NSA EBB 538)",https://nsarchive.gwu.edu/document/15800-09-urban-industrial-target-list-part-i,C095,132 2611 HARBIN MANCH,DGZs=3; installations=21 (sub-complexes counted separately)
us_1956_sac_complexes,US (SAC),Czechoslovakia,1956,study,575,HAVLICKUV BROD CZECH,,urban-industrial complex,1,575,,,49.6,15.5833,"SAC Atomic Weapons Requirements Study for 1959 (June 1956), Part I complex list (NSA EBB 538)",https://nsarchive.gwu.edu/document/15800-09-urban-industrial-target-list-part-i,C096,575 26145 HAVLICKUV BROD CZECH,DGZs=0; installations=3 (sub-complexes counted separately)
us_1956_sac_complexes,US (SAC),China (Manchuria),1956,study,566,HEI HO MANCH,,urban-industrial complex,1,566,,,50.2667,127.4667,"SAC Atomic Weapons Requirements Study for 1959 (June 1956), Part I complex list (NSA EBB 538)",https://nsarchive.gwu.edu/document/15800-09-urban-industrial-target-list-part-i,C096,566 2618 HEI HO MANCH,DGZs=0; installations=2 (sub-complexes counted separately)
us_1956_sac_complexes,US (SAC),East Germany,1956,study,505,HELMSTEDT E GER,,urban-industrial complex,1,505,,,52.2333,11.0,"SAC Atomic Weapons Requirements Study for 1959 (June 1956), Part I complex list (NSA EBB 538)",https://nsarchive.gwu.edu/document/15800-09-urban-industrial-target-list-part-i,C096,505 2625 HELMSTEDT E GER,DGZs=0; installations=2 (sub-complexes counted separately)
us_1956_sac_complexes,US (SAC),China,1956,study,459,HENG YANG CHINA,,urban-industrial complex,1,459,,,26.8833,112.6167,"SAC Atomic Weapons Requirements Study for 1959 (June 1956), Part I complex list (NSA EBB 538)",https://nsarchive.gwu.edu/document/15800-09-urban-industrial-target-list-part-i,C096,459 2630 HENG YANG CHINA,DGZs=0; installations=5 (sub-complexes counted separately)
us_1956_sac_complexes,US (SAC),Poland,1956,study,340,HERBY POL,,urban-industrial complex,1,340,,,50.75,18.8667,"SAC Atomic Weapons Requirements Study for 1959 (June 1956), Part I complex list (NSA EBB 538)",https://nsarchive.gwu.edu/document/15800-09-urban-industrial-target-list-part-i,C097,340 2640 HERBY POL,DGZs=0; installations=3 (sub-complexes counted separately)
us_1956_sac_complexes,US (SAC),Poland,1956,study,736,HIRSCHBERG POL,,urban-industrial complex,1,736,,,50.9,15.7667,"SAC Atomic Weapons Requirements Study for 1959 (June 1956), Part I complex list (NSA EBB 538)",https://nsarchive.gwu.edu/document/15800-09-urban-industrial-target-list-part-i,C097,736 2681 HIRSCHBERG POL,DGZs=0; installations=4 (sub-complexes counted separately)
us_1956_sac_complexes,US (SAC),North Korea,1956,study,1160,HOERYONG N KOREA,,urban-industrial complex,1,1160,,,42.4167,129.75,"SAC Atomic Weapons Requirements Study for 1959 (June 1956), Part I complex list (NSA EBB 538)",https://nsarchive.gwu.edu/document/15800-09-urban-industrial-target-list-part-i,C097,1160 2721 HOERYONG N KOREA,DGZs=0; installations=2 (sub-complexes counted separately)
us_1956_sac_complexes,US (SAC),China,1956,study,484,HO FEI CHINA,,urban-industrial complex,1,484,,,31.85,117.2833,"SAC Atomic Weapons Requirements Study for 1959 (June 1956), Part I complex list (NSA EBB 538)",https://nsarchive.gwu.edu/document/15800-09-urban-industrial-target-list-part-i,C097,484 2722 HO FEI CHINA,DGZs=1; installations=2 (sub-complexes counted separately)
us_1956_sac_complexes,US (SAC),China (Manchuria),1956,study,708,HO LUNG MANCH,,urban-industrial complex,1,708,,,42.6333,129.5333,"SAC Atomic Weapons Requirements Study for 1959 (June 1956), Part I complex list (NSA EBB 538)",https://nsarchive.gwu.edu/document/15800-09-urban-industrial-target-list-part-i,C097,708 2725 HO LUNG MANCH,DGZs=1; installations=2 (sub-complexes counted separately)
us_1956_sac_complexes,US (SAC),North Vietnam,1956,study,1161,HON GAY N VIETNAM,,urban-industrial complex,1,1161,,,20.95,107.0667,"SAC Atomic Weapons Requirements Study for 1959 (June 1956), Part I complex list (NSA EBB 538)",https://nsarchive.gwu.edu/document/15800-09-urban-industrial-target-list-part-i,C097,1161 2738 HON GAY N VIETNAM,DGZs=0; installations=2 (sub-complexes counted separately)
us_1956_sac_complexes,US (SAC),East Germany,1956,study,801,HOYERSWERDA E GER,,urban-industrial complex,1,801,,,51.4333,14.25,"SAC Atomic Weapons Requirements Study for 1959 (June 1956), Part I complex list (NSA EBB 538)",https://nsarchive.gwu.edu/document/15800-09-urban-industrial-target-list-part-i,C097,801 2745 HOYERSWERDA E GER,DGZs=0; installations=3 (sub-complexes counted separately)
us_1956_sac_complexes,US (SAC),Czechoslovakia,1956,study,1061,HRANICE CZECH,,urban-industrial complex,1,1061,,,49.55,17.7167,"SAC Atomic Weapons Requirements Study for 1959 (June 1956), Part I complex list (NSA EBB 538)",https://nsarchive.gwu.edu/document/15800-09-urban-industrial-target-list-part-i,C097,1061 2770 HRANICE CZECH,DGZs=0; installations=4 (sub-complexes counted separately)
us_1956_sac_complexes,US (SAC),Poland,1956,study,1062,HRUBIESZOW POL,,urban-industrial complex,1,1062,,,50.8167,23.8833,"SAC Atomic Weapons Requirements Study for 1959 (June 1956), Part I complex list (NSA EBB 538)",https://nsarchive.gwu.edu/document/15800-09-urban-industrial-target-list-part-i,C097,1062 2772 HRUBIESZOW POL,DGZs=0; installations=2 (sub-complexes counted separately)
us_1956_sac_complexes,US (SAC),China,1956,study,119,HSIAN CHINA,,urban-industrial complex,1,119,,,34.2667,108.9,"SAC Atomic Weapons Requirements Study for 1959 (June 1956), Part I complex list (NSA EBB 538)",https://nsarchive.gwu.edu/document/15800-09-urban-industrial-target-list-part-i,C098,119 2803 HSIAN CHINA,DGZs=1; installations=6 (sub-complexes counted separately)
us_1956_sac_complexes,US (SAC),China (Manchuria),1956,study,407,HSIAN MANCH,,urban-industrial complex,1,407,,,42.9,125.15,"SAC Atomic Weapons Requirements Study for 1959 (June 1956), Part I complex list (NSA EBB 538)",https://nsarchive.gwu.edu/document/15800-09-urban-industrial-target-list-part-i,C098,407 2805 HSIAN MANCH,DGZs=1; installations=2 (sub-complexes counted separately)
us_1956_sac_complexes,US (SAC),China,1956,study,733,HSI NING CHINA,,urban-industrial complex,1,733,,,36.6167,101.7667,"SAC Atomic Weapons Requirements Study for 1959 (June 1956), Part I complex list (NSA EBB 538)",https://nsarchive.gwu.edu/document/15800-09-urban-industrial-target-list-part-i,C098,733 2811 HSI NING CHINA,DGZs=1; installations=3 (sub-complexes counted separately)
us_1956_sac_complexes,US (SAC),China (Manchuria),1956,study,534,HSIU YEN MANCH,,urban-industrial complex,1,534,,,40.2833,123.2667,"SAC Atomic Weapons Requirements Study for 1959 (June 1956), Part I complex list (NSA EBB 538)",https://nsarchive.gwu.edu/document/15800-09-urban-industrial-target-list-part-i,C098,534 2815 HSIU YEN MANCH,DGZs=1; installations=2 (sub-complexes counted separately)
us_1956_sac_complexes,US (SAC),China,1956,study,576,HSUAN HUA CHINA,,urban-industrial complex,1,576,,,40.6167,115.0167,"SAC Atomic Weapons Requirements Study for 1959 (June 1956), Part I complex list (NSA EBB 538)",https://nsarchive.gwu.edu/document/15800-09-urban-industrial-target-list-part-i,C098,576 2819 HSUAN HUA CHINA,DGZs=1; installations=3 (sub-complexes counted separately)
us_1956_sac_complexes,US (SAC),North Korea,1956,study,1024,HUICHON N KOREA,,urban-industrial complex,1,1024,,,40.1667,126.2667,"SAC Atomic Weapons Requirements Study for 1959 (June 1956), Part I complex list (NSA EBB 538)",https://nsarchive.gwu.edu/document/15800-09-urban-industrial-target-list-part-i,C098,1024 28347 HUICHON N KOREA,DGZs=0; installations=2 (sub-complexes counted separately)
us_1956_sac_complexes,US (SAC),China,1956,study,970,HUI YANG CHINA,,urban-industrial complex,1,970,,,23.0833,114.4333,"SAC Atomic Weapons Requirements Study for 1959 (June 1956), Part I complex list (NSA EBB 538)",https://nsarchive.gwu.edu/document/15800-09-urban-industrial-target-list-part-i,C098,970 28348 HUI YANG CHINA,DGZs=0; installations=2 (sub-complexes counted separately)
us_1956_sac_complexes,US (SAC),Czechoslovakia,1956,study,1162,HUMENNE CZECH,,urban-industrial complex,1,1162,,,48.9333,21.9,"SAC Atomic Weapons Requirements Study for 1959 (June 1956), Part I complex list (NSA EBB 538)",https://nsarchive.gwu.edu/document/15800-09-urban-industrial-target-list-part-i,C098,1162 2852 HUMENNE CZECH,DGZs=0; installations=2 (sub-complexes counted separately)
us_1956_sac_complexes,US (SAC),China (Manchuria),1956,study,1163,HUN CHUN MANCH,,urban-industrial complex,1,1163,,,42.8667,130.35,"SAC Atomic Weapons Requirements Study for 1959 (June 1956), Part I complex list (NSA EBB 538)",https://nsarchive.gwu.edu/document/15800-09-urban-industrial-target-list-part-i,C099,1163 2853 HUN CHUN MANCH,DGZs=0; installations=2 (sub-complexes counted separately)
us_1956_sac_complexes,US (SAC),Romania,1956,study,251,HUNEDOARA RUM,,urban-industrial complex,1,251,,,45.7667,22.9,"SAC Atomic Weapons Requirements Study for 1959 (June 1956), Part I complex list (NSA EBB 538)",https://nsarchive.gwu.edu/document/15800-09-urban-industrial-target-list-part-i,C099,251 2855 HUNEDOARA RUM,DGZs=1; installations=5 (sub-complexes counted separately)
us_1956_sac_complexes,US (SAC),North Korea,1956,study,419,HUNGNAM N KOREA,,urban-industrial complex,1,419,,,39.85,127.6167,"SAC Atomic Weapons Requirements Study for 1959 (June 1956), Part I complex list (NSA EBB 538)",https://nsarchive.gwu.edu/document/15800-09-urban-industrial-target-list-part-i,C099,419 2861 HUNGNAM N KOREA,DGZs=0; installations=5 (sub-complexes counted separately)
us_1956_sac_complexes,US (SAC),Romania,1956,study,285,IASI RUM,,urban-industrial complex,1,285,,,47.1667,27.6167,"SAC Atomic Weapons Requirements Study for 1959 (June 1956), Part I complex list (NSA EBB 538)",https://nsarchive.gwu.edu/document/15800-09-urban-industrial-target-list-part-i,C099,285 2885 IASI RUM,DGZs=1; installations=7 (sub-complexes counted separately)
us_1956_sac_complexes,US (SAC),China,1956,study,876,I CHANG CHINA,,urban-industrial complex,1,876,,,30.7,111.2833,"SAC Atomic Weapons Requirements Study for 1959 (June 1956), Part I complex list (NSA EBB 538)",https://nsarchive.gwu.edu/document/15800-09-urban-industrial-target-list-part-i,C100,876 2886 I CHANG CHINA,DGZs=0; installations=2 (sub-complexes counted separately)
us_1956_sac_complexes,US (SAC),USSR,1956,study,850,IDRITSA,,urban-industrial complex,1,850,,,56.3167,28.8667,"SAC Atomic Weapons Requirements Study for 1959 (June 1956), Part I complex list (NSA EBB 538)",https://nsarchive.gwu.edu/document/15800-09-urban-industrial-target-list-part-i,C100,850 2887 IDRITSA,DGZs=0; installations=2 (sub-complexes counted separately)
us_1956_sac_complexes,US (SAC),USSR,1956,study,909,IGARKA,,urban-industrial complex,1,909,,,67.45,86.6333,"SAC Atomic Weapons Requirements Study for 1959 (June 1956), Part I complex list (NSA EBB 538)",https://nsarchive.gwu.edu/document/15800-09-urban-industrial-target-list-part-i,C100,909 2890 IGARKA,DGZs=0; installations=3 (sub-complexes counted separately)
us_1956_sac_complexes,US (SAC),China,1956,study,802,IHSIEN CHINA,,urban-industrial complex,1,802,,,34.7667,117.55,"SAC Atomic Weapons Requirements Study for 1959 (June 1956), Part I complex list (NSA EBB 538)",https://nsarchive.gwu.edu/document/15800-09-urban-industrial-target-list-part-i,C100,802 2895 IHSIEN CHINA,DGZs=0; installations=2 (sub-complexes counted separately)
us_1956_sac_complexes,US (SAC),USSR,1956,study,1164,IKOVKA,,urban-industrial complex,1,1164,,,55.6333,64.9833,"SAC Atomic Weapons Requirements Study for 1959 (June 1956), Part I complex list (NSA EBB 538)",https://nsarchive.gwu.edu/document/15800-09-urban-industrial-target-list-part-i,C100,1164 28955 IKOVKA,DGZs=0; installations=2 (sub-complexes counted separately)
us_1956_sac_complexes,US (SAC),USSR,1956,study,1025,IMAN,,urban-industrial complex,1,1025,,,45.9333,133.75,"SAC Atomic Weapons Requirements Study for 1959 (June 1956), Part I complex list (NSA EBB 538)",https://nsarchive.gwu.edu/document/15800-09-urban-industrial-target-list-part-i,C100,1025 2922 IMAN,DGZs=1; installations=5 (sub-complexes counted separately)
us_1956_sac_complexes,US (SAC),Poland,1956,study,274,INOWROCLAW POL,,urban-industrial complex,1,274,,,52.8,18.25,"SAC Atomic Weapons Requirements Study for 1959 (June 1956), Part I complex list (NSA EBB 538)",https://nsarchive.gwu.edu/document/15800-09-urban-industrial-target-list-part-i,C100,274 29355 INOWROCLAW POL,DGZs=1; installations=2 (sub-complexes counted separately)
us_1956_sac_complexes,US (SAC),USSR,1956,study,868,INTA,,urban-industrial complex,1,868,,,66.4167,61.5,"SAC Atomic Weapons Requirements Study for 1959 (June 1956), Part I complex list (NSA EBB 538)",https://nsarchive.gwu.edu/document/15800-09-urban-industrial-target-list-part-i,C100,868 2936 INTA,DGZs=0; installations=4 (sub-complexes counted separately)
us_1956_sac_complexes,US (SAC),China,1956,study,803,I PIN CHINA,,urban-industrial complex,1,803,,,28.7667,104.5667,"SAC Atomic Weapons Requirements Study for 1959 (June 1956), Part I complex list (NSA EBB 538)",https://nsarchive.gwu.edu/document/15800-09-urban-industrial-target-list-part-i,C101,803 29361 I PIN CHINA,DGZs=0; installations=2 (sub-complexes counted separately)
us_1956_sac_complexes,US (SAC),USSR,1956,study,1105,IPPOLITOVKA,,urban-industrial complex,1,1105,,,44.05,132.2667,"SAC Atomic Weapons Requirements Study for 1959 (June 1956), Part I complex list (NSA EBB 538)",https://nsarchive.gwu.edu/document/15800-09-urban-industrial-target-list-part-i,C101,1105 29362 IPPOLITOVKA,DGZs=0; installations=2 (sub-complexes counted separately)
us_1956_sac_complexes,US (SAC),USSR,1956,study,1026,IRBIT,,urban-industrial complex,1,1026,,,57.6833,63.0167,"SAC Atomic Weapons Requirements Study for 1959 (June 1956), Part I complex list (NSA EBB 538)",https://nsarchive.gwu.edu/document/15800-09-urban-industrial-target-list-part-i,C101,1026 29366 IRBIT,DGZs=0; installations=2 (sub-complexes counted separately)
us_1956_sac_complexes,US (SAC),USSR,1956,study,55,IRKUTSK,,urban-industrial complex,1,55,,,52.2833,104.3,"SAC Atomic Weapons Requirements Study for 1959 (June 1956), Part I complex list (NSA EBB 538)",https://nsarchive.gwu.edu/document/15800-09-urban-industrial-target-list-part-i,C101,55 2940 IRKUTSK,DGZs=4; installations=21 (sub-complexes counted separately)
us_1956_sac_complexes,US (SAC),USSR,1956,study,674,ISHIM,,urban-industrial complex,1,674,,,56.1167,69.5,"SAC Atomic Weapons Requirements Study for 1959 (June 1956), Part I complex list (NSA EBB 538)",https://nsarchive.gwu.edu/document/15800-09-urban-industrial-target-list-part-i,C101,674 2949 ISHIM,DGZs=1; installations=2 (sub-complexes counted separately)
us_1956_sac_complexes,US (SAC),USSR,1956,study,11,ISTRA,,urban-industrial complex,1,11,,,55.9333,36.8667,"SAC Atomic Weapons Requirements Study for 1959 (June 1956), Part I complex list (NSA EBB 538)",https://nsarchive.gwu.edu/document/15800-09-urban-industrial-target-list-part-i,C102,11 2952 ISTRA,DGZs=1; installations=2 (sub-complexes counted separately)
us_1956_sac_complexes,US (SAC),USSR,1956,study,762,IVANKOVO,,urban-industrial complex,1,762,,,56.7333,37.1167,"SAC Atomic Weapons Requirements Study for 1959 (June 1956), Part I complex list (NSA EBB 538)",https://nsarchive.gwu.edu/document/15800-09-urban-industrial-target-list-part-i,C102,762 2960 IVANKOVO,DGZs=1; installations=3 (sub-complexes counted separately)
us_1956_sac_complexes,US (SAC),USSR,1956,study,135,IVANOVO,,urban-industrial complex,1,135,,,57.0,41.0,"SAC Atomic Weapons Requirements Study for 1959 (June 1956), Part I complex list (NSA EBB 538)",https://nsarchive.gwu.edu/document/15800-09-urban-industrial-target-list-part-i,C102,135 2970 IVANOVO,DGZs=2; installations=9 (sub-complexes counted separately)
us_1956_sac_complexes,US (SAC),USSR,1956,study,175,IZHEVSK,,urban-industrial complex,1,175,,,56.8333,53.2333,"SAC Atomic Weapons Requirements Study for 1959 (June 1956), Part I complex list (NSA EBB 538)",https://nsarchive.gwu.edu/document/15800-09-urban-industrial-target-list-part-i,C102,175 2980 IZHEVSK,DGZs=1; installations=10 (sub-complexes counted separately)
us_1956_sac_complexes,US (SAC),USSR,1956,study,709,IZYUM,,urban-industrial complex,1,709,,,49.2,37.3167,"SAC Atomic Weapons Requirements Study for 1959 (June 1956), Part I complex list (NSA EBB 538)",https://nsarchive.gwu.edu/document/15800-09-urban-industrial-target-list-part-i,C102,709 2990 IZYUM,DGZs=1; installations=2 (sub-complexes counted separately)
us_1956_sac_complexes,US (SAC),Poland,1956,study,638,JAROCIN POL,,urban-industrial complex,1,638,,,51.9667,17.5,"SAC Atomic Weapons Requirements Study for 1959 (June 1956), Part I complex list (NSA EBB 538)",https://nsarchive.gwu.edu/document/15800-09-urban-industrial-target-list-part-i,C103,638 2996 JAROCIN POL,DGZs=0; installations=2 (sub-complexes counted separately)
us_1956_sac_complexes,US (SAC),East Germany,1956,study,153,JENA E GER,,urban-industrial complex,1,153,,,50.9333,11.5833,"SAC Atomic Weapons Requirements Study for 1959 (June 1956), Part I complex list (NSA EBB 538)",https://nsarchive.gwu.edu/document/15800-09-urban-industrial-target-list-part-i,C103,153 3045 JENA E GER,DGZs=2; installations=11 (sub-complexes counted separately)
us_1956_sac_complexes,US (SAC),Czechoslovakia,1956,study,1063,JICIN CZECH,,urban-industrial complex,1,1063,,,50.4333,15.3833,"SAC Atomic Weapons Requirements Study for 1959 (June 1956), Part I complex list (NSA EBB 538)",https://nsarchive.gwu.edu/document/15800-09-urban-industrial-target-list-part-i,C103,1063 3055 JICIN CZECH,DGZs=0; installations=3 (sub-complexes counted separately)
us_1956_sac_complexes,US (SAC),Czechoslovakia,1956,study,745,JIHLAVA CZECH,,urban-industrial complex,1,745,,,49.3833,15.5833,"SAC Atomic Weapons Requirements Study for 1959 (June 1956), Part I complex list (NSA EBB 538)",https://nsarchive.gwu.edu/document/15800-09-urban-industrial-target-list-part-i,C103,745 3057 JIHLAVA CZECH,DGZs=0; installations=6 (sub-complexes counted separately)
us_1956_sac_complexes,US (SAC),Czechoslovakia,1956,study,1165,JINDRICHUV HRADEC CZECH,,urban-industrial complex,1,1165,,,49.1333,15.0,"SAC Atomic Weapons Requirements Study for 1959 (June 1956), Part I complex list (NSA EBB 538)",https://nsarchive.gwu.edu/document/15800-09-urban-industrial-target-list-part-i,C104,1165 30582 JINDRICHUV HRADEC CZECH,DGZs=0; installations=2 (sub-complexes counted separately)
us_1956_sac_complexes,US (SAC),East Germany,1956,study,440,JUTERBOG E GER,,urban-industrial complex,1,440,,,51.9667,13.0833,"SAC Atomic Weapons Requirements Study for 1959 (June 1956), Part I complex list (NSA EBB 538)",https://nsarchive.gwu.edu/document/15800-09-urban-industrial-target-list-part-i,C104,440 3065 JUTERBOG E GER,DGZs=0; installations=7 (sub-complexes counted separately)
us_1956_sac_complexes,US (SAC),USSR,1956,study,197,KADIYEVKA,,urban-industrial complex,1,197,,,48.55,38.65,"SAC Atomic Weapons Requirements Study for 1959 (June 1956), Part I complex list (NSA EBB 538)",https://nsarchive.gwu.edu/document/15800-09-urban-industrial-target-list-part-i,C104,197 3120 KADIYEVKA,DGZs=2; installations=5 (sub-complexes counted separately)
us_1956_sac_complexes,US (SAC),China,1956,study,430,KAI FENG CHINA,,urban-industrial complex,1,430,,,34.8167,114.3667,"SAC Atomic Weapons Requirements Study for 1959 (June 1956), Part I complex list (NSA EBB 538)",https://nsarchive.gwu.edu/document/15800-09-urban-industrial-target-list-part-i,C104,430 31454 KAI FENG CHINA,DGZs=1; installations=4 (sub-complexes counted separately)
us_1956_sac_complexes,US (SAC),USSR,1956,study,746,KAISIADORYS,,urban-industrial complex,1,746,,,54.85,24.4333,"SAC Atomic Weapons Requirements Study for 1959 (June 1956), Part I complex list (NSA EBB 538)",https://nsarchive.gwu.edu/document/15800-09-urban-industrial-target-list-part-i,C105,746 31456 KAISIADORYS,DGZs=1; installations=2 (sub-complexes counted separately)
us_1956_sac_complexes,US (SAC),USSR,1956,study,599,KAKHOVKA,,urban-industrial complex,1,599,,,46.8,33.4833,"SAC Atomic Weapons Requirements Study for 1959 (June 1956), Part I complex list (NSA EBB 538)",https://nsarchive.gwu.edu/document/15800-09-urban-industrial-target-list-part-i,C105,599 3148 KAKHOVKA,DGZs=1; installations=3 (sub-complexes counted separately)
us_1956_sac_complexes,US (SAC),USSR,1956,study,1027,KALACH,,urban-industrial complex,1,1027,,,50.4333,41.0333,"SAC Atomic Weapons Requirements Study for 1959 (June 1956), Part I complex list (NSA EBB 538)",https://nsarchive.gwu.edu/document/15800-09-urban-industrial-target-list-part-i,C105,1027 3158 KALACH,DGZs=0; installations=2 (sub-complexes counted separately)
us_1956_sac_complexes,US (SAC),USSR,1956,study,120,KALININ,,urban-industrial complex,1,120,,,56.8667,35.9167,"SAC Atomic Weapons Requirements Study for 1959 (June 1956), Part I complex list (NSA EBB 538)",https://nsarchive.gwu.edu/document/15800-09-urban-industrial-target-list-part-i,C105,120 3160 KALININ,DGZs=4; installations=15 (sub-complexes counted separately)
us_1956_sac_complexes,US (SAC),USSR,1956,study,31,KALININGRAD,,urban-industrial complex,1,31,,,54.7,20.5167,"SAC Atomic Weapons Requirements Study for 1959 (June 1956), Part I complex list (NSA EBB 538)",https://nsarchive.gwu.edu/document/15800-09-urban-industrial-target-list-part-i,C105,31 3180 KALININGRAD,DGZs=3; installations=25 (sub-complexes counted separately)
us_1956_sac_complexes,US (SAC),USSR,1956,study,737,KALINKOVICHI,,urban-industrial complex,1,737,,,52.1333,29.3333,"SAC Atomic Weapons Requirements Study for 1959 (June 1956), Part I complex list (NSA EBB 538)",https://nsarchive.gwu.edu/document/15800-09-urban-industrial-target-list-part-i,C106,737 3183 KALINKOVICHI,DGZs=0; installations=2 (sub-complexes counted separately)
us_1956_sac_complexes,US (SAC),Poland,1956,study,408,KALISZ POL,,urban-industrial complex,1,408,,,51.7667,18.0833,"SAC Atomic Weapons Requirements Study for 1959 (June 1956), Part I complex list (NSA EBB 538)",https://nsarchive.gwu.edu/document/15800-09-urban-industrial-target-list-part-i,C106,408 3184 KALISZ POL,DGZs=0; installations=2 (sub-complexes counted separately)
us_1956_sac_complexes,US (SAC),Hungary,1956,study,1166,KALOCSA HUNG,,urban-industrial complex,1,1166,,,46.5167,18.95,"SAC Atomic Weapons Requirements Study for 1959 (June 1956), Part I complex list (NSA EBB 538)",https://nsarchive.gwu.edu/document/15800-09-urban-industrial-target-list-part-i,C106,1166 3185 KALOCSA HUNG,DGZs=0; installations=2 (sub-complexes counted separately)
us_1956_sac_complexes,US (SAC),USSR,1956,study,341,KALTAN,,urban-industrial complex,1,341,,,53.4833,87.3,"SAC Atomic Weapons Requirements Study for 1959 (June 1956), Part I complex list (NSA EBB 538)",https://nsarchive.gwu.edu/document/15800-09-urban-industrial-target-list-part-i,C107,341 3190 KALTAN,DGZs=1; installations=2 (sub-complexes counted separately)
us_1956_sac_complexes,US (SAC),USSR,1956,study,366,KALUGA,,urban-industrial complex,1,366,,,54.5167,36.2667,"SAC Atomic Weapons Requirements Study for 1959 (June 1956), Part I complex list (NSA EBB 538)",https://nsarchive.gwu.edu/document/15800-09-urban-industrial-target-list-part-i,C107,366 3200 KALUGA,DGZs=2; installations=8 (sub-complexes counted separately)
us_1956_sac_complexes,US (SAC),USSR,1956,study,1106,KAMBARKA,,urban-industrial complex,1,1106,,,56.2667,54.2,"SAC Atomic Weapons Requirements Study for 1959 (June 1956), Part I complex list (NSA EBB 538)",https://nsarchive.gwu.edu/document/15800-09-urban-industrial-target-list-part-i,C107,1106 3203 KAMBARKA,DGZs=0; installations=2 (sub-complexes counted separately)
us_1956_sac_complexes,US (SAC),USSR,1956,study,851,KAMENETS PODOLSKIY,,urban-industrial complex,1,851,,,48.6667,26.5667,"SAC Atomic Weapons Requirements Study for 1959 (June 1956), Part I complex list (NSA EBB 538)",https://nsarchive.gwu.edu/document/15800-09-urban-industrial-target-list-part-i,C107,851 3204 KAMENETS PODOLSKIY,DGZs=0; installations=3 (sub-complexes counted separately)
us_1956_sac_complexes,US (SAC),USSR,1956,study,218,KAMENSK SHAKHTINSKIY,,urban-industrial complex,1,218,,,48.3167,40.25,"SAC Atomic Weapons Requirements Study for 1959 (June 1956), Part I complex list (NSA EBB 538)",https://nsarchive.gwu.edu/document/15800-09-urban-industrial-target-list-part-i,C107,218 3210 KAMENSK SHAKHTINSKIY,DGZs=1; installations=7 (sub-complexes counted separately)
us_1956_sac_complexes,US (SAC),USSR,1956,study,185,KAMENSK URALSKIY,,urban-industrial complex,1,185,,,56.4333,61.8833,"SAC Atomic Weapons Requirements Study for 1959 (June 1956), Part I complex list (NSA EBB 538)",https://nsarchive.gwu.edu/document/15800-09-urban-industrial-target-list-part-i,C107,185 3220 KAMENSK URALSKIY,DGZs=2; installations=5 (sub-complexes counted separately)
us_1956_sac_complexes,US (SAC),USSR,1956,study,944,KAMSKOYE USTYE,,urban-industrial complex,1,944,,,55.4167,49.1667,"SAC Atomic Weapons Requirements Study for 1959 (June 1956), Part I complex list (NSA EBB 538)",https://nsarchive.gwu.edu/document/15800-09-urban-industrial-target-list-part-i,C108,944 3227 KAMSKOYE USTYE,DGZs=0; installations=2 (sub-complexes counted separately)
us_1956_sac_complexes,US (SAC),USSR,1956,study,486,KAMYSHIN,,urban-industrial complex,1,486,,,50.0833,45.4,"SAC Atomic Weapons Requirements Study for 1959 (June 1956), Part I complex list (NSA EBB 538)",https://nsarchive.gwu.edu/document/15800-09-urban-industrial-target-list-part-i,C108,486 3230 KAMYSHIN,DGZs=2; installations=6 (sub-complexes counted separately)
us_1956_sac_complexes,US (SAC),USSR,1956,study,804,KAMYSHLOV,,urban-industrial complex,1,804,,,56.85,62.7,"SAC Atomic Weapons Requirements Study for 1959 (June 1956), Part I complex list (NSA EBB 538)",https://nsarchive.gwu.edu/document/15800-09-urban-industrial-target-list-part-i,C108,804 3232 KAMYSHLOV,DGZs=0; installations=2 (sub-complexes counted separately)
us_1956_sac_complexes,US (SAC),USSR,1956,study,805,KANASH,,urban-industrial complex,1,805,,,55.5,47.5,"SAC Atomic Weapons Requirements Study for 1959 (June 1956), Part I complex list (NSA EBB 538)",https://nsarchive.gwu.edu/document/15800-09-urban-industrial-target-list-part-i,C108,805 3234 KANASH,DGZs=0; installations=2 (sub-complexes counted separately)
us_1956_sac_complexes,US (SAC),USSR,1956,study,675,KANDAGACH,,urban-industrial complex,1,675,,,49.4667,57.4,"SAC Atomic Weapons Requirements Study for 1959 (June 1956), Part I complex list (NSA EBB 538)",https://nsarchive.gwu.edu/document/15800-09-urban-industrial-target-list-part-i,C108,675 3239 KANDAGACH,DGZs=1; installations=2 (sub-complexes counted separately)
us_1956_sac_complexes,US (SAC),USSR,1956,study,220,KANDALAKSHA,,urban-industrial complex,1,220,,,67.15,32.4167,"SAC Atomic Weapons Requirements Study for 1959 (June 1956), Part I complex list (NSA EBB 538)",https://nsarchive.gwu.edu/document/15800-09-urban-industrial-target-list-part-i,C108,220 3240 KANDALAKSHA,DGZs=3; installations=8 (sub-complexes counted separately)
us_1956_sac_complexes,US (SAC),China,1956,study,920,KAN HSIEN CHINA,,urban-industrial complex,1,920,,,25.85,114.9333,"SAC Atomic Weapons Requirements Study for 1959 (June 1956), Part I complex list (NSA EBB 538)",https://nsarchive.gwu.edu/document/15800-09-urban-industrial-target-list-part-i,C108,920 32404 KAN HSIEN CHINA,DGZs=0; installations=2 (sub-complexes counted separately)
us_1956_sac_complexes,US (SAC),USSR,1956,study,420,KANSK,,urban-industrial complex,1,420,,,56.2167,95.6833,"SAC Atomic Weapons Requirements Study for 1959 (June 1956), Part I complex list (NSA EBB 538)",https://nsarchive.gwu.edu/document/15800-09-urban-industrial-target-list-part-i,C109,420 32405 KANSK,DGZs=0; installations=3 (sub-complexes counted separately)
us_1956_sac_complexes,US (SAC),USSR,1956,study,921,KANTAGI,,urban-industrial complex,1,921,,,43.6,68.5333,"SAC Atomic Weapons Requirements Study for 1959 (June 1956), Part I complex list (NSA EBB 538)",https://nsarchive.gwu.edu/document/15800-09-urban-industrial-target-list-part-i,C109,921 32407 KANTAGI,DGZs=0; installations=2 (sub-complexes counted separately)
us_1956_sac_complexes,US (SAC),Czechoslovakia,1956,study,1167,KAPLICE CZECH,,urban-industrial complex,1,1167,,,48.7333,14.4833,"SAC Atomic Weapons Requirements Study for 1959 (June 1956), Part I complex list (NSA EBB 538)",https://nsarchive.gwu.edu/document/15800-09-urban-industrial-target-list-part-i,C109,1167 32425 KAPLICE CZECH,DGZs=0; installations=3 (sub-complexes counted separately)
us_1956_sac_complexes,US (SAC),Hungary,1956,study,971,KAPOSVAR HUNG,,urban-industrial complex,1,971,,,46.35,17.7833,"SAC Atomic Weapons Requirements Study for 1959 (June 1956), Part I complex list (NSA EBB 538)",https://nsarchive.gwu.edu/document/15800-09-urban-industrial-target-list-part-i,C109,971 3243 KAPOSVAR HUNG,DGZs=0; installations=3 (sub-complexes counted separately)
us_1956_sac_complexes,US (SAC),USSR,1956,study,95,KAPUSTIN YAR,,urban-industrial complex,1,95,,,48.5667,45.7833,"SAC Atomic Weapons Requirements Study for 1959 (June 1956), Part I complex list (NSA EBB 538)",https://nsarchive.gwu.edu/document/15800-09-urban-industrial-target-list-part-i,C109,95 3250 KAPUSTIN YAR,DGZs=3; installations=2 (sub-complexes counted separately)
us_1956_sac_complexes,US (SAC),USSR,1956,study,639,KARACHEV,,urban-industrial complex,1,639,,,53.1167,34.9667,"SAC Atomic Weapons Requirements Study for 1959 (June 1956), Part I complex list (NSA EBB 538)",https://nsarchive.gwu.edu/document/15800-09-urban-industrial-target-list-part-i,C109,639 3265 KARACHEV,DGZs=0; installations=2 (sub-complexes counted separately)
us_1956_sac_complexes,US (SAC),USSR,1956,study,195,KARAGANDA,,urban-industrial complex,1,195,,,49.8667,73.1667,"SAC Atomic Weapons Requirements Study for 1959 (June 1956), Part I complex list (NSA EBB 538)",https://nsarchive.gwu.edu/document/15800-09-urban-industrial-target-list-part-i,C109,195 3270 KARAGANDA,DGZs=2; installations=5 (sub-complexes counted separately)
us_1956_sac_complexes,US (SAC),USSR,1956,study,1107,KARL MARKSA,,urban-industrial complex,1,1107,,,46.5333,41.0333,"SAC Atomic Weapons Requirements Study for 1959 (June 1956), Part I complex list (NSA EBB 538)",https://nsarchive.gwu.edu/document/15800-09-urban-industrial-target-list-part-i,C110,1107 3272 KARL MARKSA,DGZs=0; installations=2 (sub-complexes counted separately)
us_1956_sac_complexes,US (SAC),Bulgaria,1956,study,1108,KARLOVO BULG,,urban-industrial complex,1,1108,,,42.6333,24.8167,"SAC Atomic Weapons Requirements Study for 1959 (June 1956), Part I complex list (NSA EBB 538)",https://nsarchive.gwu.edu/document/15800-09-urban-industrial-target-list-part-i,C110,1108 32725 KARLOVO BULG,DGZs=0; installations=3 (sub-complexes counted separately)
us_1956_sac_complexes,US (SAC),Czechoslovakia,1956,study,543,KARLOVY VARY CZECH,,urban-industrial complex,1,543,,,50.2167,12.9,"SAC Atomic Weapons Requirements Study for 1959 (June 1956), Part I complex list (NSA EBB 538)",https://nsarchive.gwu.edu/document/15800-09-urban-industrial-target-list-part-i,C110,543 3273 KARLOVY VARY CZECH,DGZs=0; installations=3 (sub-complexes counted separately)
us_1956_sac_complexes,US (SAC),Bulgaria,1956,study,1064,KARNOBAT BULG,,urban-industrial complex,1,1064,,,42.6667,26.9667,"SAC Atomic Weapons Requirements Study for 1959 (June 1956), Part I complex list (NSA EBB 538)",https://nsarchive.gwu.edu/document/15800-09-urban-industrial-target-list-part-i,C110,1064 3276 KARNOBAT BULG,DGZs=0; installations=3 (sub-complexes counted separately)
us_1956_sac_complexes,US (SAC),USSR,1956,study,806,KARSAKPAY,,urban-industrial complex,1,806,,,47.85,66.6833,"SAC Atomic Weapons Requirements Study for 1959 (June 1956), Part I complex list (NSA EBB 538)",https://nsarchive.gwu.edu/document/15800-09-urban-industrial-target-list-part-i,C110,806 3280 KARSAKPAY,DGZs=0; installations=2 (sub-complexes counted separately)
us_1956_sac_complexes,US (SAC),USSR,1956,study,300,KARTALY,,urban-industrial complex,1,300,,,53.05,60.6333,"SAC Atomic Weapons Requirements Study for 1959 (June 1956), Part I complex list (NSA EBB 538)",https://nsarchive.gwu.edu/document/15800-09-urban-industrial-target-list-part-i,C111,300 3290 KARTALY,DGZs=1; installations=3 (sub-complexes counted separately)
us_1956_sac_complexes,US (SAC),USSR,1956,study,676,KARYMSKOYE,,urban-industrial complex,1,676,,,51.6167,114.35,"SAC Atomic Weapons Requirements Study for 1959 (June 1956), Part I complex list (NSA EBB 538)",https://nsarchive.gwu.edu/document/15800-09-urban-industrial-target-list-part-i,C111,676 3300 KARYMSKOYE,DGZs=1; installations=2 (sub-complexes counted separately)
us_1956_sac_complexes,US (SAC),USSR,1956,study,224,KASHIRA,,urban-industrial complex,1,224,,,54.85,38.1667,"SAC Atomic Weapons Requirements Study for 1959 (June 1956), Part I complex list (NSA EBB 538)",https://nsarchive.gwu.edu/document/15800-09-urban-industrial-target-list-part-i,C111,224 3310 KASHIRA,DGZs=1; installations=4 (sub-complexes counted separately)
us_1956_sac_complexes,US (SAC),USSR,1956,study,577,KASTORNOYE,,urban-industrial complex,1,577,,,51.8333,38.1333,"SAC Atomic Weapons Requirements Study for 1959 (June 1956), Part I complex list (NSA EBB 538)",https://nsarchive.gwu.edu/document/15800-09-urban-industrial-target-list-part-i,C111,577 33187 KASTORNOYE,DGZs=1; installations=2 (sub-complexes counted separately)
us_1956_sac_complexes,US (SAC),USSR,1956,study,1168,KATANGLI,,urban-industrial complex,1,1168,,,51.7,143.2167,"SAC Atomic Weapons Requirements Study for 1959 (June 1956), Part I complex list (NSA EBB 538)",https://nsarchive.gwu.edu/document/15800-09-urban-industrial-target-list-part-i,C111,1168 33189 KATANGLI,DGZs=0; installations=3 (sub-complexes counted separately)
us_1956_sac_complexes,US (SAC),USSR,1956,study,290,KATAV IVANOVSK,,urban-industrial complex,1,290,,,54.7667,58.1833,"SAC Atomic Weapons Requirements Study for 1959 (June 1956), Part I complex list (NSA EBB 538)",https://nsarchive.gwu.edu/document/15800-09-urban-industrial-target-list-part-i,C111,290 3320 KATAV IVANOVSK,DGZs=1; installations=3 (sub-complexes counted separately)
us_1956_sac_complexes,US (SAC),USSR,1956,study,389,KAUNAS,,urban-industrial complex,1,389,,,54.8833,23.9833,"SAC Atomic Weapons Requirements Study for 1959 (June 1956), Part I complex list (NSA EBB 538)",https://nsarchive.gwu.edu/document/15800-09-urban-industrial-target-list-part-i,C112,389 3330 KAUNAS,DGZs=0; installations=8 (sub-complexes counted separately)
us_1956_sac_complexes,US (SAC),USSR,1956,study,1217,KAVACHA,,urban-industrial complex,1,1217,,,60.25,169.8667,"SAC Atomic Weapons Requirements Study for 1959 (June 1956), Part I complex list (NSA EBB 538)",https://nsarchive.gwu.edu/document/15800-09-urban-industrial-target-list-part-i,C112,1217 3335 KAVACHA,DGZs=0; installations=2 (sub-complexes counted separately)
us_1956_sac_complexes,US (SAC),USSR,1956,study,16,KAZAN,,urban-industrial complex,1,16,,,55.7833,49.1333,"SAC Atomic Weapons Requirements Study for 1959 (June 1956), Part I complex list (NSA EBB 538)",https://nsarchive.gwu.edu/document/15800-09-urban-industrial-target-list-part-i,C112,16 3340 KAZAN,DGZs=3; installations=27 (sub-complexes counted separately)
us_1956_sac_complexes,US (SAC),USSR,1956,study,1028,KAZANKA,,urban-industrial complex,1,1028,,,47.8833,32.7667,"SAC Atomic Weapons Requirements Study for 1959 (June 1956), Part I complex list (NSA EBB 538)",https://nsarchive.gwu.edu/document/15800-09-urban-industrial-target-list-part-i,C113,1028 3350 KAZANKA,DGZs=0; installations=2 (sub-complexes counted separately)
us_1956_sac_complexes,US (SAC),Bulgaria,1956,study,628,KAZANLUK BULG,,urban-industrial complex,1,628,,,42.6167,25.4,"SAC Atomic Weapons Requirements Study for 1959 (June 1956), Part I complex list (NSA EBB 538)",https://nsarchive.gwu.edu/document/15800-09-urban-industrial-target-list-part-i,C113,628 3355 KAZANLUK BULG,DGZs=0; installations=10 (sub-complexes counted separately)
us_1956_sac_complexes,US (SAC),USSR,1956,study,807,KAZI MAGOMED,,urban-industrial complex,1,807,,,40.05,48.9333,"SAC Atomic Weapons Requirements Study for 1959 (June 1956), Part I complex list (NSA EBB 538)",https://nsarchive.gwu.edu/document/15800-09-urban-industrial-target-list-part-i,C113,807 3356 KAZI MAGOMED,DGZs=0; installations=2 (sub-complexes counted separately)
us_1956_sac_complexes,US (SAC),Hungary,1956,study,403,KECSKEMET HUNG,,urban-industrial complex,1,403,,,46.9,19.6833,"SAC Atomic Weapons Requirements Study for 1959 (June 1956), Part I complex list (NSA EBB 538)",https://nsarchive.gwu.edu/document/15800-09-urban-industrial-target-list-part-i,C113,403 3358 KECSKEMET HUNG,DGZs=0; installations=4 (sub-complexes counted separately)
us_1956_sac_complexes,US (SAC),USSR,1956,study,656,KEDAINIAI,,urban-industrial complex,1,656,,,55.2833,23.9667,"SAC Atomic Weapons Requirements Study for 1959 (June 1956), Part I complex list (NSA EBB 538)",https://nsarchive.gwu.edu/document/15800-09-urban-industrial-target-list-part-i,C113,656 3360 KEDAINIAI,DGZs=1; installations=2 (sub-complexes counted separately)
us_1956_sac_complexes,US (SAC),USSR,1956,study,772,KEGUMS,,urban-industrial complex,1,772,,,56.7333,24.7167,"SAC Atomic Weapons Requirements Study for 1959 (June 1956), Part I complex list (NSA EBB 538)",https://nsarchive.gwu.edu/document/15800-09-urban-industrial-target-list-part-i,C114,772 3370 KEGUMS,DGZs=1; installations=2 (sub-complexes counted separately)
us_1956_sac_complexes,US (SAC),USSR,1956,study,837,KEM,,urban-industrial complex,1,837,,,64.9667,34.6,"SAC Atomic Weapons Requirements Study for 1959 (June 1956), Part I complex list (NSA EBB 538)",https://nsarchive.gwu.edu/document/15800-09-urban-industrial-target-list-part-i,C114,837 3380 KEM,DGZs=1; installations=6 (sub-complexes counted separately)
us_1956_sac_complexes,US (SAC),USSR,1956,study,110,KEMEROVO,,urban-industrial complex,1,110,,,55.35,86.0667,"SAC Atomic Weapons Requirements Study for 1959 (June 1956), Part I complex list (NSA EBB 538)",https://nsarchive.gwu.edu/document/15800-09-urban-industrial-target-list-part-i,C114,110 3390 KEMEROVO,DGZs=4; installations=20 (sub-complexes counted separately)
us_1956_sac_complexes,US (SAC),USSR,1956,study,289,KERCH,,urban-industrial complex,1,289,,,45.35,36.4833,"SAC Atomic Weapons Requirements Study for 1959 (June 1956), Part I complex list (NSA EBB 538)",https://nsarchive.gwu.edu/document/15800-09-urban-industrial-target-list-part-i,C114,289 3400 KERCH,DGZs=4; installations=12 (sub-complexes counted separately)
us_1956_sac_complexes,US (SAC),USSR,1956,study,35,KHABAROVSK,,urban-industrial complex,1,35,,,48.4667,135.0833,"SAC Atomic Weapons Requirements Study for 1959 (June 1956), Part I complex list (NSA EBB 538)",https://nsarchive.gwu.edu/document/15800-09-urban-industrial-target-list-part-i,C115,35 3410 KHABAROVSK,DGZs=5; installations=37 (sub-complexes counted separately)
us_1956_sac_complexes,US (SAC),USSR,1956,study,506,KHAIKHTA,,urban-industrial complex,1,506,,,52.8,103.2167,"SAC Atomic Weapons Requirements Study for 1959 (June 1956), Part I complex list (NSA EBB 538)",https://nsarchive.gwu.edu/document/15800-09-urban-industrial-target-list-part-i,C116,506 3418 KHAIKHTA,DGZs=1; installations=2 (sub-complexes counted separately)
us_1956_sac_complexes,US (SAC),USSR,1956,study,22,KHARKOV,,urban-industrial complex,1,22,,,49.9667,36.25,"SAC Atomic Weapons Requirements Study for 1959 (June 1956), Part I complex list (NSA EBB 538)",https://nsarchive.gwu.edu/document/15800-09-urban-industrial-target-list-part-i,C116,22 3440 KHARKOV,DGZs=3; installations=36 (sub-complexes counted separately)
us_1956_sac_complexes,US (SAC),USSR,1956,study,1009,KHAROVSK,,urban-industrial complex,1,1009,,,59.95,40.1667,"SAC Atomic Weapons Requirements Study for 1959 (June 1956), Part I complex list (NSA EBB 538)",https://nsarchive.gwu.edu/document/15800-09-urban-industrial-target-list-part-i,C117,1009 3445 KHAROVSK,DGZs=0; installations=2 (sub-complexes counted separately)
us_1956_sac_complexes,US (SAC),USSR,1956,study,323,KHAYDARKAN,,urban-industrial complex,1,323,,,39.9667,71.3333,"SAC Atomic Weapons Requirements Study for 1959 (June 1956), Part I complex list (NSA EBB 538)",https://nsarchive.gwu.edu/document/15800-09-urban-industrial-target-list-part-i,C117,323 3460 KHAYDARKAN,DGZs=1; installations=2 (sub-complexes counted separately)
us_1956_sac_complexes,US (SAC),USSR,1956,study,121,KHERSON,,urban-industrial complex,1,121,,,46.6333,32.6167,"SAC Atomic Weapons Requirements Study for 1959 (June 1956), Part I complex list (NSA EBB 538)",https://nsarchive.gwu.edu/document/15800-09-urban-industrial-target-list-part-i,C117,121 3464 KHERSON,DGZs=2; installations=12 (sub-complexes counted separately)
us_1956_sac_complexes,US (SAC),USSR,1956,study,578,KHILOK,,urban-industrial complex,1,578,,,51.3667,110.4667,"SAC Atomic Weapons Requirements Study for 1959 (June 1956), Part I complex list (NSA EBB 538)",https://nsarchive.gwu.edu/document/15800-09-urban-industrial-target-list-part-i,C117,578 3468 KHILOK,DGZs=1; installations=2 (sub-complexes counted separately)
us_1956_sac_complexes,US (SAC),USSR,1956,study,1169,KHODOROV,,urban-industrial complex,1,1169,,,49.4167,24.2167,"SAC Atomic Weapons Requirements Study for 1959 (June 1956), Part I complex list (NSA EBB 538)",https://nsarchive.gwu.edu/document/15800-09-urban-industrial-target-list-part-i,C117,1169 34715 KHODOROV,DGZs=0; installations=3 (sub-complexes counted separately)
us_1956_sac_complexes,US (SAC),USSR,1956,study,808,KHRISTINOVKA,,urban-industrial complex,1,808,,,48.8167,29.9667,"SAC Atomic Weapons Requirements Study for 1959 (June 1956), Part I complex list (NSA EBB 538)",https://nsarchive.gwu.edu/document/15800-09-urban-industrial-target-list-part-i,C117,808 34735 KHRISTINOVKA,DGZs=0; installations=2 (sub-complexes counted separately)
us_1956_sac_complexes,US (SAC),Poland,1956,study,491,KIELCE POL,,urban-industrial complex,1,491,,,50.8833,20.6333,"SAC Atomic Weapons Requirements Study for 1959 (June 1956), Part I complex list (NSA EBB 538)",https://nsarchive.gwu.edu/document/15800-09-urban-industrial-target-list-part-i,C117,491 3475 KIELCE POL,DGZs=0; installations=8 (sub-complexes counted separately)
us_1956_sac_complexes,US (SAC),USSR,1956,study,901,KIM,,urban-industrial complex,1,901,,,40.1667,70.3333,"SAC Atomic Weapons Requirements Study for 1959 (June 1956), Part I complex list (NSA EBB 538)",https://nsarchive.gwu.edu/document/15800-09-urban-industrial-target-list-part-i,C118,901 3480 KIM,DGZs=1; installations=3 (sub-complexes counted separately)
us_1956_sac_complexes,US (SAC),USSR,1956,study,535,KINEL,,urban-industrial complex,1,535,,,53.2333,50.6333,"SAC Atomic Weapons Requirements Study for 1959 (June 1956), Part I complex list (NSA EBB 538)",https://nsarchive.gwu.edu/document/15800-09-urban-industrial-target-list-part-i,C118,535 3490 KINEL,DGZs=1; installations=2 (sub-complexes counted separately)
us_1956_sac_complexes,US (SAC),USSR,1956,study,521,KINESHMA,,urban-industrial complex,1,521,,,57.4333,42.15,"SAC Atomic Weapons Requirements Study for 1959 (June 1956), Part I complex list (NSA EBB 538)",https://nsarchive.gwu.edu/document/15800-09-urban-industrial-target-list-part-i,C118,521 3500 KINESHMA,DGZs=1; installations=8 (sub-complexes counted separately)
us_1956_sac_complexes,US (SAC),USSR,1956,study,1065,KIRENSK,,urban-industrial complex,1,1065,,,57.7667,108.1167,"SAC Atomic Weapons Requirements Study for 1959 (June 1956), Part I complex list (NSA EBB 538)",https://nsarchive.gwu.edu/document/15800-09-urban-industrial-target-list-part-i,C118,1065 3513 KIRENSK,DGZs=0; installations=2 (sub-complexes counted separately)
us_1956_sac_complexes,US (SAC),China (Manchuria),1956,study,211,KIRIN MANCH,,urban-industrial complex,1,211,,,43.85,126.5833,"SAC Atomic Weapons Requirements Study for 1959 (June 1956), Part I complex list (NSA EBB 538)",https://nsarchive.gwu.edu/document/15800-09-urban-industrial-target-list-part-i,C118,211 3514 KIRIN MANCH,DGZs=2; installations=10 (sub-complexes counted separately)
us_1956_sac_complexes,US (SAC),USSR,1956,study,113,KIROV,,urban-industrial complex,1,113,,,58.6,49.7,"SAC Atomic Weapons Requirements Study for 1959 (June 1956), Part I complex list (NSA EBB 538)",https://nsarchive.gwu.edu/document/15800-09-urban-industrial-target-list-part-i,C119,113 3520 KIROV,DGZs=4; installations=14 (sub-complexes counted separately)
us_1956_sac_complexes,US (SAC),USSR,1956,study,640,KIROV,,urban-industrial complex,1,640,,,54.0833,34.3167,"SAC Atomic Weapons Requirements Study for 1959 (June 1956), Part I complex list (NSA EBB 538)",https://nsarchive.gwu.edu/document/15800-09-urban-industrial-target-list-part-i,C119,640 35201 KIROV,DGZs=1; installations=2 (sub-complexes counted separately)
us_1956_sac_complexes,US (SAC),USSR,1956,study,522,KIROVABAD,,urban-industrial complex,1,522,,,40.7167,46.3667,"SAC Atomic Weapons Requirements Study for 1959 (June 1956), Part I complex list (NSA EBB 538)",https://nsarchive.gwu.edu/document/15800-09-urban-industrial-target-list-part-i,C119,522 3530 KIROVABAD,DGZs=1; installations=7 (sub-complexes counted separately)
us_1956_sac_complexes,US (SAC),USSR,1956,study,68,KIROVAKAN,,urban-industrial complex,1,68,,,40.8167,44.4833,"SAC Atomic Weapons Requirements Study for 1959 (June 1956), Part I complex list (NSA EBB 538)",https://nsarchive.gwu.edu/document/15800-09-urban-industrial-target-list-part-i,C119,68 3540 KIROVAKAN,DGZs=1; installations=7 (sub-complexes counted separately)
us_1956_sac_complexes,US (SAC),USSR,1956,study,56,KIROVGRAD,,urban-industrial complex,1,56,,,57.4167,60.0833,"SAC Atomic Weapons Requirements Study for 1959 (June 1956), Part I complex list (NSA EBB 538)",https://nsarchive.gwu.edu/document/15800-09-urban-industrial-target-list-part-i,C120,56 3550 KIROVGRAD,DGZs=2; installations=4 (sub-complexes counted separately)
us_1956_sac_complexes,US (SAC),USSR,1956,study,424,KIROVOGRAD,,urban-industrial complex,1,424,,,48.5,32.3,"SAC Atomic Weapons Requirements Study for 1959 (June 1956), Part I complex list (NSA EBB 538)",https://nsarchive.gwu.edu/document/15800-09-urban-industrial-target-list-part-i,C120,424 3552 KIROVOGRAD,DGZs=1; installations=6 (sub-complexes counted separately)
us_1956_sac_complexes,US (SAC),USSR,1956,study,763,KIROVSK,,urban-industrial complex,1,763,,,67.6167,33.6667,"SAC Atomic Weapons Requirements Study for 1959 (June 1956), Part I complex list (NSA EBB 538)",https://nsarchive.gwu.edu/document/15800-09-urban-industrial-target-list-part-i,C120,763 3560 KIROVSK,DGZs=1; installations=3 (sub-complexes counted separately)
us_1956_sac_complexes,US (SAC),USSR,1956,study,922,KIRS,,urban-industrial complex,1,922,,,59.3333,52.25,"SAC Atomic Weapons Requirements Study for 1959 (June 1956), Part I complex list (NSA EBB 538)",https://nsarchive.gwu.edu/document/15800-09-urban-industrial-target-list-part-i,C120,922 3570 KIRS,DGZs=0; installations=3 (sub-complexes counted separately)
us_1956_sac_complexes,US (SAC),USSR,1956,study,363,KISHINEV,,urban-industrial complex,1,363,,,47.0333,28.8167,"SAC Atomic Weapons Requirements Study for 1959 (June 1956), Part I complex list (NSA EBB 538)",https://nsarchive.gwu.edu/document/15800-09-urban-industrial-target-list-part-i,C120,363 3600 KISHINEV,DGZs=1; installations=6 (sub-complexes counted separately)
us_1956_sac_complexes,US (SAC),Hungary,1956,study,972,KISKUNHALAS HUNG,,urban-industrial complex,1,972,,,46.4333,19.5,"SAC Atomic Weapons Requirements Study for 1959 (June 1956), Part I complex list (NSA EBB 538)",https://nsarchive.gwu.edu/document/15800-09-urban-industrial-target-list-part-i,C121,972 36015 KISKUNHALAS HUNG,DGZs=0; installations=2 (sub-complexes counted separately)
us_1956_sac_complexes,US (SAC),USSR,1956,study,1170,KITAKOZAWA,,urban-industrial complex,1,1170,,,49.4,142.1,"SAC Atomic Weapons Requirements Study for 1959 (June 1956), Part I complex list (NSA EBB 538)",https://nsarchive.gwu.edu/document/15800-09-urban-industrial-target-list-part-i,C121,1170 3605 KITAKOZAWA,DGZs=0; installations=2 (sub-complexes counted separately)
us_1956_sac_complexes,US (SAC),USSR,1956,study,27,KIYEV,,urban-industrial complex,1,27,,,50.45,30.5,"SAC Atomic Weapons Requirements Study for 1959 (June 1956), Part I complex list (NSA EBB 538)",https://nsarchive.gwu.edu/document/15800-09-urban-industrial-target-list-part-i,C121,27 3630 KIYEV,DGZs=3; installations=35 (sub-complexes counted separately)
us_1956_sac_complexes,US (SAC),Czechoslovakia,1956,study,1066,KLATOVY CZECH,,urban-industrial complex,1,1066,,,49.3833,13.2833,"SAC Atomic Weapons Requirements Study for 1959 (June 1956), Part I complex list (NSA EBB 538)",https://nsarchive.gwu.edu/document/15800-09-urban-industrial-target-list-part-i,C122,1066 3650 KLATOVY CZECH,DGZs=0; installations=4 (sub-complexes counted separately)
us_1956_sac_complexes,US (SAC),USSR,1956,study,550,KLAYPEDA,,urban-industrial complex,1,550,,,55.7167,21.15,"SAC Atomic Weapons Requirements Study for 1959 (June 1956), Part I complex list (NSA EBB 538)",https://nsarchive.gwu.edu/document/15800-09-urban-industrial-target-list-part-i,C122,550 3660 KLAYPEDA,DGZs=0; installations=7 (sub-complexes counted separately)
us_1956_sac_complexes,US (SAC),USSR,1956,study,773,KLIN,,urban-industrial complex,1,773,,,56.3333,36.7333,"SAC Atomic Weapons Requirements Study for 1959 (June 1956), Part I complex list (NSA EBB 538)",https://nsarchive.gwu.edu/document/15800-09-urban-industrial-target-list-part-i,C122,773 3680 KLIN,DGZs=0; installations=4 (sub-complexes counted separately)
us_1956_sac_complexes,US (SAC),USSR,1956,study,1171,KNYAZH POGOST,,urban-industrial complex,1,1171,,,62.6333,50.8333,"SAC Atomic Weapons Requirements Study for 1959 (June 1956), Part I complex list (NSA EBB 538)",https://nsarchive.gwu.edu/document/15800-09-urban-industrial-target-list-part-i,C122,1171 3692 KNYAZH POGOST,DGZs=0; installations=2 (sub-complexes counted separately)
us_1956_sac_complexes,US (SAC),USSR,1956,study,1029,KOBRIN,,urban-industrial complex,1,1029,,,52.2167,24.35,"SAC Atomic Weapons Requirements Study for 1959 (June 1956), Part I complex list (NSA EBB 538)",https://nsarchive.gwu.edu/document/15800-09-urban-industrial-target-list-part-i,C122,1029 3693 KOBRIN,DGZs=1; installations=2 (sub-complexes counted separately)
us_1956_sac_complexes,US (SAC),USSR,1956,study,1010,KOCHENEVO,,urban-industrial complex,1,1010,,,55.0333,82.25,"SAC Atomic Weapons Requirements Study for 1959 (June 1956), Part I complex list (NSA EBB 538)",https://nsarchive.gwu.edu/document/15800-09-urban-industrial-target-list-part-i,C122,1010 3710 KOCHENEVO,DGZs=0; installations=2 (sub-complexes counted separately)
us_1956_sac_complexes,US (SAC),China,1956,study,310,KO CHIU CHINA,,urban-industrial complex,1,310,,,23.3667,103.15,"SAC Atomic Weapons Requirements Study for 1959 (June 1956), Part I complex list (NSA EBB 538)",https://nsarchive.gwu.edu/document/15800-09-urban-industrial-target-list-part-i,C123,310 3712 KO CHIU CHINA,DGZs=1; installations=2 (sub-complexes counted separately)
us_1956_sac_complexes,US (SAC),USSR,1956,study,1172,KOCHMES,,urban-industrial complex,1,1172,,,66.3333,60.8667,"SAC Atomic Weapons Requirements Study for 1959 (June 1956), Part I complex list (NSA EBB 538)",https://nsarchive.gwu.edu/document/15800-09-urban-industrial-target-list-part-i,C123,1172 3713 KOCHMES,DGZs=0; installations=2 (sub-complexes counted separately)
us_1956_sac_complexes,US (SAC),USSR,1956,study,297,KOHTLA JARVE,,urban-industrial complex,1,297,,,59.4,27.2333,"SAC Atomic Weapons Requirements Study for 1959 (June 1956), Part I complex list (NSA EBB 538)",https://nsarchive.gwu.edu/document/15800-09-urban-industrial-target-list-part-i,C123,297 3760 KOHTLA JARVE,DGZs=1; installations=4 (sub-complexes counted separately)
us_1956_sac_complexes,US (SAC),USSR,1956,study,759,KOKAND,,urban-industrial complex,1,759,,,40.5333,70.95,"SAC Atomic Weapons Requirements Study for 1959 (June 1956), Part I complex list (NSA EBB 538)",https://nsarchive.gwu.edu/document/15800-09-urban-industrial-target-list-part-i,C123,759 3770 KOKAND,DGZs=1; installations=3 (sub-complexes counted separately)
us_1956_sac_complexes,US (SAC),Poland,1956,study,852,KOLBERG POL,,urban-industrial complex,1,852,,,54.1833,15.6,"SAC Atomic Weapons Requirements Study for 1959 (June 1956), Part I complex list (NSA EBB 538)",https://nsarchive.gwu.edu/document/15800-09-urban-industrial-target-list-part-i,C123,852 3779 KOLBERG POL,DGZs=0; installations=4 (sub-complexes counted separately)
us_1956_sac_complexes,US (SAC),USSR,1956,study,579,KOLCHUGINO,,urban-industrial complex,1,579,,,56.3,39.3833,"SAC Atomic Weapons Requirements Study for 1959 (June 1956), Part I complex list (NSA EBB 538)",https://nsarchive.gwu.edu/document/15800-09-urban-industrial-target-list-part-i,C123,579 3780 KOLCHUGINO,DGZs=1; installations=2 (sub-complexes counted separately)
us_1956_sac_complexes,US (SAC),Czechoslovakia,1956,study,265,KOLIN CZECH,,urban-industrial complex,1,265,,,50.0333,15.2,"SAC Atomic Weapons Requirements Study for 1959 (June 1956), Part I complex list (NSA EBB 538)",https://nsarchive.gwu.edu/document/15800-09-urban-industrial-target-list-part-i,C124,265 3785 KOLIN CZECH,DGZs=1; installations=14 (sub-complexes counted separately)
us_1956_sac_complexes,US (SAC),USSR,1956,study,213,KOLOMNA,,urban-industrial complex,1,213,,,55.1,38.7833,"SAC Atomic Weapons Requirements Study for 1959 (June 1956), Part I complex list (NSA EBB 538)",https://nsarchive.gwu.edu/document/15800-09-urban-industrial-target-list-part-i,C124,213 3790 KOLOMNA,DGZs=1; installations=11 (sub-complexes counted separately)
us_1956_sac_complexes,US (SAC),USSR,1956,study,809,KOLOMYYA,,urban-industrial complex,1,809,,,48.5167,25.0667,"SAC Atomic Weapons Requirements Study for 1959 (June 1956), Part I complex list (NSA EBB 538)",https://nsarchive.gwu.edu/document/15800-09-urban-industrial-target-list-part-i,C124,809 3794 KOLOMYYA,DGZs=0; installations=2 (sub-complexes counted separately)
us_1956_sac_complexes,US (SAC),USSR,1956,study,710,KOLOSJOKI,,urban-industrial complex,1,710,,,69.4167,30.25,"SAC Atomic Weapons Requirements Study for 1959 (June 1956), Part I complex list (NSA EBB 538)",https://nsarchive.gwu.edu/document/15800-09-urban-industrial-target-list-part-i,C125,710 3797 KOLOSJOKI,DGZs=1; installations=2 (sub-complexes counted separately)
us_1956_sac_complexes,US (SAC),USSR,1956,study,973,KOLOSOVKA,,urban-industrial complex,1,973,,,47.3,31.0333,"SAC Atomic Weapons Requirements Study for 1959 (June 1956), Part I complex list (NSA EBB 538)",https://nsarchive.gwu.edu/document/15800-09-urban-industrial-target-list-part-i,C125,973 3798 KOLOSOVKA,DGZs=0; installations=2 (sub-complexes counted separately)
us_1956_sac_complexes,US (SAC),Czechoslovakia,1956,study,163,KOMARNO CZECH,,urban-industrial complex,1,163,,,47.7667,18.1333,"SAC Atomic Weapons Requirements Study for 1959 (June 1956), Part I complex list (NSA EBB 538)",https://nsarchive.gwu.edu/document/15800-09-urban-industrial-target-list-part-i,C125,163 3805 KOMARNO CZECH,DGZs=1; installations=4 (sub-complexes counted separately)
us_1956_sac_complexes,US (SAC),USSR,1956,study,463,KOMSOMOLSK,,urban-industrial complex,1,463,,,57.0167,40.3833,"SAC Atomic Weapons Requirements Study for 1959 (June 1956), Part I complex list (NSA EBB 538)",https://nsarchive.gwu.edu/document/15800-09-urban-industrial-target-list-part-i,C126,463 3830 KOMSOMOLSK,DGZs=1; installations=2 (sub-complexes counted separately)
us_1956_sac_complexes,US (SAC),USSR,1956,study,53,KOMSOMOLSK NA AMURE,,urban-industrial complex,1,53,,,50.55,137.05,"SAC Atomic Weapons Requirements Study for 1959 (June 1956), Part I complex list (NSA EBB 538)",https://nsarchive.gwu.edu/document/15800-09-urban-industrial-target-list-part-i,C126,53 3840 KOMSOMOLSK NA AMURE,DGZs=3; installations=30 (sub-complexes counted separately)
us_1956_sac_complexes,US (SAC),USSR,1956,study,877,KONDOPOGA,,urban-industrial complex,1,877,,,62.2,34.25,"SAC Atomic Weapons Requirements Study for 1959 (June 1956), Part I complex list (NSA EBB 538)",https://nsarchive.gwu.edu/document/15800-09-urban-industrial-target-list-part-i,C127,877 3850 KONDOPOGA,DGZs=0; installations=2 (sub-complexes counted separately)
us_1956_sac_complexes,US (SAC),Poland,1956,study,431,KONIN POL,,urban-industrial complex,1,431,,,52.2333,18.25,"SAC Atomic Weapons Requirements Study for 1959 (June 1956), Part I complex list (NSA EBB 538)",https://nsarchive.gwu.edu/document/15800-09-urban-industrial-target-list-part-i,C127,431 3863 KONIN POL,DGZs=0; installations=3 (sub-complexes counted separately)
us_1956_sac_complexes,US (SAC),USSR,1956,study,711,KONOSHA,,urban-industrial complex,1,711,,,60.9667,40.1833,"SAC Atomic Weapons Requirements Study for 1959 (June 1956), Part I complex list (NSA EBB 538)",https://nsarchive.gwu.edu/document/15800-09-urban-industrial-target-list-part-i,C127,711 3865 KONOSHA,DGZs=1; installations=2 (sub-complexes counted separately)
us_1956_sac_complexes,US (SAC),USSR,1956,study,250,KONOTOP,,urban-industrial complex,1,250,,,51.25,33.2,"SAC Atomic Weapons Requirements Study for 1959 (June 1956), Part I complex list (NSA EBB 538)",https://nsarchive.gwu.edu/document/15800-09-urban-industrial-target-list-part-i,C127,250 3870 KONOTOP,DGZs=1; installations=4 (sub-complexes counted separately)
us_1956_sac_complexes,US (SAC),USSR,1956,study,209,KONSTANTINOVKA,,urban-industrial complex,1,209,,,48.5333,37.7667,"SAC Atomic Weapons Requirements Study for 1959 (June 1956), Part I complex list (NSA EBB 538)",https://nsarchive.gwu.edu/document/15800-09-urban-industrial-target-list-part-i,C127,209 3880 KONSTANTINOVKA,DGZs=1; installations=10 (sub-complexes counted separately)
us_1956_sac_complexes,US (SAC),USSR,1956,study,910,KOPYCHINTSY,,urban-industrial complex,1,910,,,49.1,25.9333,"SAC Atomic Weapons Requirements Study for 1959 (June 1956), Part I complex list (NSA EBB 538)",https://nsarchive.gwu.edu/document/15800-09-urban-industrial-target-list-part-i,C127,910 39055 KOPYCHINTSY,DGZs=0; installations=2 (sub-complexes counted separately)
us_1956_sac_complexes,US (SAC),USSR,1956,study,810,KORENEVO,,urban-industrial complex,1,810,,,51.3833,34.9167,"SAC Atomic Weapons Requirements Study for 1959 (June 1956), Part I complex list (NSA EBB 538)",https://nsarchive.gwu.edu/document/15800-09-urban-industrial-target-list-part-i,C128,810 3906 KORENEVO,DGZs=0; installations=2 (sub-complexes counted separately)
us_1956_sac_complexes,US (SAC),USSR,1956,study,1030,KORKINO,,urban-industrial complex,1,1030,,,54.9,61.4,"SAC Atomic Weapons Requirements Study for 1959 (June 1956), Part I complex list (NSA EBB 538)",https://nsarchive.gwu.edu/document/15800-09-urban-industrial-target-list-part-i,C128,1030 39083 KORKINO,DGZs=0; installations=2 (sub-complexes counted separately)
us_1956_sac_complexes,US (SAC),USSR,1956,study,501,KOROSTEN,,urban-industrial complex,1,501,,,50.9667,28.6167,"SAC Atomic Weapons Requirements Study for 1959 (June 1956), Part I complex list (NSA EBB 538)",https://nsarchive.gwu.edu/document/15800-09-urban-industrial-target-list-part-i,C128,501 3910 KOROSTEN,DGZs=1; installations=5 (sub-complexes counted separately)
us_1956_sac_complexes,US (SAC),USSR,1956,study,109,KORSAKOV,,urban-industrial complex,1,109,,,46.6333,142.7667,"SAC Atomic Weapons Requirements Study for 1959 (June 1956), Part I complex list (NSA EBB 538)",https://nsarchive.gwu.edu/document/15800-09-urban-industrial-target-list-part-i,C128,109 3920 KORSAKOV,DGZs=0; installations=8 (sub-complexes counted separately)
us_1956_sac_complexes,US (SAC),Poland,1956,study,677,KORSZE POL,,urban-industrial complex,1,677,,,54.1667,21.1333,"SAC Atomic Weapons Requirements Study for 1959 (June 1956), Part I complex list (NSA EBB 538)",https://nsarchive.gwu.edu/document/15800-09-urban-industrial-target-list-part-i,C128,677 39205 KORSZE POL,DGZs=0; installations=2 (sub-complexes counted separately)
us_1956_sac_complexes,US (SAC),Czechoslovakia,1956,study,348,KOSICE CZECH,,urban-industrial complex,1,348,,,48.7333,21.2833,"SAC Atomic Weapons Requirements Study for 1959 (June 1956), Part I complex list (NSA EBB 538)",https://nsarchive.gwu.edu/document/15800-09-urban-industrial-target-list-part-i,C128,348 3925 KOSICE CZECH,DGZs=0; installations=6 (sub-complexes counted separately)
us_1956_sac_complexes,US (SAC),Poland,1956,study,712,KOSLIN POL,,urban-industrial complex,1,712,,,54.2,16.1667,"SAC Atomic Weapons Requirements Study for 1959 (June 1956), Part I complex list (NSA EBB 538)",https://nsarchive.gwu.edu/document/15800-09-urban-industrial-target-list-part-i,C129,712 3927 KOSLIN POL,DGZs=0; installations=3 (sub-complexes counted separately)
us_1956_sac_complexes,US (SAC),USSR,1956,study,347,KOSTROMA,,urban-industrial complex,1,347,,,57.7667,40.95,"SAC Atomic Weapons Requirements Study for 1959 (June 1956), Part I complex list (NSA EBB 538)",https://nsarchive.gwu.edu/document/15800-09-urban-industrial-target-list-part-i,C129,347 3940 KOSTROMA,DGZs=2; installations=8 (sub-complexes counted separately)
us_1956_sac_complexes,US (SAC),USSR,1956,study,536,KOTELNICH,,urban-industrial complex,1,536,,,58.3167,48.35,"SAC Atomic Weapons Requirements Study for 1959 (June 1956), Part I complex list (NSA EBB 538)",https://nsarchive.gwu.edu/document/15800-09-urban-industrial-target-list-part-i,C129,536 3950 KOTELNICH,DGZs=1; installations=2 (sub-complexes counted separately)
us_1956_sac_complexes,US (SAC),USSR,1956,study,713,KOTELNIKOVSKIY,,urban-industrial complex,1,713,,,47.6333,43.15,"SAC Atomic Weapons Requirements Study for 1959 (June 1956), Part I complex list (NSA EBB 538)",https://nsarchive.gwu.edu/document/15800-09-urban-industrial-target-list-part-i,C129,713 3952 KOTELNIKOVSKIY,DGZs=1; installations=2 (sub-complexes counted separately)
us_1956_sac_complexes,US (SAC),USSR,1956,study,507,KOTLAS,,urban-industrial complex,1,507,,,61.25,46.6333,"SAC Atomic Weapons Requirements Study for 1959 (June 1956), Part I complex list (NSA EBB 538)",https://nsarchive.gwu.edu/document/15800-09-urban-industrial-target-list-part-i,C129,507 3960 KOTLAS,DGZs=1; installations=4 (sub-complexes counted separately)
us_1956_sac_complexes,US (SAC),Poland,1956,study,1173,KOTZENAU POL,,urban-industrial complex,1,1173,,,51.4167,15.9,"SAC Atomic Weapons Requirements Study for 1959 (June 1956), Part I complex list (NSA EBB 538)",https://nsarchive.gwu.edu/document/15800-09-urban-industrial-target-list-part-i,C129,1173 3975 KOTZENAU POL,DGZs=0; installations=2 (sub-complexes counted separately)
us_1956_sac_complexes,US (SAC),USSR,1956,study,661,KOVEL,,urban-industrial complex,1,661,,,51.2333,24.7,"SAC Atomic Weapons Requirements Study for 1959 (June 1956), Part I complex list (NSA EBB 538)",https://nsarchive.gwu.edu/document/15800-09-urban-industrial-target-list-part-i,C130,661 3987 KOVEL,DGZs=1; installations=5 (sub-complexes counted separately)
us_1956_sac_complexes,US (SAC),USSR,1956,study,333,KOVROV,,urban-industrial complex,1,333,,,56.3667,41.3,"SAC Atomic Weapons Requirements Study for 1959 (June 1956), Part I complex list (NSA EBB 538)",https://nsarchive.gwu.edu/document/15800-09-urban-industrial-target-list-part-i,C130,333 3990 KOVROV,DGZs=1; installations=4 (sub-complexes counted separately)
us_1956_sac_complexes,US (SAC),USSR,1956,study,678,KOVYLKINO,,urban-industrial complex,1,678,,,54.0333,43.9167,"SAC Atomic Weapons Requirements Study for 1959 (June 1956), Part I complex list (NSA EBB 538)",https://nsarchive.gwu.edu/document/15800-09-urban-industrial-target-list-part-i,C130,678 3992 KOVYLKINO,DGZs=1; installations=2 (sub-complexes counted separately)
us_1956_sac_complexes,US (SAC),USSR,1956,study,1117,KOZHEVNIKOVO,,urban-industrial complex,1,1117,,,73.6333,110.75,"SAC Atomic Weapons Requirements Study for 1959 (June 1956), Part I complex list (NSA EBB 538)",https://nsarchive.gwu.edu/document/15800-09-urban-industrial-target-list-part-i,C130,1117 40005 KOZHEVNIKOVO,DGZs=0; installations=3 (sub-complexes counted separately)
us_1956_sac_complexes,US (SAC),Poland,1956,study,170,KRAKOW POL,,urban-industrial complex,1,170,,,50.05,19.9667,"SAC Atomic Weapons Requirements Study for 1959 (June 1956), Part I complex list (NSA EBB 538)",https://nsarchive.gwu.edu/document/15800-09-urban-industrial-target-list-part-i,C130,170 4005 KRAKOW POL,DGZs=4; installations=26 (sub-complexes counted separately)
us_1956_sac_complexes,US (SAC),USSR,1956,study,1174,KRASKINO,,urban-industrial complex,1,1174,,,42.7167,130.8,"SAC Atomic Weapons Requirements Study for 1959 (June 1956), Part I complex list (NSA EBB 538)",https://nsarchive.gwu.edu/document/15800-09-urban-industrial-target-list-part-i,C131,1174 4028 KRASKINO,DGZs=0; installations=2 (sub-complexes counted separately)
us_1956_sac_complexes,US (SAC),USSR,1956,study,923,KRASNAYA POLYANA,,urban-industrial complex,1,923,,,43.7,40.2167,"SAC Atomic Weapons Requirements Study for 1959 (June 1956), Part I complex list (NSA EBB 538)",https://nsarchive.gwu.edu/document/15800-09-urban-industrial-target-list-part-i,C131,923 40309 KRASNAYA POLYANA,DGZs=0; installations=2 (sub-complexes counted separately)
us_1956_sac_complexes,US (SAC),Poland,1956,study,734,KRASNIK POL,,urban-industrial complex,1,734,,,50.9167,22.2333,"SAC Atomic Weapons Requirements Study for 1959 (June 1956), Part I complex list (NSA EBB 538)",https://nsarchive.gwu.edu/document/15800-09-urban-industrial-target-list-part-i,C131,734 4033 KRASNIK POL,DGZs=0; installations=2 (sub-complexes counted separately)
us_1956_sac_complexes,US (SAC),USSR,1956,study,580,KRASNOARMEYSKOYE,,urban-industrial complex,1,580,,,48.2833,37.1833,"SAC Atomic Weapons Requirements Study for 1959 (June 1956), Part I complex list (NSA EBB 538)",https://nsarchive.gwu.edu/document/15800-09-urban-industrial-target-list-part-i,C131,580 4038 KRASNOARMEYSKOYE,DGZs=1; installations=2 (sub-complexes counted separately)
us_1956_sac_complexes,US (SAC),USSR,1956,study,64,KRASNODAR,,urban-industrial complex,1,64,,,45.0333,39.0,"SAC Atomic Weapons Requirements Study for 1959 (June 1956), Part I complex list (NSA EBB 538)",https://nsarchive.gwu.edu/document/15800-09-urban-industrial-target-list-part-i,C131,64 4040 KRASNODAR,DGZs=2; installations=13 (sub-complexes counted separately)
us_1956_sac_complexes,US (SAC),USSR,1956,study,853,KRASNOGRAD,,urban-industrial complex,1,853,,,49.3833,35.45,"SAC Atomic Weapons Requirements Study for 1959 (June 1956), Part I complex list (NSA EBB 538)",https://nsarchive.gwu.edu/document/15800-09-urban-industrial-target-list-part-i,C132,853 4045 KRASNOGRAD,DGZs=0; installations=3 (sub-complexes counted separately)
us_1956_sac_complexes,US (SAC),USSR,1956,study,318,KRASNOKAMSK,,urban-industrial complex,1,318,,,58.0833,55.7,"SAC Atomic Weapons Requirements Study for 1959 (June 1956), Part I complex list (NSA EBB 538)",https://nsarchive.gwu.edu/document/15800-09-urban-industrial-target-list-part-i,C132,318 4050 KRASNOKAMSK,DGZs=1; installations=6 (sub-complexes counted separately)
us_1956_sac_complexes,US (SAC),USSR,1956,study,558,KRASNOUFIMSK,,urban-industrial complex,1,558,,,56.6167,57.7833,"SAC Atomic Weapons Requirements Study for 1959 (June 1956), Part I complex list (NSA EBB 538)",https://nsarchive.gwu.edu/document/15800-09-urban-industrial-target-list-part-i,C132,558 4065 KRASNOUFIMSK,DGZs=1; installations=2 (sub-complexes counted separately)
us_1956_sac_complexes,US (SAC),USSR,1956,study,1011,KRASNOVKA,,urban-industrial complex,1,1011,,,47.4667,37.2,"SAC Atomic Weapons Requirements Study for 1959 (June 1956), Part I complex list (NSA EBB 538)",https://nsarchive.gwu.edu/document/15800-09-urban-industrial-target-list-part-i,C132,1011 4075 KRASNOVKA,DGZs=1; installations=2 (sub-complexes counted separately)
us_1956_sac_complexes,US (SAC),USSR,1956,study,79,KRASNOVODSK,,urban-industrial complex,1,79,,,40.0,53.0,"SAC Atomic Weapons Requirements Study for 1959 (June 1956), Part I complex list (NSA EBB 538)",https://nsarchive.gwu.edu/document/15800-09-urban-industrial-target-list-part-i,C132,79 4080 KRASNOVODSK,DGZs=3; installations=10 (sub-complexes counted separately)
us_1956_sac_complexes,US (SAC),USSR,1956,study,83,KRASNOYARSK,,urban-industrial complex,1,83,,,56.0167,92.8333,"SAC Atomic Weapons Requirements Study for 1959 (June 1956), Part I complex list (NSA EBB 538)",https://nsarchive.gwu.edu/document/15800-09-urban-industrial-target-list-part-i,C133,83 4090 KRASNOYARSK,DGZs=3; installations=20 (sub-complexes counted separately)
us_1956_sac_complexes,US (SAC),USSR,1956,study,1175,KRASNOYE,,urban-industrial complex,1,1175,,,54.7,31.05,"SAC Atomic Weapons Requirements Study for 1959 (June 1956), Part I complex list (NSA EBB 538)",https://nsarchive.gwu.edu/document/15800-09-urban-industrial-target-list-part-i,C133,1175 4091 KRASNOYE,DGZs=0; installations=2 (sub-complexes counted separately)
us_1956_sac_complexes,US (SAC),USSR,1956,study,342,KRASNOYE,,urban-industrial complex,1,342,,,49.9167,24.6167,"SAC Atomic Weapons Requirements Study for 1959 (June 1956), Part I complex list (NSA EBB 538)",https://nsarchive.gwu.edu/document/15800-09-urban-industrial-target-list-part-i,C133,342 4092 KRASNOYE,DGZs=1; installations=4 (sub-complexes counted separately)
us_1956_sac_complexes,US (SAC),USSR,1956,study,1109,KRASNY BEREG,,urban-industrial complex,1,1109,,,52.95,29.7667,"SAC Atomic Weapons Requirements Study for 1959 (June 1956), Part I complex list (NSA EBB 538)",https://nsarchive.gwu.edu/document/15800-09-urban-industrial-target-list-part-i,C133,1109 4093 KRASNY BEREG,DGZs=0; installations=2 (sub-complexes counted separately)
us_1956_sac_complexes,US (SAC),USSR,1956,study,924,KRASNYY KUT,,urban-industrial complex,1,924,,,50.9833,47.0167,"SAC Atomic Weapons Requirements Study for 1959 (June 1956), Part I complex list (NSA EBB 538)",https://nsarchive.gwu.edu/document/15800-09-urban-industrial-target-list-part-i,C133,924 4094 KRASNYY KUT,DGZs=0; installations=2 (sub-complexes counted separately)
us_1956_sac_complexes,US (SAC),USSR,1956,study,219,KRASNYY LUCH,,urban-industrial complex,1,219,,,48.1333,38.9333,"SAC Atomic Weapons Requirements Study for 1959 (June 1956), Part I complex list (NSA EBB 538)",https://nsarchive.gwu.edu/document/15800-09-urban-industrial-target-list-part-i,C133,219 4110 KRASNYY LUCH,DGZs=1; installations=4 (sub-complexes counted separately)
us_1956_sac_complexes,US (SAC),USSR,1956,study,442,KREMENCHUG,,urban-industrial complex,1,442,,,49.0333,33.45,"SAC Atomic Weapons Requirements Study for 1959 (June 1956), Part I complex list (NSA EBB 538)",https://nsarchive.gwu.edu/document/15800-09-urban-industrial-target-list-part-i,C134,442 4130 KREMENCHUG,DGZs=1; installations=10 (sub-complexes counted separately)
us_1956_sac_complexes,US (SAC),USSR,1956,study,1067,KREMENETS,,urban-industrial complex,1,1067,,,50.1,25.7333,"SAC Atomic Weapons Requirements Study for 1959 (June 1956), Part I complex list (NSA EBB 538)",https://nsarchive.gwu.edu/document/15800-09-urban-industrial-target-list-part-i,C134,1067 4131 KREMENETS,DGZs=0; installations=2 (sub-complexes counted separately)
us_1956_sac_complexes,US (SAC),Poland,1956,study,679,KREUZ POL,,urban-industrial complex,1,679,,,52.8833,16.0167,"SAC Atomic Weapons Requirements Study for 1959 (June 1956), Part I complex list (NSA EBB 538)",https://nsarchive.gwu.edu/document/15800-09-urban-industrial-target-list-part-i,C134,679 41342 KREUZ POL,DGZs=0; installations=3 (sub-complexes counted separately)
us_1956_sac_complexes,US (SAC),Poland,1956,study,680,KREUZBURG POL,,urban-industrial complex,1,680,,,50.9833,18.2167,"SAC Atomic Weapons Requirements Study for 1959 (June 1956), Part I complex list (NSA EBB 538)",https://nsarchive.gwu.edu/document/15800-09-urban-industrial-target-list-part-i,C134,680 41344 KREUZBURG POL,DGZs=0; installations=3 (sub-complexes counted separately)
us_1956_sac_complexes,US (SAC),USSR,1956,study,747,KRICHEV,,urban-industrial complex,1,747,,,53.7,31.7,"SAC Atomic Weapons Requirements Study for 1959 (June 1956), Part I complex list (NSA EBB 538)",https://nsarchive.gwu.edu/document/15800-09-urban-industrial-target-list-part-i,C134,747 41345 KRICHEV,DGZs=1; installations=3 (sub-complexes counted separately)
us_1956_sac_complexes,US (SAC),USSR,1956,study,190,KRIVOY ROG,,urban-industrial complex,1,190,,,47.9,33.35,"SAC Atomic Weapons Requirements Study for 1959 (June 1956), Part I complex list (NSA EBB 538)",https://nsarchive.gwu.edu/document/15800-09-urban-industrial-target-list-part-i,C135,190 4140 KRIVOY ROG,DGZs=3; installations=12 (sub-complexes counted separately)
us_1956_sac_complexes,US (SAC),Czechoslovakia,1956,study,925,KROMPACHY CZECH,,urban-industrial complex,1,925,,,48.9167,20.8667,"SAC Atomic Weapons Requirements Study for 1959 (June 1956), Part I complex list (NSA EBB 538)",https://nsarchive.gwu.edu/document/15800-09-urban-industrial-target-list-part-i,C135,925 4145 KROMPACHY CZECH,DGZs=0; installations=2 (sub-complexes counted separately)
us_1956_sac_complexes,US (SAC),USSR,1956,study,243,KRONSHTADT,,urban-industrial complex,1,243,,,59.9833,29.7833,"SAC Atomic Weapons Requirements Study for 1959 (June 1956), Part I complex list (NSA EBB 538)",https://nsarchive.gwu.edu/document/15800-09-urban-industrial-target-list-part-i,C135,243 4150 KRONSHTADT,DGZs=0; installations=6 (sub-complexes counted separately)
us_1956_sac_complexes,US (SAC),USSR,1956,study,443,KROPOTKIN,,urban-industrial complex,1,443,,,45.45,40.5667,"SAC Atomic Weapons Requirements Study for 1959 (June 1956), Part I complex list (NSA EBB 538)",https://nsarchive.gwu.edu/document/15800-09-urban-industrial-target-list-part-i,C135,443 4160 KROPOTKIN,DGZs=1; installations=3 (sub-complexes counted separately)
us_1956_sac_complexes,US (SAC),Poland,1956,study,833,KROSNO POL,,urban-industrial complex,1,833,,,49.7,21.75,"SAC Atomic Weapons Requirements Study for 1959 (June 1956), Part I complex list (NSA EBB 538)",https://nsarchive.gwu.edu/document/15800-09-urban-industrial-target-list-part-i,C136,833 4161 KROSNO POL,DGZs=1; installations=2 (sub-complexes counted separately)
us_1956_sac_complexes,US (SAC),USSR,1956,study,1012,KRULEVSHCHIZMA,,urban-industrial complex,1,1012,,,55.0333,27.8,"SAC Atomic Weapons Requirements Study for 1959 (June 1956), Part I complex list (NSA EBB 538)",https://nsarchive.gwu.edu/document/15800-09-urban-industrial-target-list-part-i,C136,1012 4162 KRULEVSHCHIZMA,DGZs=0; installations=2 (sub-complexes counted separately)
us_1956_sac_complexes,US (SAC),USSR,1956,study,811,KRUSTPILS,,urban-industrial complex,1,811,,,56.5,25.85,"SAC Atomic Weapons Requirements Study for 1959 (June 1956), Part I complex list (NSA EBB 538)",https://nsarchive.gwu.edu/document/15800-09-urban-industrial-target-list-part-i,C136,811 41634 KRUSTPILS,DGZs=0; installations=3 (sub-complexes counted separately)
us_1956_sac_complexes,US (SAC),USSR,1956,study,681,KSENYEVKA,,urban-industrial complex,1,681,,,53.55,118.7167,"SAC Atomic Weapons Requirements Study for 1959 (June 1956), Part I complex list (NSA EBB 538)",https://nsarchive.gwu.edu/document/15800-09-urban-industrial-target-list-part-i,C136,681 41642 KSENYEVKA,DGZs=1; installations=2 (sub-complexes counted separately)
us_1956_sac_complexes,US (SAC),USSR,1956,study,1110,KUBANSKAYA,,urban-industrial complex,1,1110,,,45.1333,40.65,"SAC Atomic Weapons Requirements Study for 1959 (June 1956), Part I complex list (NSA EBB 538)",https://nsarchive.gwu.edu/document/15800-09-urban-industrial-target-list-part-i,C136,1110 4165 KUBANSKAYA,DGZs=0; installations=2 (sub-complexes counted separately)
us_1956_sac_complexes,US (SAC),China,1956,study,764,KUEI LIN CHINA,,urban-industrial complex,1,764,,,25.2833,110.2833,"SAC Atomic Weapons Requirements Study for 1959 (June 1956), Part I complex list (NSA EBB 538)",https://nsarchive.gwu.edu/document/15800-09-urban-industrial-target-list-part-i,C136,764 4168 KUEI LIN CHINA,DGZs=1; installations=3 (sub-complexes counted separately)
us_1956_sac_complexes,US (SAC),China,1956,study,1176,KUEI PING CHINA,,urban-industrial complex,1,1176,,,23.4,110.0833,"SAC Atomic Weapons Requirements Study for 1959 (June 1956), Part I complex list (NSA EBB 538)",https://nsarchive.gwu.edu/document/15800-09-urban-industrial-target-list-part-i,C136,1176 41683 KUEI PING CHINA,DGZs=0; installations=2 (sub-complexes counted separately)
us_1956_sac_complexes,US (SAC),China,1956,study,412,KUEI SUI CHINA,,urban-industrial complex,1,412,,,40.7833,111.6167,"SAC Atomic Weapons Requirements Study for 1959 (June 1956), Part I complex list (NSA EBB 538)",https://nsarchive.gwu.edu/document/15800-09-urban-industrial-target-list-part-i,C136,412 41685 KUEI SUI CHINA,DGZs=1; installations=3 (sub-complexes counted separately)
us_1956_sac_complexes,US (SAC),China,1956,study,278,KUEI YANG CHINA,,urban-industrial complex,1,278,,,26.5833,106.7167,"SAC Atomic Weapons Requirements Study for 1959 (June 1956), Part I complex list (NSA EBB 538)",https://nsarchive.gwu.edu/document/15800-09-urban-industrial-target-list-part-i,C136,278 41687 KUEI YANG CHINA,DGZs=1; installations=2 (sub-complexes counted separately)
us_1956_sac_complexes,US (SAC),USSR,1956,study,537,KULEBAKI,,urban-industrial complex,1,537,,,55.4167,42.5333,"SAC Atomic Weapons Requirements Study for 1959 (June 1956), Part I complex list (NSA EBB 538)",https://nsarchive.gwu.edu/document/15800-09-urban-industrial-target-list-part-i,C137,537 4170 KULEBAKI,DGZs=1; installations=4 (sub-complexes counted separately)
us_1956_sac_complexes,US (SAC),USSR,1956,study,765,KUNGUR,,urban-industrial complex,1,765,,,57.4333,56.9833,"SAC Atomic Weapons Requirements Study for 1959 (June 1956), Part I complex list (NSA EBB 538)",https://nsarchive.gwu.edu/document/15800-09-urban-industrial-target-list-part-i,C137,765 4194 KUNGUR,DGZs=1; installations=4 (sub-complexes counted separately)
us_1956_sac_complexes,US (SAC),China,1956,study,312,KUN MING CHINA,,urban-industrial complex,1,312,,,25.0667,102.6833,"SAC Atomic Weapons Requirements Study for 1959 (June 1956), Part I complex list (NSA EBB 538)",https://nsarchive.gwu.edu/document/15800-09-urban-industrial-target-list-part-i,C137,312 4203 KUN MING CHINA,DGZs=1; installations=6 (sub-complexes counted separately)
us_1956_sac_complexes,US (SAC),USSR,1956,study,448,KUPYANSK,,urban-industrial complex,1,448,,,49.6833,37.65,"SAC Atomic Weapons Requirements Study for 1959 (June 1956), Part I complex list (NSA EBB 538)",https://nsarchive.gwu.edu/document/15800-09-urban-industrial-target-list-part-i,C137,448 4210 KUPYANSK,DGZs=1; installations=2 (sub-complexes counted separately)
us_1956_sac_complexes,US (SAC),USSR,1956,study,357,KURGAN,,urban-industrial complex,1,357,,,55.4333,65.3333,"SAC Atomic Weapons Requirements Study for 1959 (June 1956), Part I complex list (NSA EBB 538)",https://nsarchive.gwu.edu/document/15800-09-urban-industrial-target-list-part-i,C137,357 4220 KURGAN,DGZs=3; installations=5 (sub-complexes counted separately)
us_1956_sac_complexes,US (SAC),USSR,1956,study,878,KURGAN TYUBE,,urban-industrial complex,1,878,,,37.8333,68.7833,"SAC Atomic Weapons Requirements Study for 1959 (June 1956), Part I complex list (NSA EBB 538)",https://nsarchive.gwu.edu/document/15800-09-urban-industrial-target-list-part-i,C137,878 4230 KURGAN TYUBE,DGZs=0; installations=2 (sub-complexes counted separately)
us_1956_sac_complexes,US (SAC),USSR,1956,study,136,KURSK,,urban-industrial complex,1,136,,,51.7333,36.1833,"SAC Atomic Weapons Requirements Study for 1959 (June 1956), Part I complex list (NSA EBB 538)",https://nsarchive.gwu.edu/document/15800-09-urban-industrial-target-list-part-i,C137,136 4250 KURSK,DGZs=2; installations=7 (sub-complexes counted separately)
us_1956_sac_complexes,US (SAC),USSR,1956,study,714,KUSHCHEVSKAYA,,urban-industrial complex,1,714,,,46.55,39.6167,"SAC Atomic Weapons Requirements Study for 1959 (June 1956), Part I complex list (NSA EBB 538)",https://nsarchive.gwu.edu/document/15800-09-urban-industrial-target-list-part-i,C138,714 4266 KUSHCHEVSKAYA,DGZs=1; installations=2 (sub-complexes counted separately)
us_1956_sac_complexes,US (SAC),USSR,1956,study,609,KUSHMURUN,,urban-industrial complex,1,609,,,52.45,64.6,"SAC Atomic Weapons Requirements Study for 1959 (June 1956), Part I complex list (NSA EBB 538)",https://nsarchive.gwu.edu/document/15800-09-urban-industrial-target-list-part-i,C138,609 4267 KUSHMURUN,DGZs=1; installations=2 (sub-complexes counted separately)
us_1956_sac_complexes,US (SAC),USSR,1956,study,344,KUSHVA,,urban-industrial complex,1,344,,,58.3,59.7833,"SAC Atomic Weapons Requirements Study for 1959 (June 1956), Part I complex list (NSA EBB 538)",https://nsarchive.gwu.edu/document/15800-09-urban-industrial-target-list-part-i,C138,344 4280 KUSHVA,DGZs=1; installations=4 (sub-complexes counted separately)
us_1956_sac_complexes,US (SAC),Poland,1956,study,492,KUSTRIN POL,,urban-industrial complex,1,492,,,52.5833,14.6167,"SAC Atomic Weapons Requirements Study for 1959 (June 1956), Part I complex list (NSA EBB 538)",https://nsarchive.gwu.edu/document/15800-09-urban-industrial-target-list-part-i,C138,492 4285 KUSTRIN POL,DGZs=0; installations=5 (sub-complexes counted separately)
us_1956_sac_complexes,US (SAC),USSR,1956,study,246,KUTAISI,,urban-industrial complex,1,246,,,42.2667,42.7,"SAC Atomic Weapons Requirements Study for 1959 (June 1956), Part I complex list (NSA EBB 538)",https://nsarchive.gwu.edu/document/15800-09-urban-industrial-target-list-part-i,C138,246 4290 KUTAISI,DGZs=2; installations=12 (sub-complexes counted separately)
us_1956_sac_complexes,US (SAC),USSR,1956,study,8,KUYBYSHEV,,urban-industrial complex,1,8,,,53.2,50.1,"SAC Atomic Weapons Requirements Study for 1959 (June 1956), Part I complex list (NSA EBB 538)",https://nsarchive.gwu.edu/document/15800-09-urban-industrial-target-list-part-i,C139,8 4310 KUYBYSHEV,DGZs=4; installations=39 (sub-complexes counted separately)
us_1956_sac_complexes,US (SAC),USSR,1956,study,138,KUYBYSHEVKA,,urban-industrial complex,1,138,,,50.9167,128.4833,"SAC Atomic Weapons Requirements Study for 1959 (June 1956), Part I complex list (NSA EBB 538)",https://nsarchive.gwu.edu/document/15800-09-urban-industrial-target-list-part-i,C140,138 4314 KUYBYSHEVKA,DGZs=1; installations=6 (sub-complexes counted separately)
us_1956_sac_complexes,US (SAC),USSR,1956,study,879,KUZNETSK,,urban-industrial complex,1,879,,,53.1167,46.6,"SAC Atomic Weapons Requirements Study for 1959 (June 1956), Part I complex list (NSA EBB 538)",https://nsarchive.gwu.edu/document/15800-09-urban-industrial-target-list-part-i,C140,879 4320 KUZNETSK,DGZs=0; installations=2 (sub-complexes counted separately)
us_1956_sac_complexes,US (SAC),USSR,1956,study,1031,KYAKHTA,,urban-industrial complex,1,1031,,,50.35,106.45,"SAC Atomic Weapons Requirements Study for 1959 (June 1956), Part I complex list (NSA EBB 538)",https://nsarchive.gwu.edu/document/15800-09-urban-industrial-target-list-part-i,C140,1031 4322 KYAKHTA,DGZs=0; installations=3 (sub-complexes counted separately)
us_1956_sac_complexes,US (SAC),North Korea,1956,study,493,KYOSEN N KOREA,,urban-industrial complex,1,493,,,40.65,128.65,"SAC Atomic Weapons Requirements Study for 1959 (June 1956), Part I complex list (NSA EBB 538)",https://nsarchive.gwu.edu/document/15800-09-urban-industrial-target-list-part-i,C140,493 4325 KYOSEN N KOREA,DGZs=0; installations=5 (sub-complexes counted separately)
us_1956_sac_complexes,US (SAC),USSR,1956,study,41,KYSHTYM,,urban-industrial complex,1,41,,,55.7333,60.5667,"SAC Atomic Weapons Requirements Study for 1959 (June 1956), Part I complex list (NSA EBB 538)",https://nsarchive.gwu.edu/document/15800-09-urban-industrial-target-list-part-i,C140,41 4330 KYSHTYM,DGZs=2; installations=4 (sub-complexes counted separately)
us_1956_sac_complexes,US (SAC),USSR,1956,study,1032,LABINSKAYA,,urban-industrial complex,1,1032,,,44.65,40.75,"SAC Atomic Weapons Requirements Study for 1959 (June 1956), Part I complex list (NSA EBB 538)",https://nsarchive.gwu.edu/document/15800-09-urban-industrial-target-list-part-i,C141,1032 4396 LABINSKAYA,DGZs=1; installations=2 (sub-complexes counted separately)
us_1956_sac_complexes,US (SAC),China,1956,study,298,LAN CHOU CHINA,,urban-industrial complex,1,298,,,36.05,103.75,"SAC Atomic Weapons Requirements Study for 1959 (June 1956), Part I complex list (NSA EBB 538)",https://nsarchive.gwu.edu/document/15800-09-urban-industrial-target-list-part-i,C141,298 4403 LAN CHOU CHINA,DGZs=1; installations=4 (sub-complexes counted separately)
us_1956_sac_complexes,US (SAC),Poland,1956,study,581,LANDSBERG POL,,urban-industrial complex,1,581,,,52.7333,15.2167,"SAC Atomic Weapons Requirements Study for 1959 (June 1956), Part I complex list (NSA EBB 538)",https://nsarchive.gwu.edu/document/15800-09-urban-industrial-target-list-part-i,C141,581 44035 LANDSBERG POL,DGZs=0; installations=4 (sub-complexes counted separately)
us_1956_sac_complexes,US (SAC),China,1956,study,812,LAO HO KOU CHINA,,urban-industrial complex,1,812,,,32.3667,111.6667,"SAC Atomic Weapons Requirements Study for 1959 (June 1956), Part I complex list (NSA EBB 538)",https://nsarchive.gwu.edu/document/15800-09-urban-industrial-target-list-part-i,C141,812 4405 LAO HO KOU CHINA,DGZs=0; installations=2 (sub-complexes counted separately)
us_1956_sac_complexes,US (SAC),USSR,1956,study,694,LAPLANDIYA,,urban-industrial complex,1,694,,,68.25,33.3833,"SAC Atomic Weapons Requirements Study for 1959 (June 1956), Part I complex list (NSA EBB 538)",https://nsarchive.gwu.edu/document/15800-09-urban-industrial-target-list-part-i,C141,694 4410 LAPLANDIYA,DGZs=0; installations=2 (sub-complexes counted separately)
us_1956_sac_complexes,US (SAC),USSR,1956,study,926,LAPTEVO,,urban-industrial complex,1,926,,,54.4833,37.6833,"SAC Atomic Weapons Requirements Study for 1959 (June 1956), Part I complex list (NSA EBB 538)",https://nsarchive.gwu.edu/document/15800-09-urban-industrial-target-list-part-i,C141,926 4420 LAPTEVO,DGZs=0; installations=2 (sub-complexes counted separately)
us_1956_sac_complexes,US (SAC),Poland,1956,study,715,LAUENBURG POL,,urban-industrial complex,1,715,,,54.55,17.7667,"SAC Atomic Weapons Requirements Study for 1959 (June 1956), Part I complex list (NSA EBB 538)",https://nsarchive.gwu.edu/document/15800-09-urban-industrial-target-list-part-i,C141,715 4430 LAUENBURG POL,DGZs=0; installations=3 (sub-complexes counted separately)
us_1956_sac_complexes,US (SAC),East Germany,1956,study,144,LEIPZIG E GER,,urban-industrial complex,1,144,,,51.3333,12.3833,"SAC Atomic Weapons Requirements Study for 1959 (June 1956), Part I complex list (NSA EBB 538)",https://nsarchive.gwu.edu/document/15800-09-urban-industrial-target-list-part-i,C141,144 4465 LEIPZIG E GER,DGZs=9; installations=37 (sub-complexes counted separately)
us_1956_sac_complexes,US (SAC),East Germany,1956,study,904,LEISNIG E GER,,urban-industrial complex,1,904,,,51.1667,12.9167,"SAC Atomic Weapons Requirements Study for 1959 (June 1956), Part I complex list (NSA EBB 538)",https://nsarchive.gwu.edu/document/15800-09-urban-industrial-target-list-part-i,C143,904 4475 LEISNIG E GER,DGZs=0; installations=3 (sub-complexes counted separately)
us_1956_sac_complexes,US (SAC),USSR,1956,study,738,LENINAKAN,,urban-industrial complex,1,738,,,40.7667,43.85,"SAC Atomic Weapons Requirements Study for 1959 (June 1956), Part I complex list (NSA EBB 538)",https://nsarchive.gwu.edu/document/15800-09-urban-industrial-target-list-part-i,C143,738 4480 LENINAKAN,DGZs=1; installations=5 (sub-complexes counted separately)
us_1956_sac_complexes,US (SAC),USSR,1956,study,2,LENINGRAD,,urban-industrial complex,1,2,,,59.9333,30.3333,"SAC Atomic Weapons Requirements Study for 1959 (June 1956), Part I complex list (NSA EBB 538)",https://nsarchive.gwu.edu/document/15800-09-urban-industrial-target-list-part-i,C143,2 4490 LENINGRAD,DGZs=7; installations=139 (sub-complexes counted separately)
us_1956_sac_complexes,US (SAC),USSR,1956,study,301,LENINOGORSK,,urban-industrial complex,1,301,,,50.35,83.5333,"SAC Atomic Weapons Requirements Study for 1959 (June 1956), Part I complex list (NSA EBB 538)",https://nsarchive.gwu.edu/document/15800-09-urban-industrial-target-list-part-i,C146,301 4500 LENINOGORSK,DGZs=1; installations=5 (sub-complexes counted separately)
us_1956_sac_complexes,US (SAC),USSR,1956,study,974,LENINSKIY,,urban-industrial complex,1,974,,,51.8667,37.55,"SAC Atomic Weapons Requirements Study for 1959 (June 1956), Part I complex list (NSA EBB 538)",https://nsarchive.gwu.edu/document/15800-09-urban-industrial-target-list-part-i,C147,974 4507 LENINSKIY,DGZs=0; installations=2 (sub-complexes counted separately)
us_1956_sac_complexes,US (SAC),USSR,1956,study,460,LENINSK KUZNETSKIY,,urban-industrial complex,1,460,,,54.65,86.1667,"SAC Atomic Weapons Requirements Study for 1959 (June 1956), Part I complex list (NSA EBB 538)",https://nsarchive.gwu.edu/document/15800-09-urban-industrial-target-list-part-i,C147,460 4510 LENINSK KUZNETSKIY,DGZs=1; installations=6 (sub-complexes counted separately)
us_1956_sac_complexes,US (SAC),USSR,1956,study,283,LEPAYA,,urban-industrial complex,1,283,,,56.5333,21.0,"SAC Atomic Weapons Requirements Study for 1959 (June 1956), Part I complex list (NSA EBB 538)",https://nsarchive.gwu.edu/document/15800-09-urban-industrial-target-list-part-i,C147,283 4520 LEPAYA,DGZs=0; installations=17 (sub-complexes counted separately)
us_1956_sac_complexes,US (SAC),USSR,1956,study,1111,LEPEL,,urban-industrial complex,1,1111,,,54.8833,28.7,"SAC Atomic Weapons Requirements Study for 1959 (June 1956), Part I complex list (NSA EBB 538)",https://nsarchive.gwu.edu/document/15800-09-urban-industrial-target-list-part-i,C147,1111 45202 LEPEL,DGZs=0; installations=2 (sub-complexes counted separately)
us_1956_sac_complexes,US (SAC),Poland,1956,study,582,LESZNO POL,,urban-industrial complex,1,582,,,51.85,16.5833,"SAC Atomic Weapons Requirements Study for 1959 (June 1956), Part I complex list (NSA EBB 538)",https://nsarchive.gwu.edu/document/15800-09-urban-industrial-target-list-part-i,C147,582 45208 LESZNO POL,DGZs=0; installations=2 (sub-complexes counted separately)
us_1956_sac_complexes,US (SAC),Czechoslovakia,1956,study,508,LEVICE CZECH,,urban-industrial complex,1,508,,,48.2333,18.6167,"SAC Atomic Weapons Requirements Study for 1959 (June 1956), Part I complex list (NSA EBB 538)",https://nsarchive.gwu.edu/document/15800-09-urban-industrial-target-list-part-i,C148,508 4535 LEVICE CZECH,DGZs=0; installations=3 (sub-complexes counted separately)
us_1956_sac_complexes,US (SAC),USSR,1956,study,975,LEV TOLSTOY,,urban-industrial complex,1,975,,,53.2333,39.45,"SAC Atomic Weapons Requirements Study for 1959 (June 1956), Part I complex list (NSA EBB 538)",https://nsarchive.gwu.edu/document/15800-09-urban-industrial-target-list-part-i,C148,975 45357 LEV TOLSTOY,DGZs=0; installations=2 (sub-complexes counted separately)
us_1956_sac_complexes,US (SAC),USSR,1956,study,291,LGOV,,urban-industrial complex,1,291,,,51.65,35.25,"SAC Atomic Weapons Requirements Study for 1959 (June 1956), Part I complex list (NSA EBB 538)",https://nsarchive.gwu.edu/document/15800-09-urban-industrial-target-list-part-i,C148,291 4540 LGOV,DGZs=1; installations=4 (sub-complexes counted separately)
us_1956_sac_complexes,US (SAC),China (Manchuria),1956,study,610,LIAO YUAN MANCH,,urban-industrial complex,1,610,,,43.5,123.5,"SAC Atomic Weapons Requirements Study for 1959 (June 1956), Part I complex list (NSA EBB 538)",https://nsarchive.gwu.edu/document/15800-09-urban-industrial-target-list-part-i,C148,610 4546 LIAO YUAN MANCH,DGZs=1; installations=2 (sub-complexes counted separately)
us_1956_sac_complexes,US (SAC),USSR,1956,study,813,LIDA,,urban-industrial complex,1,813,,,53.8833,25.3,"SAC Atomic Weapons Requirements Study for 1959 (June 1956), Part I complex list (NSA EBB 538)",https://nsarchive.gwu.edu/document/15800-09-urban-industrial-target-list-part-i,C148,813 4560 LIDA,DGZs=0; installations=2 (sub-complexes counted separately)
us_1956_sac_complexes,US (SAC),East Germany,1956,study,1177,LIEBEROSE E GER,,urban-industrial complex,1,1177,,,52.0167,14.3,"SAC Atomic Weapons Requirements Study for 1959 (June 1956), Part I complex list (NSA EBB 538)",https://nsarchive.gwu.edu/document/15800-09-urban-industrial-target-list-part-i,C148,1177 4562 LIEBEROSE E GER,DGZs=0; installations=2 (sub-complexes counted separately)
us_1956_sac_complexes,US (SAC),Poland,1956,study,145,LIEGNITZ POL,,urban-industrial complex,1,145,,,51.2,16.1667,"SAC Atomic Weapons Requirements Study for 1959 (June 1956), Part I complex list (NSA EBB 538)",https://nsarchive.gwu.edu/document/15800-09-urban-industrial-target-list-part-i,C148,145 4565 LIEGNITZ POL,DGZs=1; installations=9 (sub-complexes counted separately)
us_1956_sac_complexes,US (SAC),China (Manchuria),1956,study,594,LIEN SHAN MANCH,,urban-industrial complex,1,594,,,40.7333,120.8667,"SAC Atomic Weapons Requirements Study for 1959 (June 1956), Part I complex list (NSA EBB 538)",https://nsarchive.gwu.edu/document/15800-09-urban-industrial-target-list-part-i,C149,594 4575 LIEN SHAN MANCH,DGZs=1; installations=9 (sub-complexes counted separately)
us_1956_sac_complexes,US (SAC),China,1956,study,814,LIEN YUN CHINA,,urban-industrial complex,1,814,,,34.7333,119.45,"SAC Atomic Weapons Requirements Study for 1959 (June 1956), Part I complex list (NSA EBB 538)",https://nsarchive.gwu.edu/document/15800-09-urban-industrial-target-list-part-i,C149,814 4579 LIEN YUN CHINA,DGZs=0; installations=2 (sub-complexes counted separately)
us_1956_sac_complexes,US (SAC),USSR,1956,study,399,LIKHOSLAVL,,urban-industrial complex,1,399,,,57.1167,35.4667,"SAC Atomic Weapons Requirements Study for 1959 (June 1956), Part I complex list (NSA EBB 538)",https://nsarchive.gwu.edu/document/15800-09-urban-industrial-target-list-part-i,C149,399 4593 LIKHOSLAVL,DGZs=1; installations=3 (sub-complexes counted separately)
us_1956_sac_complexes,US (SAC),Poland,1956,study,695,LIMANOWA SOWLINY POL,,urban-industrial complex,1,695,,,49.7333,20.4,"SAC Atomic Weapons Requirements Study for 1959 (June 1956), Part I complex list (NSA EBB 538)",https://nsarchive.gwu.edu/document/15800-09-urban-industrial-target-list-part-i,C149,695 4595 LIMANOWA SOWLINY POL,DGZs=1; installations=3 (sub-complexes counted separately)
us_1956_sac_complexes,US (SAC),China,1956,study,315,LIN YU CHINA,,urban-industrial complex,1,315,,,40.0167,119.7333,"SAC Atomic Weapons Requirements Study for 1959 (June 1956), Part I complex list (NSA EBB 538)",https://nsarchive.gwu.edu/document/15800-09-urban-industrial-target-list-part-i,C149,315 4599 LIN YU CHINA,DGZs=0; installations=5 (sub-complexes counted separately)
us_1956_sac_complexes,US (SAC),USSR,1956,study,225,LIPETSK,,urban-industrial complex,1,225,,,52.6167,39.6,"SAC Atomic Weapons Requirements Study for 1959 (June 1956), Part I complex list (NSA EBB 538)",https://nsarchive.gwu.edu/document/15800-09-urban-industrial-target-list-part-i,C150,225 4600 LIPETSK,DGZs=2; installations=10 (sub-complexes counted separately)
us_1956_sac_complexes,US (SAC),USSR,1956,study,214,LISICHANSK,,urban-industrial complex,1,214,,,48.9167,38.4,"SAC Atomic Weapons Requirements Study for 1959 (June 1956), Part I complex list (NSA EBB 538)",https://nsarchive.gwu.edu/document/15800-09-urban-industrial-target-list-part-i,C150,214 4630 LISICHANSK,DGZs=1; installations=5 (sub-complexes counted separately)
us_1956_sac_complexes,US (SAC),USSR,1956,study,509,LISKI,,urban-industrial complex,1,509,,,50.9667,39.5167,"SAC Atomic Weapons Requirements Study for 1959 (June 1956), Part I complex list (NSA EBB 538)",https://nsarchive.gwu.edu/document/15800-09-urban-industrial-target-list-part-i,C150,509 4640 LISKI,DGZs=1; installations=2 (sub-complexes counted separately)
us_1956_sac_complexes,US (SAC),China,1956,study,774,LIU CHOU CHINA,,urban-industrial complex,1,774,,,24.3167,109.4,"SAC Atomic Weapons Requirements Study for 1959 (June 1956), Part I complex list (NSA EBB 538)",https://nsarchive.gwu.edu/document/15800-09-urban-industrial-target-list-part-i,C150,774 46415 LIU CHOU CHINA,DGZs=0; installations=5 (sub-complexes counted separately)
us_1956_sac_complexes,US (SAC),Poland,1956,study,183,LODZ POL,,urban-industrial complex,1,183,,,51.75,19.4333,"SAC Atomic Weapons Requirements Study for 1959 (June 1956), Part I complex list (NSA EBB 538)",https://nsarchive.gwu.edu/document/15800-09-urban-industrial-target-list-part-i,C151,183 4665 LODZ POL,DGZs=2; installations=13 (sub-complexes counted separately)
us_1956_sac_complexes,US (SAC),Hungary,1956,study,359,LORINCI HUNG,,urban-industrial complex,1,359,,,47.7833,19.6667,"SAC Atomic Weapons Requirements Study for 1959 (June 1956), Part I complex list (NSA EBB 538)",https://nsarchive.gwu.edu/document/15800-09-urban-industrial-target-list-part-i,C151,359 4675 LORINCI HUNG,DGZs=0; installations=2 (sub-complexes counted separately)
us_1956_sac_complexes,US (SAC),USSR,1956,study,1178,LOUKHI,,urban-industrial complex,1,1178,,,66.0833,33.0667,"SAC Atomic Weapons Requirements Study for 1959 (June 1956), Part I complex list (NSA EBB 538)",https://nsarchive.gwu.edu/document/15800-09-urban-industrial-target-list-part-i,C152,1178 4680 LOUKHI,DGZs=0; installations=2 (sub-complexes counted separately)
us_1956_sac_complexes,US (SAC),Bulgaria,1956,study,865,LOVECH BULG,,urban-industrial complex,1,865,,,43.1833,24.7,"SAC Atomic Weapons Requirements Study for 1959 (June 1956), Part I complex list (NSA EBB 538)",https://nsarchive.gwu.edu/document/15800-09-urban-industrial-target-list-part-i,C152,865 4685 LOVECH BULG,DGZs=0; installations=5 (sub-complexes counted separately)
us_1956_sac_complexes,US (SAC),China,1956,study,815,LO YANG CHINA,,urban-industrial complex,1,815,,,34.6833,112.4667,"SAC Atomic Weapons Requirements Study for 1959 (June 1956), Part I complex list (NSA EBB 538)",https://nsarchive.gwu.edu/document/15800-09-urban-industrial-target-list-part-i,C152,815 4703 LO YANG CHINA,DGZs=0; installations=4 (sub-complexes counted separately)
us_1956_sac_complexes,US (SAC),USSR,1956,study,583,LOZOVAYA,,urban-industrial complex,1,583,,,48.9,36.3167,"SAC Atomic Weapons Requirements Study for 1959 (June 1956), Part I complex list (NSA EBB 538)",https://nsarchive.gwu.edu/document/15800-09-urban-industrial-target-list-part-i,C152,583 4704 LOZOVAYA,DGZs=1; installations=3 (sub-complexes counted separately)
us_1956_sac_complexes,US (SAC),Poland,1956,study,248,LUBLIN POL,,urban-industrial complex,1,248,,,51.25,22.5667,"SAC Atomic Weapons Requirements Study for 1959 (June 1956), Part I complex list (NSA EBB 538)",https://nsarchive.gwu.edu/document/15800-09-urban-industrial-target-list-part-i,C152,248 4725 LUBLIN POL,DGZs=1; installations=9 (sub-complexes counted separately)
us_1956_sac_complexes,US (SAC),USSR,1956,study,816,LUBNY,,urban-industrial complex,1,816,,,50.0167,33.0167,"SAC Atomic Weapons Requirements Study for 1959 (June 1956), Part I complex list (NSA EBB 538)",https://nsarchive.gwu.edu/document/15800-09-urban-industrial-target-list-part-i,C152,816 4730 LUBNY,DGZs=0; installations=2 (sub-complexes counted separately)
us_1956_sac_complexes,US (SAC),USSR,1956,study,641,LUGA,,urban-industrial complex,1,641,,,58.7333,29.85,"SAC Atomic Weapons Requirements Study for 1959 (June 1956), Part I complex list (NSA EBB 538)",https://nsarchive.gwu.edu/document/15800-09-urban-industrial-target-list-part-i,C152,641 4760 LUGA,DGZs=1; installations=3 (sub-complexes counted separately)
us_1956_sac_complexes,US (SAC),Romania,1956,study,1068,LUGOJ RUM,,urban-industrial complex,1,1068,,,45.6667,21.9167,"SAC Atomic Weapons Requirements Study for 1959 (June 1956), Part I complex list (NSA EBB 538)",https://nsarchive.gwu.edu/document/15800-09-urban-industrial-target-list-part-i,C153,1068 47603 LUGOJ RUM,DGZs=0; installations=5 (sub-complexes counted separately)
us_1956_sac_complexes,US (SAC),Poland,1956,study,477,LUKOW POL,,urban-industrial complex,1,477,,,51.9,22.4333,"SAC Atomic Weapons Requirements Study for 1959 (June 1956), Part I complex list (NSA EBB 538)",https://nsarchive.gwu.edu/document/15800-09-urban-industrial-target-list-part-i,C153,477 47615 LUKOW POL,DGZs=0; installations=3 (sub-complexes counted separately)
us_1956_sac_complexes,US (SAC),USSR,1956,study,976,LUNINETS,,urban-industrial complex,1,976,,,52.25,26.8167,"SAC Atomic Weapons Requirements Study for 1959 (June 1956), Part I complex list (NSA EBB 538)",https://nsarchive.gwu.edu/document/15800-09-urban-industrial-target-list-part-i,C153,976 4770 LUNINETS,DGZs=0; installations=2 (sub-complexes counted separately)
us_1956_sac_complexes,US (SAC),China (Manchuria),1956,study,474,LU PIN MANCH,,urban-industrial complex,1,474,,,49.5833,117.4333,"SAC Atomic Weapons Requirements Study for 1959 (June 1956), Part I complex list (NSA EBB 538)",https://nsarchive.gwu.edu/document/15800-09-urban-industrial-target-list-part-i,C153,474 4776 LU PIN MANCH,DGZs=1; installations=3 (sub-complexes counted separately)
us_1956_sac_complexes,US (SAC),USSR,1956,study,954,LUTSK,,urban-industrial complex,1,954,,,50.75,25.3167,"SAC Atomic Weapons Requirements Study for 1959 (June 1956), Part I complex list (NSA EBB 538)",https://nsarchive.gwu.edu/document/15800-09-urban-industrial-target-list-part-i,C153,954 4777 LUTSK,DGZs=1; installations=2 (sub-complexes counted separately)
us_1956_sac_complexes,US (SAC),USSR,1956,study,21,LVOV,,urban-industrial complex,1,21,,,49.85,24.0333,"SAC Atomic Weapons Requirements Study for 1959 (June 1956), Part I complex list (NSA EBB 538)",https://nsarchive.gwu.edu/document/15800-09-urban-industrial-target-list-part-i,C153,21 4780 LVOV,DGZs=2; installations=16 (sub-complexes counted separately)
us_1956_sac_complexes,US (SAC),USSR,1956,study,817,LYSVA,,urban-industrial complex,1,817,,,58.1,57.8167,"SAC Atomic Weapons Requirements Study for 1959 (June 1956), Part I complex list (NSA EBB 538)",https://nsarchive.gwu.edu/document/15800-09-urban-industrial-target-list-part-i,C154,817 4790 LYSVA,DGZs=0; installations=2 (sub-complexes counted separately)
us_1956_sac_complexes,US (SAC),USSR,1956,study,946,LYUDINOVO,,urban-industrial complex,1,946,,,53.8667,34.45,"SAC Atomic Weapons Requirements Study for 1959 (June 1956), Part I complex list (NSA EBB 538)",https://nsarchive.gwu.edu/document/15800-09-urban-industrial-target-list-part-i,C154,946 4800 LYUDINOVO,DGZs=0; installations=2 (sub-complexes counted separately)
us_1956_sac_complexes,US (SAC),China,1956,study,1069,MA AN SHAN CHINA,,urban-industrial complex,1,1069,,,31.7167,118.4833,"SAC Atomic Weapons Requirements Study for 1959 (June 1956), Part I complex list (NSA EBB 538)",https://nsarchive.gwu.edu/document/15800-09-urban-industrial-target-list-part-i,C154,1069 4815 MA AN SHAN CHINA,DGZs=0; installations=3 (sub-complexes counted separately)
us_1956_sac_complexes,US (SAC),Hungary,1956,study,1033,MAD HUNG,,urban-industrial complex,1,1033,,,48.1833,21.2833,"SAC Atomic Weapons Requirements Study for 1959 (June 1956), Part I complex list (NSA EBB 538)",https://nsarchive.gwu.edu/document/15800-09-urban-industrial-target-list-part-i,C154,1033 4825 MAD HUNG,DGZs=1; installations=2 (sub-complexes counted separately)
us_1956_sac_complexes,US (SAC),USSR,1956,study,835,MAGADAN,,urban-industrial complex,1,835,,,59.5833,150.7,"SAC Atomic Weapons Requirements Study for 1959 (June 1956), Part I complex list (NSA EBB 538)",https://nsarchive.gwu.edu/document/15800-09-urban-industrial-target-list-part-i,C154,835 4830 MAGADAN,DGZs=0; installations=10 (sub-complexes counted separately)
us_1956_sac_complexes,US (SAC),USSR,1956,study,682,MAGDAGACHI,,urban-industrial complex,1,682,,,53.45,125.7833,"SAC Atomic Weapons Requirements Study for 1959 (June 1956), Part I complex list (NSA EBB 538)",https://nsarchive.gwu.edu/document/15800-09-urban-industrial-target-list-part-i,C154,682 4834 MAGDAGACHI,DGZs=1; installations=2 (sub-complexes counted separately)
us_1956_sac_complexes,US (SAC),East Germany,1956,study,173,MAGDEBURG E GER,,urban-industrial complex,1,173,,,52.1667,11.6667,"SAC Atomic Weapons Requirements Study for 1959 (June 1956), Part I complex list (NSA EBB 538)",https://nsarchive.gwu.edu/document/15800-09-urban-industrial-target-list-part-i,C155,173 4835 MAGDEBURG E GER,DGZs=4; installations=48 (sub-complexes counted separately)
us_1956_sac_complexes,US (SAC),USSR,1956,study,126,MAGNITOGORSK,,urban-industrial complex,1,126,,,53.4,59.0833,"SAC Atomic Weapons Requirements Study for 1959 (June 1956), Part I complex list (NSA EBB 538)",https://nsarchive.gwu.edu/document/15800-09-urban-industrial-target-list-part-i,C156,126 4840 MAGNITOGORSK,DGZs=2; installations=11 (sub-complexes counted separately)
us_1956_sac_complexes,US (SAC),USSR,1956,study,112,MAKHACHKALA,,urban-industrial complex,1,112,,,42.9833,47.5,"SAC Atomic Weapons Requirements Study for 1959 (June 1956), Part I complex list (NSA EBB 538)",https://nsarchive.gwu.edu/document/15800-09-urban-industrial-target-list-part-i,C156,112 4860 MAKHACHKALA,DGZs=4; installations=12 (sub-complexes counted separately)
us_1956_sac_complexes,US (SAC),USSR,1956,study,559,MAKUSHINO,,urban-industrial complex,1,559,,,55.2167,67.2167,"SAC Atomic Weapons Requirements Study for 1959 (June 1956), Part I complex list (NSA EBB 538)",https://nsarchive.gwu.edu/document/15800-09-urban-industrial-target-list-part-i,C157,559 4864 MAKUSHINO,DGZs=1; installations=2 (sub-complexes counted separately)
us_1956_sac_complexes,US (SAC),Czechoslovakia,1956,study,1179,MALACKY CZECH,,urban-industrial complex,1,1179,,,48.4333,17.0167,"SAC Atomic Weapons Requirements Study for 1959 (June 1956), Part I complex list (NSA EBB 538)",https://nsarchive.gwu.edu/document/15800-09-urban-industrial-target-list-part-i,C157,1179 4870 MALACKY CZECH,DGZs=0; installations=2 (sub-complexes counted separately)
us_1956_sac_complexes,US (SAC),Bulgaria,1956,study,1070,MALA TSURKVA BULG,,urban-industrial complex,1,1070,,,42.25,23.5,"SAC Atomic Weapons Requirements Study for 1959 (June 1956), Part I complex list (NSA EBB 538)",https://nsarchive.gwu.edu/document/15800-09-urban-industrial-target-list-part-i,C157,1070 48753 MALA TSURKVA BULG,DGZs=0; installations=2 (sub-complexes counted separately)
us_1956_sac_complexes,US (SAC),East Germany,1956,study,880,MALCHIN E GER,,urban-industrial complex,1,880,,,53.7333,12.7833,"SAC Atomic Weapons Requirements Study for 1959 (June 1956), Part I complex list (NSA EBB 538)",https://nsarchive.gwu.edu/document/15800-09-urban-industrial-target-list-part-i,C157,880 48765 MALCHIN E GER,DGZs=0; installations=2 (sub-complexes counted separately)
us_1956_sac_complexes,US (SAC),USSR,1956,study,117,MALOYAROSLAVETS,,urban-industrial complex,1,117,,,55.0167,36.4833,"SAC Atomic Weapons Requirements Study for 1959 (June 1956), Part I complex list (NSA EBB 538)",https://nsarchive.gwu.edu/document/15800-09-urban-industrial-target-list-part-i,C157,117 48775 MALOYAROSLAVETS,DGZs=2; installations=3 (sub-complexes counted separately)
us_1956_sac_complexes,US (SAC),Romania,1956,study,1180,MANGALIA RUM,,urban-industrial complex,1,1180,,,43.8333,28.5667,"SAC Atomic Weapons Requirements Study for 1959 (June 1956), Part I complex list (NSA EBB 538)",https://nsarchive.gwu.edu/document/15800-09-urban-industrial-target-list-part-i,C157,1180 48795 MANGALIA RUM,DGZs=0; installations=2 (sub-complexes counted separately)
us_1956_sac_complexes,US (SAC),USSR,1956,study,662,MANZOVKA,,urban-industrial complex,1,662,,,44.1833,132.4333,"SAC Atomic Weapons Requirements Study for 1959 (June 1956), Part I complex list (NSA EBB 538)",https://nsarchive.gwu.edu/document/15800-09-urban-industrial-target-list-part-i,C157,662 48799 MANZOVKA,DGZs=0; installations=2 (sub-complexes counted separately)
us_1956_sac_complexes,US (SAC),USSR,1956,study,927,MAOKA,,urban-industrial complex,1,927,,,47.05,142.05,"SAC Atomic Weapons Requirements Study for 1959 (June 1956), Part I complex list (NSA EBB 538)",https://nsarchive.gwu.edu/document/15800-09-urban-industrial-target-list-part-i,C158,927 4880 MAOKA,DGZs=0; installations=4 (sub-complexes counted separately)
us_1956_sac_complexes,US (SAC),USSR,1956,study,510,MARIINSK,,urban-industrial complex,1,510,,,56.2167,87.75,"SAC Atomic Weapons Requirements Study for 1959 (June 1956), Part I complex list (NSA EBB 538)",https://nsarchive.gwu.edu/document/15800-09-urban-industrial-target-list-part-i,C158,510 48972 MARIINSK,DGZs=1; installations=2 (sub-complexes counted separately)
us_1956_sac_complexes,US (SAC),USSR,1956,study,947,MARKS,,urban-industrial complex,1,947,,,51.7,46.7667,"SAC Atomic Weapons Requirements Study for 1959 (June 1956), Part I complex list (NSA EBB 538)",https://nsarchive.gwu.edu/document/15800-09-urban-industrial-target-list-part-i,C158,947 4900 MARKS,DGZs=0; installations=3 (sub-complexes counted separately)
us_1956_sac_complexes,US (SAC),USSR,1956,study,700,MAYKOP,,urban-industrial complex,1,700,,,44.6167,40.1167,"SAC Atomic Weapons Requirements Study for 1959 (June 1956), Part I complex list (NSA EBB 538)",https://nsarchive.gwu.edu/document/15800-09-urban-industrial-target-list-part-i,C158,700 4910 MAYKOP,DGZs=1; installations=5 (sub-complexes counted separately)
us_1956_sac_complexes,US (SAC),Romania,1956,study,351,MEDGIDIA RUM,,urban-industrial complex,1,351,,,44.25,28.2833,"SAC Atomic Weapons Requirements Study for 1959 (June 1956), Part I complex list (NSA EBB 538)",https://nsarchive.gwu.edu/document/15800-09-urban-industrial-target-list-part-i,C158,351 4925 MEDGIDIA RUM,DGZs=0; installations=2 (sub-complexes counted separately)
us_1956_sac_complexes,US (SAC),USSR,1956,study,611,MEDNOGORSK,,urban-industrial complex,1,611,,,51.4,57.6,"SAC Atomic Weapons Requirements Study for 1959 (June 1956), Part I complex list (NSA EBB 538)",https://nsarchive.gwu.edu/document/15800-09-urban-industrial-target-list-part-i,C158,611 4930 MEDNOGORSK,DGZs=0; installations=2 (sub-complexes counted separately)
us_1956_sac_complexes,US (SAC),China (Manchuria),1956,study,748,MEI HO KOU MANCH,,urban-industrial complex,1,748,,,42.5333,125.6833,"SAC Atomic Weapons Requirements Study for 1959 (June 1956), Part I complex list (NSA EBB 538)",https://nsarchive.gwu.edu/document/15800-09-urban-industrial-target-list-part-i,C159,748 4940 MEI HO KOU MANCH,DGZs=0; installations=2 (sub-complexes counted separately)
us_1956_sac_complexes,US (SAC),USSR,1956,study,511,MELITOPOL,,urban-industrial complex,1,511,,,46.8333,35.3667,"SAC Atomic Weapons Requirements Study for 1959 (June 1956), Part I complex list (NSA EBB 538)",https://nsarchive.gwu.edu/document/15800-09-urban-industrial-target-list-part-i,C159,511 4950 MELITOPOL,DGZs=1; installations=4 (sub-complexes counted separately)
us_1956_sac_complexes,US (SAC),USSR,1956,study,1112,MELOVOYE,,urban-industrial complex,1,1112,,,49.3667,40.1,"SAC Atomic Weapons Requirements Study for 1959 (June 1956), Part I complex list (NSA EBB 538)",https://nsarchive.gwu.edu/document/15800-09-urban-industrial-target-list-part-i,C159,1112 49505 MELOVOYE,DGZs=0; installations=2 (sub-complexes counted separately)
us_1956_sac_complexes,US (SAC),USSR,1956,study,1113,MENA,,urban-industrial complex,1,1113,,,51.5167,32.2,"SAC Atomic Weapons Requirements Study for 1959 (June 1956), Part I complex list (NSA EBB 538)",https://nsarchive.gwu.edu/document/15800-09-urban-industrial-target-list-part-i,C159,1113 4951 MENA,DGZs=0; installations=2 (sub-complexes counted separately)
us_1956_sac_complexes,US (SAC),Poland,1956,study,1181,MESERITZ POL,,urban-industrial complex,1,1181,,,52.4167,15.5667,"SAC Atomic Weapons Requirements Study for 1959 (June 1956), Part I complex list (NSA EBB 538)",https://nsarchive.gwu.edu/document/15800-09-urban-industrial-target-list-part-i,C159,1181 4960 MESERITZ POL,DGZs=0; installations=2 (sub-complexes counted separately)
us_1956_sac_complexes,US (SAC),USSR,1956,study,1071,MEZEN,,urban-industrial complex,1,1071,,,65.8333,44.25,"SAC Atomic Weapons Requirements Study for 1959 (June 1956), Part I complex list (NSA EBB 538)",https://nsarchive.gwu.edu/document/15800-09-urban-industrial-target-list-part-i,C159,1071 4980 MEZEN,DGZs=0; installations=2 (sub-complexes counted separately)
us_1956_sac_complexes,US (SAC),USSR,1956,study,1072,MGACHI,,urban-industrial complex,1,1072,,,51.1,142.2667,"SAC Atomic Weapons Requirements Study for 1959 (June 1956), Part I complex list (NSA EBB 538)",https://nsarchive.gwu.edu/document/15800-09-urban-industrial-target-list-part-i,C159,1072 4987 MGACHI,DGZs=0; installations=2 (sub-complexes counted separately)
us_1956_sac_complexes,US (SAC),USSR,1956,study,254,MIASS,,urban-industrial complex,1,254,,,54.9833,60.1167,"SAC Atomic Weapons Requirements Study for 1959 (June 1956), Part I complex list (NSA EBB 538)",https://nsarchive.gwu.edu/document/15800-09-urban-industrial-target-list-part-i,C159,254 4990 MIASS,DGZs=2; installations=3 (sub-complexes counted separately)
us_1956_sac_complexes,US (SAC),USSR,1956,study,262,MICHURINSK,,urban-industrial complex,1,262,,,52.9,40.5,"SAC Atomic Weapons Requirements Study for 1959 (June 1956), Part I complex list (NSA EBB 538)",https://nsarchive.gwu.edu/document/15800-09-urban-industrial-target-list-part-i,C159,262 5000 MICHURINSK,DGZs=2; installations=5 (sub-complexes counted separately)
us_1956_sac_complexes,US (SAC),USSR,1956,study,1013,MIKAILOV,,urban-industrial complex,1,1013,,,54.2167,39.0167,"SAC Atomic Weapons Requirements Study for 1959 (June 1956), Part I complex list (NSA EBB 538)",https://nsarchive.gwu.edu/document/15800-09-urban-industrial-target-list-part-i,C160,1013 5004 MIKAILOV,DGZs=0; installations=2 (sub-complexes counted separately)
us_1956_sac_complexes,US (SAC),USSR,1956,study,1073,MIKHAILOVKA,,urban-industrial complex,1,1073,,,51.8167,79.7167,"SAC Atomic Weapons Requirements Study for 1959 (June 1956), Part I complex list (NSA EBB 538)",https://nsarchive.gwu.edu/document/15800-09-urban-industrial-target-list-part-i,C160,1073 50051 MIKHAILOVKA,DGZs=0; installations=3 (sub-complexes counted separately)
us_1956_sac_complexes,US (SAC),USSR,1956,study,663,MILLEROVO,,urban-industrial complex,1,663,,,48.9167,40.3833,"SAC Atomic Weapons Requirements Study for 1959 (June 1956), Part I complex list (NSA EBB 538)",https://nsarchive.gwu.edu/document/15800-09-urban-industrial-target-list-part-i,C160,663 50065 MILLEROVO,DGZs=1; installations=3 (sub-complexes counted separately)
us_1956_sac_complexes,US (SAC),USSR,1956,study,320,MINGECHAUR,,urban-industrial complex,1,320,,,40.75,47.05,"SAC Atomic Weapons Requirements Study for 1959 (June 1956), Part I complex list (NSA EBB 538)",https://nsarchive.gwu.edu/document/15800-09-urban-industrial-target-list-part-i,C160,320 5020 MINGECHAUR,DGZs=1; installations=3 (sub-complexes counted separately)
us_1956_sac_complexes,US (SAC),USSR,1956,study,18,MINSK,,urban-industrial complex,1,18,,,53.9,27.55,"SAC Atomic Weapons Requirements Study for 1959 (June 1956), Part I complex list (NSA EBB 538)",https://nsarchive.gwu.edu/document/15800-09-urban-industrial-target-list-part-i,C160,18 5030 MINSK,DGZs=3; installations=25 (sub-complexes counted separately)
us_1956_sac_complexes,US (SAC),Poland,1956,study,538,MINSK MAZOWIECKI POL,,urban-industrial complex,1,538,,,52.1833,21.55,"SAC Atomic Weapons Requirements Study for 1959 (June 1956), Part I complex list (NSA EBB 538)",https://nsarchive.gwu.edu/document/15800-09-urban-industrial-target-list-part-i,C161,538 5031 MINSK MAZOWIECKI POL,DGZs=0; installations=3 (sub-complexes counted separately)
us_1956_sac_complexes,US (SAC),USSR,1956,study,612,MIRONOVKA,,urban-industrial complex,1,612,,,49.6333,30.9833,"SAC Atomic Weapons Requirements Study for 1959 (June 1956), Part I complex list (NSA EBB 538)",https://nsarchive.gwu.edu/document/15800-09-urban-industrial-target-list-part-i,C161,612 5034 MIRONOVKA,DGZs=1; installations=2 (sub-complexes counted separately)
us_1956_sac_complexes,US (SAC),Hungary,1956,study,182,MISKOLC HUNG,,urban-industrial complex,1,182,,,48.1,20.7833,"SAC Atomic Weapons Requirements Study for 1959 (June 1956), Part I complex list (NSA EBB 538)",https://nsarchive.gwu.edu/document/15800-09-urban-industrial-target-list-part-i,C161,182 5035 MISKOLC HUNG,DGZs=1; installations=9 (sub-complexes counted separately)
us_1956_sac_complexes,US (SAC),USSR,1956,study,299,MOGILEV,,urban-industrial complex,1,299,,,53.9,30.3167,"SAC Atomic Weapons Requirements Study for 1959 (June 1956), Part I complex list (NSA EBB 538)",https://nsarchive.gwu.edu/document/15800-09-urban-industrial-target-list-part-i,C162,299 5070 MOGILEV,DGZs=3; installations=14 (sub-complexes counted separately)
us_1956_sac_complexes,US (SAC),USSR,1956,study,1034,MOGILEV PODOLSKIY,,urban-industrial complex,1,1034,,,48.4333,27.8167,"SAC Atomic Weapons Requirements Study for 1959 (June 1956), Part I complex list (NSA EBB 538)",https://nsarchive.gwu.edu/document/15800-09-urban-industrial-target-list-part-i,C162,1034 5071 MOGILEV PODOLSKIY,DGZs=0; installations=3 (sub-complexes counted separately)
us_1956_sac_complexes,US (SAC),USSR,1956,study,642,MOGOCHA,,urban-industrial complex,1,642,,,53.7333,119.75,"SAC Atomic Weapons Requirements Study for 1959 (June 1956), Part I complex list (NSA EBB 538)",https://nsarchive.gwu.edu/document/15800-09-urban-industrial-target-list-part-i,C162,642 5072 MOGOCHA,DGZs=1; installations=2 (sub-complexes counted separately)
us_1956_sac_complexes,US (SAC),USSR,1956,study,683,MOGZON,,urban-industrial complex,1,683,,,51.75,111.9667,"SAC Atomic Weapons Requirements Study for 1959 (June 1956), Part I complex list (NSA EBB 538)",https://nsarchive.gwu.edu/document/15800-09-urban-industrial-target-list-part-i,C162,683 5074 MOGZON,DGZs=1; installations=2 (sub-complexes counted separately)
us_1956_sac_complexes,US (SAC),USSR,1956,study,788,MOLODECHNO,,urban-industrial complex,1,788,,,54.3167,26.8833,"SAC Atomic Weapons Requirements Study for 1959 (June 1956), Part I complex list (NSA EBB 538)",https://nsarchive.gwu.edu/document/15800-09-urban-industrial-target-list-part-i,C163,788 5080 MOLODECHNO,DGZs=1; installations=3 (sub-complexes counted separately)
us_1956_sac_complexes,US (SAC),USSR,1956,study,36,MOLOTOV,,urban-industrial complex,1,36,,,58.0,56.25,"SAC Atomic Weapons Requirements Study for 1959 (June 1956), Part I complex list (NSA EBB 538)",https://nsarchive.gwu.edu/document/15800-09-urban-industrial-target-list-part-i,C163,36 5090 MOLOTOV,DGZs=5; installations=25 (sub-complexes counted separately)
us_1956_sac_complexes,US (SAC),USSR,1956,study,203,MOLOTOVSK,,urban-industrial complex,1,203,,,64.5667,39.8333,"SAC Atomic Weapons Requirements Study for 1959 (June 1956), Part I complex list (NSA EBB 538)",https://nsarchive.gwu.edu/document/15800-09-urban-industrial-target-list-part-i,C163,203 5100 MOLOTOVSK,DGZs=0; installations=9 (sub-complexes counted separately)
us_1956_sac_complexes,US (SAC),USSR,1956,study,186,MONCHEGORSK,,urban-industrial complex,1,186,,,67.9167,32.9667,"SAC Atomic Weapons Requirements Study for 1959 (June 1956), Part I complex list (NSA EBB 538)",https://nsarchive.gwu.edu/document/15800-09-urban-industrial-target-list-part-i,C164,186 5110 MONCHEGORSK,DGZs=2; installations=8 (sub-complexes counted separately)
us_1956_sac_complexes,US (SAC),Czechoslovakia,1956,study,160,MORAVSKA OSTRAVA CZECH,,urban-industrial complex,1,160,,,49.8333,18.2833,"SAC Atomic Weapons Requirements Study for 1959 (June 1956), Part I complex list (NSA EBB 538)",https://nsarchive.gwu.edu/document/15800-09-urban-industrial-target-list-part-i,C164,160 5125 MORAVSKA OSTRAVA CZECH,DGZs=5; installations=44 (sub-complexes counted separately)
us_1956_sac_complexes,US (SAC),USSR,1956,study,1114,MORDOVO,,urban-industrial complex,1,1114,,,52.2667,39.7667,"SAC Atomic Weapons Requirements Study for 1959 (June 1956), Part I complex list (NSA EBB 538)",https://nsarchive.gwu.edu/document/15800-09-urban-industrial-target-list-part-i,C166,1114 5127 MORDOVO,DGZs=0; installations=2 (sub-complexes counted separately)
us_1956_sac_complexes,US (SAC),USSR,1956,study,613,MOROZOVSK,,urban-industrial complex,1,613,,,48.3667,41.85,"SAC Atomic Weapons Requirements Study for 1959 (June 1956), Part I complex list (NSA EBB 538)",https://nsarchive.gwu.edu/document/15800-09-urban-industrial-target-list-part-i,C166,613 5134 MOROZOVSK,DGZs=1; installations=2 (sub-complexes counted separately)
us_1956_sac_complexes,US (SAC),USSR,1956,study,629,MORSHANSK,,urban-industrial complex,1,629,,,53.4667,41.8167,"SAC Atomic Weapons Requirements Study for 1959 (June 1956), Part I complex list (NSA EBB 538)",https://nsarchive.gwu.edu/document/15800-09-urban-industrial-target-list-part-i,C166,629 5135 MORSHANSK,DGZs=1; installations=3 (sub-complexes counted separately)
us_1956_sac_complexes,US (SAC),USSR,1956,study,1,MOSCOW,,urban-industrial complex,1,1,,,55.75,37.6167,"SAC Atomic Weapons Requirements Study for 1959 (June 1956), Part I complex list (NSA EBB 538)",https://nsarchive.gwu.edu/document/15800-09-urban-industrial-target-list-part-i,C166,1 5150 MOSCOW,DGZs=12; installations=180 (sub-complexes counted separately)
us_1956_sac_complexes,US (SAC),USSR,1956,study,657,MOSKALVO,,urban-industrial complex,1,657,,,53.5833,142.5167,"SAC Atomic Weapons Requirements Study for 1959 (June 1956), Part I complex list (NSA EBB 538)",https://nsarchive.gwu.edu/document/15800-09-urban-industrial-target-list-part-i,C170,657 5152 MOSKALVO,DGZs=0; installations=3 (sub-complexes counted separately)
us_1956_sac_complexes,US (SAC),Hungary,1956,study,343,MOSON MAGYAROVAR HUNG,,urban-industrial complex,1,343,,,47.8833,17.2667,"SAC Atomic Weapons Requirements Study for 1959 (June 1956), Part I complex list (NSA EBB 538)",https://nsarchive.gwu.edu/document/15800-09-urban-industrial-target-list-part-i,C170,343 5155 MOSON MAGYAROVAR HUNG,DGZs=0; installations=5 (sub-complexes counted separately)
us_1956_sac_complexes,US (SAC),Czechoslovakia,1956,study,178,MOST CZECH,,urban-industrial complex,1,178,,,50.5333,13.65,"SAC Atomic Weapons Requirements Study for 1959 (June 1956), Part I complex list (NSA EBB 538)",https://nsarchive.gwu.edu/document/15800-09-urban-industrial-target-list-part-i,C170,178 5165 MOST CZECH,DGZs=2; installations=10 (sub-complexes counted separately)
us_1956_sac_complexes,US (SAC),USSR,1956,study,905,MOZDOK,,urban-industrial complex,1,905,,,43.7333,44.6,"SAC Atomic Weapons Requirements Study for 1959 (June 1956), Part I complex list (NSA EBB 538)",https://nsarchive.gwu.edu/document/15800-09-urban-industrial-target-list-part-i,C171,905 5167 MOZDOK,DGZs=0; installations=3 (sub-complexes counted separately)
us_1956_sac_complexes,US (SAC),USSR,1956,study,749,MOZHAYSK,,urban-industrial complex,1,749,,,55.4833,36.0167,"SAC Atomic Weapons Requirements Study for 1959 (June 1956), Part I complex list (NSA EBB 538)",https://nsarchive.gwu.edu/document/15800-09-urban-industrial-target-list-part-i,C171,749 5170 MOZHAYSK,DGZs=1; installations=3 (sub-complexes counted separately)
us_1956_sac_complexes,US (SAC),East Germany,1956,study,453,MUEHLHAUSEN E GER,,urban-industrial complex,1,453,,,51.2167,10.45,"SAC Atomic Weapons Requirements Study for 1959 (June 1956), Part I complex list (NSA EBB 538)",https://nsarchive.gwu.edu/document/15800-09-urban-industrial-target-list-part-i,C171,453 5205 MUEHLHAUSEN E GER,DGZs=0; installations=4 (sub-complexes counted separately)
us_1956_sac_complexes,US (SAC),USSR,1956,study,869,MUKACHEVO,,urban-industrial complex,1,869,,,48.4333,22.7,"SAC Atomic Weapons Requirements Study for 1959 (June 1956), Part I complex list (NSA EBB 538)",https://nsarchive.gwu.edu/document/15800-09-urban-industrial-target-list-part-i,C172,869 5230 MUKACHEVO,DGZs=1; installations=6 (sub-complexes counted separately)
us_1956_sac_complexes,US (SAC),China (Manchuria),1956,study,44,MUKDEN MANCH,,urban-industrial complex,1,44,,,41.8,123.45,"SAC Atomic Weapons Requirements Study for 1959 (June 1956), Part I complex list (NSA EBB 538)",https://nsarchive.gwu.edu/document/15800-09-urban-industrial-target-list-part-i,C172,44 5235 MUKDEN MANCH,DGZs=6; installations=44 (sub-complexes counted separately)
us_1956_sac_complexes,US (SAC),USSR,1956,study,775,MURASHI,,urban-industrial complex,1,775,,,59.35,48.9333,"SAC Atomic Weapons Requirements Study for 1959 (June 1956), Part I complex list (NSA EBB 538)",https://nsarchive.gwu.edu/document/15800-09-urban-industrial-target-list-part-i,C173,775 5237 MURASHI,DGZs=0; installations=2 (sub-complexes counted separately)
us_1956_sac_complexes,US (SAC),USSR,1956,study,102,MURMANSK,,urban-industrial complex,1,102,,,68.9667,33.0833,"SAC Atomic Weapons Requirements Study for 1959 (June 1956), Part I complex list (NSA EBB 538)",https://nsarchive.gwu.edu/document/15800-09-urban-industrial-target-list-part-i,C173,102 5240 MURMANSK,DGZs=2; installations=14 (sub-complexes counted separately)
us_1956_sac_complexes,US (SAC),USSR,1956,study,387,MUROM,,urban-industrial complex,1,387,,,55.5667,42.05,"SAC Atomic Weapons Requirements Study for 1959 (June 1956), Part I complex list (NSA EBB 538)",https://nsarchive.gwu.edu/document/15800-09-urban-industrial-target-list-part-i,C174,387 5250 MUROM,DGZs=3; installations=8 (sub-complexes counted separately)
us_1956_sac_complexes,US (SAC),China (Manchuria),1956,study,316,MU TAN CHIANG MANCH,,urban-industrial complex,1,316,,,44.5833,129.6,"SAC Atomic Weapons Requirements Study for 1959 (June 1956), Part I complex list (NSA EBB 538)",https://nsarchive.gwu.edu/document/15800-09-urban-industrial-target-list-part-i,C174,316 52505 MU TAN CHIANG MANCH,DGZs=1; installations=7 (sub-complexes counted separately)
us_1956_sac_complexes,US (SAC),USSR,1956,study,1219,MYS ACHCHEN,,urban-industrial complex,1,1219,,,64.7667,-175.45,"SAC Atomic Weapons Requirements Study for 1959 (June 1956), Part I complex list (NSA EBB 538)",https://nsarchive.gwu.edu/document/15800-09-urban-industrial-target-list-part-i,C174,1219 5256 MYS ACHCHEN,DGZs=0; installations=2 (sub-complexes counted separately)
us_1956_sac_complexes,US (SAC),USSR,1956,study,1221,MYS KRIGUGON,,urban-industrial complex,1,1221,,,65.4833,-171.05,"SAC Atomic Weapons Requirements Study for 1959 (June 1956), Part I complex list (NSA EBB 538)",https://nsarchive.gwu.edu/document/15800-09-urban-industrial-target-list-part-i,C174,1221 52585 MYS KRIGUGON,DGZs=0; installations=2 (sub-complexes counted separately)
us_1956_sac_complexes,US (SAC),USSR,1956,study,1223,MYS SCHMIDTA,,urban-industrial complex,1,1223,,,68.8833,-179.4167,"SAC Atomic Weapons Requirements Study for 1959 (June 1956), Part I complex list (NSA EBB 538)",https://nsarchive.gwu.edu/document/15800-09-urban-industrial-target-list-part-i,C174,1223 5261 MYS SCHMIDTA,DGZs=0; installations=2 (sub-complexes counted separately)
us_1956_sac_complexes,US (SAC),Czechoslovakia,1956,study,560,NACHOD CZECH,,urban-industrial complex,1,560,,,50.4167,16.15,"SAC Atomic Weapons Requirements Study for 1959 (June 1956), Part I complex list (NSA EBB 538)",https://nsarchive.gwu.edu/document/15800-09-urban-industrial-target-list-part-i,C174,560 5305 NACHOD CZECH,DGZs=0; installations=3 (sub-complexes counted separately)
us_1956_sac_complexes,US (SAC),USSR,1956,study,1182,NADVOYTSY,,urban-industrial complex,1,1182,,,63.8667,34.3167,"SAC Atomic Weapons Requirements Study for 1959 (June 1956), Part I complex list (NSA EBB 538)",https://nsarchive.gwu.edu/document/15800-09-urban-industrial-target-list-part-i,C174,1182 5318 NADVOYTSY,DGZs=0; installations=2 (sub-complexes counted separately)
us_1956_sac_complexes,US (SAC),Hungary,1956,study,881,NAGYKANIZSA HUNG,,urban-industrial complex,1,881,,,46.45,16.9667,"SAC Atomic Weapons Requirements Study for 1959 (June 1956), Part I complex list (NSA EBB 538)",https://nsarchive.gwu.edu/document/15800-09-urban-industrial-target-list-part-i,C175,881 5335 NAGYKANIZSA HUNG,DGZs=0; installations=5 (sub-complexes counted separately)
us_1956_sac_complexes,US (SAC),USSR,1956,study,863,NAIBUCHI,,urban-industrial complex,1,863,,,47.4333,142.7833,"SAC Atomic Weapons Requirements Study for 1959 (June 1956), Part I complex list (NSA EBB 538)",https://nsarchive.gwu.edu/document/15800-09-urban-industrial-target-list-part-i,C175,863 5340 NAIBUCHI,DGZs=2; installations=9 (sub-complexes counted separately)
us_1956_sac_complexes,US (SAC),North Korea,1956,study,716,NAJIN N KOREA,,urban-industrial complex,1,716,,,42.2,130.3,"SAC Atomic Weapons Requirements Study for 1959 (June 1956), Part I complex list (NSA EBB 538)",https://nsarchive.gwu.edu/document/15800-09-urban-industrial-target-list-part-i,C175,716 5357 NAJIN N KOREA,DGZs=0; installations=4 (sub-complexes counted separately)
us_1956_sac_complexes,US (SAC),USSR,1956,study,977,NAKHICHEVAN,,urban-industrial complex,1,977,,,39.2167,45.4167,"SAC Atomic Weapons Requirements Study for 1959 (June 1956), Part I complex list (NSA EBB 538)",https://nsarchive.gwu.edu/document/15800-09-urban-industrial-target-list-part-i,C175,977 5361 NAKHICHEVAN,DGZs=0; installations=2 (sub-complexes counted separately)
us_1956_sac_complexes,US (SAC),USSR,1956,study,125,NAKHODKA,,urban-industrial complex,1,125,,,42.8167,132.9,"SAC Atomic Weapons Requirements Study for 1959 (June 1956), Part I complex list (NSA EBB 538)",https://nsarchive.gwu.edu/document/15800-09-urban-industrial-target-list-part-i,C175,125 53613 NAKHODKA,DGZs=0; installations=12 (sub-complexes counted separately)
us_1956_sac_complexes,US (SAC),USSR,1956,study,390,NALCHIK,,urban-industrial complex,1,390,,,43.4833,43.6333,"SAC Atomic Weapons Requirements Study for 1959 (June 1956), Part I complex list (NSA EBB 538)",https://nsarchive.gwu.edu/document/15800-09-urban-industrial-target-list-part-i,C176,390 53615 NALCHIK,DGZs=1; installations=3 (sub-complexes counted separately)
us_1956_sac_complexes,US (SAC),USSR,1956,study,563,NAMANGAN,,urban-industrial complex,1,563,,,41.0,71.6667,"SAC Atomic Weapons Requirements Study for 1959 (June 1956), Part I complex list (NSA EBB 538)",https://nsarchive.gwu.edu/document/15800-09-urban-industrial-target-list-part-i,C176,563 5362 NAMANGAN,DGZs=1; installations=2 (sub-complexes counted separately)
us_1956_sac_complexes,US (SAC),China,1956,study,404,NAN CHANG CHINA,,urban-industrial complex,1,404,,,28.6833,115.8833,"SAC Atomic Weapons Requirements Study for 1959 (June 1956), Part I complex list (NSA EBB 538)",https://nsarchive.gwu.edu/document/15800-09-urban-industrial-target-list-part-i,C176,404 5364 NAN CHANG CHINA,DGZs=0; installations=5 (sub-complexes counted separately)
us_1956_sac_complexes,US (SAC),China,1956,study,96,NAN KING CHINA,,urban-industrial complex,1,96,,,32.05,118.8,"SAC Atomic Weapons Requirements Study for 1959 (June 1956), Part I complex list (NSA EBB 538)",https://nsarchive.gwu.edu/document/15800-09-urban-industrial-target-list-part-i,C176,96 5368 NAN KING CHINA,DGZs=4; installations=21 (sub-complexes counted separately)
us_1956_sac_complexes,US (SAC),China,1956,study,978,NAN KOU CHINA,,urban-industrial complex,1,978,,,40.2333,116.1167,"SAC Atomic Weapons Requirements Study for 1959 (June 1956), Part I complex list (NSA EBB 538)",https://nsarchive.gwu.edu/document/15800-09-urban-industrial-target-list-part-i,C177,978 53683 NAN KOU CHINA,DGZs=0; installations=3 (sub-complexes counted separately)
us_1956_sac_complexes,US (SAC),China,1956,study,364,NAN NING CHINA,,urban-industrial complex,1,364,,,22.8167,108.3167,"SAC Atomic Weapons Requirements Study for 1959 (June 1956), Part I complex list (NSA EBB 538)",https://nsarchive.gwu.edu/document/15800-09-urban-industrial-target-list-part-i,C177,364 53685 NAN NING CHINA,DGZs=1; installations=12 (sub-complexes counted separately)
us_1956_sac_complexes,US (SAC),USSR,1956,study,979,NARO FOMINSK,,urban-industrial complex,1,979,,,55.3833,36.7667,"SAC Atomic Weapons Requirements Study for 1959 (June 1956), Part I complex list (NSA EBB 538)",https://nsarchive.gwu.edu/document/15800-09-urban-industrial-target-list-part-i,C177,979 53693 NARO FOMINSK,DGZs=0; installations=3 (sub-complexes counted separately)
us_1956_sac_complexes,US (SAC),USSR,1956,study,658,NARVA,,urban-industrial complex,1,658,,,59.3833,28.2167,"SAC Atomic Weapons Requirements Study for 1959 (June 1956), Part I complex list (NSA EBB 538)",https://nsarchive.gwu.edu/document/15800-09-urban-industrial-target-list-part-i,C177,658 53695 NARVA,DGZs=1; installations=5 (sub-complexes counted separately)
us_1956_sac_complexes,US (SAC),USSR,1956,study,1074,NARYAN MAR,,urban-industrial complex,1,1074,,,67.65,53.0,"SAC Atomic Weapons Requirements Study for 1959 (June 1956), Part I complex list (NSA EBB 538)",https://nsarchive.gwu.edu/document/15800-09-urban-industrial-target-list-part-i,C178,1074 5370 NARYAN MAR,DGZs=0; installations=2 (sub-complexes counted separately)
us_1956_sac_complexes,US (SAC),USSR,1956,study,980,NAZAROVO,,urban-industrial complex,1,980,,,56.0167,90.4333,"SAC Atomic Weapons Requirements Study for 1959 (June 1956), Part I complex list (NSA EBB 538)",https://nsarchive.gwu.edu/document/15800-09-urban-industrial-target-list-part-i,C178,980 5379 NAZAROVO,DGZs=0; installations=2 (sub-complexes counted separately)
us_1956_sac_complexes,US (SAC),USSR,1956,study,1115,NECHAYEVKA,,urban-industrial complex,1,1115,,,53.2833,44.4667,"SAC Atomic Weapons Requirements Study for 1959 (June 1956), Part I complex list (NSA EBB 538)",https://nsarchive.gwu.edu/document/15800-09-urban-industrial-target-list-part-i,C178,1115 5382 NECHAYEVKA,DGZs=0; installations=2 (sub-complexes counted separately)
us_1956_sac_complexes,US (SAC),Poland,1956,study,643,NEISSE POL,,urban-industrial complex,1,643,,,50.4667,17.3833,"SAC Atomic Weapons Requirements Study for 1959 (June 1956), Part I complex list (NSA EBB 538)",https://nsarchive.gwu.edu/document/15800-09-urban-industrial-target-list-part-i,C178,643 5388 NEISSE POL,DGZs=0; installations=5 (sub-complexes counted separately)
us_1956_sac_complexes,US (SAC),USSR,1956,study,614,NERCHINSK,,urban-industrial complex,1,614,,,51.9667,116.5833,"SAC Atomic Weapons Requirements Study for 1959 (June 1956), Part I complex list (NSA EBB 538)",https://nsarchive.gwu.edu/document/15800-09-urban-industrial-target-list-part-i,C178,614 5397 NERCHINSK,DGZs=0; installations=2 (sub-complexes counted separately)
us_1956_sac_complexes,US (SAC),USSR,1956,study,928,NEREKHTA,,urban-industrial complex,1,928,,,57.4667,40.55,"SAC Atomic Weapons Requirements Study for 1959 (June 1956), Part I complex list (NSA EBB 538)",https://nsarchive.gwu.edu/document/15800-09-urban-industrial-target-list-part-i,C178,928 5400 NEREKHTA,DGZs=0; installations=2 (sub-complexes counted separately)
us_1956_sac_complexes,US (SAC),Poland,1956,study,478,NEU BENTSCHEN POL,,urban-industrial complex,1,478,,,52.25,15.8167,"SAC Atomic Weapons Requirements Study for 1959 (June 1956), Part I complex list (NSA EBB 538)",https://nsarchive.gwu.edu/document/15800-09-urban-industrial-target-list-part-i,C179,478 5406 NEU BENTSCHEN POL,DGZs=0; installations=3 (sub-complexes counted separately)
us_1956_sac_complexes,US (SAC),East Germany,1956,study,539,NEUBRANDENBURG E GER,,urban-industrial complex,1,539,,,53.5333,13.2667,"SAC Atomic Weapons Requirements Study for 1959 (June 1956), Part I complex list (NSA EBB 538)",https://nsarchive.gwu.edu/document/15800-09-urban-industrial-target-list-part-i,C179,539 5407 NEUBRANDENBURG E GER,DGZs=0; installations=3 (sub-complexes counted separately)
us_1956_sac_complexes,US (SAC),East Germany,1956,study,1035,NEURUPPIN E GER,,urban-industrial complex,1,1035,,,52.9333,12.8167,"SAC Atomic Weapons Requirements Study for 1959 (June 1956), Part I complex list (NSA EBB 538)",https://nsarchive.gwu.edu/document/15800-09-urban-industrial-target-list-part-i,C179,1035 5431 NEURUPPIN E GER,DGZs=0; installations=4 (sub-complexes counted separately)
us_1956_sac_complexes,US (SAC),Poland,1956,study,854,NEUSTETTIN POL,,urban-industrial complex,1,854,,,53.7,16.7167,"SAC Atomic Weapons Requirements Study for 1959 (June 1956), Part I complex list (NSA EBB 538)",https://nsarchive.gwu.edu/document/15800-09-urban-industrial-target-list-part-i,C179,854 54355 NEUSTETTIN POL,DGZs=0; installations=2 (sub-complexes counted separately)
us_1956_sac_complexes,US (SAC),East Germany,1956,study,644,NEUSTRELITZ E GER,,urban-industrial complex,1,644,,,53.3833,13.0833,"SAC Atomic Weapons Requirements Study for 1959 (June 1956), Part I complex list (NSA EBB 538)",https://nsarchive.gwu.edu/document/15800-09-urban-industrial-target-list-part-i,C179,644 5436 NEUSTRELITZ E GER,DGZs=0; installations=4 (sub-complexes counted separately)
us_1956_sac_complexes,US (SAC),USSR,1956,study,369,NEVEL,,urban-industrial complex,1,369,,,56.0167,29.9167,"SAC Atomic Weapons Requirements Study for 1959 (June 1956), Part I complex list (NSA EBB 538)",https://nsarchive.gwu.edu/document/15800-09-urban-industrial-target-list-part-i,C179,369 5437 NEVEL,DGZs=1; installations=3 (sub-complexes counted separately)
us_1956_sac_complexes,US (SAC),USSR,1956,study,836,NEVELSK,,urban-industrial complex,1,836,,,46.65,141.85,"SAC Atomic Weapons Requirements Study for 1959 (June 1956), Part I complex list (NSA EBB 538)",https://nsarchive.gwu.edu/document/15800-09-urban-industrial-target-list-part-i,C180,836 5440 NEVELSK,DGZs=0; installations=3 (sub-complexes counted separately)
us_1956_sac_complexes,US (SAC),USSR,1956,study,615,NEVINNOMYSSK,,urban-industrial complex,1,615,,,44.6167,41.95,"SAC Atomic Weapons Requirements Study for 1959 (June 1956), Part I complex list (NSA EBB 538)",https://nsarchive.gwu.edu/document/15800-09-urban-industrial-target-list-part-i,C180,615 5450 NEVINNOMYSSK,DGZs=1; installations=3 (sub-complexes counted separately)
us_1956_sac_complexes,US (SAC),USSR,1956,study,1075,NEYA,,urban-industrial complex,1,1075,,,58.3167,43.9,"SAC Atomic Weapons Requirements Study for 1959 (June 1956), Part I complex list (NSA EBB 538)",https://nsarchive.gwu.edu/document/15800-09-urban-industrial-target-list-part-i,C180,1075 54515 NEYA,DGZs=0; installations=2 (sub-complexes counted separately)
us_1956_sac_complexes,US (SAC),USSR,1956,study,540,NEZHIN,,urban-industrial complex,1,540,,,51.05,31.9,"SAC Atomic Weapons Requirements Study for 1959 (June 1956), Part I complex list (NSA EBB 538)",https://nsarchive.gwu.edu/document/15800-09-urban-industrial-target-list-part-i,C180,540 5452 NEZHIN,DGZs=1; installations=2 (sub-complexes counted separately)
us_1956_sac_complexes,US (SAC),Poland,1956,study,1116,NIEDER ULLERSDORF POL,,urban-industrial complex,1,1116,,,51.5833,15.1667,"SAC Atomic Weapons Requirements Study for 1959 (June 1956), Part I complex list (NSA EBB 538)",https://nsarchive.gwu.edu/document/15800-09-urban-industrial-target-list-part-i,C180,1116 5455 NIEDER ULLERSDORF POL,DGZs=0; installations=2 (sub-complexes counted separately)
us_1956_sac_complexes,US (SAC),East Germany,1956,study,750,NIESKY E GER,,urban-industrial complex,1,750,,,51.3,14.8333,"SAC Atomic Weapons Requirements Study for 1959 (June 1956), Part I complex list (NSA EBB 538)",https://nsarchive.gwu.edu/document/15800-09-urban-industrial-target-list-part-i,C180,750 5465 NIESKY E GER,DGZs=0; installations=2 (sub-complexes counted separately)
us_1956_sac_complexes,US (SAC),USSR,1956,study,123,NIKOLAYEV,,urban-industrial complex,1,123,,,46.9667,32.0,"SAC Atomic Weapons Requirements Study for 1959 (June 1956), Part I complex list (NSA EBB 538)",https://nsarchive.gwu.edu/document/15800-09-urban-industrial-target-list-part-i,C180,123 5490 NIKOLAYEV,DGZs=2; installations=19 (sub-complexes counted separately)
us_1956_sac_complexes,US (SAC),USSR,1956,study,760,NIKOLAYEVSK,,urban-industrial complex,1,760,,,53.15,140.7167,"SAC Atomic Weapons Requirements Study for 1959 (June 1956), Part I complex list (NSA EBB 538)",https://nsarchive.gwu.edu/document/15800-09-urban-industrial-target-list-part-i,C181,760 5500 NIKOLAYEVSK,DGZs=0; installations=10 (sub-complexes counted separately)
us_1956_sac_complexes,US (SAC),USSR,1956,study,789,NIKOPOL,,urban-industrial complex,1,789,,,47.5667,34.4,"SAC Atomic Weapons Requirements Study for 1959 (June 1956), Part I complex list (NSA EBB 538)",https://nsarchive.gwu.edu/document/15800-09-urban-industrial-target-list-part-i,C181,789 5502 NIKOPOL,DGZs=1; installations=2 (sub-complexes counted separately)
us_1956_sac_complexes,US (SAC),USSR,1956,study,1183,NISHI SAKUTAN,,urban-industrial complex,1,1183,,,49.6333,142.1667,"SAC Atomic Weapons Requirements Study for 1959 (June 1956), Part I complex list (NSA EBB 538)",https://nsarchive.gwu.edu/document/15800-09-urban-industrial-target-list-part-i,C181,1183 5503 NISHI SAKUTAN,DGZs=0; installations=2 (sub-complexes counted separately)
us_1956_sac_complexes,US (SAC),Czechoslovakia,1956,study,911,NITRA CZECH,,urban-industrial complex,1,911,,,48.3,18.0833,"SAC Atomic Weapons Requirements Study for 1959 (June 1956), Part I complex list (NSA EBB 538)",https://nsarchive.gwu.edu/document/15800-09-urban-industrial-target-list-part-i,C181,911 55043 NITRA CZECH,DGZs=0; installations=4 (sub-complexes counted separately)
us_1956_sac_complexes,US (SAC),USSR,1956,study,645,NIZHNE UDINSK,,urban-industrial complex,1,645,,,54.9,99.0333,"SAC Atomic Weapons Requirements Study for 1959 (June 1956), Part I complex list (NSA EBB 538)",https://nsarchive.gwu.edu/document/15800-09-urban-industrial-target-list-part-i,C181,645 5507 NIZHNE UDINSK,DGZs=1; installations=3 (sub-complexes counted separately)
us_1956_sac_complexes,US (SAC),USSR,1956,study,882,NIZHNIYE SERGI,,urban-industrial complex,1,882,,,56.6667,59.3,"SAC Atomic Weapons Requirements Study for 1959 (June 1956), Part I complex list (NSA EBB 538)",https://nsarchive.gwu.edu/document/15800-09-urban-industrial-target-list-part-i,C182,882 5509 NIZHNIYE SERGI,DGZs=0; installations=3 (sub-complexes counted separately)
us_1956_sac_complexes,US (SAC),USSR,1956,study,104,NIZHNIY TAGIL,,urban-industrial complex,1,104,,,57.9167,59.95,"SAC Atomic Weapons Requirements Study for 1959 (June 1956), Part I complex list (NSA EBB 538)",https://nsarchive.gwu.edu/document/15800-09-urban-industrial-target-list-part-i,C182,104 5510 NIZHNIY TAGIL,DGZs=4; installations=20 (sub-complexes counted separately)
us_1956_sac_complexes,US (SAC),USSR,1956,study,227,NIZHNIY UFALEY,,urban-industrial complex,1,227,,,55.8833,60.0167,"SAC Atomic Weapons Requirements Study for 1959 (June 1956), Part I complex list (NSA EBB 538)",https://nsarchive.gwu.edu/document/15800-09-urban-industrial-target-list-part-i,C182,227 5520 NIZHNIY UFALEY,DGZs=1; installations=2 (sub-complexes counted separately)
us_1956_sac_complexes,US (SAC),USSR,1956,study,717,NIZHNYAYA SALDA,,urban-industrial complex,1,717,,,58.0833,60.7167,"SAC Atomic Weapons Requirements Study for 1959 (June 1956), Part I complex list (NSA EBB 538)",https://nsarchive.gwu.edu/document/15800-09-urban-industrial-target-list-part-i,C183,717 5540 NIZHNYAYA SALDA,DGZs=1; installations=3 (sub-complexes counted separately)
us_1956_sac_complexes,US (SAC),USSR,1956,study,324,NIZHNYAYA TURA,,urban-industrial complex,1,324,,,58.6167,59.8167,"SAC Atomic Weapons Requirements Study for 1959 (June 1956), Part I complex list (NSA EBB 538)",https://nsarchive.gwu.edu/document/15800-09-urban-industrial-target-list-part-i,C183,324 5550 NIZHNYAYA TURA,DGZs=1; installations=2 (sub-complexes counted separately)
us_1956_sac_complexes,US (SAC),USSR,1956,study,10,NOGINSK,,urban-industrial complex,1,10,,,55.85,38.4333,"SAC Atomic Weapons Requirements Study for 1959 (June 1956), Part I complex list (NSA EBB 538)",https://nsarchive.gwu.edu/document/15800-09-urban-industrial-target-list-part-i,C183,10 5570 NOGINSK,DGZs=1; installations=4 (sub-complexes counted separately)
us_1956_sac_complexes,US (SAC),East Germany,1956,study,292,NORDHAUSEN E GER,,urban-industrial complex,1,292,,,51.5167,10.8,"SAC Atomic Weapons Requirements Study for 1959 (June 1956), Part I complex list (NSA EBB 538)",https://nsarchive.gwu.edu/document/15800-09-urban-industrial-target-list-part-i,C183,292 5575 NORDHAUSEN E GER,DGZs=0; installations=5 (sub-complexes counted separately)
us_1956_sac_complexes,US (SAC),USSR,1956,study,45,NORILSK,,urban-industrial complex,1,45,,,69.3333,88.1,"SAC Atomic Weapons Requirements Study for 1959 (June 1956), Part I complex list (NSA EBB 538)",https://nsarchive.gwu.edu/document/15800-09-urban-industrial-target-list-part-i,C183,45 5590 NORILSK,DGZs=2; installations=12 (sub-complexes counted separately)
us_1956_sac_complexes,US (SAC),USSR,1956,study,883,NOVAYA LYALYA,,urban-industrial complex,1,883,,,59.05,60.6333,"SAC Atomic Weapons Requirements Study for 1959 (June 1956), Part I complex list (NSA EBB 538)",https://nsarchive.gwu.edu/document/15800-09-urban-industrial-target-list-part-i,C184,883 5600 NOVAYA LYALYA,DGZs=0; installations=2 (sub-complexes counted separately)
us_1956_sac_complexes,US (SAC),Czechoslovakia,1956,study,884,NOVE MESTO NAD VAHOM CZEC,,urban-industrial complex,1,884,,,48.7667,17.85,"SAC Atomic Weapons Requirements Study for 1959 (June 1956), Part I complex list (NSA EBB 538)",https://nsarchive.gwu.edu/document/15800-09-urban-industrial-target-list-part-i,C184,884 5605 NOVE MESTO NAD VAHOM CZEC,DGZs=0; installations=4 (sub-complexes counted separately)
us_1956_sac_complexes,US (SAC),USSR,1956,study,839,NOVGOROD,,urban-industrial complex,1,839,,,58.5333,31.2667,"SAC Atomic Weapons Requirements Study for 1959 (June 1956), Part I complex list (NSA EBB 538)",https://nsarchive.gwu.edu/document/15800-09-urban-industrial-target-list-part-i,C184,839 5610 NOVGOROD,DGZs=0; installations=5 (sub-complexes counted separately)
us_1956_sac_complexes,US (SAC),USSR,1956,study,1118,NOVOKHOPERSK,,urban-industrial complex,1,1118,,,51.1,41.6333,"SAC Atomic Weapons Requirements Study for 1959 (June 1956), Part I complex list (NSA EBB 538)",https://nsarchive.gwu.edu/document/15800-09-urban-industrial-target-list-part-i,C184,1118 56205 NOVOKHOPERSK,DGZs=0; installations=2 (sub-complexes counted separately)
us_1956_sac_complexes,US (SAC),USSR,1956,study,776,NOVONAZYVAYEVKA,,urban-industrial complex,1,776,,,55.5667,71.3333,"SAC Atomic Weapons Requirements Study for 1959 (June 1956), Part I complex list (NSA EBB 538)",https://nsarchive.gwu.edu/document/15800-09-urban-industrial-target-list-part-i,C184,776 5623 NOVONAZYVAYEVKA,DGZs=0; installations=2 (sub-complexes counted separately)
us_1956_sac_complexes,US (SAC),USSR,1956,study,281,NOVOROSSIYSK,,urban-industrial complex,1,281,,,44.7167,37.7833,"SAC Atomic Weapons Requirements Study for 1959 (June 1956), Part I complex list (NSA EBB 538)",https://nsarchive.gwu.edu/document/15800-09-urban-industrial-target-list-part-i,C184,281 5630 NOVOROSSIYSK,DGZs=2; installations=13 (sub-complexes counted separately)
us_1956_sac_complexes,US (SAC),USSR,1956,study,1119,NOVOSELSKAYA,,urban-industrial complex,1,1119,,,56.0333,99.2833,"SAC Atomic Weapons Requirements Study for 1959 (June 1956), Part I complex list (NSA EBB 538)",https://nsarchive.gwu.edu/document/15800-09-urban-industrial-target-list-part-i,C185,1119 5638 NOVOSELSKAYA,DGZs=0; installations=2 (sub-complexes counted separately)
us_1956_sac_complexes,US (SAC),USSR,1956,study,6,NOVOSIBIRSK,,urban-industrial complex,1,6,,,55.0333,82.9333,"SAC Atomic Weapons Requirements Study for 1959 (June 1956), Part I complex list (NSA EBB 538)",https://nsarchive.gwu.edu/document/15800-09-urban-industrial-target-list-part-i,C185,6 5640 NOVOSIBIRSK,DGZs=5; installations=41 (sub-complexes counted separately)
us_1956_sac_complexes,US (SAC),USSR,1956,study,1036,NOVYY BUG,,urban-industrial complex,1,1036,,,47.7,32.5167,"SAC Atomic Weapons Requirements Study for 1959 (June 1956), Part I complex list (NSA EBB 538)",https://nsarchive.gwu.edu/document/15800-09-urban-industrial-target-list-part-i,C186,1036 56423 NOVYY BUG,DGZs=0; installations=2 (sub-complexes counted separately)
us_1956_sac_complexes,US (SAC),USSR,1956,study,818,NURLAT,,urban-industrial complex,1,818,,,54.4167,50.7833,"SAC Atomic Weapons Requirements Study for 1959 (June 1956), Part I complex list (NSA EBB 538)",https://nsarchive.gwu.edu/document/15800-09-urban-industrial-target-list-part-i,C186,818 5648 NURLAT,DGZs=0; installations=2 (sub-complexes counted separately)
us_1956_sac_complexes,US (SAC),Hungary,1956,study,498,NYIREGYHAZA HUNG,,urban-industrial complex,1,498,,,47.95,21.7,"SAC Atomic Weapons Requirements Study for 1959 (June 1956), Part I complex list (NSA EBB 538)",https://nsarchive.gwu.edu/document/15800-09-urban-industrial-target-list-part-i,C186,498 5660 NYIREGYHAZA HUNG,DGZs=0; installations=3 (sub-complexes counted separately)
us_1956_sac_complexes,US (SAC),USSR,1956,study,646,OBLUCHYE,,urban-industrial complex,1,646,,,49.0167,131.0833,"SAC Atomic Weapons Requirements Study for 1959 (June 1956), Part I complex list (NSA EBB 538)",https://nsarchive.gwu.edu/document/15800-09-urban-industrial-target-list-part-i,C186,646 5690 OBLUCHYE,DGZs=1; installations=2 (sub-complexes counted separately)
us_1956_sac_complexes,US (SAC),USSR,1956,study,1120,OBUCHOVO,,urban-industrial complex,1,1120,,,48.7833,27.75,"SAC Atomic Weapons Requirements Study for 1959 (June 1956), Part I complex list (NSA EBB 538)",https://nsarchive.gwu.edu/document/15800-09-urban-industrial-target-list-part-i,C186,1120 5697 OBUCHOVO,DGZs=0; installations=2 (sub-complexes counted separately)
us_1956_sac_complexes,US (SAC),USSR,1956,study,616,OCHEMCHIRI,,urban-industrial complex,1,616,,,42.7333,41.4333,"SAC Atomic Weapons Requirements Study for 1959 (June 1956), Part I complex list (NSA EBB 538)",https://nsarchive.gwu.edu/document/15800-09-urban-industrial-target-list-part-i,C186,616 5700 OCHEMCHIRI,DGZs=0; installations=2 (sub-complexes counted separately)
us_1956_sac_complexes,US (SAC),Romania,1956,study,751,OCNA MURESLUI RUM,,urban-industrial complex,1,751,,,46.4,23.8667,"SAC Atomic Weapons Requirements Study for 1959 (June 1956), Part I complex list (NSA EBB 538)",https://nsarchive.gwu.edu/document/15800-09-urban-industrial-target-list-part-i,C187,751 5705 OCNA MURESLUI RUM,DGZs=0; installations=3 (sub-complexes counted separately)
us_1956_sac_complexes,US (SAC),USSR,1956,study,38,ODESSA,,urban-industrial complex,1,38,,,46.4667,30.7333,"SAC Atomic Weapons Requirements Study for 1959 (June 1956), Part I complex list (NSA EBB 538)",https://nsarchive.gwu.edu/document/15800-09-urban-industrial-target-list-part-i,C187,38 5710 ODESSA,DGZs=3; installations=36 (sub-complexes counted separately)
us_1956_sac_complexes,US (SAC),USSR,1956,study,1184,OKHOTSK,,urban-industrial complex,1,1184,,,59.3833,143.2667,"SAC Atomic Weapons Requirements Study for 1959 (June 1956), Part I complex list (NSA EBB 538)",https://nsarchive.gwu.edu/document/15800-09-urban-industrial-target-list-part-i,C187,1184 5720 OKHOTSK,DGZs=0; installations=2 (sub-complexes counted separately)
us_1956_sac_complexes,US (SAC),USSR,1956,study,777,OKTYABRSKIY,,urban-industrial complex,1,777,,,54.4833,53.45,"SAC Atomic Weapons Requirements Study for 1959 (June 1956), Part I complex list (NSA EBB 538)",https://nsarchive.gwu.edu/document/15800-09-urban-industrial-target-list-part-i,C188,777 5722 OKTYABRSKIY,DGZs=0; installations=2 (sub-complexes counted separately)
us_1956_sac_complexes,US (SAC),USSR,1956,study,664,OLGA BAY,,urban-industrial complex,1,664,,,43.7333,135.2667,"SAC Atomic Weapons Requirements Study for 1959 (June 1956), Part I complex list (NSA EBB 538)",https://nsarchive.gwu.edu/document/15800-09-urban-industrial-target-list-part-i,C188,664 5730 OLGA BAY,DGZs=0; installations=4 (sub-complexes counted separately)
us_1956_sac_complexes,US (SAC),Czechoslovakia,1956,study,232,OLOMOUC CZECH,,urban-industrial complex,1,232,,,49.6,17.25,"SAC Atomic Weapons Requirements Study for 1959 (June 1956), Part I complex list (NSA EBB 538)",https://nsarchive.gwu.edu/document/15800-09-urban-industrial-target-list-part-i,C188,232 5745 OLOMOUC CZECH,DGZs=1; installations=8 (sub-complexes counted separately)
us_1956_sac_complexes,US (SAC),Poland,1956,study,718,OLSZTYN POL,,urban-industrial complex,1,718,,,53.7833,20.4833,"SAC Atomic Weapons Requirements Study for 1959 (June 1956), Part I complex list (NSA EBB 538)",https://nsarchive.gwu.edu/document/15800-09-urban-industrial-target-list-part-i,C189,718 5748 OLSZTYN POL,DGZs=0; installations=2 (sub-complexes counted separately)
us_1956_sac_complexes,US (SAC),USSR,1956,study,40,OMSK,,urban-industrial complex,1,40,,,55.0,73.3833,"SAC Atomic Weapons Requirements Study for 1959 (June 1956), Part I complex list (NSA EBB 538)",https://nsarchive.gwu.edu/document/15800-09-urban-industrial-target-list-part-i,C189,40 5750 OMSK,DGZs=3; installations=25 (sub-complexes counted separately)
us_1956_sac_complexes,US (SAC),USSR,1956,study,885,OMUTNINSK,,urban-industrial complex,1,885,,,58.65,52.1833,"SAC Atomic Weapons Requirements Study for 1959 (June 1956), Part I complex list (NSA EBB 538)",https://nsarchive.gwu.edu/document/15800-09-urban-industrial-target-list-part-i,C189,885 5760 OMUTNINSK,DGZs=0; installations=3 (sub-complexes counted separately)
us_1956_sac_complexes,US (SAC),USSR,1956,study,1076,ONEGA,,urban-industrial complex,1,1076,,,63.9,38.1333,"SAC Atomic Weapons Requirements Study for 1959 (June 1956), Part I complex list (NSA EBB 538)",https://nsarchive.gwu.edu/document/15800-09-urban-industrial-target-list-part-i,C189,1076 5770 ONEGA,DGZs=0; installations=2 (sub-complexes counted separately)
us_1956_sac_complexes,US (SAC),Czechoslovakia,1956,study,855,OPAVA CZECH,,urban-industrial complex,1,855,,,49.9667,17.9167,"SAC Atomic Weapons Requirements Study for 1959 (June 1956), Part I complex list (NSA EBB 538)",https://nsarchive.gwu.edu/document/15800-09-urban-industrial-target-list-part-i,C189,855 5775 OPAVA CZECH,DGZs=0; installations=4 (sub-complexes counted separately)
us_1956_sac_complexes,US (SAC),Poland,1956,study,228,OPPELN POL,,urban-industrial complex,1,228,,,50.6667,17.95,"SAC Atomic Weapons Requirements Study for 1959 (June 1956), Part I complex list (NSA EBB 538)",https://nsarchive.gwu.edu/document/15800-09-urban-industrial-target-list-part-i,C190,228 5761 OPPELN POL,DGZs=1; installations=9 (sub-complexes counted separately)
us_1956_sac_complexes,US (SAC),Romania,1956,study,269,ORADEA RUM,,urban-industrial complex,1,269,,,47.05,21.95,"SAC Atomic Weapons Requirements Study for 1959 (June 1956), Part I complex list (NSA EBB 538)",https://nsarchive.gwu.edu/document/15800-09-urban-industrial-target-list-part-i,C190,269 5795 ORADEA RUM,DGZs=1; installations=7 (sub-complexes counted separately)
us_1956_sac_complexes,US (SAC),Romania,1956,study,201,ORASUL STALIN RUM,,urban-industrial complex,1,201,,,45.6333,25.5667,"SAC Atomic Weapons Requirements Study for 1959 (June 1956), Part I complex list (NSA EBB 538)",https://nsarchive.gwu.edu/document/15800-09-urban-industrial-target-list-part-i,C190,201 5807 ORASUL STALIN RUM,DGZs=2; installations=24 (sub-complexes counted separately)
us_1956_sac_complexes,US (SAC),USSR,1956,study,334,OREKHOVO ZUYEVO,,urban-industrial complex,1,334,,,55.8,39.0,"SAC Atomic Weapons Requirements Study for 1959 (June 1956), Part I complex list (NSA EBB 538)",https://nsarchive.gwu.edu/document/15800-09-urban-industrial-target-list-part-i,C191,334 5810 OREKHOVO ZUYEVO,DGZs=1; installations=3 (sub-complexes counted separately)
us_1956_sac_complexes,US (SAC),USSR,1956,study,308,OREL,,urban-industrial complex,1,308,,,52.9667,36.1,"SAC Atomic Weapons Requirements Study for 1959 (June 1956), Part I complex list (NSA EBB 538)",https://nsarchive.gwu.edu/document/15800-09-urban-industrial-target-list-part-i,C191,308 5830 OREL,DGZs=1; installations=5 (sub-complexes counted separately)
us_1956_sac_complexes,US (SAC),Czechoslovakia,1956,study,1185,OREMOVLAZ CZECH,,urban-industrial complex,1,1185,,,48.3833,19.25,"SAC Atomic Weapons Requirements Study for 1959 (June 1956), Part I complex list (NSA EBB 538)",https://nsarchive.gwu.edu/document/15800-09-urban-industrial-target-list-part-i,C191,1185 58305 OREMOVLAZ CZECH,DGZs=0; installations=2 (sub-complexes counted separately)
us_1956_sac_complexes,US (SAC),USSR,1956,study,287,ORSHA,,urban-industrial complex,1,287,,,54.5167,30.4333,"SAC Atomic Weapons Requirements Study for 1959 (June 1956), Part I complex list (NSA EBB 538)",https://nsarchive.gwu.edu/document/15800-09-urban-industrial-target-list-part-i,C192,287 5840 ORSHA,DGZs=1; installations=7 (sub-complexes counted separately)
us_1956_sac_complexes,US (SAC),USSR,1956,study,81,ORSK,,urban-industrial complex,1,81,,,51.2,58.5833,"SAC Atomic Weapons Requirements Study for 1959 (June 1956), Part I complex list (NSA EBB 538)",https://nsarchive.gwu.edu/document/15800-09-urban-industrial-target-list-part-i,C192,81 5850 ORSK,DGZs=4; installations=19 (sub-complexes counted separately)
us_1956_sac_complexes,US (SAC),Romania,1956,study,565,ORSOVA RUM,,urban-industrial complex,1,565,,,44.7167,22.4,"SAC Atomic Weapons Requirements Study for 1959 (June 1956), Part I complex list (NSA EBB 538)",https://nsarchive.gwu.edu/document/15800-09-urban-industrial-target-list-part-i,C192,565 5855 ORSOVA RUM,DGZs=1; installations=2 (sub-complexes counted separately)
us_1956_sac_complexes,US (SAC),Poland,1956,study,1186,ORZYSZ POL,,urban-industrial complex,1,1186,,,53.8,21.95,"SAC Atomic Weapons Requirements Study for 1959 (June 1956), Part I complex list (NSA EBB 538)",https://nsarchive.gwu.edu/document/15800-09-urban-industrial-target-list-part-i,C193,1186 5862 ORZYSZ POL,DGZs=0; installations=2 (sub-complexes counted separately)
us_1956_sac_complexes,US (SAC),USSR,1956,study,1187,OSETROVO,,urban-industrial complex,1,1187,,,56.7667,105.6833,"SAC Atomic Weapons Requirements Study for 1959 (June 1956), Part I complex list (NSA EBB 538)",https://nsarchive.gwu.edu/document/15800-09-urban-industrial-target-list-part-i,C193,1187 5863 OSETROVO,DGZs=0; installations=2 (sub-complexes counted separately)
us_1956_sac_complexes,US (SAC),Poland,1956,study,1077,OSIE POL,,urban-industrial complex,1,1077,,,53.5667,18.3667,"SAC Atomic Weapons Requirements Study for 1959 (June 1956), Part I complex list (NSA EBB 538)",https://nsarchive.gwu.edu/document/15800-09-urban-industrial-target-list-part-i,C193,1077 5865 OSIE POL,DGZs=0; installations=2 (sub-complexes counted separately)
us_1956_sac_complexes,US (SAC),USSR,1956,study,758,OSIPENKO,,urban-industrial complex,1,758,,,46.7333,36.7833,"SAC Atomic Weapons Requirements Study for 1959 (June 1956), Part I complex list (NSA EBB 538)",https://nsarchive.gwu.edu/document/15800-09-urban-industrial-target-list-part-i,C193,758 5870 OSIPENKO,DGZs=1; installations=5 (sub-complexes counted separately)
us_1956_sac_complexes,US (SAC),USSR,1956,study,546,OSIPOVICHI,,urban-industrial complex,1,546,,,53.3,28.65,"SAC Atomic Weapons Requirements Study for 1959 (June 1956), Part I complex list (NSA EBB 538)",https://nsarchive.gwu.edu/document/15800-09-urban-industrial-target-list-part-i,C193,546 5872 OSIPOVICHI,DGZs=1; installations=3 (sub-complexes counted separately)
us_1956_sac_complexes,US (SAC),USSR,1956,study,93,OSTASHKOV,,urban-industrial complex,1,93,,,57.15,33.1,"SAC Atomic Weapons Requirements Study for 1959 (June 1956), Part I complex list (NSA EBB 538)",https://nsarchive.gwu.edu/document/15800-09-urban-industrial-target-list-part-i,C193,93 5880 OSTASHKOV,DGZs=2; installations=3 (sub-complexes counted separately)
us_1956_sac_complexes,US (SAC),Poland,1956,study,464,OSTRODA POL,,urban-industrial complex,1,464,,,53.7,19.95,"SAC Atomic Weapons Requirements Study for 1959 (June 1956), Part I complex list (NSA EBB 538)",https://nsarchive.gwu.edu/document/15800-09-urban-industrial-target-list-part-i,C193,464 5896 OSTRODA POL,DGZs=0; installations=3 (sub-complexes counted separately)
us_1956_sac_complexes,US (SAC),Poland,1956,study,856,OSTROLEKA POL,,urban-industrial complex,1,856,,,53.0833,21.5667,"SAC Atomic Weapons Requirements Study for 1959 (June 1956), Part I complex list (NSA EBB 538)",https://nsarchive.gwu.edu/document/15800-09-urban-industrial-target-list-part-i,C194,856 5897 OSTROLEKA POL,DGZs=0; installations=3 (sub-complexes counted separately)
us_1956_sac_complexes,US (SAC),USSR,1956,study,1037,OSTROV,,urban-industrial complex,1,1037,,,57.35,28.3667,"SAC Atomic Weapons Requirements Study for 1959 (June 1956), Part I complex list (NSA EBB 538)",https://nsarchive.gwu.edu/document/15800-09-urban-industrial-target-list-part-i,C194,1037 58975 OSTROV,DGZs=0; installations=2 (sub-complexes counted separately)
us_1956_sac_complexes,US (SAC),Poland,1956,study,370,OSTROWIEC POL,,urban-industrial complex,1,370,,,50.9333,21.3833,"SAC Atomic Weapons Requirements Study for 1959 (June 1956), Part I complex list (NSA EBB 538)",https://nsarchive.gwu.edu/document/15800-09-urban-industrial-target-list-part-i,C194,370 5905 OSTROWIEC POL,DGZs=0; installations=3 (sub-complexes counted separately)
us_1956_sac_complexes,US (SAC),Poland,1956,study,196,OSWIECIM POL,,urban-industrial complex,1,196,,,50.0333,19.2333,"SAC Atomic Weapons Requirements Study for 1959 (June 1956), Part I complex list (NSA EBB 538)",https://nsarchive.gwu.edu/document/15800-09-urban-industrial-target-list-part-i,C194,196 5915 OSWIECIM POL,DGZs=1; installations=12 (sub-complexes counted separately)
us_1956_sac_complexes,US (SAC),Czechoslovakia,1956,study,247,OTROKOVICE CZECH,,urban-industrial complex,1,247,,,49.2167,17.5167,"SAC Atomic Weapons Requirements Study for 1959 (June 1956), Part I complex list (NSA EBB 538)",https://nsarchive.gwu.edu/document/15800-09-urban-industrial-target-list-part-i,C195,247 5925 OTROKOVICE CZECH,DGZs=1; installations=6 (sub-complexes counted separately)
us_1956_sac_complexes,US (SAC),USSR,1956,study,647,OVRUCH,,urban-industrial complex,1,647,,,51.3,28.8167,"SAC Atomic Weapons Requirements Study for 1959 (June 1956), Part I complex list (NSA EBB 538)",https://nsarchive.gwu.edu/document/15800-09-urban-industrial-target-list-part-i,C196,647 5940 OVRUCH,DGZs=1; installations=2 (sub-complexes counted separately)
us_1956_sac_complexes,US (SAC),Hungary,1956,study,494,OZD HUNG,,urban-industrial complex,1,494,,,48.2167,20.3,"SAC Atomic Weapons Requirements Study for 1959 (June 1956), Part I complex list (NSA EBB 538)",https://nsarchive.gwu.edu/document/15800-09-urban-industrial-target-list-part-i,C196,494 5955 OZD HUNG,DGZs=0; installations=5 (sub-complexes counted separately)
us_1956_sac_complexes,US (SAC),USSR,1956,study,886,OZERNAYA,,urban-industrial complex,1,886,,,40.5333,44.95,"SAC Atomic Weapons Requirements Study for 1959 (June 1956), Part I complex list (NSA EBB 538)",https://nsarchive.gwu.edu/document/15800-09-urban-industrial-target-list-part-i,C196,886 5960 OZERNAYA,DGZs=0; installations=2 (sub-complexes counted separately)
us_1956_sac_complexes,US (SAC),USSR,1956,study,625,PALDISKI,,urban-industrial complex,1,625,,,59.35,24.05,"SAC Atomic Weapons Requirements Study for 1959 (June 1956), Part I complex list (NSA EBB 538)",https://nsarchive.gwu.edu/document/15800-09-urban-industrial-target-list-part-i,C196,625 6020 PALDISKI,DGZs=0; installations=4 (sub-complexes counted separately)
us_1956_sac_complexes,US (SAC),USSR,1956,study,857,PANEVEZHIS,,urban-industrial complex,1,857,,,55.75,24.3667,"SAC Atomic Weapons Requirements Study for 1959 (June 1956), Part I complex list (NSA EBB 538)",https://nsarchive.gwu.edu/document/15800-09-urban-industrial-target-list-part-i,C196,857 6030 PANEVEZHIS,DGZs=0; installations=2 (sub-complexes counted separately)
us_1956_sac_complexes,US (SAC),Hungary,1956,study,465,PAPA HUNG,,urban-industrial complex,1,465,,,47.35,17.4667,"SAC Atomic Weapons Requirements Study for 1959 (June 1956), Part I complex list (NSA EBB 538)",https://nsarchive.gwu.edu/document/15800-09-urban-industrial-target-list-part-i,C196,465 6034 PAPA HUNG,DGZs=0; installations=2 (sub-complexes counted separately)
us_1956_sac_complexes,US (SAC),China,1956,study,584,PA PU CHINA,,urban-industrial complex,1,584,,,24.4333,111.5167,"SAC Atomic Weapons Requirements Study for 1959 (June 1956), Part I complex list (NSA EBB 538)",https://nsarchive.gwu.edu/document/15800-09-urban-industrial-target-list-part-i,C196,584 6037 PA PU CHINA,DGZs=1; installations=2 (sub-complexes counted separately)
us_1956_sac_complexes,US (SAC),USSR,1956,study,719,PARAKHINO PODDUBYE,,urban-industrial complex,1,719,,,58.4167,33.2833,"SAC Atomic Weapons Requirements Study for 1959 (June 1956), Part I complex list (NSA EBB 538)",https://nsarchive.gwu.edu/document/15800-09-urban-industrial-target-list-part-i,C197,719 6040 PARAKHINO PODDUBYE,DGZs=1; installations=3 (sub-complexes counted separately)
us_1956_sac_complexes,US (SAC),East Germany,1956,study,648,PARCHIM E GER,,urban-industrial complex,1,648,,,53.4167,11.85,"SAC Atomic Weapons Requirements Study for 1959 (June 1956), Part I complex list (NSA EBB 538)",https://nsarchive.gwu.edu/document/15800-09-urban-industrial-target-list-part-i,C197,648 6043 PARCHIM E GER,DGZs=0; installations=2 (sub-complexes counted separately)
us_1956_sac_complexes,US (SAC),Czechoslovakia,1956,study,164,PARDUBICE CZECH,,urban-industrial complex,1,164,,,50.05,15.75,"SAC Atomic Weapons Requirements Study for 1959 (June 1956), Part I complex list (NSA EBB 538)",https://nsarchive.gwu.edu/document/15800-09-urban-industrial-target-list-part-i,C197,164 6045 PARDUBICE CZECH,DGZs=2; installations=14 (sub-complexes counted separately)
us_1956_sac_complexes,US (SAC),USSR,1956,study,1078,PASHIYA,,urban-industrial complex,1,1078,,,58.4333,58.2833,"SAC Atomic Weapons Requirements Study for 1959 (June 1956), Part I complex list (NSA EBB 538)",https://nsarchive.gwu.edu/document/15800-09-urban-industrial-target-list-part-i,C198,1078 6060 PASHIYA,DGZs=0; installations=2 (sub-complexes counted separately)
us_1956_sac_complexes,US (SAC),USSR,1956,study,284,PAVLOGRAD,,urban-industrial complex,1,284,,,48.55,35.85,"SAC Atomic Weapons Requirements Study for 1959 (June 1956), Part I complex list (NSA EBB 538)",https://nsarchive.gwu.edu/document/15800-09-urban-industrial-target-list-part-i,C198,284 6069 PAVLOGRAD,DGZs=1; installations=3 (sub-complexes counted separately)
us_1956_sac_complexes,US (SAC),USSR,1956,study,1079,PAVLOVSKIY,,urban-industrial complex,1,1079,,,57.8667,54.85,"SAC Atomic Weapons Requirements Study for 1959 (June 1956), Part I complex list (NSA EBB 538)",https://nsarchive.gwu.edu/document/15800-09-urban-industrial-target-list-part-i,C198,1079 6070 PAVLOVSKIY,DGZs=0; installations=2 (sub-complexes counted separately)
us_1956_sac_complexes,US (SAC),USSR,1956,study,665,PECHENGA,,urban-industrial complex,1,665,,,69.5667,31.2167,"SAC Atomic Weapons Requirements Study for 1959 (June 1956), Part I complex list (NSA EBB 538)",https://nsarchive.gwu.edu/document/15800-09-urban-industrial-target-list-part-i,C198,665 6080 PECHENGA,DGZs=0; installations=5 (sub-complexes counted separately)
us_1956_sac_complexes,US (SAC),USSR,1956,study,929,PECHORA,,urban-industrial complex,1,929,,,65.4167,57.0333,"SAC Atomic Weapons Requirements Study for 1959 (June 1956), Part I complex list (NSA EBB 538)",https://nsarchive.gwu.edu/document/15800-09-urban-industrial-target-list-part-i,C198,929 6083 PECHORA,DGZs=0; installations=4 (sub-complexes counted separately)
us_1956_sac_complexes,US (SAC),Hungary,1956,study,385,PECS HUNG,,urban-industrial complex,1,385,,,46.0667,18.25,"SAC Atomic Weapons Requirements Study for 1959 (June 1956), Part I complex list (NSA EBB 538)",https://nsarchive.gwu.edu/document/15800-09-urban-industrial-target-list-part-i,C199,385 6085 PECS HUNG,DGZs=0; installations=9 (sub-complexes counted separately)
us_1956_sac_complexes,US (SAC),East Germany,1956,study,466,PEENEMUNDE E GER,,urban-industrial complex,1,466,,,54.1333,13.7833,"SAC Atomic Weapons Requirements Study for 1959 (June 1956), Part I complex list (NSA EBB 538)",https://nsarchive.gwu.edu/document/15800-09-urban-industrial-target-list-part-i,C199,466 6095 PEENEMUNDE E GER,DGZs=0; installations=3 (sub-complexes counted separately)
us_1956_sac_complexes,US (SAC),China (Manchuria),1956,study,930,PEI AN MANCH,,urban-industrial complex,1,930,,,48.25,126.5,"SAC Atomic Weapons Requirements Study for 1959 (June 1956), Part I complex list (NSA EBB 538)",https://nsarchive.gwu.edu/document/15800-09-urban-industrial-target-list-part-i,C199,930 6106 PEI AN MANCH,DGZs=0; installations=3 (sub-complexes counted separately)
us_1956_sac_complexes,US (SAC),China,1956,study,1080,PEI LI CHINA,,urban-industrial complex,1,1080,,,19.1333,108.6667,"SAC Atomic Weapons Requirements Study for 1959 (June 1956), Part I complex list (NSA EBB 538)",https://nsarchive.gwu.edu/document/15800-09-urban-industrial-target-list-part-i,C199,1080 6111 PEI LI CHINA,DGZs=0; installations=2 (sub-complexes counted separately)
us_1956_sac_complexes,US (SAC),China,1956,study,981,PEI PIAO CHINA,,urban-industrial complex,1,981,,,41.8,120.7833,"SAC Atomic Weapons Requirements Study for 1959 (June 1956), Part I complex list (NSA EBB 538)",https://nsarchive.gwu.edu/document/15800-09-urban-industrial-target-list-part-i,C199,981 6115 PEI PIAO CHINA,DGZs=0; installations=2 (sub-complexes counted separately)
us_1956_sac_complexes,US (SAC),China,1956,study,13,PEI PING CHINA,,urban-industrial complex,1,13,,,39.9167,116.4,"SAC Atomic Weapons Requirements Study for 1959 (June 1956), Part I complex list (NSA EBB 538)",https://nsarchive.gwu.edu/document/15800-09-urban-industrial-target-list-part-i,C199,13 6125 PEI PING CHINA,DGZs=2; installations=17 (sub-complexes counted separately)
us_1956_sac_complexes,US (SAC),China (Manchuria),1956,study,236,PEN CHI MANCH,,urban-industrial complex,1,236,,,41.3333,123.75,"SAC Atomic Weapons Requirements Study for 1959 (June 1956), Part I complex list (NSA EBB 538)",https://nsarchive.gwu.edu/document/15800-09-urban-industrial-target-list-part-i,C200,236 6141 PEN CHI MANCH,DGZs=2; installations=8 (sub-complexes counted separately)
us_1956_sac_complexes,US (SAC),USSR,1956,study,194,PENZA,,urban-industrial complex,1,194,,,53.2,45.0167,"SAC Atomic Weapons Requirements Study for 1959 (June 1956), Part I complex list (NSA EBB 538)",https://nsarchive.gwu.edu/document/15800-09-urban-industrial-target-list-part-i,C200,194 6160 PENZA,DGZs=4; installations=14 (sub-complexes counted separately)
us_1956_sac_complexes,US (SAC),USSR,1956,study,887,PERVOMAYSK,,urban-industrial complex,1,887,,,48.0667,30.8667,"SAC Atomic Weapons Requirements Study for 1959 (June 1956), Part I complex list (NSA EBB 538)",https://nsarchive.gwu.edu/document/15800-09-urban-industrial-target-list-part-i,C201,887 61765 PERVOMAYSK,DGZs=0; installations=4 (sub-complexes counted separately)
us_1956_sac_complexes,US (SAC),USSR,1956,study,1038,PESCHANOKOPSKOYE,,urban-industrial complex,1,1038,,,46.1667,41.0667,"SAC Atomic Weapons Requirements Study for 1959 (June 1956), Part I complex list (NSA EBB 538)",https://nsarchive.gwu.edu/document/15800-09-urban-industrial-target-list-part-i,C201,1038 6187 PESCHANOKOPSKOYE,DGZs=0; installations=2 (sub-complexes counted separately)
us_1956_sac_complexes,US (SAC),USSR,1956,study,171,PETROPAVLOVSK,,urban-industrial complex,1,171,,,54.8667,69.1333,"SAC Atomic Weapons Requirements Study for 1959 (June 1956), Part I complex list (NSA EBB 538)",https://nsarchive.gwu.edu/document/15800-09-urban-industrial-target-list-part-i,C201,171 6208 PETROPAVLOVSK,DGZs=2; installations=7 (sub-complexes counted separately)
us_1956_sac_complexes,US (SAC),USSR,1956,study,384,PETROPAVLOVSK KAMCHATSKIY,,urban-industrial complex,1,384,,,53.0,158.6667,"SAC Atomic Weapons Requirements Study for 1959 (June 1956), Part I complex list (NSA EBB 538)",https://nsarchive.gwu.edu/document/15800-09-urban-industrial-target-list-part-i,C201,384 6210 PETROPAVLOVSK KAMCHATSKIY,DGZs=3; installations=15 (sub-complexes counted separately)
us_1956_sac_complexes,US (SAC),Romania,1956,study,617,PETROSENI RUM,,urban-industrial complex,1,617,,,45.4167,23.3667,"SAC Atomic Weapons Requirements Study for 1959 (June 1956), Part I complex list (NSA EBB 538)",https://nsarchive.gwu.edu/document/15800-09-urban-industrial-target-list-part-i,C201,617 6225 PETROSENI RUM,DGZs=0; installations=2 (sub-complexes counted separately)
us_1956_sac_complexes,US (SAC),USSR,1956,study,948,PETROVSK,,urban-industrial complex,1,948,,,52.3,45.4,"SAC Atomic Weapons Requirements Study for 1959 (June 1956), Part I complex list (NSA EBB 538)",https://nsarchive.gwu.edu/document/15800-09-urban-industrial-target-list-part-i,C202,948 6228 PETROVSK,DGZs=0; installations=2 (sub-complexes counted separately)
us_1956_sac_complexes,US (SAC),USSR,1956,study,630,PETROVSK-ZABAYKALSKIY,,urban-industrial complex,1,630,,,51.2833,108.85,"SAC Atomic Weapons Requirements Study for 1959 (June 1956), Part I complex list (NSA EBB 538)",https://nsarchive.gwu.edu/document/15800-09-urban-industrial-target-list-part-i,C202,630 6230 PETROVSK-ZABAYKALSKIY,DGZs=1; installations=4 (sub-complexes counted separately)
us_1956_sac_complexes,US (SAC),USSR,1956,study,52,PETROZAVODSK,,urban-industrial complex,1,52,,,61.7833,34.35,"SAC Atomic Weapons Requirements Study for 1959 (June 1956), Part I complex list (NSA EBB 538)",https://nsarchive.gwu.edu/document/15800-09-urban-industrial-target-list-part-i,C202,52 6240 PETROZAVODSK,DGZs=2; installations=12 (sub-complexes counted separately)
us_1956_sac_complexes,US (SAC),USSR,1956,study,1081,PEVEK,,urban-industrial complex,1,1081,,,69.7167,170.2833,"SAC Atomic Weapons Requirements Study for 1959 (June 1956), Part I complex list (NSA EBB 538)",https://nsarchive.gwu.edu/document/15800-09-urban-industrial-target-list-part-i,C202,1081 6242 PEVEK,DGZs=0; installations=2 (sub-complexes counted separately)
us_1956_sac_complexes,US (SAC),USSR,1956,study,1082,PILENKOVA,,urban-industrial complex,1,1082,,,43.4,40.0833,"SAC Atomic Weapons Requirements Study for 1959 (June 1956), Part I complex list (NSA EBB 538)",https://nsarchive.gwu.edu/document/15800-09-urban-industrial-target-list-part-i,C202,1082 6270 PILENKOVA,DGZs=0; installations=2 (sub-complexes counted separately)
us_1956_sac_complexes,US (SAC),USSR,1956,study,888,PINSK,,urban-industrial complex,1,888,,,52.1167,26.0833,"SAC Atomic Weapons Requirements Study for 1959 (June 1956), Part I complex list (NSA EBB 538)",https://nsarchive.gwu.edu/document/15800-09-urban-industrial-target-list-part-i,C203,888 62722 PINSK,DGZs=0; installations=2 (sub-complexes counted separately)
us_1956_sac_complexes,US (SAC),Czechoslovakia,1956,study,1083,PISEK CZECH,,urban-industrial complex,1,1083,,,49.3,14.1333,"SAC Atomic Weapons Requirements Study for 1959 (June 1956), Part I complex list (NSA EBB 538)",https://nsarchive.gwu.edu/document/15800-09-urban-industrial-target-list-part-i,C203,1083 6287 PISEK CZECH,DGZs=0; installations=3 (sub-complexes counted separately)
us_1956_sac_complexes,US (SAC),USSR,1956,study,1188,PITKYARANTA,,urban-industrial complex,1,1188,,,61.5833,31.5,"SAC Atomic Weapons Requirements Study for 1959 (June 1956), Part I complex list (NSA EBB 538)",https://nsarchive.gwu.edu/document/15800-09-urban-industrial-target-list-part-i,C203,1188 6290 PITKYARANTA,DGZs=0; installations=3 (sub-complexes counted separately)
us_1956_sac_complexes,US (SAC),USSR,1956,study,1121,PLATNIROVSKAYA,,urban-industrial complex,1,1121,,,45.3667,39.4,"SAC Atomic Weapons Requirements Study for 1959 (June 1956), Part I complex list (NSA EBB 538)",https://nsarchive.gwu.edu/document/15800-09-urban-industrial-target-list-part-i,C203,1121 6293 PLATNIROVSKAYA,DGZs=0; installations=2 (sub-complexes counted separately)
us_1956_sac_complexes,US (SAC),East Germany,1956,study,311,PLAUEN E GER,,urban-industrial complex,1,311,,,50.5,12.1333,"SAC Atomic Weapons Requirements Study for 1959 (June 1956), Part I complex list (NSA EBB 538)",https://nsarchive.gwu.edu/document/15800-09-urban-industrial-target-list-part-i,C203,311 6295 PLAUEN E GER,DGZs=0; installations=6 (sub-complexes counted separately)
us_1956_sac_complexes,US (SAC),Poland,1956,study,1084,PLOCK POL,,urban-industrial complex,1,1084,,,52.55,19.7,"SAC Atomic Weapons Requirements Study for 1959 (June 1956), Part I complex list (NSA EBB 538)",https://nsarchive.gwu.edu/document/15800-09-urban-industrial-target-list-part-i,C203,1084 6310 PLOCK POL,DGZs=0; installations=4 (sub-complexes counted separately)
us_1956_sac_complexes,US (SAC),Romania,1956,study,59,PLOESTI RUM,,urban-industrial complex,1,59,,,44.95,26.0333,"SAC Atomic Weapons Requirements Study for 1959 (June 1956), Part I complex list (NSA EBB 538)",https://nsarchive.gwu.edu/document/15800-09-urban-industrial-target-list-part-i,C203,59 6315 PLOESTI RUM,DGZs=7; installations=29 (sub-complexes counted separately)
us_1956_sac_complexes,US (SAC),Bulgaria,1956,study,365,PLOVDIV BULG,,urban-industrial complex,1,365,,,42.1333,24.75,"SAC Atomic Weapons Requirements Study for 1959 (June 1956), Part I complex list (NSA EBB 538)",https://nsarchive.gwu.edu/document/15800-09-urban-industrial-target-list-part-i,C205,365 6325 PLOVDIV BULG,DGZs=0; installations=11 (sub-complexes counted separately)
us_1956_sac_complexes,US (SAC),Czechoslovakia,1956,study,167,PLZEN CZECH,,urban-industrial complex,1,167,,,49.75,13.3667,"SAC Atomic Weapons Requirements Study for 1959 (June 1956), Part I complex list (NSA EBB 538)",https://nsarchive.gwu.edu/document/15800-09-urban-industrial-target-list-part-i,C205,167 6335 PLZEN CZECH,DGZs=3; installations=30 (sub-complexes counted separately)
us_1956_sac_complexes,US (SAC),Czechoslovakia,1956,study,1189,PODBORANY CZECH,,urban-industrial complex,1,1189,,,50.2167,13.4,"SAC Atomic Weapons Requirements Study for 1959 (June 1956), Part I complex list (NSA EBB 538)",https://nsarchive.gwu.edu/document/15800-09-urban-industrial-target-list-part-i,C206,1189 6347 PODBORANY CZECH,DGZs=0; installations=2 (sub-complexes counted separately)
us_1956_sac_complexes,US (SAC),USSR,1956,study,229,PODOLSK,,urban-industrial complex,1,229,,,55.4333,37.5667,"SAC Atomic Weapons Requirements Study for 1959 (June 1956), Part I complex list (NSA EBB 538)",https://nsarchive.gwu.edu/document/15800-09-urban-industrial-target-list-part-i,C206,229 6360 PODOLSK,DGZs=1; installations=10 (sub-complexes counted separately)
us_1956_sac_complexes,US (SAC),USSR,1956,study,512,PODPOROZHYE,,urban-industrial complex,1,512,,,60.9167,34.2,"SAC Atomic Weapons Requirements Study for 1959 (June 1956), Part I complex list (NSA EBB 538)",https://nsarchive.gwu.edu/document/15800-09-urban-industrial-target-list-part-i,C207,512 6370 PODPOROZHYE,DGZs=1; installations=3 (sub-complexes counted separately)
us_1956_sac_complexes,US (SAC),USSR,1956,study,1122,POKROVSKY,,urban-industrial complex,1,1122,,,39.9333,48.3667,"SAC Atomic Weapons Requirements Study for 1959 (June 1956), Part I complex list (NSA EBB 538)",https://nsarchive.gwu.edu/document/15800-09-urban-industrial-target-list-part-i,C207,1122 6376 POKROVSKY,DGZs=0; installations=3 (sub-complexes counted separately)
us_1956_sac_complexes,US (SAC),USSR,1956,study,819,POLEVSKOY,,urban-industrial complex,1,819,,,56.45,60.2,"SAC Atomic Weapons Requirements Study for 1959 (June 1956), Part I complex list (NSA EBB 538)",https://nsarchive.gwu.edu/document/15800-09-urban-industrial-target-list-part-i,C207,819 6380 POLEVSKOY,DGZs=0; installations=3 (sub-complexes counted separately)
us_1956_sac_complexes,US (SAC),USSR,1956,study,585,POLOGI,,urban-industrial complex,1,585,,,47.4667,36.25,"SAC Atomic Weapons Requirements Study for 1959 (June 1956), Part I complex list (NSA EBB 538)",https://nsarchive.gwu.edu/document/15800-09-urban-industrial-target-list-part-i,C207,585 6387 POLOGI,DGZs=0; installations=2 (sub-complexes counted separately)
us_1956_sac_complexes,US (SAC),USSR,1956,study,345,POLOTSK,,urban-industrial complex,1,345,,,55.4833,28.8,"SAC Atomic Weapons Requirements Study for 1959 (June 1956), Part I complex list (NSA EBB 538)",https://nsarchive.gwu.edu/document/15800-09-urban-industrial-target-list-part-i,C207,345 6390 POLOTSK,DGZs=1; installations=3 (sub-complexes counted separately)
us_1956_sac_complexes,US (SAC),USSR,1956,study,305,POLTAVA,,urban-industrial complex,1,305,,,49.6,34.5667,"SAC Atomic Weapons Requirements Study for 1959 (June 1956), Part I complex list (NSA EBB 538)",https://nsarchive.gwu.edu/document/15800-09-urban-industrial-target-list-part-i,C207,305 6410 POLTAVA,DGZs=2; installations=5 (sub-complexes counted separately)
us_1956_sac_complexes,US (SAC),USSR,1956,study,139,POLYARNYY,,urban-industrial complex,1,139,,,69.1833,33.4667,"SAC Atomic Weapons Requirements Study for 1959 (June 1956), Part I complex list (NSA EBB 538)",https://nsarchive.gwu.edu/document/15800-09-urban-industrial-target-list-part-i,C208,139 6420 POLYARNYY,DGZs=1; installations=5 (sub-complexes counted separately)
us_1956_sac_complexes,US (SAC),USSR,1956,study,840,POMOSHNAYA,,urban-industrial complex,1,840,,,48.2667,31.4167,"SAC Atomic Weapons Requirements Study for 1959 (June 1956), Part I complex list (NSA EBB 538)",https://nsarchive.gwu.edu/document/15800-09-urban-industrial-target-list-part-i,C208,840 6421 POMOSHNAYA,DGZs=0; installations=2 (sub-complexes counted separately)
us_1956_sac_complexes,US (SAC),China (Manchuria),1956,study,293,PORT ARTHUR MANCH,,urban-industrial complex,1,293,,,38.8,121.25,"SAC Atomic Weapons Requirements Study for 1959 (June 1956), Part I complex list (NSA EBB 538)",https://nsarchive.gwu.edu/document/15800-09-urban-industrial-target-list-part-i,C208,293 6437 PORT ARTHUR MANCH,DGZs=0; installations=8 (sub-complexes counted separately)
us_1956_sac_complexes,US (SAC),North Vietnam,1956,study,1190,PORT WALLUT N VIETNAM,,urban-industrial complex,1,1190,,,21.2,107.5667,"SAC Atomic Weapons Requirements Study for 1959 (June 1956), Part I complex list (NSA EBB 538)",https://nsarchive.gwu.edu/document/15800-09-urban-industrial-target-list-part-i,C208,1190 6438 PORT WALLUT N VIETNAM,DGZs=0; installations=2 (sub-complexes counted separately)
us_1956_sac_complexes,US (SAC),China,1956,study,586,PO SHAN CHINA,,urban-industrial complex,1,586,,,36.5167,117.85,"SAC Atomic Weapons Requirements Study for 1959 (June 1956), Part I complex list (NSA EBB 538)",https://nsarchive.gwu.edu/document/15800-09-urban-industrial-target-list-part-i,C208,586 64405 PO SHAN CHINA,DGZs=1; installations=3 (sub-complexes counted separately)
us_1956_sac_complexes,US (SAC),Czechoslovakia,1956,study,379,POSTORNA CZECH,,urban-industrial complex,1,379,,,48.75,16.8667,"SAC Atomic Weapons Requirements Study for 1959 (June 1956), Part I complex list (NSA EBB 538)",https://nsarchive.gwu.edu/document/15800-09-urban-industrial-target-list-part-i,C208,379 6445 POSTORNA CZECH,DGZs=0; installations=3 (sub-complexes counted separately)
us_1956_sac_complexes,US (SAC),USSR,1956,study,414,POTI,,urban-industrial complex,1,414,,,42.1333,41.7,"SAC Atomic Weapons Requirements Study for 1959 (June 1956), Part I complex list (NSA EBB 538)",https://nsarchive.gwu.edu/document/15800-09-urban-industrial-target-list-part-i,C209,414 6450 POTI,DGZs=1; installations=6 (sub-complexes counted separately)
us_1956_sac_complexes,US (SAC),Poland,1956,study,100,POZNAN POL,,urban-industrial complex,1,100,,,52.4,16.9167,"SAC Atomic Weapons Requirements Study for 1959 (June 1956), Part I complex list (NSA EBB 538)",https://nsarchive.gwu.edu/document/15800-09-urban-industrial-target-list-part-i,C209,100 6485 POZNAN POL,DGZs=7; installations=20 (sub-complexes counted separately)
us_1956_sac_complexes,US (SAC),Czechoslovakia,1956,study,58,PRAGUE CZECH,,urban-industrial complex,1,58,,,50.0833,14.4167,"SAC Atomic Weapons Requirements Study for 1959 (June 1956), Part I complex list (NSA EBB 538)",https://nsarchive.gwu.edu/document/15800-09-urban-industrial-target-list-part-i,C209,58 6493 PRAGUE CZECH,DGZs=5; installations=69 (sub-complexes counted separately)
us_1956_sac_complexes,US (SAC),USSR,1956,study,1085,PRAVDINSK,,urban-industrial complex,1,1085,,,54.4333,21.0333,"SAC Atomic Weapons Requirements Study for 1959 (June 1956), Part I complex list (NSA EBB 538)",https://nsarchive.gwu.edu/document/15800-09-urban-industrial-target-list-part-i,C212,1085 6500 PRAVDINSK,DGZs=0; installations=2 (sub-complexes counted separately)
us_1956_sac_complexes,US (SAC),East Germany,1956,study,513,PRENZLAU E GER,,urban-industrial complex,1,513,,,53.3167,13.85,"SAC Atomic Weapons Requirements Study for 1959 (June 1956), Part I complex list (NSA EBB 538)",https://nsarchive.gwu.edu/document/15800-09-urban-industrial-target-list-part-i,C212,513 6510 PRENZLAU E GER,DGZs=0; installations=2 (sub-complexes counted separately)
us_1956_sac_complexes,US (SAC),Czechoslovakia,1956,study,931,PRESOV CZECH,,urban-industrial complex,1,931,,,49.0,21.25,"SAC Atomic Weapons Requirements Study for 1959 (June 1956), Part I complex list (NSA EBB 538)",https://nsarchive.gwu.edu/document/15800-09-urban-industrial-target-list-part-i,C212,931 6517 PRESOV CZECH,DGZs=0; installations=3 (sub-complexes counted separately)
us_1956_sac_complexes,US (SAC),Czechoslovakia,1956,study,932,PRIBRAM CZECH,,urban-industrial complex,1,932,,,49.6833,14.0167,"SAC Atomic Weapons Requirements Study for 1959 (June 1956), Part I complex list (NSA EBB 538)",https://nsarchive.gwu.edu/document/15800-09-urban-industrial-target-list-part-i,C212,932 6525 PRIBRAM CZECH,DGZs=0; installations=2 (sub-complexes counted separately)
us_1956_sac_complexes,US (SAC),USSR,1956,study,778,PRILUKI,,urban-industrial complex,1,778,,,50.6,32.4,"SAC Atomic Weapons Requirements Study for 1959 (June 1956), Part I complex list (NSA EBB 538)",https://nsarchive.gwu.edu/document/15800-09-urban-industrial-target-list-part-i,C213,778 6526 PRILUKI,DGZs=0; installations=2 (sub-complexes counted separately)
us_1956_sac_complexes,US (SAC),USSR,1956,study,933,PRIOZERSK,,urban-industrial complex,1,933,,,61.05,30.1667,"SAC Atomic Weapons Requirements Study for 1959 (June 1956), Part I complex list (NSA EBB 538)",https://nsarchive.gwu.edu/document/15800-09-urban-industrial-target-list-part-i,C213,933 65265 PRIOZERSK,DGZs=0; installations=2 (sub-complexes counted separately)
us_1956_sac_complexes,US (SAC),USSR,1956,study,1123,PRISHIB,,urban-industrial complex,1,1123,,,47.2667,35.3333,"SAC Atomic Weapons Requirements Study for 1959 (June 1956), Part I complex list (NSA EBB 538)",https://nsarchive.gwu.edu/document/15800-09-urban-industrial-target-list-part-i,C213,1123 6527 PRISHIB,DGZs=0; installations=2 (sub-complexes counted separately)
us_1956_sac_complexes,US (SAC),USSR,1956,study,325,PROKOPYEVSK,,urban-industrial complex,1,325,,,53.9167,86.7167,"SAC Atomic Weapons Requirements Study for 1959 (June 1956), Part I complex list (NSA EBB 538)",https://nsarchive.gwu.edu/document/15800-09-urban-industrial-target-list-part-i,C213,325 6530 PROKOPYEVSK,DGZs=1; installations=4 (sub-complexes counted separately)
us_1956_sac_complexes,US (SAC),USSR,1956,study,421,PROSKUROV,,urban-industrial complex,1,421,,,49.4167,27.0,"SAC Atomic Weapons Requirements Study for 1959 (June 1956), Part I complex list (NSA EBB 538)",https://nsarchive.gwu.edu/document/15800-09-urban-industrial-target-list-part-i,C213,421 6540 PROSKUROV,DGZs=1; installations=4 (sub-complexes counted separately)
us_1956_sac_complexes,US (SAC),USSR,1956,study,1014,PROVIDENIYA,,urban-industrial complex,1,1014,,,64.3833,-173.2833,"SAC Atomic Weapons Requirements Study for 1959 (June 1956), Part I complex list (NSA EBB 538)",https://nsarchive.gwu.edu/document/15800-09-urban-industrial-target-list-part-i,C213,1014 6550 PROVIDENIYA,DGZs=0; installations=4 (sub-complexes counted separately)
us_1956_sac_complexes,US (SAC),Poland,1956,study,252,PRZEMYSL POL,,urban-industrial complex,1,252,,,49.7833,22.7833,"SAC Atomic Weapons Requirements Study for 1959 (June 1956), Part I complex list (NSA EBB 538)",https://nsarchive.gwu.edu/document/15800-09-urban-industrial-target-list-part-i,C213,252 65565 PRZEMYSL POL,DGZs=1; installations=6 (sub-complexes counted separately)
us_1956_sac_complexes,US (SAC),Poland,1956,study,618,PRZEWORSK POL,,urban-industrial complex,1,618,,,50.0667,22.5,"SAC Atomic Weapons Requirements Study for 1959 (June 1956), Part I complex list (NSA EBB 538)",https://nsarchive.gwu.edu/document/15800-09-urban-industrial-target-list-part-i,C214,618 65568 PRZEWORSK POL,DGZs=0; installations=2 (sub-complexes counted separately)
us_1956_sac_complexes,US (SAC),USSR,1956,study,489,PSKOV,,urban-industrial complex,1,489,,,57.8,28.35,"SAC Atomic Weapons Requirements Study for 1959 (June 1956), Part I complex list (NSA EBB 538)",https://nsarchive.gwu.edu/document/15800-09-urban-industrial-target-list-part-i,C214,489 6560 PSKOV,DGZs=2; installations=11 (sub-complexes counted separately)
us_1956_sac_complexes,US (SAC),Poland,1956,study,1191,PUCK POL,,urban-industrial complex,1,1191,,,54.7167,18.3833,"SAC Atomic Weapons Requirements Study for 1959 (June 1956), Part I complex list (NSA EBB 538)",https://nsarchive.gwu.edu/document/15800-09-urban-industrial-target-list-part-i,C214,1191 6572 PUCK POL,DGZs=0; installations=2 (sub-complexes counted separately)
us_1956_sac_complexes,US (SAC),USSR,1956,study,1039,PUDOZH,,urban-industrial complex,1,1039,,,61.8,36.5333,"SAC Atomic Weapons Requirements Study for 1959 (June 1956), Part I complex list (NSA EBB 538)",https://nsarchive.gwu.edu/document/15800-09-urban-industrial-target-list-part-i,C214,1039 6573 PUDOZH,DGZs=0; installations=2 (sub-complexes counted separately)
us_1956_sac_complexes,US (SAC),USSR,1956,study,1222,PUOTEN,,urban-industrial complex,1,1222,,,65.8667,-170.5833,"SAC Atomic Weapons Requirements Study for 1959 (June 1956), Part I complex list (NSA EBB 538)",https://nsarchive.gwu.edu/document/15800-09-urban-industrial-target-list-part-i,C214,1222 6585 PUOTEN,DGZs=0; installations=2 (sub-complexes counted separately)
us_1956_sac_complexes,US (SAC),Hungary,1956,study,587,PUSPOKLADANY HUNG,,urban-industrial complex,1,587,,,47.3333,21.1333,"SAC Atomic Weapons Requirements Study for 1959 (June 1956), Part I complex list (NSA EBB 538)",https://nsarchive.gwu.edu/document/15800-09-urban-industrial-target-list-part-i,C214,587 6589 PUSPOKLADANY HUNG,DGZs=0; installations=2 (sub-complexes counted separately)
us_1956_sac_complexes,US (SAC),USSR,1956,study,912,PYARNU,,urban-industrial complex,1,912,,,58.4,24.5,"SAC Atomic Weapons Requirements Study for 1959 (June 1956), Part I complex list (NSA EBB 538)",https://nsarchive.gwu.edu/document/15800-09-urban-industrial-target-list-part-i,C215,912 6600 PYARNU,DGZs=0; installations=3 (sub-complexes counted separately)
us_1956_sac_complexes,US (SAC),USSR,1956,study,441,PYATIGORSK,,urban-industrial complex,1,441,,,44.05,43.0167,"SAC Atomic Weapons Requirements Study for 1959 (June 1956), Part I complex list (NSA EBB 538)",https://nsarchive.gwu.edu/document/15800-09-urban-industrial-target-list-part-i,C215,441 6610 PYATIGORSK,DGZs=1; installations=2 (sub-complexes counted separately)
us_1956_sac_complexes,US (SAC),USSR,1956,study,432,PYATIKHATKI,,urban-industrial complex,1,432,,,48.4,33.7,"SAC Atomic Weapons Requirements Study for 1959 (June 1956), Part I complex list (NSA EBB 538)",https://nsarchive.gwu.edu/document/15800-09-urban-industrial-target-list-part-i,C215,432 6612 PYATIKHATKI,DGZs=1; installations=2 (sub-complexes counted separately)
us_1956_sac_complexes,US (SAC),North Korea,1956,study,77,PYONGYANG N KOREA,,urban-industrial complex,1,77,,,39.0167,125.7667,"SAC Atomic Weapons Requirements Study for 1959 (June 1956), Part I complex list (NSA EBB 538)",https://nsarchive.gwu.edu/document/15800-09-urban-industrial-target-list-part-i,C215,77 6616 PYONGYANG N KOREA,DGZs=0; installations=10 (sub-complexes counted separately)
us_1956_sac_complexes,US (SAC),Poland,1956,study,326,RADOM POL,,urban-industrial complex,1,326,,,51.4,21.1333,"SAC Atomic Weapons Requirements Study for 1959 (June 1956), Part I complex list (NSA EBB 538)",https://nsarchive.gwu.edu/document/15800-09-urban-industrial-target-list-part-i,C215,326 6705 RADOM POL,DGZs=0; installations=5 (sub-complexes counted separately)
us_1956_sac_complexes,US (SAC),Poland,1956,study,1086,RADOMSKO POL,,urban-industrial complex,1,1086,,,51.0667,19.4667,"SAC Atomic Weapons Requirements Study for 1959 (June 1956), Part I complex list (NSA EBB 538)",https://nsarchive.gwu.edu/document/15800-09-urban-industrial-target-list-part-i,C215,1086 6710 RADOMSKO POL,DGZs=0; installations=2 (sub-complexes counted separately)
us_1956_sac_complexes,US (SAC),Czechoslovakia,1956,study,409,RAKOVNIK CZECH,,urban-industrial complex,1,409,,,50.1,13.7,"SAC Atomic Weapons Requirements Study for 1959 (June 1956), Part I complex list (NSA EBB 538)",https://nsarchive.gwu.edu/document/15800-09-urban-industrial-target-list-part-i,C216,409 67232 RAKOVNIK CZECH,DGZs=0; installations=3 (sub-complexes counted separately)
us_1956_sac_complexes,US (SAC),USSR,1956,study,913,RAMENSKOYE,,urban-industrial complex,1,913,,,55.5667,38.2167,"SAC Atomic Weapons Requirements Study for 1959 (June 1956), Part I complex list (NSA EBB 538)",https://nsarchive.gwu.edu/document/15800-09-urban-industrial-target-list-part-i,C216,913 67239 RAMENSKOYE,DGZs=0; installations=2 (sub-complexes counted separately)
us_1956_sac_complexes,US (SAC),East Germany,1956,study,454,RATHENOW E GER,,urban-industrial complex,1,454,,,52.6167,12.3333,"SAC Atomic Weapons Requirements Study for 1959 (June 1956), Part I complex list (NSA EBB 538)",https://nsarchive.gwu.edu/document/15800-09-urban-industrial-target-list-part-i,C216,454 6735 RATHENOW E GER,DGZs=1; installations=6 (sub-complexes counted separately)
us_1956_sac_complexes,US (SAC),Poland,1956,study,202,RATIBOR POL,,urban-industrial complex,1,202,,,50.0833,18.2167,"SAC Atomic Weapons Requirements Study for 1959 (June 1956), Part I complex list (NSA EBB 538)",https://nsarchive.gwu.edu/document/15800-09-urban-industrial-target-list-part-i,C216,202 6745 RATIBOR POL,DGZs=0; installations=4 (sub-complexes counted separately)
us_1956_sac_complexes,US (SAC),USSR,1956,study,779,RAVA RUSSKAYA,,urban-industrial complex,1,779,,,50.2333,23.6333,"SAC Atomic Weapons Requirements Study for 1959 (June 1956), Part I complex list (NSA EBB 538)",https://nsarchive.gwu.edu/document/15800-09-urban-industrial-target-list-part-i,C217,779 6752 RAVA RUSSKAYA,DGZs=0; installations=2 (sub-complexes counted separately)
us_1956_sac_complexes,US (SAC),USSR,1956,study,1124,RAYCHIKHINSK,,urban-industrial complex,1,1124,,,49.7667,129.3167,"SAC Atomic Weapons Requirements Study for 1959 (June 1956), Part I complex list (NSA EBB 538)",https://nsarchive.gwu.edu/document/15800-09-urban-industrial-target-list-part-i,C217,1124 67585 RAYCHIKHINSK,DGZs=0; installations=2 (sub-complexes counted separately)
us_1956_sac_complexes,US (SAC),USSR,1956,study,684,RAYEVSKIY,,urban-industrial complex,1,684,,,54.05,54.9667,"SAC Atomic Weapons Requirements Study for 1959 (June 1956), Part I complex list (NSA EBB 538)",https://nsarchive.gwu.edu/document/15800-09-urban-industrial-target-list-part-i,C217,684 6759 RAYEVSKIY,DGZs=1; installations=2 (sub-complexes counted separately)
us_1956_sac_complexes,US (SAC),USSR,1956,study,752,RAZDELNAYA,,urban-industrial complex,1,752,,,46.85,30.0667,"SAC Atomic Weapons Requirements Study for 1959 (June 1956), Part I complex list (NSA EBB 538)",https://nsarchive.gwu.edu/document/15800-09-urban-industrial-target-list-part-i,C217,752 67595 RAZDELNAYA,DGZs=1; installations=2 (sub-complexes counted separately)
us_1956_sac_complexes,US (SAC),Romania,1956,study,276,RECITA RUM,,urban-industrial complex,1,276,,,45.3167,21.9167,"SAC Atomic Weapons Requirements Study for 1959 (June 1956), Part I complex list (NSA EBB 538)",https://nsarchive.gwu.edu/document/15800-09-urban-industrial-target-list-part-i,C217,276 6765 RECITA RUM,DGZs=0; installations=13 (sub-complexes counted separately)
us_1956_sac_complexes,US (SAC),USSR,1956,study,330,REVDA,,urban-industrial complex,1,330,,,56.7833,59.9667,"SAC Atomic Weapons Requirements Study for 1959 (June 1956), Part I complex list (NSA EBB 538)",https://nsarchive.gwu.edu/document/15800-09-urban-industrial-target-list-part-i,C218,330 6810 REVDA,DGZs=1; installations=4 (sub-complexes counted separately)
us_1956_sac_complexes,US (SAC),USSR,1956,study,380,REZH,,urban-industrial complex,1,380,,,57.3667,61.4333,"SAC Atomic Weapons Requirements Study for 1959 (June 1956), Part I complex list (NSA EBB 538)",https://nsarchive.gwu.edu/document/15800-09-urban-industrial-target-list-part-i,C218,380 6820 REZH,DGZs=1; installations=4 (sub-complexes counted separately)
us_1956_sac_complexes,US (SAC),East Germany,1956,study,242,RIESA E GER,,urban-industrial complex,1,242,,,51.3,13.3,"SAC Atomic Weapons Requirements Study for 1959 (June 1956), Part I complex list (NSA EBB 538)",https://nsarchive.gwu.edu/document/15800-09-urban-industrial-target-list-part-i,C218,242 6825 RIESA E GER,DGZs=0; installations=9 (sub-complexes counted separately)
us_1956_sac_complexes,US (SAC),USSR,1956,study,23,RIGA,,urban-industrial complex,1,23,,,56.9833,24.15,"SAC Atomic Weapons Requirements Study for 1959 (June 1956), Part I complex list (NSA EBB 538)",https://nsarchive.gwu.edu/document/15800-09-urban-industrial-target-list-part-i,C219,23 6830 RIGA,DGZs=3; installations=36 (sub-complexes counted separately)
us_1956_sac_complexes,US (SAC),Romania,1956,study,619,ROMAN RUM,,urban-industrial complex,1,619,,,46.9167,26.9,"SAC Atomic Weapons Requirements Study for 1959 (June 1956), Part I complex list (NSA EBB 538)",https://nsarchive.gwu.edu/document/15800-09-urban-industrial-target-list-part-i,C220,619 6858 ROMAN RUM,DGZs=0; installations=5 (sub-complexes counted separately)
us_1956_sac_complexes,US (SAC),USSR,1956,study,561,ROSLAVL,,urban-industrial complex,1,561,,,53.95,32.8333,"SAC Atomic Weapons Requirements Study for 1959 (June 1956), Part I complex list (NSA EBB 538)",https://nsarchive.gwu.edu/document/15800-09-urban-industrial-target-list-part-i,C220,561 6880 ROSLAVL,DGZs=1; installations=2 (sub-complexes counted separately)
us_1956_sac_complexes,US (SAC),USSR,1956,study,649,ROSSOSH,,urban-industrial complex,1,649,,,50.2,39.5833,"SAC Atomic Weapons Requirements Study for 1959 (June 1956), Part I complex list (NSA EBB 538)",https://nsarchive.gwu.edu/document/15800-09-urban-industrial-target-list-part-i,C220,649 6897 ROSSOSH,DGZs=1; installations=2 (sub-complexes counted separately)
us_1956_sac_complexes,US (SAC),East Germany,1956,study,187,ROSTOCK E GER,,urban-industrial complex,1,187,,,54.0833,12.1333,"SAC Atomic Weapons Requirements Study for 1959 (June 1956), Part I complex list (NSA EBB 538)",https://nsarchive.gwu.edu/document/15800-09-urban-industrial-target-list-part-i,C220,187 6905 ROSTOCK E GER,DGZs=0; installations=11 (sub-complexes counted separately)
us_1956_sac_complexes,US (SAC),USSR,1956,study,43,ROSTOV,,urban-industrial complex,1,43,,,47.2333,39.7,"SAC Atomic Weapons Requirements Study for 1959 (June 1956), Part I complex list (NSA EBB 538)",https://nsarchive.gwu.edu/document/15800-09-urban-industrial-target-list-part-i,C221,43 6910 ROSTOV,DGZs=3; installations=22 (sub-complexes counted separately)
us_1956_sac_complexes,US (SAC),USSR,1956,study,720,ROSTOV,,urban-industrial complex,1,720,,,57.1833,39.4167,"SAC Atomic Weapons Requirements Study for 1959 (June 1956), Part I complex list (NSA EBB 538)",https://nsarchive.gwu.edu/document/15800-09-urban-industrial-target-list-part-i,C222,720 69101 ROSTOV,DGZs=1; installations=2 (sub-complexes counted separately)
us_1956_sac_complexes,US (SAC),Czechoslovakia,1956,study,210,ROUDNICE NAD LABEM CZECH,,urban-industrial complex,1,210,,,50.4167,14.25,"SAC Atomic Weapons Requirements Study for 1959 (June 1956), Part I complex list (NSA EBB 538)",https://nsarchive.gwu.edu/document/15800-09-urban-industrial-target-list-part-i,C222,210 6915 ROUDNICE NAD LABEM CZECH,DGZs=0; installations=4 (sub-complexes counted separately)
us_1956_sac_complexes,US (SAC),USSR,1956,study,514,ROVNO,,urban-industrial complex,1,514,,,50.6333,26.25,"SAC Atomic Weapons Requirements Study for 1959 (June 1956), Part I complex list (NSA EBB 538)",https://nsarchive.gwu.edu/document/15800-09-urban-industrial-target-list-part-i,C222,514 6925 ROVNO,DGZs=1; installations=3 (sub-complexes counted separately)
us_1956_sac_complexes,US (SAC),USSR,1956,study,272,ROYA,,urban-industrial complex,1,272,,,47.9833,37.3333,"SAC Atomic Weapons Requirements Study for 1959 (June 1956), Part I complex list (NSA EBB 538)",https://nsarchive.gwu.edu/document/15800-09-urban-industrial-target-list-part-i,C222,272 6930 ROYA,DGZs=1; installations=4 (sub-complexes counted separately)
us_1956_sac_complexes,US (SAC),USSR,1956,study,449,RTISHCHEVO,,urban-industrial complex,1,449,,,52.2667,43.8,"SAC Atomic Weapons Requirements Study for 1959 (June 1956), Part I complex list (NSA EBB 538)",https://nsarchive.gwu.edu/document/15800-09-urban-industrial-target-list-part-i,C222,449 6970 RTISHCHEVO,DGZs=1; installations=2 (sub-complexes counted separately)
us_1956_sac_complexes,US (SAC),USSR,1956,study,257,RUBTSOVSK,,urban-industrial complex,1,257,,,51.5,81.2667,"SAC Atomic Weapons Requirements Study for 1959 (June 1956), Part I complex list (NSA EBB 538)",https://nsarchive.gwu.edu/document/15800-09-urban-industrial-target-list-part-i,C223,257 6990 RUBTSOVSK,DGZs=1; installations=6 (sub-complexes counted separately)
us_1956_sac_complexes,US (SAC),USSR,1956,study,1125,RUDNITSA,,urban-industrial complex,1,1125,,,48.25,28.9333,"SAC Atomic Weapons Requirements Study for 1959 (June 1956), Part I complex list (NSA EBB 538)",https://nsarchive.gwu.edu/document/15800-09-urban-industrial-target-list-part-i,C223,1125 7016 RUDNITSA,DGZs=0; installations=2 (sub-complexes counted separately)
us_1956_sac_complexes,US (SAC),USSR,1956,study,1126,RUDNYA,,urban-industrial complex,1,1126,,,54.95,31.1,"SAC Atomic Weapons Requirements Study for 1959 (June 1956), Part I complex list (NSA EBB 538)",https://nsarchive.gwu.edu/document/15800-09-urban-industrial-target-list-part-i,C223,1126 7017 RUDNYA,DGZs=0; installations=2 (sub-complexes counted separately)
us_1956_sac_complexes,US (SAC),USSR,1956,study,1087,RUKOPOL,,urban-industrial complex,1,1087,,,51.75,48.5333,"SAC Atomic Weapons Requirements Study for 1959 (June 1956), Part I complex list (NSA EBB 538)",https://nsarchive.gwu.edu/document/15800-09-urban-industrial-target-list-part-i,C223,1087 7040 RUKOPOL,DGZs=0; installations=2 (sub-complexes counted separately)
us_1956_sac_complexes,US (SAC),Czechoslovakia,1956,study,650,RUZOMBEROK CZECH,,urban-industrial complex,1,650,,,49.0833,19.3167,"SAC Atomic Weapons Requirements Study for 1959 (June 1956), Part I complex list (NSA EBB 538)",https://nsarchive.gwu.edu/document/15800-09-urban-industrial-target-list-part-i,C223,650 7053 RUZOMBEROK CZECH,DGZs=0; installations=2 (sub-complexes counted separately)
us_1956_sac_complexes,US (SAC),USSR,1956,study,235,RYAZAN,,urban-industrial complex,1,235,,,54.6333,39.75,"SAC Atomic Weapons Requirements Study for 1959 (June 1956), Part I complex list (NSA EBB 538)",https://nsarchive.gwu.edu/document/15800-09-urban-industrial-target-list-part-i,C223,235 7060 RYAZAN,DGZs=2; installations=11 (sub-complexes counted separately)
us_1956_sac_complexes,US (SAC),USSR,1956,study,500,RYAZHSK,,urban-industrial complex,1,500,,,53.7,40.1,"SAC Atomic Weapons Requirements Study for 1959 (June 1956), Part I complex list (NSA EBB 538)",https://nsarchive.gwu.edu/document/15800-09-urban-industrial-target-list-part-i,C223,500 7070 RYAZHSK,DGZs=1; installations=4 (sub-complexes counted separately)
us_1956_sac_complexes,US (SAC),Poland,1956,study,156,RZESZOW POL,,urban-industrial complex,1,156,,,50.0167,21.9833,"SAC Atomic Weapons Requirements Study for 1959 (June 1956), Part I complex list (NSA EBB 538)",https://nsarchive.gwu.edu/document/15800-09-urban-industrial-target-list-part-i,C224,156 7095 RZESZOW POL,DGZs=2; installations=7 (sub-complexes counted separately)
us_1956_sac_complexes,US (SAC),USSR,1956,study,541,RZHEV,,urban-industrial complex,1,541,,,56.25,34.3333,"SAC Atomic Weapons Requirements Study for 1959 (June 1956), Part I complex list (NSA EBB 538)",https://nsarchive.gwu.edu/document/15800-09-urban-industrial-target-list-part-i,C224,541 7100 RZHEV,DGZs=1; installations=4 (sub-complexes counted separately)
us_1956_sac_complexes,US (SAC),East Germany,1956,study,889,SAALBURG E GER,,urban-industrial complex,1,889,,,50.5333,11.7167,"SAC Atomic Weapons Requirements Study for 1959 (June 1956), Part I complex list (NSA EBB 538)",https://nsarchive.gwu.edu/document/15800-09-urban-industrial-target-list-part-i,C224,889 7145 SAALBURG E GER,DGZs=0; installations=2 (sub-complexes counted separately)
us_1956_sac_complexes,US (SAC),East Germany,1956,study,155,SAALFELD E GER,,urban-industrial complex,1,155,,,50.65,11.35,"SAC Atomic Weapons Requirements Study for 1959 (June 1956), Part I complex list (NSA EBB 538)",https://nsarchive.gwu.edu/document/15800-09-urban-industrial-target-list-part-i,C224,155 7155 SAALFELD E GER,DGZs=0; installations=5 (sub-complexes counted separately)
us_1956_sac_complexes,US (SAC),Hungary,1956,study,685,SALGOTARJAN HUNG,,urban-industrial complex,1,685,,,48.1167,19.8333,"SAC Atomic Weapons Requirements Study for 1959 (June 1956), Part I complex list (NSA EBB 538)",https://nsarchive.gwu.edu/document/15800-09-urban-industrial-target-list-part-i,C225,685 7185 SALGOTARJAN HUNG,DGZs=0; installations=3 (sub-complexes counted separately)
us_1956_sac_complexes,US (SAC),USSR,1956,study,841,SALSK,,urban-industrial complex,1,841,,,46.4667,41.55,"SAC Atomic Weapons Requirements Study for 1959 (June 1956), Part I complex list (NSA EBB 538)",https://nsarchive.gwu.edu/document/15800-09-urban-industrial-target-list-part-i,C225,841 7190 SALSK,DGZs=0; installations=3 (sub-complexes counted separately)
us_1956_sac_complexes,US (SAC),East Germany,1956,study,1088,SALZWEDEL E.GER,,urban-industrial complex,1,1088,,,52.85,11.15,"SAC Atomic Weapons Requirements Study for 1959 (June 1956), Part I complex list (NSA EBB 538)",https://nsarchive.gwu.edu/document/15800-09-urban-industrial-target-list-part-i,C225,1088 7195 SALZWEDEL E.GER,DGZs=0; installations=4 (sub-complexes counted separately)
us_1956_sac_complexes,US (SAC),USSR,1956,study,395,SAMARKAND,,urban-industrial complex,1,395,,,39.6667,66.9667,"SAC Atomic Weapons Requirements Study for 1959 (June 1956), Part I complex list (NSA EBB 538)",https://nsarchive.gwu.edu/document/15800-09-urban-industrial-target-list-part-i,C225,395 7200 SAMARKAND,DGZs=1; installations=5 (sub-complexes counted separately)
us_1956_sac_complexes,US (SAC),USSR,1956,study,588,SAMTREDIA,,urban-industrial complex,1,588,,,42.1667,42.3333,"SAC Atomic Weapons Requirements Study for 1959 (June 1956), Part I complex list (NSA EBB 538)",https://nsarchive.gwu.edu/document/15800-09-urban-industrial-target-list-part-i,C225,588 7210 SAMTREDIA,DGZs=0; installations=4 (sub-complexes counted separately)
us_1956_sac_complexes,US (SAC),Bulgaria,1956,study,1192,SANDANSKI BULG,,urban-industrial complex,1,1192,,,41.55,23.3,"SAC Atomic Weapons Requirements Study for 1959 (June 1956), Part I complex list (NSA EBB 538)",https://nsarchive.gwu.edu/document/15800-09-urban-industrial-target-list-part-i,C225,1192 72116 SANDANSKI BULG,DGZs=0; installations=2 (sub-complexes counted separately)
us_1956_sac_complexes,US (SAC),Poland,1956,study,721,SANOK POL,,urban-industrial complex,1,721,,,49.6,22.2,"SAC Atomic Weapons Requirements Study for 1959 (June 1956), Part I complex list (NSA EBB 538)",https://nsarchive.gwu.edu/document/15800-09-urban-industrial-target-list-part-i,C226,721 7215 SANOK POL,DGZs=0; installations=2 (sub-complexes counted separately)
us_1956_sac_complexes,US (SAC),China,1956,study,753,SAN SHUI CHINA,,urban-industrial complex,1,753,,,23.1667,112.8333,"SAC Atomic Weapons Requirements Study for 1959 (June 1956), Part I complex list (NSA EBB 538)",https://nsarchive.gwu.edu/document/15800-09-urban-industrial-target-list-part-i,C226,753 72157 SAN SHUI CHINA,DGZs=0; installations=2 (sub-complexes counted separately)
us_1956_sac_complexes,US (SAC),USSR,1956,study,1089,SARAKTASH,,urban-industrial complex,1,1089,,,51.8,56.3667,"SAC Atomic Weapons Requirements Study for 1959 (June 1956), Part I complex list (NSA EBB 538)",https://nsarchive.gwu.edu/document/15800-09-urban-industrial-target-list-part-i,C226,1089 7220 SARAKTASH,DGZs=0; installations=2 (sub-complexes counted separately)
us_1956_sac_complexes,US (SAC),Albania,1956,study,1193,SARANDE ALB,,urban-industrial complex,1,1193,,,39.8667,20.0,"SAC Atomic Weapons Requirements Study for 1959 (June 1956), Part I complex list (NSA EBB 538)",https://nsarchive.gwu.edu/document/15800-09-urban-industrial-target-list-part-i,C226,1193 7225 SARANDE ALB,DGZs=0; installations=2 (sub-complexes counted separately)
us_1956_sac_complexes,US (SAC),USSR,1956,study,400,SARANSK,,urban-industrial complex,1,400,,,54.2,45.1833,"SAC Atomic Weapons Requirements Study for 1959 (June 1956), Part I complex list (NSA EBB 538)",https://nsarchive.gwu.edu/document/15800-09-urban-industrial-target-list-part-i,C226,400 7230 SARANSK,DGZs=1; installations=3 (sub-complexes counted separately)
us_1956_sac_complexes,US (SAC),USSR,1956,study,842,SARAPUL,,urban-industrial complex,1,842,,,56.4833,53.8,"SAC Atomic Weapons Requirements Study for 1959 (June 1956), Part I complex list (NSA EBB 538)",https://nsarchive.gwu.edu/document/15800-09-urban-industrial-target-list-part-i,C226,842 7240 SARAPUL,DGZs=1; installations=5 (sub-complexes counted separately)
us_1956_sac_complexes,US (SAC),USSR,1956,study,17,SARATOV,,urban-industrial complex,1,17,,,51.5333,46.0167,"SAC Atomic Weapons Requirements Study for 1959 (June 1956), Part I complex list (NSA EBB 538)",https://nsarchive.gwu.edu/document/15800-09-urban-industrial-target-list-part-i,C226,17 7250 SARATOV,DGZs=3; installations=31 (sub-complexes counted separately)
us_1956_sac_complexes,US (SAC),USSR,1956,study,820,SARNY,,urban-industrial complex,1,820,,,51.3333,26.6,"SAC Atomic Weapons Requirements Study for 1959 (June 1956), Part I complex list (NSA EBB 538)",https://nsarchive.gwu.edu/document/15800-09-urban-industrial-target-list-part-i,C227,820 7260 SARNY,DGZs=0; installations=2 (sub-complexes counted separately)
us_1956_sac_complexes,US (SAC),USSR,1956,study,666,SASOVO,,urban-industrial complex,1,666,,,54.35,41.9333,"SAC Atomic Weapons Requirements Study for 1959 (June 1956), Part I complex list (NSA EBB 538)",https://nsarchive.gwu.edu/document/15800-09-urban-industrial-target-list-part-i,C227,666 7265 SASOVO,DGZs=1; installations=3 (sub-complexes counted separately)
us_1956_sac_complexes,US (SAC),East Germany,1956,study,1090,SASSNITZ E GER,,urban-industrial complex,1,1090,,,54.5333,13.6167,"SAC Atomic Weapons Requirements Study for 1959 (June 1956), Part I complex list (NSA EBB 538)",https://nsarchive.gwu.edu/document/15800-09-urban-industrial-target-list-part-i,C227,1090 7267 SASSNITZ E GER,DGZs=0; installations=3 (sub-complexes counted separately)
us_1956_sac_complexes,US (SAC),USSR,1956,study,410,SATKA,,urban-industrial complex,1,410,,,55.0333,59.0333,"SAC Atomic Weapons Requirements Study for 1959 (June 1956), Part I complex list (NSA EBB 538)",https://nsarchive.gwu.edu/document/15800-09-urban-industrial-target-list-part-i,C228,410 7270 SATKA,DGZs=1; installations=4 (sub-complexes counted separately)
us_1956_sac_complexes,US (SAC),Hungary,1956,study,402,SATORALJAUJHELY HUNG,,urban-industrial complex,1,402,,,48.3833,21.65,"SAC Atomic Weapons Requirements Study for 1959 (June 1956), Part I complex list (NSA EBB 538)",https://nsarchive.gwu.edu/document/15800-09-urban-industrial-target-list-part-i,C228,402 72705 SATORALJAUJHELY HUNG,DGZs=0; installations=2 (sub-complexes counted separately)
us_1956_sac_complexes,US (SAC),Romania,1956,study,515,SATU MARE RUM,,urban-industrial complex,1,515,,,47.7833,22.8833,"SAC Atomic Weapons Requirements Study for 1959 (June 1956), Part I complex list (NSA EBB 538)",https://nsarchive.gwu.edu/document/15800-09-urban-industrial-target-list-part-i,C228,515 7271 SATU MARE RUM,DGZs=0; installations=9 (sub-complexes counted separately)
us_1956_sac_complexes,US (SAC),Romania,1956,study,982,SCHITU GOLESTI RUM,,urban-industrial complex,1,982,,,45.2167,25.0167,"SAC Atomic Weapons Requirements Study for 1959 (June 1956), Part I complex list (NSA EBB 538)",https://nsarchive.gwu.edu/document/15800-09-urban-industrial-target-list-part-i,C228,982 7285 SCHITU GOLESTI RUM,DGZs=0; installations=2 (sub-complexes counted separately)
us_1956_sac_complexes,US (SAC),Poland,1956,study,858,SCHLAWE POL,,urban-industrial complex,1,858,,,54.35,16.6667,"SAC Atomic Weapons Requirements Study for 1959 (June 1956), Part I complex list (NSA EBB 538)",https://nsarchive.gwu.edu/document/15800-09-urban-industrial-target-list-part-i,C228,858 7300 SCHLAWE POL,DGZs=0; installations=2 (sub-complexes counted separately)
us_1956_sac_complexes,US (SAC),Poland,1956,study,360,SCHNEIDEMUHL POL,,urban-industrial complex,1,360,,,53.15,16.75,"SAC Atomic Weapons Requirements Study for 1959 (June 1956), Part I complex list (NSA EBB 538)",https://nsarchive.gwu.edu/document/15800-09-urban-industrial-target-list-part-i,C228,360 73255 SCHNEIDEMUHL POL,DGZs=0; installations=3 (sub-complexes counted separately)
us_1956_sac_complexes,US (SAC),East Germany,1956,study,215,SCHWARZHEIDE E GER,,urban-industrial complex,1,215,,,51.5167,13.8833,"SAC Atomic Weapons Requirements Study for 1959 (June 1956), Part I complex list (NSA EBB 538)",https://nsarchive.gwu.edu/document/15800-09-urban-industrial-target-list-part-i,C229,215 7345 SCHWARZHEIDE E GER,DGZs=1; installations=7 (sub-complexes counted separately)
us_1956_sac_complexes,US (SAC),East Germany,1956,study,386,SCHWERIN E GER,,urban-industrial complex,1,386,,,53.6333,11.3833,"SAC Atomic Weapons Requirements Study for 1959 (June 1956), Part I complex list (NSA EBB 538)",https://nsarchive.gwu.edu/document/15800-09-urban-industrial-target-list-part-i,C229,386 7367 SCHWERIN E GER,DGZs=0; installations=9 (sub-complexes counted separately)
us_1956_sac_complexes,US (SAC),USSR,1956,study,934,SEGEZHA,,urban-industrial complex,1,934,,,63.7333,34.2833,"SAC Atomic Weapons Requirements Study for 1959 (June 1956), Part I complex list (NSA EBB 538)",https://nsarchive.gwu.edu/document/15800-09-urban-industrial-target-list-part-i,C230,934 7380 SEGEZHA,DGZs=0; installations=2 (sub-complexes counted separately)
us_1956_sac_complexes,US (SAC),USSR,1956,study,483,SEMENOVKA,,urban-industrial complex,1,483,,,44.1667,133.25,"SAC Atomic Weapons Requirements Study for 1959 (June 1956), Part I complex list (NSA EBB 538)",https://nsarchive.gwu.edu/document/15800-09-urban-industrial-target-list-part-i,C230,483 7390 SEMENOVKA,DGZs=1; installations=3 (sub-complexes counted separately)
us_1956_sac_complexes,US (SAC),USSR,1956,study,373,SEMIPALATINSK,,urban-industrial complex,1,373,,,50.4167,80.2667,"SAC Atomic Weapons Requirements Study for 1959 (June 1956), Part I complex list (NSA EBB 538)",https://nsarchive.gwu.edu/document/15800-09-urban-industrial-target-list-part-i,C230,373 7392 SEMIPALATINSK,DGZs=1; installations=4 (sub-complexes counted separately)
us_1956_sac_complexes,US (SAC),USSR,1956,study,620,SERGACH,,urban-industrial complex,1,620,,,55.55,45.4833,"SAC Atomic Weapons Requirements Study for 1959 (June 1956), Part I complex list (NSA EBB 538)",https://nsarchive.gwu.edu/document/15800-09-urban-industrial-target-list-part-i,C230,620 73956 SERGACH,DGZs=1; installations=2 (sub-complexes counted separately)
us_1956_sac_complexes,US (SAC),USSR,1956,study,71,SEROV,,urban-industrial complex,1,71,,,59.6167,60.5833,"SAC Atomic Weapons Requirements Study for 1959 (June 1956), Part I complex list (NSA EBB 538)",https://nsarchive.gwu.edu/document/15800-09-urban-industrial-target-list-part-i,C230,71 7400 SEROV,DGZs=2; installations=8 (sub-complexes counted separately)
us_1956_sac_complexes,US (SAC),USSR,1956,study,422,SERPUKHOV,,urban-industrial complex,1,422,,,54.9167,37.4167,"SAC Atomic Weapons Requirements Study for 1959 (June 1956), Part I complex list (NSA EBB 538)",https://nsarchive.gwu.edu/document/15800-09-urban-industrial-target-list-part-i,C231,422 7410 SERPUKHOV,DGZs=1; installations=7 (sub-complexes counted separately)
us_1956_sac_complexes,US (SAC),USSR,1956,study,32,SEVASTOPOL,,urban-industrial complex,1,32,,,44.6167,33.5333,"SAC Atomic Weapons Requirements Study for 1959 (June 1956), Part I complex list (NSA EBB 538)",https://nsarchive.gwu.edu/document/15800-09-urban-industrial-target-list-part-i,C231,32 7430 SEVASTOPOL,DGZs=4; installations=22 (sub-complexes counted separately)
us_1956_sac_complexes,US (SAC),USSR,1956,study,1194,SEVERO KURILSK,,urban-industrial complex,1,1194,,,50.6833,156.1333,"SAC Atomic Weapons Requirements Study for 1959 (June 1956), Part I complex list (NSA EBB 538)",https://nsarchive.gwu.edu/document/15800-09-urban-industrial-target-list-part-i,C232,1194 7440 SEVERO KURILSK,DGZs=0; installations=3 (sub-complexes counted separately)
us_1956_sac_complexes,US (SAC),USSR,1956,study,1015,SEVERSKAYA,,urban-industrial complex,1,1015,,,44.85,38.6833,"SAC Atomic Weapons Requirements Study for 1959 (June 1956), Part I complex list (NSA EBB 538)",https://nsarchive.gwu.edu/document/15800-09-urban-industrial-target-list-part-i,C232,1015 7445 SEVERSKAYA,DGZs=0; installations=2 (sub-complexes counted separately)
us_1956_sac_complexes,US (SAC),Romania,1956,study,1195,SFANTUL GHEORGE RUM,,urban-industrial complex,1,1195,,,45.8667,25.7833,"SAC Atomic Weapons Requirements Study for 1959 (June 1956), Part I complex list (NSA EBB 538)",https://nsarchive.gwu.edu/document/15800-09-urban-industrial-target-list-part-i,C232,1195 7458 SFANTUL GHEORGE RUM,DGZs=0; installations=2 (sub-complexes counted separately)
us_1956_sac_complexes,US (SAC),USSR,1956,study,780,SHADRINSK,,urban-industrial complex,1,780,,,56.0833,63.65,"SAC Atomic Weapons Requirements Study for 1959 (June 1956), Part I complex list (NSA EBB 538)",https://nsarchive.gwu.edu/document/15800-09-urban-industrial-target-list-part-i,C232,780 74595 SHADRINSK,DGZs=0; installations=3 (sub-complexes counted separately)
us_1956_sac_complexes,US (SAC),USSR,1956,study,217,SHAKHTY,,urban-industrial complex,1,217,,,47.7167,40.2333,"SAC Atomic Weapons Requirements Study for 1959 (June 1956), Part I complex list (NSA EBB 538)",https://nsarchive.gwu.edu/document/15800-09-urban-industrial-target-list-part-i,C232,217 7460 SHAKHTY,DGZs=2; installations=5 (sub-complexes counted separately)
us_1956_sac_complexes,US (SAC),USSR,1956,study,686,SHAKHUNYA,,urban-industrial complex,1,686,,,57.6667,46.6,"SAC Atomic Weapons Requirements Study for 1959 (June 1956), Part I complex list (NSA EBB 538)",https://nsarchive.gwu.edu/document/15800-09-urban-industrial-target-list-part-i,C233,686 7461 SHAKHUNYA,DGZs=1; installations=2 (sub-complexes counted separately)
us_1956_sac_complexes,US (SAC),China,1956,study,28,SHANG HAI CHINA,,urban-industrial complex,1,28,,,31.25,121.4833,"SAC Atomic Weapons Requirements Study for 1959 (June 1956), Part I complex list (NSA EBB 538)",https://nsarchive.gwu.edu/document/15800-09-urban-industrial-target-list-part-i,C233,28 7475 SHANG HAI CHINA,DGZs=6; installations=82 (sub-complexes counted separately)
us_1956_sac_complexes,US (SAC),USSR,1956,study,687,SHARYA,,urban-industrial complex,1,687,,,58.3667,45.5333,"SAC Atomic Weapons Requirements Study for 1959 (June 1956), Part I complex list (NSA EBB 538)",https://nsarchive.gwu.edu/document/15800-09-urban-industrial-target-list-part-i,C234,687 7477 SHARYA,DGZs=1; installations=2 (sub-complexes counted separately)
us_1956_sac_complexes,US (SAC),China,1956,study,821,SHA SHIH CHINA,,urban-industrial complex,1,821,,,30.3167,112.2333,"SAC Atomic Weapons Requirements Study for 1959 (June 1956), Part I complex list (NSA EBB 538)",https://nsarchive.gwu.edu/document/15800-09-urban-industrial-target-list-part-i,C235,821 7478 SHA SHIH CHINA,DGZs=0; installations=2 (sub-complexes counted separately)
us_1956_sac_complexes,US (SAC),USSR,1956,study,239,SHATURA,,urban-industrial complex,1,239,,,55.5667,39.5667,"SAC Atomic Weapons Requirements Study for 1959 (June 1956), Part I complex list (NSA EBB 538)",https://nsarchive.gwu.edu/document/15800-09-urban-industrial-target-list-part-i,C235,239 7480 SHATURA,DGZs=1; installations=2 (sub-complexes counted separately)
us_1956_sac_complexes,US (SAC),USSR,1956,study,29,SHCHERBAKOV,,urban-industrial complex,1,29,,,58.05,38.8667,"SAC Atomic Weapons Requirements Study for 1959 (June 1956), Part I complex list (NSA EBB 538)",https://nsarchive.gwu.edu/document/15800-09-urban-industrial-target-list-part-i,C235,29 7500 SHCHERBAKOV,DGZs=3; installations=16 (sub-complexes counted separately)
us_1956_sac_complexes,US (SAC),USSR,1956,study,781,SHCHUCHINSK,,urban-industrial complex,1,781,,,52.9333,70.2,"SAC Atomic Weapons Requirements Study for 1959 (June 1956), Part I complex list (NSA EBB 538)",https://nsarchive.gwu.edu/document/15800-09-urban-industrial-target-list-part-i,C235,781 75015 SHCHUCHINSK,DGZs=0; installations=2 (sub-complexes counted separately)
us_1956_sac_complexes,US (SAC),Albania,1956,study,1196,SHENGJIN ALB,,urban-industrial complex,1,1196,,,41.8167,19.5833,"SAC Atomic Weapons Requirements Study for 1959 (June 1956), Part I complex list (NSA EBB 538)",https://nsarchive.gwu.edu/document/15800-09-urban-industrial-target-list-part-i,C235,1196 7505 SHENGJIN ALB,DGZs=0; installations=2 (sub-complexes counted separately)
us_1956_sac_complexes,US (SAC),USSR,1956,study,631,SHEPETOVKA,,urban-industrial complex,1,631,,,50.2,27.1,"SAC Atomic Weapons Requirements Study for 1959 (June 1956), Part I complex list (NSA EBB 538)",https://nsarchive.gwu.edu/document/15800-09-urban-industrial-target-list-part-i,C235,631 7510 SHEPETOVKA,DGZs=1; installations=5 (sub-complexes counted separately)
us_1956_sac_complexes,US (SAC),USSR,1956,study,1127,SHEREBKOVO,,urban-industrial complex,1,1127,,,47.85,29.8667,"SAC Atomic Weapons Requirements Study for 1959 (June 1956), Part I complex list (NSA EBB 538)",https://nsarchive.gwu.edu/document/15800-09-urban-industrial-target-list-part-i,C236,1127 7513 SHEREBKOVO,DGZs=0; installations=2 (sub-complexes counted separately)
us_1956_sac_complexes,US (SAC),China,1956,study,822,SHIH HUI YAO CHINA,,urban-industrial complex,1,822,,,30.2167,115.1,"SAC Atomic Weapons Requirements Study for 1959 (June 1956), Part I complex list (NSA EBB 538)",https://nsarchive.gwu.edu/document/15800-09-urban-industrial-target-list-part-i,C236,822 7516 SHIH HUI YAO CHINA,DGZs=0; installations=4 (sub-complexes counted separately)
us_1956_sac_complexes,US (SAC),China,1956,study,353,SHIH MEN CHINA,,urban-industrial complex,1,353,,,38.05,114.4833,"SAC Atomic Weapons Requirements Study for 1959 (June 1956), Part I complex list (NSA EBB 538)",https://nsarchive.gwu.edu/document/15800-09-urban-industrial-target-list-part-i,C236,353 7517 SHIH MEN CHINA,DGZs=0; installations=3 (sub-complexes counted separately)
us_1956_sac_complexes,US (SAC),USSR,1956,study,935,SHIKUKA,,urban-industrial complex,1,935,,,49.2667,143.1167,"SAC Atomic Weapons Requirements Study for 1959 (June 1956), Part I complex list (NSA EBB 538)",https://nsarchive.gwu.edu/document/15800-09-urban-industrial-target-list-part-i,C236,935 7520 SHIKUKA,DGZs=0; installations=2 (sub-complexes counted separately)
us_1956_sac_complexes,US (SAC),USSR,1956,study,1128,SHILOVO,,urban-industrial complex,1,1128,,,54.3167,40.9,"SAC Atomic Weapons Requirements Study for 1959 (June 1956), Part I complex list (NSA EBB 538)",https://nsarchive.gwu.edu/document/15800-09-urban-industrial-target-list-part-i,C236,1128 7523 SHILOVO,DGZs=0; installations=2 (sub-complexes counted separately)
us_1956_sac_complexes,US (SAC),USSR,1956,study,688,SHIMANOVSKAYA,,urban-industrial complex,1,688,,,52.0333,127.6333,"SAC Atomic Weapons Requirements Study for 1959 (June 1956), Part I complex list (NSA EBB 538)",https://nsarchive.gwu.edu/document/15800-09-urban-industrial-target-list-part-i,C236,688 7525 SHIMANOVSKAYA,DGZs=1; installations=2 (sub-complexes counted separately)
us_1956_sac_complexes,US (SAC),USSR,1956,study,983,SHIRUTORU,,urban-industrial complex,1,983,,,48.6333,142.8,"SAC Atomic Weapons Requirements Study for 1959 (June 1956), Part I complex list (NSA EBB 538)",https://nsarchive.gwu.edu/document/15800-09-urban-industrial-target-list-part-i,C236,983 7530 SHIRUTORU,DGZs=0; installations=2 (sub-complexes counted separately)
us_1956_sac_complexes,US (SAC),USSR,1956,study,1129,SHORSU,,urban-industrial complex,1,1129,,,40.2833,70.8333,"SAC Atomic Weapons Requirements Study for 1959 (June 1956), Part I complex list (NSA EBB 538)",https://nsarchive.gwu.edu/document/15800-09-urban-industrial-target-list-part-i,C236,1129 7548 SHORSU,DGZs=0; installations=2 (sub-complexes counted separately)
us_1956_sac_complexes,US (SAC),USSR,1956,study,433,SHOSTKA,,urban-industrial complex,1,433,,,51.8833,33.5,"SAC Atomic Weapons Requirements Study for 1959 (June 1956), Part I complex list (NSA EBB 538)",https://nsarchive.gwu.edu/document/15800-09-urban-industrial-target-list-part-i,C237,433 7550 SHOSTKA,DGZs=1; installations=5 (sub-complexes counted separately)
us_1956_sac_complexes,US (SAC),Bulgaria,1956,study,984,SHUMEN BULG,,urban-industrial complex,1,984,,,43.2667,26.9167,"SAC Atomic Weapons Requirements Study for 1959 (June 1956), Part I complex list (NSA EBB 538)",https://nsarchive.gwu.edu/document/15800-09-urban-industrial-target-list-part-i,C237,984 75607 SHUMEN BULG,DGZs=0; installations=3 (sub-complexes counted separately)
us_1956_sac_complexes,US (SAC),USSR,1956,study,722,SHUMIKA,,urban-industrial complex,1,722,,,55.2167,63.2667,"SAC Atomic Weapons Requirements Study for 1959 (June 1956), Part I complex list (NSA EBB 538)",https://nsarchive.gwu.edu/document/15800-09-urban-industrial-target-list-part-i,C237,722 75615 SHUMIKA,DGZs=1; installations=2 (sub-complexes counted separately)
us_1956_sac_complexes,US (SAC),USSR,1956,study,551,SIAULIAI,,urban-industrial complex,1,551,,,55.9333,23.3167,"SAC Atomic Weapons Requirements Study for 1959 (June 1956), Part I complex list (NSA EBB 538)",https://nsarchive.gwu.edu/document/15800-09-urban-industrial-target-list-part-i,C237,551 7562 SIAULIAI,DGZs=0; installations=3 (sub-complexes counted separately)
us_1956_sac_complexes,US (SAC),Romania,1956,study,457,SIBIU RUM,,urban-industrial complex,1,457,,,45.8,24.15,"SAC Atomic Weapons Requirements Study for 1959 (June 1956), Part I complex list (NSA EBB 538)",https://nsarchive.gwu.edu/document/15800-09-urban-industrial-target-list-part-i,C237,457 7563 SIBIU RUM,DGZs=1; installations=5 (sub-complexes counted separately)
us_1956_sac_complexes,US (SAC),Poland,1956,study,467,SIEDLCE POL,,urban-industrial complex,1,467,,,52.1667,22.2833,"SAC Atomic Weapons Requirements Study for 1959 (June 1956), Part I complex list (NSA EBB 538)",https://nsarchive.gwu.edu/document/15800-09-urban-industrial-target-list-part-i,C237,467 7564 SIEDLCE POL,DGZs=0; installations=2 (sub-complexes counted separately)
us_1956_sac_complexes,US (SAC),Romania,1956,study,723,SIGHET RUM,,urban-industrial complex,1,723,,,47.9167,23.9,"SAC Atomic Weapons Requirements Study for 1959 (June 1956), Part I complex list (NSA EBB 538)",https://nsarchive.gwu.edu/document/15800-09-urban-industrial-target-list-part-i,C238,723 7580 SIGHET RUM,DGZs=0; installations=3 (sub-complexes counted separately)
us_1956_sac_complexes,US (SAC),USSR,1956,study,127,SIMFEROPOL,,urban-industrial complex,1,127,,,44.9667,34.1167,"SAC Atomic Weapons Requirements Study for 1959 (June 1956), Part I complex list (NSA EBB 538)",https://nsarchive.gwu.edu/document/15800-09-urban-industrial-target-list-part-i,C238,127 7600 SIMFEROPOL,DGZs=1; installations=8 (sub-complexes counted separately)
us_1956_sac_complexes,US (SAC),Romania,1956,study,890,SINAIA RUM,,urban-industrial complex,1,890,,,45.35,25.5333,"SAC Atomic Weapons Requirements Study for 1959 (June 1956), Part I complex list (NSA EBB 538)",https://nsarchive.gwu.edu/document/15800-09-urban-industrial-target-list-part-i,C238,890 7605 SINAIA RUM,DGZs=0; installations=2 (sub-complexes counted separately)
us_1956_sac_complexes,US (SAC),USSR,1956,study,1197,SIVAYA MASKA,,urban-industrial complex,1,1197,,,66.6,62.4,"SAC Atomic Weapons Requirements Study for 1959 (June 1956), Part I complex list (NSA EBB 538)",https://nsarchive.gwu.edu/document/15800-09-urban-industrial-target-list-part-i,C238,1197 7609 SIVAYA MASKA,DGZs=0; installations=2 (sub-complexes counted separately)
us_1956_sac_complexes,US (SAC),USSR,1956,study,985,SKOPIN,,urban-industrial complex,1,985,,,53.8333,39.5333,"SAC Atomic Weapons Requirements Study for 1959 (June 1956), Part I complex list (NSA EBB 538)",https://nsarchive.gwu.edu/document/15800-09-urban-industrial-target-list-part-i,C238,985 76140 SKOPIN,DGZs=0; installations=2 (sub-complexes counted separately)
us_1956_sac_complexes,US (SAC),USSR,1956,study,525,SKOVORODINO,,urban-industrial complex,1,525,,,53.9833,123.9667,"SAC Atomic Weapons Requirements Study for 1959 (June 1956), Part I complex list (NSA EBB 538)",https://nsarchive.gwu.edu/document/15800-09-urban-industrial-target-list-part-i,C238,525 76141 SKOVORODINO,DGZs=1; installations=4 (sub-complexes counted separately)
us_1956_sac_complexes,US (SAC),USSR,1956,study,1198,SKRYABINO,,urban-industrial complex,1,1198,,,52.75,44.55,"SAC Atomic Weapons Requirements Study for 1959 (June 1956), Part I complex list (NSA EBB 538)",https://nsarchive.gwu.edu/document/15800-09-urban-industrial-target-list-part-i,C238,1198 76142 SKRYABINO,DGZs=0; installations=2 (sub-complexes counted separately)
us_1956_sac_complexes,US (SAC),USSR,1956,study,782,SLAVGOROD,,urban-industrial complex,1,782,,,53.0,78.65,"SAC Atomic Weapons Requirements Study for 1959 (June 1956), Part I complex list (NSA EBB 538)",https://nsarchive.gwu.edu/document/15800-09-urban-industrial-target-list-part-i,C238,782 7628 SLAVGOROD,DGZs=0; installations=2 (sub-complexes counted separately)
us_1956_sac_complexes,US (SAC),USSR,1956,study,174,SLAVYANSK,,urban-industrial complex,1,174,,,48.85,37.6167,"SAC Atomic Weapons Requirements Study for 1959 (June 1956), Part I complex list (NSA EBB 538)",https://nsarchive.gwu.edu/document/15800-09-urban-industrial-target-list-part-i,C239,174 7630 SLAVYANSK,DGZs=3; installations=8 (sub-complexes counted separately)
us_1956_sac_complexes,US (SAC),USSR,1956,study,479,SLOBODKA,,urban-industrial complex,1,479,,,47.9,29.35,"SAC Atomic Weapons Requirements Study for 1959 (June 1956), Part I complex list (NSA EBB 538)",https://nsarchive.gwu.edu/document/15800-09-urban-industrial-target-list-part-i,C239,479 76395 SLOBODKA,DGZs=1; installations=2 (sub-complexes counted separately)
us_1956_sac_complexes,US (SAC),USSR,1956,study,891,SLOBODSKOY,,urban-industrial complex,1,891,,,58.7333,50.1667,"SAC Atomic Weapons Requirements Study for 1959 (June 1956), Part I complex list (NSA EBB 538)",https://nsarchive.gwu.edu/document/15800-09-urban-industrial-target-list-part-i,C239,891 7640 SLOBODSKOY,DGZs=0; installations=2 (sub-complexes counted separately)
us_1956_sac_complexes,US (SAC),USSR,1956,study,1199,SLOBUDKA,,urban-industrial complex,1,1199,,,52.5167,24.5167,"SAC Atomic Weapons Requirements Study for 1959 (June 1956), Part I complex list (NSA EBB 538)",https://nsarchive.gwu.edu/document/15800-09-urban-industrial-target-list-part-i,C240,1199 7641 SLOBUDKA,DGZs=0; installations=2 (sub-complexes counted separately)
us_1956_sac_complexes,US (SAC),USSR,1956,study,1091,SLONIM,,urban-industrial complex,1,1091,,,53.0833,25.3167,"SAC Atomic Weapons Requirements Study for 1959 (June 1956), Part I complex list (NSA EBB 538)",https://nsarchive.gwu.edu/document/15800-09-urban-industrial-target-list-part-i,C240,1091 7653 SLONIM,DGZs=0; installations=2 (sub-complexes counted separately)
us_1956_sac_complexes,US (SAC),USSR,1956,study,936,SLUTSK,,urban-industrial complex,1,936,,,53.0167,27.55,"SAC Atomic Weapons Requirements Study for 1959 (June 1956), Part I complex list (NSA EBB 538)",https://nsarchive.gwu.edu/document/15800-09-urban-industrial-target-list-part-i,C240,936 7655 SLUTSK,DGZs=0; installations=3 (sub-complexes counted separately)
us_1956_sac_complexes,US (SAC),USSR,1956,study,651,SLYUDYANKA,,urban-industrial complex,1,651,,,51.6333,103.7333,"SAC Atomic Weapons Requirements Study for 1959 (June 1956), Part I complex list (NSA EBB 538)",https://nsarchive.gwu.edu/document/15800-09-urban-industrial-target-list-part-i,C240,651 7658 SLYUDYANKA,DGZs=1; installations=2 (sub-complexes counted separately)
us_1956_sac_complexes,US (SAC),USSR,1956,study,270,SMELA,,urban-industrial complex,1,270,,,49.2333,31.8833,"SAC Atomic Weapons Requirements Study for 1959 (June 1956), Part I complex list (NSA EBB 538)",https://nsarchive.gwu.edu/document/15800-09-urban-industrial-target-list-part-i,C240,270 7660 SMELA,DGZs=2; installations=5 (sub-complexes counted separately)
us_1956_sac_complexes,US (SAC),USSR,1956,study,823,SMIDOVICH,,urban-industrial complex,1,823,,,48.6167,133.8333,"SAC Atomic Weapons Requirements Study for 1959 (June 1956), Part I complex list (NSA EBB 538)",https://nsarchive.gwu.edu/document/15800-09-urban-industrial-target-list-part-i,C240,823 7665 SMIDOVICH,DGZs=0; installations=2 (sub-complexes counted separately)
us_1956_sac_complexes,US (SAC),USSR,1956,study,3,SMOLENSK,,urban-industrial complex,1,3,,,54.7833,32.05,"SAC Atomic Weapons Requirements Study for 1959 (June 1956), Part I complex list (NSA EBB 538)",https://nsarchive.gwu.edu/document/15800-09-urban-industrial-target-list-part-i,C240,3 7670 SMOLENSK,DGZs=3; installations=10 (sub-complexes counted separately)
us_1956_sac_complexes,US (SAC),Bulgaria,1956,study,142,SOFIYA BULG,,urban-industrial complex,1,142,,,42.6667,23.3,"SAC Atomic Weapons Requirements Study for 1959 (June 1956), Part I complex list (NSA EBB 538)",https://nsarchive.gwu.edu/document/15800-09-urban-industrial-target-list-part-i,C241,142 7685 SOFIYA BULG,DGZs=4; installations=32 (sub-complexes counted separately)
us_1956_sac_complexes,US (SAC),USSR,1956,study,169,SOLIKAMSK,,urban-industrial complex,1,169,,,59.65,56.7833,"SAC Atomic Weapons Requirements Study for 1959 (June 1956), Part I complex list (NSA EBB 538)",https://nsarchive.gwu.edu/document/15800-09-urban-industrial-target-list-part-i,C242,169 7700 SOLIKAMSK,DGZs=2; installations=9 (sub-complexes counted separately)
us_1956_sac_complexes,US (SAC),USSR,1956,study,1130,SOLTSY,,urban-industrial complex,1,1130,,,58.1167,30.3167,"SAC Atomic Weapons Requirements Study for 1959 (June 1956), Part I complex list (NSA EBB 538)",https://nsarchive.gwu.edu/document/15800-09-urban-industrial-target-list-part-i,C242,1130 7704 SOLTSY,DGZs=0; installations=2 (sub-complexes counted separately)
us_1956_sac_complexes,US (SAC),North Korea,1956,study,892,SONGJIN N KOREA,,urban-industrial complex,1,892,,,40.6667,129.2,"SAC Atomic Weapons Requirements Study for 1959 (June 1956), Part I complex list (NSA EBB 538)",https://nsarchive.gwu.edu/document/15800-09-urban-industrial-target-list-part-i,C242,892 7707 SONGJIN N KOREA,DGZs=0; installations=4 (sub-complexes counted separately)
us_1956_sac_complexes,US (SAC),East Germany,1956,study,866,SONNEBERG E GER,,urban-industrial complex,1,866,,,50.35,11.1667,"SAC Atomic Weapons Requirements Study for 1959 (June 1956), Part I complex list (NSA EBB 538)",https://nsarchive.gwu.edu/document/15800-09-urban-industrial-target-list-part-i,C243,866 7715 SONNEBERG E GER,DGZs=0; installations=3 (sub-complexes counted separately)
us_1956_sac_complexes,US (SAC),USSR,1956,study,986,SONSKIY,,urban-industrial complex,1,986,,,54.1667,90.25,"SAC Atomic Weapons Requirements Study for 1959 (June 1956), Part I complex list (NSA EBB 538)",https://nsarchive.gwu.edu/document/15800-09-urban-industrial-target-list-part-i,C243,986 77153 SONSKIY,DGZs=0; installations=2 (sub-complexes counted separately)
us_1956_sac_complexes,US (SAC),Hungary,1956,study,987,SOPRON HUNG,,urban-industrial complex,1,987,,,47.6833,16.5833,"SAC Atomic Weapons Requirements Study for 1959 (June 1956), Part I complex list (NSA EBB 538)",https://nsarchive.gwu.edu/document/15800-09-urban-industrial-target-list-part-i,C243,987 77157 SOPRON HUNG,DGZs=0; installations=2 (sub-complexes counted separately)
us_1956_sac_complexes,US (SAC),USSR,1956,study,526,SOVETSK,,urban-industrial complex,1,526,,,55.1,21.8333,"SAC Atomic Weapons Requirements Study for 1959 (June 1956), Part I complex list (NSA EBB 538)",https://nsarchive.gwu.edu/document/15800-09-urban-industrial-target-list-part-i,C243,526 7720 SOVETSK,DGZs=1; installations=4 (sub-complexes counted separately)
us_1956_sac_complexes,US (SAC),USSR,1956,study,103,SOVETSKAYA GAVAN,,urban-industrial complex,1,103,,,48.9667,140.3,"SAC Atomic Weapons Requirements Study for 1959 (June 1956), Part I complex list (NSA EBB 538)",https://nsarchive.gwu.edu/document/15800-09-urban-industrial-target-list-part-i,C243,103 7730 SOVETSKAYA GAVAN,DGZs=0; installations=30 (sub-complexes counted separately)
us_1956_sac_complexes,US (SAC),USSR,1956,study,5,SPASSK DALNIY,,urban-industrial complex,1,5,,,44.6167,132.8,"SAC Atomic Weapons Requirements Study for 1959 (June 1956), Part I complex list (NSA EBB 538)",https://nsarchive.gwu.edu/document/15800-09-urban-industrial-target-list-part-i,C244,5 7732 SPASSK DALNIY,DGZs=1; installations=8 (sub-complexes counted separately)
us_1956_sac_complexes,US (SAC),China (Manchuria),1956,study,358,SSU PING CHIEH MANCH,,urban-industrial complex,1,358,,,43.1833,124.3667,"SAC Atomic Weapons Requirements Study for 1959 (June 1956), Part I complex list (NSA EBB 538)",https://nsarchive.gwu.edu/document/15800-09-urban-industrial-target-list-part-i,C244,358 7745 SSU PING CHIEH MANCH,DGZs=1; installations=8 (sub-complexes counted separately)
us_1956_sac_complexes,US (SAC),Bulgaria,1956,study,279,STALIN BULG,,urban-industrial complex,1,279,,,43.2,27.9,"SAC Atomic Weapons Requirements Study for 1959 (June 1956), Part I complex list (NSA EBB 538)",https://nsarchive.gwu.edu/document/15800-09-urban-industrial-target-list-part-i,C244,279 7765 STALIN BULG,DGZs=1; installations=13 (sub-complexes counted separately)
us_1956_sac_complexes,US (SAC),USSR,1956,study,372,STALINABAD,,urban-industrial complex,1,372,,,38.5833,68.8,"SAC Atomic Weapons Requirements Study for 1959 (June 1956), Part I complex list (NSA EBB 538)",https://nsarchive.gwu.edu/document/15800-09-urban-industrial-target-list-part-i,C245,372 7770 STALINABAD,DGZs=1; installations=4 (sub-complexes counted separately)
us_1956_sac_complexes,US (SAC),USSR,1956,study,85,STALINGRAD,,urban-industrial complex,1,85,,,48.7,44.5,"SAC Atomic Weapons Requirements Study for 1959 (June 1956), Part I complex list (NSA EBB 538)",https://nsarchive.gwu.edu/document/15800-09-urban-industrial-target-list-part-i,C245,85 7780 STALINGRAD,DGZs=5; installations=34 (sub-complexes counted separately)
us_1956_sac_complexes,US (SAC),USSR,1956,study,67,STALINO,,urban-industrial complex,1,67,,,47.9833,37.8333,"SAC Atomic Weapons Requirements Study for 1959 (June 1956), Part I complex list (NSA EBB 538)",https://nsarchive.gwu.edu/document/15800-09-urban-industrial-target-list-part-i,C246,67 7790 STALINO,DGZs=4; installations=20 (sub-complexes counted separately)
us_1956_sac_complexes,US (SAC),USSR,1956,study,168,STALINOGORSK,,urban-industrial complex,1,168,,,54.0833,38.25,"SAC Atomic Weapons Requirements Study for 1959 (June 1956), Part I complex list (NSA EBB 538)",https://nsarchive.gwu.edu/document/15800-09-urban-industrial-target-list-part-i,C247,168 7800 STALINOGORSK,DGZs=1; installations=13 (sub-complexes counted separately)
us_1956_sac_complexes,US (SAC),USSR,1956,study,118,STALINSK,,urban-industrial complex,1,118,,,53.75,87.1167,"SAC Atomic Weapons Requirements Study for 1959 (June 1956), Part I complex list (NSA EBB 538)",https://nsarchive.gwu.edu/document/15800-09-urban-industrial-target-list-part-i,C248,118 7810 STALINSK,DGZs=4; installations=14 (sub-complexes counted separately)
us_1956_sac_complexes,US (SAC),Poland,1956,study,354,STALOWA WOLA POL,,urban-industrial complex,1,354,,,50.5667,22.0667,"SAC Atomic Weapons Requirements Study for 1959 (June 1956), Part I complex list (NSA EBB 538)",https://nsarchive.gwu.edu/document/15800-09-urban-industrial-target-list-part-i,C248,354 7815 STALOWA WOLA POL,DGZs=0; installations=7 (sub-complexes counted separately)
us_1956_sac_complexes,US (SAC),USSR,1956,study,338,STANISLAV,,urban-industrial complex,1,338,,,48.9167,24.7,"SAC Atomic Weapons Requirements Study for 1959 (June 1956), Part I complex list (NSA EBB 538)",https://nsarchive.gwu.edu/document/15800-09-urban-industrial-target-list-part-i,C248,338 7820 STANISLAV,DGZs=1; installations=4 (sub-complexes counted separately)
us_1956_sac_complexes,US (SAC),USSR,1956,study,1016,STAR AGOZAM,,urban-industrial complex,1,1016,,,40.9167,45.7833,"SAC Atomic Weapons Requirements Study for 1959 (June 1956), Part I complex list (NSA EBB 538)",https://nsarchive.gwu.edu/document/15800-09-urban-industrial-target-list-part-i,C248,1016 7837 STAR AGOZAM,DGZs=0; installations=3 (sub-complexes counted separately)
us_1956_sac_complexes,US (SAC),Bulgaria,1956,study,692,STARA ZAGORA BULG,,urban-industrial complex,1,692,,,42.4167,25.6167,"SAC Atomic Weapons Requirements Study for 1959 (June 1956), Part I complex list (NSA EBB 538)",https://nsarchive.gwu.edu/document/15800-09-urban-industrial-target-list-part-i,C248,692 7841 STARA ZAGORA BULG,DGZs=0; installations=6 (sub-complexes counted separately)
us_1956_sac_complexes,US (SAC),Poland,1956,study,391,STARGARD POL,,urban-industrial complex,1,391,,,53.35,15.0167,"SAC Atomic Weapons Requirements Study for 1959 (June 1956), Part I complex list (NSA EBB 538)",https://nsarchive.gwu.edu/document/15800-09-urban-industrial-target-list-part-i,C249,391 7850 STARGARD POL,DGZs=0; installations=3 (sub-complexes counted separately)
us_1956_sac_complexes,US (SAC),USSR,1956,study,1131,STAROBELSK,,urban-industrial complex,1,1131,,,49.2833,38.9,"SAC Atomic Weapons Requirements Study for 1959 (June 1956), Part I complex list (NSA EBB 538)",https://nsarchive.gwu.edu/document/15800-09-urban-industrial-target-list-part-i,C249,1131 7853 STAROBELSK,DGZs=0; installations=2 (sub-complexes counted separately)
us_1956_sac_complexes,US (SAC),USSR,1956,study,516,STAROUTKINSK,,urban-industrial complex,1,516,,,57.2333,59.3333,"SAC Atomic Weapons Requirements Study for 1959 (June 1956), Part I complex list (NSA EBB 538)",https://nsarchive.gwu.edu/document/15800-09-urban-industrial-target-list-part-i,C249,516 7860 STAROUTKINSK,DGZs=0; installations=2 (sub-complexes counted separately)
us_1956_sac_complexes,US (SAC),USSR,1956,study,568,STARY OSKOL,,urban-industrial complex,1,568,,,51.3,37.8333,"SAC Atomic Weapons Requirements Study for 1959 (June 1956), Part I complex list (NSA EBB 538)",https://nsarchive.gwu.edu/document/15800-09-urban-industrial-target-list-part-i,C249,568 7862 STARY OSKOL,DGZs=1; installations=3 (sub-complexes counted separately)
us_1956_sac_complexes,US (SAC),USSR,1956,study,485,STAVROPOL,,urban-industrial complex,1,485,,,45.05,41.9833,"SAC Atomic Weapons Requirements Study for 1959 (June 1956), Part I complex list (NSA EBB 538)",https://nsarchive.gwu.edu/document/15800-09-urban-industrial-target-list-part-i,C249,485 7870 STAVROPOL,DGZs=2; installations=6 (sub-complexes counted separately)
us_1956_sac_complexes,US (SAC),East Germany,1956,study,487,STENDAL E GER,,urban-industrial complex,1,487,,,52.6,11.8667,"SAC Atomic Weapons Requirements Study for 1959 (June 1956), Part I complex list (NSA EBB 538)",https://nsarchive.gwu.edu/document/15800-09-urban-industrial-target-list-part-i,C250,487 7877 STENDAL E GER,DGZs=0; installations=6 (sub-complexes counted separately)
us_1956_sac_complexes,US (SAC),USSR,1956,study,134,STERLITAMAK,,urban-industrial complex,1,134,,,53.6167,55.9667,"SAC Atomic Weapons Requirements Study for 1959 (June 1956), Part I complex list (NSA EBB 538)",https://nsarchive.gwu.edu/document/15800-09-urban-industrial-target-list-part-i,C250,134 7880 STERLITAMAK,DGZs=1; installations=3 (sub-complexes counted separately)
us_1956_sac_complexes,US (SAC),Poland,1956,study,189,STETTIN POL,,urban-industrial complex,1,189,,,53.45,14.5667,"SAC Atomic Weapons Requirements Study for 1959 (June 1956), Part I complex list (NSA EBB 538)",https://nsarchive.gwu.edu/document/15800-09-urban-industrial-target-list-part-i,C250,189 7885 STETTIN POL,DGZs=0; installations=28 (sub-complexes counted separately)
us_1956_sac_complexes,US (SAC),USSR,1956,study,893,STOLBTSY,,urban-industrial complex,1,893,,,53.4833,26.7167,"SAC Atomic Weapons Requirements Study for 1959 (June 1956), Part I complex list (NSA EBB 538)",https://nsarchive.gwu.edu/document/15800-09-urban-industrial-target-list-part-i,C251,893 7887 STOLBTSY,DGZs=0; installations=2 (sub-complexes counted separately)
us_1956_sac_complexes,US (SAC),USSR,1956,study,1200,STOLIN,,urban-industrial complex,1,1200,,,51.8833,26.8333,"SAC Atomic Weapons Requirements Study for 1959 (June 1956), Part I complex list (NSA EBB 538)",https://nsarchive.gwu.edu/document/15800-09-urban-industrial-target-list-part-i,C251,1200 78875 STOLIN,DGZs=0; installations=2 (sub-complexes counted separately)
us_1956_sac_complexes,US (SAC),Poland,1956,study,450,STOLP POL,,urban-industrial complex,1,450,,,54.4667,17.0167,"SAC Atomic Weapons Requirements Study for 1959 (June 1956), Part I complex list (NSA EBB 538)",https://nsarchive.gwu.edu/document/15800-09-urban-industrial-target-list-part-i,C251,450 7900 STOLP POL,DGZs=0; installations=2 (sub-complexes counted separately)
us_1956_sac_complexes,US (SAC),Czechoslovakia,1956,study,689,STRAKONICE CZECH,,urban-industrial complex,1,689,,,49.25,13.9,"SAC Atomic Weapons Requirements Study for 1959 (June 1956), Part I complex list (NSA EBB 538)",https://nsarchive.gwu.edu/document/15800-09-urban-industrial-target-list-part-i,C251,689 7905 STRAKONICE CZECH,DGZs=0; installations=3 (sub-complexes counted separately)
us_1956_sac_complexes,US (SAC),East Germany,1956,study,461,STRALSUND E GER,,urban-industrial complex,1,461,,,54.3,13.1,"SAC Atomic Weapons Requirements Study for 1959 (June 1956), Part I complex list (NSA EBB 538)",https://nsarchive.gwu.edu/document/15800-09-urban-industrial-target-list-part-i,C251,461 7915 STRALSUND E GER,DGZs=0; installations=7 (sub-complexes counted separately)
us_1956_sac_complexes,US (SAC),USSR,1956,study,140,STRYY,,urban-industrial complex,1,140,,,49.2667,23.85,"SAC Atomic Weapons Requirements Study for 1959 (June 1956), Part I complex list (NSA EBB 538)",https://nsarchive.gwu.edu/document/15800-09-urban-industrial-target-list-part-i,C252,140 7920 STRYY,DGZs=1; installations=6 (sub-complexes counted separately)
us_1956_sac_complexes,US (SAC),Poland,1956,study,1201,STRZEGOM POL,,urban-industrial complex,1,1201,,,50.5333,21.3667,"SAC Atomic Weapons Requirements Study for 1959 (June 1956), Part I complex list (NSA EBB 538)",https://nsarchive.gwu.edu/document/15800-09-urban-industrial-target-list-part-i,C252,1201 7924 STRZEGOM POL,DGZs=0; installations=2 (sub-complexes counted separately)
us_1956_sac_complexes,US (SAC),USSR,1956,study,955,SUCHAN,,urban-industrial complex,1,955,,,43.1333,133.1167,"SAC Atomic Weapons Requirements Study for 1959 (June 1956), Part I complex list (NSA EBB 538)",https://nsarchive.gwu.edu/document/15800-09-urban-industrial-target-list-part-i,C252,955 7942 SUCHAN,DGZs=1; installations=2 (sub-complexes counted separately)
us_1956_sac_complexes,US (SAC),East Germany,1956,study,162,SUHL E GER,,urban-industrial complex,1,162,,,50.6,10.7,"SAC Atomic Weapons Requirements Study for 1959 (June 1956), Part I complex list (NSA EBB 538)",https://nsarchive.gwu.edu/document/15800-09-urban-industrial-target-list-part-i,C252,162 7945 SUHL E GER,DGZs=2; installations=4 (sub-complexes counted separately)
us_1956_sac_complexes,US (SAC),China (Manchuria),1956,study,451,SUI FEN HO MANCH,,urban-industrial complex,1,451,,,44.4,131.1667,"SAC Atomic Weapons Requirements Study for 1959 (June 1956), Part I complex list (NSA EBB 538)",https://nsarchive.gwu.edu/document/15800-09-urban-industrial-target-list-part-i,C253,451 7947 SUI FEN HO MANCH,DGZs=1; installations=2 (sub-complexes counted separately)
us_1956_sac_complexes,US (SAC),China (Manchuria),1956,study,988,SUI HUA MANCH,,urban-industrial complex,1,988,,,46.6667,126.9833,"SAC Atomic Weapons Requirements Study for 1959 (June 1956), Part I complex list (NSA EBB 538)",https://nsarchive.gwu.edu/document/15800-09-urban-industrial-target-list-part-i,C253,988 79493 SUI HUA MANCH,DGZs=0; installations=2 (sub-complexes counted separately)
us_1956_sac_complexes,US (SAC),USSR,1956,study,724,SUKHINICHI,,urban-industrial complex,1,724,,,54.1,35.35,"SAC Atomic Weapons Requirements Study for 1959 (June 1956), Part I complex list (NSA EBB 538)",https://nsarchive.gwu.edu/document/15800-09-urban-industrial-target-list-part-i,C253,724 79497 SUKHINICHI,DGZs=1; installations=2 (sub-complexes counted separately)
us_1956_sac_complexes,US (SAC),USSR,1956,study,92,SUKHUMI,,urban-industrial complex,1,92,,,43.0,41.0,"SAC Atomic Weapons Requirements Study for 1959 (June 1956), Part I complex list (NSA EBB 538)",https://nsarchive.gwu.edu/document/15800-09-urban-industrial-target-list-part-i,C253,92 7950 SUKHUMI,DGZs=2; installations=9 (sub-complexes counted separately)
us_1956_sac_complexes,US (SAC),Romania,1956,study,945,SULINA RUM,,urban-industrial complex,1,945,,,45.15,29.65,"SAC Atomic Weapons Requirements Study for 1959 (June 1956), Part I complex list (NSA EBB 538)",https://nsarchive.gwu.edu/document/15800-09-urban-industrial-target-list-part-i,C253,945 7955 SULINA RUM,DGZs=1; installations=3 (sub-complexes counted separately)
us_1956_sac_complexes,US (SAC),USSR,1956,study,527,SUMY,,urban-industrial complex,1,527,,,50.9167,34.8,"SAC Atomic Weapons Requirements Study for 1959 (June 1956), Part I complex list (NSA EBB 538)",https://nsarchive.gwu.edu/document/15800-09-urban-industrial-target-list-part-i,C253,527 7970 SUMY,DGZs=1; installations=3 (sub-complexes counted separately)
us_1956_sac_complexes,US (SAC),USSR,1956,study,1202,SUNGACH,,urban-industrial complex,1,1202,,,44.9167,133.1667,"SAC Atomic Weapons Requirements Study for 1959 (June 1956), Part I complex list (NSA EBB 538)",https://nsarchive.gwu.edu/document/15800-09-urban-industrial-target-list-part-i,C254,1202 79713 SUNGACH,DGZs=0; installations=2 (sub-complexes counted separately)
us_1956_sac_complexes,US (SAC),USSR,1956,study,989,SUOYARVI,,urban-industrial complex,1,989,,,62.2333,32.3833,"SAC Atomic Weapons Requirements Study for 1959 (June 1956), Part I complex list (NSA EBB 538)",https://nsarchive.gwu.edu/document/15800-09-urban-industrial-target-list-part-i,C254,989 79715 SUOYARVI,DGZs=0; installations=2 (sub-complexes counted separately)
us_1956_sac_complexes,US (SAC),North Korea,1956,study,280,SUPUNG DONG N KOREA,,urban-industrial complex,1,280,,,40.45,124.95,"SAC Atomic Weapons Requirements Study for 1959 (June 1956), Part I complex list (NSA EBB 538)",https://nsarchive.gwu.edu/document/15800-09-urban-industrial-target-list-part-i,C254,280 7975 SUPUNG DONG N KOREA,DGZs=0; installations=2 (sub-complexes counted separately)
us_1956_sac_complexes,US (SAC),USSR,1956,study,42,SVERDLOVSK,,urban-industrial complex,1,42,,,56.8333,60.6,"SAC Atomic Weapons Requirements Study for 1959 (June 1956), Part I complex list (NSA EBB 538)",https://nsarchive.gwu.edu/document/15800-09-urban-industrial-target-list-part-i,C254,42 7990 SVERDLOVSK,DGZs=4; installations=43 (sub-complexes counted separately)
us_1956_sac_complexes,US (SAC),USSR,1956,study,427,SVIRSTROY,,urban-industrial complex,1,427,,,60.8,33.6833,"SAC Atomic Weapons Requirements Study for 1959 (June 1956), Part I complex list (NSA EBB 538)",https://nsarchive.gwu.edu/document/15800-09-urban-industrial-target-list-part-i,C255,427 8000 SVIRSTROY,DGZs=2; installations=4 (sub-complexes counted separately)
us_1956_sac_complexes,US (SAC),Bulgaria,1956,study,949,SVISHTOV BULG,,urban-industrial complex,1,949,,,43.6333,25.35,"SAC Atomic Weapons Requirements Study for 1959 (June 1956), Part I complex list (NSA EBB 538)",https://nsarchive.gwu.edu/document/15800-09-urban-industrial-target-list-part-i,C255,949 8005 SVISHTOV BULG,DGZs=0; installations=3 (sub-complexes counted separately)
us_1956_sac_complexes,US (SAC),Czechoslovakia,1956,study,337,SVITAVY CZECH,,urban-industrial complex,1,337,,,49.7833,16.4667,"SAC Atomic Weapons Requirements Study for 1959 (June 1956), Part I complex list (NSA EBB 538)",https://nsarchive.gwu.edu/document/15800-09-urban-industrial-target-list-part-i,C255,337 8015 SVITAVY CZECH,DGZs=0; installations=2 (sub-complexes counted separately)
us_1956_sac_complexes,US (SAC),USSR,1956,study,547,SVOBODNYY,,urban-industrial complex,1,547,,,51.4,128.1333,"SAC Atomic Weapons Requirements Study for 1959 (June 1956), Part I complex list (NSA EBB 538)",https://nsarchive.gwu.edu/document/15800-09-urban-industrial-target-list-part-i,C256,547 8020 SVOBODNYY,DGZs=1; installations=3 (sub-complexes counted separately)
us_1956_sac_complexes,US (SAC),China,1956,study,621,SWATOW CHINA,,urban-industrial complex,1,621,,,23.3667,116.6667,"SAC Atomic Weapons Requirements Study for 1959 (June 1956), Part I complex list (NSA EBB 538)",https://nsarchive.gwu.edu/document/15800-09-urban-industrial-target-list-part-i,C256,621 80205 SWATOW CHINA,DGZs=0; installations=3 (sub-complexes counted separately)
us_1956_sac_complexes,US (SAC),Poland,1956,study,544,SWINEMUENDE POL,,urban-industrial complex,1,544,,,53.9,14.2333,"SAC Atomic Weapons Requirements Study for 1959 (June 1956), Part I complex list (NSA EBB 538)",https://nsarchive.gwu.edu/document/15800-09-urban-industrial-target-list-part-i,C256,544 8025 SWINEMUENDE POL,DGZs=0; installations=5 (sub-complexes counted separately)
us_1956_sac_complexes,US (SAC),USSR,1956,study,73,SYZRAN,,urban-industrial complex,1,73,,,53.15,48.4667,"SAC Atomic Weapons Requirements Study for 1959 (June 1956), Part I complex list (NSA EBB 538)",https://nsarchive.gwu.edu/document/15800-09-urban-industrial-target-list-part-i,C256,73 8040 SYZRAN,DGZs=2; installations=14 (sub-complexes counted separately)
us_1956_sac_complexes,US (SAC),Hungary,1956,study,1203,SZABADSZALLAS HUNG,,urban-industrial complex,1,1203,,,46.8833,19.2,"SAC Atomic Weapons Requirements Study for 1959 (June 1956), Part I complex list (NSA EBB 538)",https://nsarchive.gwu.edu/document/15800-09-urban-industrial-target-list-part-i,C257,1203 8042 SZABADSZALLAS HUNG,DGZs=0; installations=2 (sub-complexes counted separately)
us_1956_sac_complexes,US (SAC),Hungary,1956,study,396,SZEGED HUNG,,urban-industrial complex,1,396,,,46.25,20.15,"SAC Atomic Weapons Requirements Study for 1959 (June 1956), Part I complex list (NSA EBB 538)",https://nsarchive.gwu.edu/document/15800-09-urban-industrial-target-list-part-i,C257,396 8055 SZEGED HUNG,DGZs=1; installations=10 (sub-complexes counted separately)
us_1956_sac_complexes,US (SAC),Hungary,1956,study,392,SZEKESFEHERVAR HUNG,,urban-industrial complex,1,392,,,47.1833,18.4167,"SAC Atomic Weapons Requirements Study for 1959 (June 1956), Part I complex list (NSA EBB 538)",https://nsarchive.gwu.edu/document/15800-09-urban-industrial-target-list-part-i,C257,392 8061 SZEKESFEHERVAR HUNG,DGZs=0; installations=5 (sub-complexes counted separately)
us_1956_sac_complexes,US (SAC),Hungary,1956,study,288,SZOLNOK HUNG,,urban-industrial complex,1,288,,,47.1667,20.1833,"SAC Atomic Weapons Requirements Study for 1959 (June 1956), Part I complex list (NSA EBB 538)",https://nsarchive.gwu.edu/document/15800-09-urban-industrial-target-list-part-i,C257,288 8075 SZOLNOK HUNG,DGZs=0; installations=7 (sub-complexes counted separately)
us_1956_sac_complexes,US (SAC),Hungary,1956,study,859,SZOMBATHELY HUNG,,urban-industrial complex,1,859,,,47.2333,16.6167,"SAC Atomic Weapons Requirements Study for 1959 (June 1956), Part I complex list (NSA EBB 538)",https://nsarchive.gwu.edu/document/15800-09-urban-industrial-target-list-part-i,C258,859 8085 SZOMBATHELY HUNG,DGZs=0; installations=6 (sub-complexes counted separately)
us_1956_sac_complexes,US (SAC),Czechoslovakia,1956,study,381,TABOR CZECH,,urban-industrial complex,1,381,,,49.4167,14.7,"SAC Atomic Weapons Requirements Study for 1959 (June 1956), Part I complex list (NSA EBB 538)",https://nsarchive.gwu.edu/document/15800-09-urban-industrial-target-list-part-i,C258,381 8125 TABOR CZECH,DGZs=0; installations=4 (sub-complexes counted separately)
us_1956_sac_complexes,US (SAC),Czechoslovakia,1956,study,1204,TACHOV CZECH,,urban-industrial complex,1,1204,,,49.8,12.6333,"SAC Atomic Weapons Requirements Study for 1959 (June 1956), Part I complex list (NSA EBB 538)",https://nsarchive.gwu.edu/document/15800-09-urban-industrial-target-list-part-i,C258,1204 81543 TACHOV CZECH,DGZs=0; installations=2 (sub-complexes counted separately)
us_1956_sac_complexes,US (SAC),USSR,1956,study,106,TAGANROG,,urban-industrial complex,1,106,,,47.2167,38.9167,"SAC Atomic Weapons Requirements Study for 1959 (June 1956), Part I complex list (NSA EBB 538)",https://nsarchive.gwu.edu/document/15800-09-urban-industrial-target-list-part-i,C258,106 8160 TAGANROG,DGZs=3; installations=16 (sub-complexes counted separately)
us_1956_sac_complexes,US (SAC),China (Manchuria),1956,study,894,TA HU SHAN MANCH,,urban-industrial complex,1,894,,,41.6,122.1667,"SAC Atomic Weapons Requirements Study for 1959 (June 1956), Part I complex list (NSA EBB 538)",https://nsarchive.gwu.edu/document/15800-09-urban-industrial-target-list-part-i,C259,894 8200 TA HU SHAN MANCH,DGZs=0; installations=2 (sub-complexes counted separately)
us_1956_sac_complexes,US (SAC),China,1956,study,199,TAI YUAN CHINA,,urban-industrial complex,1,199,,,37.85,112.55,"SAC Atomic Weapons Requirements Study for 1959 (June 1956), Part I complex list (NSA EBB 538)",https://nsarchive.gwu.edu/document/15800-09-urban-industrial-target-list-part-i,C259,199 8205 TAI YUAN CHINA,DGZs=2; installations=32 (sub-complexes counted separately)
us_1956_sac_complexes,US (SAC),China,1956,study,471,TA KU CHINA,,urban-industrial complex,1,471,,,38.9833,117.6667,"SAC Atomic Weapons Requirements Study for 1959 (June 1956), Part I complex list (NSA EBB 538)",https://nsarchive.gwu.edu/document/15800-09-urban-industrial-target-list-part-i,C260,471 8215 TA KU CHINA,DGZs=1; installations=9 (sub-complexes counted separately)
us_1956_sac_complexes,US (SAC),USSR,1956,study,34,TALLIN,,urban-industrial complex,1,34,,,59.4333,24.75,"SAC Atomic Weapons Requirements Study for 1959 (June 1956), Part I complex list (NSA EBB 538)",https://nsarchive.gwu.edu/document/15800-09-urban-industrial-target-list-part-i,C260,34 8220 TALLIN,DGZs=4; installations=28 (sub-complexes counted separately)
us_1956_sac_complexes,US (SAC),USSR,1956,study,754,TALOVAYA,,urban-industrial complex,1,754,,,51.1167,40.7333,"SAC Atomic Weapons Requirements Study for 1959 (June 1956), Part I complex list (NSA EBB 538)",https://nsarchive.gwu.edu/document/15800-09-urban-industrial-target-list-part-i,C261,754 8225 TALOVAYA,DGZs=1; installations=2 (sub-complexes counted separately)
us_1956_sac_complexes,US (SAC),USSR,1956,study,1205,TALOVYY,,urban-industrial complex,1,1205,,,44.3833,131.55,"SAC Atomic Weapons Requirements Study for 1959 (June 1956), Part I complex list (NSA EBB 538)",https://nsarchive.gwu.edu/document/15800-09-urban-industrial-target-list-part-i,C261,1205 8227 TALOVYY,DGZs=0; installations=2 (sub-complexes counted separately)
us_1956_sac_complexes,US (SAC),USSR,1956,study,179,TAMBOV,,urban-industrial complex,1,179,,,52.7167,41.45,"SAC Atomic Weapons Requirements Study for 1959 (June 1956), Part I complex list (NSA EBB 538)",https://nsarchive.gwu.edu/document/15800-09-urban-industrial-target-list-part-i,C261,179 8230 TAMBOV,DGZs=1; installations=10 (sub-complexes counted separately)
us_1956_sac_complexes,US (SAC),China,1956,study,371,TANG SHAN CHINA,,urban-industrial complex,1,371,,,39.6167,118.1667,"SAC Atomic Weapons Requirements Study for 1959 (June 1956), Part I complex list (NSA EBB 538)",https://nsarchive.gwu.edu/document/15800-09-urban-industrial-target-list-part-i,C261,371 8245 TANG SHAN CHINA,DGZs=0; installations=8 (sub-complexes counted separately)
us_1956_sac_complexes,US (SAC),Romania,1956,study,1017,TANTARENI RUM,,urban-industrial complex,1,1017,,,44.5833,23.5,"SAC Atomic Weapons Requirements Study for 1959 (June 1956), Part I complex list (NSA EBB 538)",https://nsarchive.gwu.edu/document/15800-09-urban-industrial-target-list-part-i,C262,1017 8255 TANTARENI RUM,DGZs=1; installations=2 (sub-complexes counted separately)
us_1956_sac_complexes,US (SAC),China (Manchuria),1956,study,468,TAO AN MANCH,,urban-industrial complex,1,468,,,45.6167,122.8667,"SAC Atomic Weapons Requirements Study for 1959 (June 1956), Part I complex list (NSA EBB 538)",https://nsarchive.gwu.edu/document/15800-09-urban-industrial-target-list-part-i,C262,468 82562 TAO AN MANCH,DGZs=0; installations=2 (sub-complexes counted separately)
us_1956_sac_complexes,US (SAC),USSR,1956,study,895,TAPA,,urban-industrial complex,1,895,,,59.2667,25.9667,"SAC Atomic Weapons Requirements Study for 1959 (June 1956), Part I complex list (NSA EBB 538)",https://nsarchive.gwu.edu/document/15800-09-urban-industrial-target-list-part-i,C262,895 82564 TAPA,DGZs=0; installations=2 (sub-complexes counted separately)
us_1956_sac_complexes,US (SAC),Poland,1956,study,255,TARNOW POL,,urban-industrial complex,1,255,,,50.0,20.9833,"SAC Atomic Weapons Requirements Study for 1959 (June 1956), Part I complex list (NSA EBB 538)",https://nsarchive.gwu.edu/document/15800-09-urban-industrial-target-list-part-i,C262,255 82584 TARNOW POL,DGZs=1; installations=4 (sub-complexes counted separately)
us_1956_sac_complexes,US (SAC),USSR,1956,study,843,TARTU,,urban-industrial complex,1,843,,,58.3833,26.7,"SAC Atomic Weapons Requirements Study for 1959 (June 1956), Part I complex list (NSA EBB 538)",https://nsarchive.gwu.edu/document/15800-09-urban-industrial-target-list-part-i,C262,843 82588 TARTU,DGZs=0; installations=3 (sub-complexes counted separately)
us_1956_sac_complexes,US (SAC),North Korea,1956,study,1092,TASA DO N KOREA,,urban-industrial complex,1,1092,,,39.8,124.4167,"SAC Atomic Weapons Requirements Study for 1959 (June 1956), Part I complex list (NSA EBB 538)",https://nsarchive.gwu.edu/document/15800-09-urban-industrial-target-list-part-i,C262,1092 8259 TASA DO N KOREA,DGZs=0; installations=2 (sub-complexes counted separately)
us_1956_sac_complexes,US (SAC),USSR,1956,study,1206,TASHINO,,urban-industrial complex,1,1206,,,54.8667,43.7833,"SAC Atomic Weapons Requirements Study for 1959 (June 1956), Part I complex list (NSA EBB 538)",https://nsarchive.gwu.edu/document/15800-09-urban-industrial-target-list-part-i,C263,1206 8260 TASHINO,DGZs=0; installations=2 (sub-complexes counted separately)
us_1956_sac_complexes,US (SAC),USSR,1956,study,14,TASHKENT,,urban-industrial complex,1,14,,,41.3,69.2667,"SAC Atomic Weapons Requirements Study for 1959 (June 1956), Part I complex list (NSA EBB 538)",https://nsarchive.gwu.edu/document/15800-09-urban-industrial-target-list-part-i,C263,14 8270 TASHKENT,DGZs=2; installations=30 (sub-complexes counted separately)
us_1956_sac_complexes,US (SAC),USSR,1956,study,990,TASHTAGOL,,urban-industrial complex,1,990,,,52.7667,87.9,"SAC Atomic Weapons Requirements Study for 1959 (June 1956), Part I complex list (NSA EBB 538)",https://nsarchive.gwu.edu/document/15800-09-urban-industrial-target-list-part-i,C263,990 8280 TASHTAGOL,DGZs=0; installations=2 (sub-complexes counted separately)
us_1956_sac_complexes,US (SAC),USSR,1956,study,480,TATARSK,,urban-industrial complex,1,480,,,55.2333,76.0,"SAC Atomic Weapons Requirements Study for 1959 (June 1956), Part I complex list (NSA EBB 538)",https://nsarchive.gwu.edu/document/15800-09-urban-industrial-target-list-part-i,C263,480 8290 TATARSK,DGZs=1; installations=2 (sub-complexes counted separately)
us_1956_sac_complexes,US (SAC),China,1956,study,783,TA TUNG CHINA,,urban-industrial complex,1,783,,,40.0333,113.25,"SAC Atomic Weapons Requirements Study for 1959 (June 1956), Part I complex list (NSA EBB 538)",https://nsarchive.gwu.edu/document/15800-09-urban-industrial-target-list-part-i,C263,783 8295 TA TUNG CHINA,DGZs=0; installations=4 (sub-complexes counted separately)
us_1956_sac_complexes,US (SAC),USSR,1956,study,523,TAYSHET,,urban-industrial complex,1,523,,,55.9167,98.0333,"SAC Atomic Weapons Requirements Study for 1959 (June 1956), Part I complex list (NSA EBB 538)",https://nsarchive.gwu.edu/document/15800-09-urban-industrial-target-list-part-i,C264,523 8300 TAYSHET,DGZs=1; installations=3 (sub-complexes counted separately)
us_1956_sac_complexes,US (SAC),China,1956,study,784,TA YU CHINA,,urban-industrial complex,1,784,,,25.4,114.3667,"SAC Atomic Weapons Requirements Study for 1959 (June 1956), Part I complex list (NSA EBB 538)",https://nsarchive.gwu.edu/document/15800-09-urban-industrial-target-list-part-i,C264,784 8305 TA YU CHINA,DGZs=0; installations=2 (sub-complexes counted separately)
us_1956_sac_complexes,US (SAC),USSR,1956,study,15,TBILISI,,urban-industrial complex,1,15,,,41.7167,44.8167,"SAC Atomic Weapons Requirements Study for 1959 (June 1956), Part I complex list (NSA EBB 538)",https://nsarchive.gwu.edu/document/15800-09-urban-industrial-target-list-part-i,C264,15 8310 TBILISI,DGZs=3; installations=33 (sub-complexes counted separately)
us_1956_sac_complexes,US (SAC),Poland,1956,study,469,TCZEW POL,,urban-industrial complex,1,469,,,54.1,18.8,"SAC Atomic Weapons Requirements Study for 1959 (June 1956), Part I complex list (NSA EBB 538)",https://nsarchive.gwu.edu/document/15800-09-urban-industrial-target-list-part-i,C265,469 8315 TCZEW POL,DGZs=0; installations=5 (sub-complexes counted separately)
us_1956_sac_complexes,US (SAC),USSR,1956,study,1018,TEKELI,,urban-industrial complex,1,1018,,,44.7,78.9333,"SAC Atomic Weapons Requirements Study for 1959 (June 1956), Part I complex list (NSA EBB 538)",https://nsarchive.gwu.edu/document/15800-09-urban-industrial-target-list-part-i,C265,1018 8330 TEKELI,DGZs=0; installations=2 (sub-complexes counted separately)
us_1956_sac_complexes,US (SAC),East Germany,1956,study,792,TEMPLIN E GER,,urban-industrial complex,1,792,,,53.1167,13.5,"SAC Atomic Weapons Requirements Study for 1959 (June 1956), Part I complex list (NSA EBB 538)",https://nsarchive.gwu.edu/document/15800-09-urban-industrial-target-list-part-i,C265,792 83405 TEMPLIN E GER,DGZs=0; installations=4 (sub-complexes counted separately)
us_1956_sac_complexes,US (SAC),USSR,1956,study,1207,TEPLAYA GORA,,urban-industrial complex,1,1207,,,58.5333,59.0833,"SAC Atomic Weapons Requirements Study for 1959 (June 1956), Part I complex list (NSA EBB 538)",https://nsarchive.gwu.edu/document/15800-09-urban-industrial-target-list-part-i,C265,1207 8350 TEPLAYA GORA,DGZs=0; installations=2 (sub-complexes counted separately)
us_1956_sac_complexes,US (SAC),USSR,1956,study,937,TEREKLA,,urban-industrial complex,1,937,,,51.6333,58.6333,"SAC Atomic Weapons Requirements Study for 1959 (June 1956), Part I complex list (NSA EBB 538)",https://nsarchive.gwu.edu/document/15800-09-urban-industrial-target-list-part-i,C266,937 8360 TEREKLA,DGZs=0; installations=2 (sub-complexes counted separately)
us_1956_sac_complexes,US (SAC),USSR,1956,study,397,TERNOPOL,,urban-industrial complex,1,397,,,49.5833,25.5833,"SAC Atomic Weapons Requirements Study for 1959 (June 1956), Part I complex list (NSA EBB 538)",https://nsarchive.gwu.edu/document/15800-09-urban-industrial-target-list-part-i,C266,397 8367 TERNOPOL,DGZs=1; installations=4 (sub-complexes counted separately)
us_1956_sac_complexes,US (SAC),USSR,1956,study,600,TETYUKHE,,urban-industrial complex,1,600,,,44.35,135.85,"SAC Atomic Weapons Requirements Study for 1959 (June 1956), Part I complex list (NSA EBB 538)",https://nsarchive.gwu.edu/document/15800-09-urban-industrial-target-list-part-i,C266,600 8380 TETYUKHE,DGZs=0; installations=5 (sub-complexes counted separately)
us_1956_sac_complexes,US (SAC),North Vietnam,1956,study,1208,THANH HOA N VIETNAM,,urban-industrial complex,1,1208,,,19.85,105.7667,"SAC Atomic Weapons Requirements Study for 1959 (June 1956), Part I complex list (NSA EBB 538)",https://nsarchive.gwu.edu/document/15800-09-urban-industrial-target-list-part-i,C266,1208 8387 THANH HOA N VIETNAM,DGZs=0; installations=2 (sub-complexes counted separately)
us_1956_sac_complexes,US (SAC),China (Manchuria),1956,study,991,TIEH LING MANCH,,urban-industrial complex,1,991,,,42.3,123.8167,"SAC Atomic Weapons Requirements Study for 1959 (June 1956), Part I complex list (NSA EBB 538)",https://nsarchive.gwu.edu/document/15800-09-urban-industrial-target-list-part-i,C266,991 8400 TIEH LING MANCH,DGZs=0; installations=2 (sub-complexes counted separately)
us_1956_sac_complexes,US (SAC),China,1956,study,86,TIEN TSIN CHINA,,urban-industrial complex,1,86,,,39.1333,117.1833,"SAC Atomic Weapons Requirements Study for 1959 (June 1956), Part I complex list (NSA EBB 538)",https://nsarchive.gwu.edu/document/15800-09-urban-industrial-target-list-part-i,C266,86 8417 TIEN TSIN CHINA,DGZs=4; installations=22 (sub-complexes counted separately)
us_1956_sac_complexes,US (SAC),China,1956,study,436,TI HUA CHINA,,urban-industrial complex,1,436,,,43.8167,87.5833,"SAC Atomic Weapons Requirements Study for 1959 (June 1956), Part I complex list (NSA EBB 538)",https://nsarchive.gwu.edu/document/15800-09-urban-industrial-target-list-part-i,C267,436 84195 TI HUA CHINA,DGZs=1; installations=3 (sub-complexes counted separately)
us_1956_sac_complexes,US (SAC),USSR,1956,study,398,TIKHORETSK,,urban-industrial complex,1,398,,,45.8667,40.1167,"SAC Atomic Weapons Requirements Study for 1959 (June 1956), Part I complex list (NSA EBB 538)",https://nsarchive.gwu.edu/document/15800-09-urban-industrial-target-list-part-i,C267,398 8420 TIKHORETSK,DGZs=1; installations=4 (sub-complexes counted separately)
us_1956_sac_complexes,US (SAC),USSR,1956,study,1209,TIKSI,,urban-industrial complex,1,1209,,,71.6167,128.85,"SAC Atomic Weapons Requirements Study for 1959 (June 1956), Part I complex list (NSA EBB 538)",https://nsarchive.gwu.edu/document/15800-09-urban-industrial-target-list-part-i,C267,1209 8430 TIKSI,DGZs=0; installations=2 (sub-complexes counted separately)
us_1956_sac_complexes,US (SAC),Romania,1956,study,264,TIMISOARA RUM,,urban-industrial complex,1,264,,,45.7833,21.2167,"SAC Atomic Weapons Requirements Study for 1959 (June 1956), Part I complex list (NSA EBB 538)",https://nsarchive.gwu.edu/document/15800-09-urban-industrial-target-list-part-i,C267,264 8433 TIMISOARA RUM,DGZs=1; installations=6 (sub-complexes counted separately)
us_1956_sac_complexes,US (SAC),Albania,1956,study,374,TIRANE ALB,,urban-industrial complex,1,374,,,41.3333,19.8333,"SAC Atomic Weapons Requirements Study for 1959 (June 1956), Part I complex list (NSA EBB 538)",https://nsarchive.gwu.edu/document/15800-09-urban-industrial-target-list-part-i,C267,374 8443 TIRANE ALB,DGZs=0; installations=2 (sub-complexes counted separately)
us_1956_sac_complexes,US (SAC),USSR,1956,study,956,TOBOLSK,,urban-industrial complex,1,956,,,58.2,68.25,"SAC Atomic Weapons Requirements Study for 1959 (June 1956), Part I complex list (NSA EBB 538)",https://nsarchive.gwu.edu/document/15800-09-urban-industrial-target-list-part-i,C268,956 84604 TOBOLSK,DGZs=0; installations=2 (sub-complexes counted separately)
us_1956_sac_complexes,US (SAC),Bulgaria,1956,study,992,TOLBUCKIN BULG,,urban-industrial complex,1,992,,,43.5833,27.8,"SAC Atomic Weapons Requirements Study for 1959 (June 1956), Part I complex list (NSA EBB 538)",https://nsarchive.gwu.edu/document/15800-09-urban-industrial-target-list-part-i,C268,992 84615 TOLBUCKIN BULG,DGZs=1; installations=4 (sub-complexes counted separately)
us_1956_sac_complexes,US (SAC),Poland,1956,study,938,TOMASZOW MAZOWIECKI POL,,urban-industrial complex,1,938,,,51.5333,20.0333,"SAC Atomic Weapons Requirements Study for 1959 (June 1956), Part I complex list (NSA EBB 538)",https://nsarchive.gwu.edu/document/15800-09-urban-industrial-target-list-part-i,C268,938 8465 TOMASZOW MAZOWIECKI POL,DGZs=0; installations=3 (sub-complexes counted separately)
us_1956_sac_complexes,US (SAC),USSR,1956,study,78,TOMSK,,urban-industrial complex,1,78,,,56.4833,84.9833,"SAC Atomic Weapons Requirements Study for 1959 (June 1956), Part I complex list (NSA EBB 538)",https://nsarchive.gwu.edu/document/15800-09-urban-industrial-target-list-part-i,C268,78 8470 TOMSK,DGZs=2; installations=10 (sub-complexes counted separately)
us_1956_sac_complexes,US (SAC),USSR,1956,study,725,TOPKI,,urban-industrial complex,1,725,,,55.2667,85.6,"SAC Atomic Weapons Requirements Study for 1959 (June 1956), Part I complex list (NSA EBB 538)",https://nsarchive.gwu.edu/document/15800-09-urban-industrial-target-list-part-i,C268,725 8472 TOPKI,DGZs=1; installations=2 (sub-complexes counted separately)
us_1956_sac_complexes,US (SAC),Czechoslovakia,1956,study,172,TOPOLCANY CZECH,,urban-industrial complex,1,172,,,48.55,18.2,"SAC Atomic Weapons Requirements Study for 1959 (June 1956), Part I complex list (NSA EBB 538)",https://nsarchive.gwu.edu/document/15800-09-urban-industrial-target-list-part-i,C268,172 8475 TOPOLCANY CZECH,DGZs=1; installations=3 (sub-complexes counted separately)
us_1956_sac_complexes,US (SAC),USSR,1956,study,1132,TORBEYEVO,,urban-industrial complex,1,1132,,,54.0667,43.2333,"SAC Atomic Weapons Requirements Study for 1959 (June 1956), Part I complex list (NSA EBB 538)",https://nsarchive.gwu.edu/document/15800-09-urban-industrial-target-list-part-i,C269,1132 8480 TORBEYEVO,DGZs=0; installations=2 (sub-complexes counted separately)
us_1956_sac_complexes,US (SAC),East Germany,1956,study,472,TORGAU E GER,,urban-industrial complex,1,472,,,51.5667,13.0,"SAC Atomic Weapons Requirements Study for 1959 (June 1956), Part I complex list (NSA EBB 538)",https://nsarchive.gwu.edu/document/15800-09-urban-industrial-target-list-part-i,C269,472 8485 TORGAU E GER,DGZs=0; installations=5 (sub-complexes counted separately)
us_1956_sac_complexes,US (SAC),USSR,1956,study,790,TOROPETS,,urban-industrial complex,1,790,,,56.4833,31.65,"SAC Atomic Weapons Requirements Study for 1959 (June 1956), Part I complex list (NSA EBB 538)",https://nsarchive.gwu.edu/document/15800-09-urban-industrial-target-list-part-i,C269,790 8500 TOROPETS,DGZs=0; installations=4 (sub-complexes counted separately)
us_1956_sac_complexes,US (SAC),Poland,1956,study,562,TORUN POL,,urban-industrial complex,1,562,,,53.0333,18.6,"SAC Atomic Weapons Requirements Study for 1959 (June 1956), Part I complex list (NSA EBB 538)",https://nsarchive.gwu.edu/document/15800-09-urban-industrial-target-list-part-i,C269,562 8505 TORUN POL,DGZs=0; installations=9 (sub-complexes counted separately)
us_1956_sac_complexes,US (SAC),USSR,1956,study,726,TOSNO,,urban-industrial complex,1,726,,,59.5667,30.9,"SAC Atomic Weapons Requirements Study for 1959 (June 1956), Part I complex list (NSA EBB 538)",https://nsarchive.gwu.edu/document/15800-09-urban-industrial-target-list-part-i,C270,726 8507 TOSNO,DGZs=1; installations=2 (sub-complexes counted separately)
us_1956_sac_complexes,US (SAC),USSR,1956,study,1210,TOTSKOYE,,urban-industrial complex,1,1210,,,52.5167,52.7333,"SAC Atomic Weapons Requirements Study for 1959 (June 1956), Part I complex list (NSA EBB 538)",https://nsarchive.gwu.edu/document/15800-09-urban-industrial-target-list-part-i,C270,1210 8515 TOTSKOYE,DGZs=0; installations=2 (sub-complexes counted separately)
us_1956_sac_complexes,US (SAC),Czechoslovakia,1956,study,277,TRINEC CZECH,,urban-industrial complex,1,277,,,49.6833,18.65,"SAC Atomic Weapons Requirements Study for 1959 (June 1956), Part I complex list (NSA EBB 538)",https://nsarchive.gwu.edu/document/15800-09-urban-industrial-target-list-part-i,C270,277 8545 TRINEC CZECH,DGZs=0; installations=5 (sub-complexes counted separately)
us_1956_sac_complexes,US (SAC),Czechoslovakia,1956,study,755,TRNAVA CZECH,,urban-industrial complex,1,755,,,48.3833,17.5667,"SAC Atomic Weapons Requirements Study for 1959 (June 1956), Part I complex list (NSA EBB 538)",https://nsarchive.gwu.edu/document/15800-09-urban-industrial-target-list-part-i,C270,755 8555 TRNAVA CZECH,DGZs=0; installations=4 (sub-complexes counted separately)
us_1956_sac_complexes,US (SAC),USSR,1956,study,481,TROITSK,,urban-industrial complex,1,481,,,54.1,61.5667,"SAC Atomic Weapons Requirements Study for 1959 (June 1956), Part I complex list (NSA EBB 538)",https://nsarchive.gwu.edu/document/15800-09-urban-industrial-target-list-part-i,C270,481 8570 TROITSK,DGZs=1; installations=3 (sub-complexes counted separately)
us_1956_sac_complexes,US (SAC),Czechoslovakia,1956,study,939,TRSTENA CZECH,,urban-industrial complex,1,939,,,49.3833,19.55,"SAC Atomic Weapons Requirements Study for 1959 (June 1956), Part I complex list (NSA EBB 538)",https://nsarchive.gwu.edu/document/15800-09-urban-industrial-target-list-part-i,C270,939 8577 TRSTENA CZECH,DGZs=0; installations=2 (sub-complexes counted separately)
us_1956_sac_complexes,US (SAC),Czechoslovakia,1956,study,727,TRUTNOV CZECH,,urban-industrial complex,1,727,,,50.5667,15.9,"SAC Atomic Weapons Requirements Study for 1959 (June 1956), Part I complex list (NSA EBB 538)",https://nsarchive.gwu.edu/document/15800-09-urban-industrial-target-list-part-i,C270,727 8585 TRUTNOV CZECH,DGZs=0; installations=2 (sub-complexes counted separately)
us_1956_sac_complexes,US (SAC),USSR,1956,study,652,TSALKA,,urban-industrial complex,1,652,,,41.6,44.0833,"SAC Atomic Weapons Requirements Study for 1959 (June 1956), Part I complex list (NSA EBB 538)",https://nsarchive.gwu.edu/document/15800-09-urban-industrial-target-list-part-i,C271,652 8590 TSALKA,DGZs=1; installations=2 (sub-complexes counted separately)
us_1956_sac_complexes,US (SAC),USSR,1956,study,517,TSIMLYANSKAYA,,urban-industrial complex,1,517,,,47.7333,42.2,"SAC Atomic Weapons Requirements Study for 1959 (June 1956), Part I complex list (NSA EBB 538)",https://nsarchive.gwu.edu/document/15800-09-urban-industrial-target-list-part-i,C271,517 85965 TSIMLYANSKAYA,DGZs=1; installations=6 (sub-complexes counted separately)
us_1956_sac_complexes,US (SAC),China,1956,study,133,TSI NAN CHINA,,urban-industrial complex,1,133,,,36.6667,116.9833,"SAC Atomic Weapons Requirements Study for 1959 (June 1956), Part I complex list (NSA EBB 538)",https://nsarchive.gwu.edu/document/15800-09-urban-industrial-target-list-part-i,C271,133 8597 TSI NAN CHINA,DGZs=1; installations=10 (sub-complexes counted separately)
us_1956_sac_complexes,US (SAC),China,1956,study,49,TSING TAO CHINA,,urban-industrial complex,1,49,,,36.0833,120.3333,"SAC Atomic Weapons Requirements Study for 1959 (June 1956), Part I complex list (NSA EBB 538)",https://nsarchive.gwu.edu/document/15800-09-urban-industrial-target-list-part-i,C271,49 86005 TSING TAO CHINA,DGZs=0; installations=20 (sub-complexes counted separately)
us_1956_sac_complexes,US (SAC),China (Manchuria),1956,study,261,TSITSIHAR MANCH,,urban-industrial complex,1,261,,,47.3667,123.9333,"SAC Atomic Weapons Requirements Study for 1959 (June 1956), Part I complex list (NSA EBB 538)",https://nsarchive.gwu.edu/document/15800-09-urban-industrial-target-list-part-i,C272,261 8601 TSITSIHAR MANCH,DGZs=2; installations=15 (sub-complexes counted separately)
us_1956_sac_complexes,US (SAC),USSR,1956,study,65,TUAPSE,,urban-industrial complex,1,65,,,44.0833,39.0833,"SAC Atomic Weapons Requirements Study for 1959 (June 1956), Part I complex list (NSA EBB 538)",https://nsarchive.gwu.edu/document/15800-09-urban-industrial-target-list-part-i,C272,65 86025 TUAPSE,DGZs=2; installations=9 (sub-complexes counted separately)
us_1956_sac_complexes,US (SAC),USSR,1956,study,122,TULA,,urban-industrial complex,1,122,,,54.2,37.6167,"SAC Atomic Weapons Requirements Study for 1959 (June 1956), Part I complex list (NSA EBB 538)",https://nsarchive.gwu.edu/document/15800-09-urban-industrial-target-list-part-i,C272,122 8620 TULA,DGZs=5; installations=19 (sub-complexes counted separately)
us_1956_sac_complexes,US (SAC),USSR,1956,study,622,TULUN,,urban-industrial complex,1,622,,,54.5667,100.5833,"SAC Atomic Weapons Requirements Study for 1959 (June 1956), Part I complex list (NSA EBB 538)",https://nsarchive.gwu.edu/document/15800-09-urban-industrial-target-list-part-i,C273,622 86305 TULUN,DGZs=1; installations=2 (sub-complexes counted separately)
us_1956_sac_complexes,US (SAC),China,1956,study,1133,TUNG AN CHINA,,urban-industrial complex,1,1133,,,45.55,131.8833,"SAC Atomic Weapons Requirements Study for 1959 (June 1956), Part I complex list (NSA EBB 538)",https://nsarchive.gwu.edu/document/15800-09-urban-industrial-target-list-part-i,C273,1133 8633 TUNG AN CHINA,DGZs=0; installations=2 (sub-complexes counted separately)
us_1956_sac_complexes,US (SAC),China (Manchuria),1956,study,896,TUNG CHING CHENG MANCH,,urban-industrial complex,1,896,,,44.1167,129.15,"SAC Atomic Weapons Requirements Study for 1959 (June 1956), Part I complex list (NSA EBB 538)",https://nsarchive.gwu.edu/document/15800-09-urban-industrial-target-list-part-i,C273,896 8635 TUNG CHING CHENG MANCH,DGZs=0; installations=2 (sub-complexes counted separately)
us_1956_sac_complexes,US (SAC),China,1956,study,589,TUNG HUA CHINA,,urban-industrial complex,1,589,,,41.7167,125.95,"SAC Atomic Weapons Requirements Study for 1959 (June 1956), Part I complex list (NSA EBB 538)",https://nsarchive.gwu.edu/document/15800-09-urban-industrial-target-list-part-i,C273,589 8645 TUNG HUA CHINA,DGZs=0; installations=5 (sub-complexes counted separately)
us_1956_sac_complexes,US (SAC),China,1956,study,302,TUNG SHAN CHINA,,urban-industrial complex,1,302,,,34.2667,117.1833,"SAC Atomic Weapons Requirements Study for 1959 (June 1956), Part I complex list (NSA EBB 538)",https://nsarchive.gwu.edu/document/15800-09-urban-industrial-target-list-part-i,C273,302 86455 TUNG SHAN CHINA,DGZs=0; installations=3 (sub-complexes counted separately)
us_1956_sac_complexes,US (SAC),China (Manchuria),1956,study,993,TUN HUA MANCH,,urban-industrial complex,1,993,,,43.35,128.2,"SAC Atomic Weapons Requirements Study for 1959 (June 1956), Part I complex list (NSA EBB 538)",https://nsarchive.gwu.edu/document/15800-09-urban-industrial-target-list-part-i,C273,993 86457 TUN HUA MANCH,DGZs=0; installations=3 (sub-complexes counted separately)
us_1956_sac_complexes,US (SAC),USSR,1956,study,336,TYUMEN,,urban-industrial complex,1,336,,,57.1667,65.5167,"SAC Atomic Weapons Requirements Study for 1959 (June 1956), Part I complex list (NSA EBB 538)",https://nsarchive.gwu.edu/document/15800-09-urban-industrial-target-list-part-i,C274,336 8680 TYUMEN,DGZs=2; installations=8 (sub-complexes counted separately)
us_1956_sac_complexes,US (SAC),USSR,1956,study,1218,UELEN,,urban-industrial complex,1,1218,,,66.1667,-169.85,"SAC Atomic Weapons Requirements Study for 1959 (June 1956), Part I complex list (NSA EBB 538)",https://nsarchive.gwu.edu/document/15800-09-urban-industrial-target-list-part-i,C274,1218 8726 UELEN,DGZs=0; installations=2 (sub-complexes counted separately)
us_1956_sac_complexes,US (SAC),USSR,1956,study,9,UFA,,urban-industrial complex,1,9,,,54.7167,55.9333,"SAC Atomic Weapons Requirements Study for 1959 (June 1956), Part I complex list (NSA EBB 538)",https://nsarchive.gwu.edu/document/15800-09-urban-industrial-target-list-part-i,C274,9 8730 UFA,DGZs=3; installations=27 (sub-complexes counted separately)
us_1956_sac_complexes,US (SAC),USSR,1956,study,434,UGLICH,,urban-industrial complex,1,434,,,57.5333,38.3,"SAC Atomic Weapons Requirements Study for 1959 (June 1956), Part I complex list (NSA EBB 538)",https://nsarchive.gwu.edu/document/15800-09-urban-industrial-target-list-part-i,C275,434 8760 UGLICH,DGZs=1; installations=4 (sub-complexes counted separately)
us_1956_sac_complexes,US (SAC),USSR,1956,study,1211,UGOLNYY,,urban-industrial complex,1,1211,,,62.9667,179.2833,"SAC Atomic Weapons Requirements Study for 1959 (June 1956), Part I complex list (NSA EBB 538)",https://nsarchive.gwu.edu/document/15800-09-urban-industrial-target-list-part-i,C275,1211 8772 UGOLNYY,DGZs=0; installations=2 (sub-complexes counted separately)
us_1956_sac_complexes,US (SAC),USSR,1956,study,592,UKHTA,,urban-industrial complex,1,592,,,63.5667,53.7,"SAC Atomic Weapons Requirements Study for 1959 (June 1956), Part I complex list (NSA EBB 538)",https://nsarchive.gwu.edu/document/15800-09-urban-industrial-target-list-part-i,C275,592 8780 UKHTA,DGZs=1; installations=4 (sub-complexes counted separately)
us_1956_sac_complexes,US (SAC),China,1956,study,497,ULAAN BAATAR CHINA,,urban-industrial complex,1,497,,,47.9167,106.8833,"SAC Atomic Weapons Requirements Study for 1959 (June 1956), Part I complex list (NSA EBB 538)",https://nsarchive.gwu.edu/document/15800-09-urban-industrial-target-list-part-i,C275,497 8788 ULAAN BAATAR CHINA,DGZs=1; installations=2 (sub-complexes counted separately)
us_1956_sac_complexes,US (SAC),USSR,1956,study,105,ULAN UDE,,urban-industrial complex,1,105,,,51.8167,107.6,"SAC Atomic Weapons Requirements Study for 1959 (June 1956), Part I complex list (NSA EBB 538)",https://nsarchive.gwu.edu/document/15800-09-urban-industrial-target-list-part-i,C275,105 8790 ULAN UDE,DGZs=4; installations=15 (sub-complexes counted separately)
us_1956_sac_complexes,US (SAC),USSR,1956,study,124,ULYANOVSK,,urban-industrial complex,1,124,,,54.3167,48.4167,"SAC Atomic Weapons Requirements Study for 1959 (June 1956), Part I complex list (NSA EBB 538)",https://nsarchive.gwu.edu/document/15800-09-urban-industrial-target-list-part-i,C276,124 8810 ULYANOVSK,DGZs=4; installations=17 (sub-complexes counted separately)
us_1956_sac_complexes,US (SAC),USSR,1956,study,653,UNECHA,,urban-industrial complex,1,653,,,52.85,32.6833,"SAC Atomic Weapons Requirements Study for 1959 (June 1956), Part I complex list (NSA EBB 538)",https://nsarchive.gwu.edu/document/15800-09-urban-industrial-target-list-part-i,C276,653 88127 UNECHA,DGZs=1; installations=2 (sub-complexes counted separately)
us_1956_sac_complexes,US (SAC),USSR,1956,study,1093,URALNEFT,,urban-industrial complex,1,1093,,,58.15,57.1,"SAC Atomic Weapons Requirements Study for 1959 (June 1956), Part I complex list (NSA EBB 538)",https://nsarchive.gwu.edu/document/15800-09-urban-industrial-target-list-part-i,C276,1093 8818 URALNEFT,DGZs=0; installations=2 (sub-complexes counted separately)
us_1956_sac_complexes,US (SAC),USSR,1956,study,238,URALSK,,urban-industrial complex,1,238,,,51.2167,51.3833,"SAC Atomic Weapons Requirements Study for 1959 (June 1956), Part I complex list (NSA EBB 538)",https://nsarchive.gwu.edu/document/15800-09-urban-industrial-target-list-part-i,C276,238 8820 URALSK,DGZs=1; installations=9 (sub-complexes counted separately)
us_1956_sac_complexes,US (SAC),USSR,1956,study,690,USHUMUN,,urban-industrial complex,1,690,,,52.7833,126.55,"SAC Atomic Weapons Requirements Study for 1959 (June 1956), Part I complex list (NSA EBB 538)",https://nsarchive.gwu.edu/document/15800-09-urban-industrial-target-list-part-i,C277,690 8847 USHUMUN,DGZs=1; installations=2 (sub-complexes counted separately)
us_1956_sac_complexes,US (SAC),USSR,1956,study,50,USOLYE SIBIRSKOYE,,urban-industrial complex,1,50,,,52.75,103.6833,"SAC Atomic Weapons Requirements Study for 1959 (June 1956), Part I complex list (NSA EBB 538)",https://nsarchive.gwu.edu/document/15800-09-urban-industrial-target-list-part-i,C277,50 8850 USOLYE SIBIRSKOYE,DGZs=1; installations=7 (sub-complexes counted separately)
us_1956_sac_complexes,US (SAC),USSR,1956,study,191,UST KAMENOGORSK,,urban-industrial complex,1,191,,,49.9667,82.65,"SAC Atomic Weapons Requirements Study for 1959 (June 1956), Part I complex list (NSA EBB 538)",https://nsarchive.gwu.edu/document/15800-09-urban-industrial-target-list-part-i,C277,191 8860 UST KAMENOGORSK,DGZs=2; installations=8 (sub-complexes counted separately)
us_1956_sac_complexes,US (SAC),Czechoslovakia,1956,study,181,USTI NAD LABEM CZECH,,urban-industrial complex,1,181,,,50.6667,14.0333,"SAC Atomic Weapons Requirements Study for 1959 (June 1956), Part I complex list (NSA EBB 538)",https://nsarchive.gwu.edu/document/15800-09-urban-industrial-target-list-part-i,C277,181 8875 USTI NAD LABEM CZECH,DGZs=2; installations=14 (sub-complexes counted separately)
us_1956_sac_complexes,US (SAC),USSR,1956,study,994,UZHUR,,urban-industrial complex,1,994,,,55.3,89.8167,"SAC Atomic Weapons Requirements Study for 1959 (June 1956), Part I complex list (NSA EBB 538)",https://nsarchive.gwu.edu/document/15800-09-urban-industrial-target-list-part-i,C278,994 8890 UZHUR,DGZs=0; installations=2 (sub-complexes counted separately)
us_1956_sac_complexes,US (SAC),Hungary,1956,study,623,VAC HUNG,,urban-industrial complex,1,623,,,47.75,19.1333,"SAC Atomic Weapons Requirements Study for 1959 (June 1956), Part I complex list (NSA EBB 538)",https://nsarchive.gwu.edu/document/15800-09-urban-industrial-target-list-part-i,C279,623 8910 VAC HUNG,DGZs=0; installations=2 (sub-complexes counted separately)
us_1956_sac_complexes,US (SAC),East Germany,1956,study,940,VACHA E GER,,urban-industrial complex,1,940,,,50.8167,10.0333,"SAC Atomic Weapons Requirements Study for 1959 (June 1956), Part I complex list (NSA EBB 538)",https://nsarchive.gwu.edu/document/15800-09-urban-industrial-target-list-part-i,C279,940 8915 VACHA E GER,DGZs=0; installations=2 (sub-complexes counted separately)
us_1956_sac_complexes,US (SAC),USSR,1956,study,756,VAGAY,,urban-industrial complex,1,756,,,56.45,67.3167,"SAC Atomic Weapons Requirements Study for 1959 (June 1956), Part I complex list (NSA EBB 538)",https://nsarchive.gwu.edu/document/15800-09-urban-industrial-target-list-part-i,C279,756 89155 VAGAY,DGZs=1; installations=2 (sub-complexes counted separately)
us_1956_sac_complexes,US (SAC),USSR,1956,study,897,VALGA,,urban-industrial complex,1,897,,,57.7833,26.0333,"SAC Atomic Weapons Requirements Study for 1959 (June 1956), Part I complex list (NSA EBB 538)",https://nsarchive.gwu.edu/document/15800-09-urban-industrial-target-list-part-i,C279,897 8917 VALGA,DGZs=0; installations=2 (sub-complexes counted separately)
us_1956_sac_complexes,US (SAC),USSR,1956,study,1134,VALMIYERA,,urban-industrial complex,1,1134,,,57.55,25.4333,"SAC Atomic Weapons Requirements Study for 1959 (June 1956), Part I complex list (NSA EBB 538)",https://nsarchive.gwu.edu/document/15800-09-urban-industrial-target-list-part-i,C279,1134 89173 VALMIYERA,DGZs=0; installations=2 (sub-complexes counted separately)
us_1956_sac_complexes,US (SAC),USSR,1956,study,528,VALUYKI,,urban-industrial complex,1,528,,,50.1833,38.15,"SAC Atomic Weapons Requirements Study for 1959 (June 1956), Part I complex list (NSA EBB 538)",https://nsarchive.gwu.edu/document/15800-09-urban-industrial-target-list-part-i,C279,528 8920 VALUYKI,DGZs=1; installations=3 (sub-complexes counted separately)
us_1956_sac_complexes,US (SAC),USSR,1956,study,728,VAPANYARKA,,urban-industrial complex,1,728,,,48.5333,28.75,"SAC Atomic Weapons Requirements Study for 1959 (June 1956), Part I complex list (NSA EBB 538)",https://nsarchive.gwu.edu/document/15800-09-urban-industrial-target-list-part-i,C279,728 8935 VAPANYARKA,DGZs=1; installations=2 (sub-complexes counted separately)
us_1956_sac_complexes,US (SAC),USSR,1956,study,1135,VARPAYEVKA,,urban-industrial complex,1,1135,,,52.2667,45.8333,"SAC Atomic Weapons Requirements Study for 1959 (June 1956), Part I complex list (NSA EBB 538)",https://nsarchive.gwu.edu/document/15800-09-urban-industrial-target-list-part-i,C279,1135 89555 VARPAYEVKA,DGZs=0; installations=2 (sub-complexes counted separately)
us_1956_sac_complexes,US (SAC),USSR,1956,study,317,VELIKIYE LUKI,,urban-industrial complex,1,317,,,56.35,30.5333,"SAC Atomic Weapons Requirements Study for 1959 (June 1956), Part I complex list (NSA EBB 538)",https://nsarchive.gwu.edu/document/15800-09-urban-industrial-target-list-part-i,C279,317 8960 VELIKIYE LUKI,DGZs=1; installations=3 (sub-complexes counted separately)
us_1956_sac_complexes,US (SAC),USSR,1956,study,1040,VELSK,,urban-industrial complex,1,1040,,,61.0833,42.1333,"SAC Atomic Weapons Requirements Study for 1959 (June 1956), Part I complex list (NSA EBB 538)",https://nsarchive.gwu.edu/document/15800-09-urban-industrial-target-list-part-i,C280,1040 8963 VELSK,DGZs=0; installations=2 (sub-complexes counted separately)
us_1956_sac_complexes,US (SAC),USSR,1956,study,729,VENTSPILS,,urban-industrial complex,1,729,,,57.3833,21.5833,"SAC Atomic Weapons Requirements Study for 1959 (June 1956), Part I complex list (NSA EBB 538)",https://nsarchive.gwu.edu/document/15800-09-urban-industrial-target-list-part-i,C280,729 8980 VENTSPILS,DGZs=0; installations=3 (sub-complexes counted separately)
us_1956_sac_complexes,US (SAC),Bulgaria,1956,study,1136,VERINSKO BULG,,urban-industrial complex,1,1136,,,42.4667,23.7333,"SAC Atomic Weapons Requirements Study for 1959 (June 1956), Part I complex list (NSA EBB 538)",https://nsarchive.gwu.edu/document/15800-09-urban-industrial-target-list-part-i,C280,1136 8985 VERINSKO BULG,DGZs=0; installations=2 (sub-complexes counted separately)
us_1956_sac_complexes,US (SAC),USSR,1956,study,824,VERKHNIY BASKUNCHAK,,urban-industrial complex,1,824,,,48.2333,46.75,"SAC Atomic Weapons Requirements Study for 1959 (June 1956), Part I complex list (NSA EBB 538)",https://nsarchive.gwu.edu/document/15800-09-urban-industrial-target-list-part-i,C280,824 8989 VERKHNIY BASKUNCHAK,DGZs=0; installations=2 (sub-complexes counted separately)
us_1956_sac_complexes,US (SAC),USSR,1956,study,995,VERKHNIYE ACHALUKI,,urban-industrial complex,1,995,,,43.3667,44.6833,"SAC Atomic Weapons Requirements Study for 1959 (June 1956), Part I complex list (NSA EBB 538)",https://nsarchive.gwu.edu/document/15800-09-urban-industrial-target-list-part-i,C280,995 9010 VERKHNIYE ACHALUKI,DGZs=0; installations=2 (sub-complexes counted separately)
us_1956_sac_complexes,US (SAC),Hungary,1956,study,200,VESZPREM HUNG,,urban-industrial complex,1,200,,,47.0833,17.9,"SAC Atomic Weapons Requirements Study for 1959 (June 1956), Part I complex list (NSA EBB 538)",https://nsarchive.gwu.edu/document/15800-09-urban-industrial-target-list-part-i,C280,200 9075 VESZPREM HUNG,DGZs=1; installations=5 (sub-complexes counted separately)
us_1956_sac_complexes,US (SAC),USSR,1956,study,996,VEYMARN,,urban-industrial complex,1,996,,,59.3833,28.8333,"SAC Atomic Weapons Requirements Study for 1959 (June 1956), Part I complex list (NSA EBB 538)",https://nsarchive.gwu.edu/document/15800-09-urban-industrial-target-list-part-i,C281,996 9076 VEYMARN,DGZs=0; installations=2 (sub-complexes counted separately)
us_1956_sac_complexes,US (SAC),Bulgaria,1956,study,997,VIDIN BULG,,urban-industrial complex,1,997,,,43.9833,22.85,"SAC Atomic Weapons Requirements Study for 1959 (June 1956), Part I complex list (NSA EBB 538)",https://nsarchive.gwu.edu/document/15800-09-urban-industrial-target-list-part-i,C281,997 9078 VIDIN BULG,DGZs=0; installations=2 (sub-complexes counted separately)
us_1956_sac_complexes,US (SAC),USSR,1956,study,51,VILNYUS,,urban-industrial complex,1,51,,,54.6833,25.3,"SAC Atomic Weapons Requirements Study for 1959 (June 1956), Part I complex list (NSA EBB 538)",https://nsarchive.gwu.edu/document/15800-09-urban-industrial-target-list-part-i,C281,51 9080 VILNYUS,DGZs=1; installations=12 (sub-complexes counted separately)
us_1956_sac_complexes,US (SAC),North Vietnam,1956,study,998,VINH N VIETNAM,,urban-industrial complex,1,998,,,18.6667,105.6667,"SAC Atomic Weapons Requirements Study for 1959 (June 1956), Part I complex list (NSA EBB 538)",https://nsarchive.gwu.edu/document/15800-09-urban-industrial-target-list-part-i,C282,998 9088 VINH N VIETNAM,DGZs=0; installations=2 (sub-complexes counted separately)
us_1956_sac_complexes,US (SAC),USSR,1956,study,4,VINNITSA,,urban-industrial complex,1,4,,,49.2167,28.4833,"SAC Atomic Weapons Requirements Study for 1959 (June 1956), Part I complex list (NSA EBB 538)",https://nsarchive.gwu.edu/document/15800-09-urban-industrial-target-list-part-i,C282,4 9090 VINNITSA,DGZs=2; installations=7 (sub-complexes counted separately)
us_1956_sac_complexes,US (SAC),Czechoslovakia,1956,study,825,VIR CZECH,,urban-industrial complex,1,825,,,49.55,16.3167,"SAC Atomic Weapons Requirements Study for 1959 (June 1956), Part I complex list (NSA EBB 538)",https://nsarchive.gwu.edu/document/15800-09-urban-industrial-target-list-part-i,C282,825 9095 VIR CZECH,DGZs=0; installations=3 (sub-complexes counted separately)
us_1956_sac_complexes,US (SAC),USSR,1956,study,294,VITEBSK,,urban-industrial complex,1,294,,,55.2,30.1833,"SAC Atomic Weapons Requirements Study for 1959 (June 1956), Part I complex list (NSA EBB 538)",https://nsarchive.gwu.edu/document/15800-09-urban-industrial-target-list-part-i,C282,294 9100 VITEBSK,DGZs=1; installations=8 (sub-complexes counted separately)
us_1956_sac_complexes,US (SAC),USSR,1956,study,222,VLADIMIR,,urban-industrial complex,1,222,,,56.1333,40.4167,"SAC Atomic Weapons Requirements Study for 1959 (June 1956), Part I complex list (NSA EBB 538)",https://nsarchive.gwu.edu/document/15800-09-urban-industrial-target-list-part-i,C282,222 9110 VLADIMIR,DGZs=2; installations=10 (sub-complexes counted separately)
us_1956_sac_complexes,US (SAC),USSR,1956,study,1094,VLADIMIR VOLYNSKIY,,urban-industrial complex,1,1094,,,50.85,24.3167,"SAC Atomic Weapons Requirements Study for 1959 (June 1956), Part I complex list (NSA EBB 538)",https://nsarchive.gwu.edu/document/15800-09-urban-industrial-target-list-part-i,C283,1094 9127 VLADIMIR VOLYNSKIY,DGZs=0; installations=2 (sub-complexes counted separately)
us_1956_sac_complexes,US (SAC),USSR,1956,study,19,VLADIVOSTOK,,urban-industrial complex,1,19,,,43.1167,131.9,"SAC Atomic Weapons Requirements Study for 1959 (June 1956), Part I complex list (NSA EBB 538)",https://nsarchive.gwu.edu/document/15800-09-urban-industrial-target-list-part-i,C283,19 9130 VLADIVOSTOK,DGZs=2; installations=49 (sub-complexes counted separately)
us_1956_sac_complexes,US (SAC),Romania,1956,study,898,VLAHITA RUM,,urban-industrial complex,1,898,,,46.35,25.5333,"SAC Atomic Weapons Requirements Study for 1959 (June 1956), Part I complex list (NSA EBB 538)",https://nsarchive.gwu.edu/document/15800-09-urban-industrial-target-list-part-i,C284,898 9135 VLAHITA RUM,DGZs=0; installations=2 (sub-complexes counted separately)
us_1956_sac_complexes,US (SAC),Czechoslovakia,1956,study,1041,VLASIM CZECH,,urban-industrial complex,1,1041,,,49.7,14.9167,"SAC Atomic Weapons Requirements Study for 1959 (June 1956), Part I complex list (NSA EBB 538)",https://nsarchive.gwu.edu/document/15800-09-urban-industrial-target-list-part-i,C284,1041 9139 VLASIM CZECH,DGZs=0; installations=2 (sub-complexes counted separately)
us_1956_sac_complexes,US (SAC),Albania,1956,study,906,VLONE ALB,,urban-industrial complex,1,906,,,40.4667,19.4,"SAC Atomic Weapons Requirements Study for 1959 (June 1956), Part I complex list (NSA EBB 538)",https://nsarchive.gwu.edu/document/15800-09-urban-industrial-target-list-part-i,C284,906 9145 VLONE ALB,DGZs=0; installations=4 (sub-complexes counted separately)
us_1956_sac_complexes,US (SAC),USSR,1956,study,826,VOLCHINETS,,urban-industrial complex,1,826,,,48.4,27.4833,"SAC Atomic Weapons Requirements Study for 1959 (June 1956), Part I complex list (NSA EBB 538)",https://nsarchive.gwu.edu/document/15800-09-urban-industrial-target-list-part-i,C285,826 9156 VOLCHINETS,DGZs=0; installations=2 (sub-complexes counted separately)
us_1956_sac_complexes,US (SAC),USSR,1956,study,260,VOLKHOV,,urban-industrial complex,1,260,,,59.9167,32.35,"SAC Atomic Weapons Requirements Study for 1959 (June 1956), Part I complex list (NSA EBB 538)",https://nsarchive.gwu.edu/document/15800-09-urban-industrial-target-list-part-i,C285,260 9160 VOLKHOV,DGZs=1; installations=10 (sub-complexes counted separately)
us_1956_sac_complexes,US (SAC),USSR,1956,study,730,VOLKOVYSK,,urban-industrial complex,1,730,,,53.15,24.4667,"SAC Atomic Weapons Requirements Study for 1959 (June 1956), Part I complex list (NSA EBB 538)",https://nsarchive.gwu.edu/document/15800-09-urban-industrial-target-list-part-i,C285,730 9162 VOLKOVYSK,DGZs=1; installations=3 (sub-complexes counted separately)
us_1956_sac_complexes,US (SAC),USSR,1956,study,590,VOLNOVAKHA,,urban-industrial complex,1,590,,,47.5833,37.5,"SAC Atomic Weapons Requirements Study for 1959 (June 1956), Part I complex list (NSA EBB 538)",https://nsarchive.gwu.edu/document/15800-09-urban-industrial-target-list-part-i,C285,590 91625 VOLNOVAKHA,DGZs=1; installations=2 (sub-complexes counted separately)
us_1956_sac_complexes,US (SAC),USSR,1956,study,827,VOLOCHAYEVKA,,urban-industrial complex,1,827,,,48.5833,134.5,"SAC Atomic Weapons Requirements Study for 1959 (June 1956), Part I complex list (NSA EBB 538)",https://nsarchive.gwu.edu/document/15800-09-urban-industrial-target-list-part-i,C285,827 9163 VOLOCHAYEVKA,DGZs=0; installations=2 (sub-complexes counted separately)
us_1956_sac_complexes,US (SAC),USSR,1956,study,828,VOLOCHISK,,urban-industrial complex,1,828,,,49.5333,26.1333,"SAC Atomic Weapons Requirements Study for 1959 (June 1956), Part I complex list (NSA EBB 538)",https://nsarchive.gwu.edu/document/15800-09-urban-industrial-target-list-part-i,C285,828 91635 VOLOCHISK,DGZs=0; installations=2 (sub-complexes counted separately)
us_1956_sac_complexes,US (SAC),USSR,1956,study,115,VOLOGDA,,urban-industrial complex,1,115,,,59.2333,39.8833,"SAC Atomic Weapons Requirements Study for 1959 (June 1956), Part I complex list (NSA EBB 538)",https://nsarchive.gwu.edu/document/15800-09-urban-industrial-target-list-part-i,C285,115 9170 VOLOGDA,DGZs=2; installations=10 (sub-complexes counted separately)
us_1956_sac_complexes,US (SAC),USSR,1956,study,1137,VOLOSOVO,,urban-industrial complex,1,1137,,,59.4333,29.4667,"SAC Atomic Weapons Requirements Study for 1959 (June 1956), Part I complex list (NSA EBB 538)",https://nsarchive.gwu.edu/document/15800-09-urban-industrial-target-list-part-i,C286,1137 9176 VOLOSOVO,DGZs=0; installations=3 (sub-complexes counted separately)
us_1956_sac_complexes,US (SAC),USSR,1956,study,595,VOLOVO,,urban-industrial complex,1,595,,,53.55,37.9833,"SAC Atomic Weapons Requirements Study for 1959 (June 1956), Part I complex list (NSA EBB 538)",https://nsarchive.gwu.edu/document/15800-09-urban-industrial-target-list-part-i,C286,595 9177 VOLOVO,DGZs=1; installations=2 (sub-complexes counted separately)
us_1956_sac_complexes,US (SAC),USSR,1956,study,593,VOLSK,,urban-industrial complex,1,593,,,52.05,47.4,"SAC Atomic Weapons Requirements Study for 1959 (June 1956), Part I complex list (NSA EBB 538)",https://nsarchive.gwu.edu/document/15800-09-urban-industrial-target-list-part-i,C286,593 9180 VOLSK,DGZs=2; installations=10 (sub-complexes counted separately)
us_1956_sac_complexes,US (SAC),USSR,1956,study,632,VORKUTA,,urban-industrial complex,1,632,,,67.5,64.05,"SAC Atomic Weapons Requirements Study for 1959 (June 1956), Part I complex list (NSA EBB 538)",https://nsarchive.gwu.edu/document/15800-09-urban-industrial-target-list-part-i,C286,632 9200 VORKUTA,DGZs=1; installations=6 (sub-complexes counted separately)
us_1956_sac_complexes,US (SAC),USSR,1956,study,1138,VOROBYEVKA,,urban-industrial complex,1,1138,,,50.65,40.85,"SAC Atomic Weapons Requirements Study for 1959 (June 1956), Part I complex list (NSA EBB 538)",https://nsarchive.gwu.edu/document/15800-09-urban-industrial-target-list-part-i,C287,1138 9207 VOROBYEVKA,DGZs=0; installations=2 (sub-complexes counted separately)
us_1956_sac_complexes,US (SAC),USSR,1956,study,20,VORONEZH,,urban-industrial complex,1,20,,,51.6667,39.2,"SAC Atomic Weapons Requirements Study for 1959 (June 1956), Part I complex list (NSA EBB 538)",https://nsarchive.gwu.edu/document/15800-09-urban-industrial-target-list-part-i,C287,20 9210 VORONEZH,DGZs=3; installations=23 (sub-complexes counted separately)
us_1956_sac_complexes,US (SAC),USSR,1956,study,25,VOROSHILOV,,urban-industrial complex,1,25,,,43.8,131.95,"SAC Atomic Weapons Requirements Study for 1959 (June 1956), Part I complex list (NSA EBB 538)",https://nsarchive.gwu.edu/document/15800-09-urban-industrial-target-list-part-i,C287,25 9220 VOROSHILOV,DGZs=3; installations=19 (sub-complexes counted separately)
us_1956_sac_complexes,US (SAC),USSR,1956,study,177,VOROSHILOVGRAD,,urban-industrial complex,1,177,,,48.5667,39.3333,"SAC Atomic Weapons Requirements Study for 1959 (June 1956), Part I complex list (NSA EBB 538)",https://nsarchive.gwu.edu/document/15800-09-urban-industrial-target-list-part-i,C288,177 9230 VOROSHILOVGRAD,DGZs=1; installations=12 (sub-complexes counted separately)
us_1956_sac_complexes,US (SAC),USSR,1956,study,696,VOROZHBA,,urban-industrial complex,1,696,,,51.1667,34.2333,"SAC Atomic Weapons Requirements Study for 1959 (June 1956), Part I complex list (NSA EBB 538)",https://nsarchive.gwu.edu/document/15800-09-urban-industrial-target-list-part-i,C288,696 9253 VOROZHBA,DGZs=0; installations=2 (sub-complexes counted separately)
us_1956_sac_complexes,US (SAC),USSR,1956,study,435,VOSKRESENSK,,urban-industrial complex,1,435,,,55.3167,38.6833,"SAC Atomic Weapons Requirements Study for 1959 (June 1956), Part I complex list (NSA EBB 538)",https://nsarchive.gwu.edu/document/15800-09-urban-industrial-target-list-part-i,C289,435 9260 VOSKRESENSK,DGZs=1; installations=3 (sub-complexes counted separately)
us_1956_sac_complexes,US (SAC),USSR,1956,study,204,VOTKINSK,,urban-industrial complex,1,204,,,57.05,53.9667,"SAC Atomic Weapons Requirements Study for 1959 (June 1956), Part I complex list (NSA EBB 538)",https://nsarchive.gwu.edu/document/15800-09-urban-industrial-target-list-part-i,C289,204 9270 VOTKINSK,DGZs=1; installations=7 (sub-complexes counted separately)
us_1956_sac_complexes,US (SAC),Czechoslovakia,1956,study,999,VRANOV CZECH,,urban-industrial complex,1,999,,,48.9,15.8167,"SAC Atomic Weapons Requirements Study for 1959 (June 1956), Part I complex list (NSA EBB 538)",https://nsarchive.gwu.edu/document/15800-09-urban-industrial-target-list-part-i,C289,999 9285 VRANOV CZECH,DGZs=0; installations=2 (sub-complexes counted separately)
us_1956_sac_complexes,US (SAC),Czechoslovakia,1956,study,149,VSETIN CZECH,,urban-industrial complex,1,149,,,49.3333,18.0333,"SAC Atomic Weapons Requirements Study for 1959 (June 1956), Part I complex list (NSA EBB 538)",https://nsarchive.gwu.edu/document/15800-09-urban-industrial-target-list-part-i,C289,149 9290 VSETIN CZECH,DGZs=2; installations=4 (sub-complexes counted separately)
us_1956_sac_complexes,US (SAC),USSR,1956,study,1095,VYARTSILYA,,urban-industrial complex,1,1095,,,62.1833,30.7,"SAC Atomic Weapons Requirements Study for 1959 (June 1956), Part I complex list (NSA EBB 538)",https://nsarchive.gwu.edu/document/15800-09-urban-industrial-target-list-part-i,C289,1095 9300 VYARTSILYA,DGZs=0; installations=2 (sub-complexes counted separately)
us_1956_sac_complexes,US (SAC),USSR,1956,study,444,VYAZMA,,urban-industrial complex,1,444,,,55.2,34.3167,"SAC Atomic Weapons Requirements Study for 1959 (June 1956), Part I complex list (NSA EBB 538)",https://nsarchive.gwu.edu/document/15800-09-urban-industrial-target-list-part-i,C290,444 9310 VYAZMA,DGZs=1; installations=4 (sub-complexes counted separately)
us_1956_sac_complexes,US (SAC),USSR,1956,study,950,VYAZNIKI,,urban-industrial complex,1,950,,,56.25,42.1667,"SAC Atomic Weapons Requirements Study for 1959 (June 1956), Part I complex list (NSA EBB 538)",https://nsarchive.gwu.edu/document/15800-09-urban-industrial-target-list-part-i,C290,950 9313 VYAZNIKI,DGZs=1; installations=2 (sub-complexes counted separately)
us_1956_sac_complexes,US (SAC),USSR,1956,study,698,VYBORG,,urban-industrial complex,1,698,,,60.7,28.75,"SAC Atomic Weapons Requirements Study for 1959 (June 1956), Part I complex list (NSA EBB 538)",https://nsarchive.gwu.edu/document/15800-09-urban-industrial-target-list-part-i,C290,698 9320 VYBORG,DGZs=0; installations=6 (sub-complexes counted separately)
us_1956_sac_complexes,US (SAC),USSR,1956,study,785,VYKSA,,urban-industrial complex,1,785,,,55.3167,42.15,"SAC Atomic Weapons Requirements Study for 1959 (June 1956), Part I complex list (NSA EBB 538)",https://nsarchive.gwu.edu/document/15800-09-urban-industrial-target-list-part-i,C290,785 9330 VYKSA,DGZs=0; installations=3 (sub-complexes counted separately)
us_1956_sac_complexes,US (SAC),USSR,1956,study,870,VYSHNI VOLOCHEK,,urban-industrial complex,1,870,,,57.5833,34.5667,"SAC Atomic Weapons Requirements Study for 1959 (June 1956), Part I complex list (NSA EBB 538)",https://nsarchive.gwu.edu/document/15800-09-urban-industrial-target-list-part-i,C290,870 9332 VYSHNI VOLOCHEK,DGZs=0; installations=2 (sub-complexes counted separately)
us_1956_sac_complexes,US (SAC),Czechoslovakia,1956,study,1212,VYSKOV CZECH,,urban-industrial complex,1,1212,,,49.2833,17.0,"SAC Atomic Weapons Requirements Study for 1959 (June 1956), Part I complex list (NSA EBB 538)",https://nsarchive.gwu.edu/document/15800-09-urban-industrial-target-list-part-i,C290,1212 93325 VYSKOV CZECH,DGZs=0; installations=2 (sub-complexes counted separately)
us_1956_sac_complexes,US (SAC),USSR,1956,study,1139,VYTEGRA,,urban-industrial complex,1,1139,,,61.0,36.45,"SAC Atomic Weapons Requirements Study for 1959 (June 1956), Part I complex list (NSA EBB 538)",https://nsarchive.gwu.edu/document/15800-09-urban-industrial-target-list-part-i,C290,1139 9340 VYTEGRA,DGZs=0; installations=2 (sub-complexes counted separately)
us_1956_sac_complexes,US (SAC),Poland,1956,study,146,WALDENBURG POL,,urban-industrial complex,1,146,,,50.7667,16.2833,"SAC Atomic Weapons Requirements Study for 1959 (June 1956), Part I complex list (NSA EBB 538)",https://nsarchive.gwu.edu/document/15800-09-urban-industrial-target-list-part-i,C290,146 9365 WALDENBURG POL,DGZs=4; installations=11 (sub-complexes counted separately)
us_1956_sac_complexes,US (SAC),China,1956,study,482,WAN HSIEN CHINA,,urban-industrial complex,1,482,,,30.8167,108.4,"SAC Atomic Weapons Requirements Study for 1959 (June 1956), Part I complex list (NSA EBB 538)",https://nsarchive.gwu.edu/document/15800-09-urban-industrial-target-list-part-i,C291,482 9367 WAN HSIEN CHINA,DGZs=1; installations=2 (sub-complexes counted separately)
us_1956_sac_complexes,US (SAC),East Germany,1956,study,1042,WAREN E GER,,urban-industrial complex,1,1042,,,53.5167,12.6833,"SAC Atomic Weapons Requirements Study for 1959 (June 1956), Part I complex list (NSA EBB 538)",https://nsarchive.gwu.edu/document/15800-09-urban-industrial-target-list-part-i,C291,1042 9370 WAREN E GER,DGZs=0; installations=2 (sub-complexes counted separately)
us_1956_sac_complexes,US (SAC),Poland,1956,study,1213,WARKA POL,,urban-industrial complex,1,1213,,,51.7833,21.2,"SAC Atomic Weapons Requirements Study for 1959 (June 1956), Part I complex list (NSA EBB 538)",https://nsarchive.gwu.edu/document/15800-09-urban-industrial-target-list-part-i,C292,1213 9375 WARKA POL,DGZs=0; installations=3 (sub-complexes counted separately)
us_1956_sac_complexes,US (SAC),Poland,1956,study,62,WARSAW POL,,urban-industrial complex,1,62,,,52.25,21.0,"SAC Atomic Weapons Requirements Study for 1959 (June 1956), Part I complex list (NSA EBB 538)",https://nsarchive.gwu.edu/document/15800-09-urban-industrial-target-list-part-i,C292,62 9385 WARSAW POL,DGZs=5; installations=39 (sub-complexes counted separately)
us_1956_sac_complexes,US (SAC),East Germany,1956,study,361,WISMAR E GER,,urban-industrial complex,1,361,,,53.9,11.4667,"SAC Atomic Weapons Requirements Study for 1959 (June 1956), Part I complex list (NSA EBB 538)",https://nsarchive.gwu.edu/document/15800-09-urban-industrial-target-list-part-i,C293,361 9475 WISMAR E GER,DGZs=0; installations=8 (sub-complexes counted separately)
us_1956_sac_complexes,US (SAC),East Germany,1956,study,393,WITTENBERGE E GER,,urban-industrial complex,1,393,,,53.0,11.7667,"SAC Atomic Weapons Requirements Study for 1959 (June 1956), Part I complex list (NSA EBB 538)",https://nsarchive.gwu.edu/document/15800-09-urban-industrial-target-list-part-i,C293,393 9480 WITTENBERGE E GER,DGZs=0; installations=5 (sub-complexes counted separately)
us_1956_sac_complexes,US (SAC),East Germany,1956,study,1000,WITTSTOCK E GER,,urban-industrial complex,1,1000,,,53.1833,12.5,"SAC Atomic Weapons Requirements Study for 1959 (June 1956), Part I complex list (NSA EBB 538)",https://nsarchive.gwu.edu/document/15800-09-urban-industrial-target-list-part-i,C293,1000 9483 WITTSTOCK E GER,DGZs=0; installations=3 (sub-complexes counted separately)
us_1956_sac_complexes,US (SAC),Poland,1956,study,860,WLOCLAWEK POL,,urban-industrial complex,1,860,,,52.6667,19.05,"SAC Atomic Weapons Requirements Study for 1959 (June 1956), Part I complex list (NSA EBB 538)",https://nsarchive.gwu.edu/document/15800-09-urban-industrial-target-list-part-i,C293,860 9485 WLOCLAWEK POL,DGZs=0; installations=3 (sub-complexes counted separately)
us_1956_sac_complexes,US (SAC),North Korea,1956,study,425,WONSAN N KOREA,,urban-industrial complex,1,425,,,39.1667,127.4333,"SAC Atomic Weapons Requirements Study for 1959 (June 1956), Part I complex list (NSA EBB 538)",https://nsarchive.gwu.edu/document/15800-09-urban-industrial-target-list-part-i,C294,425 9510 WONSAN N KOREA,DGZs=0; installations=4 (sub-complexes counted separately)
us_1956_sac_complexes,US (SAC),China,1956,study,249,WU CHIN CHINA,,urban-industrial complex,1,249,,,31.7333,119.9333,"SAC Atomic Weapons Requirements Study for 1959 (June 1956), Part I complex list (NSA EBB 538)",https://nsarchive.gwu.edu/document/15800-09-urban-industrial-target-list-part-i,C294,249 9535 WU CHIN CHINA,DGZs=1; installations=5 (sub-complexes counted separately)
us_1956_sac_complexes,US (SAC),China,1956,study,861,WU CHOU CHINA,,urban-industrial complex,1,861,,,23.4833,111.3167,"SAC Atomic Weapons Requirements Study for 1959 (June 1956), Part I complex list (NSA EBB 538)",https://nsarchive.gwu.edu/document/15800-09-urban-industrial-target-list-part-i,C294,861 9537 WU CHOU CHINA,DGZs=0; installations=2 (sub-complexes counted separately)
us_1956_sac_complexes,US (SAC),China,1956,study,452,WU HSIEN CHINA,,urban-industrial complex,1,452,,,31.3,120.6167,"SAC Atomic Weapons Requirements Study for 1959 (June 1956), Part I complex list (NSA EBB 538)",https://nsarchive.gwu.edu/document/15800-09-urban-industrial-target-list-part-i,C294,452 9546 WU HSIEN CHINA,DGZs=1; installations=4 (sub-complexes counted separately)
us_1956_sac_complexes,US (SAC),China,1956,study,731,WU HU CHINA,,urban-industrial complex,1,731,,,31.3333,118.3667,"SAC Atomic Weapons Requirements Study for 1959 (June 1956), Part I complex list (NSA EBB 538)",https://nsarchive.gwu.edu/document/15800-09-urban-industrial-target-list-part-i,C294,731 9547 WU HU CHINA,DGZs=1; installations=2 (sub-complexes counted separately)
us_1956_sac_complexes,US (SAC),China,1956,study,601,WU MING CHINA,,urban-industrial complex,1,601,,,23.2,108.25,"SAC Atomic Weapons Requirements Study for 1959 (June 1956), Part I complex list (NSA EBB 538)",https://nsarchive.gwu.edu/document/15800-09-urban-industrial-target-list-part-i,C294,601 9553 WU MING CHINA,DGZs=1; installations=2 (sub-complexes counted separately)
us_1956_sac_complexes,US (SAC),China,1956,study,1214,WU YUN CHINA,,urban-industrial complex,1,1214,,,49.2833,129.6667,"SAC Atomic Weapons Requirements Study for 1959 (June 1956), Part I complex list (NSA EBB 538)",https://nsarchive.gwu.edu/document/15800-09-urban-industrial-target-list-part-i,C294,1214 9570 WU YUN CHINA,DGZs=0; installations=2 (sub-complexes counted separately)
us_1956_sac_complexes,US (SAC),China,1956,study,520,YA AN CHINA,,urban-industrial complex,1,520,,,29.9833,103.0833,"SAC Atomic Weapons Requirements Study for 1959 (June 1956), Part I complex list (NSA EBB 538)",https://nsarchive.gwu.edu/document/15800-09-urban-industrial-target-list-part-i,C295,520 9590 YA AN CHINA,DGZs=1; installations=2 (sub-complexes counted separately)
us_1956_sac_complexes,US (SAC),USSR,1956,study,941,YAKUTSK,,urban-industrial complex,1,941,,,62.05,129.7167,"SAC Atomic Weapons Requirements Study for 1959 (June 1956), Part I complex list (NSA EBB 538)",https://nsarchive.gwu.edu/document/15800-09-urban-industrial-target-list-part-i,C295,941 9599 YAKUTSK,DGZs=0; installations=2 (sub-complexes counted separately)
us_1956_sac_complexes,US (SAC),USSR,1956,study,957,YALTA,,urban-industrial complex,1,957,,,44.4833,34.15,"SAC Atomic Weapons Requirements Study for 1959 (June 1956), Part I complex list (NSA EBB 538)",https://nsarchive.gwu.edu/document/15800-09-urban-industrial-target-list-part-i,C295,957 9600 YALTA,DGZs=1; installations=3 (sub-complexes counted separately)
us_1956_sac_complexes,US (SAC),Bulgaria,1956,study,699,YAMBOL BULG,,urban-industrial complex,1,699,,,42.4833,26.5333,"SAC Atomic Weapons Requirements Study for 1959 (June 1956), Part I complex list (NSA EBB 538)",https://nsarchive.gwu.edu/document/15800-09-urban-industrial-target-list-part-i,C295,699 9604 YAMBOL BULG,DGZs=1; installations=4 (sub-complexes counted separately)
us_1956_sac_complexes,US (SAC),USSR,1956,study,529,YANAUL,,urban-industrial complex,1,529,,,56.2333,54.9167,"SAC Atomic Weapons Requirements Study for 1959 (June 1956), Part I complex list (NSA EBB 538)",https://nsarchive.gwu.edu/document/15800-09-urban-industrial-target-list-part-i,C295,529 9607 YANAUL,DGZs=1; installations=3 (sub-complexes counted separately)
us_1956_sac_complexes,US (SAC),USSR,1956,study,1001,YANGI YUL,,urban-industrial complex,1,1001,,,41.0833,69.0167,"SAC Atomic Weapons Requirements Study for 1959 (June 1956), Part I complex list (NSA EBB 538)",https://nsarchive.gwu.edu/document/15800-09-urban-industrial-target-list-part-i,C295,1001 9610 YANGI YUL,DGZs=0; installations=3 (sub-complexes counted separately)
us_1956_sac_complexes,US (SAC),USSR,1956,study,942,YANISKOSKI,,urban-industrial complex,1,942,,,68.9667,28.7833,"SAC Atomic Weapons Requirements Study for 1959 (June 1956), Part I complex list (NSA EBB 538)",https://nsarchive.gwu.edu/document/15800-09-urban-industrial-target-list-part-i,C295,942 9620 YANISKOSKI,DGZs=0; installations=2 (sub-complexes counted separately)
us_1956_sac_complexes,US (SAC),USSR,1956,study,70,YAROSLAVL,,urban-industrial complex,1,70,,,57.6333,39.8833,"SAC Atomic Weapons Requirements Study for 1959 (June 1956), Part I complex list (NSA EBB 538)",https://nsarchive.gwu.edu/document/15800-09-urban-industrial-target-list-part-i,C296,70 9630 YAROSLAVL,DGZs=5; installations=23 (sub-complexes counted separately)
us_1956_sac_complexes,US (SAC),USSR,1956,study,1140,YEFIMOVSKIY,,urban-industrial complex,1,1140,,,59.5167,34.6833,"SAC Atomic Weapons Requirements Study for 1959 (June 1956), Part I complex list (NSA EBB 538)",https://nsarchive.gwu.edu/document/15800-09-urban-industrial-target-list-part-i,C296,1140 9649 YEFIMOVSKIY,DGZs=0; installations=2 (sub-complexes counted separately)
us_1956_sac_complexes,US (SAC),USSR,1956,study,382,YEFREMOV,,urban-industrial complex,1,382,,,53.15,38.1167,"SAC Atomic Weapons Requirements Study for 1959 (June 1956), Part I complex list (NSA EBB 538)",https://nsarchive.gwu.edu/document/15800-09-urban-industrial-target-list-part-i,C296,382 9650 YEFREMOV,DGZs=1; installations=4 (sub-complexes counted separately)
us_1956_sac_complexes,US (SAC),USSR,1956,study,691,YEGORYEVSK,,urban-industrial complex,1,691,,,55.3833,39.05,"SAC Atomic Weapons Requirements Study for 1959 (June 1956), Part I complex list (NSA EBB 538)",https://nsarchive.gwu.edu/document/15800-09-urban-industrial-target-list-part-i,C296,691 9660 YEGORYEVSK,DGZs=1; installations=2 (sub-complexes counted separately)
us_1956_sac_complexes,US (SAC),USSR,1956,study,495,YELETS,,urban-industrial complex,1,495,,,52.6,38.5,"SAC Atomic Weapons Requirements Study for 1959 (June 1956), Part I complex list (NSA EBB 538)",https://nsarchive.gwu.edu/document/15800-09-urban-industrial-target-list-part-i,C297,495 9670 YELETS,DGZs=1; installations=2 (sub-complexes counted separately)
us_1956_sac_complexes,US (SAC),USSR,1956,study,958,YELGAVA,,urban-industrial complex,1,958,,,56.6333,23.7,"SAC Atomic Weapons Requirements Study for 1959 (June 1956), Part I complex list (NSA EBB 538)",https://nsarchive.gwu.edu/document/15800-09-urban-industrial-target-list-part-i,C297,958 9671 YELGAVA,DGZs=0; installations=4 (sub-complexes counted separately)
us_1956_sac_complexes,US (SAC),China (Manchuria),1956,study,346,YEN CHI MANCH,,urban-industrial complex,1,346,,,42.9,129.5,"SAC Atomic Weapons Requirements Study for 1959 (June 1956), Part I complex list (NSA EBB 538)",https://nsarchive.gwu.edu/document/15800-09-urban-industrial-target-list-part-i,C297,346 9675 YEN CHI MANCH,DGZs=1; installations=3 (sub-complexes counted separately)
us_1956_sac_complexes,US (SAC),USSR,1956,study,1002,YEREMEN TAU,,urban-industrial complex,1,1002,,,51.5833,73.1667,"SAC Atomic Weapons Requirements Study for 1959 (June 1956), Part I complex list (NSA EBB 538)",https://nsarchive.gwu.edu/document/15800-09-urban-industrial-target-list-part-i,C297,1002 9688 YEREMEN TAU,DGZs=0; installations=2 (sub-complexes counted separately)
us_1956_sac_complexes,US (SAC),USSR,1956,study,101,YEREVAN,,urban-industrial complex,1,101,,,40.1833,44.5,"SAC Atomic Weapons Requirements Study for 1959 (June 1956), Part I complex list (NSA EBB 538)",https://nsarchive.gwu.edu/document/15800-09-urban-industrial-target-list-part-i,C297,101 9690 YEREVAN,DGZs=4; installations=21 (sub-complexes counted separately)
us_1956_sac_complexes,US (SAC),USSR,1956,study,654,YEROFEY PAVLOVICH,,urban-industrial complex,1,654,,,53.95,121.95,"SAC Atomic Weapons Requirements Study for 1959 (June 1956), Part I complex list (NSA EBB 538)",https://nsarchive.gwu.edu/document/15800-09-urban-industrial-target-list-part-i,C298,654 96943 YEROFEY PAVLOVICH,DGZs=1; installations=2 (sub-complexes counted separately)
us_1956_sac_complexes,US (SAC),USSR,1956,study,732,YERSHOVO,,urban-industrial complex,1,732,,,51.35,48.2667,"SAC Atomic Weapons Requirements Study for 1959 (June 1956), Part I complex list (NSA EBB 538)",https://nsarchive.gwu.edu/document/15800-09-urban-industrial-target-list-part-i,C298,732 96944 YERSHOVO,DGZs=1; installations=2 (sub-complexes counted separately)
us_1956_sac_complexes,US (SAC),USSR,1956,study,943,YEYSK,,urban-industrial complex,1,943,,,46.7,38.2833,"SAC Atomic Weapons Requirements Study for 1959 (June 1956), Part I complex list (NSA EBB 538)",https://nsarchive.gwu.edu/document/15800-09-urban-industrial-target-list-part-i,C298,943 9700 YEYSK,DGZs=1; installations=2 (sub-complexes counted separately)
us_1956_sac_complexes,US (SAC),China (Manchuria),1956,study,596,YING KOU MANCH,,urban-industrial complex,1,596,,,40.6667,122.2833,"SAC Atomic Weapons Requirements Study for 1959 (June 1956), Part I complex list (NSA EBB 538)",https://nsarchive.gwu.edu/document/15800-09-urban-industrial-target-list-part-i,C298,596 9705 YING KOU MANCH,DGZs=1; installations=6 (sub-complexes counted separately)
us_1956_sac_complexes,US (SAC),China,1956,study,829,YIN HSIEN CHINA,,urban-industrial complex,1,829,,,29.8833,121.55,"SAC Atomic Weapons Requirements Study for 1959 (June 1956), Part I complex list (NSA EBB 538)",https://nsarchive.gwu.edu/document/15800-09-urban-industrial-target-list-part-i,C298,829 9706 YIN HSIEN CHINA,DGZs=0; installations=2 (sub-complexes counted separately)
us_1956_sac_complexes,US (SAC),USSR,1956,study,844,YOKANGA,,urban-industrial complex,1,844,,,68.0167,39.6667,"SAC Atomic Weapons Requirements Study for 1959 (June 1956), Part I complex list (NSA EBB 538)",https://nsarchive.gwu.edu/document/15800-09-urban-industrial-target-list-part-i,C298,844 9707 YOKANGA,DGZs=0; installations=5 (sub-complexes counted separately)
us_1956_sac_complexes,US (SAC),USSR,1956,study,1096,YOSHKAR OLA,,urban-industrial complex,1,1096,,,56.6333,47.9167,"SAC Atomic Weapons Requirements Study for 1959 (June 1956), Part I complex list (NSA EBB 538)",https://nsarchive.gwu.edu/document/15800-09-urban-industrial-target-list-part-i,C299,1096 97103 YOSHKAR OLA,DGZs=0; installations=2 (sub-complexes counted separately)
us_1956_sac_complexes,US (SAC),USSR,1956,study,830,YUGO KAMSKIY,,urban-industrial complex,1,830,,,57.7,55.6167,"SAC Atomic Weapons Requirements Study for 1959 (June 1956), Part I complex list (NSA EBB 538)",https://nsarchive.gwu.edu/document/15800-09-urban-industrial-target-list-part-i,C299,830 97105 YUGO KAMSKIY,DGZs=0; installations=3 (sub-complexes counted separately)
us_1956_sac_complexes,US (SAC),China,1956,study,959,YU LIN CHINA,,urban-industrial complex,1,959,,,18.2167,109.5167,"SAC Atomic Weapons Requirements Study for 1959 (June 1956), Part I complex list (NSA EBB 538)",https://nsarchive.gwu.edu/document/15800-09-urban-industrial-target-list-part-i,C299,959 9711 YU LIN CHINA,DGZs=0; installations=6 (sub-complexes counted separately)
us_1956_sac_complexes,US (SAC),China,1956,study,786,YU MEN CHINA,,urban-industrial complex,1,786,,,40.2833,97.2,"SAC Atomic Weapons Requirements Study for 1959 (June 1956), Part I complex list (NSA EBB 538)",https://nsarchive.gwu.edu/document/15800-09-urban-industrial-target-list-part-i,C299,786 9715 YU MEN CHINA,DGZs=1; installations=3 (sub-complexes counted separately)
us_1956_sac_complexes,US (SAC),China,1956,study,899,YUN FOU CHINA,,urban-industrial complex,1,899,,,22.9333,112.0333,"SAC Atomic Weapons Requirements Study for 1959 (June 1956), Part I complex list (NSA EBB 538)",https://nsarchive.gwu.edu/document/15800-09-urban-industrial-target-list-part-i,C299,899 9725 YUN FOU CHINA,DGZs=0; installations=2 (sub-complexes counted separately)
us_1956_sac_complexes,US (SAC),USSR,1956,study,411,YURGA,,urban-industrial complex,1,411,,,55.7167,84.85,"SAC Atomic Weapons Requirements Study for 1959 (June 1956), Part I complex list (NSA EBB 538)",https://nsarchive.gwu.edu/document/15800-09-urban-industrial-target-list-part-i,C299,411 9730 YURGA,DGZs=1; installations=3 (sub-complexes counted separately)
us_1956_sac_complexes,US (SAC),USSR,1956,study,1043,YURYEV POLSKIY,,urban-industrial complex,1,1043,,,56.5,39.6833,"SAC Atomic Weapons Requirements Study for 1959 (June 1956), Part I complex list (NSA EBB 538)",https://nsarchive.gwu.edu/document/15800-09-urban-industrial-target-list-part-i,C299,1043 9733 YURYEV POLSKIY,DGZs=0; installations=2 (sub-complexes counted separately)
us_1956_sac_complexes,US (SAC),USSR,1956,study,82,YUZHNO SAKHALINSK,,urban-industrial complex,1,82,,,46.95,142.7333,"SAC Atomic Weapons Requirements Study for 1959 (June 1956), Part I complex list (NSA EBB 538)",https://nsarchive.gwu.edu/document/15800-09-urban-industrial-target-list-part-i,C300,82 9740 YUZHNO SAKHALINSK,DGZs=1; installations=8 (sub-complexes counted separately)
us_1956_sac_complexes,US (SAC),USSR,1956,study,273,ZAGORSK,,urban-industrial complex,1,273,,,56.3,38.1333,"SAC Atomic Weapons Requirements Study for 1959 (June 1956), Part I complex list (NSA EBB 538)",https://nsarchive.gwu.edu/document/15800-09-urban-industrial-target-list-part-i,C300,273 9780 ZAGORSK,DGZs=1; installations=6 (sub-complexes counted separately)
us_1956_sac_complexes,US (SAC),Hungary,1956,study,864,ZALAEGERSZEG HUNG,,urban-industrial complex,1,864,,,46.8333,16.8333,"SAC Atomic Weapons Requirements Study for 1959 (June 1956), Part I complex list (NSA EBB 538)",https://nsarchive.gwu.edu/document/15800-09-urban-industrial-target-list-part-i,C300,864 9788 ZALAEGERSZEG HUNG,DGZs=1; installations=4 (sub-complexes counted separately)
us_1956_sac_complexes,US (SAC),Poland,1956,study,1141,ZAMBROW POL,,urban-industrial complex,1,1141,,,52.9833,22.25,"SAC Atomic Weapons Requirements Study for 1959 (June 1956), Part I complex list (NSA EBB 538)",https://nsarchive.gwu.edu/document/15800-09-urban-industrial-target-list-part-i,C300,1141 9795 ZAMBROW POL,DGZs=0; installations=2 (sub-complexes counted separately)
us_1956_sac_complexes,US (SAC),Poland,1956,study,1097,ZAMOSC POL,,urban-industrial complex,1,1097,,,50.7167,23.25,"SAC Atomic Weapons Requirements Study for 1959 (June 1956), Part I complex list (NSA EBB 538)",https://nsarchive.gwu.edu/document/15800-09-urban-industrial-target-list-part-i,C300,1097 9797 ZAMOSC POL,DGZs=0; installations=3 (sub-complexes counted separately)
us_1956_sac_complexes,US (SAC),USSR,1956,study,39,ZAPOROZHYE,,urban-industrial complex,1,39,,,47.8333,35.1333,"SAC Atomic Weapons Requirements Study for 1959 (June 1956), Part I complex list (NSA EBB 538)",https://nsarchive.gwu.edu/document/15800-09-urban-industrial-target-list-part-i,C300,39 9800 ZAPOROZHYE,DGZs=3; installations=35 (sub-complexes counted separately)
us_1956_sac_complexes,US (SAC),USSR,1956,study,1098,ZAVITAYA,,urban-industrial complex,1,1098,,,50.1,129.45,"SAC Atomic Weapons Requirements Study for 1959 (June 1956), Part I complex list (NSA EBB 538)",https://nsarchive.gwu.edu/document/15800-09-urban-industrial-target-list-part-i,C301,1098 98025 ZAVITAYA,DGZs=0; installations=3 (sub-complexes counted separately)
us_1956_sac_complexes,US (SAC),USSR,1956,study,951,ZAYARSK,,urban-industrial complex,1,951,,,56.25,102.9667,"SAC Atomic Weapons Requirements Study for 1959 (June 1956), Part I complex list (NSA EBB 538)",https://nsarchive.gwu.edu/document/15800-09-urban-industrial-target-list-part-i,C301,951 9807 ZAYARSK,DGZs=0; installations=2 (sub-complexes counted separately)
us_1956_sac_complexes,US (SAC),Poland,1956,study,496,ZDUNSKA WOLA POL,,urban-industrial complex,1,496,,,51.5667,19.0167,"SAC Atomic Weapons Requirements Study for 1959 (June 1956), Part I complex list (NSA EBB 538)",https://nsarchive.gwu.edu/document/15800-09-urban-industrial-target-list-part-i,C301,496 9833 ZDUNSKA WOLA POL,DGZs=0; installations=2 (sub-complexes counted separately)
us_1956_sac_complexes,US (SAC),USSR,1956,study,488,ZELENODOLSK,,urban-industrial complex,1,488,,,55.8333,48.4833,"SAC Atomic Weapons Requirements Study for 1959 (June 1956), Part I complex list (NSA EBB 538)",https://nsarchive.gwu.edu/document/15800-09-urban-industrial-target-list-part-i,C301,488 9860 ZELENODOLSK,DGZs=1; installations=8 (sub-complexes counted separately)
us_1956_sac_complexes,US (SAC),East Germany,1956,study,1003,ZERBST E GER,,urban-industrial complex,1,1003,,,51.9667,12.0833,"SAC Atomic Weapons Requirements Study for 1959 (June 1956), Part I complex list (NSA EBB 538)",https://nsarchive.gwu.edu/document/15800-09-urban-industrial-target-list-part-i,C302,1003 9875 ZERBST E GER,DGZs=0; installations=3 (sub-complexes counted separately)
us_1956_sac_complexes,US (SAC),USSR,1956,study,212,ZESTAFONI,,urban-industrial complex,1,212,,,42.1167,43.0333,"SAC Atomic Weapons Requirements Study for 1959 (June 1956), Part I complex list (NSA EBB 538)",https://nsarchive.gwu.edu/document/15800-09-urban-industrial-target-list-part-i,C302,212 9880 ZESTAFONI,DGZs=1; installations=2 (sub-complexes counted separately)
us_1956_sac_complexes,US (SAC),USSR,1956,study,165,ZHDANOV,,urban-industrial complex,1,165,,,47.1,37.55,"SAC Atomic Weapons Requirements Study for 1959 (June 1956), Part I complex list (NSA EBB 538)",https://nsarchive.gwu.edu/document/15800-09-urban-industrial-target-list-part-i,C302,165 9890 ZHDANOV,DGZs=3; installations=22 (sub-complexes counted separately)
us_1956_sac_complexes,US (SAC),USSR,1956,study,542,ZHITOMIR,,urban-industrial complex,1,542,,,50.2667,28.6667,"SAC Atomic Weapons Requirements Study for 1959 (June 1956), Part I complex list (NSA EBB 538)",https://nsarchive.gwu.edu/document/15800-09-urban-industrial-target-list-part-i,C303,542 9892 ZHITOMIR,DGZs=1; installations=4 (sub-complexes counted separately)
us_1956_sac_complexes,US (SAC),USSR,1956,study,591,ZHLOBIN,,urban-industrial complex,1,591,,,52.8833,30.0167,"SAC Atomic Weapons Requirements Study for 1959 (June 1956), Part I complex list (NSA EBB 538)",https://nsarchive.gwu.edu/document/15800-09-urban-industrial-target-list-part-i,C303,591 9896 ZHLOBIN,DGZs=1; installations=2 (sub-complexes counted separately)
us_1956_sac_complexes,US (SAC),USSR,1956,study,423,ZHMERINKA,,urban-industrial complex,1,423,,,49.0667,28.1167,"SAC Atomic Weapons Requirements Study for 1959 (June 1956), Part I complex list (NSA EBB 538)",https://nsarchive.gwu.edu/document/15800-09-urban-industrial-target-list-part-i,C303,423 9900 ZHMERINKA,DGZs=1; installations=3 (sub-complexes counted separately)
us_1956_sac_complexes,US (SAC),Poland,1956,study,1215,ZIELENZIG POL,,urban-industrial complex,1,1215,,,52.45,15.1333,"SAC Atomic Weapons Requirements Study for 1959 (June 1956), Part I complex list (NSA EBB 538)",https://nsarchive.gwu.edu/document/15800-09-urban-industrial-target-list-part-i,C303,1215 9908 ZIELENZIG POL,DGZs=0; installations=2 (sub-complexes counted separately)
us_1956_sac_complexes,US (SAC),USSR,1956,study,1216,ZIGAZINSKIY,,urban-industrial complex,1,1216,,,53.8333,57.3333,"SAC Atomic Weapons Requirements Study for 1959 (June 1956), Part I complex list (NSA EBB 538)",https://nsarchive.gwu.edu/document/15800-09-urban-industrial-target-list-part-i,C303,1216 9910 ZIGAZINSKIY,DGZs=0; installations=2 (sub-complexes counted separately)
us_1956_sac_complexes,US (SAC),Czechoslovakia,1956,study,159,ZILINA CZECH,,urban-industrial complex,1,159,,,49.2167,18.7333,"SAC Atomic Weapons Requirements Study for 1959 (June 1956), Part I complex list (NSA EBB 538)",https://nsarchive.gwu.edu/document/15800-09-urban-industrial-target-list-part-i,C303,159 9915 ZILINA CZECH,DGZs=1; installations=5 (sub-complexes counted separately)
us_1956_sac_complexes,US (SAC),USSR,1956,study,1004,ZILUPE,,urban-industrial complex,1,1004,,,56.3833,28.1167,"SAC Atomic Weapons Requirements Study for 1959 (June 1956), Part I complex list (NSA EBB 538)",https://nsarchive.gwu.edu/document/15800-09-urban-industrial-target-list-part-i,C304,1004 9923 ZILUPE,DGZs=0; installations=2 (sub-complexes counted separately)
us_1956_sac_complexes,US (SAC),USSR,1956,study,655,ZIMA,,urban-industrial complex,1,655,,,53.9167,102.05,"SAC Atomic Weapons Requirements Study for 1959 (June 1956), Part I complex list (NSA EBB 538)",https://nsarchive.gwu.edu/document/15800-09-urban-industrial-target-list-part-i,C304,655 9924 ZIMA,DGZs=1; installations=2 (sub-complexes counted separately)
us_1956_sac_complexes,US (SAC),USSR,1956,study,1142,ZIMOVNIKI,,urban-industrial complex,1,1142,,,47.15,42.4667,"SAC Atomic Weapons Requirements Study for 1959 (June 1956), Part I complex list (NSA EBB 538)",https://nsarchive.gwu.edu/document/15800-09-urban-industrial-target-list-part-i,C304,1142 99247 ZIMOVNIKI,DGZs=0; installations=2 (sub-complexes counted separately)
us_1956_sac_complexes,US (SAC),Bulgaria,1956,study,1143,ZLATINITSA BULG,,urban-industrial complex,1,1143,,,42.1667,26.7167,"SAC Atomic Weapons Requirements Study for 1959 (June 1956), Part I complex list (NSA EBB 538)",https://nsarchive.gwu.edu/document/15800-09-urban-industrial-target-list-part-i,C304,1143 9930 ZLATINITSA BULG,DGZs=0; installations=3 (sub-complexes counted separately)
us_1956_sac_complexes,US (SAC),USSR,1956,study,234,ZLATOUST,,urban-industrial complex,1,234,,,55.1667,59.6667,"SAC Atomic Weapons Requirements Study for 1959 (June 1956), Part I complex list (NSA EBB 538)",https://nsarchive.gwu.edu/document/15800-09-urban-industrial-target-list-part-i,C304,234 9940 ZLATOUST,DGZs=1; installations=11 (sub-complexes counted separately)
us_1956_sac_complexes,US (SAC),USSR,1956,study,327,ZNAMENKA,,urban-industrial complex,1,327,,,48.7,32.6667,"SAC Atomic Weapons Requirements Study for 1959 (June 1956), Part I complex list (NSA EBB 538)",https://nsarchive.gwu.edu/document/15800-09-urban-industrial-target-list-part-i,C304,327 9950 ZNAMENKA,DGZs=1; installations=2 (sub-complexes counted separately)
us_1956_sac_complexes,US (SAC),Czechoslovakia,1956,study,862,ZNOJMO CZECH,,urban-industrial complex,1,862,,,48.8333,16.05,"SAC Atomic Weapons Requirements Study for 1959 (June 1956), Part I complex list (NSA EBB 538)",https://nsarchive.gwu.edu/document/15800-09-urban-industrial-target-list-part-i,C305,862 99505 ZNOJMO CZECH,DGZs=0; installations=4 (sub-complexes counted separately)
us_1956_sac_complexes,US (SAC),East Germany,1956,study,437,ZOSSEN WUNSDORF E GER,,urban-industrial complex,1,437,,,52.1667,13.4667,"SAC Atomic Weapons Requirements Study for 1959 (June 1956), Part I complex list (NSA EBB 538)",https://nsarchive.gwu.edu/document/15800-09-urban-industrial-target-list-part-i,C305,437 9951 ZOSSEN WUNSDORF E GER,DGZs=0; installations=7 (sub-complexes counted separately)
us_1956_sac_complexes,US (SAC),USSR,1956,study,914,ZVENIGOROD,,urban-industrial complex,1,914,,,55.7333,36.8333,"SAC Atomic Weapons Requirements Study for 1959 (June 1956), Part I complex list (NSA EBB 538)",https://nsarchive.gwu.edu/document/15800-09-urban-industrial-target-list-part-i,C305,914 9963 ZVENIGOROD,DGZs=0; installations=2 (sub-complexes counted separately)
us_1956_sac_complexes,US (SAC),East Germany,1956,study,198,ZWICKAU E GER,,urban-industrial complex,1,198,,,50.7333,12.5,"SAC Atomic Weapons Requirements Study for 1959 (June 1956), Part I complex list (NSA EBB 538)",https://nsarchive.gwu.edu/document/15800-09-urban-industrial-target-list-part-i,C305,198 9965 ZWICKAU E GER,DGZs=1; installations=12 (sub-complexes counted separately)
us_1956_sac_complexes,US (SAC),Poland,1956,study,328,ZYCHLIN POL,,urban-industrial complex,1,328,,,52.25,19.6167,"SAC Atomic Weapons Requirements Study for 1959 (June 1956), Part I complex list (NSA EBB 538)",https://nsarchive.gwu.edu/document/15800-09-urban-industrial-target-list-part-i,C306,328 9975 ZYCHLIN POL,DGZs=0; installations=3 (sub-complexes counted separately)
