plan_id,region,place_id,country,n_targets,listed,population rule,"logistic, common","LightGBM, common","LightGBM, common + military"
wp_1961_burza,wp_west_1965,wp_west_1965:Denmark:0,Denmark,0,0,0.9777,0.8977,0.9356,0.9137
wp_1961_burza,wp_west_1965,wp_west_1965:Denmark:1,Denmark,0,0,0.8349,0.7579,0.7563,0.7024
wp_1961_burza,wp_west_1965,wp_west_1965:Denmark:2,Denmark,0,0,0.7889,0.7693,0.4306,0.3876
wp_1961_burza,wp_west_1965,wp_west_1965:Denmark:3,Denmark,0,0,0.3993,0.1337,0.0669,0.0387
wp_1961_burza,wp_west_1965,wp_west_1965:Denmark:4,Denmark,0,0,0.7218,0.5508,0.2972,0.2276
wp_1961_burza,wp_west_1965,wp_west_1965:Denmark:5,Denmark,0,0,0.4207,0.1615,0.0532,0.0352
wp_1961_burza,wp_west_1965,wp_west_1965:Denmark:6,Denmark,0,0,0.4143,0.2546,0.0543,0.0407
wp_1961_burza,wp_west_1965,wp_west_1965:Denmark:7,Denmark,0,0,0.5847,0.3283,0.1616,0.1131
wp_1961_burza,wp_west_1965,wp_west_1965:Denmark:8,Denmark,0,0,0.7182,0.7000,0.3080,0.2348
wp_1961_burza,wp_west_1965,wp_west_1965:Denmark:9,Denmark,0,0,0.5915,0.3785,0.0982,0.0842
wp_1961_burza,wp_west_1965,wp_west_1965:Denmark:10,Denmark,0,0,0.4698,0.2732,0.1293,0.1112
wp_1961_burza,wp_west_1965,wp_west_1965:Denmark:11,Denmark,0,0,0.6144,0.1962,0.0688,0.0421
wp_1961_burza,wp_west_1965,wp_west_1965:Denmark:12,Denmark,0,0,0.3899,0.2283,0.0600,0.0438
wp_1961_burza,wp_west_1965,wp_west_1965:Denmark:13,Denmark,0,0,0.2806,0.1025,0.2165,0.0813
wp_1961_burza,wp_west_1965,wp_west_1965:Denmark:14,Denmark,0,0,0.3159,0.1617,0.1164,0.0771
wp_1961_burza,wp_west_1965,wp_west_1965:Denmark:15,Denmark,0,0,0.2722,0.0811,0.1275,0.0531
wp_1961_burza,wp_west_1965,wp_west_1965:Denmark:16,Denmark,0,0,0.6963,0.8131,0.9045,0.8862
wp_1961_burza,wp_west_1965,wp_west_1965:Denmark:17,Denmark,0,0,0.5118,0.6337,0.6625,0.6099
wp_1961_burza,wp_west_1965,wp_west_1965:Denmark:18,Denmark,0,0,0.4295,0.7373,0.8637,0.7164
wp_1961_burza,wp_west_1965,wp_west_1965:Denmark:19,Denmark,0,0,0.3948,0.2887,0.1417,0.0978
wp_1961_burza,wp_west_1965,wp_west_1965:Denmark:20,Denmark,0,0,0.5377,0.7615,0.8529,0.8319
wp_1961_burza,wp_west_1965,wp_west_1965:Denmark:21,Denmark,0,0,0.4572,0.7166,0.7687,0.6872
wp_1961_burza,wp_west_1965,wp_west_1965:Denmark:22,Denmark,0,0,0.3688,0.6588,0.2293,0.1764
wp_1961_burza,wp_west_1965,wp_west_1965:Denmark:23,Denmark,0,0,0.3517,0.7772,0.7491,0.6455
wp_1961_burza,wp_west_1965,wp_west_1965:Denmark:24,Denmark,0,0,0.3387,0.3806,0.4725,0.2472
wp_1961_burza,wp_west_1965,wp_west_1965:Denmark:25,Denmark,0,0,0.3794,0.4985,0.4309,0.3056
wp_1961_burza,wp_west_1965,wp_west_1965:Denmark:26,Denmark,0,0,0.5974,0.6600,0.7076,0.5619
wp_1961_burza,wp_west_1965,wp_west_1965:Denmark:27,Denmark,0,0,0.2324,0.2088,0.4477,0.1867
wp_1961_burza,wp_west_1965,wp_west_1965:Denmark:28,Denmark,0,0,0.5709,0.6239,0.4858,0.4448
wp_1961_burza,wp_west_1965,wp_west_1965:Denmark:29,Denmark,0,0,0.3061,0.2386,0.5313,0.3970
wp_1961_burza,wp_west_1965,wp_west_1965:Denmark:30,Denmark,1,1,0.2837,0.1852,0.4987,0.2813
wp_1961_burza,wp_west_1965,wp_west_1965:Denmark:31,Denmark,0,0,0.2591,0.2169,0.4249,0.2418
wp_1961_burza,wp_west_1965,wp_west_1965:Denmark:32,Denmark,0,0,0.3502,0.3257,0.4347,0.3035
wp_1961_burza,wp_west_1965,wp_west_1965:Denmark:33,Denmark,0,0,0.2901,0.4340,0.7201,0.5442
wp_1961_burza,wp_west_1965,wp_west_1965:Denmark:34,Denmark,0,0,0.4031,0.8427,0.8252,0.7567
wp_1961_burza,wp_west_1965,wp_west_1965:Denmark:35,Denmark,0,0,0.4806,0.5700,0.7908,0.6936
wp_1961_burza,wp_west_1965,wp_west_1965:Denmark:36,Denmark,0,0,0.4308,0.4626,0.5685,0.3918
wp_1961_burza,wp_west_1965,wp_west_1965:Denmark:37,Denmark,0,0,0.8545,0.9747,0.9809,0.9663
wp_1961_burza,wp_west_1965,wp_west_1965:Denmark:38,Denmark,0,0,0.6810,0.9059,0.8461,0.7435
wp_1961_burza,wp_west_1965,wp_west_1965:Denmark:39,Denmark,0,0,0.2389,0.3219,0.4217,0.2318
wp_1961_burza,wp_west_1965,wp_west_1965:Denmark:40,Denmark,1,1,0.5413,0.4879,0.4619,0.3719
wp_1961_burza,wp_west_1965,wp_west_1965:Denmark:41,Denmark,0,0,0.3124,0.1828,0.3056,0.2580
wp_1961_burza,wp_west_1965,wp_west_1965:Denmark:42,Denmark,0,0,0.4579,0.5180,0.3465,0.2989
wp_1961_burza,wp_west_1965,wp_west_1965:Denmark:43,Denmark,0,0,0.2331,0.2231,0.4034,0.2288
wp_1961_burza,wp_west_1965,wp_west_1965:Denmark:44,Denmark,0,0,0.3279,0.2443,0.3287,0.1908
wp_1961_burza,wp_west_1965,wp_west_1965:Denmark:45,Denmark,0,0,0.4393,0.3839,0.4524,0.2820
wp_1961_burza,wp_west_1965,wp_west_1965:Denmark:46,Denmark,0,0,0.4507,0.7289,0.6706,0.5150
wp_1961_burza,wp_west_1965,wp_west_1965:Denmark:47,Denmark,0,0,0.4099,0.7304,0.5839,0.3625
wp_1961_burza,wp_west_1965,wp_west_1965:Denmark:48,Denmark,0,0,0.2326,0.3932,0.4035,0.2159
wp_1961_burza,wp_west_1965,wp_west_1965:Denmark:49,Denmark,0,0,0.5926,0.8679,0.8863,0.8283
wp_1961_burza,wp_west_1965,wp_west_1965:Denmark:50,Denmark,0,0,0.4521,0.6354,0.3464,0.2879
wp_1961_burza,wp_west_1965,wp_west_1965:Denmark:51,Denmark,0,0,0.2604,0.2011,0.4050,0.1614
wp_1961_burza,wp_west_1965,wp_west_1965:Denmark:52,Denmark,0,0,0.3051,0.1429,0.2469,0.1056
wp_1961_burza,wp_west_1965,wp_west_1965:Denmark:53,Denmark,0,0,0.8055,0.8850,0.8987,0.8414
wp_1961_burza,wp_west_1965,wp_west_1965:Denmark:54,Denmark,0,0,0.8942,0.9673,0.9899,0.9753
wp_1961_burza,wp_west_1965,wp_west_1965:Netherlands:0,Netherlands,0,0,0.9819,0.9421,0.8721,0.8561
wp_1961_burza,wp_west_1965,wp_west_1965:Netherlands:1,Netherlands,0,0,0.9780,0.9674,0.8636,0.8277
wp_1961_burza,wp_west_1965,wp_west_1965:Netherlands:2,Netherlands,0,0,0.9727,0.9737,0.9437,0.9145
wp_1961_burza,wp_west_1965,wp_west_1965:Netherlands:3,Netherlands,0,0,0.9283,0.9847,0.9442,0.9120
wp_1961_burza,wp_west_1965,wp_west_1965:Netherlands:4,Netherlands,0,0,0.8890,0.9116,0.8527,0.8234
wp_1961_burza,wp_west_1965,wp_west_1965:Netherlands:5,Netherlands,0,0,0.8879,0.8937,0.9425,0.9131
wp_1961_burza,wp_west_1965,wp_west_1965:Netherlands:6,Netherlands,0,0,0.8699,0.9648,0.9688,0.9445
wp_1961_burza,wp_west_1965,wp_west_1965:Netherlands:7,Netherlands,0,0,0.8628,0.7959,0.9274,0.8611
wp_1961_burza,wp_west_1965,wp_west_1965:Netherlands:8,Netherlands,0,0,0.8550,0.8970,0.9008,0.8516
wp_1961_burza,wp_west_1965,wp_west_1965:Netherlands:9,Netherlands,0,0,0.8484,0.9651,0.9511,0.9021
wp_1961_burza,wp_west_1965,wp_west_1965:Netherlands:10,Netherlands,0,0,0.8482,0.7554,0.7341,0.8194
wp_1961_burza,wp_west_1965,wp_west_1965:Netherlands:11,Netherlands,0,0,0.8253,0.7531,0.7785,0.7495
wp_1961_burza,wp_west_1965,wp_west_1965:Netherlands:12,Netherlands,0,0,0.8184,0.7803,0.7109,0.6363
wp_1961_burza,wp_west_1965,wp_west_1965:Netherlands:13,Netherlands,0,0,0.8144,0.7201,0.6368,0.4841
wp_1961_burza,wp_west_1965,wp_west_1965:Netherlands:14,Netherlands,0,0,0.8058,0.5353,0.4380,0.3299
wp_1961_burza,wp_west_1965,wp_west_1965:Netherlands:15,Netherlands,0,0,0.7939,0.8871,0.7945,0.7779
wp_1961_burza,wp_west_1965,wp_west_1965:Netherlands:16,Netherlands,0,0,0.7763,0.7215,0.5533,0.5058
wp_1961_burza,wp_west_1965,wp_west_1965:Netherlands:17,Netherlands,0,0,0.7747,0.6680,0.2752,0.2851
wp_1961_burza,wp_west_1965,wp_west_1965:Netherlands:18,Netherlands,0,0,0.7697,0.7819,0.3249,0.2791
wp_1961_burza,wp_west_1965,wp_west_1965:Netherlands:19,Netherlands,0,0,0.7526,0.4758,0.1282,0.1198
wp_1961_burza,wp_west_1965,wp_west_1965:Netherlands:20,Netherlands,0,0,0.7462,0.9026,0.6763,0.6249
wp_1961_burza,wp_west_1965,wp_west_1965:Netherlands:21,Netherlands,0,0,0.7461,0.8622,0.6877,0.7399
wp_1961_burza,wp_west_1965,wp_west_1965:Netherlands:22,Netherlands,0,0,0.7414,0.8734,0.7873,0.6329
wp_1961_burza,wp_west_1965,wp_west_1965:Netherlands:23,Netherlands,0,0,0.7348,0.7091,0.2380,0.2024
wp_1961_burza,wp_west_1965,wp_west_1965:Netherlands:24,Netherlands,0,0,0.7276,0.2416,0.2893,0.1816
wp_1961_burza,wp_west_1965,wp_west_1965:Netherlands:25,Netherlands,0,0,0.7210,0.4158,0.1272,0.0811
wp_1961_burza,wp_west_1965,wp_west_1965:Netherlands:26,Netherlands,0,0,0.7083,0.5543,0.4904,0.4744
wp_1961_burza,wp_west_1965,wp_west_1965:Netherlands:27,Netherlands,0,0,0.6881,0.6248,0.6309,0.4588
wp_1961_burza,wp_west_1965,wp_west_1965:Netherlands:28,Netherlands,0,0,0.6875,0.7561,0.7828,0.6974
wp_1961_burza,wp_west_1965,wp_west_1965:Netherlands:29,Netherlands,0,0,0.6857,0.8441,0.8524,0.7618
wp_1961_burza,wp_west_1965,wp_west_1965:Netherlands:30,Netherlands,0,0,0.6808,0.8723,0.9150,0.8812
wp_1961_burza,wp_west_1965,wp_west_1965:Netherlands:31,Netherlands,0,0,0.6657,0.4164,0.1851,0.1335
wp_1961_burza,wp_west_1965,wp_west_1965:Netherlands:32,Netherlands,0,0,0.6613,0.3341,0.3286,0.2486
wp_1961_burza,wp_west_1965,wp_west_1965:Netherlands:33,Netherlands,0,0,0.6540,0.4245,0.0786,0.0411
wp_1961_burza,wp_west_1965,wp_west_1965:Netherlands:34,Netherlands,0,0,0.6529,0.7907,0.7133,0.7342
wp_1961_burza,wp_west_1965,wp_west_1965:Netherlands:35,Netherlands,0,0,0.6522,0.5112,0.5232,0.3674
wp_1961_burza,wp_west_1965,wp_west_1965:Netherlands:36,Netherlands,0,0,0.6235,0.5715,0.4541,0.2784
wp_1961_burza,wp_west_1965,wp_west_1965:Netherlands:37,Netherlands,0,0,0.6223,0.1491,0.0542,0.0237
wp_1961_burza,wp_west_1965,wp_west_1965:Netherlands:38,Netherlands,0,0,0.6203,0.4393,0.3504,0.2056
wp_1961_burza,wp_west_1965,wp_west_1965:Netherlands:39,Netherlands,0,0,0.6179,0.4423,0.2487,0.1651
wp_1961_burza,wp_west_1965,wp_west_1965:Netherlands:40,Netherlands,0,0,0.6172,0.3695,0.4974,0.2767
wp_1961_burza,wp_west_1965,wp_west_1965:Netherlands:41,Netherlands,0,0,0.6074,0.1441,0.0483,0.0206
wp_1961_burza,wp_west_1965,wp_west_1965:Netherlands:42,Netherlands,0,0,0.5941,0.2945,0.1468,0.0673
wp_1961_burza,wp_west_1965,wp_west_1965:Netherlands:43,Netherlands,0,0,0.5843,0.5136,0.4148,0.2262
wp_1961_burza,wp_west_1965,wp_west_1965:Netherlands:44,Netherlands,0,0,0.5843,0.6487,0.6681,0.5492
wp_1961_burza,wp_west_1965,wp_west_1965:Netherlands:45,Netherlands,0,0,0.5804,0.5332,0.4107,0.2200
wp_1961_burza,wp_west_1965,wp_west_1965:Netherlands:46,Netherlands,0,0,0.5651,0.2699,0.1198,0.0571
wp_1961_burza,wp_west_1965,wp_west_1965:Netherlands:47,Netherlands,0,0,0.5595,0.3811,0.6342,0.4211
wp_1961_burza,wp_west_1965,wp_west_1965:Netherlands:48,Netherlands,0,0,0.5530,0.5753,0.6154,0.4976
wp_1961_burza,wp_west_1965,wp_west_1965:Netherlands:49,Netherlands,0,0,0.5238,0.6298,0.4934,0.4359
wp_1961_burza,wp_west_1965,wp_west_1965:Netherlands:50,Netherlands,0,0,0.5183,0.5808,0.4336,0.3707
wp_1961_burza,wp_west_1965,wp_west_1965:Netherlands:51,Netherlands,0,0,0.5140,0.4362,0.4383,0.2329
wp_1961_burza,wp_west_1965,wp_west_1965:Netherlands:52,Netherlands,0,0,0.5088,0.1591,0.1633,0.0653
wp_1961_burza,wp_west_1965,wp_west_1965:Netherlands:53,Netherlands,0,0,0.5067,0.3124,0.5658,0.4093
wp_1961_burza,wp_west_1965,wp_west_1965:Netherlands:54,Netherlands,0,0,0.5043,0.4999,0.4210,0.2732
wp_1961_burza,wp_west_1965,wp_west_1965:Netherlands:55,Netherlands,0,0,0.5041,0.2421,0.2221,0.1178
wp_1961_burza,wp_west_1965,wp_west_1965:Netherlands:56,Netherlands,0,0,0.4985,0.0835,0.0522,0.0358
wp_1961_burza,wp_west_1965,wp_west_1965:Netherlands:57,Netherlands,0,0,0.4967,0.3072,0.1176,0.0527
wp_1961_burza,wp_west_1965,wp_west_1965:Netherlands:58,Netherlands,0,0,0.4965,0.3888,0.4059,0.2552
wp_1961_burza,wp_west_1965,wp_west_1965:Netherlands:59,Netherlands,0,0,0.4965,0.2909,0.2630,0.2049
wp_1961_burza,wp_west_1965,wp_west_1965:Netherlands:60,Netherlands,0,0,0.4950,0.2171,0.1188,0.0641
wp_1961_burza,wp_west_1965,wp_west_1965:Netherlands:61,Netherlands,0,0,0.4832,0.1021,0.0708,0.0484
wp_1961_burza,wp_west_1965,wp_west_1965:Netherlands:62,Netherlands,0,0,0.4756,0.1446,0.0709,0.0555
wp_1961_burza,wp_west_1965,wp_west_1965:Netherlands:63,Netherlands,0,0,0.4717,0.0928,0.0851,0.0400
wp_1961_burza,wp_west_1965,wp_west_1965:Netherlands:64,Netherlands,0,0,0.4703,0.2876,0.1525,0.1095
wp_1961_burza,wp_west_1965,wp_west_1965:Netherlands:65,Netherlands,0,0,0.4700,0.3167,0.1242,0.0760
wp_1961_burza,wp_west_1965,wp_west_1965:Netherlands:66,Netherlands,0,0,0.4628,0.3961,0.4615,0.2647
wp_1961_burza,wp_west_1965,wp_west_1965:Netherlands:67,Netherlands,0,0,0.4625,0.2537,0.2266,0.1530
wp_1961_burza,wp_west_1965,wp_west_1965:Netherlands:68,Netherlands,0,0,0.4620,0.1609,0.0689,0.0286
wp_1961_burza,wp_west_1965,wp_west_1965:Netherlands:69,Netherlands,0,0,0.4603,0.2259,0.2498,0.1662
wp_1961_burza,wp_west_1965,wp_west_1965:Netherlands:70,Netherlands,0,0,0.4599,0.1094,0.0739,0.0356
wp_1961_burza,wp_west_1965,wp_west_1965:Netherlands:71,Netherlands,0,0,0.4577,0.0674,0.0628,0.0604
wp_1961_burza,wp_west_1965,wp_west_1965:Netherlands:72,Netherlands,0,0,0.4541,0.1197,0.0768,0.0271
wp_1961_burza,wp_west_1965,wp_west_1965:Netherlands:73,Netherlands,0,0,0.4529,0.2656,0.1688,0.1088
wp_1961_burza,wp_west_1965,wp_west_1965:Netherlands:74,Netherlands,0,0,0.4526,0.2221,0.1397,0.0623
wp_1961_burza,wp_west_1965,wp_west_1965:Netherlands:75,Netherlands,0,0,0.4523,0.2235,0.0646,0.0458
wp_1961_burza,wp_west_1965,wp_west_1965:Netherlands:76,Netherlands,0,0,0.4440,0.2224,0.2054,0.1408
wp_1961_burza,wp_west_1965,wp_west_1965:Netherlands:77,Netherlands,0,0,0.4412,0.3136,0.2197,0.1276
wp_1961_burza,wp_west_1965,wp_west_1965:Netherlands:78,Netherlands,0,0,0.4345,0.1047,0.0729,0.0462
wp_1961_burza,wp_west_1965,wp_west_1965:Netherlands:79,Netherlands,0,0,0.4322,0.1400,0.2633,0.1258
wp_1961_burza,wp_west_1965,wp_west_1965:Netherlands:80,Netherlands,0,0,0.4316,0.4282,0.3674,0.1695
wp_1961_burza,wp_west_1965,wp_west_1965:Netherlands:81,Netherlands,0,0,0.4291,0.0767,0.0587,0.0280
wp_1961_burza,wp_west_1965,wp_west_1965:Netherlands:82,Netherlands,0,0,0.4280,0.4289,0.5876,0.3714
wp_1961_burza,wp_west_1965,wp_west_1965:Netherlands:83,Netherlands,0,0,0.4226,0.0789,0.0664,0.0458
wp_1961_burza,wp_west_1965,wp_west_1965:Netherlands:84,Netherlands,0,0,0.4185,0.4390,0.1976,0.1242
wp_1961_burza,wp_west_1965,wp_west_1965:Netherlands:85,Netherlands,0,0,0.4156,0.2912,0.1248,0.0659
wp_1961_burza,wp_west_1965,wp_west_1965:Netherlands:86,Netherlands,0,0,0.4143,0.2764,0.2203,0.1069
wp_1961_burza,wp_west_1965,wp_west_1965:Netherlands:87,Netherlands,0,0,0.4125,0.0830,0.1045,0.0459
wp_1961_burza,wp_west_1965,wp_west_1965:Netherlands:88,Netherlands,0,0,0.4114,0.2099,0.2159,0.1008
wp_1961_burza,wp_west_1965,wp_west_1965:Netherlands:89,Netherlands,0,0,0.4088,0.0538,0.0336,0.0233
wp_1961_burza,wp_west_1965,wp_west_1965:Netherlands:90,Netherlands,0,0,0.4044,0.2072,0.1555,0.1169
wp_1961_burza,wp_west_1965,wp_west_1965:Netherlands:91,Netherlands,0,0,0.4038,0.0722,0.0833,0.0404
wp_1961_burza,wp_west_1965,wp_west_1965:Netherlands:92,Netherlands,0,0,0.3994,0.0677,0.0807,0.0461
wp_1961_burza,wp_west_1965,wp_west_1965:Netherlands:93,Netherlands,0,0,0.3966,0.1493,0.0956,0.0721
wp_1961_burza,wp_west_1965,wp_west_1965:Netherlands:94,Netherlands,0,0,0.3959,0.1913,0.1566,0.0531
wp_1961_burza,wp_west_1965,wp_west_1965:Netherlands:95,Netherlands,0,0,0.3910,0.1065,0.1729,0.0699
wp_1961_burza,wp_west_1965,wp_west_1965:Netherlands:96,Netherlands,0,0,0.3865,0.2082,0.2437,0.1256
wp_1961_burza,wp_west_1965,wp_west_1965:Netherlands:97,Netherlands,0,0,0.3831,0.1276,0.1538,0.0633
wp_1961_burza,wp_west_1965,wp_west_1965:Netherlands:98,Netherlands,0,0,0.3813,0.0551,0.0379,0.0229
wp_1961_burza,wp_west_1965,wp_west_1965:Netherlands:99,Netherlands,0,0,0.3811,0.2406,0.1690,0.0680
wp_1961_burza,wp_west_1965,wp_west_1965:Netherlands:100,Netherlands,0,0,0.3807,0.1382,0.1431,0.0938
wp_1961_burza,wp_west_1965,wp_west_1965:Netherlands:101,Netherlands,0,0,0.3794,0.0552,0.1385,0.0513
wp_1961_burza,wp_west_1965,wp_west_1965:Netherlands:102,Netherlands,0,0,0.3783,0.0570,0.0555,0.0291
wp_1961_burza,wp_west_1965,wp_west_1965:Netherlands:103,Netherlands,0,0,0.3737,0.1184,0.1412,0.0472
wp_1961_burza,wp_west_1965,wp_west_1965:Netherlands:104,Netherlands,0,0,0.3701,0.0900,0.1107,0.0691
wp_1961_burza,wp_west_1965,wp_west_1965:Netherlands:105,Netherlands,0,0,0.3631,0.0568,0.0973,0.0332
wp_1961_burza,wp_west_1965,wp_west_1965:Netherlands:106,Netherlands,0,0,0.3617,0.3477,0.2466,0.1547
wp_1961_burza,wp_west_1965,wp_west_1965:Netherlands:107,Netherlands,0,0,0.3555,0.2660,0.2823,0.1379
wp_1961_burza,wp_west_1965,wp_west_1965:Netherlands:108,Netherlands,0,0,0.3528,0.1204,0.2618,0.1172
wp_1961_burza,wp_west_1965,wp_west_1965:Netherlands:109,Netherlands,0,0,0.3511,0.0593,0.0441,0.0393
wp_1961_burza,wp_west_1965,wp_west_1965:Netherlands:110,Netherlands,0,0,0.3494,0.2835,0.3338,0.1378
wp_1961_burza,wp_west_1965,wp_west_1965:Netherlands:111,Netherlands,0,0,0.3492,0.5844,0.5223,0.3996
wp_1961_burza,wp_west_1965,wp_west_1965:Netherlands:112,Netherlands,0,0,0.3483,0.0552,0.0810,0.0308
wp_1961_burza,wp_west_1965,wp_west_1965:Netherlands:113,Netherlands,0,0,0.3427,0.1050,0.1016,0.0802
wp_1961_burza,wp_west_1965,wp_west_1965:Netherlands:114,Netherlands,0,0,0.3414,0.0549,0.0728,0.0433
wp_1961_burza,wp_west_1965,wp_west_1965:Netherlands:115,Netherlands,0,0,0.3411,0.2251,0.1710,0.0924
wp_1961_burza,wp_west_1965,wp_west_1965:Netherlands:116,Netherlands,0,0,0.3396,0.1076,0.2653,0.2016
wp_1961_burza,wp_west_1965,wp_west_1965:Netherlands:117,Netherlands,0,0,0.3387,0.0953,0.2377,0.0878
wp_1961_burza,wp_west_1965,wp_west_1965:Netherlands:118,Netherlands,0,0,0.3365,0.0301,0.0772,0.0305
wp_1961_burza,wp_west_1965,wp_west_1965:Netherlands:119,Netherlands,0,0,0.3332,0.2136,0.3904,0.1769
wp_1961_burza,wp_west_1965,wp_west_1965:Netherlands:120,Netherlands,0,0,0.3310,0.0704,0.1304,0.0582
wp_1961_burza,wp_west_1965,wp_west_1965:Netherlands:121,Netherlands,0,0,0.3305,0.0425,0.0515,0.0373
wp_1961_burza,wp_west_1965,wp_west_1965:Netherlands:122,Netherlands,0,0,0.3293,0.0565,0.1715,0.0752
wp_1961_burza,wp_west_1965,wp_west_1965:Netherlands:123,Netherlands,0,0,0.3269,0.2048,0.3289,0.2025
wp_1961_burza,wp_west_1965,wp_west_1965:Netherlands:124,Netherlands,0,0,0.3257,0.1142,0.1574,0.1015
wp_1961_burza,wp_west_1965,wp_west_1965:Netherlands:125,Netherlands,0,0,0.3255,0.0406,0.0602,0.0402
wp_1961_burza,wp_west_1965,wp_west_1965:Netherlands:126,Netherlands,0,0,0.3229,0.0420,0.1031,0.0449
wp_1961_burza,wp_west_1965,wp_west_1965:Netherlands:127,Netherlands,0,0,0.3216,0.0939,0.2183,0.1044
wp_1961_burza,wp_west_1965,wp_west_1965:Netherlands:128,Netherlands,0,0,0.3215,0.0520,0.0878,0.0779
wp_1961_burza,wp_west_1965,wp_west_1965:Netherlands:129,Netherlands,0,0,0.3211,0.1418,0.3225,0.1328
wp_1961_burza,wp_west_1965,wp_west_1965:Netherlands:130,Netherlands,0,0,0.3184,0.1070,0.3716,0.1717
wp_1961_burza,wp_west_1965,wp_west_1965:Netherlands:131,Netherlands,0,0,0.3181,0.0301,0.0569,0.0275
wp_1961_burza,wp_west_1965,wp_west_1965:Netherlands:132,Netherlands,0,0,0.3170,0.1117,0.1382,0.0543
wp_1961_burza,wp_west_1965,wp_west_1965:Netherlands:133,Netherlands,0,0,0.3168,0.0848,0.1187,0.0498
wp_1961_burza,wp_west_1965,wp_west_1965:Netherlands:134,Netherlands,0,0,0.3159,0.2097,0.1878,0.1457
wp_1961_burza,wp_west_1965,wp_west_1965:Netherlands:135,Netherlands,0,0,0.3139,0.0937,0.1069,0.0586
wp_1961_burza,wp_west_1965,wp_west_1965:Netherlands:136,Netherlands,0,0,0.3134,0.2512,0.3274,0.1374
wp_1961_burza,wp_west_1965,wp_west_1965:Netherlands:137,Netherlands,0,0,0.3115,0.0440,0.0811,0.0604
wp_1961_burza,wp_west_1965,wp_west_1965:Netherlands:138,Netherlands,0,0,0.3114,0.0400,0.0807,0.0517
wp_1961_burza,wp_west_1965,wp_west_1965:Netherlands:139,Netherlands,0,0,0.3089,0.0197,0.0426,0.0231
wp_1961_burza,wp_west_1965,wp_west_1965:Netherlands:140,Netherlands,0,0,0.3073,0.0898,0.1498,0.0754
wp_1961_burza,wp_west_1965,wp_west_1965:Netherlands:141,Netherlands,0,0,0.3072,0.3231,0.2946,0.1486
wp_1961_burza,wp_west_1965,wp_west_1965:Netherlands:142,Netherlands,0,0,0.3060,0.0777,0.1735,0.0578
wp_1961_burza,wp_west_1965,wp_west_1965:Netherlands:143,Netherlands,0,0,0.3060,0.5830,0.3989,0.3446
wp_1961_burza,wp_west_1965,wp_west_1965:Netherlands:144,Netherlands,0,0,0.3055,0.0245,0.0921,0.0777
wp_1961_burza,wp_west_1965,wp_west_1965:Netherlands:145,Netherlands,0,0,0.3044,0.1219,0.1990,0.0804
wp_1961_burza,wp_west_1965,wp_west_1965:Netherlands:146,Netherlands,0,0,0.3039,0.1482,0.3909,0.1941
wp_1961_burza,wp_west_1965,wp_west_1965:Netherlands:147,Netherlands,0,0,0.3034,0.0778,0.1778,0.0687
wp_1961_burza,wp_west_1965,wp_west_1965:Netherlands:148,Netherlands,0,0,0.3028,0.0712,0.1501,0.0695
wp_1961_burza,wp_west_1965,wp_west_1965:Netherlands:149,Netherlands,0,0,0.3013,0.1700,0.4840,0.2742
wp_1961_burza,wp_west_1965,wp_west_1965:Netherlands:150,Netherlands,0,0,0.3003,0.1446,0.2377,0.0912
wp_1961_burza,wp_west_1965,wp_west_1965:Netherlands:151,Netherlands,0,0,0.2967,0.0505,0.1658,0.0603
wp_1961_burza,wp_west_1965,wp_west_1965:Netherlands:152,Netherlands,0,0,0.2967,0.1322,0.3973,0.1425
wp_1961_burza,wp_west_1965,wp_west_1965:Netherlands:153,Netherlands,0,0,0.2954,0.0558,0.2432,0.1293
wp_1961_burza,wp_west_1965,wp_west_1965:Netherlands:154,Netherlands,0,0,0.2941,0.0914,0.2827,0.1087
wp_1961_burza,wp_west_1965,wp_west_1965:Netherlands:155,Netherlands,0,0,0.2939,0.1197,0.3131,0.1257
wp_1961_burza,wp_west_1965,wp_west_1965:Netherlands:156,Netherlands,0,0,0.2933,0.1772,0.4909,0.2350
wp_1961_burza,wp_west_1965,wp_west_1965:Netherlands:157,Netherlands,0,0,0.2926,0.0229,0.1276,0.0789
wp_1961_burza,wp_west_1965,wp_west_1965:Netherlands:158,Netherlands,0,0,0.2915,0.0901,0.2599,0.0771
wp_1961_burza,wp_west_1965,wp_west_1965:Netherlands:159,Netherlands,0,0,0.2915,0.1204,0.1041,0.0703
wp_1961_burza,wp_west_1965,wp_west_1965:Netherlands:160,Netherlands,0,0,0.2903,0.0371,0.1647,0.0619
wp_1961_burza,wp_west_1965,wp_west_1965:Netherlands:161,Netherlands,0,0,0.2896,0.0925,0.1216,0.0479
wp_1961_burza,wp_west_1965,wp_west_1965:Netherlands:162,Netherlands,0,0,0.2872,0.0630,0.2331,0.1135
wp_1961_burza,wp_west_1965,wp_west_1965:Netherlands:163,Netherlands,0,0,0.2870,0.1190,0.1928,0.0792
wp_1961_burza,wp_west_1965,wp_west_1965:Netherlands:164,Netherlands,0,0,0.2867,0.0211,0.0516,0.0322
wp_1961_burza,wp_west_1965,wp_west_1965:Netherlands:165,Netherlands,0,0,0.2860,0.0800,0.1260,0.0680
wp_1961_burza,wp_west_1965,wp_west_1965:Netherlands:166,Netherlands,0,0,0.2851,0.1400,0.3494,0.1562
wp_1961_burza,wp_west_1965,wp_west_1965:Netherlands:167,Netherlands,0,0,0.2835,0.0596,0.1330,0.0688
wp_1961_burza,wp_west_1965,wp_west_1965:Netherlands:168,Netherlands,0,0,0.2785,0.0678,0.2405,0.1073
wp_1961_burza,wp_west_1965,wp_west_1965:Netherlands:169,Netherlands,0,0,0.2774,0.0293,0.1364,0.0728
wp_1961_burza,wp_west_1965,wp_west_1965:Netherlands:170,Netherlands,0,0,0.2771,0.0296,0.1177,0.0509
wp_1961_burza,wp_west_1965,wp_west_1965:Netherlands:171,Netherlands,0,0,0.2770,0.1210,0.1540,0.1057
wp_1961_burza,wp_west_1965,wp_west_1965:Netherlands:172,Netherlands,0,0,0.2761,0.0668,0.2271,0.1334
wp_1961_burza,wp_west_1965,wp_west_1965:Netherlands:173,Netherlands,0,0,0.2745,0.0345,0.1687,0.0926
wp_1961_burza,wp_west_1965,wp_west_1965:Netherlands:174,Netherlands,0,0,0.2731,0.1587,0.2500,0.1022
wp_1961_burza,wp_west_1965,wp_west_1965:Netherlands:175,Netherlands,0,0,0.2713,0.1103,0.2225,0.1035
wp_1961_burza,wp_west_1965,wp_west_1965:Netherlands:176,Netherlands,0,0,0.2702,0.0413,0.1716,0.0624
wp_1961_burza,wp_west_1965,wp_west_1965:Netherlands:177,Netherlands,1,1,0.2691,0.0923,0.3169,0.1154
wp_1961_burza,wp_west_1965,wp_west_1965:Netherlands:178,Netherlands,0,0,0.2683,0.1003,0.0988,0.0615
wp_1961_burza,wp_west_1965,wp_west_1965:Netherlands:179,Netherlands,0,0,0.2678,0.0287,0.0728,0.0425
wp_1961_burza,wp_west_1965,wp_west_1965:Netherlands:180,Netherlands,0,0,0.2648,0.3241,0.1823,0.1281
wp_1961_burza,wp_west_1965,wp_west_1965:Netherlands:181,Netherlands,0,0,0.2634,0.0522,0.2920,0.1153
wp_1961_burza,wp_west_1965,wp_west_1965:Netherlands:182,Netherlands,0,0,0.2598,0.0348,0.1604,0.0546
wp_1961_burza,wp_west_1965,wp_west_1965:Netherlands:183,Netherlands,0,0,0.2591,0.1591,0.2124,0.1041
wp_1961_burza,wp_west_1965,wp_west_1965:Netherlands:184,Netherlands,0,0,0.2591,0.1147,0.3808,0.1237
wp_1961_burza,wp_west_1965,wp_west_1965:Netherlands:185,Netherlands,0,0,0.2582,0.0657,0.2674,0.1281
wp_1961_burza,wp_west_1965,wp_west_1965:Netherlands:186,Netherlands,0,0,0.2574,0.0515,0.1114,0.0461
wp_1961_burza,wp_west_1965,wp_west_1965:Netherlands:187,Netherlands,0,0,0.2565,0.0290,0.0966,0.0436
wp_1961_burza,wp_west_1965,wp_west_1965:Netherlands:188,Netherlands,0,0,0.2564,0.0362,0.0915,0.0585
wp_1961_burza,wp_west_1965,wp_west_1965:Netherlands:189,Netherlands,0,0,0.2562,0.2569,0.5043,0.2846
wp_1961_burza,wp_west_1965,wp_west_1965:Netherlands:190,Netherlands,0,0,0.2559,0.1268,0.4390,0.1635
wp_1961_burza,wp_west_1965,wp_west_1965:Netherlands:191,Netherlands,0,0,0.2543,0.0343,0.0799,0.0453
wp_1961_burza,wp_west_1965,wp_west_1965:Netherlands:192,Netherlands,0,0,0.2517,0.0811,0.2575,0.0916
wp_1961_burza,wp_west_1965,wp_west_1965:Netherlands:193,Netherlands,0,0,0.2513,0.0207,0.0377,0.0243
wp_1961_burza,wp_west_1965,wp_west_1965:Netherlands:194,Netherlands,0,0,0.2497,0.0222,0.0886,0.0458
wp_1961_burza,wp_west_1965,wp_west_1965:Netherlands:195,Netherlands,0,0,0.2444,0.0564,0.1474,0.0372
wp_1961_burza,wp_west_1965,wp_west_1965:Netherlands:196,Netherlands,0,0,0.2439,0.0536,0.2473,0.0780
wp_1961_burza,wp_west_1965,wp_west_1965:Netherlands:197,Netherlands,0,0,0.2421,0.0579,0.2108,0.0836
wp_1961_burza,wp_west_1965,wp_west_1965:Netherlands:198,Netherlands,0,0,0.2400,0.0193,0.1114,0.0416
wp_1961_burza,wp_west_1965,wp_west_1965:Netherlands:199,Netherlands,0,0,0.2399,0.0615,0.0891,0.0568
wp_1961_burza,wp_west_1965,wp_west_1965:Netherlands:200,Netherlands,0,0,0.2388,0.0360,0.1326,0.0510
wp_1961_burza,wp_west_1965,wp_west_1965:Netherlands:201,Netherlands,0,0,0.2387,0.0265,0.2005,0.0688
wp_1961_burza,wp_west_1965,wp_west_1965:Netherlands:202,Netherlands,0,0,0.2382,0.1270,0.3330,0.1450
wp_1961_burza,wp_west_1965,wp_west_1965:Netherlands:203,Netherlands,0,0,0.2375,0.0836,0.3462,0.1044
wp_1961_burza,wp_west_1965,wp_west_1965:Netherlands:204,Netherlands,0,0,0.2365,0.0352,0.0784,0.0444
wp_1961_burza,wp_west_1965,wp_west_1965:Netherlands:205,Netherlands,0,0,0.2358,0.0687,0.3565,0.1008
wp_1961_burza,wp_west_1965,wp_west_1965:Netherlands:206,Netherlands,0,0,0.2357,0.0122,0.1098,0.0512
wp_1961_burza,wp_west_1965,wp_west_1965:Netherlands:207,Netherlands,0,0,0.2357,0.0570,0.1713,0.0476
wp_1961_burza,wp_west_1965,wp_west_1965:Netherlands:208,Netherlands,0,0,0.2348,0.0411,0.0975,0.0600
wp_1961_burza,wp_west_1965,wp_west_1965:Netherlands:209,Netherlands,0,0,0.2337,0.0357,0.1464,0.0662
wp_1961_burza,wp_west_1965,wp_west_1965:Netherlands:210,Netherlands,0,0,0.2336,0.0237,0.0814,0.0384
wp_1961_burza,wp_west_1965,wp_west_1965:Netherlands:211,Netherlands,0,0,0.2312,0.0413,0.1242,0.0668
wp_1961_burza,wp_west_1965,wp_west_1965:Netherlands:212,Netherlands,0,0,0.2305,0.1474,0.1301,0.0948
wp_1961_burza,wp_west_1965,wp_west_1965:Netherlands:213,Netherlands,0,0,0.2289,0.0483,0.0697,0.0343
wp_1961_burza,wp_west_1965,wp_west_1965:Netherlands:214,Netherlands,0,0,0.2286,0.0687,0.3419,0.1186
wp_1961_burza,wp_west_1965,wp_west_1965:Netherlands:215,Netherlands,0,0,0.2284,0.0115,0.0415,0.0214
wp_1961_burza,wp_west_1965,wp_west_1965:Netherlands:216,Netherlands,0,0,0.2279,0.2127,0.1629,0.1465
wp_1961_burza,wp_west_1965,wp_west_1965:Netherlands:217,Netherlands,0,0,0.2264,0.0363,0.0940,0.0636
wp_1961_burza,wp_west_1965,wp_west_1965:Netherlands:218,Netherlands,0,0,0.2253,0.0426,0.1186,0.0484
wp_1961_burza,wp_west_1965,wp_west_1965:Netherlands:219,Netherlands,0,0,0.2252,0.0242,0.0656,0.0340
wp_1965_hu_wargame,wp_west_1965,wp_west_1965:Austria:0,Austria,1,1,0.9913,0.9964,0.9922,0.9798
wp_1965_hu_wargame,wp_west_1965,wp_west_1965:Austria:1,Austria,0,0,0.2254,0.2418,0.3116,0.2020
wp_1965_hu_wargame,wp_west_1965,wp_west_1965:Austria:2,Austria,1,1,0.7572,0.9175,0.9210,0.8870
wp_1965_hu_wargame,wp_west_1965,wp_west_1965:Austria:3,Austria,0,0,0.2754,0.5009,0.4293,0.3519
wp_1965_hu_wargame,wp_west_1965,wp_west_1965:Austria:4,Austria,0,0,0.2628,0.4631,0.4795,0.3120
wp_1965_hu_wargame,wp_west_1965,wp_west_1965:Austria:5,Austria,0,0,0.6416,0.8881,0.9504,0.8899
wp_1965_hu_wargame,wp_west_1965,wp_west_1965:Austria:6,Austria,0,0,0.4420,0.7147,0.5326,0.4485
wp_1965_hu_wargame,wp_west_1965,wp_west_1965:Austria:7,Austria,0,0,0.3827,0.6634,0.7100,0.6183
wp_1965_hu_wargame,wp_west_1965,wp_west_1965:Austria:8,Austria,0,0,0.4290,0.4331,0.5325,0.3836
wp_1965_hu_wargame,wp_west_1965,wp_west_1965:Austria:9,Austria,0,0,0.2445,0.1517,0.4214,0.3046
wp_1965_hu_wargame,wp_west_1965,wp_west_1965:Austria:10,Austria,0,0,0.4329,0.3768,0.2726,0.1585
wp_1965_hu_wargame,wp_west_1965,wp_west_1965:Austria:11,Austria,0,0,0.4367,0.6734,0.8476,0.6732
wp_1965_hu_wargame,wp_west_1965,wp_west_1965:Austria:12,Austria,0,0,0.2302,0.3739,0.7402,0.6479
wp_1965_hu_wargame,wp_west_1965,wp_west_1965:Austria:13,Austria,0,0,0.3555,0.2426,0.3520,0.2135
wp_1965_hu_wargame,wp_west_1965,wp_west_1965:Austria:14,Austria,0,0,0.2428,0.1588,0.1743,0.1504
wp_1965_hu_wargame,wp_west_1965,wp_west_1965:Austria:15,Austria,0,0,0.2906,0.2464,0.2648,0.1786
wp_1965_hu_wargame,wp_west_1965,wp_west_1965:Austria:16,Austria,0,0,0.6380,0.7937,0.9410,0.9219
wp_1965_hu_wargame,wp_west_1965,wp_west_1965:Austria:17,Austria,0,0,0.2645,0.4191,0.5388,0.4430
wp_1965_hu_wargame,wp_west_1965,wp_west_1965:Austria:18,Austria,0,0,0.3281,0.3075,0.6003,0.3862
wp_1965_hu_wargame,wp_west_1965,wp_west_1965:Austria:19,Austria,0,0,0.2626,0.2385,0.5132,0.3274
wp_1965_hu_wargame,wp_west_1965,wp_west_1965:Austria:20,Austria,0,0,0.5483,0.8952,0.9273,0.8936
wp_1965_hu_wargame,wp_west_1965,wp_west_1965:Austria:21,Austria,0,0,0.2526,0.0545,0.0862,0.1025
wp_1965_hu_wargame,wp_west_1965,wp_west_1965:Austria:22,Austria,0,0,0.2778,0.3841,0.2216,0.1987
wp_1965_hu_wargame,wp_west_1965,wp_west_1965:Austria:23,Austria,0,0,0.3092,0.4198,0.6962,0.7617
wp_1965_hu_wargame,wp_west_1965,wp_west_1965:Austria:24,Austria,0,0,0.2744,0.3834,0.2834,0.1951
wp_1965_hu_wargame,wp_west_1965,wp_west_1965:Austria:25,Austria,0,0,0.2494,0.5195,0.5584,0.4915
wp_1965_hu_wargame,wp_west_1965,wp_west_1965:Austria:26,Austria,1,1,0.9049,0.9937,0.9853,0.9770
wp_1965_hu_wargame,wp_west_1965,wp_west_1965:Austria:27,Austria,0,0,0.5839,0.5677,0.8184,0.7483
wp_1965_hu_wargame,wp_west_1965,wp_west_1965:Austria:28,Austria,0,0,0.3356,0.2359,0.4164,0.4032
wp_1965_hu_wargame,wp_west_1965,wp_west_1965:Austria:29,Austria,0,0,0.6035,0.6351,0.9024,0.8877
wp_1965_hu_wargame,wp_west_1965,wp_west_1965:Austria:30,Austria,0,0,0.2893,0.1479,0.3458,0.2137
wp_1965_hu_wargame,wp_west_1965,wp_west_1965:Austria:31,Austria,0,0,0.8257,0.8876,0.9720,0.9283
wp_1965_hu_wargame,wp_west_1965,wp_west_1965:Austria:32,Austria,0,0,0.3366,0.6262,0.7118,0.6335
wp_1965_hu_wargame,wp_west_1965,wp_west_1965:Austria:33,Austria,0,0,0.2728,0.2950,0.4712,0.3158
wp_1965_hu_wargame,wp_west_1965,wp_west_1965:Austria:34,Austria,1,1,0.9224,0.9718,0.9869,0.9742
wp_1965_hu_wargame,wp_west_1965,wp_west_1965:Austria:35,Austria,0,0,0.2410,0.2411,0.2526,0.1995
wp_1965_hu_wargame,wp_west_1965,wp_west_1965:Austria:36,Austria,0,0,0.4466,0.7142,0.8236,0.7221
wp_1965_hu_wargame,wp_west_1965,wp_west_1965:Austria:37,Austria,0,0,0.3058,0.3666,0.1868,0.1731
wp_1965_hu_wargame,wp_west_1965,wp_west_1965:Austria:38,Austria,0,0,0.2770,0.0769,0.1677,0.1111
wp_1965_hu_wargame,wp_west_1965,wp_west_1965:Austria:39,Austria,0,0,0.5682,0.7737,0.8699,0.8292
wp_1965_hu_wargame,wp_west_1965,wp_west_1965:Austria:40,Austria,0,0,0.2567,0.3371,0.4364,0.2842
wp_1965_hu_wargame,wp_west_1965,wp_west_1965:Austria:41,Austria,0,0,0.2300,0.0408,0.1858,0.1326
wp_1965_hu_wargame,wp_west_1965,wp_west_1965:Austria:42,Austria,0,0,0.2415,0.1062,0.1851,0.1799
wp_1965_hu_wargame,wp_west_1965,wp_west_1965:Austria:43,Austria,0,0,0.8134,0.9603,0.9488,0.9310
wp_1965_hu_wargame,wp_west_1965,wp_west_1965:Austria:44,Austria,0,0,0.2495,0.2296,0.1682,0.1451
wp_1965_hu_wargame,wp_west_1965,wp_west_1965:Austria:45,Austria,0,0,0.2478,0.2662,0.1702,0.1679
wp_1965_hu_wargame,wp_west_1965,wp_west_1965:Austria:46,Austria,0,0,0.2477,0.3484,0.5167,0.4371
wp_1965_hu_wargame,wp_west_1965,wp_west_1965:Austria:47,Austria,0,0,0.4153,0.6001,0.6875,0.6200
wp_1965_hu_wargame,wp_west_1965,wp_west_1965:Austria:48,Austria,0,0,0.4936,0.6677,0.5338,0.5539
wp_1965_hu_wargame,wp_west_1965,wp_west_1965:Austria:49,Austria,0,0,0.3566,0.6508,0.6755,0.6275
wp_1965_coastal_front_zealand,wp_west_1965,wp_west_1965:Denmark:0,Denmark,0,0,0.9777,0.8977,0.9356,0.9137
wp_1965_coastal_front_zealand,wp_west_1965,wp_west_1965:Denmark:1,Denmark,0,0,0.8349,0.7579,0.7563,0.7024
wp_1965_coastal_front_zealand,wp_west_1965,wp_west_1965:Denmark:2,Denmark,0,0,0.7889,0.7693,0.4306,0.3876
wp_1965_coastal_front_zealand,wp_west_1965,wp_west_1965:Denmark:3,Denmark,0,0,0.3993,0.1337,0.0669,0.0387
wp_1965_coastal_front_zealand,wp_west_1965,wp_west_1965:Denmark:4,Denmark,0,0,0.7218,0.5508,0.2972,0.2276
wp_1965_coastal_front_zealand,wp_west_1965,wp_west_1965:Denmark:5,Denmark,0,0,0.4207,0.1615,0.0532,0.0352
wp_1965_coastal_front_zealand,wp_west_1965,wp_west_1965:Denmark:6,Denmark,0,0,0.4143,0.2546,0.0543,0.0407
wp_1965_coastal_front_zealand,wp_west_1965,wp_west_1965:Denmark:7,Denmark,0,0,0.5847,0.3283,0.1616,0.1131
wp_1965_coastal_front_zealand,wp_west_1965,wp_west_1965:Denmark:8,Denmark,0,0,0.7182,0.7000,0.3080,0.2348
wp_1965_coastal_front_zealand,wp_west_1965,wp_west_1965:Denmark:9,Denmark,0,0,0.5915,0.3785,0.0982,0.0842
wp_1965_coastal_front_zealand,wp_west_1965,wp_west_1965:Denmark:10,Denmark,0,0,0.4698,0.2732,0.1293,0.1112
wp_1965_coastal_front_zealand,wp_west_1965,wp_west_1965:Denmark:11,Denmark,0,0,0.6144,0.1962,0.0688,0.0421
wp_1965_coastal_front_zealand,wp_west_1965,wp_west_1965:Denmark:12,Denmark,0,0,0.3899,0.2283,0.0600,0.0438
wp_1965_coastal_front_zealand,wp_west_1965,wp_west_1965:Denmark:13,Denmark,0,0,0.2806,0.1025,0.2165,0.0813
wp_1965_coastal_front_zealand,wp_west_1965,wp_west_1965:Denmark:14,Denmark,0,0,0.3159,0.1617,0.1164,0.0771
wp_1965_coastal_front_zealand,wp_west_1965,wp_west_1965:Denmark:15,Denmark,0,0,0.2722,0.0811,0.1275,0.0531
wp_1965_coastal_front_zealand,wp_west_1965,wp_west_1965:Denmark:16,Denmark,0,0,0.6963,0.8131,0.9045,0.8862
wp_1965_coastal_front_zealand,wp_west_1965,wp_west_1965:Denmark:17,Denmark,0,0,0.5118,0.6337,0.6625,0.6099
wp_1965_coastal_front_zealand,wp_west_1965,wp_west_1965:Denmark:18,Denmark,0,0,0.4295,0.7373,0.8637,0.7164
wp_1965_coastal_front_zealand,wp_west_1965,wp_west_1965:Denmark:19,Denmark,0,0,0.3948,0.2887,0.1417,0.0978
wp_1965_coastal_front_zealand,wp_west_1965,wp_west_1965:Denmark:20,Denmark,0,0,0.5377,0.7615,0.8529,0.8319
wp_1965_coastal_front_zealand,wp_west_1965,wp_west_1965:Denmark:21,Denmark,0,0,0.4572,0.7166,0.7687,0.6872
wp_1965_coastal_front_zealand,wp_west_1965,wp_west_1965:Denmark:22,Denmark,0,0,0.3688,0.6588,0.2293,0.1764
wp_1965_coastal_front_zealand,wp_west_1965,wp_west_1965:Denmark:23,Denmark,0,0,0.3517,0.7772,0.7491,0.6455
wp_1965_coastal_front_zealand,wp_west_1965,wp_west_1965:Denmark:24,Denmark,0,0,0.3387,0.3806,0.4725,0.2472
wp_1965_coastal_front_zealand,wp_west_1965,wp_west_1965:Denmark:25,Denmark,0,0,0.3794,0.4985,0.4309,0.3056
wp_1965_coastal_front_zealand,wp_west_1965,wp_west_1965:Denmark:26,Denmark,0,0,0.5974,0.6600,0.7076,0.5619
wp_1965_coastal_front_zealand,wp_west_1965,wp_west_1965:Denmark:27,Denmark,0,0,0.2324,0.2088,0.4477,0.1867
wp_1965_coastal_front_zealand,wp_west_1965,wp_west_1965:Denmark:28,Denmark,0,0,0.5709,0.6239,0.4858,0.4448
wp_1965_coastal_front_zealand,wp_west_1965,wp_west_1965:Denmark:29,Denmark,0,0,0.3061,0.2386,0.5313,0.3970
wp_1965_coastal_front_zealand,wp_west_1965,wp_west_1965:Denmark:30,Denmark,0,0,0.2837,0.1852,0.4987,0.2813
wp_1965_coastal_front_zealand,wp_west_1965,wp_west_1965:Denmark:31,Denmark,0,0,0.2591,0.2169,0.4249,0.2418
wp_1965_coastal_front_zealand,wp_west_1965,wp_west_1965:Denmark:32,Denmark,0,0,0.3502,0.3257,0.4347,0.3035
wp_1965_coastal_front_zealand,wp_west_1965,wp_west_1965:Denmark:33,Denmark,0,0,0.2901,0.4340,0.7201,0.5442
wp_1965_coastal_front_zealand,wp_west_1965,wp_west_1965:Denmark:34,Denmark,0,0,0.4031,0.8427,0.8252,0.7567
wp_1965_coastal_front_zealand,wp_west_1965,wp_west_1965:Denmark:35,Denmark,1,1,0.4806,0.5700,0.7908,0.6936
wp_1965_coastal_front_zealand,wp_west_1965,wp_west_1965:Denmark:36,Denmark,0,0,0.4308,0.4626,0.5685,0.3918
wp_1965_coastal_front_zealand,wp_west_1965,wp_west_1965:Denmark:37,Denmark,0,0,0.8545,0.9747,0.9809,0.9663
wp_1965_coastal_front_zealand,wp_west_1965,wp_west_1965:Denmark:38,Denmark,0,0,0.6810,0.9059,0.8461,0.7435
wp_1965_coastal_front_zealand,wp_west_1965,wp_west_1965:Denmark:39,Denmark,0,0,0.2389,0.3219,0.4217,0.2318
wp_1965_coastal_front_zealand,wp_west_1965,wp_west_1965:Denmark:40,Denmark,1,1,0.5413,0.4879,0.4619,0.3719
wp_1965_coastal_front_zealand,wp_west_1965,wp_west_1965:Denmark:41,Denmark,0,0,0.3124,0.1828,0.3056,0.2580
wp_1965_coastal_front_zealand,wp_west_1965,wp_west_1965:Denmark:42,Denmark,0,0,0.4579,0.5180,0.3465,0.2989
wp_1965_coastal_front_zealand,wp_west_1965,wp_west_1965:Denmark:43,Denmark,0,0,0.2331,0.2231,0.4034,0.2288
wp_1965_coastal_front_zealand,wp_west_1965,wp_west_1965:Denmark:44,Denmark,0,0,0.3279,0.2443,0.3287,0.1908
wp_1965_coastal_front_zealand,wp_west_1965,wp_west_1965:Denmark:45,Denmark,1,1,0.4393,0.3839,0.4524,0.2820
wp_1965_coastal_front_zealand,wp_west_1965,wp_west_1965:Denmark:46,Denmark,0,0,0.4507,0.7289,0.6706,0.5150
wp_1965_coastal_front_zealand,wp_west_1965,wp_west_1965:Denmark:47,Denmark,0,0,0.4099,0.7304,0.5839,0.3625
wp_1965_coastal_front_zealand,wp_west_1965,wp_west_1965:Denmark:48,Denmark,0,0,0.2326,0.3932,0.4035,0.2159
wp_1965_coastal_front_zealand,wp_west_1965,wp_west_1965:Denmark:49,Denmark,0,0,0.5926,0.8679,0.8863,0.8283
wp_1965_coastal_front_zealand,wp_west_1965,wp_west_1965:Denmark:50,Denmark,0,0,0.4521,0.6354,0.3464,0.2879
wp_1965_coastal_front_zealand,wp_west_1965,wp_west_1965:Denmark:51,Denmark,1,1,0.2604,0.2011,0.4050,0.1614
wp_1965_coastal_front_zealand,wp_west_1965,wp_west_1965:Denmark:52,Denmark,0,0,0.3051,0.1429,0.2469,0.1056
wp_1965_coastal_front_zealand,wp_west_1965,wp_west_1965:Denmark:53,Denmark,0,0,0.8055,0.8850,0.8987,0.8414
wp_1965_coastal_front_zealand,wp_west_1965,wp_west_1965:Denmark:54,Denmark,0,0,0.8942,0.9673,0.9899,0.9753
wp_1967_lato67,wp_west_1965,wp_west_1965:Denmark:0,Denmark,1,1,0.9777,0.8977,0.9356,0.9137
wp_1967_lato67,wp_west_1965,wp_west_1965:Denmark:1,Denmark,0,0,0.8349,0.7579,0.7563,0.7024
wp_1967_lato67,wp_west_1965,wp_west_1965:Denmark:2,Denmark,0,0,0.7889,0.7693,0.4306,0.3876
wp_1967_lato67,wp_west_1965,wp_west_1965:Denmark:3,Denmark,0,0,0.3993,0.1337,0.0669,0.0387
wp_1967_lato67,wp_west_1965,wp_west_1965:Denmark:4,Denmark,0,0,0.7218,0.5508,0.2972,0.2276
wp_1967_lato67,wp_west_1965,wp_west_1965:Denmark:5,Denmark,0,0,0.4207,0.1615,0.0532,0.0352
wp_1967_lato67,wp_west_1965,wp_west_1965:Denmark:6,Denmark,0,0,0.4143,0.2546,0.0543,0.0407
wp_1967_lato67,wp_west_1965,wp_west_1965:Denmark:7,Denmark,0,0,0.5847,0.3283,0.1616,0.1131
wp_1967_lato67,wp_west_1965,wp_west_1965:Denmark:8,Denmark,0,0,0.7182,0.7000,0.3080,0.2348
wp_1967_lato67,wp_west_1965,wp_west_1965:Denmark:9,Denmark,0,0,0.5915,0.3785,0.0982,0.0842
wp_1967_lato67,wp_west_1965,wp_west_1965:Denmark:10,Denmark,0,0,0.4698,0.2732,0.1293,0.1112
wp_1967_lato67,wp_west_1965,wp_west_1965:Denmark:11,Denmark,1,1,0.6144,0.1962,0.0688,0.0421
wp_1967_lato67,wp_west_1965,wp_west_1965:Denmark:12,Denmark,0,0,0.3899,0.2283,0.0600,0.0438
wp_1967_lato67,wp_west_1965,wp_west_1965:Denmark:13,Denmark,0,0,0.2806,0.1025,0.2165,0.0813
wp_1967_lato67,wp_west_1965,wp_west_1965:Denmark:14,Denmark,0,0,0.3159,0.1617,0.1164,0.0771
wp_1967_lato67,wp_west_1965,wp_west_1965:Denmark:15,Denmark,0,0,0.2722,0.0811,0.1275,0.0531
wp_1967_lato67,wp_west_1965,wp_west_1965:Denmark:16,Denmark,0,0,0.6963,0.8131,0.9045,0.8862
wp_1967_lato67,wp_west_1965,wp_west_1965:Denmark:17,Denmark,1,1,0.5118,0.6337,0.6625,0.6099
wp_1967_lato67,wp_west_1965,wp_west_1965:Denmark:18,Denmark,1,1,0.4295,0.7373,0.8637,0.7164
wp_1967_lato67,wp_west_1965,wp_west_1965:Denmark:19,Denmark,1,1,0.3948,0.2887,0.1417,0.0978
wp_1967_lato67,wp_west_1965,wp_west_1965:Denmark:20,Denmark,0,0,0.5377,0.7615,0.8529,0.8319
wp_1967_lato67,wp_west_1965,wp_west_1965:Denmark:21,Denmark,0,0,0.4572,0.7166,0.7687,0.6872
wp_1967_lato67,wp_west_1965,wp_west_1965:Denmark:22,Denmark,2,1,0.3688,0.6588,0.2293,0.1764
wp_1967_lato67,wp_west_1965,wp_west_1965:Denmark:23,Denmark,0,0,0.3517,0.7772,0.7491,0.6455
wp_1967_lato67,wp_west_1965,wp_west_1965:Denmark:24,Denmark,1,1,0.3387,0.3806,0.4725,0.2472
wp_1967_lato67,wp_west_1965,wp_west_1965:Denmark:25,Denmark,0,0,0.3794,0.4985,0.4309,0.3056
wp_1967_lato67,wp_west_1965,wp_west_1965:Denmark:26,Denmark,0,0,0.5974,0.6600,0.7076,0.5619
wp_1967_lato67,wp_west_1965,wp_west_1965:Denmark:27,Denmark,0,0,0.2324,0.2088,0.4477,0.1867
wp_1967_lato67,wp_west_1965,wp_west_1965:Denmark:28,Denmark,0,0,0.5709,0.6239,0.4858,0.4448
wp_1967_lato67,wp_west_1965,wp_west_1965:Denmark:29,Denmark,0,0,0.3061,0.2386,0.5313,0.3970
wp_1967_lato67,wp_west_1965,wp_west_1965:Denmark:30,Denmark,1,1,0.2837,0.1852,0.4987,0.2813
wp_1967_lato67,wp_west_1965,wp_west_1965:Denmark:31,Denmark,0,0,0.2591,0.2169,0.4249,0.2418
wp_1967_lato67,wp_west_1965,wp_west_1965:Denmark:32,Denmark,0,0,0.3502,0.3257,0.4347,0.3035
wp_1967_lato67,wp_west_1965,wp_west_1965:Denmark:33,Denmark,0,0,0.2901,0.4340,0.7201,0.5442
wp_1967_lato67,wp_west_1965,wp_west_1965:Denmark:34,Denmark,0,0,0.4031,0.8427,0.8252,0.7567
wp_1967_lato67,wp_west_1965,wp_west_1965:Denmark:35,Denmark,0,0,0.4806,0.5700,0.7908,0.6936
wp_1967_lato67,wp_west_1965,wp_west_1965:Denmark:36,Denmark,0,0,0.4308,0.4626,0.5685,0.3918
wp_1967_lato67,wp_west_1965,wp_west_1965:Denmark:37,Denmark,2,1,0.8545,0.9747,0.9809,0.9663
wp_1967_lato67,wp_west_1965,wp_west_1965:Denmark:38,Denmark,0,0,0.6810,0.9059,0.8461,0.7435
wp_1967_lato67,wp_west_1965,wp_west_1965:Denmark:39,Denmark,0,0,0.2389,0.3219,0.4217,0.2318
wp_1967_lato67,wp_west_1965,wp_west_1965:Denmark:40,Denmark,0,0,0.5413,0.4879,0.4619,0.3719
wp_1967_lato67,wp_west_1965,wp_west_1965:Denmark:41,Denmark,0,0,0.3124,0.1828,0.3056,0.2580
wp_1967_lato67,wp_west_1965,wp_west_1965:Denmark:42,Denmark,0,0,0.4579,0.5180,0.3465,0.2989
wp_1967_lato67,wp_west_1965,wp_west_1965:Denmark:43,Denmark,0,0,0.2331,0.2231,0.4034,0.2288
wp_1967_lato67,wp_west_1965,wp_west_1965:Denmark:44,Denmark,0,0,0.3279,0.2443,0.3287,0.1908
wp_1967_lato67,wp_west_1965,wp_west_1965:Denmark:45,Denmark,0,0,0.4393,0.3839,0.4524,0.2820
wp_1967_lato67,wp_west_1965,wp_west_1965:Denmark:46,Denmark,1,1,0.4507,0.7289,0.6706,0.5150
wp_1967_lato67,wp_west_1965,wp_west_1965:Denmark:47,Denmark,0,0,0.4099,0.7304,0.5839,0.3625
wp_1967_lato67,wp_west_1965,wp_west_1965:Denmark:48,Denmark,0,0,0.2326,0.3932,0.4035,0.2159
wp_1967_lato67,wp_west_1965,wp_west_1965:Denmark:49,Denmark,1,1,0.5926,0.8679,0.8863,0.8283
wp_1967_lato67,wp_west_1965,wp_west_1965:Denmark:50,Denmark,0,0,0.4521,0.6354,0.3464,0.2879
wp_1967_lato67,wp_west_1965,wp_west_1965:Denmark:51,Denmark,0,0,0.2604,0.2011,0.4050,0.1614
wp_1967_lato67,wp_west_1965,wp_west_1965:Denmark:52,Denmark,0,0,0.3051,0.1429,0.2469,0.1056
wp_1967_lato67,wp_west_1965,wp_west_1965:Denmark:53,Denmark,2,1,0.8055,0.8850,0.8987,0.8414
wp_1967_lato67,wp_west_1965,wp_west_1965:Denmark:54,Denmark,0,0,0.8942,0.9673,0.9899,0.9753
wp_1967_lato67,wp_west_1965,wp_west_1965:Netherlands:0,Netherlands,1,1,0.9819,0.9421,0.8721,0.8561
wp_1967_lato67,wp_west_1965,wp_west_1965:Netherlands:1,Netherlands,1,1,0.9780,0.9674,0.8636,0.8277
wp_1967_lato67,wp_west_1965,wp_west_1965:Netherlands:2,Netherlands,1,1,0.9727,0.9737,0.9437,0.9145
wp_1967_lato67,wp_west_1965,wp_west_1965:Netherlands:3,Netherlands,0,0,0.9283,0.9847,0.9442,0.9120
wp_1967_lato67,wp_west_1965,wp_west_1965:Netherlands:4,Netherlands,0,0,0.8890,0.9116,0.8527,0.8234
wp_1967_lato67,wp_west_1965,wp_west_1965:Netherlands:5,Netherlands,0,0,0.8879,0.8937,0.9425,0.9131
wp_1967_lato67,wp_west_1965,wp_west_1965:Netherlands:6,Netherlands,0,0,0.8699,0.9648,0.9688,0.9445
wp_1967_lato67,wp_west_1965,wp_west_1965:Netherlands:7,Netherlands,0,0,0.8628,0.7959,0.9274,0.8611
wp_1967_lato67,wp_west_1965,wp_west_1965:Netherlands:8,Netherlands,0,0,0.8550,0.8970,0.9008,0.8516
wp_1967_lato67,wp_west_1965,wp_west_1965:Netherlands:9,Netherlands,1,1,0.8484,0.9651,0.9511,0.9021
wp_1967_lato67,wp_west_1965,wp_west_1965:Netherlands:10,Netherlands,0,0,0.8482,0.7554,0.7341,0.8194
wp_1967_lato67,wp_west_1965,wp_west_1965:Netherlands:11,Netherlands,0,0,0.8253,0.7531,0.7785,0.7495
wp_1967_lato67,wp_west_1965,wp_west_1965:Netherlands:12,Netherlands,0,0,0.8184,0.7803,0.7109,0.6363
wp_1967_lato67,wp_west_1965,wp_west_1965:Netherlands:13,Netherlands,0,0,0.8144,0.7201,0.6368,0.4841
wp_1967_lato67,wp_west_1965,wp_west_1965:Netherlands:14,Netherlands,0,0,0.8058,0.5353,0.4380,0.3299
wp_1967_lato67,wp_west_1965,wp_west_1965:Netherlands:15,Netherlands,0,0,0.7939,0.8871,0.7945,0.7779
wp_1967_lato67,wp_west_1965,wp_west_1965:Netherlands:16,Netherlands,0,0,0.7763,0.7215,0.5533,0.5058
wp_1967_lato67,wp_west_1965,wp_west_1965:Netherlands:17,Netherlands,0,0,0.7747,0.6680,0.2752,0.2851
wp_1967_lato67,wp_west_1965,wp_west_1965:Netherlands:18,Netherlands,0,0,0.7697,0.7819,0.3249,0.2791
wp_1967_lato67,wp_west_1965,wp_west_1965:Netherlands:19,Netherlands,0,0,0.7526,0.4758,0.1282,0.1198
wp_1967_lato67,wp_west_1965,wp_west_1965:Netherlands:20,Netherlands,0,0,0.7462,0.9026,0.6763,0.6249
wp_1967_lato67,wp_west_1965,wp_west_1965:Netherlands:21,Netherlands,0,0,0.7461,0.8622,0.6877,0.7399
wp_1967_lato67,wp_west_1965,wp_west_1965:Netherlands:22,Netherlands,0,0,0.7414,0.8734,0.7873,0.6329
wp_1967_lato67,wp_west_1965,wp_west_1965:Netherlands:23,Netherlands,0,0,0.7348,0.7091,0.2380,0.2024
wp_1967_lato67,wp_west_1965,wp_west_1965:Netherlands:24,Netherlands,0,0,0.7276,0.2416,0.2893,0.1816
wp_1967_lato67,wp_west_1965,wp_west_1965:Netherlands:25,Netherlands,0,0,0.7210,0.4158,0.1272,0.0811
wp_1967_lato67,wp_west_1965,wp_west_1965:Netherlands:26,Netherlands,0,0,0.7083,0.5543,0.4904,0.4744
wp_1967_lato67,wp_west_1965,wp_west_1965:Netherlands:27,Netherlands,0,0,0.6881,0.6248,0.6309,0.4588
wp_1967_lato67,wp_west_1965,wp_west_1965:Netherlands:28,Netherlands,0,0,0.6875,0.7561,0.7828,0.6974
wp_1967_lato67,wp_west_1965,wp_west_1965:Netherlands:29,Netherlands,0,0,0.6857,0.8441,0.8524,0.7618
wp_1967_lato67,wp_west_1965,wp_west_1965:Netherlands:30,Netherlands,0,0,0.6808,0.8723,0.9150,0.8812
wp_1967_lato67,wp_west_1965,wp_west_1965:Netherlands:31,Netherlands,0,0,0.6657,0.4164,0.1851,0.1335
wp_1967_lato67,wp_west_1965,wp_west_1965:Netherlands:32,Netherlands,0,0,0.6613,0.3341,0.3286,0.2486
wp_1967_lato67,wp_west_1965,wp_west_1965:Netherlands:33,Netherlands,0,0,0.6540,0.4245,0.0786,0.0411
wp_1967_lato67,wp_west_1965,wp_west_1965:Netherlands:34,Netherlands,0,0,0.6529,0.7907,0.7133,0.7342
wp_1967_lato67,wp_west_1965,wp_west_1965:Netherlands:35,Netherlands,1,1,0.6522,0.5112,0.5232,0.3674
wp_1967_lato67,wp_west_1965,wp_west_1965:Netherlands:36,Netherlands,0,0,0.6235,0.5715,0.4541,0.2784
wp_1967_lato67,wp_west_1965,wp_west_1965:Netherlands:37,Netherlands,0,0,0.6223,0.1491,0.0542,0.0237
wp_1967_lato67,wp_west_1965,wp_west_1965:Netherlands:38,Netherlands,0,0,0.6203,0.4393,0.3504,0.2056
wp_1967_lato67,wp_west_1965,wp_west_1965:Netherlands:39,Netherlands,0,0,0.6179,0.4423,0.2487,0.1651
wp_1967_lato67,wp_west_1965,wp_west_1965:Netherlands:40,Netherlands,0,0,0.6172,0.3695,0.4974,0.2767
wp_1967_lato67,wp_west_1965,wp_west_1965:Netherlands:41,Netherlands,0,0,0.6074,0.1441,0.0483,0.0206
wp_1967_lato67,wp_west_1965,wp_west_1965:Netherlands:42,Netherlands,0,0,0.5941,0.2945,0.1468,0.0673
wp_1967_lato67,wp_west_1965,wp_west_1965:Netherlands:43,Netherlands,0,0,0.5843,0.5136,0.4148,0.2262
wp_1967_lato67,wp_west_1965,wp_west_1965:Netherlands:44,Netherlands,0,0,0.5843,0.6487,0.6681,0.5492
wp_1967_lato67,wp_west_1965,wp_west_1965:Netherlands:45,Netherlands,0,0,0.5804,0.5332,0.4107,0.2200
wp_1967_lato67,wp_west_1965,wp_west_1965:Netherlands:46,Netherlands,0,0,0.5651,0.2699,0.1198,0.0571
wp_1967_lato67,wp_west_1965,wp_west_1965:Netherlands:47,Netherlands,0,0,0.5595,0.3811,0.6342,0.4211
wp_1967_lato67,wp_west_1965,wp_west_1965:Netherlands:48,Netherlands,0,0,0.5530,0.5753,0.6154,0.4976
wp_1967_lato67,wp_west_1965,wp_west_1965:Netherlands:49,Netherlands,0,0,0.5238,0.6298,0.4934,0.4359
wp_1967_lato67,wp_west_1965,wp_west_1965:Netherlands:50,Netherlands,0,0,0.5183,0.5808,0.4336,0.3707
wp_1967_lato67,wp_west_1965,wp_west_1965:Netherlands:51,Netherlands,0,0,0.5140,0.4362,0.4383,0.2329
wp_1967_lato67,wp_west_1965,wp_west_1965:Netherlands:52,Netherlands,0,0,0.5088,0.1591,0.1633,0.0653
wp_1967_lato67,wp_west_1965,wp_west_1965:Netherlands:53,Netherlands,1,1,0.5067,0.3124,0.5658,0.4093
wp_1967_lato67,wp_west_1965,wp_west_1965:Netherlands:54,Netherlands,0,0,0.5043,0.4999,0.4210,0.2732
wp_1967_lato67,wp_west_1965,wp_west_1965:Netherlands:55,Netherlands,0,0,0.5041,0.2421,0.2221,0.1178
wp_1967_lato67,wp_west_1965,wp_west_1965:Netherlands:56,Netherlands,0,0,0.4985,0.0835,0.0522,0.0358
wp_1967_lato67,wp_west_1965,wp_west_1965:Netherlands:57,Netherlands,0,0,0.4967,0.3072,0.1176,0.0527
wp_1967_lato67,wp_west_1965,wp_west_1965:Netherlands:58,Netherlands,0,0,0.4965,0.3888,0.4059,0.2552
wp_1967_lato67,wp_west_1965,wp_west_1965:Netherlands:59,Netherlands,0,0,0.4965,0.2909,0.2630,0.2049
wp_1967_lato67,wp_west_1965,wp_west_1965:Netherlands:60,Netherlands,0,0,0.4950,0.2171,0.1188,0.0641
wp_1967_lato67,wp_west_1965,wp_west_1965:Netherlands:61,Netherlands,0,0,0.4832,0.1021,0.0708,0.0484
wp_1967_lato67,wp_west_1965,wp_west_1965:Netherlands:62,Netherlands,0,0,0.4756,0.1446,0.0709,0.0555
wp_1967_lato67,wp_west_1965,wp_west_1965:Netherlands:63,Netherlands,0,0,0.4717,0.0928,0.0851,0.0400
wp_1967_lato67,wp_west_1965,wp_west_1965:Netherlands:64,Netherlands,0,0,0.4703,0.2876,0.1525,0.1095
wp_1967_lato67,wp_west_1965,wp_west_1965:Netherlands:65,Netherlands,0,0,0.4700,0.3167,0.1242,0.0760
wp_1967_lato67,wp_west_1965,wp_west_1965:Netherlands:66,Netherlands,0,0,0.4628,0.3961,0.4615,0.2647
wp_1967_lato67,wp_west_1965,wp_west_1965:Netherlands:67,Netherlands,0,0,0.4625,0.2537,0.2266,0.1530
wp_1967_lato67,wp_west_1965,wp_west_1965:Netherlands:68,Netherlands,0,0,0.4620,0.1609,0.0689,0.0286
wp_1967_lato67,wp_west_1965,wp_west_1965:Netherlands:69,Netherlands,0,0,0.4603,0.2259,0.2498,0.1662
wp_1967_lato67,wp_west_1965,wp_west_1965:Netherlands:70,Netherlands,0,0,0.4599,0.1094,0.0739,0.0356
wp_1967_lato67,wp_west_1965,wp_west_1965:Netherlands:71,Netherlands,0,0,0.4577,0.0674,0.0628,0.0604
wp_1967_lato67,wp_west_1965,wp_west_1965:Netherlands:72,Netherlands,0,0,0.4541,0.1197,0.0768,0.0271
wp_1967_lato67,wp_west_1965,wp_west_1965:Netherlands:73,Netherlands,0,0,0.4529,0.2656,0.1688,0.1088
wp_1967_lato67,wp_west_1965,wp_west_1965:Netherlands:74,Netherlands,0,0,0.4526,0.2221,0.1397,0.0623
wp_1967_lato67,wp_west_1965,wp_west_1965:Netherlands:75,Netherlands,0,0,0.4523,0.2235,0.0646,0.0458
wp_1967_lato67,wp_west_1965,wp_west_1965:Netherlands:76,Netherlands,0,0,0.4440,0.2224,0.2054,0.1408
wp_1967_lato67,wp_west_1965,wp_west_1965:Netherlands:77,Netherlands,0,0,0.4412,0.3136,0.2197,0.1276
wp_1967_lato67,wp_west_1965,wp_west_1965:Netherlands:78,Netherlands,0,0,0.4345,0.1047,0.0729,0.0462
wp_1967_lato67,wp_west_1965,wp_west_1965:Netherlands:79,Netherlands,0,0,0.4322,0.1400,0.2633,0.1258
wp_1967_lato67,wp_west_1965,wp_west_1965:Netherlands:80,Netherlands,0,0,0.4316,0.4282,0.3674,0.1695
wp_1967_lato67,wp_west_1965,wp_west_1965:Netherlands:81,Netherlands,0,0,0.4291,0.0767,0.0587,0.0280
wp_1967_lato67,wp_west_1965,wp_west_1965:Netherlands:82,Netherlands,0,0,0.4280,0.4289,0.5876,0.3714
wp_1967_lato67,wp_west_1965,wp_west_1965:Netherlands:83,Netherlands,0,0,0.4226,0.0789,0.0664,0.0458
wp_1967_lato67,wp_west_1965,wp_west_1965:Netherlands:84,Netherlands,0,0,0.4185,0.4390,0.1976,0.1242
wp_1967_lato67,wp_west_1965,wp_west_1965:Netherlands:85,Netherlands,0,0,0.4156,0.2912,0.1248,0.0659
wp_1967_lato67,wp_west_1965,wp_west_1965:Netherlands:86,Netherlands,0,0,0.4143,0.2764,0.2203,0.1069
wp_1967_lato67,wp_west_1965,wp_west_1965:Netherlands:87,Netherlands,0,0,0.4125,0.0830,0.1045,0.0459
wp_1967_lato67,wp_west_1965,wp_west_1965:Netherlands:88,Netherlands,0,0,0.4114,0.2099,0.2159,0.1008
wp_1967_lato67,wp_west_1965,wp_west_1965:Netherlands:89,Netherlands,0,0,0.4088,0.0538,0.0336,0.0233
wp_1967_lato67,wp_west_1965,wp_west_1965:Netherlands:90,Netherlands,0,0,0.4044,0.2072,0.1555,0.1169
wp_1967_lato67,wp_west_1965,wp_west_1965:Netherlands:91,Netherlands,0,0,0.4038,0.0722,0.0833,0.0404
wp_1967_lato67,wp_west_1965,wp_west_1965:Netherlands:92,Netherlands,0,0,0.3994,0.0677,0.0807,0.0461
wp_1967_lato67,wp_west_1965,wp_west_1965:Netherlands:93,Netherlands,0,0,0.3966,0.1493,0.0956,0.0721
wp_1967_lato67,wp_west_1965,wp_west_1965:Netherlands:94,Netherlands,0,0,0.3959,0.1913,0.1566,0.0531
wp_1967_lato67,wp_west_1965,wp_west_1965:Netherlands:95,Netherlands,0,0,0.3910,0.1065,0.1729,0.0699
wp_1967_lato67,wp_west_1965,wp_west_1965:Netherlands:96,Netherlands,0,0,0.3865,0.2082,0.2437,0.1256
wp_1967_lato67,wp_west_1965,wp_west_1965:Netherlands:97,Netherlands,0,0,0.3831,0.1276,0.1538,0.0633
wp_1967_lato67,wp_west_1965,wp_west_1965:Netherlands:98,Netherlands,0,0,0.3813,0.0551,0.0379,0.0229
wp_1967_lato67,wp_west_1965,wp_west_1965:Netherlands:99,Netherlands,0,0,0.3811,0.2406,0.1690,0.0680
wp_1967_lato67,wp_west_1965,wp_west_1965:Netherlands:100,Netherlands,0,0,0.3807,0.1382,0.1431,0.0938
wp_1967_lato67,wp_west_1965,wp_west_1965:Netherlands:101,Netherlands,0,0,0.3794,0.0552,0.1385,0.0513
wp_1967_lato67,wp_west_1965,wp_west_1965:Netherlands:102,Netherlands,1,1,0.3783,0.0570,0.0555,0.0291
wp_1967_lato67,wp_west_1965,wp_west_1965:Netherlands:103,Netherlands,0,0,0.3737,0.1184,0.1412,0.0472
wp_1967_lato67,wp_west_1965,wp_west_1965:Netherlands:104,Netherlands,0,0,0.3701,0.0900,0.1107,0.0691
wp_1967_lato67,wp_west_1965,wp_west_1965:Netherlands:105,Netherlands,0,0,0.3631,0.0568,0.0973,0.0332
wp_1967_lato67,wp_west_1965,wp_west_1965:Netherlands:106,Netherlands,0,0,0.3617,0.3477,0.2466,0.1547
wp_1967_lato67,wp_west_1965,wp_west_1965:Netherlands:107,Netherlands,0,0,0.3555,0.2660,0.2823,0.1379
wp_1967_lato67,wp_west_1965,wp_west_1965:Netherlands:108,Netherlands,0,0,0.3528,0.1204,0.2618,0.1172
wp_1967_lato67,wp_west_1965,wp_west_1965:Netherlands:109,Netherlands,0,0,0.3511,0.0593,0.0441,0.0393
wp_1967_lato67,wp_west_1965,wp_west_1965:Netherlands:110,Netherlands,0,0,0.3494,0.2835,0.3338,0.1378
wp_1967_lato67,wp_west_1965,wp_west_1965:Netherlands:111,Netherlands,0,0,0.3492,0.5844,0.5223,0.3996
wp_1967_lato67,wp_west_1965,wp_west_1965:Netherlands:112,Netherlands,0,0,0.3483,0.0552,0.0810,0.0308
wp_1967_lato67,wp_west_1965,wp_west_1965:Netherlands:113,Netherlands,0,0,0.3427,0.1050,0.1016,0.0802
wp_1967_lato67,wp_west_1965,wp_west_1965:Netherlands:114,Netherlands,0,0,0.3414,0.0549,0.0728,0.0433
wp_1967_lato67,wp_west_1965,wp_west_1965:Netherlands:115,Netherlands,0,0,0.3411,0.2251,0.1710,0.0924
wp_1967_lato67,wp_west_1965,wp_west_1965:Netherlands:116,Netherlands,0,0,0.3396,0.1076,0.2653,0.2016
wp_1967_lato67,wp_west_1965,wp_west_1965:Netherlands:117,Netherlands,0,0,0.3387,0.0953,0.2377,0.0878
wp_1967_lato67,wp_west_1965,wp_west_1965:Netherlands:118,Netherlands,0,0,0.3365,0.0301,0.0772,0.0305
wp_1967_lato67,wp_west_1965,wp_west_1965:Netherlands:119,Netherlands,0,0,0.3332,0.2136,0.3904,0.1769
wp_1967_lato67,wp_west_1965,wp_west_1965:Netherlands:120,Netherlands,0,0,0.3310,0.0704,0.1304,0.0582
wp_1967_lato67,wp_west_1965,wp_west_1965:Netherlands:121,Netherlands,0,0,0.3305,0.0425,0.0515,0.0373
wp_1967_lato67,wp_west_1965,wp_west_1965:Netherlands:122,Netherlands,0,0,0.3293,0.0565,0.1715,0.0752
wp_1967_lato67,wp_west_1965,wp_west_1965:Netherlands:123,Netherlands,0,0,0.3269,0.2048,0.3289,0.2025
wp_1967_lato67,wp_west_1965,wp_west_1965:Netherlands:124,Netherlands,0,0,0.3257,0.1142,0.1574,0.1015
wp_1967_lato67,wp_west_1965,wp_west_1965:Netherlands:125,Netherlands,0,0,0.3255,0.0406,0.0602,0.0402
wp_1967_lato67,wp_west_1965,wp_west_1965:Netherlands:126,Netherlands,0,0,0.3229,0.0420,0.1031,0.0449
wp_1967_lato67,wp_west_1965,wp_west_1965:Netherlands:127,Netherlands,0,0,0.3216,0.0939,0.2183,0.1044
wp_1967_lato67,wp_west_1965,wp_west_1965:Netherlands:128,Netherlands,0,0,0.3215,0.0520,0.0878,0.0779
wp_1967_lato67,wp_west_1965,wp_west_1965:Netherlands:129,Netherlands,0,0,0.3211,0.1418,0.3225,0.1328
wp_1967_lato67,wp_west_1965,wp_west_1965:Netherlands:130,Netherlands,0,0,0.3184,0.1070,0.3716,0.1717
wp_1967_lato67,wp_west_1965,wp_west_1965:Netherlands:131,Netherlands,0,0,0.3181,0.0301,0.0569,0.0275
wp_1967_lato67,wp_west_1965,wp_west_1965:Netherlands:132,Netherlands,0,0,0.3170,0.1117,0.1382,0.0543
wp_1967_lato67,wp_west_1965,wp_west_1965:Netherlands:133,Netherlands,0,0,0.3168,0.0848,0.1187,0.0498
wp_1967_lato67,wp_west_1965,wp_west_1965:Netherlands:134,Netherlands,0,0,0.3159,0.2097,0.1878,0.1457
wp_1967_lato67,wp_west_1965,wp_west_1965:Netherlands:135,Netherlands,0,0,0.3139,0.0937,0.1069,0.0586
wp_1967_lato67,wp_west_1965,wp_west_1965:Netherlands:136,Netherlands,0,0,0.3134,0.2512,0.3274,0.1374
wp_1967_lato67,wp_west_1965,wp_west_1965:Netherlands:137,Netherlands,0,0,0.3115,0.0440,0.0811,0.0604
wp_1967_lato67,wp_west_1965,wp_west_1965:Netherlands:138,Netherlands,0,0,0.3114,0.0400,0.0807,0.0517
wp_1967_lato67,wp_west_1965,wp_west_1965:Netherlands:139,Netherlands,0,0,0.3089,0.0197,0.0426,0.0231
wp_1967_lato67,wp_west_1965,wp_west_1965:Netherlands:140,Netherlands,0,0,0.3073,0.0898,0.1498,0.0754
wp_1967_lato67,wp_west_1965,wp_west_1965:Netherlands:141,Netherlands,0,0,0.3072,0.3231,0.2946,0.1486
wp_1967_lato67,wp_west_1965,wp_west_1965:Netherlands:142,Netherlands,0,0,0.3060,0.0777,0.1735,0.0578
wp_1967_lato67,wp_west_1965,wp_west_1965:Netherlands:143,Netherlands,0,0,0.3060,0.5830,0.3989,0.3446
wp_1967_lato67,wp_west_1965,wp_west_1965:Netherlands:144,Netherlands,0,0,0.3055,0.0245,0.0921,0.0777
wp_1967_lato67,wp_west_1965,wp_west_1965:Netherlands:145,Netherlands,0,0,0.3044,0.1219,0.1990,0.0804
wp_1967_lato67,wp_west_1965,wp_west_1965:Netherlands:146,Netherlands,0,0,0.3039,0.1482,0.3909,0.1941
wp_1967_lato67,wp_west_1965,wp_west_1965:Netherlands:147,Netherlands,0,0,0.3034,0.0778,0.1778,0.0687
wp_1967_lato67,wp_west_1965,wp_west_1965:Netherlands:148,Netherlands,0,0,0.3028,0.0712,0.1501,0.0695
wp_1967_lato67,wp_west_1965,wp_west_1965:Netherlands:149,Netherlands,0,0,0.3013,0.1700,0.4840,0.2742
wp_1967_lato67,wp_west_1965,wp_west_1965:Netherlands:150,Netherlands,0,0,0.3003,0.1446,0.2377,0.0912
wp_1967_lato67,wp_west_1965,wp_west_1965:Netherlands:151,Netherlands,0,0,0.2967,0.0505,0.1658,0.0603
wp_1967_lato67,wp_west_1965,wp_west_1965:Netherlands:152,Netherlands,0,0,0.2967,0.1322,0.3973,0.1425
wp_1967_lato67,wp_west_1965,wp_west_1965:Netherlands:153,Netherlands,0,0,0.2954,0.0558,0.2432,0.1293
wp_1967_lato67,wp_west_1965,wp_west_1965:Netherlands:154,Netherlands,0,0,0.2941,0.0914,0.2827,0.1087
wp_1967_lato67,wp_west_1965,wp_west_1965:Netherlands:155,Netherlands,0,0,0.2939,0.1197,0.3131,0.1257
wp_1967_lato67,wp_west_1965,wp_west_1965:Netherlands:156,Netherlands,0,0,0.2933,0.1772,0.4909,0.2350
wp_1967_lato67,wp_west_1965,wp_west_1965:Netherlands:157,Netherlands,0,0,0.2926,0.0229,0.1276,0.0789
wp_1967_lato67,wp_west_1965,wp_west_1965:Netherlands:158,Netherlands,0,0,0.2915,0.0901,0.2599,0.0771
wp_1967_lato67,wp_west_1965,wp_west_1965:Netherlands:159,Netherlands,0,0,0.2915,0.1204,0.1041,0.0703
wp_1967_lato67,wp_west_1965,wp_west_1965:Netherlands:160,Netherlands,0,0,0.2903,0.0371,0.1647,0.0619
wp_1967_lato67,wp_west_1965,wp_west_1965:Netherlands:161,Netherlands,0,0,0.2896,0.0925,0.1216,0.0479
wp_1967_lato67,wp_west_1965,wp_west_1965:Netherlands:162,Netherlands,0,0,0.2872,0.0630,0.2331,0.1135
wp_1967_lato67,wp_west_1965,wp_west_1965:Netherlands:163,Netherlands,0,0,0.2870,0.1190,0.1928,0.0792
wp_1967_lato67,wp_west_1965,wp_west_1965:Netherlands:164,Netherlands,0,0,0.2867,0.0211,0.0516,0.0322
wp_1967_lato67,wp_west_1965,wp_west_1965:Netherlands:165,Netherlands,0,0,0.2860,0.0800,0.1260,0.0680
wp_1967_lato67,wp_west_1965,wp_west_1965:Netherlands:166,Netherlands,0,0,0.2851,0.1400,0.3494,0.1562
wp_1967_lato67,wp_west_1965,wp_west_1965:Netherlands:167,Netherlands,0,0,0.2835,0.0596,0.1330,0.0688
wp_1967_lato67,wp_west_1965,wp_west_1965:Netherlands:168,Netherlands,0,0,0.2785,0.0678,0.2405,0.1073
wp_1967_lato67,wp_west_1965,wp_west_1965:Netherlands:169,Netherlands,0,0,0.2774,0.0293,0.1364,0.0728
wp_1967_lato67,wp_west_1965,wp_west_1965:Netherlands:170,Netherlands,0,0,0.2771,0.0296,0.1177,0.0509
wp_1967_lato67,wp_west_1965,wp_west_1965:Netherlands:171,Netherlands,0,0,0.2770,0.1210,0.1540,0.1057
wp_1967_lato67,wp_west_1965,wp_west_1965:Netherlands:172,Netherlands,0,0,0.2761,0.0668,0.2271,0.1334
wp_1967_lato67,wp_west_1965,wp_west_1965:Netherlands:173,Netherlands,0,0,0.2745,0.0345,0.1687,0.0926
wp_1967_lato67,wp_west_1965,wp_west_1965:Netherlands:174,Netherlands,0,0,0.2731,0.1587,0.2500,0.1022
wp_1967_lato67,wp_west_1965,wp_west_1965:Netherlands:175,Netherlands,0,0,0.2713,0.1103,0.2225,0.1035
wp_1967_lato67,wp_west_1965,wp_west_1965:Netherlands:176,Netherlands,0,0,0.2702,0.0413,0.1716,0.0624
wp_1967_lato67,wp_west_1965,wp_west_1965:Netherlands:177,Netherlands,0,0,0.2691,0.0923,0.3169,0.1154
wp_1967_lato67,wp_west_1965,wp_west_1965:Netherlands:178,Netherlands,0,0,0.2683,0.1003,0.0988,0.0615
wp_1967_lato67,wp_west_1965,wp_west_1965:Netherlands:179,Netherlands,0,0,0.2678,0.0287,0.0728,0.0425
wp_1967_lato67,wp_west_1965,wp_west_1965:Netherlands:180,Netherlands,0,0,0.2648,0.3241,0.1823,0.1281
wp_1967_lato67,wp_west_1965,wp_west_1965:Netherlands:181,Netherlands,1,1,0.2634,0.0522,0.2920,0.1153
wp_1967_lato67,wp_west_1965,wp_west_1965:Netherlands:182,Netherlands,0,0,0.2598,0.0348,0.1604,0.0546
wp_1967_lato67,wp_west_1965,wp_west_1965:Netherlands:183,Netherlands,0,0,0.2591,0.1591,0.2124,0.1041
wp_1967_lato67,wp_west_1965,wp_west_1965:Netherlands:184,Netherlands,0,0,0.2591,0.1147,0.3808,0.1237
wp_1967_lato67,wp_west_1965,wp_west_1965:Netherlands:185,Netherlands,0,0,0.2582,0.0657,0.2674,0.1281
wp_1967_lato67,wp_west_1965,wp_west_1965:Netherlands:186,Netherlands,0,0,0.2574,0.0515,0.1114,0.0461
wp_1967_lato67,wp_west_1965,wp_west_1965:Netherlands:187,Netherlands,1,1,0.2565,0.0290,0.0966,0.0436
wp_1967_lato67,wp_west_1965,wp_west_1965:Netherlands:188,Netherlands,0,0,0.2564,0.0362,0.0915,0.0585
wp_1967_lato67,wp_west_1965,wp_west_1965:Netherlands:189,Netherlands,0,0,0.2562,0.2569,0.5043,0.2846
wp_1967_lato67,wp_west_1965,wp_west_1965:Netherlands:190,Netherlands,0,0,0.2559,0.1268,0.4390,0.1635
wp_1967_lato67,wp_west_1965,wp_west_1965:Netherlands:191,Netherlands,0,0,0.2543,0.0343,0.0799,0.0453
wp_1967_lato67,wp_west_1965,wp_west_1965:Netherlands:192,Netherlands,0,0,0.2517,0.0811,0.2575,0.0916
wp_1967_lato67,wp_west_1965,wp_west_1965:Netherlands:193,Netherlands,0,0,0.2513,0.0207,0.0377,0.0243
wp_1967_lato67,wp_west_1965,wp_west_1965:Netherlands:194,Netherlands,0,0,0.2497,0.0222,0.0886,0.0458
wp_1967_lato67,wp_west_1965,wp_west_1965:Netherlands:195,Netherlands,0,0,0.2444,0.0564,0.1474,0.0372
wp_1967_lato67,wp_west_1965,wp_west_1965:Netherlands:196,Netherlands,0,0,0.2439,0.0536,0.2473,0.0780
wp_1967_lato67,wp_west_1965,wp_west_1965:Netherlands:197,Netherlands,0,0,0.2421,0.0579,0.2108,0.0836
wp_1967_lato67,wp_west_1965,wp_west_1965:Netherlands:198,Netherlands,0,0,0.2400,0.0193,0.1114,0.0416
wp_1967_lato67,wp_west_1965,wp_west_1965:Netherlands:199,Netherlands,0,0,0.2399,0.0615,0.0891,0.0568
wp_1967_lato67,wp_west_1965,wp_west_1965:Netherlands:200,Netherlands,0,0,0.2388,0.0360,0.1326,0.0510
wp_1967_lato67,wp_west_1965,wp_west_1965:Netherlands:201,Netherlands,0,0,0.2387,0.0265,0.2005,0.0688
wp_1967_lato67,wp_west_1965,wp_west_1965:Netherlands:202,Netherlands,0,0,0.2382,0.1270,0.3330,0.1450
wp_1967_lato67,wp_west_1965,wp_west_1965:Netherlands:203,Netherlands,0,0,0.2375,0.0836,0.3462,0.1044
wp_1967_lato67,wp_west_1965,wp_west_1965:Netherlands:204,Netherlands,0,0,0.2365,0.0352,0.0784,0.0444
wp_1967_lato67,wp_west_1965,wp_west_1965:Netherlands:205,Netherlands,0,0,0.2358,0.0687,0.3565,0.1008
wp_1967_lato67,wp_west_1965,wp_west_1965:Netherlands:206,Netherlands,0,0,0.2357,0.0122,0.1098,0.0512
wp_1967_lato67,wp_west_1965,wp_west_1965:Netherlands:207,Netherlands,0,0,0.2357,0.0570,0.1713,0.0476
wp_1967_lato67,wp_west_1965,wp_west_1965:Netherlands:208,Netherlands,0,0,0.2348,0.0411,0.0975,0.0600
wp_1967_lato67,wp_west_1965,wp_west_1965:Netherlands:209,Netherlands,0,0,0.2337,0.0357,0.1464,0.0662
wp_1967_lato67,wp_west_1965,wp_west_1965:Netherlands:210,Netherlands,0,0,0.2336,0.0237,0.0814,0.0384
wp_1967_lato67,wp_west_1965,wp_west_1965:Netherlands:211,Netherlands,0,0,0.2312,0.0413,0.1242,0.0668
wp_1967_lato67,wp_west_1965,wp_west_1965:Netherlands:212,Netherlands,0,0,0.2305,0.1474,0.1301,0.0948
wp_1967_lato67,wp_west_1965,wp_west_1965:Netherlands:213,Netherlands,0,0,0.2289,0.0483,0.0697,0.0343
wp_1967_lato67,wp_west_1965,wp_west_1965:Netherlands:214,Netherlands,0,0,0.2286,0.0687,0.3419,0.1186
wp_1967_lato67,wp_west_1965,wp_west_1965:Netherlands:215,Netherlands,0,0,0.2284,0.0115,0.0415,0.0214
wp_1967_lato67,wp_west_1965,wp_west_1965:Netherlands:216,Netherlands,0,0,0.2279,0.2127,0.1629,0.1465
wp_1967_lato67,wp_west_1965,wp_west_1965:Netherlands:217,Netherlands,0,0,0.2264,0.0363,0.0940,0.0636
wp_1967_lato67,wp_west_1965,wp_west_1965:Netherlands:218,Netherlands,0,0,0.2253,0.0426,0.1186,0.0484
wp_1967_lato67,wp_west_1965,wp_west_1965:Netherlands:219,Netherlands,0,0,0.2252,0.0242,0.0656,0.0340
wp_1967_lato67,wp_west_1965,wp_west_1965:Belgium:0,,0,0,0.3985,0.4099,0.2254,0.1097
wp_1967_lato67,wp_west_1965,wp_west_1965:Belgium:1,,1,1,0.3985,0.4099,0.2254,0.1097
wp_1967_lato67,wp_west_1965,wp_west_1965:Belgium:2,,0,0,0.3985,0.4099,0.2254,0.1097
wp_1967_lato67,wp_west_1965,wp_west_1965:Belgium:3,,0,0,0.3985,0.4099,0.2254,0.1097
wp_1967_lato67,wp_west_1965,wp_west_1965:Belgium:4,,0,0,0.3985,0.4099,0.2254,0.1097
wp_1967_lato67,wp_west_1965,wp_west_1965:Belgium:5,,0,0,0.3985,0.4099,0.2254,0.1097
wp_1967_lato67,wp_west_1965,wp_west_1965:Belgium:6,,0,0,0.3985,0.4099,0.2254,0.1097
wp_1967_lato67,wp_west_1965,wp_west_1965:Belgium:7,,0,0,0.3985,0.4099,0.2254,0.1097
wp_1967_lato67,wp_west_1965,wp_west_1965:Belgium:8,,0,0,0.3985,0.4099,0.2254,0.1097
wp_1967_lato67,wp_west_1965,wp_west_1965:Belgium:9,,0,0,0.3985,0.4099,0.2254,0.1097
wp_1967_lato67,wp_west_1965,wp_west_1965:Belgium:10,,0,0,0.3985,0.4099,0.2254,0.1097
wp_1967_lato67,wp_west_1965,wp_west_1965:Belgium:11,,1,1,0.3985,0.4099,0.2254,0.1097
wp_1967_lato67,wp_west_1965,wp_west_1965:Belgium:12,,0,0,0.3985,0.4099,0.2254,0.1097
wp_1967_lato67,wp_west_1965,wp_west_1965:Belgium:13,,0,0,0.3985,0.4099,0.2254,0.1097
wp_1967_lato67,wp_west_1965,wp_west_1965:Belgium:14,,0,0,0.3985,0.4099,0.2254,0.1097
wp_1967_lato67,wp_west_1965,wp_west_1965:Belgium:15,,0,0,0.3985,0.4099,0.2254,0.1097
wp_1967_lato67,wp_west_1965,wp_west_1965:Belgium:16,,0,0,0.3985,0.4099,0.2254,0.1097
wp_1967_lato67,wp_west_1965,wp_west_1965:Belgium:17,,0,0,0.3985,0.4099,0.2254,0.1097
wp_1967_lato67,wp_west_1965,wp_west_1965:Belgium:18,,0,0,0.3985,0.4099,0.2254,0.1097
wp_1967_lato67,wp_west_1965,wp_west_1965:Belgium:19,,0,0,0.3985,0.4099,0.2254,0.1097
wp_1967_lato67,wp_west_1965,wp_west_1965:Belgium:20,,0,0,0.3985,0.4099,0.2254,0.1097
wp_1967_lato67,wp_west_1965,wp_west_1965:Belgium:21,,0,0,0.3985,0.4099,0.2254,0.1097
wp_1967_lato67,wp_west_1965,wp_west_1965:Belgium:22,,0,0,0.3985,0.4099,0.2254,0.1097
wp_1967_lato67,wp_west_1965,wp_west_1965:Belgium:23,,0,0,0.3985,0.4099,0.2254,0.1097
wp_1967_lato67,wp_west_1965,wp_west_1965:Belgium:24,,0,0,0.3985,0.4099,0.2254,0.1097
wp_1967_lato67,wp_west_1965,wp_west_1965:Belgium:25,,0,0,0.3985,0.4099,0.2254,0.1097
wp_1967_lato67,wp_west_1965,wp_west_1965:Belgium:26,,0,0,0.3985,0.4099,0.2254,0.1097
wp_1967_lato67,wp_west_1965,wp_west_1965:Belgium:27,,0,0,0.3985,0.4099,0.2254,0.1097
wp_1967_lato67,wp_west_1965,wp_west_1965:Belgium:28,,0,0,0.3985,0.4099,0.2254,0.1097
wp_1967_lato67,wp_west_1965,wp_west_1965:Belgium:29,,0,0,0.3985,0.4099,0.2254,0.1097
wp_1967_lato67,wp_west_1965,wp_west_1965:Belgium:30,,0,0,0.3985,0.4099,0.2254,0.1097
wp_1967_lato67,wp_west_1965,wp_west_1965:Belgium:31,,0,0,0.3985,0.4099,0.2254,0.1097
wp_1967_lato67,wp_west_1965,wp_west_1965:Belgium:32,,0,0,0.3985,0.4099,0.2254,0.1097
wp_1967_lato67,wp_west_1965,wp_west_1965:Belgium:33,,0,0,0.3985,0.4099,0.2254,0.1097
wp_1967_lato67,wp_west_1965,wp_west_1965:Belgium:34,,0,0,0.3985,0.4099,0.2254,0.1097
wp_1967_lato67,wp_west_1965,wp_west_1965:Belgium:35,,0,0,0.3985,0.4099,0.2254,0.1097
wp_1967_lato67,wp_west_1965,wp_west_1965:Belgium:36,,0,0,0.3985,0.4099,0.2254,0.1097
wp_1967_lato67,wp_west_1965,wp_west_1965:Belgium:37,,0,0,0.3985,0.4099,0.2254,0.1097
wp_1967_lato67,wp_west_1965,wp_west_1965:Belgium:38,,0,0,0.3985,0.4099,0.2254,0.1097
wp_1967_lato67,wp_west_1965,wp_west_1965:Belgium:39,,0,0,0.3985,0.4099,0.2254,0.1097
wp_1967_lato67,wp_west_1965,wp_west_1965:Belgium:40,,0,0,0.3985,0.4099,0.2254,0.1097
wp_1967_lato67,wp_west_1965,wp_west_1965:Belgium:41,,0,0,0.3985,0.4099,0.2254,0.1097
wp_1967_lato67,wp_west_1965,wp_west_1965:Belgium:42,,0,0,0.3985,0.4099,0.2254,0.1097
wp_1967_lato67,wp_west_1965,wp_west_1965:Belgium:43,,0,0,0.3985,0.4099,0.2254,0.1097
wp_1967_lato67,wp_west_1965,wp_west_1965:Belgium:44,,0,0,0.3985,0.4099,0.2254,0.1097
wp_1967_lato67,wp_west_1965,wp_west_1965:Belgium:45,,0,0,0.3985,0.4099,0.2254,0.1097
wp_1967_lato67,wp_west_1965,wp_west_1965:Belgium:46,,0,0,0.3985,0.4099,0.2254,0.1097
wp_1967_lato67,wp_west_1965,wp_west_1965:Belgium:47,,0,0,0.3985,0.4099,0.2254,0.1097
wp_1967_lato67,wp_west_1965,wp_west_1965:Belgium:48,,0,0,0.3985,0.4099,0.2254,0.1097
wp_1967_lato67,wp_west_1965,wp_west_1965:Belgium:49,,0,0,0.3985,0.4099,0.2254,0.1097
wp_1967_lato67,wp_west_1965,wp_west_1965:Belgium:50,,0,0,0.3985,0.4099,0.2254,0.1097
wp_1967_lato67,wp_west_1965,wp_west_1965:Belgium:51,,0,0,0.3985,0.4099,0.2254,0.1097
wp_1967_lato67,wp_west_1965,wp_west_1965:Belgium:52,,0,0,0.3985,0.4099,0.2254,0.1097
wp_1967_lato67,wp_west_1965,wp_west_1965:Belgium:53,,0,0,0.3985,0.4099,0.2254,0.1097
wp_1967_lato67,wp_west_1965,wp_west_1965:Belgium:54,,0,0,0.3985,0.4099,0.2254,0.1097
wp_1967_lato67,wp_west_1965,wp_west_1965:Belgium:55,,0,0,0.3985,0.4099,0.2254,0.1097
wp_1967_lato67,wp_west_1965,wp_west_1965:Belgium:56,,0,0,0.3985,0.4099,0.2254,0.1097
wp_1967_lato67,wp_west_1965,wp_west_1965:Belgium:57,,0,0,0.3985,0.4099,0.2254,0.1097
wp_1967_lato67,wp_west_1965,wp_west_1965:Belgium:58,,0,0,0.3985,0.4099,0.2254,0.1097
wp_1967_lato67,wp_west_1965,wp_west_1965:Belgium:59,,0,0,0.3985,0.4099,0.2254,0.1097
wp_1967_lato67,wp_west_1965,wp_west_1965:Belgium:60,,0,0,0.3985,0.4099,0.2254,0.1097
wp_1967_lato67,wp_west_1965,wp_west_1965:Belgium:61,,0,0,0.3985,0.4099,0.2254,0.1097
wp_1967_lato67,wp_west_1965,wp_west_1965:Belgium:62,,0,0,0.3985,0.4099,0.2254,0.1097
wp_1967_lato67,wp_west_1965,wp_west_1965:Belgium:63,,0,0,0.3985,0.4099,0.2254,0.1097
wp_1967_lato67,wp_west_1965,wp_west_1965:Belgium:64,,0,0,0.3985,0.4099,0.2254,0.1097
wp_1967_lato67,wp_west_1965,wp_west_1965:Belgium:65,,0,0,0.3985,0.4099,0.2254,0.1097
wp_1967_lato67,wp_west_1965,wp_west_1965:Belgium:66,,0,0,0.3985,0.4099,0.2254,0.1097
wp_1967_lato67,wp_west_1965,wp_west_1965:Belgium:67,,0,0,0.3985,0.4099,0.2254,0.1097
wp_1967_lato67,wp_west_1965,wp_west_1965:Belgium:68,,0,0,0.3985,0.4099,0.2254,0.1097
wp_1967_lato67,wp_west_1965,wp_west_1965:Belgium:69,,0,0,0.3985,0.4099,0.2254,0.1097
wp_1967_lato67,wp_west_1965,wp_west_1965:Belgium:70,,0,0,0.3985,0.4099,0.2254,0.1097
wp_1967_lato67,wp_west_1965,wp_west_1965:Belgium:71,,0,0,0.3985,0.4099,0.2254,0.1097
wp_1967_lato67,wp_west_1965,wp_west_1965:Belgium:72,,0,0,0.3985,0.4099,0.2254,0.1097
wp_1967_lato67,wp_west_1965,wp_west_1965:Belgium:73,,0,0,0.3985,0.4099,0.2254,0.1097
wp_1967_lato67,wp_west_1965,wp_west_1965:Belgium:74,,0,0,0.3985,0.4099,0.2254,0.1097
wp_1967_lato67,wp_west_1965,wp_west_1965:Belgium:75,,0,0,0.3985,0.4099,0.2254,0.1097
wp_1967_lato67,wp_west_1965,wp_west_1965:Belgium:76,,0,0,0.3985,0.4099,0.2254,0.1097
wp_1967_lato67,wp_west_1965,wp_west_1965:Belgium:77,,0,0,0.3985,0.4099,0.2254,0.1097
wp_1967_lato67,wp_west_1965,wp_west_1965:Belgium:78,,0,0,0.3985,0.4099,0.2254,0.1097
wp_1967_lato67,wp_west_1965,wp_west_1965:Belgium:79,,0,0,0.3985,0.4099,0.2254,0.1097
wp_1967_lato67,wp_west_1965,wp_west_1965:Belgium:80,,0,0,0.3985,0.4099,0.2254,0.1097
wp_1967_lato67,wp_west_1965,wp_west_1965:Belgium:81,,0,0,0.3985,0.4099,0.2254,0.1097
wp_1967_lato67,wp_west_1965,wp_west_1965:Belgium:82,,0,0,0.3985,0.4099,0.2254,0.1097
wp_1967_lato67,wp_west_1965,wp_west_1965:Belgium:83,,0,0,0.3985,0.4099,0.2254,0.1097
wp_1967_lato67,wp_west_1965,wp_west_1965:Belgium:84,,0,0,0.3985,0.4099,0.2254,0.1097
wp_1967_lato67,wp_west_1965,wp_west_1965:Belgium:85,,0,0,0.3985,0.4099,0.2254,0.1097
wp_1967_lato67,wp_west_1965,wp_west_1965:Belgium:86,,0,0,0.3985,0.4099,0.2254,0.1097
wp_1967_lato67,wp_west_1965,wp_west_1965:Belgium:87,,0,0,0.3985,0.4099,0.2254,0.1097
wp_1967_lato67,wp_west_1965,wp_west_1965:Belgium:88,,0,0,0.3985,0.4099,0.2254,0.1097
wp_1967_lato67,wp_west_1965,wp_west_1965:Belgium:89,,0,0,0.3985,0.4099,0.2254,0.1097
wp_1967_lato67,wp_west_1965,wp_west_1965:Belgium:90,,0,0,0.3985,0.4099,0.2254,0.1097
wp_1967_lato67,wp_west_1965,wp_west_1965:Belgium:91,,0,0,0.3985,0.4099,0.2254,0.1097
wp_1967_lato67,wp_west_1965,wp_west_1965:Belgium:92,,0,0,0.3985,0.4099,0.2254,0.1097
wp_1967_lato67,wp_west_1965,wp_west_1965:Belgium:93,,0,0,0.3985,0.4099,0.2254,0.1097
wp_1967_lato67,wp_west_1965,wp_west_1965:Belgium:94,,0,0,0.3985,0.4099,0.2254,0.1097
wp_1967_lato67,wp_west_1965,wp_west_1965:Belgium:95,,0,0,0.3985,0.4099,0.2254,0.1097
wp_1967_lato67,wp_west_1965,wp_west_1965:Belgium:96,,0,0,0.3985,0.4099,0.2254,0.1097
wp_1967_lato67,wp_west_1965,wp_west_1965:Belgium:97,,0,0,0.3985,0.4099,0.2254,0.1097
wp_1967_lato67,wp_west_1965,wp_west_1965:Belgium:98,,0,0,0.3985,0.4099,0.2254,0.1097
wp_1967_lato67,wp_west_1965,wp_west_1965:Belgium:99,,0,0,0.3985,0.4099,0.2254,0.1097
wp_1967_lato67,wp_west_1965,wp_west_1965:Belgium:100,,0,0,0.3985,0.4099,0.2254,0.1097
wp_1967_lato67,wp_west_1965,wp_west_1965:Belgium:101,,0,0,0.3985,0.4099,0.2254,0.1097
wp_1967_lato67,wp_west_1965,wp_west_1965:Belgium:102,,0,0,0.3985,0.4099,0.2254,0.1097
wp_1967_lato67,wp_west_1965,wp_west_1965:Belgium:103,,0,0,0.3985,0.4099,0.2254,0.1097
wp_1967_lato67,wp_west_1965,wp_west_1965:Belgium:104,,0,0,0.3985,0.4099,0.2254,0.1097
wp_1967_lato67,wp_west_1965,wp_west_1965:Belgium:105,,0,0,0.3985,0.4099,0.2254,0.1097
wp_1967_lato67,wp_west_1965,wp_west_1965:Belgium:106,,0,0,0.3985,0.4099,0.2254,0.1097
wp_1967_lato67,wp_west_1965,wp_west_1965:Belgium:107,,0,0,0.3985,0.4099,0.2254,0.1097
wp_1967_lato67,wp_west_1965,wp_west_1965:Belgium:108,,0,0,0.3985,0.4099,0.2254,0.1097
wp_1967_lato67,wp_west_1965,wp_west_1965:Belgium:109,,0,0,0.3985,0.4099,0.2254,0.1097
wp_1967_lato67,wp_west_1965,wp_west_1965:Belgium:110,,0,0,0.3985,0.4099,0.2254,0.1097
wp_1967_lato67,wp_west_1965,wp_west_1965:Belgium:111,,0,0,0.3985,0.4099,0.2254,0.1097
wp_1967_lato67,wp_west_1965,wp_west_1965:Belgium:112,,0,0,0.3985,0.4099,0.2254,0.1097
wp_1967_lato67,wp_west_1965,wp_west_1965:Belgium:113,,0,0,0.3985,0.4099,0.2254,0.1097
wp_1967_lato67,wp_west_1965,wp_west_1965:Belgium:114,,0,0,0.3985,0.4099,0.2254,0.1097
wp_1967_lato67,wp_west_1965,wp_west_1965:Belgium:115,,0,0,0.3985,0.4099,0.2254,0.1097
wp_1967_lato67,wp_west_1965,wp_west_1965:Belgium:116,,0,0,0.3985,0.4099,0.2254,0.1097
wp_1967_lato67,wp_west_1965,wp_west_1965:Belgium:117,,0,0,0.3985,0.4099,0.2254,0.1097
wp_1967_lato67,wp_west_1965,wp_west_1965:Belgium:118,,0,0,0.3985,0.4099,0.2254,0.1097
wp_1967_lato67,wp_west_1965,wp_west_1965:Belgium:119,,0,0,0.3985,0.4099,0.2254,0.1097
wp_1967_lato67,wp_west_1965,wp_west_1965:Belgium:120,,0,0,0.3985,0.4099,0.2254,0.1097
wp_1967_lato67,wp_west_1965,wp_west_1965:Belgium:121,,0,0,0.3985,0.4099,0.2254,0.1097
wp_1967_lato67,wp_west_1965,wp_west_1965:Belgium:122,,0,0,0.3985,0.4099,0.2254,0.1097
wp_1967_lato67,wp_west_1965,wp_west_1965:Belgium:123,,0,0,0.3985,0.4099,0.2254,0.1097
wp_1967_lato67,wp_west_1965,wp_west_1965:Belgium:124,,0,0,0.3985,0.4099,0.2254,0.1097
wp_1967_lato67,wp_west_1965,wp_west_1965:Belgium:125,,0,0,0.3985,0.4099,0.2254,0.1097
wp_1967_lato67,wp_west_1965,wp_west_1965:Belgium:126,,0,0,0.3985,0.4099,0.2254,0.1097
wp_1967_lato67,wp_west_1965,wp_west_1965:Belgium:127,,0,0,0.3985,0.4099,0.2254,0.1097
wp_1967_lato67,wp_west_1965,wp_west_1965:Belgium:128,,0,0,0.3985,0.4099,0.2254,0.1097
wp_1967_lato67,wp_west_1965,wp_west_1965:Belgium:129,,0,0,0.3985,0.4099,0.2254,0.1097
wp_1967_lato67,wp_west_1965,wp_west_1965:Belgium:130,,0,0,0.3985,0.4099,0.2254,0.1097
wp_1967_lato67,wp_west_1965,wp_west_1965:Belgium:131,,0,0,0.3985,0.4099,0.2254,0.1097
wp_1967_lato67,wp_west_1965,wp_west_1965:Belgium:132,,0,0,0.3985,0.4099,0.2254,0.1097
wp_1967_lato67,wp_west_1965,wp_west_1965:Belgium:133,,0,0,0.3985,0.4099,0.2254,0.1097
wp_1967_lato67,wp_west_1965,wp_west_1965:Belgium:134,,0,0,0.3985,0.4099,0.2254,0.1097
wp_1967_lato67,wp_west_1965,wp_west_1965:Belgium:135,,0,0,0.3985,0.4099,0.2254,0.1097
wp_1967_lato67,wp_west_1965,wp_west_1965:Belgium:136,,0,0,0.3985,0.4099,0.2254,0.1097
wp_1967_lato67,wp_west_1965,wp_west_1965:Belgium:137,,0,0,0.3985,0.4099,0.2254,0.1097
wp_1967_lato67,wp_west_1965,wp_west_1965:Belgium:138,,0,0,0.3985,0.4099,0.2254,0.1097
wp_1967_lato67,wp_west_1965,wp_west_1965:Belgium:139,,0,0,0.3985,0.4099,0.2254,0.1097
wp_1967_lato67,wp_west_1965,wp_west_1965:Belgium:140,,0,0,0.3985,0.4099,0.2254,0.1097
wp_1967_lato67,wp_west_1965,wp_west_1965:Belgium:141,,0,0,0.3985,0.4099,0.2254,0.1097
wp_1967_lato67,wp_west_1965,wp_west_1965:Belgium:142,,0,0,0.3985,0.4099,0.2254,0.1097
wp_1967_lato67,wp_west_1965,wp_west_1965:Belgium:143,,0,0,0.3985,0.4099,0.2254,0.1097
wp_1967_lato67,wp_west_1965,wp_west_1965:Belgium:144,,0,0,0.3985,0.4099,0.2254,0.1097
wp_1967_lato67,wp_west_1965,wp_west_1965:Belgium:145,,0,0,0.3985,0.4099,0.2254,0.1097
wp_1967_lato67,wp_west_1965,wp_west_1965:Belgium:146,,0,0,0.3985,0.4099,0.2254,0.1097
wp_1967_lato67,wp_west_1965,wp_west_1965:Belgium:147,,0,0,0.3985,0.4099,0.2254,0.1097
wp_1967_lato67,wp_west_1965,wp_west_1965:Belgium:148,,0,0,0.3985,0.4099,0.2254,0.1097
wp_1967_lato67,wp_west_1965,wp_west_1965:Belgium:149,,0,0,0.3985,0.4099,0.2254,0.1097
wp_1967_lato67,wp_west_1965,wp_west_1965:Belgium:150,,0,0,0.3985,0.4099,0.2254,0.1097
wp_1967_lato67,wp_west_1965,wp_west_1965:Belgium:151,,0,0,0.3985,0.4099,0.2254,0.1097
wp_1967_lato67,wp_west_1965,wp_west_1965:Belgium:152,,0,0,0.3985,0.4099,0.2254,0.1097
wp_1967_lato67,wp_west_1965,wp_west_1965:Belgium:153,,0,0,0.3985,0.4099,0.2254,0.1097
wp_1967_lato67,wp_west_1965,wp_west_1965:Belgium:154,,0,0,0.3985,0.4099,0.2254,0.1097
wp_1967_lato67,wp_west_1965,wp_west_1965:Belgium:155,,0,0,0.3985,0.4099,0.2254,0.1097
wp_1967_lato67,wp_west_1965,wp_west_1965:Belgium:156,,0,0,0.3985,0.4099,0.2254,0.1097
wp_1967_lato67,wp_west_1965,wp_west_1965:Belgium:157,,0,0,0.3985,0.4099,0.2254,0.1097
wp_1967_lato67,wp_west_1965,wp_west_1965:Belgium:158,,0,0,0.3985,0.4099,0.2254,0.1097
wp_1967_lato67,wp_west_1965,wp_west_1965:Belgium:159,,0,0,0.3985,0.4099,0.2254,0.1097
wp_1967_lato67,wp_west_1965,wp_west_1965:Belgium:160,,0,0,0.3985,0.4099,0.2254,0.1097
wp_1967_lato67,wp_west_1965,wp_west_1965:Belgium:161,,0,0,0.3985,0.4099,0.2254,0.1097
wp_1967_lato67,wp_west_1965,wp_west_1965:Belgium:162,,0,0,0.3985,0.4099,0.2254,0.1097
wp_1967_lato67,wp_west_1965,wp_west_1965:Belgium:163,,0,0,0.3985,0.4099,0.2254,0.1097
wp_1967_lato67,wp_west_1965,wp_west_1965:Belgium:164,,0,0,0.3985,0.4099,0.2254,0.1097
wp_1967_lato67,wp_west_1965,wp_west_1965:Belgium:165,,0,0,0.3985,0.4099,0.2254,0.1097
wp_1967_lato67,wp_west_1965,wp_west_1965:Belgium:166,,0,0,0.3985,0.4099,0.2254,0.1097
wp_1967_lato67,wp_west_1965,wp_west_1965:Belgium:167,,0,0,0.3985,0.4099,0.2254,0.1097
wp_1967_lato67,wp_west_1965,wp_west_1965:Belgium:168,,0,0,0.3985,0.4099,0.2254,0.1097
wp_1967_lato67,wp_west_1965,wp_west_1965:Belgium:169,,0,0,0.3985,0.4099,0.2254,0.1097
wp_1967_lato67,wp_west_1965,wp_west_1965:Belgium:170,,0,0,0.3985,0.4099,0.2254,0.1097
wp_1967_lato67,wp_west_1965,wp_west_1965:Belgium:171,,0,0,0.3985,0.4099,0.2254,0.1097
wp_1970_coastal_front_map,wp_west_1965,wp_west_1965:Denmark:0,Denmark,1,1,0.9777,0.8977,0.9356,0.9137
wp_1970_coastal_front_map,wp_west_1965,wp_west_1965:Denmark:1,Denmark,0,0,0.8349,0.7579,0.7563,0.7024
wp_1970_coastal_front_map,wp_west_1965,wp_west_1965:Denmark:2,Denmark,0,0,0.7889,0.7693,0.4306,0.3876
wp_1970_coastal_front_map,wp_west_1965,wp_west_1965:Denmark:3,Denmark,0,0,0.3993,0.1337,0.0669,0.0387
wp_1970_coastal_front_map,wp_west_1965,wp_west_1965:Denmark:4,Denmark,0,0,0.7218,0.5508,0.2972,0.2276
wp_1970_coastal_front_map,wp_west_1965,wp_west_1965:Denmark:5,Denmark,0,0,0.4207,0.1615,0.0532,0.0352
wp_1970_coastal_front_map,wp_west_1965,wp_west_1965:Denmark:6,Denmark,0,0,0.4143,0.2546,0.0543,0.0407
wp_1970_coastal_front_map,wp_west_1965,wp_west_1965:Denmark:7,Denmark,0,0,0.5847,0.3283,0.1616,0.1131
wp_1970_coastal_front_map,wp_west_1965,wp_west_1965:Denmark:8,Denmark,0,0,0.7182,0.7000,0.3080,0.2348
wp_1970_coastal_front_map,wp_west_1965,wp_west_1965:Denmark:9,Denmark,0,0,0.5915,0.3785,0.0982,0.0842
wp_1970_coastal_front_map,wp_west_1965,wp_west_1965:Denmark:10,Denmark,0,0,0.4698,0.2732,0.1293,0.1112
wp_1970_coastal_front_map,wp_west_1965,wp_west_1965:Denmark:11,Denmark,0,0,0.6144,0.1962,0.0688,0.0421
wp_1970_coastal_front_map,wp_west_1965,wp_west_1965:Denmark:12,Denmark,0,0,0.3899,0.2283,0.0600,0.0438
wp_1970_coastal_front_map,wp_west_1965,wp_west_1965:Denmark:13,Denmark,1,1,0.2806,0.1025,0.2165,0.0813
wp_1970_coastal_front_map,wp_west_1965,wp_west_1965:Denmark:14,Denmark,0,0,0.3159,0.1617,0.1164,0.0771
wp_1970_coastal_front_map,wp_west_1965,wp_west_1965:Denmark:15,Denmark,0,0,0.2722,0.0811,0.1275,0.0531
wp_1970_coastal_front_map,wp_west_1965,wp_west_1965:Denmark:16,Denmark,0,0,0.6963,0.8131,0.9045,0.8862
wp_1970_coastal_front_map,wp_west_1965,wp_west_1965:Denmark:17,Denmark,0,0,0.5118,0.6337,0.6625,0.6099
wp_1970_coastal_front_map,wp_west_1965,wp_west_1965:Denmark:18,Denmark,0,0,0.4295,0.7373,0.8637,0.7164
wp_1970_coastal_front_map,wp_west_1965,wp_west_1965:Denmark:19,Denmark,0,0,0.3948,0.2887,0.1417,0.0978
wp_1970_coastal_front_map,wp_west_1965,wp_west_1965:Denmark:20,Denmark,0,0,0.5377,0.7615,0.8529,0.8319
wp_1970_coastal_front_map,wp_west_1965,wp_west_1965:Denmark:21,Denmark,0,0,0.4572,0.7166,0.7687,0.6872
wp_1970_coastal_front_map,wp_west_1965,wp_west_1965:Denmark:22,Denmark,0,0,0.3688,0.6588,0.2293,0.1764
wp_1970_coastal_front_map,wp_west_1965,wp_west_1965:Denmark:23,Denmark,0,0,0.3517,0.7772,0.7491,0.6455
wp_1970_coastal_front_map,wp_west_1965,wp_west_1965:Denmark:24,Denmark,1,1,0.3387,0.3806,0.4725,0.2472
wp_1970_coastal_front_map,wp_west_1965,wp_west_1965:Denmark:25,Denmark,0,0,0.3794,0.4985,0.4309,0.3056
wp_1970_coastal_front_map,wp_west_1965,wp_west_1965:Denmark:26,Denmark,0,0,0.5974,0.6600,0.7076,0.5619
wp_1970_coastal_front_map,wp_west_1965,wp_west_1965:Denmark:27,Denmark,0,0,0.2324,0.2088,0.4477,0.1867
wp_1970_coastal_front_map,wp_west_1965,wp_west_1965:Denmark:28,Denmark,0,0,0.5709,0.6239,0.4858,0.4448
wp_1970_coastal_front_map,wp_west_1965,wp_west_1965:Denmark:29,Denmark,0,0,0.3061,0.2386,0.5313,0.3970
wp_1970_coastal_front_map,wp_west_1965,wp_west_1965:Denmark:30,Denmark,0,0,0.2837,0.1852,0.4987,0.2813
wp_1970_coastal_front_map,wp_west_1965,wp_west_1965:Denmark:31,Denmark,0,0,0.2591,0.2169,0.4249,0.2418
wp_1970_coastal_front_map,wp_west_1965,wp_west_1965:Denmark:32,Denmark,0,0,0.3502,0.3257,0.4347,0.3035
wp_1970_coastal_front_map,wp_west_1965,wp_west_1965:Denmark:33,Denmark,0,0,0.2901,0.4340,0.7201,0.5442
wp_1970_coastal_front_map,wp_west_1965,wp_west_1965:Denmark:34,Denmark,0,0,0.4031,0.8427,0.8252,0.7567
wp_1970_coastal_front_map,wp_west_1965,wp_west_1965:Denmark:35,Denmark,0,0,0.4806,0.5700,0.7908,0.6936
wp_1970_coastal_front_map,wp_west_1965,wp_west_1965:Denmark:36,Denmark,0,0,0.4308,0.4626,0.5685,0.3918
wp_1970_coastal_front_map,wp_west_1965,wp_west_1965:Denmark:37,Denmark,0,0,0.8545,0.9747,0.9809,0.9663
wp_1970_coastal_front_map,wp_west_1965,wp_west_1965:Denmark:38,Denmark,0,0,0.6810,0.9059,0.8461,0.7435
wp_1970_coastal_front_map,wp_west_1965,wp_west_1965:Denmark:39,Denmark,0,0,0.2389,0.3219,0.4217,0.2318
wp_1970_coastal_front_map,wp_west_1965,wp_west_1965:Denmark:40,Denmark,0,0,0.5413,0.4879,0.4619,0.3719
wp_1970_coastal_front_map,wp_west_1965,wp_west_1965:Denmark:41,Denmark,0,0,0.3124,0.1828,0.3056,0.2580
wp_1970_coastal_front_map,wp_west_1965,wp_west_1965:Denmark:42,Denmark,0,0,0.4579,0.5180,0.3465,0.2989
wp_1970_coastal_front_map,wp_west_1965,wp_west_1965:Denmark:43,Denmark,0,0,0.2331,0.2231,0.4034,0.2288
wp_1970_coastal_front_map,wp_west_1965,wp_west_1965:Denmark:44,Denmark,0,0,0.3279,0.2443,0.3287,0.1908
wp_1970_coastal_front_map,wp_west_1965,wp_west_1965:Denmark:45,Denmark,0,0,0.4393,0.3839,0.4524,0.2820
wp_1970_coastal_front_map,wp_west_1965,wp_west_1965:Denmark:46,Denmark,0,0,0.4507,0.7289,0.6706,0.5150
wp_1970_coastal_front_map,wp_west_1965,wp_west_1965:Denmark:47,Denmark,0,0,0.4099,0.7304,0.5839,0.3625
wp_1970_coastal_front_map,wp_west_1965,wp_west_1965:Denmark:48,Denmark,0,0,0.2326,0.3932,0.4035,0.2159
wp_1970_coastal_front_map,wp_west_1965,wp_west_1965:Denmark:49,Denmark,0,0,0.5926,0.8679,0.8863,0.8283
wp_1970_coastal_front_map,wp_west_1965,wp_west_1965:Denmark:50,Denmark,0,0,0.4521,0.6354,0.3464,0.2879
wp_1970_coastal_front_map,wp_west_1965,wp_west_1965:Denmark:51,Denmark,0,0,0.2604,0.2011,0.4050,0.1614
wp_1970_coastal_front_map,wp_west_1965,wp_west_1965:Denmark:52,Denmark,0,0,0.3051,0.1429,0.2469,0.1056
wp_1970_coastal_front_map,wp_west_1965,wp_west_1965:Denmark:53,Denmark,0,0,0.8055,0.8850,0.8987,0.8414
wp_1970_coastal_front_map,wp_west_1965,wp_west_1965:Denmark:54,Denmark,0,0,0.8942,0.9673,0.9899,0.9753
wp_1977_zealand,wp_west_1965,wp_west_1965:Denmark:0,Denmark,0,0,0.9777,0.8977,0.9356,0.9137
wp_1977_zealand,wp_west_1965,wp_west_1965:Denmark:1,Denmark,0,0,0.8349,0.7579,0.7563,0.7024
wp_1977_zealand,wp_west_1965,wp_west_1965:Denmark:2,Denmark,0,0,0.7889,0.7693,0.4306,0.3876
wp_1977_zealand,wp_west_1965,wp_west_1965:Denmark:3,Denmark,0,0,0.3993,0.1337,0.0669,0.0387
wp_1977_zealand,wp_west_1965,wp_west_1965:Denmark:4,Denmark,0,0,0.7218,0.5508,0.2972,0.2276
wp_1977_zealand,wp_west_1965,wp_west_1965:Denmark:5,Denmark,0,0,0.4207,0.1615,0.0532,0.0352
wp_1977_zealand,wp_west_1965,wp_west_1965:Denmark:6,Denmark,0,0,0.4143,0.2546,0.0543,0.0407
wp_1977_zealand,wp_west_1965,wp_west_1965:Denmark:7,Denmark,0,0,0.5847,0.3283,0.1616,0.1131
wp_1977_zealand,wp_west_1965,wp_west_1965:Denmark:8,Denmark,0,0,0.7182,0.7000,0.3080,0.2348
wp_1977_zealand,wp_west_1965,wp_west_1965:Denmark:9,Denmark,0,0,0.5915,0.3785,0.0982,0.0842
wp_1977_zealand,wp_west_1965,wp_west_1965:Denmark:10,Denmark,0,0,0.4698,0.2732,0.1293,0.1112
wp_1977_zealand,wp_west_1965,wp_west_1965:Denmark:11,Denmark,2,1,0.6144,0.1962,0.0688,0.0421
wp_1977_zealand,wp_west_1965,wp_west_1965:Denmark:12,Denmark,0,0,0.3899,0.2283,0.0600,0.0438
wp_1977_zealand,wp_west_1965,wp_west_1965:Denmark:13,Denmark,1,1,0.2806,0.1025,0.2165,0.0813
wp_1977_zealand,wp_west_1965,wp_west_1965:Denmark:14,Denmark,0,0,0.3159,0.1617,0.1164,0.0771
wp_1977_zealand,wp_west_1965,wp_west_1965:Denmark:15,Denmark,0,0,0.2722,0.0811,0.1275,0.0531
wp_1977_zealand,wp_west_1965,wp_west_1965:Denmark:16,Denmark,0,0,0.6963,0.8131,0.9045,0.8862
wp_1977_zealand,wp_west_1965,wp_west_1965:Denmark:17,Denmark,0,0,0.5118,0.6337,0.6625,0.6099
wp_1977_zealand,wp_west_1965,wp_west_1965:Denmark:18,Denmark,0,0,0.4295,0.7373,0.8637,0.7164
wp_1977_zealand,wp_west_1965,wp_west_1965:Denmark:19,Denmark,0,0,0.3948,0.2887,0.1417,0.0978
wp_1977_zealand,wp_west_1965,wp_west_1965:Denmark:20,Denmark,0,0,0.5377,0.7615,0.8529,0.8319
wp_1977_zealand,wp_west_1965,wp_west_1965:Denmark:21,Denmark,0,0,0.4572,0.7166,0.7687,0.6872
wp_1977_zealand,wp_west_1965,wp_west_1965:Denmark:22,Denmark,0,0,0.3688,0.6588,0.2293,0.1764
wp_1977_zealand,wp_west_1965,wp_west_1965:Denmark:23,Denmark,0,0,0.3517,0.7772,0.7491,0.6455
wp_1977_zealand,wp_west_1965,wp_west_1965:Denmark:24,Denmark,0,0,0.3387,0.3806,0.4725,0.2472
wp_1977_zealand,wp_west_1965,wp_west_1965:Denmark:25,Denmark,0,0,0.3794,0.4985,0.4309,0.3056
wp_1977_zealand,wp_west_1965,wp_west_1965:Denmark:26,Denmark,0,0,0.5974,0.6600,0.7076,0.5619
wp_1977_zealand,wp_west_1965,wp_west_1965:Denmark:27,Denmark,0,0,0.2324,0.2088,0.4477,0.1867
wp_1977_zealand,wp_west_1965,wp_west_1965:Denmark:28,Denmark,0,0,0.5709,0.6239,0.4858,0.4448
wp_1977_zealand,wp_west_1965,wp_west_1965:Denmark:29,Denmark,0,0,0.3061,0.2386,0.5313,0.3970
wp_1977_zealand,wp_west_1965,wp_west_1965:Denmark:30,Denmark,0,0,0.2837,0.1852,0.4987,0.2813
wp_1977_zealand,wp_west_1965,wp_west_1965:Denmark:31,Denmark,0,0,0.2591,0.2169,0.4249,0.2418
wp_1977_zealand,wp_west_1965,wp_west_1965:Denmark:32,Denmark,0,0,0.3502,0.3257,0.4347,0.3035
wp_1977_zealand,wp_west_1965,wp_west_1965:Denmark:33,Denmark,0,0,0.2901,0.4340,0.7201,0.5442
wp_1977_zealand,wp_west_1965,wp_west_1965:Denmark:34,Denmark,0,0,0.4031,0.8427,0.8252,0.7567
wp_1977_zealand,wp_west_1965,wp_west_1965:Denmark:35,Denmark,0,0,0.4806,0.5700,0.7908,0.6936
wp_1977_zealand,wp_west_1965,wp_west_1965:Denmark:36,Denmark,0,0,0.4308,0.4626,0.5685,0.3918
wp_1977_zealand,wp_west_1965,wp_west_1965:Denmark:37,Denmark,0,0,0.8545,0.9747,0.9809,0.9663
wp_1977_zealand,wp_west_1965,wp_west_1965:Denmark:38,Denmark,0,0,0.6810,0.9059,0.8461,0.7435
wp_1977_zealand,wp_west_1965,wp_west_1965:Denmark:39,Denmark,0,0,0.2389,0.3219,0.4217,0.2318
wp_1977_zealand,wp_west_1965,wp_west_1965:Denmark:40,Denmark,1,1,0.5413,0.4879,0.4619,0.3719
wp_1977_zealand,wp_west_1965,wp_west_1965:Denmark:41,Denmark,0,0,0.3124,0.1828,0.3056,0.2580
wp_1977_zealand,wp_west_1965,wp_west_1965:Denmark:42,Denmark,0,0,0.4579,0.5180,0.3465,0.2989
wp_1977_zealand,wp_west_1965,wp_west_1965:Denmark:43,Denmark,0,0,0.2331,0.2231,0.4034,0.2288
wp_1977_zealand,wp_west_1965,wp_west_1965:Denmark:44,Denmark,0,0,0.3279,0.2443,0.3287,0.1908
wp_1977_zealand,wp_west_1965,wp_west_1965:Denmark:45,Denmark,0,0,0.4393,0.3839,0.4524,0.2820
wp_1977_zealand,wp_west_1965,wp_west_1965:Denmark:46,Denmark,0,0,0.4507,0.7289,0.6706,0.5150
wp_1977_zealand,wp_west_1965,wp_west_1965:Denmark:47,Denmark,0,0,0.4099,0.7304,0.5839,0.3625
wp_1977_zealand,wp_west_1965,wp_west_1965:Denmark:48,Denmark,0,0,0.2326,0.3932,0.4035,0.2159
wp_1977_zealand,wp_west_1965,wp_west_1965:Denmark:49,Denmark,0,0,0.5926,0.8679,0.8863,0.8283
wp_1977_zealand,wp_west_1965,wp_west_1965:Denmark:50,Denmark,0,0,0.4521,0.6354,0.3464,0.2879
wp_1977_zealand,wp_west_1965,wp_west_1965:Denmark:51,Denmark,0,0,0.2604,0.2011,0.4050,0.1614
wp_1977_zealand,wp_west_1965,wp_west_1965:Denmark:52,Denmark,0,0,0.3051,0.1429,0.2469,0.1056
wp_1977_zealand,wp_west_1965,wp_west_1965:Denmark:53,Denmark,0,0,0.8055,0.8850,0.8987,0.8414
wp_1977_zealand,wp_west_1965,wp_west_1965:Denmark:54,Denmark,0,0,0.8942,0.9673,0.9899,0.9753
cd_1956_canada_target_areas,canada_1956,canada_1956:Canada:0,Canada,0,0,0.4383,0.7927,0.4016,0.4149
cd_1956_canada_target_areas,canada_1956,canada_1956:Canada:1,Canada,0,0,0.6913,0.9461,0.7350,0.7184
cd_1956_canada_target_areas,canada_1956,canada_1956:Canada:2,Canada,0,0,0.3466,0.8411,0.5351,0.4164
cd_1956_canada_target_areas,canada_1956,canada_1956:Canada:3,Canada,0,0,0.2313,0.3312,0.1279,0.0908
cd_1956_canada_target_areas,canada_1956,canada_1956:Canada:4,Canada,0,0,0.4108,0.6411,0.2338,0.2562
cd_1956_canada_target_areas,canada_1956,canada_1956:Canada:5,Canada,0,0,0.4528,0.4957,0.2910,0.3317
cd_1956_canada_target_areas,canada_1956,canada_1956:Canada:6,Canada,1,1,0.7994,0.9545,0.7809,0.7712
cd_1956_canada_target_areas,canada_1956,canada_1956:Canada:7,Canada,0,0,0.2329,0.0922,0.0668,0.0609
cd_1956_canada_target_areas,canada_1956,canada_1956:Canada:8,Canada,0,0,0.5334,0.8107,0.3357,0.3864
cd_1956_canada_target_areas,canada_1956,canada_1956:Canada:9,Canada,0,0,0.2694,0.5535,0.2799,0.1648
cd_1956_canada_target_areas,canada_1956,canada_1956:Canada:10,Canada,0,0,0.2646,0.4642,0.4236,0.2855
cd_1956_canada_target_areas,canada_1956,canada_1956:Canada:11,Canada,0,0,0.3712,0.6451,0.3672,0.2379
cd_1956_canada_target_areas,canada_1956,canada_1956:Canada:12,Canada,0,0,0.2716,0.3840,0.3854,0.2689
cd_1956_canada_target_areas,canada_1956,canada_1956:Canada:13,Canada,0,0,0.5661,0.8410,0.7382,0.7382
cd_1956_canada_target_areas,canada_1956,canada_1956:Canada:14,Canada,1,1,0.6700,0.8522,0.5912,0.6297
cd_1956_canada_target_areas,canada_1956,canada_1956:Canada:15,Canada,0,0,0.2417,0.1481,0.0388,0.0450
cd_1956_canada_target_areas,canada_1956,canada_1956:Canada:16,Canada,0,0,0.2818,0.3930,0.2838,0.2088
cd_1956_canada_target_areas,canada_1956,canada_1956:Canada:17,Canada,0,0,0.4348,0.1632,0.2776,0.1464
cd_1956_canada_target_areas,canada_1956,canada_1956:Canada:18,Canada,0,0,0.4583,0.5833,0.3570,0.2983
cd_1956_canada_target_areas,canada_1956,canada_1956:Canada:19,Canada,0,0,0.3022,0.1245,0.2726,0.1615
cd_1956_canada_target_areas,canada_1956,canada_1956:Canada:20,Canada,0,0,0.4743,0.6311,0.4313,0.2970
cd_1956_canada_target_areas,canada_1956,canada_1956:Canada:21,Canada,0,0,0.4832,0.4596,0.1935,0.0943
cd_1956_canada_target_areas,canada_1956,canada_1956:Canada:22,Canada,0,0,0.3017,0.1232,0.2265,0.1312
cd_1956_canada_target_areas,canada_1956,canada_1956:Canada:23,Canada,0,0,0.6532,0.6673,0.1965,0.1914
cd_1956_canada_target_areas,canada_1956,canada_1956:Canada:24,Canada,0,0,0.5421,0.4036,0.1600,0.1019
cd_1956_canada_target_areas,canada_1956,canada_1956:Canada:25,Canada,0,0,0.3503,0.0792,0.1486,0.0817
cd_1956_canada_target_areas,canada_1956,canada_1956:Canada:26,Canada,0,0,0.4660,0.6245,0.4025,0.3540
cd_1956_canada_target_areas,canada_1956,canada_1956:Canada:27,Canada,0,0,0.2513,0.3144,0.3007,0.1647
cd_1956_canada_target_areas,canada_1956,canada_1956:Canada:28,Canada,0,0,0.5538,0.6006,0.4777,0.3542
cd_1956_canada_target_areas,canada_1956,canada_1956:Canada:29,Canada,0,0,0.3811,0.2971,0.1690,0.0927
cd_1956_canada_target_areas,canada_1956,canada_1956:Canada:30,Canada,0,0,0.2471,0.2085,0.1650,0.1731
cd_1956_canada_target_areas,canada_1956,canada_1956:Canada:31,Canada,0,0,0.2304,0.0406,0.0996,0.0377
cd_1956_canada_target_areas,canada_1956,canada_1956:Canada:32,Canada,0,0,0.2501,0.0415,0.1133,0.0567
cd_1956_canada_target_areas,canada_1956,canada_1956:Canada:33,Canada,0,0,0.2949,0.0567,0.0845,0.0381
cd_1956_canada_target_areas,canada_1956,canada_1956:Canada:34,Canada,0,0,0.3071,0.2056,0.1883,0.1334
cd_1956_canada_target_areas,canada_1956,canada_1956:Canada:35,Canada,0,0,0.2781,0.3524,0.4925,0.2272
cd_1956_canada_target_areas,canada_1956,canada_1956:Canada:36,Canada,1,1,0.9864,0.9854,0.9360,0.9251
cd_1956_canada_target_areas,canada_1956,canada_1956:Canada:37,Canada,0,0,0.4644,0.0804,0.0643,0.0379
cd_1956_canada_target_areas,canada_1956,canada_1956:Canada:38,Canada,0,0,0.3511,0.1094,0.0967,0.0693
cd_1956_canada_target_areas,canada_1956,canada_1956:Canada:39,Canada,0,0,0.2317,0.0260,0.0881,0.1003
cd_1956_canada_target_areas,canada_1956,canada_1956:Canada:40,Canada,0,0,0.5130,0.2210,0.1657,0.0939
cd_1956_canada_target_areas,canada_1956,canada_1956:Canada:41,Canada,0,0,0.2643,0.0339,0.1442,0.0666
cd_1956_canada_target_areas,canada_1956,canada_1956:Canada:42,Canada,0,0,0.3221,0.1299,0.3485,0.1698
cd_1956_canada_target_areas,canada_1956,canada_1956:Canada:43,Canada,1,1,0.8900,0.9736,0.9160,0.9124
cd_1956_canada_target_areas,canada_1956,canada_1956:Canada:44,Canada,0,0,0.3122,0.6221,0.5921,0.4912
cd_1956_canada_target_areas,canada_1956,canada_1956:Canada:45,Canada,0,0,0.3524,0.0561,0.2569,0.1994
cd_1956_canada_target_areas,canada_1956,canada_1956:Canada:46,Canada,0,0,0.3120,0.2719,0.1433,0.0767
cd_1956_canada_target_areas,canada_1956,canada_1956:Canada:47,Canada,0,0,0.4019,0.5319,0.3834,0.2622
cd_1956_canada_target_areas,canada_1956,canada_1956:Canada:48,Canada,0,0,0.4522,0.7685,0.2384,0.2902
cd_1956_canada_target_areas,canada_1956,canada_1956:Canada:49,Canada,0,0,0.4047,0.1985,0.2848,0.1721
cd_1956_canada_target_areas,canada_1956,canada_1956:Canada:50,Canada,0,0,0.2689,0.1644,0.2646,0.1540
cd_1956_canada_target_areas,canada_1956,canada_1956:Canada:51,Canada,0,0,0.5838,0.5044,0.2024,0.1390
cd_1956_canada_target_areas,canada_1956,canada_1956:Canada:52,Canada,0,0,0.4563,0.1496,0.0671,0.0483
cd_1956_canada_target_areas,canada_1956,canada_1956:Canada:53,Canada,0,0,0.4990,0.2604,0.1854,0.1102
cd_1956_canada_target_areas,canada_1956,canada_1956:Canada:54,Canada,0,0,0.2442,0.0595,0.1330,0.0798
cd_1956_canada_target_areas,canada_1956,canada_1956:Canada:55,Canada,0,0,0.6982,0.7522,0.8653,0.7941
cd_1956_canada_target_areas,canada_1956,canada_1956:Canada:56,Canada,0,0,0.2861,0.1625,0.1003,0.0432
cd_1956_canada_target_areas,canada_1956,canada_1956:Canada:57,Canada,0,0,0.3429,0.1094,0.3911,0.2475
cd_1956_canada_target_areas,canada_1956,canada_1956:Canada:58,Canada,0,0,0.3888,0.1047,0.1424,0.0806
cd_1956_canada_target_areas,canada_1956,canada_1956:Canada:59,Canada,0,0,0.6598,0.3500,0.1085,0.1127
cd_1956_canada_target_areas,canada_1956,canada_1956:Canada:60,Canada,0,0,0.4428,0.3061,0.0432,0.0634
cd_1956_canada_target_areas,canada_1956,canada_1956:Canada:61,Canada,0,0,0.7643,0.5778,0.3893,0.3289
cd_1956_canada_target_areas,canada_1956,canada_1956:Canada:62,Canada,0,0,0.3357,0.1527,0.0822,0.0727
cd_1956_canada_target_areas,canada_1956,canada_1956:Canada:63,Canada,0,0,0.4574,0.2399,0.1623,0.1087
cd_1956_canada_target_areas,canada_1956,canada_1956:Canada:64,Canada,0,0,0.3489,0.1535,0.1111,0.1129
cd_1956_canada_target_areas,canada_1956,canada_1956:Canada:65,Canada,0,0,0.4041,0.5872,0.6701,0.4589
cd_1956_canada_target_areas,canada_1956,canada_1956:Canada:66,Canada,0,0,0.2757,0.2213,0.4173,0.3062
cd_1956_canada_target_areas,canada_1956,canada_1956:Canada:67,Canada,0,0,0.6669,0.6168,0.3780,0.3180
cd_1956_canada_target_areas,canada_1956,canada_1956:Canada:68,Canada,0,0,0.2992,0.2749,0.3872,0.2891
cd_1956_canada_target_areas,canada_1956,canada_1956:Canada:69,Canada,0,0,0.4262,0.1030,0.0952,0.0781
cd_1956_canada_target_areas,canada_1956,canada_1956:Canada:70,Canada,0,0,0.3690,0.1926,0.4673,0.2676
cd_1956_canada_target_areas,canada_1956,canada_1956:Canada:71,Canada,0,0,0.3856,0.2549,0.2335,0.1768
cd_1956_canada_target_areas,canada_1956,canada_1956:Canada:72,Canada,0,0,0.3884,0.4528,0.2479,0.1696
cd_1956_canada_target_areas,canada_1956,canada_1956:Canada:73,Canada,0,0,0.5924,0.8470,0.3434,0.3819
cd_1956_canada_target_areas,canada_1956,canada_1956:Canada:74,Canada,0,0,0.4447,0.1670,0.1374,0.0941
cd_1956_canada_target_areas,canada_1956,canada_1956:Canada:75,Canada,0,0,0.5484,0.5948,0.6135,0.5579
cd_1956_canada_target_areas,canada_1956,canada_1956:Canada:76,Canada,1,1,0.9233,0.9839,0.9777,0.9721
cd_1956_canada_target_areas,canada_1956,canada_1956:Canada:77,Canada,0,0,0.2308,0.2684,0.2870,0.2686
cd_1956_canada_target_areas,canada_1956,canada_1956:Canada:78,Canada,0,0,0.6498,0.6729,0.4356,0.3552
cd_1956_canada_target_areas,canada_1956,canada_1956:Canada:79,Canada,0,0,0.7019,0.5836,0.4803,0.3852
cd_1956_canada_target_areas,canada_1956,canada_1956:Canada:80,Canada,0,0,0.3439,0.3852,0.1880,0.1217
cd_1956_canada_target_areas,canada_1956,canada_1956:Canada:81,Canada,0,0,0.2274,0.0447,0.0588,0.0539
cd_1956_canada_target_areas,canada_1956,canada_1956:Canada:82,Canada,0,0,0.8151,0.8378,0.8281,0.7524
cd_1956_canada_target_areas,canada_1956,canada_1956:Canada:83,Canada,0,0,0.2302,0.1428,0.1465,0.0756
cd_1956_canada_target_areas,canada_1956,canada_1956:Canada:84,Canada,0,0,0.2957,0.2674,0.2193,0.1355
cd_1956_canada_target_areas,canada_1956,canada_1956:Canada:85,Canada,0,0,0.2562,0.1701,0.0840,0.0578
cd_1956_canada_target_areas,canada_1956,canada_1956:Canada:86,Canada,1,1,0.4425,0.8044,0.8384,0.8005
cd_1956_canada_target_areas,canada_1956,canada_1956:Canada:87,Canada,0,0,0.4098,0.6924,0.8085,0.6756
cd_1956_canada_target_areas,canada_1956,canada_1956:Canada:88,Canada,0,0,0.2987,0.1976,0.0977,0.0984
cd_1956_canada_target_areas,canada_1956,canada_1956:Canada:89,Canada,0,0,0.6594,0.8342,0.6806,0.5623
cd_1956_canada_target_areas,canada_1956,canada_1956:Canada:90,Canada,1,1,0.9168,0.9746,0.9841,0.9721
cd_1956_canada_target_areas,canada_1956,canada_1956:Canada:91,Canada,0,0,0.3508,0.1986,0.2242,0.2263
cd_1956_canada_target_areas,canada_1956,canada_1956:Canada:92,Canada,0,0,0.3258,0.3561,0.4995,0.3429
cd_1956_canada_target_areas,canada_1956,canada_1956:Canada:93,Canada,0,0,0.6145,0.3503,0.2441,0.1567
cd_1956_canada_target_areas,canada_1956,canada_1956:Canada:94,Canada,0,0,0.5826,0.8491,0.6946,0.6215
cd_1956_canada_target_areas,canada_1956,canada_1956:Canada:95,Canada,0,0,0.3017,0.1105,0.1039,0.0903
cd_1956_canada_target_areas,canada_1956,canada_1956:Canada:96,Canada,0,0,0.2894,0.0478,0.0830,0.0784
cd_1956_canada_target_areas,canada_1956,canada_1956:Canada:97,Canada,0,0,0.5941,0.6418,0.2672,0.2397
cd_1956_canada_target_areas,canada_1956,canada_1956:Canada:98,Canada,0,0,0.3833,0.2156,0.3793,0.3378
cd_1956_canada_target_areas,canada_1956,canada_1956:Canada:99,Canada,0,0,0.6193,0.6808,0.6465,0.6562
cd_1956_canada_target_areas,canada_1956,canada_1956:Canada:100,Canada,0,0,0.5765,0.9106,0.7374,0.7627
cd_1956_canada_target_areas,canada_1956,canada_1956:Canada:101,Canada,0,0,0.3954,0.4678,0.4109,0.3612
cd_1956_canada_target_areas,canada_1956,canada_1956:Canada:102,Canada,0,0,0.6378,0.8021,0.9161,0.8387
cd_1956_canada_target_areas,canada_1956,canada_1956:Canada:103,Canada,0,0,0.4881,0.1410,0.1471,0.1831
cd_1956_canada_target_areas,canada_1956,canada_1956:Canada:104,Canada,1,1,0.9756,0.9943,0.9866,0.9667
cd_1956_canada_target_areas,canada_1956,canada_1956:Canada:105,Canada,0,0,0.2549,0.4837,0.4023,0.2310
cd_1956_canada_target_areas,canada_1956,canada_1956:Canada:106,Canada,0,0,0.3412,0.2612,0.3880,0.3264
cd_1956_canada_target_areas,canada_1956,canada_1956:Canada:107,Canada,0,0,0.3418,0.3554,0.4386,0.3567
cd_1956_canada_target_areas,canada_1956,canada_1956:Canada:108,Canada,1,1,0.8451,0.9513,0.9319,0.9201
cd_1956_canada_target_areas,canada_1956,canada_1956:Canada:109,Canada,0,0,0.3718,0.4939,0.4130,0.3597
cd_1956_canada_target_areas,canada_1956,canada_1956:Canada:110,Canada,0,0,0.4573,0.5033,0.5631,0.4926
cd_1956_canada_target_areas,canada_1956,canada_1956:Canada:111,Canada,0,0,0.2299,0.1514,0.1551,0.1703
cd_1956_canada_target_areas,canada_1956,canada_1956:Canada:112,Canada,0,0,0.2358,0.4990,0.3145,0.3579
cd_1956_canada_target_areas,canada_1956,canada_1956:Canada:113,Canada,0,0,0.5016,0.7402,0.3986,0.4612
cd_1956_canada_target_areas,canada_1956,canada_1956:Canada:114,Canada,0,0,0.4767,0.1913,0.1236,0.1653
cd_1956_canada_target_areas,canada_1956,canada_1956:Canada:115,Canada,1,1,0.9284,0.9989,0.9899,0.9820
cd_1956_canada_target_areas,canada_1956,canada_1956:Canada:116,Canada,0,0,0.5092,0.5505,0.4890,0.4264
cd_1956_canada_target_areas,canada_1956,canada_1956:Canada:117,Canada,0,0,0.4009,0.6179,0.3604,0.4498
cd_1956_canada_target_areas,canada_1956,canada_1956:Canada:118,Canada,0,0,0.7920,0.9427,0.8870,0.8700
cd_1956_canada_target_areas,canada_1956,canada_1956:Canada:119,Canada,0,0,0.7489,0.8849,0.7513,0.8132
cd_1956_canada_target_areas,canada_1956,canada_1956:Canada:120,Canada,0,0,0.2375,0.1720,0.1946,0.1850
cd_1956_canada_target_areas,canada_1956,canada_1956:Canada:121,Canada,0,0,0.8970,0.9498,0.9719,0.9469
cd_1956_canada_target_areas,canada_1956,canada_1956:Canada:122,Canada,1,1,0.9183,0.9755,0.9760,0.9624
cd_1956_canada_target_areas,canada_1956,canada_1956:Canada:123,Canada,0,0,0.3345,0.0390,0.1487,0.1215
cd_1956_canada_target_areas,canada_1956,canada_1956:Canada:124,Canada,0,0,0.5078,0.5225,0.7614,0.7233
cd_1956_canada_target_areas,canada_1956,canada_1956:Canada:125,Canada,0,0,0.4072,0.4999,0.5129,0.4536
cd_1956_canada_target_areas,canada_1956,canada_1956:Canada:126,Canada,0,0,0.2710,0.1771,0.3491,0.2853
cd_1956_canada_target_areas,canada_1956,canada_1956:Canada:127,Canada,0,0,0.2778,0.3665,0.4017,0.2634
cd_1956_canada_target_areas,canada_1956,canada_1956:Canada:128,Canada,0,0,0.5289,0.6070,0.4354,0.2725
cd_1956_canada_target_areas,canada_1956,canada_1956:Canada:129,Canada,0,0,0.3951,0.5482,0.2814,0.1331
cd_1956_canada_target_areas,canada_1956,canada_1956:Canada:130,Canada,0,0,0.2626,0.4481,0.4206,0.2195
cd_1956_canada_target_areas,canada_1956,canada_1956:Canada:131,Canada,0,0,0.2327,0.1245,0.3320,0.2281
cd_1956_canada_target_areas,canada_1956,canada_1956:Canada:132,Canada,0,0,0.2366,0.5176,0.4399,0.3454
cd_1956_canada_target_areas,canada_1956,canada_1956:Canada:133,Canada,0,0,0.2353,0.5918,0.4902,0.3335
cd_1956_canada_target_areas,canada_1956,canada_1956:Canada:134,Canada,0,0,0.2530,0.1676,0.2763,0.2253
cd_1956_canada_target_areas,canada_1956,canada_1956:Canada:135,Canada,1,1,0.9519,0.9768,0.9183,0.9401
cd_1956_canada_target_areas,canada_1956,canada_1956:Canada:136,Canada,1,1,0.6801,0.6630,0.7826,0.6172
nato_1962_pl_exercise_mirror,bloc_1956,pl-776597,,0,0,0.2367,0.1303,0.0967,0.0856
nato_1962_pl_exercise_mirror,bloc_1956,pl-776069,,1,1,0.7998,0.9322,0.9731,0.9809
nato_1962_pl_exercise_mirror,bloc_1956,pl-771158,,0,0,0.2260,0.2558,0.6299,0.7519
nato_1962_pl_exercise_mirror,bloc_1956,pl-3101672,,0,0,0.3515,0.8369,0.6277,0.6272
nato_1962_pl_exercise_mirror,bloc_1956,pl-3091150,,0,0,0.2581,0.6397,0.7073,0.7408
nato_1962_pl_exercise_mirror,bloc_1956,pl-3099424,,1,1,0.8450,0.9907,0.9493,0.9619
nato_1962_pl_exercise_mirror,bloc_1956,pl-3095126,,0,0,0.2163,0.3637,0.6082,0.6815
nato_1962_pl_exercise_mirror,bloc_1956,pl-3093739,,0,0,0.3677,0.7379,0.6861,0.7709
nato_1962_pl_exercise_mirror,bloc_1956,pl-3086706,,0,0,0.2534,0.4483,0.1886,0.3150
nato_1962_pl_exercise_mirror,bloc_1956,pl-3082473,,0,0,0.3973,0.5346,0.4302,0.5035
nato_1962_pl_exercise_mirror,bloc_1956,pl-3103402,,0,0,0.7173,0.8804,0.9227,0.9371
nato_1962_pl_exercise_mirror,bloc_1956,pl-3101950,,0,0,0.8875,0.9572,0.9550,0.9508
nato_1962_pl_exercise_mirror,bloc_1956,pl-3103719,,0,0,0.5666,0.3928,0.5771,0.6391
nato_1962_pl_exercise_mirror,bloc_1956,pl-3101619,,0,0,0.8582,0.9735,0.9435,0.9411
nato_1962_pl_exercise_mirror,bloc_1956,pl-3101321,,0,0,0.4017,0.6962,0.5345,0.5090
nato_1962_pl_exercise_mirror,bloc_1956,pl-3101076,,0,0,0.3881,0.6316,0.7415,0.7667
nato_1962_pl_exercise_mirror,bloc_1956,pl-3101057,,0,0,0.4460,0.1854,0.1447,0.1787
nato_1962_pl_exercise_mirror,bloc_1956,pl-3100946,,1,1,0.8656,0.9923,0.9868,0.9869
nato_1962_pl_exercise_mirror,bloc_1956,pl-3100796,,0,0,0.5820,0.5877,0.8009,0.7620
nato_1962_pl_exercise_mirror,bloc_1956,pl-3099230,,0,0,0.8462,0.8512,0.8945,0.9056
nato_1962_pl_exercise_mirror,bloc_1956,pl-3098306,,0,0,0.2195,0.0330,0.0721,0.1181
nato_1962_pl_exercise_mirror,bloc_1956,pl-3096472,,0,0,0.9005,0.9950,0.9649,0.9572
nato_1962_pl_exercise_mirror,bloc_1956,pl-3095971,,0,0,0.2766,0.0587,0.0782,0.1041
nato_1962_pl_exercise_mirror,bloc_1956,pl-3092906,,0,0,0.2844,0.5055,0.6329,0.5418
nato_1962_pl_exercise_mirror,bloc_1956,pl-3091831,,0,0,0.3268,0.1264,0.2752,0.2307
nato_1962_pl_exercise_mirror,bloc_1956,pl-3091217,,0,0,0.2560,0.1793,0.3222,0.3694
nato_1962_pl_exercise_mirror,bloc_1956,pl-3091232,,0,0,0.5723,0.8524,0.5960,0.5068
nato_1962_pl_exercise_mirror,bloc_1956,pl-3091031,,0,0,0.2818,0.6069,0.3542,0.4150
nato_1962_pl_exercise_mirror,bloc_1956,pl-3090532,,0,0,0.7579,0.8809,0.8335,0.8050
nato_1962_pl_exercise_mirror,bloc_1956,pl-3089125,,0,0,0.4808,0.4718,0.5981,0.5941
nato_1962_pl_exercise_mirror,bloc_1956,pl-3087705,,0,0,0.2773,0.2107,0.1588,0.1826
nato_1962_pl_exercise_mirror,bloc_1956,pl-3087701,,0,0,0.2272,0.0835,0.1140,0.1225
nato_1962_pl_exercise_mirror,bloc_1956,pl-3087628,,0,0,0.3336,0.3688,0.2033,0.2904
nato_1962_pl_exercise_mirror,bloc_1956,pl-3087529,,0,0,0.3167,0.2981,0.2948,0.2623
nato_1962_pl_exercise_mirror,bloc_1956,pl-3087418,,0,0,0.4031,0.1527,0.2895,0.2745
nato_1962_pl_exercise_mirror,bloc_1956,pl-3086732,,0,0,0.5690,0.3689,0.4334,0.4235
nato_1962_pl_exercise_mirror,bloc_1956,pl-3086586,,0,0,0.5021,0.8990,0.7070,0.7290
nato_1962_pl_exercise_mirror,bloc_1956,pl-3086531,,0,0,0.3114,0.1643,0.2216,0.1916
nato_1962_pl_exercise_mirror,bloc_1956,pl-3086024,,0,0,0.6740,0.5648,0.5081,0.5566
nato_1962_pl_exercise_mirror,bloc_1956,pl-3085127,,1,1,0.8339,0.7090,0.6054,0.6490
nato_1962_pl_exercise_mirror,bloc_1956,pl-3084392,,0,0,0.2405,0.2977,0.2867,0.4007
nato_1962_pl_exercise_mirror,bloc_1956,pl-3083651,,0,0,0.6591,0.9748,0.7384,0.7179
nato_1962_pl_exercise_mirror,bloc_1956,pl-3083440,,0,0,0.4573,0.2397,0.3417,0.3416
nato_1962_pl_exercise_mirror,bloc_1956,pl-3082914,,0,0,0.4834,0.6141,0.7349,0.7174
nato_1962_pl_exercise_mirror,bloc_1956,pl-3080985,,0,0,0.8908,0.9681,0.9537,0.9553
nato_1962_pl_exercise_mirror,bloc_1956,pl-3080526,,0,0,0.5050,0.5685,0.8532,0.8324
nato_1962_pl_exercise_mirror,bloc_1956,pl-3094059,,0,0,0.2835,0.1676,0.1070,0.1946
nato_1962_pl_exercise_mirror,bloc_1956,pl-3083988,,0,0,0.6800,0.9852,0.7676,0.7517
nato_1962_pl_exercise_mirror,bloc_1956,pl-770157,,0,0,0.2465,0.2636,0.5731,0.5213
nato_1962_pl_exercise_mirror,bloc_1956,pl-769250,,0,0,0.7435,0.9073,0.9222,0.9103
nato_1962_pl_exercise_mirror,bloc_1956,pl-762863,,0,0,0.5235,0.4714,0.4058,0.4341
nato_1962_pl_exercise_mirror,bloc_1956,pl-759603,,2,1,0.2149,0.0851,0.1519,0.1313
nato_1962_pl_exercise_mirror,bloc_1956,pl-759141,,1,1,0.5041,0.5517,0.8424,0.8390
nato_1962_pl_exercise_mirror,bloc_1956,pl-758390,,0,0,0.5100,0.3898,0.5498,0.4662
nato_1962_pl_exercise_mirror,bloc_1956,pl-3103556,,0,0,0.3246,0.6970,0.7265,0.8339
nato_1962_pl_exercise_mirror,bloc_1956,pl-3095049,,1,1,0.5592,0.8171,0.9137,0.9218
nato_1962_pl_exercise_mirror,bloc_1956,pl-3095795,,1,1,0.2173,0.1736,0.4969,0.5349
nato_1962_pl_exercise_mirror,bloc_1956,pl-3083826,,1,1,0.3697,0.5151,0.7188,0.7855
nato_1962_pl_exercise_mirror,bloc_1956,pl-3085450,,1,1,0.6269,0.8786,0.9322,0.9612
nato_1962_pl_exercise_mirror,bloc_1956,pl-3082704,,0,0,0.2988,0.4536,0.7063,0.8000
nato_1962_pl_exercise_mirror,bloc_1956,pl-775758,,0,0,0.2438,0.1798,0.1726,0.1761
nato_1962_pl_exercise_mirror,bloc_1956,pl-3101547,,0,0,0.3581,0.7223,0.4574,0.4692
nato_1962_pl_exercise_mirror,bloc_1956,pl-3097333,,0,0,0.5302,0.7124,0.7637,0.6958
nato_1962_pl_exercise_mirror,bloc_1956,pl-3094802,,1,1,0.9588,0.9979,0.9936,0.9936
nato_1962_pl_exercise_mirror,bloc_1956,pl-763534,,0,0,0.5070,0.6490,0.7842,0.7802
nato_1962_pl_exercise_mirror,bloc_1956,pl-763523,,0,0,0.2873,0.2645,0.4490,0.4483
nato_1962_pl_exercise_mirror,bloc_1956,pl-3090146,,0,0,0.2271,0.1159,0.1631,0.1859
nato_1962_pl_exercise_mirror,bloc_1956,pl-3089658,,0,0,0.4325,0.8974,0.6158,0.6157
nato_1962_pl_exercise_mirror,bloc_1956,pl-757026,,1,1,0.6779,0.8617,0.8921,0.9152
nato_1962_pl_exercise_mirror,bloc_1956,pl-755889,,0,0,0.2427,0.1150,0.0654,0.0965
nato_1962_pl_exercise_mirror,bloc_1956,pl-3080866,,0,0,0.4264,0.2655,0.4636,0.4500
nato_1962_pl_exercise_mirror,bloc_1956,pl-3079855,,0,0,0.3433,0.5168,0.5713,0.6442
nato_1962_pl_exercise_mirror,bloc_1956,pl-776175,,0,0,0.3257,0.3694,0.6656,0.6926
nato_1962_pl_exercise_mirror,bloc_1956,pl-774558,,0,0,0.4544,0.6762,0.8390,0.8602
nato_1962_pl_exercise_mirror,bloc_1956,pl-770966,,0,0,0.2419,0.1807,0.3217,0.3351
nato_1962_pl_exercise_mirror,bloc_1956,pl-767605,,0,0,0.2260,0.1229,0.1771,0.1787
nato_1962_pl_exercise_mirror,bloc_1956,pl-767623,,1,1,0.2440,0.1952,0.1931,0.2562
nato_1962_pl_exercise_mirror,bloc_1956,pl-765876,,1,1,0.8556,0.9581,0.9788,0.9665
nato_1962_pl_exercise_mirror,bloc_1956,pl-760924,,1,1,0.2584,0.1155,0.2213,0.2674
nato_1962_pl_exercise_mirror,bloc_1956,pl-753866,,0,0,0.4516,0.4547,0.4286,0.4727
nato_1962_pl_exercise_mirror,bloc_1956,pl-3102459,,1,1,0.3718,0.5705,0.7100,0.6633
nato_1962_pl_exercise_mirror,bloc_1956,pl-3096003,,0,0,0.2638,0.4799,0.4766,0.5113
nato_1962_pl_exercise_mirror,bloc_1956,pl-3096372,,0,0,0.3050,0.3902,0.5293,0.5112
nato_1962_pl_exercise_mirror,bloc_1956,pl-3090436,,0,0,0.3698,0.5294,0.7330,0.7610
nato_1962_pl_exercise_mirror,bloc_1956,pl-3090048,,1,1,0.6632,0.9737,0.8119,0.8196
nato_1962_pl_exercise_mirror,bloc_1956,pl-3088065,,0,0,0.2994,0.2861,0.5327,0.5537
nato_1962_pl_exercise_mirror,bloc_1956,pl-3087584,,0,0,0.4961,0.7059,0.7327,0.7356
nato_1962_pl_exercise_mirror,bloc_1956,pl-3084415,,0,0,0.2256,0.2542,0.5038,0.5420
nato_1962_pl_exercise_mirror,bloc_1956,pl-3101680,,0,0,0.2198,0.2056,0.2955,0.3714
nato_1962_pl_exercise_mirror,bloc_1956,pl-3099112,,0,0,0.5834,0.8140,0.9171,0.9177
nato_1962_pl_exercise_mirror,bloc_1956,pl-3097528,,0,0,0.2939,0.6269,0.7725,0.7285
nato_1962_pl_exercise_mirror,bloc_1956,pl-3095319,,1,1,0.2975,0.1288,0.3108,0.2716
nato_1962_pl_exercise_mirror,bloc_1956,pl-3095151,,0,0,0.3038,0.4051,0.8196,0.7693
nato_1962_pl_exercise_mirror,bloc_1956,pl-3093524,,1,1,0.4655,0.8715,0.8959,0.8584
nato_1962_pl_exercise_mirror,bloc_1956,pl-3092856,,0,0,0.2731,0.7848,0.3811,0.3324
nato_1962_pl_exercise_mirror,bloc_1956,pl-3089033,,0,0,0.4796,0.9791,0.9039,0.9116
nato_1962_pl_exercise_mirror,bloc_1956,pl-3088171,,1,1,0.9488,0.9999,0.9941,0.9954
nato_1962_pl_exercise_mirror,bloc_1956,pl-3087307,,0,0,0.2461,0.4581,0.6211,0.6438
nato_1962_pl_exercise_mirror,bloc_1956,pl-3083878,,0,0,0.2306,0.2171,0.4539,0.4216
nato_1962_pl_exercise_mirror,bloc_1956,pl-3081324,,0,0,0.2574,0.4386,0.7876,0.7705
nato_1962_pl_exercise_mirror,bloc_1956,pl-3082712,,0,0,0.2406,0.3742,0.7534,0.8168
nato_1962_pl_exercise_mirror,bloc_1956,pl-3085045,,0,0,0.2512,0.2382,0.7999,0.7303
nato_1962_pl_exercise_mirror,bloc_1956,pl-773380,,0,0,0.2889,0.5075,0.4001,0.4776
nato_1962_pl_exercise_mirror,bloc_1956,pl-770380,,0,0,0.4187,0.3727,0.3631,0.3929
nato_1962_pl_exercise_mirror,bloc_1956,pl-767470,,0,0,0.3526,0.4880,0.3849,0.4076
nato_1962_pl_exercise_mirror,bloc_1956,pl-764849,,1,1,0.3638,0.4073,0.1031,0.2029
nato_1962_pl_exercise_mirror,bloc_1956,pl-761168,,1,1,0.5915,0.9679,0.9082,0.8683
nato_1962_pl_exercise_mirror,bloc_1956,pl-759734,,1,1,0.6537,0.9574,0.8900,0.9278
nato_1962_pl_exercise_mirror,bloc_1956,pl-759591,,0,0,0.2781,0.2990,0.3478,0.3531
nato_1962_pl_exercise_mirror,bloc_1956,pl-758445,,0,0,0.3709,0.3287,0.4315,0.4173
nato_1962_pl_exercise_mirror,bloc_1956,pl-3098201,,0,0,0.2147,0.1785,0.1599,0.2674
nato_1962_pl_exercise_mirror,bloc_1956,pl-3084840,,1,1,0.4414,0.7846,0.8089,0.8460
nato_1962_pl_exercise_mirror,bloc_1956,pl-3083829,,1,1,0.9144,0.9946,0.9947,0.9954
nato_1962_pl_exercise_mirror,bloc_1956,pl-773357,,1,1,0.2571,0.4937,0.5480,0.6225
nato_1962_pl_exercise_mirror,bloc_1956,pl-759412,,1,1,0.4924,0.6137,0.7769,0.7682
nato_1962_pl_exercise_mirror,bloc_1956,pl-3102987,,0,0,0.3351,0.5639,0.8523,0.8257
nato_1962_pl_exercise_mirror,bloc_1956,pl-774153,,0,0,0.2596,0.0536,0.0568,0.0779
nato_1962_pl_exercise_mirror,bloc_1956,pl-3090170,,0,0,0.2961,0.5985,0.6063,0.5794
nato_1962_pl_exercise_mirror,bloc_1956,pl-3098722,,0,0,0.6109,0.9197,0.9383,0.9357
nato_1962_pl_exercise_mirror,bloc_1956,pl-3090764,,1,1,0.4150,0.7403,0.7255,0.8001
nato_1962_pl_exercise_mirror,bloc_1956,pl-3080165,,0,0,0.5947,0.8599,0.7443,0.7842
nato_1962_pl_exercise_mirror,bloc_1956,pl-3084062,,0,0,0.2306,0.3707,0.4810,0.3562
nato_1962_pl_exercise_mirror,bloc_1956,pl-3080944,,0,0,0.3128,0.9103,0.8430,0.8325
nato_1962_pl_exercise_mirror,bloc_1956,pl-3080644,,0,0,0.3828,0.6808,0.8605,0.8883
nato_1962_pl_exercise_mirror,bloc_1956,pl-3087497,,0,0,0.4338,0.2710,0.4776,0.4300
nato_1962_pl_exercise_mirror,bloc_1956,pl-3082197,,0,0,0.2294,0.2346,0.3011,0.3394
nato_1965_hu_wargame_mirror,bloc_1956,hu-3049512,,0,0,0.3224,0.2131,0.3318,0.3991
nato_1965_hu_wargame_mirror,bloc_1956,hu-3047967,,0,0,0.3594,0.3175,0.3393,0.4852
nato_1965_hu_wargame_mirror,bloc_1956,hu-3046526,,0,0,0.8148,0.9891,0.9937,0.9880
nato_1965_hu_wargame_mirror,bloc_1956,hu-717652,,0,0,0.3777,0.2898,0.3805,0.3096
nato_1965_hu_wargame_mirror,bloc_1956,hu-717582,,1,1,0.8490,0.9678,0.9905,0.9883
nato_1965_hu_wargame_mirror,bloc_1956,hu-715867,,0,0,0.3042,0.6096,0.3746,0.3329
nato_1965_hu_wargame_mirror,bloc_1956,hu-715839,,0,0,0.3669,0.7608,0.7333,0.6961
nato_1965_hu_wargame_mirror,bloc_1956,hu-716671,,0,0,0.5560,0.5534,0.8803,0.8364
nato_1965_hu_wargame_mirror,bloc_1956,hu-3054643,,1,1,0.9905,0.9989,0.9882,0.9862
nato_1965_hu_wargame_mirror,bloc_1956,hu-3055685,,1,1,0.5057,0.7187,0.8848,0.8730
nato_1965_hu_wargame_mirror,bloc_1956,hu-3050967,,0,0,0.2960,0.1917,0.1601,0.1644
nato_1965_hu_wargame_mirror,bloc_1956,hu-3050719,,0,0,0.2868,0.2217,0.1303,0.1442
nato_1965_hu_wargame_mirror,bloc_1956,hu-3050454,,0,0,0.2457,0.1404,0.0714,0.0531
nato_1965_hu_wargame_mirror,bloc_1956,hu-3050434,,1,1,0.7253,0.9583,0.9841,0.9779
nato_1965_hu_wargame_mirror,bloc_1956,hu-3049885,,0,0,0.5339,0.7466,0.9082,0.8862
nato_1965_hu_wargame_mirror,bloc_1956,hu-3049880,,0,0,0.4410,0.5675,0.7811,0.8339
nato_1965_hu_wargame_mirror,bloc_1956,hu-3049875,,0,0,0.3293,0.3062,0.5509,0.5095
nato_1965_hu_wargame_mirror,bloc_1956,hu-3049896,,0,0,0.2895,0.4703,0.4945,0.4256
nato_1965_hu_wargame_mirror,bloc_1956,hu-3049002,,0,0,0.2709,0.1723,0.1291,0.0857
nato_1965_hu_wargame_mirror,bloc_1956,hu-714754,,0,0,0.2935,0.2011,0.1870,0.1419
nato_1965_hu_wargame_mirror,bloc_1956,hu-722477,,0,0,0.2691,0.0999,0.1562,0.1680
nato_1965_hu_wargame_mirror,bloc_1956,hu-722439,,0,0,0.4201,0.2595,0.3482,0.3280
nato_1965_hu_wargame_mirror,bloc_1956,hu-722437,,0,0,0.6462,0.8023,0.9501,0.9154
nato_1965_hu_wargame_mirror,bloc_1956,hu-721404,,0,0,0.2852,0.1297,0.1005,0.0791
nato_1965_hu_wargame_mirror,bloc_1956,hu-720364,,0,0,0.4010,0.3542,0.2823,0.1961
nato_1965_hu_wargame_mirror,bloc_1956,hu-720334,,0,0,0.4953,0.2925,0.6147,0.6131
nato_1965_hu_wargame_mirror,bloc_1956,hu-717669,,0,0,0.2892,0.1025,0.0760,0.0716
nato_1965_hu_wargame_mirror,bloc_1956,hu-716736,,0,0,0.5274,0.6600,0.8765,0.8482
nato_1965_hu_wargame_mirror,bloc_1956,hu-715888,,0,0,0.2776,0.0985,0.0704,0.0646
nato_1965_hu_wargame_mirror,bloc_1956,hu-715466,,0,0,0.3806,0.2429,0.2587,0.2415
nato_1965_hu_wargame_mirror,bloc_1956,hu-715422,,0,0,0.2404,0.1619,0.1231,0.1179
nato_1965_hu_wargame_mirror,bloc_1956,hu-714548,,0,0,0.2310,0.1988,0.3364,0.2637
nato_1965_hu_wargame_mirror,bloc_1956,hu-714073,,0,0,0.2461,0.1408,0.1129,0.1089
nato_1965_hu_wargame_mirror,bloc_1956,hu-721592,,0,0,0.4340,0.2864,0.4528,0.3478
nato_1965_hu_wargame_mirror,bloc_1956,hu-719965,,0,0,0.6619,0.6523,0.9323,0.9057
nato_1965_hu_wargame_mirror,bloc_1956,hu-717902,,0,0,0.5248,0.4080,0.7597,0.7047
nato_1965_hu_wargame_mirror,bloc_1956,hu-715429,,0,0,0.8248,0.9227,0.9647,0.9642
nato_1965_hu_wargame_mirror,bloc_1956,hu-715337,,0,0,0.5395,0.7875,0.9201,0.9048
nato_1965_hu_wargame_mirror,bloc_1956,hu-3053438,,0,0,0.3374,0.4123,0.1648,0.2314
nato_1965_hu_wargame_mirror,bloc_1956,hu-3047927,,0,0,0.2500,0.3890,0.2956,0.2424
nato_1965_hu_wargame_mirror,bloc_1956,hu-3044774,,1,1,0.6594,0.9465,0.9819,0.9732
nato_1965_hu_wargame_mirror,bloc_1956,hu-3045564,,1,1,0.2869,0.3793,0.2502,0.1829
nato_1965_hu_wargame_mirror,bloc_1956,hu-3052009,,0,0,0.7584,0.9712,0.9878,0.9843
nato_1965_hu_wargame_mirror,bloc_1956,hu-3050594,,0,0,0.2451,0.2760,0.1856,0.1047
nato_1965_hu_wargame_mirror,bloc_1956,hu-3047896,,0,0,0.3886,0.2300,0.2298,0.1516
nato_1965_hu_wargame_mirror,bloc_1956,hu-3045190,,0,0,0.5920,0.8619,0.9609,0.9426
nato_1965_hu_wargame_mirror,bloc_1956,hu-722636,,0,0,0.3481,0.1470,0.1984,0.1786
nato_1965_hu_wargame_mirror,bloc_1956,hu-722324,,0,0,0.2942,0.0870,0.1086,0.1143
nato_1965_hu_wargame_mirror,bloc_1956,hu-721472,,1,1,0.8443,0.9847,0.9870,0.9889
nato_1965_hu_wargame_mirror,bloc_1956,hu-720292,,0,0,0.5370,0.2912,0.4963,0.5154
nato_1965_hu_wargame_mirror,bloc_1956,hu-720290,,0,0,0.2551,0.1046,0.0841,0.0599
nato_1965_hu_wargame_mirror,bloc_1956,hu-720287,,0,0,0.2757,0.1014,0.1125,0.0825
nato_1965_hu_wargame_mirror,bloc_1956,hu-720284,,0,0,0.3704,0.1653,0.1418,0.0840
nato_1965_hu_wargame_mirror,bloc_1956,hu-720276,,0,0,0.3866,0.1381,0.2181,0.1482
nato_1965_hu_wargame_mirror,bloc_1956,hu-718113,,0,0,0.2308,0.0767,0.0891,0.1206
nato_1965_hu_wargame_mirror,bloc_1956,hu-717449,,0,0,0.2421,0.0292,0.0411,0.0299
nato_1965_hu_wargame_mirror,bloc_1956,hu-716301,,0,0,0.3331,0.3482,0.5267,0.4433
nato_1965_hu_wargame_mirror,bloc_1956,hu-721239,,0,0,0.5641,0.8863,0.9793,0.9646
nato_1965_hu_wargame_mirror,bloc_1956,hu-3052040,,0,0,0.4727,0.7890,0.9032,0.9040
nato_1965_hu_wargame_mirror,bloc_1956,hu-3051621,,0,0,0.3793,0.5956,0.6443,0.5018
nato_1965_hu_wargame_mirror,bloc_1956,hu-720006,,0,0,0.2589,0.1707,0.1250,0.0777
nato_1965_hu_wargame_mirror,bloc_1956,hu-719655,,0,0,0.2485,0.2181,0.1709,0.1479
nato_1965_hu_wargame_mirror,bloc_1956,hu-3050907,,0,0,0.5047,0.3079,0.5721,0.4421
nato_1965_hu_wargame_mirror,bloc_1956,hu-3050909,,0,0,0.2560,0.3382,0.2910,0.2797
nato_1965_hu_wargame_mirror,bloc_1956,hu-719404,,0,0,0.4604,0.3122,0.6386,0.5790
nato_1965_hu_wargame_mirror,bloc_1956,hu-718744,,0,0,0.3019,0.3544,0.3477,0.2790
nato_1965_hu_wargame_mirror,bloc_1956,hu-718321,,0,0,0.2510,0.1385,0.1240,0.0722
nato_1965_hu_wargame_mirror,bloc_1956,hu-718312,,0,0,0.2623,0.2787,0.2050,0.1193
nato_1965_hu_wargame_mirror,bloc_1956,hu-717635,,0,0,0.4418,0.5027,0.7310,0.6701
nato_1965_hu_wargame_mirror,bloc_1956,hu-715126,,0,0,0.6221,0.8692,0.9664,0.9494
nato_1965_hu_wargame_mirror,bloc_1956,hu-714774,,0,0,0.2757,0.2020,0.1890,0.1370
nato_1965_hu_wargame_mirror,bloc_1956,hu-714772,,0,0,0.2717,0.2801,0.2214,0.1375
nato_1965_hu_wargame_mirror,bloc_1956,hu-714581,,0,0,0.4382,0.3637,0.3871,0.3109
nato_1965_hu_wargame_mirror,bloc_1956,hu-714504,,0,0,0.2939,0.1587,0.1570,0.1031
nato_1965_hu_wargame_mirror,bloc_1956,hu-3053163,,0,0,0.4283,0.7888,0.8647,0.7555
nato_1965_hu_wargame_mirror,bloc_1956,hu-3049519,,1,1,0.3029,0.7705,0.4471,0.3277
nato_1965_hu_wargame_mirror,bloc_1956,hu-3044083,,0,0,0.3492,0.3922,0.1448,0.1252
nato_1965_hu_wargame_mirror,bloc_1956,hu-3044082,,0,0,0.6395,0.9044,0.9620,0.9580
nato_1965_hu_wargame_mirror,bloc_1956,hu-3055601,,0,0,0.2675,0.3933,0.4268,0.4159
nato_1965_hu_wargame_mirror,bloc_1956,hu-3055287,,0,0,0.2681,0.5827,0.3387,0.3216
nato_1965_hu_wargame_mirror,bloc_1956,hu-3045643,,0,0,0.5405,0.7388,0.8733,0.8126
nato_1965_hu_wargame_mirror,bloc_1956,hu-723030,,0,0,0.3391,0.1977,0.1098,0.1038
nato_1965_hu_wargame_mirror,bloc_1956,hu-3056326,,0,0,0.2530,0.2347,0.2053,0.1260
nato_1965_hu_wargame_mirror,bloc_1956,hu-3054646,,0,0,0.2343,0.2713,0.0712,0.0418
nato_1965_hu_wargame_mirror,bloc_1956,hu-3054543,,0,0,0.5697,0.8616,0.9638,0.9325
nato_1965_hu_wargame_mirror,bloc_1956,hu-3053836,,0,0,0.2645,0.2459,0.3096,0.1973
nato_1965_hu_wargame_mirror,bloc_1956,hu-3053485,,0,0,0.2632,0.2266,0.1344,0.1086
nato_1965_hu_wargame_mirror,bloc_1956,hu-3053476,,0,0,0.2901,0.4434,0.1838,0.1245
nato_1965_hu_wargame_mirror,bloc_1956,hu-3052236,,0,0,0.3335,0.3898,0.5129,0.4366
nato_1965_hu_wargame_mirror,bloc_1956,hu-3047942,,0,0,0.2928,0.2352,0.1466,0.1698
nato_1965_hu_wargame_mirror,bloc_1956,hu-3047669,,0,0,0.2639,0.1633,0.1182,0.0982
nato_1965_hu_wargame_mirror,bloc_1956,hu-3047651,,0,0,0.4585,0.3280,0.3610,0.3654
nato_1965_hu_wargame_mirror,bloc_1956,hu-3044681,,0,0,0.2321,0.1719,0.0912,0.0779
nato_1965_hu_wargame_mirror,bloc_1956,hu-3043019,,0,0,0.3209,0.2971,0.1634,0.1251
nato_1965_hu_wargame_mirror,bloc_1956,hu-3043293,,0,0,0.4419,0.7356,0.8457,0.7270
nato_1965_hu_wargame_mirror,bloc_1956,hu-3053281,,1,1,0.4060,0.5928,0.2747,0.2280
nato_1965_hu_wargame_mirror,bloc_1956,hu-3050616,,0,0,0.6197,0.9102,0.9831,0.9806
nato_1965_hu_wargame_mirror,bloc_1956,hu-3045332,,0,0,0.2707,0.4773,0.3605,0.2769
nato_1965_hu_wargame_mirror,bloc_1956,hu-718739,,0,0,0.2914,0.4633,0.2596,0.2135
nato_1965_hu_wargame_mirror,bloc_1956,hu-717771,,0,0,0.2538,0.3120,0.2289,0.1877
nato_1965_hu_wargame_mirror,bloc_1956,hu-716948,,0,0,0.2431,0.1693,0.2104,0.1741
nato_1965_hu_wargame_mirror,bloc_1956,hu-716935,,0,0,0.7056,0.9475,0.9778,0.9811
nato_1965_hu_wargame_mirror,bloc_1956,hu-714692,,0,0,0.2600,0.1876,0.1070,0.0606
nato_1965_hu_wargame_mirror,bloc_1956,hu-714464,,0,0,0.3206,0.1355,0.1531,0.1137
nato_1965_hu_wargame_mirror,bloc_1956,hu-3054809,,0,0,0.2432,0.3268,0.2686,0.2444
nato_1965_hu_wargame_mirror,bloc_1956,hu-3053590,,0,0,0.3260,0.6389,0.7424,0.7028
nato_1965_hu_wargame_mirror,bloc_1956,hu-3053489,,1,1,0.2548,0.3421,0.1762,0.1811
nato_1965_hu_wargame_mirror,bloc_1956,hu-3046768,,1,1,0.3015,0.1488,0.0728,0.0820
nato_1965_hu_wargame_mirror,bloc_1956,hu-3044760,,0,0,0.3743,0.5695,0.4941,0.4996
nato_1965_hu_wargame_mirror,bloc_1956,hu-3043849,,0,0,0.2555,0.1765,0.0601,0.0573
nato_1965_hu_wargame_mirror,bloc_1956,hu-3054533,,0,0,0.2380,0.5257,0.4453,0.3256
nato_1965_hu_wargame_mirror,bloc_1956,hu-3044310,,0,0,0.6623,0.9435,0.9904,0.9843
nato_1965_hu_wargame_mirror,bloc_1956,hu-3045487,,0,0,0.2707,0.5075,0.4161,0.4208
nato_1965_hu_wargame_mirror,bloc_1956,hu-3056357,,0,0,0.3576,0.8797,0.9322,0.9018
nato_1965_hu_wargame_mirror,bloc_1956,hu-3046686,,1,1,0.4775,0.7789,0.8891,0.8500
nato_1965_hu_wargame_mirror,bloc_1956,hu-3042929,,0,0,0.4648,0.7646,0.7068,0.7631
nato_1965_hu_wargame_mirror,bloc_1956,hu-3043095,,0,0,0.3204,0.4386,0.4124,0.4372
nato_1965_hu_wargame_mirror,bloc_1956,hu-3050212,,1,1,0.3084,0.5099,0.3175,0.2425
nato_1965_hu_wargame_mirror,bloc_1956,hu-3047679,,0,0,0.5695,0.8263,0.9468,0.9375
nato_1965_hu_wargame_mirror,bloc_1956,hu-3042638,,0,0,0.4822,0.8613,0.9546,0.9500
us_1958_taiwan_strait,bloc_1956,cn-1817993,,0,0,0.9129,0.9383,0.8435,0.9369
us_1958_taiwan_strait,bloc_1956,cn-1816440,,0,0,0.9777,0.9992,0.9884,0.9881
us_1958_taiwan_strait,bloc_1956,cn-1808722,,0,0,0.9629,0.9994,0.9884,0.9874
us_1958_taiwan_strait,bloc_1956,cn-1807682,,0,0,0.9818,0.9918,0.8092,0.8483
us_1958_taiwan_strait,bloc_1956,cn-1792359,,0,0,0.7566,0.9675,0.7345,0.8622
us_1958_taiwan_strait,bloc_1956,cn-1791236,,0,0,0.9761,0.9665,0.8111,0.9102
us_1958_taiwan_strait,bloc_1956,cn-1810821,,0,0,0.9937,0.9996,0.9490,0.9303
us_1958_taiwan_strait,bloc_1956,cn-1797353,,0,0,0.9158,0.8133,0.7143,0.8415
us_1958_taiwan_strait,bloc_1956,cn-1790645,,1,1,0.9730,0.9876,0.9015,0.9308
us_1958_taiwan_strait,bloc_1956,cn-1785018,,0,0,0.8728,0.9715,0.7274,0.8790
us_1958_taiwan_strait,bloc_1956,cn-1804430,,0,0,0.9888,0.9919,0.7487,0.7359
us_1958_taiwan_strait,bloc_1956,cn-1803331,,0,0,0.7566,0.2046,0.2805,0.3395
us_1958_taiwan_strait,bloc_1956,cn-1792890,,0,0,0.8193,0.9285,0.6485,0.6881
us_1958_taiwan_strait,bloc_1956,cn-1801180,,0,0,0.9078,0.9866,0.9228,0.9536
us_1958_taiwan_strait,bloc_1956,cn-1811103,,0,0,0.9307,0.8775,0.5857,0.8133
us_1958_taiwan_strait,bloc_1956,cn-1809078,,0,0,0.9404,0.9892,0.9448,0.9665
us_1958_taiwan_strait,bloc_1956,cn-1806299,,0,0,0.8808,0.9070,0.6136,0.7701
us_1958_taiwan_strait,bloc_1956,cn-1795940,,0,0,0.9811,0.9898,0.9329,0.9485
us_1958_taiwan_strait,bloc_1956,cn-1784990,,0,0,0.9566,0.9763,0.9043,0.9476
us_1958_taiwan_strait,bloc_1956,cn-1816705,,0,0,0.7566,0.8076,0.7874,0.8897
us_1958_taiwan_strait,bloc_1956,cn-1809498,,0,0,0.9465,0.9968,0.9643,0.9672
us_1958_taiwan_strait,bloc_1956,cn-1803300,,0,0,0.9535,0.9970,0.9779,0.9791
us_1958_taiwan_strait,bloc_1956,cn-1799869,,0,0,0.9663,0.9954,0.9254,0.9508
us_1958_taiwan_strait,bloc_1956,cn-1790840,,0,0,0.9193,0.9685,0.8313,0.9008
us_1958_taiwan_strait,bloc_1956,cn-1809461,,0,0,0.9800,0.9951,0.9142,0.9429
us_1958_taiwan_strait,bloc_1956,cn-1783621,,0,0,0.9024,0.9585,0.6952,0.8042
us_1958_taiwan_strait,bloc_1956,cn-1816971,,0,0,0.9668,0.9942,0.9694,0.9741
us_1958_taiwan_strait,bloc_1956,cn-1816256,,0,0,0.7566,0.8179,0.4487,0.6391
us_1958_taiwan_strait,bloc_1956,cn-1797595,,0,0,0.9639,0.9981,0.9875,0.9872
us_1958_taiwan_strait,bloc_1956,cn-1795270,,0,0,0.9881,0.9991,0.9751,0.9757
us_1958_taiwan_strait,bloc_1956,cn-1793346,,0,0,0.9956,0.9998,0.9882,0.9879
us_1958_taiwan_strait,bloc_1956,cn-1805408,,0,0,0.7566,0.1688,0.1519,0.3770
us_1958_taiwan_strait,bloc_1956,cn-2035265,,0,0,0.9864,0.9964,0.9043,0.9017
us_1958_taiwan_strait,bloc_1956,cn-1804879,,0,0,0.9829,0.9818,0.8103,0.8682
us_1958_taiwan_strait,bloc_1956,cn-1801792,,0,0,0.9586,0.9911,0.8922,0.9177
us_1958_taiwan_strait,bloc_1956,cn-1799629,,0,0,0.7566,0.9783,0.7369,0.8645
us_1958_taiwan_strait,bloc_1956,cn-1798725,,0,0,0.7566,0.9425,0.5895,0.7616
us_1958_taiwan_strait,bloc_1956,cn-1788046,,0,0,0.7984,0.9184,0.7926,0.8126
us_1958_taiwan_strait,bloc_1956,cn-1784658,,0,0,0.9944,0.9991,0.9521,0.9649
us_1958_taiwan_strait,bloc_1956,cn-1807234,,0,0,0.9190,0.9714,0.8090,0.8663
us_1958_taiwan_strait,bloc_1956,cn-1790587,,0,0,0.8530,0.9806,0.8086,0.8519
us_1958_taiwan_strait,bloc_1956,cn-1786764,,0,0,0.7566,0.9921,0.8831,0.8921
us_1958_taiwan_strait,bloc_1956,cn-1791121,,0,0,0.8983,0.8918,0.6895,0.8545
us_1958_taiwan_strait,bloc_1956,cn-1815577,,0,0,0.9951,0.9997,0.9570,0.9712
us_1958_taiwan_strait,bloc_1956,cn-1808103,,0,0,0.7566,0.9738,0.8890,0.8781
us_1958_taiwan_strait,bloc_1956,cn-1805379,,0,0,0.7566,0.8227,0.5420,0.6022
us_1958_taiwan_strait,bloc_1956,cn-1816920,,0,0,0.9263,0.9553,0.7842,0.9029
us_1958_taiwan_strait,bloc_1956,cn-1790492,,0,0,0.9629,0.9770,0.7914,0.8582
us_1958_taiwan_strait,bloc_1956,cn-1808316,,0,0,0.7566,0.7605,0.5948,0.7036
us_1958_taiwan_strait,bloc_1956,cn-2037078,,0,0,0.7101,0.9653,0.6290,0.8432
us_1958_taiwan_strait,bloc_1956,cn-2035836,,0,0,0.7566,0.8939,0.7208,0.7465
us_1958_taiwan_strait,bloc_1956,cn-2034312,,0,0,0.7648,0.9584,0.7206,0.8192
us_1958_taiwan_strait,bloc_1956,cn-7283386,,0,0,0.9079,0.8038,0.6066,0.7761
us_1958_taiwan_strait,bloc_1956,cn-1815456,,0,0,0.9827,0.9769,0.8250,0.8843
us_1958_taiwan_strait,bloc_1956,cn-1799962,,0,0,0.9979,0.9999,0.9792,0.9845
us_1958_taiwan_strait,bloc_1956,cn-1799722,,0,0,0.9787,0.6936,0.6152,0.7558
us_1958_taiwan_strait,bloc_1956,cn-1279945,,0,0,0.9919,0.9839,0.6103,0.6582
us_1958_taiwan_strait,bloc_1956,cn-8400694,,0,0,0.9539,0.9683,0.9192,0.9224
us_1958_taiwan_strait,bloc_1956,cn-1790923,,0,0,0.9942,0.9963,0.9007,0.9472
us_1958_taiwan_strait,bloc_1956,cn-10859300,,0,0,0.9695,0.9951,0.9276,0.9296
us_1958_taiwan_strait,bloc_1956,cn-1784642,,0,0,0.9680,0.9736,0.8491,0.9323
us_1958_taiwan_strait,bloc_1956,cn-1785036,,0,0,0.9040,0.8243,0.4608,0.6061
us_1958_taiwan_strait,bloc_1956,cn-1805179,,0,0,0.8253,0.9684,0.6893,0.7966
us_1958_taiwan_strait,bloc_1956,cn-2036502,,0,0,0.9907,0.9980,0.9508,0.9659
us_1958_taiwan_strait,bloc_1956,cn-1818099,,0,0,0.9873,0.8918,0.6900,0.7793
us_1958_taiwan_strait,bloc_1956,cn-2036109,,0,0,0.9285,0.9847,0.8512,0.9148
us_1958_taiwan_strait,bloc_1956,cn-2034414,,0,0,0.9360,0.9929,0.8785,0.8935
us_1958_taiwan_strait,bloc_1956,cn-2033370,,0,0,0.9377,0.9965,0.9471,0.9622
us_1958_taiwan_strait,bloc_1956,cn-8429062,,0,0,0.9645,0.9773,0.8825,0.9225
us_1958_taiwan_strait,bloc_1956,cn-1805336,,0,0,0.9869,0.9794,0.7829,0.7998
us_1958_taiwan_strait,bloc_1956,cn-2038631,,0,0,0.9936,0.9965,0.8800,0.9139
us_1958_taiwan_strait,bloc_1956,cn-1816670,,0,0,0.9995,0.9985,0.9705,0.9778
us_1958_taiwan_strait,bloc_1956,cn-2033934,,0,0,0.9911,0.9967,0.9430,0.9520
us_1958_taiwan_strait,bloc_1956,cn-2038180,,0,0,0.9969,0.9986,0.9792,0.9832
us_1958_taiwan_strait,bloc_1956,cn-2037355,,0,0,0.9955,0.9990,0.9219,0.9511
us_1958_taiwan_strait,bloc_1956,cn-1809858,,0,0,0.9989,0.9998,0.9834,0.9878
us_1958_taiwan_strait,bloc_1956,cn-1801722,,0,0,0.9336,0.9920,0.9552,0.9745
us_1958_taiwan_strait,bloc_1956,cn-1796236,,1,1,0.9999,1.0000,0.9822,0.9859
us_1958_taiwan_strait,bloc_1956,cn-2034937,,0,0,0.9994,0.9998,0.9847,0.9910
us_1958_taiwan_strait,bloc_1956,cn-1792947,,0,0,0.9995,1.0000,0.9825,0.9836
us_1958_taiwan_strait,bloc_1956,cn-1791247,,0,0,0.9986,1.0000,0.9894,0.9930
us_1958_taiwan_strait,bloc_1956,cn-1790630,,0,0,0.9964,0.9985,0.9768,0.9718
us_1958_taiwan_strait,bloc_1956,cn-1790842,,0,0,0.7566,0.6095,0.1788,0.3212
us_1958_taiwan_strait,bloc_1956,cn-1786657,,0,0,0.8788,0.7580,0.2000,0.2140
us_1958_taiwan_strait,bloc_1956,cn-2034048,,0,0,0.8952,0.9952,0.8874,0.8884
us_1958_taiwan_strait,bloc_1956,cn-10942359,,0,0,0.9367,0.9887,0.8910,0.8902
us_1958_taiwan_strait,bloc_1956,cn-1808857,,0,0,0.7566,0.9754,0.8390,0.8421
us_1958_taiwan_strait,bloc_1956,cn-1790353,,0,0,0.7566,0.8283,0.5980,0.5586
us_1958_taiwan_strait,bloc_1956,cn-1805518,,0,0,0.8832,0.9591,0.7558,0.8145
us_1958_taiwan_strait,bloc_1956,cn-1797929,,0,0,0.9972,0.9995,0.9596,0.9679
us_1958_taiwan_strait,bloc_1956,cn-1791681,,0,0,0.9486,0.9587,0.9183,0.9639
us_1958_taiwan_strait,bloc_1956,cn-1791673,,0,0,0.7566,0.6612,0.4989,0.7403
us_1958_taiwan_strait,bloc_1956,cn-1785286,,0,0,0.9631,0.9939,0.9760,0.9813
us_1958_taiwan_strait,bloc_1956,cn-1813450,,0,0,0.9738,0.9053,0.7936,0.9076
us_1958_taiwan_strait,bloc_1956,cn-1787351,,0,0,0.9609,0.9730,0.9401,0.9374
us_1958_taiwan_strait,bloc_1956,cn-1815286,,0,0,0.9969,0.9988,0.9377,0.9457
us_1958_taiwan_strait,bloc_1956,cn-1800146,,0,0,0.9561,0.9515,0.8834,0.9117
us_1958_taiwan_strait,bloc_1956,cn-1799491,,0,0,0.9649,0.9790,0.9409,0.9449
us_1958_taiwan_strait,bloc_1956,cn-1790939,,0,0,0.9674,0.9346,0.8156,0.8815
us_1958_taiwan_strait,bloc_1956,cn-1783745,,0,0,0.9822,0.9737,0.9129,0.9345
us_1958_taiwan_strait,bloc_1956,cn-2036986,,0,0,0.8903,0.9557,0.6274,0.8463
us_1958_taiwan_strait,bloc_1956,cn-2036581,,0,0,0.9470,0.9886,0.8683,0.9451
us_1958_taiwan_strait,bloc_1956,cn-2035715,,0,0,0.9499,0.9939,0.9458,0.9540
us_1958_taiwan_strait,bloc_1956,cn-1917779,,0,0,0.9489,0.9964,0.9299,0.9161
us_1958_taiwan_strait,bloc_1956,cn-2036892,,0,0,0.9483,0.9839,0.8613,0.8675
us_1958_taiwan_strait,bloc_1956,cn-1280737,,0,0,0.7566,0.6757,0.6003,0.6818
us_1958_taiwan_strait,bloc_1956,cn-1787816,,0,0,0.7851,0.8434,0.7028,0.6880
us_1958_taiwan_strait,bloc_1956,cn-1529102,,0,0,0.9439,0.9942,0.5884,0.7530
us_1958_taiwan_strait,bloc_1956,cn-1280849,,0,0,0.8920,0.6416,0.3868,0.3587
us_1958_taiwan_strait,bloc_1956,cn-1529013,,0,0,0.9164,0.8742,0.4030,0.5216
us_1958_taiwan_strait,bloc_1956,cn-1810240,,0,0,0.9539,0.9750,0.8661,0.8961
us_1958_taiwan_strait,bloc_1956,cn-1804651,,0,0,0.9957,0.9981,0.9683,0.9511
us_1958_taiwan_strait,bloc_1956,cn-1808926,,0,0,0.9957,0.9976,0.9708,0.9679
us_1958_taiwan_strait,bloc_1956,cn-1806535,,0,0,0.8181,0.9371,0.6458,0.7807
us_1958_taiwan_strait,bloc_1956,cn-1805953,,0,0,0.8660,0.8946,0.6624,0.7622
us_1958_taiwan_strait,bloc_1956,cn-1799397,,0,0,0.9753,0.9875,0.8634,0.9062
us_1958_taiwan_strait,bloc_1956,cn-1795855,,0,0,0.9371,0.9490,0.8066,0.8612
us_1958_taiwan_strait,bloc_1956,cn-1791388,,0,0,0.9680,0.9693,0.8924,0.8979
us_1963_jcs_china_vulnerability,bloc_1956,cn-1817993,,0,0,0.9129,0.9383,0.8435,0.9369
us_1963_jcs_china_vulnerability,bloc_1956,cn-1816440,,0,0,0.9777,0.9992,0.9884,0.9881
us_1963_jcs_china_vulnerability,bloc_1956,cn-1808722,,0,0,0.9629,0.9994,0.9884,0.9874
us_1963_jcs_china_vulnerability,bloc_1956,cn-1807682,,0,0,0.9818,0.9918,0.8092,0.8483
us_1963_jcs_china_vulnerability,bloc_1956,cn-1792359,,0,0,0.7566,0.9675,0.7345,0.8622
us_1963_jcs_china_vulnerability,bloc_1956,cn-1791236,,0,0,0.9761,0.9665,0.8111,0.9102
us_1963_jcs_china_vulnerability,bloc_1956,cn-1810821,,0,0,0.9937,0.9996,0.9490,0.9303
us_1963_jcs_china_vulnerability,bloc_1956,cn-1797353,,0,0,0.9158,0.8133,0.7143,0.8415
us_1963_jcs_china_vulnerability,bloc_1956,cn-1790645,,0,0,0.9730,0.9876,0.9015,0.9308
us_1963_jcs_china_vulnerability,bloc_1956,cn-1785018,,0,0,0.8728,0.9715,0.7274,0.8790
us_1963_jcs_china_vulnerability,bloc_1956,cn-1804430,,1,1,0.9888,0.9919,0.7487,0.7359
us_1963_jcs_china_vulnerability,bloc_1956,cn-1803331,,0,0,0.7566,0.2046,0.2805,0.3395
us_1963_jcs_china_vulnerability,bloc_1956,cn-1792890,,0,0,0.8193,0.9285,0.6485,0.6881
us_1963_jcs_china_vulnerability,bloc_1956,cn-1801180,,0,0,0.9078,0.9866,0.9228,0.9536
us_1963_jcs_china_vulnerability,bloc_1956,cn-1811103,,0,0,0.9307,0.8775,0.5857,0.8133
us_1963_jcs_china_vulnerability,bloc_1956,cn-1809078,,0,0,0.9404,0.9892,0.9448,0.9665
us_1963_jcs_china_vulnerability,bloc_1956,cn-1806299,,0,0,0.8808,0.9070,0.6136,0.7701
us_1963_jcs_china_vulnerability,bloc_1956,cn-1795940,,0,0,0.9811,0.9898,0.9329,0.9485
us_1963_jcs_china_vulnerability,bloc_1956,cn-1784990,,0,0,0.9566,0.9763,0.9043,0.9476
us_1963_jcs_china_vulnerability,bloc_1956,cn-1816705,,0,0,0.7566,0.8076,0.7874,0.8897
us_1963_jcs_china_vulnerability,bloc_1956,cn-1809498,,0,0,0.9465,0.9968,0.9643,0.9672
us_1963_jcs_china_vulnerability,bloc_1956,cn-1803300,,0,0,0.9535,0.9970,0.9779,0.9791
us_1963_jcs_china_vulnerability,bloc_1956,cn-1799869,,0,0,0.9663,0.9954,0.9254,0.9508
us_1963_jcs_china_vulnerability,bloc_1956,cn-1790840,,0,0,0.9193,0.9685,0.8313,0.9008
us_1963_jcs_china_vulnerability,bloc_1956,cn-1809461,,0,0,0.9800,0.9951,0.9142,0.9429
us_1963_jcs_china_vulnerability,bloc_1956,cn-1783621,,0,0,0.9024,0.9585,0.6952,0.8042
us_1963_jcs_china_vulnerability,bloc_1956,cn-1816971,,0,0,0.9668,0.9942,0.9694,0.9741
us_1963_jcs_china_vulnerability,bloc_1956,cn-1816256,,0,0,0.7566,0.8179,0.4487,0.6391
us_1963_jcs_china_vulnerability,bloc_1956,cn-1797595,,0,0,0.9639,0.9981,0.9875,0.9872
us_1963_jcs_china_vulnerability,bloc_1956,cn-1795270,,0,0,0.9881,0.9991,0.9751,0.9757
us_1963_jcs_china_vulnerability,bloc_1956,cn-1793346,,0,0,0.9956,0.9998,0.9882,0.9879
us_1963_jcs_china_vulnerability,bloc_1956,cn-1805408,,0,0,0.7566,0.1688,0.1519,0.3770
us_1963_jcs_china_vulnerability,bloc_1956,cn-2035265,,0,0,0.9864,0.9964,0.9043,0.9017
us_1963_jcs_china_vulnerability,bloc_1956,cn-1804879,,0,0,0.9829,0.9818,0.8103,0.8682
us_1963_jcs_china_vulnerability,bloc_1956,cn-1801792,,0,0,0.9586,0.9911,0.8922,0.9177
us_1963_jcs_china_vulnerability,bloc_1956,cn-1799629,,0,0,0.7566,0.9783,0.7369,0.8645
us_1963_jcs_china_vulnerability,bloc_1956,cn-1798725,,0,0,0.7566,0.9425,0.5895,0.7616
us_1963_jcs_china_vulnerability,bloc_1956,cn-1788046,,0,0,0.7984,0.9184,0.7926,0.8126
us_1963_jcs_china_vulnerability,bloc_1956,cn-1784658,,0,0,0.9944,0.9991,0.9521,0.9649
us_1963_jcs_china_vulnerability,bloc_1956,cn-1807234,,0,0,0.9190,0.9714,0.8090,0.8663
us_1963_jcs_china_vulnerability,bloc_1956,cn-1790587,,0,0,0.8530,0.9806,0.8086,0.8519
us_1963_jcs_china_vulnerability,bloc_1956,cn-1786764,,0,0,0.7566,0.9921,0.8831,0.8921
us_1963_jcs_china_vulnerability,bloc_1956,cn-1791121,,0,0,0.8983,0.8918,0.6895,0.8545
us_1963_jcs_china_vulnerability,bloc_1956,cn-1815577,,1,1,0.9951,0.9997,0.9570,0.9712
us_1963_jcs_china_vulnerability,bloc_1956,cn-1808103,,0,0,0.7566,0.9738,0.8890,0.8781
us_1963_jcs_china_vulnerability,bloc_1956,cn-1805379,,0,0,0.7566,0.8227,0.5420,0.6022
us_1963_jcs_china_vulnerability,bloc_1956,cn-1816920,,0,0,0.9263,0.9553,0.7842,0.9029
us_1963_jcs_china_vulnerability,bloc_1956,cn-1790492,,0,0,0.9629,0.9770,0.7914,0.8582
us_1963_jcs_china_vulnerability,bloc_1956,cn-1808316,,0,0,0.7566,0.7605,0.5948,0.7036
us_1963_jcs_china_vulnerability,bloc_1956,cn-2037078,,0,0,0.7101,0.9653,0.6290,0.8432
us_1963_jcs_china_vulnerability,bloc_1956,cn-2035836,,1,1,0.7566,0.8939,0.7208,0.7465
us_1963_jcs_china_vulnerability,bloc_1956,cn-2034312,,0,0,0.7648,0.9584,0.7206,0.8192
us_1963_jcs_china_vulnerability,bloc_1956,cn-7283386,,0,0,0.9079,0.8038,0.6066,0.7761
us_1963_jcs_china_vulnerability,bloc_1956,cn-1815456,,0,0,0.9827,0.9769,0.8250,0.8843
us_1963_jcs_china_vulnerability,bloc_1956,cn-1799962,,0,0,0.9979,0.9999,0.9792,0.9845
us_1963_jcs_china_vulnerability,bloc_1956,cn-1799722,,0,0,0.9787,0.6936,0.6152,0.7558
us_1963_jcs_china_vulnerability,bloc_1956,cn-1279945,,0,0,0.9919,0.9839,0.6103,0.6582
us_1963_jcs_china_vulnerability,bloc_1956,cn-8400694,,0,0,0.9539,0.9683,0.9192,0.9224
us_1963_jcs_china_vulnerability,bloc_1956,cn-1790923,,0,0,0.9942,0.9963,0.9007,0.9472
us_1963_jcs_china_vulnerability,bloc_1956,cn-10859300,,0,0,0.9695,0.9951,0.9276,0.9296
us_1963_jcs_china_vulnerability,bloc_1956,cn-1784642,,0,0,0.9680,0.9736,0.8491,0.9323
us_1963_jcs_china_vulnerability,bloc_1956,cn-1785036,,0,0,0.9040,0.8243,0.4608,0.6061
us_1963_jcs_china_vulnerability,bloc_1956,cn-1805179,,0,0,0.8253,0.9684,0.6893,0.7966
us_1963_jcs_china_vulnerability,bloc_1956,cn-2036502,,0,0,0.9907,0.9980,0.9508,0.9659
us_1963_jcs_china_vulnerability,bloc_1956,cn-1818099,,0,0,0.9873,0.8918,0.6900,0.7793
us_1963_jcs_china_vulnerability,bloc_1956,cn-2036109,,0,0,0.9285,0.9847,0.8512,0.9148
us_1963_jcs_china_vulnerability,bloc_1956,cn-2034414,,0,0,0.9360,0.9929,0.8785,0.8935
us_1963_jcs_china_vulnerability,bloc_1956,cn-2033370,,0,0,0.9377,0.9965,0.9471,0.9622
us_1963_jcs_china_vulnerability,bloc_1956,cn-8429062,,0,0,0.9645,0.9773,0.8825,0.9225
us_1963_jcs_china_vulnerability,bloc_1956,cn-1805336,,0,0,0.9869,0.9794,0.7829,0.7998
us_1963_jcs_china_vulnerability,bloc_1956,cn-2038631,,0,0,0.9936,0.9965,0.8800,0.9139
us_1963_jcs_china_vulnerability,bloc_1956,cn-1816670,,0,0,0.9995,0.9985,0.9705,0.9778
us_1963_jcs_china_vulnerability,bloc_1956,cn-2033934,,0,0,0.9911,0.9967,0.9430,0.9520
us_1963_jcs_china_vulnerability,bloc_1956,cn-2038180,,0,0,0.9969,0.9986,0.9792,0.9832
us_1963_jcs_china_vulnerability,bloc_1956,cn-2037355,,0,0,0.9955,0.9990,0.9219,0.9511
us_1963_jcs_china_vulnerability,bloc_1956,cn-1809858,,0,0,0.9989,0.9998,0.9834,0.9878
us_1963_jcs_china_vulnerability,bloc_1956,cn-1801722,,0,0,0.9336,0.9920,0.9552,0.9745
us_1963_jcs_china_vulnerability,bloc_1956,cn-1796236,,0,0,0.9999,1.0000,0.9822,0.9859
us_1963_jcs_china_vulnerability,bloc_1956,cn-2034937,,0,0,0.9994,0.9998,0.9847,0.9910
us_1963_jcs_china_vulnerability,bloc_1956,cn-1792947,,0,0,0.9995,1.0000,0.9825,0.9836
us_1963_jcs_china_vulnerability,bloc_1956,cn-1791247,,0,0,0.9986,1.0000,0.9894,0.9930
us_1963_jcs_china_vulnerability,bloc_1956,cn-1790630,,0,0,0.9964,0.9985,0.9768,0.9718
us_1963_jcs_china_vulnerability,bloc_1956,cn-1790842,,0,0,0.7566,0.6095,0.1788,0.3212
us_1963_jcs_china_vulnerability,bloc_1956,cn-1786657,,0,0,0.8788,0.7580,0.2000,0.2140
us_1963_jcs_china_vulnerability,bloc_1956,cn-2034048,,0,0,0.8952,0.9952,0.8874,0.8884
us_1963_jcs_china_vulnerability,bloc_1956,cn-10942359,,0,0,0.9367,0.9887,0.8910,0.8902
us_1963_jcs_china_vulnerability,bloc_1956,cn-1808857,,0,0,0.7566,0.9754,0.8390,0.8421
us_1963_jcs_china_vulnerability,bloc_1956,cn-1790353,,0,0,0.7566,0.8283,0.5980,0.5586
us_1963_jcs_china_vulnerability,bloc_1956,cn-1805518,,1,1,0.8832,0.9591,0.7558,0.8145
us_1963_jcs_china_vulnerability,bloc_1956,cn-1797929,,0,0,0.9972,0.9995,0.9596,0.9679
us_1963_jcs_china_vulnerability,bloc_1956,cn-1791681,,0,0,0.9486,0.9587,0.9183,0.9639
us_1963_jcs_china_vulnerability,bloc_1956,cn-1791673,,0,0,0.7566,0.6612,0.4989,0.7403
us_1963_jcs_china_vulnerability,bloc_1956,cn-1785286,,0,0,0.9631,0.9939,0.9760,0.9813
us_1963_jcs_china_vulnerability,bloc_1956,cn-1813450,,0,0,0.9738,0.9053,0.7936,0.9076
us_1963_jcs_china_vulnerability,bloc_1956,cn-1787351,,0,0,0.9609,0.9730,0.9401,0.9374
us_1963_jcs_china_vulnerability,bloc_1956,cn-1815286,,0,0,0.9969,0.9988,0.9377,0.9457
us_1963_jcs_china_vulnerability,bloc_1956,cn-1800146,,0,0,0.9561,0.9515,0.8834,0.9117
us_1963_jcs_china_vulnerability,bloc_1956,cn-1799491,,0,0,0.9649,0.9790,0.9409,0.9449
us_1963_jcs_china_vulnerability,bloc_1956,cn-1790939,,0,0,0.9674,0.9346,0.8156,0.8815
us_1963_jcs_china_vulnerability,bloc_1956,cn-1783745,,0,0,0.9822,0.9737,0.9129,0.9345
us_1963_jcs_china_vulnerability,bloc_1956,cn-2036986,,0,0,0.8903,0.9557,0.6274,0.8463
us_1963_jcs_china_vulnerability,bloc_1956,cn-2036581,,0,0,0.9470,0.9886,0.8683,0.9451
us_1963_jcs_china_vulnerability,bloc_1956,cn-2035715,,0,0,0.9499,0.9939,0.9458,0.9540
us_1963_jcs_china_vulnerability,bloc_1956,cn-1917779,,0,0,0.9489,0.9964,0.9299,0.9161
us_1963_jcs_china_vulnerability,bloc_1956,cn-2036892,,0,0,0.9483,0.9839,0.8613,0.8675
us_1963_jcs_china_vulnerability,bloc_1956,cn-1280737,,0,0,0.7566,0.6757,0.6003,0.6818
us_1963_jcs_china_vulnerability,bloc_1956,cn-1787816,,0,0,0.7851,0.8434,0.7028,0.6880
us_1963_jcs_china_vulnerability,bloc_1956,cn-1529102,,0,0,0.9439,0.9942,0.5884,0.7530
us_1963_jcs_china_vulnerability,bloc_1956,cn-1280849,,0,0,0.8920,0.6416,0.3868,0.3587
us_1963_jcs_china_vulnerability,bloc_1956,cn-1529013,,0,0,0.9164,0.8742,0.4030,0.5216
us_1963_jcs_china_vulnerability,bloc_1956,cn-1810240,,0,0,0.9539,0.9750,0.8661,0.8961
us_1963_jcs_china_vulnerability,bloc_1956,cn-1804651,,0,0,0.9957,0.9981,0.9683,0.9511
us_1963_jcs_china_vulnerability,bloc_1956,cn-1808926,,0,0,0.9957,0.9976,0.9708,0.9679
us_1963_jcs_china_vulnerability,bloc_1956,cn-1806535,,0,0,0.8181,0.9371,0.6458,0.7807
us_1963_jcs_china_vulnerability,bloc_1956,cn-1805953,,0,0,0.8660,0.8946,0.6624,0.7622
us_1963_jcs_china_vulnerability,bloc_1956,cn-1799397,,0,0,0.9753,0.9875,0.8634,0.9062
us_1963_jcs_china_vulnerability,bloc_1956,cn-1795855,,0,0,0.9371,0.9490,0.8066,0.8612
us_1963_jcs_china_vulnerability,bloc_1956,cn-1791388,,0,0,0.9680,0.9693,0.8924,0.8979
us_1964_china_nuclear,bloc_1956,cn-1817993,,0,0,0.9129,0.9383,0.8435,0.9369
us_1964_china_nuclear,bloc_1956,cn-1816440,,0,0,0.9777,0.9992,0.9884,0.9881
us_1964_china_nuclear,bloc_1956,cn-1808722,,0,0,0.9629,0.9994,0.9884,0.9874
us_1964_china_nuclear,bloc_1956,cn-1807682,,0,0,0.9818,0.9918,0.8092,0.8483
us_1964_china_nuclear,bloc_1956,cn-1792359,,0,0,0.7566,0.9675,0.7345,0.8622
us_1964_china_nuclear,bloc_1956,cn-1791236,,0,0,0.9761,0.9665,0.8111,0.9102
us_1964_china_nuclear,bloc_1956,cn-1810821,,0,0,0.9937,0.9996,0.9490,0.9303
us_1964_china_nuclear,bloc_1956,cn-1797353,,0,0,0.9158,0.8133,0.7143,0.8415
us_1964_china_nuclear,bloc_1956,cn-1790645,,0,0,0.9730,0.9876,0.9015,0.9308
us_1964_china_nuclear,bloc_1956,cn-1785018,,0,0,0.8728,0.9715,0.7274,0.8790
us_1964_china_nuclear,bloc_1956,cn-1804430,,1,1,0.9888,0.9919,0.7487,0.7359
us_1964_china_nuclear,bloc_1956,cn-1803331,,0,0,0.7566,0.2046,0.2805,0.3395
us_1964_china_nuclear,bloc_1956,cn-1792890,,0,0,0.8193,0.9285,0.6485,0.6881
us_1964_china_nuclear,bloc_1956,cn-1801180,,0,0,0.9078,0.9866,0.9228,0.9536
us_1964_china_nuclear,bloc_1956,cn-1811103,,0,0,0.9307,0.8775,0.5857,0.8133
us_1964_china_nuclear,bloc_1956,cn-1809078,,0,0,0.9404,0.9892,0.9448,0.9665
us_1964_china_nuclear,bloc_1956,cn-1806299,,0,0,0.8808,0.9070,0.6136,0.7701
us_1964_china_nuclear,bloc_1956,cn-1795940,,0,0,0.9811,0.9898,0.9329,0.9485
us_1964_china_nuclear,bloc_1956,cn-1784990,,0,0,0.9566,0.9763,0.9043,0.9476
us_1964_china_nuclear,bloc_1956,cn-1816705,,0,0,0.7566,0.8076,0.7874,0.8897
us_1964_china_nuclear,bloc_1956,cn-1809498,,0,0,0.9465,0.9968,0.9643,0.9672
us_1964_china_nuclear,bloc_1956,cn-1803300,,0,0,0.9535,0.9970,0.9779,0.9791
us_1964_china_nuclear,bloc_1956,cn-1799869,,0,0,0.9663,0.9954,0.9254,0.9508
us_1964_china_nuclear,bloc_1956,cn-1790840,,0,0,0.9193,0.9685,0.8313,0.9008
us_1964_china_nuclear,bloc_1956,cn-1809461,,0,0,0.9800,0.9951,0.9142,0.9429
us_1964_china_nuclear,bloc_1956,cn-1783621,,0,0,0.9024,0.9585,0.6952,0.8042
us_1964_china_nuclear,bloc_1956,cn-1816971,,0,0,0.9668,0.9942,0.9694,0.9741
us_1964_china_nuclear,bloc_1956,cn-1816256,,0,0,0.7566,0.8179,0.4487,0.6391
us_1964_china_nuclear,bloc_1956,cn-1797595,,0,0,0.9639,0.9981,0.9875,0.9872
us_1964_china_nuclear,bloc_1956,cn-1795270,,0,0,0.9881,0.9991,0.9751,0.9757
us_1964_china_nuclear,bloc_1956,cn-1793346,,0,0,0.9956,0.9998,0.9882,0.9879
us_1964_china_nuclear,bloc_1956,cn-1805408,,0,0,0.7566,0.1688,0.1519,0.3770
us_1964_china_nuclear,bloc_1956,cn-2035265,,0,0,0.9864,0.9964,0.9043,0.9017
us_1964_china_nuclear,bloc_1956,cn-1804879,,0,0,0.9829,0.9818,0.8103,0.8682
us_1964_china_nuclear,bloc_1956,cn-1801792,,0,0,0.9586,0.9911,0.8922,0.9177
us_1964_china_nuclear,bloc_1956,cn-1799629,,0,0,0.7566,0.9783,0.7369,0.8645
us_1964_china_nuclear,bloc_1956,cn-1798725,,0,0,0.7566,0.9425,0.5895,0.7616
us_1964_china_nuclear,bloc_1956,cn-1788046,,0,0,0.7984,0.9184,0.7926,0.8126
us_1964_china_nuclear,bloc_1956,cn-1784658,,0,0,0.9944,0.9991,0.9521,0.9649
us_1964_china_nuclear,bloc_1956,cn-1807234,,0,0,0.9190,0.9714,0.8090,0.8663
us_1964_china_nuclear,bloc_1956,cn-1790587,,0,0,0.8530,0.9806,0.8086,0.8519
us_1964_china_nuclear,bloc_1956,cn-1786764,,0,0,0.7566,0.9921,0.8831,0.8921
us_1964_china_nuclear,bloc_1956,cn-1791121,,0,0,0.8983,0.8918,0.6895,0.8545
us_1964_china_nuclear,bloc_1956,cn-1815577,,0,0,0.9951,0.9997,0.9570,0.9712
us_1964_china_nuclear,bloc_1956,cn-1808103,,0,0,0.7566,0.9738,0.8890,0.8781
us_1964_china_nuclear,bloc_1956,cn-1805379,,0,0,0.7566,0.8227,0.5420,0.6022
us_1964_china_nuclear,bloc_1956,cn-1816920,,0,0,0.9263,0.9553,0.7842,0.9029
us_1964_china_nuclear,bloc_1956,cn-1790492,,0,0,0.9629,0.9770,0.7914,0.8582
us_1964_china_nuclear,bloc_1956,cn-1808316,,0,0,0.7566,0.7605,0.5948,0.7036
us_1964_china_nuclear,bloc_1956,cn-2037078,,0,0,0.7101,0.9653,0.6290,0.8432
us_1964_china_nuclear,bloc_1956,cn-2035836,,0,0,0.7566,0.8939,0.7208,0.7465
us_1964_china_nuclear,bloc_1956,cn-2034312,,0,0,0.7648,0.9584,0.7206,0.8192
us_1964_china_nuclear,bloc_1956,cn-7283386,,0,0,0.9079,0.8038,0.6066,0.7761
us_1964_china_nuclear,bloc_1956,cn-1815456,,0,0,0.9827,0.9769,0.8250,0.8843
us_1964_china_nuclear,bloc_1956,cn-1799962,,0,0,0.9979,0.9999,0.9792,0.9845
us_1964_china_nuclear,bloc_1956,cn-1799722,,0,0,0.9787,0.6936,0.6152,0.7558
us_1964_china_nuclear,bloc_1956,cn-1279945,,0,0,0.9919,0.9839,0.6103,0.6582
us_1964_china_nuclear,bloc_1956,cn-8400694,,0,0,0.9539,0.9683,0.9192,0.9224
us_1964_china_nuclear,bloc_1956,cn-1790923,,0,0,0.9942,0.9963,0.9007,0.9472
us_1964_china_nuclear,bloc_1956,cn-10859300,,0,0,0.9695,0.9951,0.9276,0.9296
us_1964_china_nuclear,bloc_1956,cn-1784642,,0,0,0.9680,0.9736,0.8491,0.9323
us_1964_china_nuclear,bloc_1956,cn-1785036,,0,0,0.9040,0.8243,0.4608,0.6061
us_1964_china_nuclear,bloc_1956,cn-1805179,,0,0,0.8253,0.9684,0.6893,0.7966
us_1964_china_nuclear,bloc_1956,cn-2036502,,0,0,0.9907,0.9980,0.9508,0.9659
us_1964_china_nuclear,bloc_1956,cn-1818099,,0,0,0.9873,0.8918,0.6900,0.7793
us_1964_china_nuclear,bloc_1956,cn-2036109,,0,0,0.9285,0.9847,0.8512,0.9148
us_1964_china_nuclear,bloc_1956,cn-2034414,,0,0,0.9360,0.9929,0.8785,0.8935
us_1964_china_nuclear,bloc_1956,cn-2033370,,0,0,0.9377,0.9965,0.9471,0.9622
us_1964_china_nuclear,bloc_1956,cn-8429062,,0,0,0.9645,0.9773,0.8825,0.9225
us_1964_china_nuclear,bloc_1956,cn-1805336,,0,0,0.9869,0.9794,0.7829,0.7998
us_1964_china_nuclear,bloc_1956,cn-2038631,,0,0,0.9936,0.9965,0.8800,0.9139
us_1964_china_nuclear,bloc_1956,cn-1816670,,0,0,0.9995,0.9985,0.9705,0.9778
us_1964_china_nuclear,bloc_1956,cn-2033934,,0,0,0.9911,0.9967,0.9430,0.9520
us_1964_china_nuclear,bloc_1956,cn-2038180,,0,0,0.9969,0.9986,0.9792,0.9832
us_1964_china_nuclear,bloc_1956,cn-2037355,,0,0,0.9955,0.9990,0.9219,0.9511
us_1964_china_nuclear,bloc_1956,cn-1809858,,0,0,0.9989,0.9998,0.9834,0.9878
us_1964_china_nuclear,bloc_1956,cn-1801722,,0,0,0.9336,0.9920,0.9552,0.9745
us_1964_china_nuclear,bloc_1956,cn-1796236,,0,0,0.9999,1.0000,0.9822,0.9859
us_1964_china_nuclear,bloc_1956,cn-2034937,,0,0,0.9994,0.9998,0.9847,0.9910
us_1964_china_nuclear,bloc_1956,cn-1792947,,0,0,0.9995,1.0000,0.9825,0.9836
us_1964_china_nuclear,bloc_1956,cn-1791247,,0,0,0.9986,1.0000,0.9894,0.9930
us_1964_china_nuclear,bloc_1956,cn-1790630,,0,0,0.9964,0.9985,0.9768,0.9718
us_1964_china_nuclear,bloc_1956,cn-1790842,,0,0,0.7566,0.6095,0.1788,0.3212
us_1964_china_nuclear,bloc_1956,cn-1786657,,0,0,0.8788,0.7580,0.2000,0.2140
us_1964_china_nuclear,bloc_1956,cn-2034048,,0,0,0.8952,0.9952,0.8874,0.8884
us_1964_china_nuclear,bloc_1956,cn-10942359,,0,0,0.9367,0.9887,0.8910,0.8902
us_1964_china_nuclear,bloc_1956,cn-1808857,,0,0,0.7566,0.9754,0.8390,0.8421
us_1964_china_nuclear,bloc_1956,cn-1790353,,0,0,0.7566,0.8283,0.5980,0.5586
us_1964_china_nuclear,bloc_1956,cn-1805518,,0,0,0.8832,0.9591,0.7558,0.8145
us_1964_china_nuclear,bloc_1956,cn-1797929,,0,0,0.9972,0.9995,0.9596,0.9679
us_1964_china_nuclear,bloc_1956,cn-1791681,,0,0,0.9486,0.9587,0.9183,0.9639
us_1964_china_nuclear,bloc_1956,cn-1791673,,0,0,0.7566,0.6612,0.4989,0.7403
us_1964_china_nuclear,bloc_1956,cn-1785286,,0,0,0.9631,0.9939,0.9760,0.9813
us_1964_china_nuclear,bloc_1956,cn-1813450,,0,0,0.9738,0.9053,0.7936,0.9076
us_1964_china_nuclear,bloc_1956,cn-1787351,,0,0,0.9609,0.9730,0.9401,0.9374
us_1964_china_nuclear,bloc_1956,cn-1815286,,0,0,0.9969,0.9988,0.9377,0.9457
us_1964_china_nuclear,bloc_1956,cn-1800146,,0,0,0.9561,0.9515,0.8834,0.9117
us_1964_china_nuclear,bloc_1956,cn-1799491,,0,0,0.9649,0.9790,0.9409,0.9449
us_1964_china_nuclear,bloc_1956,cn-1790939,,0,0,0.9674,0.9346,0.8156,0.8815
us_1964_china_nuclear,bloc_1956,cn-1783745,,0,0,0.9822,0.9737,0.9129,0.9345
us_1964_china_nuclear,bloc_1956,cn-2036986,,0,0,0.8903,0.9557,0.6274,0.8463
us_1964_china_nuclear,bloc_1956,cn-2036581,,0,0,0.9470,0.9886,0.8683,0.9451
us_1964_china_nuclear,bloc_1956,cn-2035715,,0,0,0.9499,0.9939,0.9458,0.9540
us_1964_china_nuclear,bloc_1956,cn-1917779,,1,1,0.9489,0.9964,0.9299,0.9161
us_1964_china_nuclear,bloc_1956,cn-2036892,,0,0,0.9483,0.9839,0.8613,0.8675
us_1964_china_nuclear,bloc_1956,cn-1280737,,0,0,0.7566,0.6757,0.6003,0.6818
us_1964_china_nuclear,bloc_1956,cn-1787816,,0,0,0.7851,0.8434,0.7028,0.6880
us_1964_china_nuclear,bloc_1956,cn-1529102,,0,0,0.9439,0.9942,0.5884,0.7530
us_1964_china_nuclear,bloc_1956,cn-1280849,,0,0,0.8920,0.6416,0.3868,0.3587
us_1964_china_nuclear,bloc_1956,cn-1529013,,0,0,0.9164,0.8742,0.4030,0.5216
us_1964_china_nuclear,bloc_1956,cn-1810240,,0,0,0.9539,0.9750,0.8661,0.8961
us_1964_china_nuclear,bloc_1956,cn-1804651,,0,0,0.9957,0.9981,0.9683,0.9511
us_1964_china_nuclear,bloc_1956,cn-1808926,,0,0,0.9957,0.9976,0.9708,0.9679
us_1964_china_nuclear,bloc_1956,cn-1806535,,0,0,0.8181,0.9371,0.6458,0.7807
us_1964_china_nuclear,bloc_1956,cn-1805953,,0,0,0.8660,0.8946,0.6624,0.7622
us_1964_china_nuclear,bloc_1956,cn-1799397,,0,0,0.9753,0.9875,0.8634,0.9062
us_1964_china_nuclear,bloc_1956,cn-1795855,,0,0,0.9371,0.9490,0.8066,0.8612
us_1964_china_nuclear,bloc_1956,cn-1791388,,0,0,0.9680,0.9693,0.8924,0.8979
