id,page,priority,ref,name,name_printed,country,be,lat,lon,code,text
A002-L03,A002,1042,0020,ABAKAN,ABAKAN,USSR,0161-8002,53.7167,91.45,R,1042 0020 ABAKAN 0161-8002 5343-09127 R
A002-L04,A002,814,0024,ACHINSK,ACHINSK,USSR,0159-8007,56.2667,90.4667,R,814 0024 ACHINSK 0159-8007 5616-09028 R
A002-L05,A002,771,6270,ADLER,ADLER,USSR,0324-8635,43.45,39.9333,R,771 6270 ADLER 0324-8635 4327-03956 R
A002-L06,A002,47,0034,AFRIKANDA,AFRIKANDA,USSR,0091-8601,67.4667,32.8,R,47 0034 AFRIKANDA 0091-8601 6728-03248 R
A002-L07,A002,727,0080,AKTYURINSK,AKTYURINSK,USSR,0236-8002,50.1667,57.1667,R,727 0080 AKTYURINSK 0236-8002 5010-05710 R
A002-L08,A002,48,0096,ALAKURTTI,ALAKURTTI,USSR,0091-8602,66.9667,30.35,R,48 0096 ALAKURTTI 0091-8602 6658-03021 R
A002-L09,A002,952,0100,ALAPAYEVSK,ALAPAYEVSK,USSR,0156-8024,57.8667,61.75,R,952 0100 ALAPAYEVSK 0156-8024 5752-06145 R
A002-L10,A002,683,0120,ALEKSANDROVSK,ALEKSANDROVSK,USSR,0205-8001,50.8833,142.1667,R,683 0120 ALEKSANDROVSK 0205-8001 5053-14210 R
A002-L11,A002,91,0125,ALEKSEYEVSKOYE,ALEKSEYEVSKOYE,USSR,0204-8658,49.2833,140.2667,R,91 0125 ALEKSEYEVSKOYE 0204-8658 4917-14016 R
A002-L12,A002,401,0138,ALEXENI,"ALEXENI, RUM",Romania,0251-8076,44.7,26.7333,R,"401 0138 ALEXENI, RUM 0251-8076 4442-02644 R"
A002-L13,A002,867,0160,ALMA ATA,ALMA ATA,USSR,0329-8602,43.35,77.0,R,867 0160 ALMA ATA 0329-8602 4321-07700 R
A002-L14,A002,1043,0160,ALMA ATA N,ALMA ATA N.,USSR,0329-8501,43.3833,76.9833,S,1043 0160 ALMA ATA N. 0329-8501 4323-07659 S
A002-L15,A002,1044,0160,ALMA ATA N W,ALMA ATA N.W.,USSR,0329-8603,43.35,76.8333,T,1044 0160 ALMA ATA N.W. 0329-8603 4321-07650 T
A002-L16,A002,355,0185,ALTENBURG,"ALTENBURG, E GER",East Germany,0231-8055,50.9833,12.5,R,"355 0185 ALTENBURG, E GER 0231-8055 5059-01230 R"
A002-L17,A002,442,8485,ALT LONNEWITZ,"ALT LONNEWITZ, E GER",East Germany,0231-8056,51.55,13.2167,R,"442 8485 ALT LONNEWITZ, E GER 0231-8056 5133-01313 R"
A002-L18,A002,857,0189,ALYTUS,ALYTUS,USSR,0168-8601,54.4167,24.05,R,857 0189 ALYTUS 0168-8601 5425-02403 R
A002-L19,A002,52,0201,AMDERMA,AMDERMA,USSR,0049-8001,59.75,61.6667,R,52 0201 AMDERMA 0049-8001 5945-06140 R
A002-L20,A002,27,0230,ANADYR/LENINKA,ANADYR/LENINKA,USSR,0075-8001,64.7333,177.7833,R,27 0230 ANADYR/LENINKA 0075-8001 6444-17747 R
A002-L21,A002,64,0230,ANADYR/MYS NIZMENNY,ANADYR/MYS NIZMENNY,USSR,0075-8003,64.8,177.6,S,64 0230 ANADYR/MYS NIZMENNY 0075-8003 6448-17736 S
A002-L22,A002,892,0231,ANAPA,ANAPA,USSR,0249-8093,44.8667,37.3333,R,892 0231 ANAPA 0249-8093 4452-03720 R
A002-L23,A002,134,0236,ANDIZHAN,ANDIZHAN,USSR,0328-8602,40.7333,72.3,R,134 0236 ANDIZHAN 0328-8602 4044-07218 R
A002-L24,A002,722,02485,ANKANG,"ANKANG, CHINA",China,0384-8415,32.7,108.9333,R,"722 02485 ANKANG, CHINA 0384-8415 3242-10856 R"
A002-L25,A002,291,3776,ANTONOVKA,ANTONOVKA,USSR,0282-8602,44.3833,134.3833,S,291 3776 ANTONOVKA 0282-8602 4423-13423 S
A002-L26,A002,275,02495,AN TUNG,"AN TUNG, MANCH",China (Manchuria),0290-8017,40.0167,124.2833,R,"275 02495 AN TUNG, MANCH 0290-8017 4001-12417 R"
A002-L27,A002,553,0265,ARAD CEALA,"ARAD CEALA, RUM",Romania,0251-8006,46.1833,21.2667,R,"553 0265 ARAD CEALA, RUM 0251-8006 4611-02116 R"
A002-L28,A002,53,0270,ARKHANGELSK,ARKHANGELSK,USSR,0092-8001,64.4333,40.4167,R,53 0270 ARKHANGELSK 0092-8001 6426-04025 R
A002-L29,A002,893,0270,ARKHANGELSK/BAKARITSA,ARKHANGELSK/BAKARITSA,USSR,0092-8002,,40.5833,T,893 0270 ARKHANGELSK/BAKARITSA 0092-8002 6478-04035 T
A003-L01,A003,62,0270,ARKHANGELSK/OSTROV KEG,ARKHANGELSK/OSTROV KEG,USSR,0092-8004,64.5333,40.4667,U,62 0270 ARKHANGELSK/OSTROV KEG 0092-8004 6432-04028 U
A003-L02,A003,953,0270,ARKHANGELSK/TALAGI,ARKHANGELSK/TALAGI,USSR,0092-8005,64.5833,40.7,S,953 0270 ARKHANGELSK/TALAGI 0092-8005 6435-04042 S
A003-L03,A003,49,0270,ARKHANGELSK/YAGODNIK,ARKHANGELSK/YAGODNIK,USSR,0092-8006,64.4,40.9,V,49 0270 ARKHANGELSK/YAGODNIK 0092-8006 6424-04054 V
A003-L04,A003,1045,0275,ARKHARA,ARKHARA,USSR,0203-8601,49.4333,130.0667,R,1045 0275 ARKHARA 0203-8601 4926-13004 R
A003-L05,A003,679,0280,ARMAVIR,ARMAVIR,USSR,0249-8004,44.9667,41.1167,R,679 0280 ARMAVIR 0249-8004 4458-04107 R
A003-L06,A003,690,0290,ARTEM/KNEVICHI,ARTEM/KNEVICHI,USSR,0291-8602,43.4,132.2,V,690 0290 ARTEM/KNEVICHI 0291-8602 4324-13212 V
A003-L07,A003,84,0290,ARTEM N,ARTEM N.,USSR,0291-8603,43.4,132.1667,R,84 0290 ARTEM N. 0291-8603 4324-13210 R
A003-L08,A003,772,0290,ARTEM N W,ARTEM N.W.,USSR,0291-8004,43.3667,132.15,W,772 0290 ARTEM N.W. 0291-8004 4322-13209 W
A003-L09,A003,579,0310,ARZAMAS,ARZAMAS,USSR,0166-8002,55.35,43.7,R,579 0310 ARZAMAS 0166-8002 5521-04342 R
A003-L10,A003,467,0330,ASHKHABAD/FIRYUZA,ASHKHABAD/FIRYUZA,USSR,0338-8601,37.9167,58.0833,T,467 0330 ASHKHABAD/FIRYUZA 0338-8601 3755-05805 T
A003-L11,A003,479,0330,ASHKHABAD N W,ASHKHABAD N.W.,USSR,0338-8602,37.9667,58.3667,R,479 0330 ASHKHABAD N.W. 0338-8602 3758-05822 R
A003-L12,A003,490,1055,ASLAU,"ASLAU, POL",Poland,0231-8084,51.3167,15.7333,R,"490 1055 ASLAU, POL 0231-8084 5119-01544 R"
A003-L13,A003,1046,03375,ASTARA,ASTARA,USSR,0339-8604,38.45,48.8333,R,1046 03375 ASTARA 0339-8604 3827-04850 R
A003-L14,A003,894,4215,ASTE,ASTE,USSR,0153-8101,58.3667,22.45,U,894 4215 ASTE 0153-8101 5822-02227 U
A003-L15,A003,861,0340,ASTRAKHAN,ASTRAKHAN,USSR,0248-8004,46.2833,48.0,S,861 0340 ASTRAKHAN 0248-8004 4617-04800 S
A003-L16,A003,674,0342,ATKARSK S E,ATKARSK S.E.,USSR,0235-8002,51.8,45.1167,S,674 0342 ATKARSK S.E. 0235-8002 5148-04507 S
A003-L17,A003,808,4442,BABSTOVO,BABSTOVO,USSR,0203-8602,48.1,132.4667,S,808 4442 BABSTOVO 0203-8602 4806-13228 S
A003-L18,A003,33,0390,BADA N,BADA N.,USSR,0201-8601,51.4,109.8667,R,33 0390 BADA N. 0201-8601 5124-10952 R
A003-L19,A003,895,0390,BADA W,BADA W.,USSR,0201-8602,51.3833,109.8667,S,895 0390 BADA W. 0201-8602 5123-10952 S
A003-L20,A003,278,0460,BAKU,BAKU,USSR,0325-8607,40.4167,49.8833,T,278 0460 BAKU 0325-8607 4025-04953 T
A003-L21,A003,222,0460,BAKU/BINA,BAKU/BINA,USSR,0325-8611,40.45,50.0667,R,222 0460 BAKU/BINA 0325-8611 4027-05004 R
A003-L22,A003,1047,0460,BAKU/ZABRAT,BAKU/ZABRAT,USSR,0325-8622,40.4833,49.9833,S,1047 0460 BAKU/ZABRAT 0325-8622 4029-04959 S
A003-L23,A003,444,0465,BALACI,"BALACI, RUM",Romania,0251-8073,44.3667,24.9833,R,"444 0465 BALACI, RUM 0251-8073 4422-02459 R"
A003-L24,A003,631,0490,BALASHOV,BALASHOV,USSR,0235-8003,51.5333,43.1667,R,631 0490 BALASHOV 0235-8003 5132-04310 R
A003-L25,A003,1048,0490,BALASHOV N,BALASHOV N.,USSR,0235-8004,51.6333,43.1667,S,1048 0490 BALASHOV N. 0235-8004 5138-04310 S
A003-L26,A003,292,7765,BALCHIK,"BALCHIK, BULG",Bulgaria,0323-8022,43.4333,28.1833,R,"292 7765 BALCHIK, BULG 0323-8022 4326-02811 R"
A003-L27,A003,293,4005,BALICE,"BALICE, POL",Poland,0232-8286,50.0833,19.8,S,"293 4005 BALICE, POL 0232-8286 5005-01948 S"
A004-L03,A004,175,0500,BALKHASH,BALKHASH,USSR,0244-8603,46.8667,75.0,R,175 0500 BALKHASH 0244-8603 4652-07500 R
A004-L04,A004,319,0510,BALTIYSK/NOYTIF,BALTIYSK/NOYTIF,USSR,0169-8601,54.6167,19.8833,R,319 0510 BALTIYSK/NOYTIF 0169-8601 5437-01953 R
A004-L05,A004,173,0547,BARABINSK,BARABINSK,USSR,0162-8001,55.3667,78.3167,R,173 0547 BARABINSK 0162-8001 5522-07819 R
A004-L06,A004,3,0550,BARANOVICHI,BARANOVICHI,USSR,0168-8602,53.1,26.05,R,3 0550 BARANOVICHI 0168-8602 5306-02603 R
A004-L07,A004,448,9180,BARANOVKA,BARANOVKA,USSR,0166-8038,52.1333,46.9667,S,448 9180 BARANOVKA 0166-8038 5208-04658 S
A004-L08,A004,1049,0560,BARNAUL,BARNAUL,USSR,0162-8002,53.3333,83.6833,R,1049 0560 BARNAUL 0162-8002 5320-08341 R
A004-L09,A004,734,7915,BARTH,"BARTH, E GER",East Germany,0169-8211,54.3333,12.7167,R,"734 7915 BARTH, E GER 0169-8211 5420-01243 R"
A004-L10,A004,354,0590,BATUMI,BATUMI,USSR,0324-8604,41.6,41.6,S,354 0590 BATUMI 0324-8604 4136-04136 S
A004-L11,A004,954,0593,BAUSKA,BAUSKA,USSR,0153-8005,56.4,24.2333,R,954 0593 BAUSKA 0153-8005 5624-02414 R
A004-L12,A004,548,0595,BAUTZEN/LITTEN,"BAUTZEN/LITTEN, E GER",East Germany,0231-8164,51.1833,14.5,R,"548 0595 BAUTZEN/LITTEN, E GER 0231-8164 5111-01430 R"
A004-L13,A004,955,0612,BAYSUN,BAYSUN,USSR,0336-8062,38.2167,67.2,R,955 0612 BAYSUN 0336-8062 3813-06712 R
A004-L14,A004,443,8125,BECHYNE,"BECHYNE, CZECH",Czechoslovakia,0231-8165,49.2833,14.5,R,"443 8125 BECHYNE, CZECH 0231-8165 4917-01430 R"
A004-L15,A004,692,8850,BELAYA,BELAYA,USSR,0200-8005,52.9,103.5833,S,692 8850 BELAYA 0200-8005 5254-10335 S
A004-L16,A004,22,0622,BELAYA TSERKOV,BELAYA TSERKOV,USSR,0233-8002,49.8,30.0333,R,22 0622 BELAYA TSERKOV 0233-8002 4948-03002 R
A004-L17,A004,57,0640,BELOMORSK,BELOMORSK,USSR,0091-8604,64.5167,34.7667,R,57 0640 BELOMORSK 0091-8604 6431-03446 R
A004-L18,A004,806,06605,BELTSY,BELTSY,USSR,0250-8617,47.95,27.95,R,806 06605 BELTSY 0250-8617 4757-02757 R
A004-L19,A004,1080,5603,BELUSHYA,BELUSHYA,USSR,0050-8002,71.5833,52.4667,R,1080 5603 BELUSHYA 0050-8002 7135-05228 R
A004-L20,A004,520,0665,BERAT/KUCOVE,"BERAT/KUCOVE, ALB",Albania,0322-8001,40.7833,19.9,R,"520 0665 BERAT/KUCOVE, ALB 0322-8001 4047-01954 R"
A004-L21,A004,621,0670,BERDICHEV,BERDICHEV,USSR,0233-8004,49.8833,28.5167,R,621 0670 BERDICHEV 0233-8004 4953-02831 R
A004-L22,A004,552,5795,BERETTYOUJFALU,"BERETTYOUJFALU, HUNG",Hungary,0251-8079,47.2333,21.5167,R,"552 5795 BERETTYOUJFALU, HUNG 0251-8079 4714-02131 R"
A004-L23,A004,147,0678,BEREZA/KARTUZKAYA,BEREZA/KARTUZKAYA,USSR,0168-8692,52.55,24.8833,R,147 0678 BEREZA/KARTUZKAYA 0168-8692 5233-02453 R
A004-L24,A004,468,1200,BEZENCHUCK,BEZENCHUCK,USSR,0165-8008,52.95,49.3833,S,468 1200 BEZENCHUCK 0165-8008 5257-04923 S
A004-L25,A004,478,0730,BEZHETSK,BEZHETSK,USSR,0154-,57.7167,36.6667,R,478 0730 BEZHETSK 0154-5743-03640 R
A004-L26,A004,367,9604,BEZMER,"BEZMER, BULG",Bulgaria,0322-8064,42.45,26.35,S,"367 9604 BEZMER, BULG 0322-8064 4227-02621 S"
A004-L27,A004,524,0746,BIALA PODLASKA,"BIALA PODLASKA, POL",Poland,0168-8201,52.0167,23.15,R,"524 0746 BIALA PODLASKA, POL 0168-8201 5201-02309 R"
A004-L28,A004,712,7415,BIRMA,BIRMA,USSR,0203-8606,51.35,128.7,S,712 7415 BIRMA 0203-8606 5121-12842 S
A004-L29,A004,635,0766,BIROBIDZHAN,BIROBIDZHAN,USSR,0203-8001,49.75,132.9667,S,635 0766 BIROBIDZHAN 0203-8001 4945-13258 S
A005-L03,A005,880,0766,BIROBIDZHAN S,BIROBIDZHAN S.,USSR,0203-8002,48.5833,133.05,R,880 0766 BIROBIDZHAN S. 0203-8002 4835-13303 R
A005-L04,A005,856,4442,BIROFELD,BIROFELD,USSR,0203-8003,48.35,132.7833,T,856 4442 BIROFELD 0203-8003 4821-13247 T
A005-L05,A005,1050,0790,BLAGOVESHCHENSK,BLAGOVESHCHENSK,USSR,0203-8612,50.3,127.5,R,1050 0790 BLAGOVESHCHENSK 0203-8612 5018-12730 R
A005-L06,A005,951,3183,BOBROVICHI,BOBROVICHI,USSR,0168-8805,52.2833,29.3833,R,951 3183 BOBROVICHI 0168-8805 5217-02923 R
A005-L07,A005,432,3490,BOBROVKA,BOBROVKA,USSR,0165-8026,53.15,50.7,R,432 3490 BOBROVKA 0165-8026 5309-05042 R
A005-L08,A005,4,0820,BOBRUYSK,BOBRUYSK,USSR,0168-8606,53.1,29.2167,R,4 0820 BOBRUYSK 0168-8606 5306-02913 R
A005-L09,A005,507,5406,BOMST,"BOMST, POL",Poland,0169-8621,52.15,15.8167,R,"507 5406 BOMST, POL 0169-8621 5209-01549 R"
A005-L10,A005,1051,08905,BORISOGLEBSK,BORISOGLEBSK,USSR,0234-8008,51.3833,42.1,R,1051 08905 BORISOGLEBSK 0234-8008 5123-04206 R
A005-L11,A005,21,3630,BORISPOL,BORISPOL,USSR,0233-8005,50.3667,30.9167,U,21 3630 BORISPOL 0233-8005 5022-03055 U
A005-L12,A005,956,08993,BOROVICHI,BOROVICHI,USSR,0154-8008,58.4333,33.8833,R,956 08993 BOROVICHI 0154-8008 5826-03353 R
A005-L13,A005,406,0900,BOROVSK,BOROVSK,USSR,0167-8102,55.2167,36.6167,R,406 0900 BOROVSK 0167-8102 5513-03637 R
A005-L14,A005,247,0902,BORZYA,BORZYA,USSR,0202-8603,50.3667,116.4333,R,247 0902 BORZYA 0202-8603 5022-11626 R
A005-L15,A005,483,0915,BRANDENBURG/BRIEST,"BRANDENBURG/BRIEST, E GER",East Germany,0169-8214,52.4333,12.45,S,"483 0915 BRANDENBURG/BRIEST, E GER 0169-8214 5226-01227 S"
A005-L16,A005,484,4465,BRANDIS,"BRANDIS, E GER",East Germany,0231-8058,51.3333,12.65,R,"484 4465 BRANDIS, E GER 0231-8058 5120-01239 R"
A005-L17,A005,438,0935,BRATISLAVA/IVANKA,"BRATISLAVA/IVANKA, CZECH",Czechoslovakia,0232-8244,49.1667,17.2,R,"438 0935 BRATISLAVA/IVANKA, CZECH 0232-8244 4910-01712 R"
A005-L18,A005,392,0965,BRESLAU/SCHONGARTEN,"BRESLAU/SCHONGARTEN, POL",Poland,0232-8201,51.1,16.9167,R,"392 0965 BRESLAU/SCHONGARTEN, POL 0232-8201 5106-01655 R"
A005-L19,A005,957,0970,BREST,BREST,USSR,0168-8610,52.0,23.6667,R,957 0970 BREST 0168-8610 5200-02340 R
A005-L20,A005,31,0980,BRIEG,"BRIEG, POL",Poland,0232-8202,50.85,17.4167,R,"31 0980 BRIEG, POL 0232-8202 5051-01725 R"
A005-L21,A005,140,0989,BRIESEN,"BRIESEN, E GER",East Germany,0169-8299,52.0333,13.75,R,"140 0989 BRIESEN, E GER 0169-8299 5202-01345 R"
A005-L22,A005,90,0307,BRIYENI,BRIYENI,USSR,0250-8752,45.8333,29.3833,R,90 0307 BRIYENI 0250-8752 4550-02923 R
A005-L23,A005,890,0995,BRNO,"BRNO, CZECH",Czechoslovakia,0232-8245,49.1833,16.6667,R,"890 0995 BRNO, CZECH 0232-8245 4911-01640 R"
A005-L24,A005,441,0995,BRNO/TURANY,"BRNO/TURANY, CZECH",Czechoslovakia,0232-8246,49.15,16.7,S,"441 0995 BRNO/TURANY, CZECH 0232-8246 4909-01642 S"
A005-L25,A005,474,4131,BRODY,BRODY,USSR,0233-8006,50.0833,25.1833,S,474 4131 BRODY 0233-8006 5005-02511 S
A005-L26,A005,896,4131,BRODY/GAYE,BRODY/GAYE,USSR,0233-8007,50.05,25.15,T,896 4131 BRODY/GAYE 0233-8007 5003-02509 T
A005-L27,A005,410,3630,BROVARY,BROVARY,USSR,0233-8036,50.5,30.8667,V,410 3630 BROVARY 0233-8036 5030-03052 V
A005-L28,A005,407,0740,BRYANSK,BRYANSK,USSR,0167-8020,53.2667,34.35,R,407 0740 BRYANSK 0167-8020 5316-03421 R
A005-L29,A005,189,3180,BRYUSTERORT,BRYUSTERORT,USSR,0169-8603,54.9333,20.0,Z,189 3180 BRYUSTERORT 0169-8603 5456-02000 Z
A006-L02,A006,958,1017,BUCHACH,BUCHACH,USSR,0233-8008,49.0667,25.3333,R,958 1017 BUCHACH 0233-8008 4904-02520 R
A006-L03,A006,735,1020,BUCHAREST/BANEASA,"BUCHAREST/BANEASA, RUM",Romania,0251-8012,44.5,26.0833,S,"735 1020 BUCHAREST/BANEASA, RUM 0251-8012 4430-02605 S"
A006-L04,A006,146,1020,BUCHAREST/OTOPENI,"BUCHAREST/OTOPENI, RUM",Romania,0251-8016,44.5667,26.0833,T,"146 1020 BUCHAREST/OTOPENI, RUM 0251-8016 4434-02605 T"
A006-L05,A006,754,1020,BUCHAREST/PIPERA,"BUCHAREST/PIPERA, RUM",Romania,0251-8017,44.4833,26.1167,R,"754 1020 BUCHAREST/PIPERA, RUM 0251-8017 4429-02607 R"
A006-L06,A006,125,1045,BUDAPEST/TOKOL,"BUDAPEST/TOKOL, HUNG",Hungary,0252-8045,47.35,18.9833,R,"125 1045 BUDAPEST/TOKOL, HUNG 0252-8045 4721-01859 R"
A006-L07,A006,863,1050,BUGURUSLAN,BUGURUSLAN,USSR,0165-8001,53.6,52.45,R,863 1050 BUGURUSLAN 0165-8001 5336-05227 R
A006-L08,A006,959,34737,BUSHTINO,BUSHTINO,USSR,0232-8622,48.15,23.4667,S,959 34737 BUSHTINO 0232-8622 4809-02328 S
A006-L09,A006,823,10748,BUZAU,"BUZAU, RUM",Romania,0251-8019,45.0,26.8,S,"823 10748 BUZAU, RUM 0251-8019 4500-02648 S"
A006-L10,A006,202,1085,BYDGOSZCZ,"BYDGOSZCZ, POL",Poland,0169-8242,53.1,17.9667,R,"202 1085 BYDGOSZCZ, POL 0169-8242 5306-01758 R"
A006-L11,A006,1,1090,BYKHOV,BYKHOV,USSR,0167-8001,53.5167,30.2,R,1 1090 BYKHOV 0167-8001 5331-03012 R
A006-L12,A006,384,1154,CARACAL NEW,"CARACAL NEW, RUM",Romania,0251-8067,44.0833,24.4167,R,"384 1154 CARACAL NEW, RUM 0251-8067 4405-02425 R"
A006-L13,A006,145,2095,CARANSEBES,"CARANSEBES, RUM",Romania,0251-8020,45.4167,22.2333,R,"145 2095 CARANSEBES, RUM 0251-8020 4525-02214 R"
A006-L14,A006,464,3785,CASLAV/CHOTUSICE,"CASLAV/CHOTUSICE, CZECH",Czechoslovakia,0231-8169,49.95,15.3833,S,"464 3785 CASLAV/CHOTUSICE, CZECH 0231-8169 4957-01523 S"
A006-L15,A006,229,1189,CESKE BUDEJOVICE,"CESKE BUDEJOVICE, CZECH",Czechoslovakia,0231-8095,48.95,14.4333,R,"229 1189 CESKE BUDEJOVICE, CZECH 0231-8095 4857-01426 R"
A006-L16,A006,221,1193,CHANG CHIAO,"CHANG CHIAO, CHINA",China,0492-8401,29.9333,121.5667,R,"221 1193 CHANG CHIAO, CHINA 0492-8401 2956-12134 R"
A006-L17,A006,773,1195,CHANG CHUN N W,CHANG CHUN N.W. MANCH,China (Manchuria),0290-8008,43.9167,125.2833,S,773 1195 CHANG CHUN N.W. MANCH 0290-8008 4355-12517 S
A006-L18,A006,736,1195,CHANG CHUN W,CHANG CHUN W. MANCH,China (Manchuria),0290-8011,43.9333,125.1167,R,736 1195 CHANG CHUN W. MANCH 0290-8011 4356-12507 R
A006-L19,A006,744,11993,CHANG TING,"CHANG TING, CHINA",China,0498-8402,25.85,116.35,R,"744 11993 CHANG TING, CHINA 0498-8402 2551-11621 R"
A006-L20,A006,723,11995,CHAN I,"CHAN I, CHINA",China,0496-8402,25.5833,103.8333,R,"723 11995 CHAN I, CHINA 0496-8402 2535-10350 R"
A006-L21,A006,417,1200,CHAPAYEVSK,CHAPAYEVSK,USSR,0165-8009,52.9333,49.6167,R,417 1200 CHAPAYEVSK 0165-8009 5256-04937 R
A006-L22,A006,897,1202,CHAPLINO,CHAPLINO,USSR,0075-8007,64.4,-172.2833,R,897 1202 CHAPLINO 0075-8007 6424-17217W R
A006-L23,A006,960,12025,CHARDZHOU,CHARDZHOU,USSR,0337-8602,39.0833,63.5833,R,960 12025 CHARDZHOU 0337-8602 3905-06335 R
A006-L24,A006,831,1207,CHEKUNDA,CHEKUNDA,USSR,0203-8614,50.8667,132.3,R,831 1207 CHEKUNDA 0203-8614 5052-13218 R
A006-L25,A006,737,1210,CHELYABINSK,CHELYABINSK,USSR,0164-8001,55.2,61.35,R,737 1210 CHELYABINSK 0164-8001 5512-06121 R
A006-L26,A006,630,1210,CHELYABINSK E,CHELYABINSK E.,USSR,0164-8010,55.1333,61.5,S,630 1210 CHELYABINSK E. 0164-8010 5508-06130 S
A006-L27,A006,961,1210,CHELYABINSK S W,CHELYABINSK S.W.,USSR,0164-8011,55.15,61.35,U,961 1210 CHELYABINSK S.W. 0164-8011 5509-06121 U
A006-L28,A006,551,12152,CHENG HSIEN N E,CHENG HSIEN N.E. CHINA,China,0385-8404,34.7833,113.7167,R,551 12152 CHENG HSIEN N.E. CHINA 0385-8404 3447-11343 R
A007-L02,A007,1032,4203,CHENG KUNG,"CHENG KUNG, CHINA",China,0496-8404,24.85,102.8,S,"1032 4203 CHENG KUNG, CHINA 0496-8404 2451-10248 S"
A007-L03,A007,23,1218,CHEPELEVKA,CHEPELEVKA,USSR,0233-8077,49.7833,30.4167,R,23 1218 CHEPELEVKA 0233-8077 4947-03025 R
A007-L04,A007,898,1240,CHEREPOVETS,CHEREPOVETS,USSR,0154-8009,59.1,37.9333,R,898 1240 CHEREPOVETS 0154-8009 5906-03756 R
A007-L05,A007,962,1264,CHERNIGOV,CHERNIGOV,USSR,0233-8011,51.55,31.3,S,962 1264 CHERNIGOV 0233-8011 5133-03118 S
A007-L06,A007,963,1264,CHERNIGOV/KHOLYAVIN,CHERNIGOV/KHOLYAVIN,USSR,0233-8012,51.6,31.2667,T,963 1264 CHERNIGOV/KHOLYAVIN 0233-8012 5136-03116 T
A007-L07,A007,762,1264,CHERNIGOV W,CHERNIGOV W.,USSR,0233-8015,51.5167,30.95,R,762 1264 CHERNIGOV W. 0233-8015 5131-03057 R
A007-L08,A007,45,48799,CHERNIGOVKA,CHERNIGOVKA,USSR,0282-8030,44.3167,132.55,R,45 48799 CHERNIGOVKA 0282-8030 4419-13233 R
A007-L09,A007,807,1290,CHERNOVTSY,CHERNOVTSY,USSR,0233-8016,48.2667,25.9833,R,807 1290 CHERNOVTSY 0233-8016 4816-02559 R
A007-L10,A007,876,1290,CHERNOVTSY N W,CHERNOVTSY N.W.,USSR,0233-8017,48.3833,25.7667,S,876 1290 CHERNOVTSY N.W. 0233-8017 4823-02546 S
A007-L11,A007,34,1300,CHERNYAKHOVSK,CHERNYAKHOVSK,USSR,0168-8612,54.6167,21.8167,R,34 1300 CHERNYAKHOVSK 0168-8612 5437-02149 R
A007-L12,A007,352,7390,CHERNYSHEVKA,CHERNYSHEVKA,USSR,0282-8613,44.1833,133.1,Y,352 7390 CHERNYSHEVKA 0282-8613 4411-13306 Y
A007-L13,A007,1052,7390,CHERNYSHEVKA E,CHERNYSHEVKA E.,USSR,0282-8032,44.2,133.1667,T,1052 7390 CHERNYSHEVKA E. 0282-8032 4412-13310 T
A007-L14,A007,872,4131,CHERVONOARMEYSK,CHERVONOARMEYSK,USSR,0233-8018,50.15,25.2833,U,872 4131 CHERVONOARMEYSK 0233-8018 5009-02517 U
A007-L15,A007,255,1320,CHIA HSING,"CHIA HSING, CHINA",China,0492-8402,30.7,120.6667,R,"255 1320 CHIA HSING, CHINA 0492-8402 3042-12040 R"
A007-L16,A007,271,7475,CHIANG WAN,"CHIANG WAN, CHINA",China,0492-8403,31.3333,121.5,S,"271 7475 CHIANG WAN, CHINA 0492-8403 3120-12130 S"
A007-L17,A007,93,1336,CHIAO HSIEN,"CHIAO HSIEN, CHINA",China,0381-8440,36.3333,120.0167,R,"93 1336 CHIAO HSIEN, CHINA 0381-8440 3620-12001 R"
A007-L18,A007,675,1337,CHIEN OU,"CHIEN OU, CHINA",China,0498-8404,27.05,118.3,R,"675 1337 CHIEN OU, CHINA 0498-8404 2703-11818 R"
A007-L19,A007,372,22492,CHIKISHLYAR,CHIKISHLYAR,USSR,0338-8612,37.6333,53.8833,S,372 22492 CHIKISHLYAR 0338-8612 3738-05353 S
A007-L20,A007,427,1340,CHIMKENT,CHIMKENT,USSR,0328-8605,42.3,69.6,R,427 1340 CHIMKENT 0328-8605 4218-06936 R
A007-L21,A007,264,1543,CHIN CHOU S E #1,"CHIN CHOU S.E. #1, MANCH",China (Manchuria),0381-8419,39.0667,121.75,R,"264 1543 CHIN CHOU S.E. #1, MANCH 0381-8419 3904-12145 R"
A007-L22,A007,676,41687,CHING CHEN,"CHING CHEN, CHINA",China,0496-8405,26.5167,106.5,R,"676 41687 CHING CHEN, CHINA 0496-8405 2631-10630 R"
A007-L23,A007,546,1350,CHING YANG,"CHING YANG, CHINA",China,0498-8424,24.8,118.5833,R,"546 1350 CHING YANG, CHINA 0498-8424 2448-11835 R"
A007-L24,A007,1053,4575,CHIN HSI,"CHIN HSI, MANCH",China (Manchuria),0289-8004,40.75,120.8833,R,"1053 4575 CHIN HSI, MANCH 0289-8004 4045-12053 R"
A007-L25,A007,791,1353,CHIN HSIEN W,CHIN HSIEN W. MANCH,China (Manchuria),0289-8007,41.1,121.0667,R,791 1353 CHIN HSIEN W. MANCH 0289-8007 4106-12104 R
A007-L26,A007,289,1360,CHIRCHIK,CHIRCHIK,USSR,0328-8623,41.4833,69.5833,R,289 1360 CHIRCHIK 0328-8623 4129-06935 R
A007-L27,A007,738,1370,CHITA,CHITA,USSR,0199-8002,52.1167,113.5,T,738 1370 CHITA 0199-8002 5207-11330 T
A007-L28,A007,210,1370,CHITA/KADALA,CHITA/KADALA,USSR,0199-8003,52.0333,113.3167,V,210 1370 CHITA/KADALA 0199-8003 5202-11319 V
A008-L02,A008,428,1370,CHITA N W,CHITA N.W.,USSR,0199-8004,52.0667,113.4333,U,428 1370 CHITA N.W. 0199-8004 5204-11326 U
A008-L03,A008,859,1370,CHITA S W,CHITA S.W.,USSR,0199-8006,52.0,113.5,R,859 1370 CHITA S.W. 0199-8006 5200-11330 R
A008-L04,A008,1030,12155,CHIUNG LAI,"CHIUNG LAI, CHINA",China,0495-8404,30.5,103.4833,S,"1030 12155 CHIUNG LAI, CHINA 0495-8404 3030-10329 S"
A008-L05,A008,184,1380,CHKALOV,CHKALOV,USSR,0236-8013,51.8167,55.1,R,184 1380 CHKALOV 0236-8013 5149-05506 R
A008-L06,A008,142,1380,CHKALOV S W,CHKALOV S.W.,USSR,0236-8015,51.6667,55.0667,S,142 1380 CHKALOV S.W. 0236-8015 5140-05504 S
A008-L07,A008,59,1392,CHOKURDAKH,CHOKURDAKH,USSR,0067-8001,70.5333,147.75,R,59 1392 CHOKURDAKH 0067-8001 7032-14745 R
A008-L08,A008,482,1397,CHONGJIN #1,"CHONGJIN #1, N KOREA",North Korea,0290-8000,41.7833,129.75,R,"482 1397 CHONGJIN #1, N KOREA 0290-8000 4147-12945 R"
A008-L09,A008,964,1400,CHOP,CHOP,USSR,0232-8624,48.5,22.2667,R,964 1400 CHOP 0232-8624 4830-02216 R
A008-L10,A008,223,1543,CHOU SHUI TZU,"CHOU SHUI TZU, MANCH",China (Manchuria),0381-8002,38.9667,121.55,T,"223 1543 CHOU SHUI TZU, MANCH 0381-8002 3858-12133 T"
A008-L11,A008,360,1420,CHUGUYEV,CHUGUYEV,USSR,0234-8011,49.85,36.65,R,360 1420 CHUGUYEV 0234-8011 4951-03639 R
A008-L12,A008,249,1425,CHU HSIEN,"CHU HSIEN, CHINA",China,0493-8419,28.9667,118.8833,R,"249 1425 CHU HSIEN, CHINA 0493-8419 2858-11853 R"
A008-L13,A008,649,14442,CIECHANOW,"CIECHANOW, POL",Poland,0169-8293,52.8333,20.6333,R,"649 14442 CIECHANOW, POL 0169-8293 5250-02038 R"
A008-L14,A008,854,4520,CIRAVA,CIRAVA,USSR,0152-8601,56.7333,21.35,R,854 4520 CIRAVA 0152-8601 5644-02121 R
A008-L15,A008,394,4925,COCARGEAU NEW,"COCARGEAU NEW, RUM",Romania,0250-8214,44.4,27.7333,S,"394 4925 COCARGEAU NEW, RUM 0250-8214 4424-02744 S"
A008-L16,A008,815,1455,CONSTANTA/MAMAIA,"CONSTANTA/MAMAIA, RUM",Romania,0250-8203,44.3,28.6167,R,"815 1455 CONSTANTA/MAMAIA, RUM 0250-8203 4418-02837 R"
A008-L17,A008,535,1481,COTTBUS,"COTTBUS, E GER",East Germany,0231-8059,51.7667,14.3,R,"535 1481 COTTBUS, E GER 0231-8059 5146-01418 R"
A008-L18,A008,385,1483,CRAIOVA,"CRAIOVA, RUM",Romania,0251-8022,44.3167,23.8833,R,"385 1483 CRAIOVA, RUM 0251-8022 4419-02353 R"
A008-L19,A008,41,7837,DALLYAR,DALLYAR,USSR,0325-8738,40.8833,45.95,R,41 7837 DALLYAR 0325-8738 4053-04557 R
A008-L20,A008,965,1550,DAUGAVPILS,DAUGAVPILS,USSR,0168-8613,55.8667,26.6167,S,965 1550 DAUGAVPILS 0168-8613 5552-02637 S
A008-L21,A008,153,1590,DEBLIN/IRENA,"DEBLIN/IRENA, POL",Poland,0232-8204,51.55,21.8833,R,"153 1590 DEBLIN/IRENA, POL 0232-8204 5133-02153 R"
A008-L22,A008,739,1590,DEBLIN/PODLODOWKA,"DEBLIN/PODLODOWKA, POL",Poland,0232-8205,51.6333,22.2,T,"739 1590 DEBLIN/PODLODOWKA, POL 0232-8205 5138-02212 T"
A008-L23,A008,714,1590,DEBLIN/ULEZ,"DEBLIN/ULEZ, POL",Poland,0232-8206,51.6167,22.1,S,"714 1590 DEBLIN/ULEZ, POL 0232-8206 5137-02206 S"
A008-L24,A008,79,1595,DEBRECEN,"DEBRECEN, HUNG",Hungary,0251-8057,47.5,21.6333,R,"79 1595 DEBRECEN, HUNG 0251-8057 4730-02138 R"
A008-L25,A008,502,1615,DESSAU,"DESSAU, E GER",East Germany,0231-8061,51.8333,12.2,R,"502 1615 DESSAU, E GER 0231-8061 5150-01212 R"
A008-L26,A008,56,1640,DIKSON,DIKSON,USSR,0046-8001,73.5,80.4,R,56 1640 DIKSON 0046-8001 7330-08024 R
A008-L27,A008,1054,7732,DMITRIYEVKA,DMITRIYEVKA,USSR,0282-8718,44.4,132.6667,S,1054 7732 DMITRIYEVKA 0282-8718 4424-13240 S
A008-L28,A008,899,1670,DMITROV,DMITROV,USSR,0154-8010,56.4667,37.45,R,899 1670 DMITROV 0154-8010 5628-03727 R
A009-L02,A009,966,1690,DNEPROPETROVSK N E,DNEPROPETROVSK N.E.,USSR,0234-8015,48.55,35.1,R,966 1690 DNEPROPETROVSK N.E. 0234-8015 4833-03506 R
A009-L03,A009,237,1690,DNEPROPETROVSK/VOLOSHKOYE,DNEPROPETROVSK/VOLOSHKOYE,USSR,0234-8017,48.35,35.1,S,237 1690 DNEPROPETROVSK/VOLOSHKOYE 0234-8017 4821-03506 S
A009-L04,A009,832,1692,DNO,DNO,USSR,0153-8014,57.7833,29.9833,R,832 1692 DNO 0153-8014 5747-02959 R
A009-L05,A009,259,6335,DOBRANY,"DOBRANY, CZECH",Czechoslovakia,0231-8148,49.6667,13.2667,R,"259 6335 DOBRANY, CZECH 0231-8148 4940-01316 R"
A009-L06,A009,1107,9110,DOBRYNSKOYE,DOBRYNSKOYE,USSR,0154-8033,56.25,40.6,S,1107 9110 DOBRYNSKOYE 0154-8033 5615-04036 S
A009-L07,A009,900,0816,DOKUDOVO,DOKUDOVO,USSR,0168-8616,54.3167,28.9,R,900 0816 DOKUDOVO 0168-8616 5419-02854 R
A009-L08,A009,104,5340,DOLINSK,DOLINSK,USSR,0281-8000,47.25,142.7667,R,104 5340 DOLINSK 0281-8000 4715-14246 R
A009-L09,A009,1055,5340,DOLINSK S,DOLINSK S.,USSR,0281-8608,47.15,142.7667,S,1055 5340 DOLINSK S. 0281-8608 4709-14246 S
A009-L10,A009,967,17227,DOLINSKOYE,DOLINSKOYE,USSR,0238-8006,49.6667,72.6833,R,967 17227 DOLINSKOYE 0238-8006 4940-07241 R
A009-L11,A009,1056,0275,DOMIKAN,DOMIKAN,USSR,0203-8616,49.6833,129.8667,S,1056 0275 DOMIKAN 0203-8616 4941-12952 S
A009-L12,A009,136,1370,DOMNA,DOMNA,USSR,0201-8607,51.9,113.1333,S,136 1370 DOMNA 0201-8607 5154-11308 S
A009-L13,A009,1057,6390,DRETUN,DRETUN,USSR,0168-8617,55.6833,29.2,S,1057 6390 DRETUN 0168-8617 5541-02912 S
A009-L14,A009,568,1481,DREWITZ,"DREWITZ, E GER",East Germany,0231-8063,51.8833,14.5333,S,"568 1481 DREWITZ, E GER 0231-8063 5153-01432 S"
A009-L15,A009,1058,1780,DROGOBYCH,DROGOBYCH,USSR,0232-8602,49.3667,23.5667,R,1058 1780 DROGOBYCH 0232-8602 4922-02334 R
A009-L16,A009,380,4131,DUBNO,DUBNO,USSR,0233-8020,50.4,25.8,R,380 4131 DUBNO 0233-8020 5024-02548 R
A009-L17,A009,1059,4131,DUBNO/ARSHYCHYN,DUBNO/ARSHYCHYN,USSR,0233-8021,50.5,25.6,W,1059 4131 DUBNO/ARSHYCHYN 0233-8021 5030-02536 W
A009-L18,A009,597,1830,DUDINKA,DUDINKA,USSR,0048-8002,69.3833,86.1833,R,597 1830 DUDINKA 0048-8002 6923-08611 R
A009-L19,A009,968,1842,DUNDAGA,DUNDAGA,USSR,0153-8018,57.5167,22.35,R,968 1842 DUNDAGA 0153-8018 5731-02221 R
A009-L20,A009,425,1860,DZAUDZHIKAU/IRISTON,DZAUDZHIKAU/IRISTON,USSR,0325-8634,43.1833,44.5667,R,425 1860 DZAUDZHIKAU/IRISTON 0325-8634 4311-04434 R
A009-L21,A009,199,1885,DZHANKOY,DZHANKOY,USSR,0250-8633,45.6833,34.4167,R,199 1885 DZHANKOY 0250-8633 4541-03425 R
A009-L22,A009,969,1890,DZHEZKAZGAN,DZHEZKAZGAN,USSR,0245-8001,47.8667,67.4667,R,969 1890 DZHEZKAZGAN 0245-8001 4752-06728 R
A009-L23,A009,759,1895,DZHUSALY,DZHUSALY,USSR,0246-8006,45.5167,64.1,R,759 1895 DZHUSALY 0246-8006 4531-06406 R
A009-L24,A009,194,7250,ENGELS,ENGELS,USSR,0235-8010,51.4833,46.1667,R,194 7250 ENGELS 0235-8010 5129-04610 R
A009-L25,A009,558,2005,ERFURT/BINDERSLEBEN,"ERFURT/BINDERSLEBEN, E GE",East Germany,0231-8064,50.9833,10.9667,R,"558 2005 ERFURT/BINDERSLEBEN, E GE 0231-8064 5059-01058 R"
A009-L26,A009,1041,4168,ERH TANG,"ERH TANG, CHINA",China,0497-8404,25.2167,110.3,R,"1041 4168 ERH TANG, CHINA 0497-8404 2513-11018 R"
A009-L27,A009,715,89157,EZERE,EZERE,USSR,0153-8019,56.4167,22.35,S,715 89157 EZERE 0153-8019 5625-02221 S
A009-L28,A009,519,2076,FENG CHENG E,FENG CHENG E. MANCH,China (Manchuria),0290-8413,40.4667,124.15,S,519 2076 FENG CHENG E. MANCH 0290-8413 4028-12409 S
A010-L02,A010,430,2080,FEODOSIYA,FEODOSIYA,USSR,0249-8151,45.0667,35.3667,T,430 2080 FEODOSIYA 0249-8151 4504-03522 T
A010-L03,A010,167,2080,FEODOSIYA/KARAGOZ,FEODOSIYA/KARAGOZ,USSR,0249-8152,45.0667,35.2,R,167 2080 FEODOSIYA/KARAGOZ 0249-8152 4504-03512 R
A010-L04,A010,135,2100,FERGANA,FERGANA,USSR,0328-8613,40.3333,71.75,R,135 2100 FERGANA 0328-8613 4020-07145 R
A010-L05,A010,499,1045,FERIHEGY VECSES,"FERIHEGY VECSES, HUNG",Hungary,0251-8058,47.4333,19.2333,S,"499 1045 FERIHEGY VECSES, HUNG 0251-8058 4726-01914 S"
A010-L06,A010,245,1935,FINOW,"FINOW, E GER",East Germany,0169-8217,52.8333,13.7,R,"245 1935 FINOW, E GER 0169-8217 5250-01342 R"
A010-L07,A010,276,7345,FINSTERWALDE,"FINSTERWALDE, E GER",East Germany,0231-8065,51.6167,13.7333,R,"276 7345 FINSTERWALDE, E GER 0231-8065 5137-01344 R"
A010-L08,A010,767,21292,FOCSANI S,FOCSANI S. RUM,Romania,0250-8209,45.6833,27.2,R,767 21292 FOCSANI S. RUM 0250-8209 4541-02712 R
A010-L09,A010,386,0433,FOKTO,"FOKTO, HUNG",Hungary,0252-8081,46.5333,18.9333,R,"386 0433 FOKTO, HUNG 0252-8081 4632-01856 R"
A010-L10,A010,1060,7942,FROLOVKA,FROLOVKA,USSR,0291-8016,43.2667,133.3,R,1060 7942 FROLOVKA 0291-8016 4316-13318 R
A010-L11,A010,970,2187,FROLOVO,FROLOVO,USSR,0235-8009,49.75,43.7,R,970 2187 FROLOVO 0235-8009 4945-04342 R
A010-L12,A010,971,2190,FRUNZE,FRUNZE,USSR,0328-8614,42.85,74.5833,R,971 2190 FRUNZE 0328-8614 4251-07435 R
A010-L13,A010,972,2190,FRUNZE N W,FRUNZE N.W.,USSR,0328-8632,42.8833,74.55,S,972 2190 FRUNZE N.W. 0328-8632 4253-07433 S
A010-L14,A010,562,2212,FURUKAMAPPU,FURUKAMAPPU,USSR,0281-8609,44.0333,145.8667,R,562 2212 FURUKAMAPPU 0281-8609 4402-14552 R
A010-L15,A010,436,2230,GABROVNITSA,"GABROVNITSA, BULG",Bulgaria,0322-8068,43.55,23.2667,R,"436 2230 GABROVNITSA, BULG 0322-8068 4333-02316 R"
A010-L16,A010,465,22492,GASSAN KULI,GASSAN KULI,USSR,0338-8608,37.4667,53.9667,R,465 22492 GASSAN KULI 0338-8608 3728-05358 R
A010-L17,A010,570,22495,GATCHINA,GATCHINA,USSR,0153-8020,59.55,30.1,R,570 22495 GATCHINA 0153-8020 5933-03006 R
A010-L18,A010,687,2255,GDANSK,"GDANSK, POL",Poland,0169-8244,54.4,18.6,T,"687 2255 GDANSK, POL 0169-8244 5424-01836 T"
A010-L19,A010,43,2260,GDOV,GDOV,USSR,0153-8021,58.7667,27.8,R,43 2260 GDOV 0153-8021 5846-02748 R
A010-L20,A010,195,2255,GDYNIA,"GDYNIA, POL",Poland,0169-8248,54.5833,18.5167,R,"195 2255 GDYNIA, POL 0169-8248 5435-01831 R"
A010-L21,A010,793,5630,GELENDZHIK W,GELENDZHIK W.,USSR,0249-8159,44.5667,38.0,S,793 5630 GELENDZHIK W. 0249-8159 4434-03800 S
A010-L22,A010,884,5807,GHIMBAV,"GHIMBAV, RUM",Romania,0251-8024,45.7,25.5333,S,"884 5807 GHIMBAV, RUM 0251-8024 4542-02532 S"
A010-L23,A010,426,2280,GINDARKH,GINDARKH,USSR,0325-8602,40.05,47.2167,R,426 2280 GINDARKH 0325-8602 4003-04713 R
A010-L24,A010,588,3850,GIRVAS,GIRVAS,USSR,0102-8006,62.4833,33.7333,S,588 3850 GIRVAS 0102-8006 6229-03344 S
A010-L25,A010,901,2290,GIZHIGA,GIZHIGA,USSR,0122-8005,62.05,160.5,R,901 2290 GIZHIGA 0122-8005 6203-16030 R
A010-L26,A010,650,2315,GLEIWITZ,"GLEIWITZ, POL",Poland,0232-8207,50.2667,18.6667,R,"650 2315 GLEIWITZ, POL 0232-8207 5016-01840 R"
A010-L27,A010,981,9671,GLUDA,GLUDA,USSR,0153-8030,56.6167,23.5,T,981 9671 GLUDA 0153-8030 5637-02330 T
A010-L28,A010,326,2337,GOLENKI,GOLENKI,USSR,0282-8626,44.0333,131.75,R,326 2337 GOLENKI 0282-8626 4402-13145 R
A011-L04,A011,973,2350,GOMEL,GOMEL,USSR,0167-8002,52.45,31.0,S,973 2350 GOMEL 0167-8002 5227-03100 S
A011-L05,A011,14,2350,GOMEL/PRIBYTKI,GOMEL/PRIBYTKI,USSR,0167-8003,52.3,31.1667,R,14 2350 GOMEL/PRIBYTKI 0167-8003 5218-03110 R
A011-L06,A011,509,2360,GORKIY/FEDYAKOVO,GORKIY/FEDYAKOVO,USSR,0154-8011,56.2333,43.9667,S,509 2360 GORKIY/FEDYAKOVO 0154-8011 5614-04358 S
A011-L07,A011,740,2360,GORKIY/SORMOVO,GORKIY/SORMOVO,USSR,0154-8013,56.3167,43.85,T,740 2360 GORKIY/SORMOVO 0154-8013 5619-04351 T
A011-L08,A011,420,2360,GORKIY/STRIGINO,GORKIY/STRIGINO,USSR,0154-8014,56.2333,43.7833,R,420 2360 GORKIY/STRIGINO 0154-8014 5614-04347 R
A011-L09,A011,1061,2380,GORLOVKA/MIKHAYLOVKA,GORLOVKA/MIKHAYLOVKA,USSR,0234-8020,48.25,37.9667,R,1061 2380 GORLOVKA/MIKHAYLOVKA 0234-8020 4815-03758 R
A011-L10,A011,826,1645,GORSKI IZVOR,"GORSKI IZVOR, BULG",Bulgaria,0322-8082,42.05,25.4167,R,"826 1645 GORSKI IZVOR, BULG 0322-8082 4203-02525 R"
A011-L11,A011,252,6325,GRAF IGNATIEVO,"GRAF IGNATIEVO, BULG",Bulgaria,0322-8026,42.2833,24.7167,S,"252 6325 GRAF IGNATIEVO, BULG 0322-8026 4217-02443 S"
A011-L12,A011,369,1420,GRAKOVO,GRAKOVO,USSR,0234-8100,49.7,36.8,S,369 1420 GRAKOVO 0234-8100 4942-03648 S
A011-L13,A011,902,2410,GRODNO,GRODNO,USSR,0168-8618,53.6333,23.75,R,902 2410 GRODNO 0168-8618 5338-02345 R
A011-L14,A011,70,1935,GROSS DOLLN,"GROSS DOLLN, E GER",East Germany,0169-8618,53.0333,13.55,S,"70 1935 GROSS DOLLN, E GER 0169-8618 5302-01333 S"
A011-L15,A011,287,6825,GROSSENHAIN,"GROSSENHAIN, E GER",East Germany,0231-8068,51.3167,13.5667,R,"287 6825 GROSSENHAIN, E GER 0231-8068 5119-01334 R"
A011-L16,A011,445,5781,GROSS STEIN,"GROSS STEIN, POL",Poland,0232-8209,50.5333,18.1,R,"445 5781 GROSS STEIN, POL 0232-8209 5032-01806 R"
A011-L17,A011,421,2450,GROZNYY E,GROZNYY E.,USSR,0325-8640,43.2833,45.7667,T,421 2450 GROZNYY E. 0325-8640 4317-04546 T
A011-L18,A011,673,2450,GROZNYY N W,GROZNYY N.W.,USSR,0325-8642,43.3667,45.65,R,673 2450 GROZNYY N.W. 0325-8642 4322-04539 R
A011-L19,A011,640,2455,GRUDZIADZ,"GRUDZIADZ, POL",Poland,0169-8249,53.4667,18.7833,R,"640 2455 GRUDZIADZ, POL 0169-8249 5328-01847 R"
A011-L20,A011,206,4600,GRYAZI,GRYAZI,USSR,0166-8005,52.4667,39.9333,R,206 4600 GRYAZI 0166-8005 5228-03956 R
A011-L21,A011,325,2465,GUDAUTY,GUDAUTY,USSR,0324-8609,43.1,40.5833,R,325 2465 GUDAUTY 0324-8609 4306-04035 R
A011-L22,A011,471,2470,GUDERMES E,GUDERMES E.,USSR,0325-,43.35,46.2333,R,471 2470 GUDERMES E. 0325-4321-04614 R
A011-L23,A011,974,24703,GULBENE,GULBENE,USSR,0153-8022,57.1667,26.7667,R,974 24703 GULBENE 0153-8022 5710-02646 R
A011-L24,A011,451,06605,GURA KAYNARI S E,GURA KAYNARI S.E.,USSR,0250-8637,47.85,28.2167,S,451 06605 GURA KAYNARI S.E. 0250-8637 4751-02813 S
A011-L25,A011,174,2480,GURYEV,GURYEV,USSR,0247-8001,47.1167,51.8667,R,174 2480 GURYEV 0247-8001 4707-05152 R
A011-L26,A011,975,24937,GVARDEYSK,GVARDEYSK,USSR,0168-8620,53.6667,21.1,R,975 24937 GVARDEYSK 0168-8620 5340-02106 R
A011-L27,A011,297,2520,HAAPSALU,HAAPSALU,USSR,0153-8023,58.9,23.5,R,297 2520 HAAPSALU 0153-8023 5854-02330 R
A011-L28,A011,976,2530,HAI LA ERH E,HAI LA ERH E. MANCH,China (Manchuria),0202-8000,49.1667,119.8667,R,976 2530 HAI LA ERH E. MANCH 0202-8000 4910-11952 R
A011-L29,A011,977,2530,HAI LA ERH S,HAI LA ERH S. MANCH,China (Manchuria),0202-8402,49.1667,119.7167,S,977 2530 HAI LA ERH S. MANCH 0202-8402 4910-11943 S
A011-L30,A011,76,2579,HANG CHOW,"HANG CHOW, CHINA",China,0492-8405,30.3333,120.2167,R,"76 2579 HANG CHOW, CHINA 0492-8405 3020-12013 R"
A012-L02,A012,274,2585,HAN KOW,"HAN KOW, CHINA",China,0493-8404,30.6,114.25,R,"274 2585 HAN KOW, CHINA 0493-8404 3036-11415 R"
A012-L03,A012,774,2611,HARBIN S E,HARBIN S.E. MANCH,China (Manchuria),0283-8409,45.75,126.6667,R,774 2611 HARBIN S.E. MANCH 0283-8409 4545-12640 R
A012-L04,A012,413,7520,HATSUMA,HATSUMA,USSR,0205-8004,49.4,142.8833,S,413 7520 HATSUMA 0205-8004 4924-14253 S
A012-L05,A012,866,2630,HENG YANG,"HENG YANG, CHINA",China,0497-8405,26.9167,112.6333,R,"866 2630 HENG YANG, CHINA 0497-8405 2655-11238 R"
A012-L06,A012,888,5925,HOLESOV,"HOLESOV, CZECH",Czechoslovakia,0232-8283,49.3167,17.5667,R,"888 5925 HOLESOV, CZECH 0232-8283 4919-01734 R"
A012-L07,A012,155,2803,HSIAN,"HSIAN, CHINA",China,0384-8403,34.2667,108.9,R,"155 2803 HSIAN, CHINA 0384-8403 3416-10854 R"
A012-L08,A012,214,5364,HSIANG TANG,"HSIANG TANG, CHINA",China,0493-8425,28.4333,115.9167,S,"214 5364 HSIANG TANG, CHINA 0493-8425 2826-11555 S"
A012-L09,A012,1038,8305,HSIN CHENG,"HSIN CHENG, CHINA",China,0498-8405,25.55,114.6167,R,"1038 8305 HSIN CHENG, CHINA 0498-8405 2533-11437 R"
A012-L10,A012,560,12155,HSIN CHING,"HSIN CHING, CHINA",China,0495-8407,30.4167,103.8333,W,"560 12155 HSIN CHING, CHINA 0495-8407 3025-10350 W"
A012-L11,A012,693,2819,HSUAN HUA,"HSUAN HUA, CHINA",China,0288-8000,40.7333,114.9667,R,"693 2819 HSUAN HUA, CHINA 0288-8000 4044-11458 R"
A012-L12,A012,658,86455,HSU CHOU S E,HSU CHOU S.E. CHINA,China,0386-8405,34.2333,117.2333,R,658 86455 HSU CHOU S.E. CHINA 0386-8405 3414-11714 R
A012-L13,A012,403,72155,HUA CHIA TUN,"HUA CHIA TUN, MANCH",China (Manchuria),0381-8008,39.25,122.0833,T,"403 72155 HUA CHIA TUN, MANCH 0381-8008 3915-12205 T"
A012-L14,A012,504,2803,HU HSIEN,"HU HSIEN, CHINA",China,0384-8404,34.1667,108.5333,S,"504 2803 HU HSIEN, CHINA 0384-8404 3410-10832 S"
A012-L15,A012,1036A,28346,HUI AN,"HUI AN, CHINA",China,0498-8426,25.0333,118.8,R,"1036A 28346 HUI AN, CHINA 0498-8426 2502-11848 R"
A012-L16,A012,572,7475,HUNG CHIAO,"HUNG CHIAO, CHINA",China,0492-8406,31.2,121.3333,R,"572 7475 HUNG CHIAO, CHINA 0492-8406 3112-12120 R"
A012-L17,A012,268,2880,IANCA,"IANCA, RUM",Romania,0250-8210,45.15,27.45,R,"268 2880 IANCA, RUM 0250-8210 4509-02727 R"
A012-L18,A012,595,2890,IGARKA,IGARKA,USSR,0095-8001,67.4333,86.65,R,595 2890 IGARKA 0095-8001 6726-08639 R
A012-L19,A012,833,2922,IMAN,IMAN,USSR,0282-8010,45.95,133.7833,R,833 2922 IMAN 0282-8010 4557-13347 R
A012-L20,A012,211,2940,IRKUTSK N W,IRKUTSK N.W.,USSR,0200-8009,52.3667,104.2,R,211 2940 IRKUTSK N.W. 0200-8009 5222-10412 R
A012-L21,A012,288,2940,IRKUTSK S E,IRKUTSK S.E.,USSR,0200-8010,52.2667,104.3667,S,288 2940 IRKUTSK S.E. 0200-8010 5216-10422 S
A012-L22,A012,164,2080,ISLAM TEREK,ISLAM TEREK,USSR,0249-8317,45.1333,35.1833,S,164 2080 ISLAM TEREK 0249-8317 4508-03511 S
A012-L23,A012,878,2956,IVANGOROD,IVANGOROD,USSR,0233-8024,48.8167,29.7833,R,878 2956 IVANGOROD 0233-8024 4849-02947 R
A012-L24,A012,172,2970,IVANOVO N,IVANOVO N.,USSR,0154-8017,57.05,40.9833,S,172 2970 IVANOVO N. 0154-8017 5703-04059 S
A012-L25,A012,979,2970,IVANOVO S W,IVANOVO S.W.,USSR,0154-8018,56.9667,40.9667,T,979 2970 IVANOVO S.W. 0154-8018 5658-04058 T
A012-L26,A012,409,2970,IVANOVO W,IVANOVO W.,USSR,0154-8019,57.0,40.8667,R,409 2970 IVANOVO W. 0154-8019 5700-04052 R
A012-L27,A012,980,2980,IZHEVSK,IZHEVSK,USSR,0155-8001,56.75,53.2667,R,980 2980 IZHEVSK 0155-8001 5645-05316 R
A012-L28,A012,834,2981,IZMAIL,IZMAIL,USSR,0250-8650,45.3667,28.8333,R,834 2981 IZMAIL 0250-8650 4522-02850 R
A013-L02,A013,494,1481,JOCKSDORF,"JOCKSDORF, E GER",East Germany,0231-8170,51.6667,14.6333,T,"494 1481 JOCKSDORF, E GER 0231-8170 5140-01438 T"
A013-L03,A013,982,3360,JONAVA,JONAVA,USSR,0168-8622,55.0833,24.2833,S,982 3360 JONAVA 0168-8622 5505-02417 S
A013-L04,A013,253,3065,JUTERBOG,"JUTERBOG, E GER",East Germany,0231-8069,52.0,12.9833,R,"253 3065 JUTERBOG, E GER 0231-8069 5200-01259 R"
A013-L05,A013,312,7430,KACHA,KACHA,USSR,0250-8008,44.7833,33.55,U,312 7430 KACHA 0250-8008 4447-03333 U
A013-L06,A013,514,3115,KA CHIA PA,"KA CHIA PA, MANCH",China (Manchuria),0380-8454,39.9,123.8333,R,"514 3115 KA CHIA PA, MANCH 0380-8454 3954-12350 R"
A013-L07,A013,905,3120,KADIYEVKA,KADIYEVKA,USSR,0234-8022,48.6333,38.6833,R,905 3120 KADIYEVKA 0234-8022 4838-03841 R
A013-L08,A013,694,31454,KAI FENG,"KAI FENG, CHINA",China,0385-8406,34.7667,114.3333,R,"694 31454 KAI FENG, CHINA 0385-8406 3446-11420 R"
A013-L09,A013,661,31457,KAI YUAN,"KAI YUAN, MANCH",China (Manchuria),0290-8013,42.5167,123.9833,R,"661 31457 KAI YUAN, MANCH 0290-8013 4231-12359 R"
A013-L10,A013,1062,3150,KAKUMABETSU,KAKUMABETSU,USSR,0206-8010,50.35,155.5667,S,1062 3150 KAKUMABETSU 0206-8010 5021-15534 S
A013-L11,A013,35,3160,KALININ,KALININ,USSR,0154-8021,56.8333,35.75,R,35 3160 KALININ 0154-8021 5650-03545 R
A013-L12,A013,186,3180,KALININGRAD/DEVAU,KALININGRAD/DEVAU,USSR,0169-8604,54.7333,20.5833,W,186 3180 KALININGRAD/DEVAU 0169-8604 5444-02035 W
A013-L13,A013,89,3180,KALININGRAD/GURYEVSK,KALININGRAD/GURYEVSK,USSR,0169-8605,54.7833,20.6167,S,89 3180 KALININGRAD/GURYEVSK 0169-8605 5447-02037 S
A013-L14,A013,985,3180,KALININGRAD/GUTENFELD,KALININGRAD/GUTENFELD,USSR,0169-8606,54.6833,20.65,T,985 3180 KALININGRAD/GUTENFELD 0169-8606 5441-02039 T
A013-L15,A013,185,3180,KALININGRAD/PIONERSKIY,KALININGRAD/PIONERSKIY,USSR,0169-8608,54.95,20.25,R,185 3180 KALININGRAD/PIONERSKIY 0169-8608 5457-02015 R
A013-L16,A013,139,3180,KALININGRAD/POVUNDEN,KALININGRAD/POVUNDEN,USSR,0169-8609,54.8833,20.5833,U,139 3180 KALININGRAD/POVUNDEN 0169-8609 5453-02035 U
A013-L17,A013,165,3180,KALININGRAD/PROVEHREN,KALININGRAD/PROVEHREN,USSR,0169-8610,54.7667,20.4167,V,165 3180 KALININGRAD/PROVEHREN 0169-8610 5446-02025 V
A013-L18,A013,238,3180,KALININGRAD/YEZAU,KALININGRAD/YEZAU,USSR,0169-8611,54.5667,20.6,Y,238 3180 KALININGRAD/YEZAU 0169-8611 5434-02036 Y
A013-L19,A013,46,3180,KALININGRAD/ZEYERAPPEN,KALININGRAD/ZEYERAPPEN,USSR,0169-8612,54.75,20.2833,X,46 3180 KALININGRAD/ZEYERAPPEN 0169-8612 5445-02017 X
A013-L20,A013,163,31835,KALINOVKA,KALINOVKA,USSR,0233-8027,49.4833,28.5333,R,163 31835 KALINOVKA 0233-8027 4929-02832 R
A013-L21,A013,279,3200,KALUGA/ORESHOVKA,KALUGA/ORESHOVKA,USSR,0167-8025,54.4667,36.0667,R,279 3200 KALUGA/ORESHOVKA 0167-8025 5428-03604 R
A013-L22,A013,497,8005,KAMENETS,"KAMENETS, BULG",Bulgaria,0322-8076,43.35,25.0333,R,"497 8005 KAMENETS, BULG 0322-8076 4321-02502 R"
A013-L23,A013,828,3204,KAMENETS PODOLSKIY,KAMENETS PODOLSKIY,USSR,0233-8028,48.7333,26.5167,R,828 3204 KAMENETS PODOLSKIY 0233-8028 4844-02631 R
A013-L24,A013,304,3472,KAMEN RYBOLOV,KAMEN RYBOLOV,USSR,0282-8633,44.75,132.0333,R,304 3472 KAMEN RYBOLOV 0282-8633 4445-13202 R
A013-L25,A013,42,7520,KAMI SHIKUKA,KAMI SHIKUKA,USSR,0205-8005,49.2833,142.9333,R,42 7520 KAMI SHIKUKA 0205-8005 4917-14256 R
A013-L26,A013,903,3240,KANDALAKSHA,KANDALAKSHA,USSR,0091-8608,67.1,32.2,R,903 3240 KANDALAKSHA 0091-8608 6706-03212 R
A013-L27,A013,997A,32408,KAN TZU,"KAN TZU, CHINA",China,0436-8000,31.6333,99.9833,R,"997A 32408 KAN TZU, CHINA 0436-8000 3138-09959 R"
A013-L28,A013,852,0209,KAO CHI,"KAO CHI, CHINA",China,0498-8407,24.5333,118.1167,S,"852 0209 KAO CHI, CHINA 0498-8407 2432-11807 S"
A014-L02,A014,1039,4403,KAO LAN,"KAO LAN, CHINA",China,0383-8402,36.05,103.8,R,"1039 4403 KAO LAN, CHINA 0383-8402 3603-10348 R"
A014-L03,A014,549,1336,KAO MI,"KAO MI, CHINA",China,0381-8443,36.3833,119.6833,S,"549 1336 KAO MI, CHINA 0381-8443 3623-11941 S"
A014-L04,A014,341,3262,KARA BOGAZ GOL,KARA BOGAZ GOL,USSR,0326-8006,41.05,52.9167,R,341 3262 KARA BOGAZ GOL 0326-8006 4103-05255 R
A014-L05,A014,1063,3265,KARACHEV,KARACHEV,USSR,0167-8026,53.1333,34.9,R,1063 3265 KARACHEV 0167-8026 5308-03454 R
A014-L06,A014,983,3270,KARAGANDA,KARAGANDA,USSR,0238-8003,49.9,73.2,S,983 3270 KARAGANDA 0238-8003 4954-07312 S
A014-L07,A014,984,3270,KARAGANDA S E,KARAGANDA S.E.,USSR,0238-8005,49.8167,73.1667,R,984 3270 KARAGANDA S.E. 0238-8005 4949-07310 R
A014-L08,A014,422,1885,KARANKUT,KARANKUT,USSR,0250-8659,45.5667,34.2833,S,422 1885 KARANKUT 0250-8659 4534-03417 S
A014-L09,A014,816,32725,KARLOVO,"KARLOVO, BULG",Bulgaria,0322-8028,42.5833,24.8833,R,"816 32725 KARLOVO, BULG 0322-8028 4235-02453 R"
A014-L10,A014,102,3285,KARSHI,KARSHI,USSR,0337-8606,38.8667,65.8333,R,102 3285 KARSHI 0337-8606 3852-06550 R
A014-L11,A014,563,7440,KATAOKA,KATAOKA,USSR,0206-8000,50.7333,156.2167,R,563 7440 KATAOKA 0206-8000 5044-15613 R
A014-L12,A014,879,3330,KAUNAS,KAUNAS,USSR,0168-8623,54.8833,23.8833,R,879 3330 KAUNAS 0168-8623 5453-02353 R
A014-L13,A014,213,3330,KAUNAS/KARMELAVA,KAUNAS/KARMELAVA,USSR,0168-8686,54.9667,24.0833,S,213 3330 KAUNAS/KARMELAVA 0168-8686 5458-02405 S
A014-L14,A014,1064,3330,KAUNAS S,KAUNAS S.,USSR,0168-8624,54.8833,23.9167,T,1064 3330 KAUNAS S. 0168-8624 5453-02355 T
A014-L15,A014,724,3340,KAZAN,KAZAN,USSR,0165-8011,55.7833,49.2167,S,724 3340 KAZAN 0165-8011 5547-04913 S
A014-L16,A014,157,3340,KAZAN N,KAZAN N.,USSR,0165-8013,55.8833,49.15,R,157 3340 KAZAN N. 0165-8013 5553-04909 R
A014-L17,A014,335,3356,KAZI MAGOMED,KAZI MAGOMED,USSR,0325-8654,40.0167,48.9167,R,335 3356 KAZI MAGOMED 0325-8654 4001-04855 R
A014-L18,A014,353,3358,KECSKEMET,"KECSKEMET, HUNG",Hungary,0251-8060,46.9167,19.75,R,"353 3358 KECSKEMET, HUNG 0251-8060 4655-01945 R"
A014-L19,A014,88,3360,KEDAINIAI,KEDAINIAI,USSR,0168-8625,55.3167,23.95,R,88 3360 KEDAINIAI 0168-8625 5519-02357 R
A014-L20,A014,583,65265,KEKSGOLM,KEKSGOLM,USSR,0103-8630,61.05,30.1167,R,583 65265 KEKSGOLM 0103-8630 6103-03007 R
A014-L21,A014,100,3380,KEM/UZHMANA,KEM/UZHMANA,USSR,0091-8635,64.9167,34.2833,R,100 3380 KEM/UZHMANA 0091-8635 6455-03417 R
A014-L22,A014,66,3400,KERCH/BAGEROVO,KERCH/BAGEROVO,USSR,0249-8168,45.4,36.2667,S,66 3400 KERCH/BAGEROVO 0249-8168 4524-03616 S
A014-L23,A014,272,3400,KERCH/KATERLEZ,KERCH/KATERLEZ,USSR,0249-8170,45.3667,36.4,T,272 3400 KERCH/KATERLEZ 0249-8170 4522-03624 T
A014-L24,A014,486,3400,KERCH N,KERCH N.,USSR,0249-8172,45.3833,36.5,R,486 3400 KERCH N. 0249-8172 4523-03630 R
A014-L25,A014,86,3408,KETON,KETON,USSR,0205-8007,49.7333,142.8667,R,86 3408 KETON 0205-8007 4944-14252 R
A014-L26,A014,307,3410,KHABAROVSK # 1,KHABAROVSK # 1,USSR,0204-8013,48.4667,135.15,X,307 3410 KHABAROVSK # 1 0204-8013 4828-13509 X
A014-L27,A014,322,3410,KHABAROVSK #2,KHABAROVSK #2,USSR,0204-8611,48.4333,135.1333,U,322 3410 KHABAROVSK #2 0204-8611 4826-13508 U
A014-L28,A014,1065,3410,KHABAROVSK E,KHABAROVSK E.,USSR,0204-8612,48.45,135.2,T,1065 3410 KHABAROVSK E. 0204-8612 4827-13512 T
A015-L05,A015,308,3410,KHABAROVSK N E,KHABAROVSK N.E.,USSR,0204-8015,48.5333,135.15,S,308 3410 KHABAROVSK N.E. 0204-8015 4832-13509 S
A015-L06,A015,986,3410,KHABAROVSK/NEKRASOVKA,KHABAROVSK/NEKRASOVKA,USSR,0204-8617,48.4,135.2333,R,986 3410 KHABAROVSK/NEKRASOVKA 0204-8617 4824-13514 R
A015-L07,A015,487,3410,KHABAROVSK/SERGEYEVKA E,KHABAROVSK/SERGEYEVKA E.,USSR,0204-8016,48.45,135.4,Y,487 3410 KHABAROVSK/SERGEYEVKA E. 0204-8016 4827-13524 Y
A015-L08,A015,904,3410,KHABAROVSK/SMIDNOVKA,KHABAROVSK/SMIDNOVKA,USSR,0204-8018,48.55,135.3,W,904 3410 KHABAROVSK/SMIDNOVKA 0204-8018 4833-13518 W
A015-L09,A015,208,3412,KHADA BULAK STATION,KHADA BULAK STATION,USSR,0202-8609,50.6,116.3333,R,208 3412 KHADA BULAK STATION 0202-8609 5036-11620 R
A015-L10,A015,344,3412,KHADA BULAK STATION N,KHADA BULAK STATION N.,USSR,0202-8610,50.75,116.1833,S,344 3412 KHADA BULAK STATION N. 0202-8610 5045-11611 S
A015-L11,A015,775,4910,KHANSKAYA,KHANSKAYA,USSR,0249-8023,44.6833,40.0333,S,775 4910 KHANSKAYA 0249-8023 4441-04002 S
A015-L12,A015,362,3440,KHARKOV,KHARKOV,USSR,0234-8024,49.9167,36.2833,R,362 3440 KHARKOV 0234-8024 4955-03617 R
A015-L13,A015,151,3440,KHARKOV/ALEKSEYEVKA,KHARKOV/ALEKSEYEVKA,USSR,0234-8025,50.05,36.2833,S,151 3440 KHARKOV/ALEKSEYEVKA 0234-8025 5003-03617 S
A015-L14,A015,827,3440,KHARKOV N,KHARKOV N.,USSR,0234-8027,50.0167,36.2667,V,827 3440 KHARKOV N. 0234-8027 5001-03616 V
A015-L15,A015,801,3440,KHARKOV/ROGAN,KHARKOV/ROGAN,USSR,0234-8029,49.9167,36.4333,T,801 3440 KHARKOV/ROGAN 0234-8029 4955-03626 T
A015-L16,A015,599,3455,KHATANGA,KHATANGA,USSR,0047-8001,71.9667,102.4667,R,599 3455 KHATANGA 0047-8001 7158-10228 R
A015-L17,A015,314,3464,KHERSON,KHERSON,USSR,0250-8660,46.6667,32.6333,R,314 3464 KHERSON 0250-8660 4640-03238 R
A015-L18,A015,196,3464,KHERSON/GUSAKOVKA,KHERSON/GUSAKOVKA,USSR,0250-8661,46.6833,32.5167,S,196 3464 KHERSON/GUSAKOVKA 0250-8661 4641-03231 S
A015-L19,A015,148,0510,KHEYLIGENBEYL,KHEYLIGENBEYL,USSR,0169-8613,54.4667,19.9667,S,148 0510 KHEYLIGENBEYL 0169-8613 5428-01958 S
A015-L20,A015,824,3472,KHOROL,KHOROL,USSR,0282-8638,44.4333,132.1167,S,824 3472 KHOROL 0282-8638 4426-13207 S
A015-L21,A015,20,3472,KHOROL E,KHOROL E.,USSR,0282-8722,44.45,132.1333,T,20 3472 KHOROL E. 0282-8722 4427-13208 T
A015-L22,A015,835,6270,KHOSTA,KHOSTA,USSR,0324-8636,43.5167,39.8667,S,835 6270 KHOSTA 0324-8636 4331-03952 S
A015-L23,A015,212,0860,KHOTILOVO,KHOTILOVO,USSR,0154-8074,57.7333,34.1333,R,212 0860 KHOTILOVO 0154-8074 5744-03408 R
A015-L24,A015,987,34737,KHUST,KHUST,USSR,0232-8603,48.1667,23.2667,R,987 34737 KHUST 0232-8603 4810-02316 R
A015-L25,A015,988,34743,KHVOYNAYA,KHVOYNAYA,USSR,0154-8025,58.9,34.5833,R,988 34743 KHVOYNAYA 0154-8025 5854-03435 R
A015-L26,A015,1066,34746,KICHIGA,KICHIGA,USSR,0132-8003,59.8833,163.3333,R,1066 34746 KICHIGA 0132-8003 5953-16320 R
A015-L27,A015,309,3477,KILDIN,KILDIN,USSR,0051-8603,69.3167,34.1667,R,309 3477 KILDIN 0051-8603 6919-03410 R
A015-L28,A015,294,3495,KINEL-CHERKASSY,KINEL-CHERKASSY,USSR,0165-8027,53.4333,51.5833,R,294 3495 KINEL-CHERKASSY 0165-8027 5326-05135 R
A015-L29,A015,906,3500,KINESHMA,KINESHMA,USSR,0154-8027,57.4167,42.4667,R,906 3500 KINESHMA 0154-8027 5725-04228 R
A015-L30,A015,550,3513,KIRENSK,KIRENSK,USSR,0127-8003,57.7833,108.0833,R,550 3513 KIRENSK 0127-8003 5747-10805 R
A015-L31,A015,716,3520,KIROV,KIROV,USSR,0155-8002,58.6,49.7333,R,716 3520 KIROV 0155-8002 5836-04944 R
A016-L02,A016,115,3530,KIROVABAD,KIROVABAD,USSR,0325-8661,40.7333,46.3167,T,115 3530 KIROVABAD 0325-8661 4044-04619 T
A016-L03,A016,776,3530,KIROVABAD/DALMAMETLY,KIROVABAD/DALMAMETLY,USSR,0325-8662,40.6833,46.6,R,776 3530 KIROVABAD/DALMAMETLY 0325-8662 4041-04636 R
A016-L04,A016,763,3530,KIROVABAD/KARABA,KIROVABAD/KARABA,USSR,0325-8663,40.7167,46.3667,S,763 3530 KIROVABAD/KARABA 0325-8663 4043-04622 S
A016-L05,A016,166,3552,KIROVOGRAD,KIROVOGRAD,USSR,0233-8033,48.5333,32.2833,R,166 3552 KIROVOGRAD 0233-8033 4832-03217 R
A016-L06,A016,37,3552,KIROVOGRAD/KANATOVO,KIROVOGRAD/KANATOVO,USSR,0233-8034,48.5667,32.3833,S,37 3552 KIROVOGRAD/KANATOVO 0233-8034 4834-03223 S
A016-L07,A016,907,3560,KIROVSK,KIROVSK,USSR,0091-8612,67.5833,33.5667,R,907 3560 KIROVSK 0091-8612 6735-03334 R
A016-L08,A016,111,3565,KIROVSKOYE S,KIROVSKOYE S.,USSR,0205-8012,50.6833,142.75,R,111 3565 KIROVSKOYE S. 0205-8012 5041-14245 R
A016-L09,A016,1067,3572,KIRSANOV,KIRSANOV,USSR,0166-8006,52.6667,42.6833,R,1067 3572 KIRSANOV 0166-8006 5240-04241 R
A016-L10,A016,741,3600,KISHINEV,KISHINEV,USSR,0250-8662,47.05,28.8667,R,741 3600 KISHINEV 0250-8662 4703-02852 R
A016-L11,A016,120,8042,KISKUNLACZHAZA,"KISKUNLACZHAZA, HUNG",Hungary,0251-8066,47.1833,19.0667,R,"120 8042 KISKUNLACZHAZA, HUNG 0251-8066 4711-01904 R"
A016-L12,A016,908,3625,KIYA,KIYA,USSR,0092-8013,67.5833,44.5333,R,908 3625 KIYA 0092-8013 6735-04432 R
A016-L13,A016,989,3630,KIYEV/BORTNICHI,KIYEV/BORTNICHI,USSR,0233-8093,50.3833,30.7833,S,989 3630 KIYEV/BORTNICHI 0233-8093 5023-03047 S
A016-L14,A016,622,3630,KIYEV/POST VOLYNSKIY,KIYEV/POST VOLYNSKIY,USSR,0233-8037,50.4,30.45,R,622 3630 KIYEV/POST VOLYNSKIY 0233-8037 5024-03027 R
A016-L15,A016,909,3630,KIYEV/SVYATOSHINO,KIYEV/SVYATOSHINO,USSR,0233-8038,50.4333,30.4167,T,909 3630 KIYEV/SVYATOSHINO 0233-8038 5026-03025 T
A016-L16,A016,990,3660,KLAYPEDA,KLAYPEDA,USSR,0168-8626,55.7,21.1667,S,990 3660 KLAYPEDA 0168-8626 5542-02110 S
A016-L17,A016,534,2960,KLETINO,KLETINO,USSR,0154-8028,56.8,37.3333,R,534 2960 KLETINO 0154-8028 5648-03720 R
A016-L18,A016,1068,56409,KLIMOVO,KLIMOVO,USSR,0167-8004,52.3333,32.1833,S,1068 56409 KLIMOVO 0167-8004 5220-03211 S
A016-L19,A016,280,3680,KLIN,KLIN,USSR,0154-8029,56.3667,36.7333,R,280 3680 KLIN 0154-8029 5622-03644 R
A016-L20,A016,316,3693,KOBRIN,KOBRIN,USSR,0168-8627,52.2333,24.3667,R,316 3693 KOBRIN 0168-8627 5214-02422 R
A016-L21,A016,742,0590,KOBULETI,KOBULETI,USSR,0324-8612,41.8333,41.8,R,742 0590 KOBULETI 0324-8612 4150-04148 R
A016-L22,A016,419,3710,KOCHENEVO,KOCHENEVO,USSR,0162-8009,55.0333,82.25,R,419 3710 KOCHENEVO 0162-8009 5502-08215 R
A016-L23,A016,128,3715,KOCHUBYEVKA,KOCHUBYEVKA,USSR,0234-,49.75,35.0833,R,128 3715 KOCHUBYEVKA 0234-4945-03505 R
A016-L24,A016,150,1455,KOGALNICEANU,"KOGALNICEANU, RUM",Romania,0250-8763,44.35,28.4833,S,"150 1455 KOGALNICEANU, RUM 0250-8763 4421-02829 S"
A016-L25,A016,454,3776,KOKSHAROVKA,KOKSHAROVKA,USSR,0282-8002,44.5,134.05,S,454 3776 KOKSHAROVKA 0282-8002 4430-13403 S
A016-L26,A016,65,5240,KOLA,KOLA,USSR,0051-8605,68.85,33.0167,Y,65 5240 KOLA 0051-8605 6851-03301 Y
A016-L27,A016,36,3794,KOLOMYYA,KOLOMYYA,USSR,0233-8039,48.5333,25.1333,R,36 3794 KOLOMYYA 0233-8039 4832-02508 R
A016-L28,A016,339,3840,KOMSOMOLSK,KOMSOMOLSK,USSR,0204-8006,50.6,137.0667,S,339 3840 KOMSOMOLSK 0204-8006 5036-13704 S
A017-L01,A017,313,3840,KOMSOMOLSK S,KOMSOMOLSK S.,USSR,0204-8007,50.4,136.9333,T,313 3840 KOMSOMOLSK S. 0204-8007 5024-13656 T
A017-L02,A017,315,3840,KOMSOMOLSK W,KOMSOMOLSK W.,USSR,0204-8632,50.7,136.8667,R,315 3840 KOMSOMOLSK W. 0204-8632 5042-13652 R
A017-L03,A017,821,1390,KONARZYNY,"KONARZYNY, POL",Poland,0169-8624,53.8167,17.35,S,"821 1390 KONARZYNY, POL 0169-8624 5349-01721 S"
A017-L04,A017,284,38605,KONIGSBERG/NEUMARK,"KONIGSBERG/NEUMARK, POL",Poland,0169-8255,52.9333,14.4167,R,"284 38605 KONIGSBERG/NEUMARK, POL 0169-8255 5256-01425 R"
A017-L05,A017,358,3865,KONOSHA,KONOSHA,USSR,0102-8029,60.9833,40.2,R,358 3865 KONOSHA 0102-8029 6059-04012 R
A017-L06,A017,171,3870,KONOTOP,KONOTOP,USSR,0233-8040,51.2333,33.15,R,171 3870 KONOTOP 0233-8040 5114-03309 R
A017-L07,A017,356,3873,KONOTORO,KONOTORO,USSR,0281-8004,47.2833,142.0,R,356 3873 KONOTORO 0281-8004 4717-14200 R
A017-L08,A017,332,9740,KONUMA,KONUMA,USSR,0281-8604,47.0667,142.75,T,332 9740 KONUMA 0281-8604 4704-14245 T
A017-L09,A017,991,3965,KOPORYE,KOPORYE,USSR,0153-8036,59.7,29.0333,S,991 3965 KOPORYE 0153-8036 5942-02902 S
A017-L10,A017,345,6293,KORENOVSKAYA,KORENOVSKAYA,USSR,0249-8316,45.45,39.4333,R,345 6293 KORENOVSKAYA 0249-8316 4527-03926 R
A017-L11,A017,606,39085,KORKODON,KORKODON,USSR,0122-8003,63.8667,157.3833,R,606 39085 KORKODON 0122-8003 6352-15723 R
A017-L12,A017,415,3910,KOROSTEN,KOROSTEN,USSR,0233-8090,50.9667,28.65,R,415 3910 KOROSTEN 0233-8090 5058-02839 R
A017-L13,A017,300,3920,KORSAKOV,KORSAKOV,USSR,0281-8605,46.6167,142.8167,R,300 3920 KORSAKOV 0281-8605 4637-14249 R
A017-L14,A017,446,3925,KOSICE/BARCA,"KOSICE/BARCA, CZECH",Czechoslovakia,0232-8249,48.6833,21.2333,R,"446 3925 KOSICE/BARCA, CZECH 0232-8249 4841-02114 R"
A017-L15,A017,603,3926,KOSISTYY,KOSISTYY,USSR,0028-8001,73.6667,109.7333,R,603 3926 KOSISTYY 0028-8001 7340-10944 R
A017-L16,A017,347,3940,KOSTROMA,KOSTROMA,USSR,0154-8030,57.8,41.0167,R,347 3940 KOSTROMA 0154-8030 5748-04101 R
A017-L17,A017,254,0695,KOTHEN,"KOTHEN, E GER",East Germany,0231-8070,51.7167,11.9667,S,"254 0695 KOTHEN, E GER 0231-8070 5143-01158 S"
A017-L18,A017,910,3960,KOTLAS,KOTLAS,USSR,0101-8003,61.25,46.7833,R,910 3960 KOTLAS 0101-8003 6115-04647 R
A017-L19,A017,750,3965,KOTLY,KOTLY,USSR,0153-8038,59.6,28.7667,R,750 3965 KOTLY 0153-8038 5936-02846 R
A017-L20,A017,729,3987,KOVEL,KOVEL,USSR,0232-8627,51.2333,24.7167,R,729 3987 KOVEL 0232-8627 5114-02443 R
A017-L21,A017,873,4131,KOZIN,KOZIN,USSR,0233-8043,50.2333,25.5167,V,873 4131 KOZIN 0233-8043 5014-02531 V
A017-L22,A017,485,4005,KRAKOW,"KRAKOW, POL",Poland,0232-8212,50.0833,20.0,R,"485 4005 KRAKOW, POL 0232-8212 5005-02000 R"
A017-L23,A017,473,7630,KRAMATORSK,KRAMATORSK,USSR,0234-8033,48.7,37.6167,R,473 7630 KRAMATORSK 0234-8033 4842-03737 R
A017-L24,A017,837,7855,KRASILOV,KRASILOV,USSR,0233-8091,49.6667,26.9333,S,837 7855 KRASILOV 0233-8091 4940-02656 S
A017-L25,A017,1060A,4029,KRASKNOGVARDEYSKOYE,KRASKNOGVARDEYSKOYE,USSR,0336-8630,39.8333,67.2833,R,1060A 4029 KRASKNOGVARDEYSKOYE 0336-8630 3950-06717 R
A017-L26,A017,295,5150,KRASNAYA POLYANA,KRASNAYA POLYANA,USSR,0154-8076,56.0333,37.3833,S,295 5150 KRASNAYA POLYANA 0154-8076 5602-03723 S
A017-L27,A017,205,4040,KRASNODAR,KRASNODAR,USSR,0249-8185,45.0833,38.9667,R,205 4040 KRASNODAR 0249-8185 4505-03858 R
A018-L02,A018,912,4040,KRASNODAR/PASHKOVSKAYA,KRASNODAR/PASHKOVSKAYA,USSR,0249-8188,45.0333,39.15,S,912 4040 KRASNODAR/PASHKOVSKAYA 0249-8188 4502-03909 S
A018-L03,A018,911,4045,KRASNOGRAD,KRASNOGRAD,USSR,0234-8074,49.4,35.4833,R,911 4045 KRASNOGRAD 0234-8074 4924-03529 R
A018-L04,A018,299,4080,KRASNOVODSK,KRASNOVODSK,USSR,0326-8003,40.05,53.0,R,299 4080 KRASNOVODSK 0326-8003 4003-05300 R
A018-L05,A018,717,4090,KRASNOYARSK,KRASNOYARSK,USSR,0159-8004,56.0333,92.9,S,717 4090 KRASNOYARSK 0159-8004 5602-09254 S
A018-L06,A018,868,4090,KRASNOYARSK S E,KRASNOYARSK S.E.,USSR,0159-8008,55.9833,92.9333,R,868 4090 KRASNOYARSK S.E. 0159-8008 5559-09256 R
A018-L07,A018,662,7732,KRASNYY KUT,KRASNYY KUT,USSR,0282-8645,44.5167,132.8333,V,662 7732 KRASNYY KUT 0282-8645 4431-13250 V
A018-L08,A018,81,5610,KRECHEVITSY,KRECHEVITSY,USSR,0153-8072,58.6167,31.3833,R,81 5610 KRECHEVITSY 0153-8072 5837-03123 R
A018-L09,A018,668,29362,KREMOVO,KREMOVO,USSR,0282-8646,44.05,132.2833,S,668 29362 KREMOVO 0282-8646 4403-13217 S
A018-L10,A018,594,4134,KREST KHALDZHAY,KREST KHALDZHAY,USSR,0124-8000,62.85,134.6167,R,594 4134 KREST KHALDZHAY 0124-8000 6251-13437 R
A018-L11,A018,794,4140,KRIVOY ROG,KRIVOY ROG,USSR,0250-8668,47.85,33.3,R,794 4140 KRIVOY ROG 0250-8668 4751-03318 R
A018-L12,A018,949,4150,KRONSHTADT,KRONSHTADT,USSR,0103-8601,60.0167,29.7,R,949 4150 KRONSHTADT 0103-8601 6001-02942 R
A018-L13,A018,645,4161,KROSNO/IWONICZ,"KROSNO/IWONICZ, POL",Poland,0232-8214,49.6667,21.8167,R,"645 4161 KROSNO/IWONICZ, POL 0232-8214 4940-02149 R"
A018-L14,A018,817,6325,KRUMOVO,"KRUMOVO, BULG",Bulgaria,0322-8031,42.0667,24.85,T,"817 6325 KRUMOVO, BULG 0322-8031 4204-02451 T"
A018-L15,A018,126,41634,KRUSTPILS,KRUSTPILS,USSR,0153-8041,56.55,25.9167,R,126 41634 KRUSTPILS 0153-8041 5633-02555 R
A018-L16,A018,992,41634,KRUSTPILS N E,KRUSTPILS N.E.,USSR,0153-8042,56.5667,25.95,T,992 41634 KRUSTPILS N.E. 0153-8042 5634-02557 T
A018-L17,A018,303,5630,KRYMSKAYA,KRYMSKAYA,USSR,0249-8189,44.95,38.0,T,303 5630 KRYMSKAYA 0249-8189 4457-03800 T
A018-L18,A018,1033,12155,KUANG HAN,"KUANG HAN, CHINA",China,0495-8409,30.9333,104.3333,R,"1033 12155 KUANG HAN, CHINA 0495-8409 3056-10420 R"
A018-L19,A018,577,41644,KUAN TIEN W,KUAN TIEN W. MANCH,China (Manchuria),0290-8474,40.7,124.5833,R,577 41644 KUAN TIEN W. MANCH 0290-8474 4042-12435 R
A018-L20,A018,242,9963,KUBINKA,KUBINKA,USSR,0167-8030,55.6167,36.65,R,242 9963 KUBINKA 0167-8030 5537-03639 R
A018-L21,A018,320,41665,KUDOM GUBA,KUDOM GUBA,USSR,0102-8007,62.8833,32.4,R,320 41665 KUDOM GUBA 0102-8007 6253-03224 R
A018-L22,A018,97,4193,KUNG CHU LING,"KUNG CHU LING, MANCH",China (Manchuria),0290-8009,43.5167,124.75,R,"97 4193 KUNG CHU LING, MANCH 0290-8009 4331-12445 R"
A018-L23,A018,522,71825,KUNINKAIRISTI,KUNINKAIRISTI,USSR,0103-8633,60.7,29.8,S,522 71825 KUNINKAIRISTI 0103-8633 6042-02948 S
A018-L24,A018,119,4202,KUNMADARAS,"KUNMADARAS, HUNG",Hungary,0251-8061,47.4,20.7833,R,"119 4202 KUNMADARAS, HUNG 0251-8061 4724-02047 R"
A018-L25,A018,1037,4203,KUN MING,"KUN MING, CHINA",China,0496-8409,25.0,102.75,R,"1037 4203 KUN MING, CHINA 0496-8409 2500-10245 R"
A018-L26,A018,338,3150,KURABU,KURABU,USSR,0206-8004,50.0167,155.4,R,338 3150 KURABU 0206-8004 5001-15524 R
A018-L27,A018,571,4215,KURESSAARE,KURESSAARE,USSR,0153-8102,58.25,22.5167,R,571 4215 KURESSAARE 0153-8102 5815-02231 R
A018-L28,A018,993,4220,KURGAN,KURGAN,USSR,0164-8015,55.4333,65.3,R,993 4220 KURGAN 0164-8015 5526-06518 R
A019-L02,A019,913,4250,KURSK,KURSK,USSR,0234-8036,51.7333,36.1333,R,913 4250 KURSK 0234-8036 5144-03608 R
A019-L03,A019,378,4250,KURSK E,KURSK E.,USSR,0234-8037,51.75,36.3,S,378 4250 KURSK E. 0234-8037 5145-03618 S
A019-L04,A019,537,4265,KU SHAN TZU,"KU SHAN TZU, MANCH",China (Manchuria),0290-8473,42.0167,125.7333,R,"537 4265 KU SHAN TZU, MANCH 0290-8473 4201-12544 R"
A019-L05,A019,1069,4283,KUSTANAY,KUSTANAY,USSR,0164-8006,53.2333,63.5833,R,1069 4283 KUSTANAY 0164-8006 5314-06335 R
A019-L06,A019,203,4290,KUTAISI,KUTAISI,USSR,0324-8632,42.2667,42.65,R,203 4290 KUTAISI 0324-8632 4216-04239 R
A019-L07,A019,777,4290,KUTAISI W,KUTAISI W.,USSR,0324-8633,42.25,42.6333,W,777 4290 KUTAISI W. 0324-8633 4215-04238 W
A019-L08,A019,569,3514,KU TIEN TZU,"KU TIEN TZU, MANCH",China (Manchuria),0283-8451,44.0,126.4,R,"569 3514 KU TIEN TZU, MANCH 0283-8451 4400-12624 R"
A019-L09,A019,371,4298,KUUSIKU,KUUSIKU,USSR,0153-8092,58.9667,24.6833,R,371 4298 KUUSIKU 0153-8092 5858-02441 R
A019-L10,A019,768,4310,KUYBYSHEV,KUYBYSHEV,USSR,0165-8015,53.2,50.1833,R,768 4310 KUYBYSHEV 0165-8015 5312-05011 R
A019-L11,A019,156,4310,KUYBYSHEV E,KUYBYSHEV E.,USSR,0165-8016,53.2167,50.3333,T,156 4310 KUYBYSHEV E. 0165-8016 5313-05020 T
A019-L12,A019,914,4310,KUYBYSHEV/KRYAZAH,KUYBYSHEV/KRYAZAH,USSR,0165-8017,53.1167,50.1,U,914 4310 KUYBYSHEV/KRYAZAH 0165-8017 5307-05006 U
A019-L13,A019,864,4310,KUYBYSHEV/SMYSHALAYEVKA,KUYBYSHEV/SMYSHALAYEVKA,USSR,0165-8018,53.2333,50.3833,S,864 4310 KUYBYSHEV/SMYSHALAYEVKA 0165-8018 5314-05023 S
A019-L14,A019,623,4314,KUYBYSHEVKA/VOSTOCHNAYA,KUYBYSHEVKA/VOSTOCHNAYA,USSR,0203-8621,50.9,128.4667,R,623 4314 KUYBYSHEVKA/VOSTOCHNAYA 0203-8621 5054-12828 R
A019-L15,A019,1025,9110,KUZMINA,KUZMINA,USSR,0154-8047,56.0167,40.0833,R,1025 9110 KUZMINA 0154-8047 5601-04005 R
A019-L16,A019,1070,4320,KUZNETSK,KUZNETSK,USSR,0166-8007,53.1,46.6,R,1070 4320 KUZNETSK 0166-8007 5306-04636 R
A019-L17,A019,327,4337,KYUDARMIR S,KYUDARMIR S.,USSR,0325-8671,40.2667,48.15,R,327 4337 KYUDARMIR S. 0325-8671 4016-04809 R
A019-L18,A019,464A,4339,KYZYL AGACH,KYZYL AGACH,USSR,0339-8616,39.0833,48.8167,R,464A 4339 KYZYL AGACH 0339-8616 3905-04849 R
A019-L19,A019,429,4340,KYZYL ARVAT,KYZYL ARVAT,USSR,0338-8606,38.9667,56.2667,R,429 4340 KYZYL ARVAT 0338-8606 3858-05616 R
A019-L20,A019,820,4430,LABEHN,"LABEHN, POL",Poland,0169-8622,54.65,17.7333,S,"820 4430 LABEHN, POL 0169-8622 5439-01744 S"
A019-L21,A019,659,4400,LA LIN,"LA LIN, MANCH",China (Manchuria),0283-8432,45.2333,126.8667,R,"659 4400 LA LIN, MANCH 0283-8432 4514-12652 R"
A019-L22,A019,669,6125,LAN TIEN CHANG,"LAN TIEN CHANG, CHINA",China,0381-8013,39.9667,116.25,R,"669 6125 LAN TIEN CHANG, CHINA 0381-8013 3958-11615 R"
A019-L23,A019,506,4665,LASK,"LASK, POL",Poland,0232-8632,51.55,19.1667,R,"506 4665 LASK, POL 0232-8632 5133-01910 R"
A019-L24,A019,611,4436,LAVRENTIYA,LAVRENTIYA,USSR,0075-8023,65.5833,-171.0,R,611 4436 LAVRENTIYA 0075-8023 6535-17100W R
A019-L25,A019,795,4442,LAZAREVO,LAZAREVO,USSR,0203-8649,48.25,132.45,R,795 4442 LAZAREVO 0203-8649 4815-13227 R
A019-L26,A019,475,86025,LAZAREVSKAYA,LAZAREVSKAYA,USSR,0324-8637,43.9167,39.35,S,475 86025 LAZAREVSKAYA 0324-8637 4355-03921 S
A019-L27,A019,169,44555,LEBEDIN,LEBEDIN,USSR,0234-8038,50.55,34.5,R,169 44555 LEBEDIN 0234-8038 5033-03430 R
A019-L28,A019,243,4480,LENINAKAN,LENINAKAN,USSR,0325-8674,40.75,43.8667,R,243 4480 LENINAKAN 0325-8674 4045-04352 R
A020-L03,A020,317,4490,LENINGRAD/ALEXANDROVSKAYA,LENINGRAD/ALEXANDROVSKAYA,USSR,0153-8050,59.8667,30.3,T,317 4490 LENINGRAD/ALEXANDROVSKAYA 0153-8050 5952-03018 T
A020-L04,A020,600,4490,LENINGRAD CIVIL,LENINGRAD CIVIL,USSR,0153-8048,59.8,30.3,Y,600 4490 LENINGRAD CIVIL 0153-8048 5948-03018 Y
A020-L05,A020,298,4490,LENINGRAD/GORELOVO,LENINGRAD/GORELOVO,USSR,0153-8051,59.7667,30.0833,S,298 4490 LENINGRAD/GORELOVO 0153-8051 5946-03005 S
A020-L06,A020,459,4490,LENINGRAD/GORSKAYA,LENINGRAD/GORSKAYA,USSR,0103-8602,60.0333,30.0167,V,459 4490 LENINGRAD/GORSKAYA 0103-8602 6002-03001 V
A020-L07,A020,574,4490,LENINGRAD/KAMENKA N,LENINGRAD/KAMENKA N.,USSR,0103-8603,60.05,30.1833,X,574 4490 LENINGRAD/KAMENKA N. 0103-8603 6003-03011 X
A020-L08,A020,874,4490,LENINGRAD/KASIMOVO,LENINGRAD/KASIMOVO,USSR,0103-8605,60.2,30.3333,RA,874 4490 LENINGRAD/KASIMOVO 0103-8605 6012-03020 RA
A020-L09,A020,488,4490,LENINGRAD/KOLOMYAGI,LENINGRAD/KOLOMYAGI,USSR,0103-8623,60.0,30.2833,Z,488 4490 LENINGRAD/KOLOMYAGI 0103-8623 6000-03017 Z
A020-L10,A020,994,4490,LENINGRAD/KUDROVO,LENINGRAD/KUDROVO,USSR,0153-8054,59.9,30.5167,RD,994 4490 LENINGRAD/KUDROVO 0153-8054 5954-03031 RD
A020-L11,A020,350,4490,LENINGRAD/LESNOY,LENINGRAD/LESNOY,USSR,0103-8634,60.05,30.35,RB,350 4490 LENINGRAD/LESNOY 0103-8634 6003-03021 RB
A020-L12,A020,321,4490,LENINGRAD/LEVASHOVO,LENINGRAD/LEVASHOVO,USSR,0103-8606,60.0833,30.2,U,321 4490 LENINGRAD/LEVASHOVO 0103-8606 6005-03012 U
A020-L13,A020,554,4490,LENINGRAD/UGLOVO,LENINGRAD/UGLOVO,USSR,0103-8609,60.0667,30.7,W,554 4490 LENINGRAD/UGLOVO 0103-8609 6004-03042 W
A020-L14,A020,836,4490,LENINGRAD/YANINO,LENINGRAD/YANINO,USSR,0153-8060,59.95,30.5667,RC,836 4490 LENINGRAD/YANINO 0153-8060 5957-03034 RC
A020-L15,A020,916,4511,LENINSKOYE,LENINSKOYE,USSR,0282-8720,47.9667,132.6833,R,916 4511 LENINSKOYE 0282-8720 4758-13241 R
A020-L16,A020,359,4512,LENKORAN,LENKORAN,USSR,0339-8609,38.7667,48.8167,R,359 4512 LENKORAN 0339-8609 3846-04849 R
A020-L17,A020,340,4520,LEPAYA E,LEPAYA E.,USSR,0152-8604,56.5167,21.0833,S,340 4520 LEPAYA E. 0152-8604 5631-02105 S
A020-L18,A020,462,4520,LEPAYA N,LEPAYA N.,USSR,0152-8605,56.5333,21.0167,T,462 4520 LEPAYA N. 0152-8605 5632-02101 T
A020-L19,A020,792,45365,LEYPTSIGSKAYA,LEYPTSIGSKAYA,USSR,0250-8674,46.3333,29.05,R,792 45365 LEYPTSIGSKAYA 0250-8674 4620-02903 R
A020-L20,A020,447,4538,LEZNICA WIELKA,"LEZNICA WIELKA, POL",Poland,0169-8298,52.0,19.15,R,"447 4538 LEZNICA WIELKA, POL 0169-8298 5200-01909 R"
A020-L21,A020,695,45405,LIANG SHAN,"LIANG SHAN, CHINA",China,0495-8410,30.7167,107.7833,R,"695 45405 LIANG SHAN, CHINA 0495-8410 3043-10747 R"
A020-L22,A020,517,0249,LIAO YANG W,LIAO YANG W. MANCH,China (Manchuria),0290-8018,41.2833,123.0667,R,517 0249 LIAO YANG W. MANCH 0290-8018 4117-12304 R
A020-L23,A020,830,4546,LIAO YUAN N,LIAO YUAN N. MANCH,China (Manchuria),0290-8449,43.5833,123.5333,R,830 4546 LIAO YUAN N. MANCH 0290-8449 4335-12332 R
A020-L24,A020,1029,4168,LI CHIA TSUN,"LI CHIA TSUN, CHINA",China,0497-8407,25.2,110.3167,T,"1029 4168 LI CHIA TSUN, CHINA 0497-8407 2512-11019 T"
A020-L25,A020,374,4560,LIDA,LIDA,USSR,0168-8629,53.8667,25.35,R,374 4560 LIDA 0168-8629 5352-02521 R
A020-L26,A020,665,4565,LIEGNITZ,"LIEGNITZ, POL",Poland,0232-8216,51.1833,16.1833,R,"665 4565 LIEGNITZ, POL 0232-8216 5111-01611 R"
A020-L27,A020,881A,4570,LIEN CHENG,"LIEN CHENG, CHINA",China,0498-8427,25.5333,116.6167,R,"881A 4570 LIEN CHENG, CHINA 0498-8427 2532-11637 R"
A020-L28,A020,803A,45955,LIN FEN,"LIN FEN, CHINA",China,0382-8002,36.05,111.5,R,"803A 45955 LIN FEN, CHINA 0382-8002 3603-11130 R"
A020-L29,A020,555,4600,LIPETSK W,LIPETSK W.,USSR,0166-8008,52.6333,39.4667,S,555 4600 LIPETSK W. 0166-8008 5238-03928 S
A021-L02,A021,1035,46415,LIU CHOU,"LIU CHOU, CHINA",China,0497-8409,24.2833,109.3833,R,"1035 46415 LIU CHOU, CHINA 0497-8409 2417-10923 R"
A021-L03,A021,566,86005,LIU TING,"LIU TING, CHINA",China,0381-8016,36.2667,120.3667,S,"566 86005 LIU TING, CHINA 0381-8016 3616-12022 S"
A021-L04,A021,256,8000,LODEYNOYE POLE,LODEYNOYE POLE,USSR,0102-8008,60.7167,33.55,R,256 8000 LODEYNOYE POLE 0102-8008 6043-03333 R
A021-L05,A021,646,4665,LODZ/LUBLINEK,"LODZ/LUBLINEK, POL",Poland,0232-8217,51.7167,19.4,S,"646 4665 LODZ/LUBLINEK, POL 0232-8217 5143-01924 S"
A021-L06,A021,1034,4673,LO PING,"LO PING, CHINA",China,0496-8411,24.8833,104.35,R,"1034 4673 LO PING, CHINA 0496-8411 2453-10421 R"
A021-L07,A021,917,0816,LOSHNITSA,LOSHNITSA,USSR,0168-8630,54.2833,28.8167,S,917 0816 LOSHNITSA 0168-8630 5417-02849 S
A021-L08,A021,1071,4680,LOUKHI W,LOUKHI W.,USSR,0091-8619,66.05,32.7833,S,1071 4680 LOUKHI W. 0091-8619 6603-03247 S
A021-L09,A021,885,4685,LOVECH,"LOVECH, BULG",Bulgaria,0322-8032,43.1667,24.7167,R,"885 4685 LOVECH, BULG 0322-8032 4310-02443 R"
A021-L10,A021,260,47335,LU CHIAO,"LU CHIAO, CHINA",China,0492-8422,28.5667,121.4167,R,"260 47335 LU CHIAO, CHINA 0492-8422 2834-12125 R"
A021-L11,A021,127,29362,LUCHKI,LUCHKI,USSR,0282-8658,44.2,132.2167,T,127 29362 LUCHKI 0282-8658 4412-13213 T
A021-L12,A021,529,47604,LUGOVOYE,LUGOVOYE,USSR,0328-8637,42.9167,72.7167,R,529 47604 LUGOVOYE 0328-8637 4255-07243 R
A021-L13,A021,1036,47605,LU HSIEN,"LU HSIEN, CHINA",China,0495-8411,28.8333,105.3667,R,"1036 47605 LU HSIEN, CHINA 0495-8411 2850-10522 R"
A021-L14,A021,472,0385,LUIZII CALUGRA,"LUIZII CALUGRA, RUM",Romania,0251-8087,46.5333,26.8833,R,"472 0385 LUIZII CALUGRA, RUM 0251-8087 4632-02653 R"
A021-L15,A021,68,3790,LUKHOVITSY,LUKHOVITSY,USSR,0166-8048,54.9,39.0167,R,68 3790 LUKHOVITSY 0166-8048 5454-03901 R
A021-L16,A021,1028,4762,LU LIANG,"LU LIANG, CHINA",China,0496-8412,24.9833,103.6333,R,"1028 4762 LU LIANG, CHINA 0496-8412 2459-10338 R"
A021-L17,A021,544,47625,LUNG CHI,"LUNG CHI, CHINA",China,0498-8425,24.5,117.65,R,"544 47625 LUNG CHI, CHINA 0498-8425 2430-11739 R"
A021-L18,A021,180,8601,LUNG CHIANG S,"LUNG CHIANG S, MANCH",China (Manchuria),0283-8013,47.3,123.95,R,"180 8601 LUNG CHIANG S, MANCH 0283-8013 4718-12357 R"
A021-L19,A021,530,7475,LUNG HUA,"LUNG HUA, CHINA",China,0492-8407,31.1667,121.45,U,"530 7475 LUNG HUA, CHINA 0492-8407 3110-12127 U"
A021-L20,A021,542,47695,LUNG TIEN,"LUNG TIEN, CHINA",China,0499-8416,25.5833,119.4667,R,"542 47695 LUNG TIEN, CHINA 0499-8416 2535-11928 R"
A021-L21,A021,463,4770,LUNINETS,LUNINETS,USSR,0168-8631,52.2667,26.8333,R,463 4770 LUNINETS 0168-8631 5216-02650 R
A021-L22,A021,1072,4777,LUTSK,LUTSK,USSR,0233-8045,50.75,25.35,R,1072 4777 LUTSK 0233-8045 5045-02521 R
A021-L23,A021,778,4777,LUTSK N,LUTSK N.,USSR,0233-8046,50.8,25.35,S,778 4777 LUTSK N. 0233-8046 5048-02521 S
A021-L24,A021,796,4780,LVOV/GORODOK,LVOV/GORODOK,USSR,0232-8604,49.75,23.6667,S,796 4780 LVOV/GORODOK 0232-8604 4945-02340 S
A021-L25,A021,1073,4780,LVOV N W,LVOV N.W.,USSR,0232-8606,49.8667,23.9167,R,1073 4780 LVOV N.W. 0232-8606 4952-02355 R
A021-L26,A021,581,4780,LVOV/SKNILOV,LVOV/SKNILOV,USSR,0232-8607,49.8167,23.95,R,581 4780 LVOV/SKNILOV 0232-8607 4949-02357 R
A021-L27,A021,666,48799,LYALICHI,LYALICHI,USSR,0282-8659,44.0667,132.3833,T,666 48799 LYALICHI 0282-8659 4404-13223 T
A021-L28,A021,811,4795,LYUBINSKAYA,LYUBINSKAYA,USSR,0163-8056,55.15,72.6833,R,811 4795 LYUBINSKAYA 0163-8056 5509-07241 R
A022-L03,A022,853,0209,MA CHIANG,"MA CHIANG, CHINA",China,0498-8416,24.65,118.2667,R,"853 0209 MA CHIANG, CHINA 0498-8416 2439-11816 R"
A022-L04,A022,582,4830,MAGADAN,MAGADAN,USSR,0131-8001,59.65,150.8667,R,582 4830 MAGADAN 0131-8001 5939-15052 R
A022-L05,A022,1074,4830,MAGADAN N,MAGADAN N.,USSR,0131-8003,59.9,150.9667,S,1074 4830 MAGADAN N. 0131-8003 5954-15058 S
A022-L06,A022,159,4834,MAGDAGACHI,MAGDAGACHI,USSR,0198-8604,53.45,125.8,R,159 4834 MAGDAGACHI 0198-8604 5327-12548 R
A022-L07,A022,918,4840,MAGNITOGORSK,MAGNITOGORSK,USSR,0164-8007,53.3833,59.0833,R,918 4840 MAGNITOGORSK 0164-8007 5323-05905 R
A022-L08,A022,411,4860,MAKHACHKALA,MAKHACHKALA,USSR,0325-8677,43.0167,47.4333,S,411 4860 MAKHACHKALA 0325-8677 4301-04726 S
A022-L09,A022,779,4860,MAKHACHKALA/UYTASH,MAKHACHKALA/UYTASH,USSR,0325-8683,42.8167,47.65,R,779 4860 MAKHACHKALA/UYTASH 0325-8683 4249-04739 R
A022-L10,A022,265,6450,MAKHARADZE,MAKHARADZE,USSR,0324-8615,41.9333,41.8833,S,265 6450 MAKHARADZE 0324-8615 4156-04153 S
A022-L11,A022,995,1417,MALAYA VISHERA,MALAYA VISHERA,USSR,0153-8006,58.8167,32.25,R,995 1417 MALAYA VISHERA 0153-8006 5849-03215 R
A022-L12,A022,263,8315,MALBORK,"MALBORK, POL",Poland,0169-8260,54.0333,19.1333,R,"263 8315 MALBORK, POL 0169-8260 5402-01908 R"
A022-L13,A022,919,48772,MALINOVKA,MALINOVKA,USSR,0282-8661,45.3667,134.35,R,919 48772 MALINOVKA 0282-8661 4522-13421 R
A022-L14,A022,677,4776,MAN CHOU LI,"MAN CHOU LI, MANCH",China (Manchuria),0202-8001,49.55,117.4167,R,"677 4776 MAN CHOU LI, MANCH 0202-8001 4933-11725 R"
A022-L15,A022,996,4890,MARIAMPOLE,MARIAMPOLE,USSR,0168-8633,54.5667,23.3833,R,996 4890 MARIAMPOLE 0168-8633 5434-02323 R
A022-L16,A022,838,48972,MARIINSK,MARIINSK,USSR,0158-8003,56.2167,87.7833,R,838 48972 MARIINSK 0158-8003 5613-08747 R
A022-L17,A022,920,1608,MARIINSKOYE,MARIINSKOYE,USSR,0204-8634,51.7,140.2667,R,920 1608 MARIINSKOYE 0204-8634 5142-14016 R
A022-L18,A022,469,48976,MARINOVKA,MARINOVKA,USSR,0235-8038,48.6667,43.8333,R,469 48976 MARINOVKA 0235-8038 4840-04350 R
A022-L19,A022,63,4898,MARKOVO,MARKOVO,USSR,0074-8001,64.6833,170.4333,R,63 4898 MARKOVO 0074-8001 6441-I7026 R
A022-L20,A022,373,4902,MARY,MARY,USSR,0337-8609,37.6,61.8167,R,373 4902 MARY 0337-8609 3736-06149 R
A022-L21,A022,372A,4902,MARY N E,MARY N.E.,USSR,0337-8613,37.6167,61.8667,S,372A 4902 MARY N.E. 0337-8613 3737-06152 S
A022-L22,A022,696,4903,MATSUWA,MATSUWA,USSR,0206-8002,48.05,153.25,R,696 4903 MATSUWA 0206-8002 4803-15315 R
A022-L23,A022,108,0290,MAYKHE,MAYKHE,USSR,0291-8618,43.4167,132.4167,RC,108 0290 MAYKHE 0291-8618 4325-13225 RC
A022-L24,A022,1075,4910,MAYKOP N,MAYKOP N.,USSR,0249-8034,44.6333,40.1,R,1075 4910 MAYKOP N. 0249-8034 4438-04006 R
A022-L25,A022,997,4923,MAYTUGA,MAYTUGA,USSR,0165-8023,52.9833,49.3,R,997 4923 MAYTUGA 0165-8023 5259-04918 R
A022-L26,A022,1076,4932,MEDVEZHYEGORSK,MEDVEZHYEGORSK,USSR,0102-8010,62.9333,34.5667,R,1076 4932 MEDVEZHYEGORSK 0102-8010 6256-03434 R
A022-L27,A022,17,4950,MELITOPOL,MELITOPOL,USSR,0249-8202,46.9,35.3167,R,I7 4950 MELITOPOL 0249-8202 4654-03519 R
A022-L28,A022,368,2565,MERSEBURG,"MERSEBURG, E GER",East Germany,0231-8073,51.3667,11.9667,R,"368 2565 MERSEBURG, E GER 0231-8073 5122-01158 R"
A022-L29,A022,596,4980,MEZEN,MEZEN,USSR,0092-8018,65.8667,44.25,R,596 4980 MEZEN 0092-8018 6552-04415 R
A023-L02,A023,839,4990,MIASS,MIASS,USSR,0164-8008,55.0,60.0667,R,839 4990 MIASS 0164-8008 5500-06004 R
A023-L03,A023,141,5000,MICHURINSK,MICHURINSK,USSR,0166-8013,52.9333,40.5167,R,141 5000 MICHURINSK 0166-8013 5256-04031 R
A023-L04,A023,848,1575,MIELEC,"MIELEC, POL",Poland,0232-8221,50.3167,21.45,R,"848 1575 MIELEC, POL 0232-8221 5019-02127 R"
A023-L05,A023,310,6450,MIKHA TSKHAKAYA,MIKHA TSKHAKAYA,USSR,0324-8618,42.2333,42.05,R,310 6450 MIKHA TSKHAKAYA 0324-8618 4214-04203 R
A023-L06,A023,800,9220,MIKHAYLOVKA N,MIKHAYLOVKA N.,USSR,0291-8519,43.95,132.0167,T,800 9220 MIKHAYLOVKA N. 0291-8519 4357-13201 T
A023-L07,A023,239,9220,MIKHAYLOVKA S,MIKHAYLOVKA S.,USSR,0291-8620,43.9,132.0333,Z,239 9220 MIKHAYLOVKA S. 0291-8620 4354-13202 Z
A023-L08,A023,601,87805,MIKKOLYA,MIKKOLYA,USSR,0091-8620,65.2167,31.65,R,601 87805 MIKKOLYA 0091-8620 6513-03139 R
A023-L09,A023,376,3785,MILOVICE,"MILOVICE, CZECH",Czechoslovakia,0231-8103,50.2333,14.9333,R,"376 3785 MILOVICE, CZECH 0231-8103 5014-01456 R"
A023-L10,A023,492,1185,MIMON,"MIMON, CZECH",Czechoslovakia,0231-8114,50.6167,14.7333,R,"492 1185 MIMON, CZECH 0231-8114 5037-01444 R"
A023-L11,A023,921,6610,MINERALNYYE VODY,MINERALNYYE VODY,USSR,0248-8022,44.2167,43.1,R,921 6610 MINERALNYYE VODY 0248-8022 4413-04306 R
A023-L12,A023,922,5030,MINSK/DUBINSKAYA,MINSK/DUBINSKAYA,USSR,0168-8635,53.6833,27.6167,R,922 5030 MINSK/DUBINSKAYA 0168-8635 5341-02737 R
A023-L13,A023,6,5030,MINSK/MACHULISHCHE,MINSK/MACHULISHCHE,USSR,0168-8637,53.7833,27.5667,T,6 5030 MINSK/MACHULISHCHE 0168-8637 5347-02734 T
A023-L14,A023,197,5030,MINSK S,MINSK S.,USSR,0168-8639,53.8667,27.5333,S,197 5030 MINSK S. 0168-8639 5352-02732 S
A023-L15,A023,515,5031,MINSK MAZOWIECKI,"MINSK MAZOWIECKI, POL",Poland,0168-8205,52.2,21.65,R,"515 5031 MINSK MAZOWIECKI, POL 0168-8205 5212-02139 R"
A023-L16,A023,10,5032,MIRGOROD,MIRGOROD,USSR,0233-8051,49.9333,33.65,R,10 5032 MIRGOROD 0233-8051 4956-03339 R
A023-L17,A023,1077,7440,MIYOSHINO,MIYOSHINO,USSR,0206-8001,50.7,156.3167,S,1077 7440 MIYOSHINO 0206-8001 5042-15619 S
A023-L18,A023,80,9385,MODLIN,"MODLIN, POL",Poland,0169-8262,52.45,20.6667,R,"80 9385 MODLIN, POL 0169-8262 5227-02040 R"
A023-L19,A023,624,5070,MOGILEV,MOGILEV,USSR,0167-8005,53.8667,30.3167,R,624 5070 MOGILEV 0167-8005 5352-03019 R
A023-L20,A023,457,5080,MOLODECHNO,MOLODECHNO,USSR,0168-8640,54.25,26.8833,R,457 5080 MOLODECHNO 0168-8640 5415-02653 R
A023-L21,A023,1078,5090,MOLOTOV N,MOLOTOV N.,USSR,0156-8016,58.05,56.2667,R,1078 5090 MOLOTOV N. 0156-8016 5803-05616 R
A023-L22,A023,923,5090,MOLOTOV S E,MOLOTOV S.E.,USSR,0156-8004,57.9667,56.3,S,923 5090 MOLOTOV S.E. 0156-8004 5758-05618 S
A023-L23,A023,246,5110,MONCHEGORSK,MONCHEGORSK,USSR,0091-8625,67.9833,33.0167,R,246 5110 MONCHEGORSK 0091-8625 6759-03301 R
A023-L24,A023,209,5570,MONINO,MONINO,USSR,0167-8051,55.8333,38.1667,S,209 5570 MONINO 0167-8051 5550-03810 S
A023-L25,A023,236,4215,MONNUSTE,MONNUSTE,USSR,0153-8105,58.3,22.2667,S,236 4215 MONNUSTE 0153-8105 5818-02216 S
A023-L26,A023,281,5135,MORSHANSK,MORSHANSK,USSR,0166-8014,53.4333,41.7333,R,281 5135 MORSHANSK 0166-8014 5326-04144 R
A023-L27,A023,871,5150,MOSCOW/BYKOVO,MOSCOW/BYKOVO,USSR,0167-8039,55.6167,38.05,RA,871 5150 MOSCOW/BYKOVO 0167-8039 5537-03803 RA
A023-L28,A023,718,5150,MOSCOW/CENTRAL,MOSCOW/CENTRAL,USSR,0167-8041,55.7833,37.5333,X,718 5150 MOSCOW/CENTRAL 0167-8041 5547-03732 X
A024-L04,A024,998,5150,MOSCOW/CHERTANOVO,MOSCOW/CHERTANOVO,USSR,0167-8042,55.6333,37.6,RB,998 5150 MOSCOW/CHERTANOVO 0167-8042 5538-03736 RB
A024-L05,A024,719,5150,MOSCOW/FILI,MOSCOW/FILI,USSR,0167-8044,55.7667,37.4833,Y,719 5150 MOSCOW/FILI 0167-8044 5546-03729 Y
A024-L06,A024,580,5150,MOSCOW/IZMAYLOVO,MOSCOW/IZMAYLOVO,USSR,0167-8045,55.8,37.8,U,580 5150 MOSCOW/IZMAYLOVO 0167-8045 5548-03748 U
A024-L07,A024,653,5150,MOSCOW/KHIMKI N,MOSCOW/KHIMKI N.,USSR,0167-8048,55.9167,37.4333,W,653 5150 MOSCOW/KHIMKI N. 0167-8048 5555-03726 W
A024-L08,A024,578,5150,MOSCOW/LYUBERTSY,MOSCOW/LYUBERTSY,USSR,0167-8050,55.6833,37.8667,V,578 5150 MOSCOW/LYUBERTSY 0167-8050 5541-03752 V
A024-L09,A024,999,5150,MOSCOW/MYACHKOVO,MOSCOW/MYACHKOVO,USSR,0167-8110,55.5667,37.9833,RC,999 5150 MOSCOW/MYACHKOVO 0167-8110 5534-03759 RC
A024-L10,A024,1000,5150,MOSCOW/ORLOVO,MOSCOW/ORLOVO,USSR,0167-8055,55.6333,37.4,RD,1000 5150 MOSCOW/ORLOVO 0167-8055 5538-03724 RD
A024-L11,A024,751,5150,MOSCOW/SALAREVO,MOSCOW/SALAREVO,USSR,0167-8060,55.6167,37.45,Z,751 5150 MOSCOW/SALAREVO 0167-8060 5537-03727 Z
A024-L12,A024,491,5150,MOSCOW/SHCHELKOVO,MOSCOW/SHCHELKOVO,USSR,0167-8062,55.8833,38.05,T,491 5150 MOSCOW/SHCHELKOVO 0167-8062 5553-03803 T
A024-L13,A024,496,5150,MOSCOW/VNUKOVO,MOSCOW/VNUKOVO,USSR,0167-8067,55.6,37.2833,R,496 5150 MOSCOW/VNUKOVO 0167-8067 5536-03717 R
A024-L14,A024,24,5167,MOZDOK E,MOZDOK E.,USSR,0325-,43.7167,44.9,R,24 5167 MOZDOK E. 0325- 4343-04454 R
A024-L15,A024,924,5171,MOZYR,MOZYR,USSR,0233-8052,51.9833,29.15,R,924 5171 MOZYR 0233-8052 5159-02909 R
A024-L16,A024,215,5230,MUKACHEVO,MUKACHEVO,USSR,0232-8611,48.4,22.6833,R,215 5230 MUKACHEVO 0232-8611 4824-02241 R
A024-L17,A024,458,5235,MUKDEN N,MUKDEN N. MANCH,China (Manchuria),0290-8016,41.8667,123.4333,S,458 5235 MUKDEN N. MANCH 0290-8016 4152-12326 S
A024-L18,A024,248,5235,MUKDEN S E,MUKDEN S.E. MANCH,China (Manchuria),0290-8014,41.7833,123.5,U,248 5235 MUKDEN S.E. MANCH 0290-8014 4147-12330 U
A024-L19,A024,847,5235,MUKDEN S W,MUKDEN S.W. MANCH,China (Manchuria),0290-8012,41.7667,123.3667,R,847 5235 MUKDEN S.W. MANCH 0290-8012 4146-12322 R
A024-L20,A024,565,5235,MUKDEN W,MUKDEN W. MANCH,China (Manchuria),0290-8015,41.8167,123.3,T,565 5235 MUKDEN W. MANCH 0290-8015 4149-12318 T
A024-L21,A024,1082,52355,MUKSALMA,MUKSALMA,USSR,0091-8637,65.0333,35.9167,R,1082 52355 MUKSALMA 0091-8637 6502-03555 R
A024-L22,A024,604,5240,MURMANSK,MURMANSK,USSR,0051-8601,69.0,33.1167,R,604 5240 MURMANSK 0051-8601 6900-03307 R
A024-L23,A024,60,5240,MURMANSK N E,MURMANSK N.E.,USSR,0051-8628,69.0167,33.3,U,60 5240 MURMANSK N.E. 0051-8628 6901-03318 U
A024-L24,A024,29,5240,MURMANSK/VAYENGA,MURMANSK/VAYENGA,USSR,0051-8627,69.0333,33.4167,T,29 5240 MURMANSK/VAYENGA 0051-8627 6902-03325 T
A024-L25,A024,51,5240,MURMASHI,MURMASHI,USSR,0051-8609,68.8167,32.8,S,51 5240 MURMASHI 0051-8609 6849-03248 S
A024-L26,A024,799,5250,MUROM,MUROM,USSR,0166-8015,55.45,42.3167,R,799 5250 MUROM 0166-8015 5527-04219 R
A024-L27,A024,610,5258,MYS CHELYUSKIN,MYS CHELYUSKIN,USSR,0013-8001,77.7167,104.2667,R,610 5258 MYS CHELYUSKIN 0013-8001 7743-10416 R
A024-L28,A024,26,5261,MYS SHMIDTA,MYS SHMIDTA,USSR,0065-8004,68.8833,-179.4,R,26 5261 MYS SHMIDTA 0065-8004 6853-17924W R
A024-L29,A024,612,5270,MYS ZHELANIYA,MYS ZHELANIYA,USSR,0014-8000,76.9333,68.5167,R,612 5270 MYS ZHELANIYA 0014-8000 7656-06831 R
A024-L30,A024,576A,5334,NAGURSKAYA,NAGURSKAYA,USSR,0011-8002,80.7833,47.55,R,576A 5334 NAGURSKAYA 0011-8002 8047-04733 R
A025-L02,A025,220,7520,NAIRO,NAIRO,USSR,0205-8009,49.1,142.9667,T,220 7520 NAIRO 0205-8009 4906-14258 T
A025-L03,A025,323,5361,NAKICHEVAN,NAKICHEVAN,USSR,0340-8602,39.1833,45.4667,R,323 5361 NAKICHEVAN 0340-8602 3911-04528 R
A025-L04,A025,1001,5362,NAMANGAN,NAMANGAN,USSR,0328-8618,41.0,71.6667,R,1001 5362 NAMANGAN 0328-8618 4100-07140 R
A025-L05,A025,375,81545,NAMSI,"NAMSI, N KOREA",North Korea,0380-8015,39.9333,125.2,S,"375 81545 NAMSI, N KOREA 0380-8015 3956-12512 S"
A025-L06,A025,557,5364,NAN CHANG NEW,"NAN CHANG NEW, CHINA",China,0493-8409,28.6333,115.9167,R,"557 5364 NAN CHANG NEW, CHINA 0493-8409 2838-11555 R"
A025-L07,A025,722A,53645,NAN CHENG,"NAN CHENG, CHINA",China,0384-8408,33.0833,107.05,R,"722A 53645 NAN CHENG, CHINA 0384-8408 3305-10703 R"
A025-L08,A025,216,1153,NAN HAI,"NAN HAI, CHINA",China,0614-8420,23.0833,113.05,R,"216 1153 NAN HAI, CHINA 0614-8420 2305-11303 R"
A025-L09,A025,540,2131,NAN TAI,"NAN TAI, CHINA",China,0499-8401,26.0,119.3167,R,"540 2131 NAN TAI, CHINA 0499-8401 2600-11919 R"
A025-L10,A025,154,6125,NAN YUAN,"NAN YUAN, CHINA",China,0381-8010,39.7833,116.3667,S,"154 6125 NAN YUAN, CHINA 0381-8010 3947-11622 S"
A025-L11,A025,416,5370,NARYAN MAR,NARYAN MAR,USSR,0093-8005,67.6167,53.05,R,416 5370 NARYAN MAR 0093-8005 6737-05303 R
A025-L12,A025,105,0460,NASOSNYY,NASOSNYY,USSR,0325-8690,40.6,49.55,U,105 0460 NASOSNYY 0325-8690 4036-04933 U
A025-L13,A025,591,9620,NAUTSI,NAUTSI,USSR,0051-8612,69.0667,29.1667,R,591 9620 NAUTSI 0051-8612 6904-02910 R
A025-L14,A025,361,5380,NEBIT DAG,NEBIT DAG,USSR,0338-8609,39.5,54.3667,R,361 5380 NEBIT DAG 0338-8609 3930-05422 R
A025-L15,A025,1079,7193,NEFTECHALA,NEFTECHALA,USSR,0339-8610,39.3,49.2,S,1079 7193 NEFTECHALA 0339-8610 3918-04912 S
A025-L16,A025,680,5393,NEN CHIANG N,NEN CHIANG N. MANCH,China (Manchuria),0203-8010,49.2167,125.2667,R,680 5393 NEN CHIANG N. MANCH 0203-8010 4913-12516 R
A025-L17,A025,925,5397,NERCHINSK,NERCHINSK,USSR,0202-8612,52.0,116.5333,R,925 5397 NERCHINSK 0202-8612 5200-11632 R
A025-L18,A025,533,5407,NEUBRANDENBURG,"NEUBRANDENBURG, E GER",East Germany,0169-8223,53.6,13.3167,R,"533 5407 NEUBRANDENBURG, E GER 0169-8223 5336-01319 R"
A025-L19,A025,306,5431,NEURUPPIN,"NEURUPPIN, E GER",East Germany,0169-8294,52.95,12.8,R,"306 5431 NEURUPPIN, E GER 0169-8294 5257-01248 R"
A025-L20,A025,170,5452,NEZHIN,NEZHIN,USSR,0233-8053,51.0833,31.8667,R,170 5452 NEZHIN 0233-8053 5105-03152 R
A025-L21,A025,405,5000,NIKIFOROVKA,NIKIFOROVKA,USSR,0166-8012,52.8833,40.8167,S,405 5000 NIKIFOROVKA 0166-8012 5253-04049 S
A025-L22,A025,83,7942,NIKOLAYEVKA,NIKOLAYEVKA,USSR,0291-8014,43.0833,133.2,U,83 7942 NIKOLAYEVKA 0291-8014 4305-13312 U
A025-L23,A025,780,5490,NIKOLAYEV/KULBAKINO,NIKOLAYEV/KULBAKINO,USSR,0250-8679,46.9333,32.0667,R,780 5490 NIKOLAYEV/KULBAKINO 0250-8679 4656-03204 R
A025-L24,A025,697,5500,NIKOLAYEVSK,NIKOLAYEVSK,USSR,0196-8003,53.15,140.6667,R,697 5500 NIKOLAYEVSK 0196-8003 5309-14040 R
A025-L25,A025,160,1303,NIKOLAYEVSKOYE,NIKOLAYEVSKOYE,USSR,0199-8010,52.3333,117.0167,R,160 1303 NIKOLAYEVSKOYE 0199-8010 5220-11701 R
A025-L26,A025,620,0034,NIVSKIY,NIVSKIY,USSR,0091-8622,67.4333,32.8167,S,620 0034 NIVSKIY 0091-8622 6726-03249 S
A025-L27,A025,30,5508,NIZHNIYE KRESTY,NIZHNIYE KRESTY,USSR,0066-8003,68.75,161.35,R,30 5508 NIZHNIYE KRESTY 0066-8003 6845-16121 R
A025-L28,A025,926,5510,NIZHNIY TAGIL,NIZHNIY TAGIL,USSR,0156-8007,57.9,60.1,R,926 5510 NIZHNIY TAGIL 0156-8007 5754-06006 R
A026-L02,A026,710,5570,NOGINSK,NOGINSK,USSR,0167-8071,55.9167,38.4833,R,710 5570 NOGINSK 0167-8071 5555-03829 R
A026-L03,A026,798,9160,NOVAYA LADOGA,NOVAYA LADOGA,USSR,0102-8011,60.0833,32.3333,R,798 9160 NOVAYA LADOGA 0102-8011 6005-03220 R
A026-L04,A026,1002,5610,NOVGOROD,NOVGOROD,USSR,0153-8071,58.55,31.3333,S,1002 5610 NOVGOROD 0153-8071 5833-03120 S
A026-L05,A026,143,6910,NOVOCHERKASSK,NOVOCHERKASSK,USSR,0249-8047,47.45,40.1333,V,143 6910 NOVOCHERKASSK 0249-8047 4727-04008 V
A026-L06,A026,647A,56202,NOVOCHERKASSKOYE,NOVOCHERKASSKOYE,USSR,0237-8002,51.4333,69.9167,R,647A 56202 NOVOCHERKASSKOYE 0237-8002 5126-06955 R
A026-L07,A026,233,0290,NOVONEZHINO,NOVONEZHINO,USSR,0291-8008,43.2167,132.5833,T,233 0290 NOVONEZHINO 0291-8008 4313-13235 T
A026-L08,A026,654,9220,NOVONIKOLSKOYE,NOVONIKOLSKOYE,USSR,0291-8664,43.8667,131.8667,R,654 9220 NOVONIKOLSKOYE 0291-8664 4352-13152 R
A026-L09,A026,72,0290,NOVOROSSIYSKOYE,NOVOROSSIYSKOYE,USSR,0291-8007,43.35,132.5833,S,72 0290 NOVOROSSIYSKOYE 0291-8007 4321-13235 S
A026-L10,A026,698,5640,NOVOSIBIRSK N,NOVOSIBIRSK N.,USSR,0162-8004,55.0833,82.9,R,698 5640 NOVOSIBIRSK N. 0162-8004 5505-08254 R
A026-L11,A026,681,5640,NOVOSIBIRSK N E,NOVOSIBIRSK N.E.,USSR,0162-8005,55.0833,82.9833,S,681 5640 NOVOSIBIRSK N.E. 0162-8005 5505-08259 S
A026-L12,A026,743,5640,NOVOSIBIRSK W,NOVOSIBIRSK W.,USSR,0162-8006,55.0,82.6833,T,743 5640 NOVOSIBIRSK W. 0162-8006 5500-08241 T
A026-L13,A026,1081,56404,NOVOSUKHOTINO,NOVOSUKHOTINO,USSR,0163-8055,53.85,69.8833,R,1081 56404 NOVOSUKHOTINO 0163-8055 5351-06953 R
A026-L14,A026,781,7390,NOVO SYSOYEVKA,NOVO SYSOYEVKA,USSR,0282-8033,44.2167,133.3667,S,781 7390 NOVO SYSOYEVKA 0282-8033 4413-13322 S
A026-L15,A026,927,56409,NOVOZYBKHOV,NOVOZYBKHOV,USSR,0167-8106,52.5167,32.0,R,927 56409 NOVOZYBKHOV 0167-8106 5231-03200 R
A026-L16,A026,614,56424,NOVYY PORT,NOVYY PORT,USSR,0094-8001,67.6833,72.9,R,614 56424 NOVYY PORT 0094-8001 6741-07254 R
A026-L17,A026,437,56425,NOWE MIASTO,"NOWE MIASTO, POL",Poland,0232-8628,51.6333,20.55,R,"437 56425 NOWE MIASTO, POL 0232-8628 5138-02033 R"
A026-L18,A026,1003,5646,NUKUS,NUKUS,USSR,0327-8008,42.4833,59.6333,R,1003 5646 NUKUS 0327-8008 4229-05938 R
A026-L19,A026,928,5695,OBOR,OBOR,USSR,0204-8640,48.1333,135.7,R,928 5695 OBOR 0204-8640 4808-13542 R
A026-L20,A026,617,5696,OBOZERSKAYA,OBOZERSKAYA,USSR,0102-8014,63.45,40.2833,R,617 5696 OBOZERSKAYA 0102-8014 6327-04017 R
A026-L21,A026,810,5710,ODESSA/FONTAN,ODESSA/FONTAN,USSR,0250-8693,46.4167,30.7,S,810 5710 ODESSA/FONTAN 0250-8693 4625-03042 S
A026-L22,A026,328,5710,ODESSA/TATARKA,ODESSA/TATARKA,USSR,0250-8697,46.45,30.6667,R,328 5710 ODESSA/TATARKA 0250-8697 4627-03040 R
A026-L23,A026,664,0965,OHLAU,"OHLAU, POL",Poland,0232-8224,50.9833,17.25,S,"664 0965 OHLAU, POL 0232-8224 5059-01715 S"
A026-L24,A026,357,5152,OKHA,OKHA,USSR,0196-8005,53.6,142.9667,R,357 5152 OKHA 0196-8005 5336-14258 R
A026-L25,A026,50,5720,OKHOTSK,OKHOTSK,USSR,0131-8004,59.4167,143.0333,R,50 5720 OKHOTSK 0131-8004 5925-14302 R
A026-L26,A026,648A,5724,OKTYABRSKOYE,OKTYABRSKOYE,USSR,0250-8699,45.3,34.1167,R,648A 5724 OKTYABRSKOYE 0250-8699 4518-03407 R
A026-L27,A026,527A,5727,OLEKMINSK,OLEKMINSK,USSR,0125-8005,60.4167,120.4333,R,527A 5727 OLEKMINSK 0125-8005 6025-12026 R
A026-L28,A026,585,4410,OLENYA,OLENYA,USSR,0051-8613,68.1667,33.2833,R,585 4410 OLENYA 0051-8613 6810-03317 R
A027-L03,A027,99,5747,OLONETS/NURNALITSY,OLONETS/NURNALITSY,USSR,0102-8015,61.05,32.9833,R,99 5747 OLONETS/NURNALITSY 0102-8015 6103-03259 R
A027-L04,A027,805,57475,OLOVYANNAYA,OLOVYANNAYA,USSR,0202-8614,51.0167,,R,805 57475 OLOVYANNAYA 0202-8614 5101-1152? R
A027-L05,A027,1004,5750,OMSK,OMSK,USSR,0163-8001,54.95,73.35,R,1004 5750 OMSK 0163-8001 5457-07321 R
A027-L06,A027,950,5750,OMSK E,OMSK E.,USSR,0163-8002,54.95,73.4667,S,950 5750 OMSK E. 0163-8002 5457-07328 S
A027-L07,A027,626,5750,OMSK S W,OMSK S.W.,USSR,0163-8003,54.95,73.3333,T,626 5750 OMSK S.W. 0163-8003 5457-07320 T
A027-L08,A027,586,5770,ONEGA,ONEGA,USSR,0102-8016,,38.1333,R,586 5770 ONEGA 0102-8016 635?-03808 R
A027-L09,A027,95,0685,ORANIENBURG,"ORANIENBURG, E GER",East Germany,0169-8224,52.7333,13.2167,S,"95 0685 ORANIENBURG, E GER 0169-8224 5244-01313 S"
A027-L10,A027,655,5807,ORASUL STALIN,"ORASUL STALIN, RUM",Romania,0251-8011,45.6667,25.6167,R,"655 5807 ORASUL STALIN, RUM 0251-8011 4540-02537 R"
A027-L11,A027,412,9010,ORDZHONIKIDZEVSKAYA,ORDZHONIKIDZEVSKAYA,USSR,0325-8700,43.3167,45.0167,R,412 9010 ORDZHONIKIDZEVSKAYA 0325-8700 4319-04501 R
A027-L12,A027,688,5830,OREL,OREL,USSR,0167-8073,53.0,36.0333,R,688 5830 OREL 0167-8073 5300-03602 R
A027-L13,A027,343,5830,OREL S W,OREL S.W.,USSR,0167-8075,52.9333,36.0,S,343 5830 OREL S.W. 0167-8075 5256-03600 S
A027-L14,A027,435,16991,ORNETA,"ORNETA, POL",Poland,0169-8292,54.1333,20.1,R,"435 16991 ORNETA, POL 0169-8292 5408-02006 R"
A027-L15,A027,730,5840,ORSHA,ORSHA,USSR,0167-8007,54.5,30.4833,R,730 5840 ORSHA 0167-8007 5430-03029 R
A027-L16,A027,2,5840,ORSHA S W,ORSHA S.W.,USSR,0167-8008,54.4333,30.2833,S,2 5840 ORSHA S.W. 0167-8008 5426-03017 S
A027-L17,A027,92,0236,OSH,OSH,USSR,0328-8619,40.55,72.7667,S,92 0236 OSH 0328-8619 4033-07246 S
A027-L18,A027,107,9220,OSINOVKA,OSINOVKA,USSR,0291-8723,44.0167,132.2167,S,107 9220 OSINOVKA 0291-8723 4401-13213 S
A027-L19,A027,632,6360,OSTAFYEVO,OSTAFYEVO,USSR,0167-8056,55.5,37.5167,R,632 6360 OSTAFYEVO 0167-8056 5530-03731 R
A027-L20,A027,10,58975,OSTROV/GOROKHOVO,OSTROV/GOROKHOVO,USSR,0153-8074,57.3,28.4333,R,10 58975 OSTROV/GOROKHOVO 0153-8074 5718-02826 R
A027-L21,A027,608,5903,OSTROV VRAN/SOMNITELNAYA,OSTROV VRAN/SOMNITELNAYA,USSR,0065-8009,70.95,-179.5667,R,608 5903 OSTROV VRAN/SOMNITELNAYA 0065-8009 7057-I7934W R
A027-L22,A027,638,5710,OVIDOPOL,OVIDOPOL,USSR,0250-8754,46.3333,30.5,T,638 5710 OVIDOPOL 0250-8754 4620-03030 T
A027-L23,A027,1083,5943,OYMYAKON,OYMYAKON,USSR,0123-8002,63.4667,142.8167,R,1083 5943 OYMYAKON 0123-8002 6328-14249 R
A027-L24,A027,1005,59604,OZERO,OZERO,USSR,0168-8643,53.6333,27.4333,R,1005 59604 OZERO 0168-8643 5338-02726 R
A027-L25,A027,101,5961,OZERO KULPYAVR,OZERO KULPYAVR,USSR,0051-8615,69.1,32.4,R,101 5961 OZERO KULPYAVR 0051-8615 6906-03224 R
A027-L26,A027,618,59615,OZERO TAVAJARVI,OZERO TAVAJARVI,USSR,0091-8626,66.1,30.1,R,618 59615 OZERO TAVAJARVI 0091-8626 6606-03006 R
A027-L27,A027,855,6017,PADALI,PADALI,USSR,0204-8642,50.2167,136.6667,R,855 6017 PADALI 0204-8642 5013-13640 R
A027-L28,A027,862A,1437,PAI SHIH I,"PAI SHIH I, CHINA",China,0495-8413,29.4833,106.35,R,"862A 1437 PAI SHIH I, CHINA 0495-8413 2929-10621 R"
A027-L29,A027,348,3660,PALANGA,PALANGA,USSR,0168-8644,55.9333,,R,348 3660 PALANGA 0168-8644 5556-0210? R
A028-L02,A028,152,6020,PALDISKI/KLOOGA,PALDISKI/KLOOGA,USSR,0153-8079,59.3167,24.2667,R,152 6020 PALDISKI/KLOOGA 0153-8079 5919-02416 R
A028-L03,A028,103,6020,PALDISKI/VASALEMMA,PALDISKI/VASALEMMA,USSR,0153-8082,59.2667,24.2167,S,103 6020 PALDISKI/VASALEMMA 0153-8082 5916-02413 S
A028-L04,A028,1006,3660,PALIEPGIRIAI,PALIEPGIRIAI,USSR,0168-8645,55.9667,21.1,T,1006 3660 PALIEPGIRIAI 0168-8645 5558-02106 T
A028-L05,A028,40,6030,PANEVEZYS,PANEVEZYS,USSR,0168-8646,55.7333,24.4667,R,40 6030 PANEVEZYS 0168-8646 5544-02428 R
A028-L06,A028,682,6031,PANG FOU,"PANG FOU, CHINA",China,0386-8410,32.9333,117.3667,R,"682 6031 PANG FOU, CHINA 0386-8410 3256-11722 R"
A028-L07,A028,218,6034,PAPA,"PAPA, HUNG",Hungary,0252-8049,47.3667,17.5,R,"218 6034 PAPA, HUNG 0252-8049 4722-01730 R"
A028-L08,A028,1007,4162,PARAFIANOVO,PARAFIANOVO,USSR,0168-8647,54.9167,27.55,R,1007 4162 PARAFIANOVO 0168-8647 5455-02733 R
A028-L09,A028,228,6043,PARCHIM,"PARCHIM, E GER",East Germany,0170-8075,53.4333,11.7833,R,"228 6043 PARCHIM, E GER 0170-8075 5326-01147 R"
A028-L10,A028,383,6045,PARDUBICE,"PARDUBICE, CZECH",Czechoslovakia,0231-8105,50.0167,15.7333,R,"383 6045 PARDUBICE, CZECH 0231-8105 5001-01544 R"
A028-L11,A028,78,6600,PARNU,PARNU,USSR,0153-8083,58.4,24.4833,R,78 6600 PARNU 0153-8083 5824-02429 R
A028-L12,A028,929,6068,PAVLODAR,PAVLODAR,USSR,0162-8007,52.3,76.9667,R,929 6068 PAVLODAR 0162-8007 5218-07658 R
A028-L13,A028,54,6080,PECHENGA,PECHENGA,USSR,0051-8616,69.4,31.0,R,54 6080 PECHENGA 0051-8616 6924-03100 R
A028-L14,A028,261,6095,PEENEMUNDE,"PEENEMUNDE, E GER",East Germany,0169-8225,54.1667,13.7667,R,"261 6095 PEENEMUNDE, E GER 0169-8225 5410-01346 R"
A028-L15,A028,1031,12155,PENG SHAN,"PENG SHAN, CHINA",China,0495-8415,30.15,103.85,T,"1031 12155 PENG SHAN, CHINA 0495-8415 3009-10351 T"
A028-L16,A028,510,54355,PENKUHL,"PENKUHL, POL",Poland,0169-8615,53.8667,17.0,S,"510 54355 PENKUHL, POL 0169-8615 5352-01700 S"
A028-L17,A028,633,6170,PERESLAVL ZALESSKIY,PERESLAVL ZALESSKIY,USSR,0154-8037,56.7167,38.8167,R,633 6170 PERESLAVL ZALESSKIY 0154-8037 5643-03849 R
A028-L18,A028,782,61765,PERVOMAYSK,PERVOMAYSK,USSR,0233-8057,48.1,30.8667,R,782 61765 PERVOMAYSK 0233-8057 4806-03052 R
A028-L19,A028,812,7430,PESCHANOYE,PESCHANOYE,USSR,0250-8603,44.85,33.6167,S,812 7430 PESCHANOYE 0250-8603 4451-03337 S
A028-L20,A028,915,4490,PETRODVORETS,PETRODVORETS,USSR,0153-8056,59.8833,29.9,RE,915 4490 PETRODVORETS 0153-8056 5953-02954 RE
A028-L21,A028,204,6210,PETROPAVLOVSK/KHUTOR,PETROPAVLOVSK/KHUTOR,USSR,0194-8014,53.1667,158.3833,R,204 6210 PETROPAVLOVSK/KHUTOR 0194-8014 5310-15823 R
A028-L22,A028,113,6210,PETROPAVLOVSK/KORYAKI,PETROPAVLOVSK/KORYAKI,USSR,0194-8006,53.2667,158.1833,T,113 6210 PETROPAVLOVSK/KORYAKI 0194-8006 5316-15811 T
A028-L23,A028,112,6210,PETROPAVLOVSK/SEV KORYAKI,PETROPAVLOVSK/SEV KORYAKI,USSR,0194-8009,53.3,158.2667,U,112 6210 PETROPAVLOVSK/SEV KORYAKI 0194-8009 5318-15816 U
A028-L24,A028,114,6210,PETROPAVLOVSK/YELIZOVO,PETROPAVLOVSK/YELIZOVO,USSR,0194-8007,53.1667,158.4833,S,114 6210 PETROPAVLOVSK/YELIZOVO 0194-8007 5310-15829 S
A028-L25,A028,671,0290,PETROVKA,PETROVKA,USSR,0291-8633,43.1667,132.4,U,671 0290 PETROVKA 0291-8633 4310-13224 U
A028-L26,A028,641,6228,PETROVSK,PETROVSK,USSR,0166-8019,52.3167,45.4833,R,641 6228 PETROVSK 0166-8019 5219-04529 R
A028-L27,A028,602,6240,PETROZAVODSK,PETROZAVODSK,USSR,0102-8018,61.8333,34.3,R,602 6240 PETROZAVODSK 0102-8018 6150-03418 R
A028-L28,A028,55,6240,PETROZAVODSK N W,PETROZAVODSK N.W.,USSR,0102-8020,61.8833,34.15,S,55 6240 PETROZAVODSK N.W. 0102-8020 6153-03409 S
A029-L03,A029,593,6242,PEVEK,PEVEK,USSR,0065-8007,69.7,170.3333,R,593 6242 PEVEK 0065-8007 6942-17020 R
A029-L04,A029,889,5605,PIESTANY,"PIESTANY, CZECH",Czechoslovakia,0232-8259,48.6167,17.8333,R,"889 5605 PIESTANY, CZECH 0232-8259 4837-01750 R"
A029-L05,A029,978,2611,PING FANG,"PING FANG, MANCH",China (Manchuria),0283-8011,45.6,126.6333,U,"978 2611 PING FANG, MANCH 0283-8011 4536-12638 U"
A029-L06,A029,1008,62722,PINSK,PINSK,USSR,0168-8648,52.15,26.1333,R,1008 62722 PINSK 0168-8648 5209-02608 R
A029-L07,A029,802,62722,PINSK W,PINSK W.,USSR,0168-8649,52.1167,25.9667,S,802 62722 PINSK W. 0168-8649 5207-02558 S
A029-L08,A029,329,0188,PIRSAGAT,PIRSAGAT,USSR,0339-8611,39.85,49.35,S,329 0188 PIRSAGAT 0339-8611 3951-04921 S
A029-L09,A029,725,2403,PIRYATIN,PIRYATIN,USSR,0233-8059,50.15,32.55,R,725 2403 PIRYATIN 0233-8059 5009-03233 R
A029-L10,A029,783,6315,PLOESTI/TARGSORUL NOU RU,"PLOESTI/TARGSORUL NOU, RU",USSR,0251-8031,44.9167,25.8833,R,"783 6315 PLOESTI/TARGSORUL NOU, RU 0251-8031 4455-02553 R"
A029-L11,A029,818,6325,PLOVDIV,"PLOVDIV, BULG",Bulgaria,0322-8036,42.1333,24.7833,R,"818 6325 PLOVDIV, BULG 0322-8036 4208-02447 R"
A029-L12,A029,8,6340,POCHINOK,POCHINOK,USSR,0167-8009,54.3333,32.4833,R,8 6340 POCHINOK 0167-8009 5420-03229 R
A029-L13,A029,769,6340,POCHINOK S E,POCHINOK S.E.,USSR,0167-8010,54.3667,32.55,S,769 6340 POCHINOK S.E. 0167-8010 5422-03233 S
A029-L14,A029,930,6360,PODOLSK/DUBROVITSY,PODOLSK/DUBROVITSY,USSR,0167-8077,55.4167,37.4833,S,930 6360 PODOLSK/DUBROVITSY 0167-8077 5525-03729 S
A029-L15,A029,651,9220,POKROVKA,POKROVKA,USSR,0291-8635,43.95,131.6667,W,651 9220 POKROVKA 0291-8635 4357-13140 W
A029-L16,A029,190,6378,POLESSK,POLESSK,USSR,0168-8650,54.85,21.15,R,190 6378 POLESSK 0168-8650 5451-02109 R
A029-L17,A029,1009,7510,POLONNOYE,POLONNOYE,USSR,0233-8050,50.0667,27.5667,R,1009 7510 POLONNOYE 0233-8050 5004-02734 R
A029-L18,A029,797,6390,POLOTSK,POLOTSK,USSR,0168-8651,55.5,28.75,R,797 6390 POLOTSK 0168-8651 5530-02845 R
A029-L19,A029,7,6410,POLTAVA,POLTAVA,USSR,0234-8075,49.6167,34.5,R,7 6410 POLTAVA 0234-8075 4937-03430 R
A029-L20,A029,1010,91555,POLTSAMAA,POLTSAMAA,USSR,0153-8087,58.65,25.9333,S,1010 91555 POLTSAMAA 0153-8087 5839-02556 S
A029-L21,A029,590,6422,PONOY,PONOY,USSR,0092-8027,67.1,41.1333,R,590 6422 PONOY 0092-8027 6706-04108 R
A029-L22,A029,129,6441,POSTAVY,POSTAVY,USSR,0168-8652,55.1167,26.7667,R,129 6441 POSTAVY 0168-8652 5507-02646 R
A029-L23,A029,71,6482,POWIDZ,"POWIDZ, POL",Poland,0169-8629,52.3833,17.8333,R,"71 6482 POWIDZ, POL 0169-8629 5223-01750 R"
A029-L24,A029,840,6483,POZDEYEVKA,POZDEYEVKA,USSR,0203-8628,50.5833,128.9667,R,840 6483 POZDEYEVKA 0203-8628 5035-12858 R
A029-L25,A029,269,6485,POZNAN/KRZESINY,"POZNAN/KRZESINY, POL",Poland,0169-8256,52.3333,16.9667,T,"269 6485 POZNAN/KRZESINY, POL 0169-8256 5220-01658 T"
A029-L26,A029,648,6485,POZNAN/LAWICA,"POZNAN/LAWICA, POL",Poland,0169-8268,52.4167,16.8333,R,"648 6485 POZNAN/LAWICA, POL 0169-8268 5225-01650 R"
A029-L27,A029,273,6493,PRAGUE/KBELY,"PRAGUE/KBELY, CZECH",Czechoslovakia,0231-8108,50.1167,14.55,R,"273 6493 PRAGUE/KBELY, CZECH 0231-8108 5007-01433 R"
A029-L28,A029,489,6493,PRAGUE/RUZYNE,"PRAGUE/RUZYNE, CZECH",Czechoslovakia,0231-8110,50.1,14.2833,S,"489 6493 PRAGUE/RUZYNE, CZECH 0231-8110 5006-01417 S"
A029-L29,A029,541,6493,PRAGUE/VODOCHODY,"PRAGUE/VODOCHODY, CZECH",Czechoslovakia,0231-8156,50.2167,14.4,T,"541 6493 PRAGUE/VODOCHODY, CZECH 0231-8156 5013-01424 T"
A030-L03,A030,138,5745,PREROV,"PREROV, CZECH",Czechoslovakia,0232-8261,49.4333,17.4,R,"138 5745 PREROV, CZECH 0232-8261 4926-01724 R"
A030-L04,A030,455,1390,PREUSSISCH FRIEDLAND,"PREUSSISCH FRIEDLAND, POL",Poland,0169-8312,53.5333,17.2667,R,"455 1390 PREUSSISCH FRIEDLAND, POL 0169-8312 5332-01716 R"
A030-L05,A030,1011,0189,PRIENAI,PRIENAI,USSR,0168-8653,54.65,24.05,T,1011 0189 PRIENAI 0168-8653 5439-02403 T
A030-L06,A030,5,6526,PRILUKI,PRILUKI,USSR,0233-8061,50.5667,32.3167,R,5 6526 PRILUKI 0233-8061 5034-03219 R
A030-L07,A030,765,6540,PROSKUROV,PROSKUROV,USSR,0233-8062,49.4,27.0167,R,765 6540 PROSKUROV 0233-8062 4924-02701 R
A030-L08,A030,28,6550,PROVIDENIYA/URELIK,PROVIDENIYA/URELIK,USSR,0075-8018,64.4,-173.2167,R,28 6550 PROVIDENIYA/URELIK 0075-8018 6424-17313W R
A030-L09,A030,390,2255,PRUSZCZ,"PRUSZCZ, POL",Poland,0169-8296,54.25,18.6667,S,"390 2255 PRUSZCZ, POL 0169-8296 5415-01840 S"
A030-L10,A030,330,6556,PRUZHANY,PRUZHANY,USSR,0168-8655,52.5667,24.4667,R,330 6556 PRUZHANY 0168-8655 5234-02428 R
A030-L11,A030,849,14442,PRZASNYSZ,"PRZASNYSZ, POL",Poland,0169-8269,53.0,20.9333,S,"849 14442 PRZASNYSZ, POL 0169-8269 5300-02056 S"
A030-L12,A030,440,6560,PSKOV,PSKOV,USSR,0153-8080,57.7833,28.3833,R,440 6560 PSKOV 0153-8080 5747-02823 R
A030-L13,A030,1084,6560,PSKOV W,PSKOV W.,USSR,0153-8145,57.8,28.2333,S,1084 6560 PSKOV W. 0153-8145 5748-02814 S
A030-L14,A030,525,6615,PUCK CHANG,"PUCK CHANG, N KOREA",North Korea,0380-0457,39.5,125.9667,S,"525 6615 PUCK CHANG, N KOREA 0380-0457 3930-12558 S"
A030-L15,A030,1085,5872,PUKHOVICHI,PUKHOVICHI,USSR,0168-8656,53.5333,28.2667,R,1085 5872 PUKHOVICHI 0168-8656 5332-02816 R
A030-L16,A030,144,72155,PU LAN TIEN,"PU LAN TIEN, MANCH",China (Manchuria),0381-8004,39.45,122.0167,R,"144 72155 PU LAN TIEN, MANCH 0381-8004 3927-12201 R"
A030-L17,A030,188,72155,PU LAN TIEN S,PU LAN TIEN S. MANCH,China (Manchuria),0381-8445,39.3167,121.9667,S,188 72155 PU LAN TIEN S. MANCH 0381-8445 3919-12158 S
A030-L18,A030,98,4490,PUSHKIN,PUSHKIN,USSR,0153-8058,59.6833,30.35,R,98 4490 PUSHKIN 0153-8058 5941-03021 R
A030-L19,A030,366,6905,PUTNITZ,"PUTNITZ, E GER",East Germany,0169-8227,54.2667,12.45,R,"366 6905 PUTNITZ, E GER 0169-8227 5416-01227 R"
A030-L20,A030,217,6615,PYONGNI,"PYONGNI, N KOREA",North Korea,0380-8436,39.4167,125.8833,R,"217 6615 PYONGNI, N KOREA 0380-8436 3925-12553 R"
A030-L21,A030,365,6616,PYONGYANG E,PYONGYANG E. N KOREA,North Korea,0380-8009,39.0167,125.85,R,365 6616 PYONGYANG E. N KOREA 0380-8009 3901-12551 R
A030-L22,A030,508,6705,RADOM/SADKOW,"RADOM/SADKOW, POL",Poland,0232-8227,51.3833,21.2167,R,"508 6705 RADOM/SADKOW, POL 0232-8227 5123-02113 R"
A030-L23,A030,731,47615,RADZYN,"RADZYN, POL",Poland,0232-8228,51.75,22.6333,R,"731 47615 RADZYN, POL 0232-8228 5145-02238 R"
A030-L24,A030,296,82564,RAKVERE,RAKVERE,USSR,0153-8091,59.3667,26.35,R,296 82564 RAKVERE 0153-8091 5922-02621 R
A030-L25,A030,67,67239,RAMENSKOYE,RAMENSKOYE,USSR,0167-8059,55.5667,38.1333,R,67 67239 RAMENSKOYE 0167-8059 5534-03808 R
A030-L26,A030,720,39205,RASTENBURG,"RASTENBURG, POL",Poland,0168-8206,54.0667,21.4333,R,"720 39205 RASTENBURG, POL 0168-8206 5404-02126 R"
A030-L27,A030,877,3798,RAUKHOVKA,RAUKHOVKA,USSR,0250-3704,47.15,30.8,R,877 3798 RAUKHOVKA 0250-3704 4709-03048 R
A030-L28,A030,393,1065,RAVNETS,"RAVNETS, BULG",Bulgaria,0323-8030,42.5333,27.2667,R,"393 1065 RAVNETS, BULG 0323-8030 4232-02716 R"
A030-L29,A030,1012,67598,RECHITSA,RECHITSA,USSR,0167-8103,52.35,30.35,R,1012 67598 RECHITSA 0167-8103 5221-03021 R
A031-L02,A031,262,9483,RECHLIN/LARZ,"RECHLIN/LARZ, E GER",East Germany,0169-8231,53.3,12.75,S,"262 9483 RECHLIN/LARZ, E GER 0169-8231 5318-01245 S"
A031-L03,A031,1110,9670,REDKINO,REDKINO,USSR,0167-8100,52.5333,38.0667,S,1110 9670 REDKINO 0167-8100 5232-03804 S
A031-L04,A031,629,7704,RELBITSY,RELBITSY,USSR,0153-8109,58.0667,30.0833,S,629 7704 RELBITSY 0153-8109 5804-03005 S
A031-L05,A031,943,9320,REMPETI,REMPETI,USSR,0103-8613,60.4667,28.7667,S,943 9320 REMPETI 0103-8613 6028-02846 S
A031-L06,A031,461,6830,RIGA/SALASPILS,RIGA/SALASPILS,USSR,0153-8094,56.8667,24.3333,V,461 6830 RIGA/SALASPILS 0153-8094 5652-02420 V
A031-L07,A031,699,6830,RIGA/SKIROTAVA,RIGA/SKIROTAVA,USSR,0153-8095,56.8833,24.2167,T,699 6830 RIGA/SKIROTAVA 0153-8095 5653-02413 T
A031-L08,A031,191,6830,RIGA/SPILVE,RIGA/SPILVE,USSR,0153-8096,56.9833,24.0833,S,191 6830 RIGA/SPILVE 0153-8096 5659-02405 S
A031-L09,A031,149,6830,RIGA W,RIGA W.,USSR,0153-8098,56.9167,23.9833,R,149 6830 RIGA W. 0153-8098 5655-02359 R
A031-L10,A031,109,0290,ROMANOVKA,ROMANOVKA,USSR,0291-8006,43.25,132.45,X,109 0290 ROMANOVKA 0291-8006 4315-13227 X
A031-L11,A031,110,0290,ROMANOVKA W,ROMANOVKA W.,USSR,0291-8675,43.2333,132.3167,RM,110 0290 ROMANOVKA W. 0291-8675 4314-13219 RM
A031-L12,A031,123,22495,ROPSHA,ROPSHA,USSR,0153-8099,59.7167,29.8333,S,123 22495 ROPSHA 0153-8099 5943-02950 S
A031-L13,A031,324,9162,ROSS,ROSS,USSR,0168-8662,53.3,24.3667,R,324 9162 ROSS 0168-8662 5318-02422 R
A031-L14,A031,1013,6897,ROSSOSH,ROSSOSH,USSR,0234-8054,50.1333,39.6833,R,1013 6897 ROSSOSH 0234-8054 5008-03941 R
A031-L15,A031,841,6910,ROSTOV E,ROSTOV E.,USSR,0249-8250,47.25,39.8167,T,841 6910 ROSTOV E. 0249-8250 4715-03949 T
A031-L16,A031,860,6910,ROSTOV N,ROSTOV N.,USSR,0249-8249,47.25,39.75,S,860 6910 ROSTOV N. 0249-8249 4715-03945 S
A031-L17,A031,290,6910,ROSTOV N W,ROSTOV N.W.,USSR,0249-8251,47.2833,39.6333,R,290 6910 ROSTOV N.W. 0249-8251 4717-03938 R
A031-L18,A031,122,5465,ROTHENBURG,"ROTHENBURG, E GER",East Germany,0231-8171,51.3667,14.95,R,"122 5465 ROTHENBURG, E GER 0231-8171 5122-01457 R"
A031-L19,A031,875,7660,ROTMISTROVKA,ROTMISTROVKA,USSR,0233-8063,49.1333,31.6833,R,875 7660 ROTMISTROVKA 0233-8063 4908-03141 R
A031-L20,A031,1086,6923,ROVENKI,ROVENKI,USSR,0234-8055,48.0833,39.45,R,1086 6923 ROVENKI 0234-8055 4805-03927 R
A031-L21,A031,1087,6925,ROVNO,ROVNO,USSR,0233-8064,50.6,26.15,R,1087 6925 ROVNO 0233-8064 5036-02609 R
A031-L22,A031,1088,6994,RUCHI,RUCHI,USSR,0092-8029,66.0167,41.1333,R,1088 6994 RUCHI 0092-8029 6601-04108 R
A031-L23,A031,511,1515,RUDNIKI,"RUDNIKI, POL",Poland,0232-8229,50.8833,19.2,R,"511 1515 RUDNIKI, POL 0232-8229 5053-01912 R"
A031-L24,A031,168,7060,RYAZAN/DYAGILEVO,RYAZAN/DYAGILEVO,USSR,0166-8027,54.6333,39.5833,R,168 7060 RYAZAN/DYAGILEVO 0166-8027 5438-03935 R
A031-L25,A031,642,7070,RYAZHSK,RYAZHSK,USSR,0166-8028,53.7,40.0167,R,642 7070 RYAZHSK 0166-8028 5342-04001 R
A031-L26,A031,1089,7072,RYBACHIY,RYBACHIY,USSR,0169-8614,55.1667,20.85,R,1089 7072 RYBACHIY 0169-8614 5510-02051 R
A031-L27,A031,825,7095,RZEZOW/JASIONKA,"RZEZOW/JASIONKA, POL",Poland,0232-8230,50.1,22.05,R,"825 7095 RZEZOW/JASIONKA, POL 0232-8230 5006-02203 R"
A031-L28,A031,547,7100,RZHEV,RZHEV,USSR,0154-8039,56.2667,34.4,R,547 7100 RZHEV 0154-8039 5616-03424 R
A032-L02,A032,431,7160,SAAMCHAM,"SAAMCHAM, N KOREA",North Korea,0380-8016,39.75,125.9,R,"431 7160 SAAMCHAM, N KOREA 0380-8016 3945-12554 R"
A032-L03,A032,391,5455,SAGAN,"SAGAN, POL",Poland,0231-8090,51.6333,15.4,S,"391 5455 SAGAN, POL 0231-8090 5138-01524 S"
A032-L04,A032,32,9695,SAKI,SAKI,USSR,0250-8708,45.0833,33.6,R,32 9695 SAKI 0250-8708 4505-03336 R
A032-L05,A032,370,71825,SAKKOLA,SAKKOLA,USSR,0103-8614,60.7333,30.1167,R,370 71825 SAKKOLA 0103-8614 6044-03007 R
A032-L06,A032,615,71845,SALEKHARD,SALEKHARD,USSR,0094-8002,66.5167,66.65,R,615 71845 SALEKHARD 0094-8002 6631-06639 R
A032-L07,A032,616,3797,SALMIYARVI,SALMIYARVI,USSR,0051-8619,69.3333,29.9833,R,616 3797 SALMIYARVI 0051-8619 6920-02959 R
A032-L08,A032,784,7190,SALSK,SALSK,USSR,0249-8055,46.45,41.4833,R,784 7190 SALSK 0249-8055 4627-04129 R
A032-L09,A032,336,7193,SALYANY,SALYANY,USSR,0339-8614,39.65,49.0,R,336 7193 SALYANY 0339-8614 3939-04900 R
A032-L10,A032,116,7200,SAMARKAND,SAMARKAND,USSR,0336-8627,39.7,66.9667,R,116 7200 SAMARKAND 0336-8627 3942-06658 R
A032-L11,A032,433,1780,SAMBOR,SAMBOR,USSR,0232-8617,49.55,23.3333,S,433 1780 SAMBOR 0232-8617 4933-02320 S
A032-L12,A032,39,7210,SAMTREDIA E,SAMTREDIA E.,USSR,0324-8641,42.1833,42.4667,T,39 7210 SAMTREDIA E. 0324-8641 4211-04228 T
A032-L13,A032,193,7210,SAMTREDIA N,SAMTREDIA N.,USSR,0324-8634,42.25,42.3333,S,193 7210 SAMTREDIA N. 0324-8634 4215-04220 S
A032-L14,A032,931,72115,SANDAGOU,SANDAGOU,USSR,0282-8681,44.0833,133.8667,R,931 72115 SANDAGOU 0282-8681 4405-13352 R
A032-L15,A032,382,72118,SANGACHALY,SANGACHALY,USSR,0325-8740,40.1667,49.4667,R,382 72118 SANGACHALY 0325-8740 4010-04928 R
A032-L16,A032,398,72155,SAN SHIH LI PU,"SAN SHIH LI PU, MANCH",China (Manchuria),0381-8001,39.2833,121.7667,U,"398 72155 SAN SHIH LI PU, MANCH 0381-8001 3917-12146 U"
A032-L17,A032,74,7600,SARABUZ,SARABUZ,USSR,0250-8720,45.1167,33.9833,R,74 7600 SARABUZ 0250-8720 4507-03359 R
A032-L18,A032,334,0307,SARATA,SARATA,USSR,0250-8750,46.05,29.65,S,334 0307 SARATA 0250-8750 4603-02939 S
A032-L19,A032,470,7250,SARATOV S,SARATOV S.,USSR,0235-8021,51.4833,45.95,S,470 7250 SARATOV S. 0235-8021 5129-04557 S
A032-L20,A032,881,7250,SARATOV W,SARATOV W.,USSR,0235-8022,51.5333,45.85,X,881 7250 SARATOV W. 0235-8022 5132-04551 X
A032-L21,A032,842,7255,SARGOL S E,SARGOL S.E.,USSR,0204-8008,51.1333,136.5833,R,842 7255 SARGOL S.E. 0204-8008 5108-13635 R
A032-L22,A032,270,9788,SARMELLEK,"SARMELLEK, HUNG",Hungary,0252-8080,46.6833,17.15,R,"270 9788 SARMELLEK, HUNG 0252-8080 4641-01709 R"
A032-L23,A032,760,7271,SATU MARE,"SATU MARE, RUM",Romania,0251-8035,47.7167,22.8833,R,"760 7271 SATU MARE, RUM 0251-8035 4743-02253 R"
A032-L24,A032,700,73255,SCHNEIDEMUHL W,SCHNEIDEMUHL W. POL,Poland,0169-8274,53.1667,16.7167,R,700 73255 SCHNEIDEMUHL W. POL 0169-8274 5310-01643 R
A032-L25,A032,656,0685,SCHONEFELD,"SCHONEFELD, E GER",East Germany,0169-8233,52.3833,13.5167,R,"656 0685 SCHONEFELD, E GER 0169-8233 5223-01331 R"
A032-L26,A032,846,9365,SCHWEIDNITZ E,SCHWEIDNITZ E. POL,Poland,0232-8232,50.85,16.5167,R,846 9365 SCHWEIDNITZ E. POL 0232-8232 5051-01631 R
A032-L27,A032,388,3927,SEEGER,"SEEGER, POL",Poland,0169-8308,54.05,16.2667,R,"388 3927 SEEGER, POL 0169-8308 5403-01616 R"
A032-L28,A032,1015,7380,SEGEZHA,SEGEZHA,USSR,0102-8023,63.7667,34.2833,R,1015 7380 SEGEZHA 0102-8023 6346-03417 R
A033-L05,A033,882,6160,SELIKSA,SELIKSA,USSR,0166-8032,53.2667,45.2833,S,882 6160 SELIKSA 0166-8032 5316-04517 S
A033-L06,A033,756,7390,SEMENOVKA,SEMENOVKA,USSR,0282-8031,44.15,133.2667,RA,756 7390 SEMENOVKA 0282-8031 4409-13316 RA
A033-L07,A033,69,7392,SEMIPALATINSK,SEMIPALATINSK,USSR,0239-8602,50.35,80.2833,R,69 7392 SEMIPALATINSK 0239-8602 5021-08017 R
A033-L08,A033,244,5730,SERAFIMOVKA,SERAFIMOVKA,USSR,0291-8639,43.8833,135.2167,R,244 5730 SERAFIMOVKA 0291-8639 4353-13513 R
A033-L09,A033,183,7942,SERGEYEVKA S,SERGEYEVKA S.,USSR,0291-8641,43.3167,133.3333,S,183 7942 SERGEYEVKA S. 0291-8641 4319-13320 S
A033-L10,A033,575,7410,SERPUKHOV,SERPUKHOV,USSR,0167-8080,54.9,37.3833,R,575 7410 SERPUKHOV 0167-8080 5454-03723 R
A033-L11,A033,627,7415,SERYSHEVO,SERYSHEVO,USSR,0203-8630,51.1167,128.35,R,627 7415 SERYSHEVO 0203-8630 5107-12821 R
A033-L12,A033,9,7418,SESHCHA,SESHCHA,USSR,0167-8083,53.7167,33.35,R,9 7418 SESHCHA 0167-8083 5343-03321 R
A033-L13,A033,1090,7430,SEVASTOPOL,SEVASTOPOL,USSR,0250-8710,44.5833,33.5167,R,1090 7430 SEVASTOPOL 0250-8710 4435-03331 R
A033-L14,A033,118,7430,SEVASTOPOL/BELBEK,SEVASTOPOL/BELBEK,USSR,0250-8656,44.6833,33.5667,V,118 7430 SEVASTOPOL/BELBEK 0250-8656 4441-03334 V
A033-L15,A033,331,7430,SEVASTOPOL/KHERSONES,SEVASTOPOL/KHERSONES,USSR,0250-8714,44.5667,33.4,T,331 7430 SEVASTOPOL/KHERSONES 0250-8714 4434-03324 T
A033-L16,A033,61,7457,SEYMCHAN,SEYMCHAN,USSR,0122-8000,62.8833,152.4167,R,61 7457 SEYMCHAN 0122-8000 6253-15225 R
A033-L17,A033,137,7459,SHABSKIY,SHABSKIY,USSR,0328-8633,40.2333,68.9,S,137 7459 SHABSKIY 0328-8633 4014-06854 S
A033-L18,A033,932,7500,SHCHERBAKOV,SHCHERBAKOV,USSR,0154-8042,58.0,38.8333,R,932 7500 SHCHERBAKOV 0154-8042 5800-03850 R
A033-L19,A033,121,7501,SHCHUCHIN,SHCHUCHIN,USSR,0168-8688,53.6,24.7667,R,121 7501 SHCHUCHIN 0168-8688 5336-02446 R
A033-L20,A033,158,7517,SHIH MEN,"SHIH MEN, CHINA",China,0382-8410,38.0667,114.4167,R,"158 7517 SHIH MEN, CHINA 0382-8410 3804-11425 R"
A033-L21,A033,200,0290,SHKOTOVO,SHKOTOVO,USSR,0291-8643,43.3167,132.4333,RB,200 0290 SHKOTOVO 0291-8643 4319-13226 RB
A033-L22,A033,607,5240,SHONGUY,SHONGUY,USSR,0051-8620,68.75,33.15,X,607 5240 SHONGUY 0051-8620 6845-03309 X
A033-L23,A033,686,75603,SHUANG CHENG,"SHUANG CHENG, MANCH",China (Manchuria),0283-8005,45.4,126.2833,R,"686 75603 SHUANG CHENG, MANCH 0283-8005 4524-12617 R"
A033-L24,A033,830A,12155,SHUANG LIU,"SHUANG LIU, CHINA",China,0495-8417,30.5667,103.95,Y,"830A 12155 SHUANG LIU, CHINA 0495-8417 3034-10357 Y"
A033-L25,A033,1077A,28348,SHUI KOU,"SHUI KOU, CHINA",China,0614-8422,23.05,114.5833,R,"1077A 28348 SHUI KOU, CHINA 0614-8422 2303-11435 R"
A033-L26,A033,226,7430,SHULI,SHULI,USSR,0250-8762,44.5833,33.75,W,226 7430 SHULI 0250-8762 4435-03345 W
A033-L27,A033,77,7562,SIAULIAI,SIAULIAI,USSR,0168-8664,55.9,23.3833,R,77 7562 SIAULIAI 0168-8664 5554-02323 R
A033-L28,A033,399,7562,SIAULIAI N,SIAULIAI N.,USSR,0168-8691,55.9833,23.35,T,399 7562 SIAULIAI N. 0168-8691 5559-02321 T
A033-L29,A033,1014,7562,SIAULIAI W,SIAULIAI W.,USSR,0168-8665,55.9333,23.1167,S,1014 7562 SIAULIAI W. 0168-8665 5556-02307 S
A033-L30,A033,752,7563,SIBIU/TURNISOR,"SIBIU/TURNISOR, RUM",Romania,0251-8036,45.7833,24.0833,R,"752 7563 SIBIU/TURNISOR, RUM 0251-8036 4547-02405 R"
A033-L31,A033,625,7600,SIMFEROPOL,SIMFEROPOL,USSR,0250-8007,44.9333,34.0667,S,625 7600 SIMFEROPOL 0250-8007 4456-03404 S
A034-L03,A034,266,2060,SIMMATZIG,"SIMMATZIG, POL",Poland,0169-8311,53.7833,15.8333,R,"266 2060 SIMMATZIG, POL 0169-8311 5347-01550 R"
A034-L04,A034,728,02495,SINUIJU,"SINUIJU, N KOREA",North Korea,0290-8006,40.0833,124.4167,T,"728 02495 SINUIJU, N KOREA 0290-8006 4005-12425 T"
A034-L05,A034,381,76125,SIVERSKIY,SIVERSKIY,USSR,0153-8107,59.35,30.05,R,381 76125 SIVERSKIY 0153-8107 5921-03003 R
A034-L06,A034,500,0535,SLIAC,"SLIAC, CZECH",Czechoslovakia,0232-8272,48.6333,19.1333,R,"500 0535 SLIAC, CZECH 0232-8272 4838-01908 R"
A034-L07,A034,933,7653,SLONIM,SLONIM,USSR,0168-8667,53.05,25.25,R,933 7653 SLONIM 0168-8667 5303-02515 R
A034-L08,A034,813,7655,SLUTSK,SLUTSK,USSR,0168-8689,53.05,27.55,R,813 7655 SLUTSK 0168-8689 5303-02733 R
A034-L09,A034,377,7670,SMOLENSK,SMOLENSK,USSR,0167-8012,54.8333,32.0333,R,377 7670 SMOLENSK 0167-8012 5450-03202 R
A034-L10,A034,117,2415,SOCHACZEW/BIELICE,"SOCHACZEW/BIELICE, POL",Poland,0169-8305,52.1833,20.2833,R,"117 2415 SOCHACZEW/BIELICE, POL 0169-8305 5211-02017 R"
A034-L11,A034,770,6270,SOCHI,SOCHI,USSR,0324-8638,43.6,39.7167,T,770 6270 SOCHI 0324-8638 4336-03943 T
A034-L12,A034,886,7685,SOFIYA/BOZHURISHTE,"SOFIYA/BOZHURISHTE, BULG",Bulgaria,0322-8042,42.75,23.2,T,"886 7685 SOFIYA/BOZHURISHTE, BULG 0322-8042 4245-02312 T"
A034-L13,A034,285,7685,SOFIYA/KUMARITSA,"SOFIYA/KUMARITSA, BULG",Bulgaria,0322-8067,42.8,23.3,R,"285 7685 SOFIYA/KUMARITSA, BULG 0322-8067 4248-02318 R"
A034-L14,A034,657,7685,SOFIYA/VRAZHDEBNA,"SOFIYA/VRAZHDEBNA, BULG",Bulgaria,0322-8043,42.7,23.4,S,"657 7685 SOFIYA/VRAZHDEBNA, BULG 0322-8043 4242-02324 S"
A034-L15,A034,1091,7686,SOFIYSKOYE,SOFIYSKOYE,USSR,0204-8646,51.5333,139.95,R,1091 7686 SOFIYSKOYE 0204-8646 5132-13957 R
A034-L16,A034,934,5074,SOKHONDO,SOKHONDO,USSR,0201-8606,51.8333,112.5167,R,934 5074 SOKHONDO 0201-8606 5150-11231 R
A034-L17,A034,1092,9170,SOKOL,SOKOL,USSR,0154-8048,59.45,40.1833,S,1092 9170 SOKOL 0154-8048 5927-04011 S
A034-L18,A034,12,7704,SOLTSY,SOLTSY,USSR,0153-8108,58.1333,30.3167,R,12 7704 SOLTSY 0153-8108 5808-03019 R
A034-L19,A034,587,77165,SORTAVALA,SORTAVALA,USSR,0103-8624,61.7333,30.6833,R,587 77165 SORTAVALA 0103-8624 6144-03041 R
A034-L20,A034,862,7729,SOVETSKAYA,SOVETSKAYA,USSR,0249-8062,44.7333,41.2167,R,862 7729 SOVETSKAYA 0249-8062 4444-04113 R
A034-L21,A034,130,7730,SOVETSKAYA GAVAN,SOVETSKAYA GAVAN,USSR,0204-8000,48.9833,140.3333,R,130 7730 SOVETSKAYA GAVAN 0204-8000 4859-14020 R
A034-L22,A034,225,7730,SOVETSKAYA GAVAN/VANINO,SOVETSKAYA GAVAN/VANINO,USSR,0204-8001,49.0333,140.25,T,225 7730 SOVETSKAYA GAVAN/VANINO 0204-8001 4902-14015 T
A034-L23,A034,1093,7720,SOVETSK E,SOVETSK E.,USSR,0168-8684,55.0833,21.9667,R,1093 7720 SOVETSK E. 0168-8684 5505-02158 R
A034-L24,A034,424,77302,SOVETSKIY,SOVETSKIY,USSR,0250-8753,45.35,34.9333,R,424 77302 SOVETSKIY 0250-8753 4521-03456 R
A034-L25,A034,512,8465,SPALA GLINNIK NOWY,"SPALA GLINNIK NOWY, POL",Poland,0232-8234,51.5833,20.0833,R,"512 8465 SPALA GLINNIK NOWY, POL 0232-8234 5135-02005 R"
A034-L26,A034,628,7732,SPASSK DALNIY,SPASSK DALNIY,USSR,0282-8028,44.5833,132.85,U,628 7732 SPASSK DALNIY 0282-8028 4435-13251 U
A034-L27,A034,16,7732,SPASSK DALNIY E,SPASSK DALNIY E.,USSR,0282-8689,44.6,132.8833,W,16 7732 SPASSK DALNIY E. 0282-8689 4436-13253 W
A034-L28,A034,251,5455,SPROTTAU,"SPROTTAU, POL",Poland,0231-8093,51.5667,15.5833,R,"251 5455 SPROTTAU, POL 0231-8093 5134-01535 R"
A034-L29,A034,1016,7740,SREDNYAYA AKHTUBA,SREDNYAYA AKHTUBA,USSR,0235-8037,48.7333,44.8667,R,1016 7740 SREDNYAYA AKHTUBA 0235-8037 4844-04452 R
A035-L04,A035,182,7745,SSU PING #1,"SSU PING #1, MANCH",China (Manchuria),0290-8010,43.1667,124.3167,R,"182 7745 SSU PING #1, MANCH 0290-8010 4310-12419 R"
A035-L05,A035,809,7770,STALINABAD,STALINABAD,USSR,0336-8620,38.55,68.8167,R,809 7770 STALINABAD 0336-8620 3833-06849 R
A035-L06,A035,935,7780,STALINGRAD,STALINGRAD,USSR,0235-8023,48.75,44.5,T,935 7780 STALINGRAD 0235-8023 4845-04430 T
A035-L07,A035,883,7780,STALINGRAD/GUMRAK,STALINGRAD/GUMRAK,USSR,0235-8026,48.7833,44.35,S,883 7780 STALINGRAD/GUMRAK 0235-8026 4847-04421 S
A035-L08,A035,408,7790,STALINO,STALINO,USSR,0234-8076,48.0667,37.75,R,408 7790 STALINO 0234-8076 4804-03745 R
A035-L09,A035,73,7820,STANISLAV,STANISLAV,USSR,0232-8618,48.9,24.7,R,73 7820 STANISLAV 0232-8618 4854-02442 R
A035-L10,A035,757,7840,STARAYA RUSSA,STARAYA RUSSA,USSR,0153-8110,57.9667,31.3833,R,757 7840 STARAYA RUSSA 0153-8110 5758-03123 R
A035-L11,A035,732,7841,STARA ZAGORA,"STARA ZAGORA, BULG",Bulgaria,0322-8044,42.3833,25.65,R,"732 7841 STARA ZAGORA, BULG 0322-8044 4223-02539 R"
A035-L12,A035,257,7850,STARGARD,"STARGARD, POL",Poland,0169-8278,53.2833,14.9667,R,"257 7850 STARGARD, POL 0169-8278 5317-01458 R"
A035-L13,A035,1017,7853,STAROBELSK,STAROBELSK,USSR,0234-8063,49.2167,38.95,R,1017 7853 STAROBELSK 0234-8063 4913-03857 R
A035-L14,A035,87,7855,STAROKONSTANTINOV,STAROKONSTANTINOV,USSR,0233-8070,49.75,27.2667,R,87 7855 STAROKONSTANTINOV 0233-8070 4945-02716 R
A035-L15,A035,670,7390,STARO SYSOYEVKA,STARO SYSOYEVKA,USSR,0282-8691,44.1833,133.3167,Z,670 7390 STARO SYSOYEVKA 0282-8691 4411-13319 Z
A035-L16,A035,267,7900,STOLP/REITZ,"STOLP/REITZ, POL",Poland,0169-8281,54.4833,17.1,R,"267 7900 STOLP/REITZ, POL 0169-8281 5429-01706 R"
A035-L17,A035,15,7920,STRYY,STRYY,USSR,0232-8619,49.25,23.8,R,15 7920 STRYY 0232-8619 4915-02348 R
A035-L18,A035,1018,7920,STRYY N E,STRYY N.E.,USSR,0232-8620,49.3333,23.9667,S,1018 7920 STRYY N.E. 0232-8620 4920-02358 S
A035-L19,A035,452,3310,STUPINO S E,STUPINO S.E.,USSR,0167-8086,54.8833,38.1333,R,452 3310 STUPINO S.E. 0167-8086 5453-03808 R
A035-L20,A035,1019,7510,SUDILKOV,SUDILKOV,USSR,0233-8072,50.15,27.1667,S,1019 7510 SUDILKOV 0233-8072 5009-02710 S
A035-L21,A035,559,7946,SUI CHI,"SUI CHI, CHINA",China,0615-8416,21.3833,110.2,R,"559 7946 SUI CHI, CHINA 0615-8416 2123-11012 R"
A035-L22,A035,672,79465,SUI CHUNG,"SUI CHUNG, MANCH",China (Manchuria),0289-8005,40.3333,120.3333,R,"672 79465 SUI CHUNG, MANCH 0289-8005 4020-12020 R"
A035-L23,A035,305,79495,SUKHAYA RECHKA,SUKHAYA RECHKA,USSR,0291-8648,43.0333,131.55,R,305 79495 SUKHAYA RECHKA 0291-8648 4302-13133 R
A035-L24,A035,709,0460,SUMGAIT,SUMGAIT,USSR,0325-8621,40.5667,49.6167,Y,709 0460 SUMGAIT 0325-8621 4034-04937 Y
A035-L25,A035,573,6616,SUNAN,"SUNAN, N KOREA",North Korea,0380-8439,39.2,125.6667,S,"573 6616 SUNAN, N KOREA 0380-8439 3912-12540 S"
A035-L26,A035,764,2611,SUN CHIA TUN,"SUN CHIA TUN, MANCH",China (Manchuria),0283-8459,45.6667,126.7,S,"764 2611 SUN CHIA TUN, MANCH 0283-8459 4540-12642 S"
A035-L27,A035,936,0290,SURAZHEVKA,SURAZHEVKA,USSR,0291-8009,43.45,132.2833,Y,936 0290 SURAZHEVKA 0291-8009 4327-13217 Y
A035-L28,A035,937,7982,SUSMAN,SUSMAN,USSR,0123-8003,62.8,148.25,R,937 7982 SUSMAN 0123-8003 6248-14815 R
A035-L29,A035,1094,7990,SVERDLOVSK,SVERDLOVSK,USSR,0156-8009,56.7833,60.6333,T,1094 7990 SVERDLOVSK 0156-8009 5647-06038 T
A035-L30,A035,1095,7990,SVERDLOVSK/ARAMIL,SVERDLOVSK/ARAMIL,USSR,0156-8010,56.7,60.7833,U,1095 7990 SVERDLOVSK/ARAMIL 0156-8010 5642-06047 U
A036-L02,A036,843,7990,SVERDLOVSK/KOLTSOVO,SVERDLOVSK/KOLTSOVO,USSR,0156-8011,56.75,60.8167,S,843 7990 SVERDLOVSK/KOLTSOVO 0156-8011 5645-06049 S
A036-L03,A036,1096,7990,SVERDLOVSK N,SVERDLOVSK N.,USSR,0156-8015,56.9167,60.6,V,1096 7990 SVERDLOVSK N. 0156-8015 5655-06036 V
A036-L04,A036,404,7990,SVERDLOVSK S E,SVERDLOVSK S.E.,USSR,0156-8017,56.8,60.7,R,404 7990 SVERDLOVSK S.E. 0156-8017 5648-06042 R
A036-L05,A036,543,80205,SWATOW N E,SWATOW N.E. CHINA,China,0614-8421,23.4333,116.7667,R,543 80205 SWATOW N.E. CHINA 0614-8421 2326-11646 R
A036-L06,A036,1020,8035,SYCHEVKA,SYCHEVKA,USSR,0167-8088,55.8667,34.2833,R,1020 8035 SYCHEVKA 0167-8088 5552-03417 R
A036-L07,A036,634,8036,SYKTYVKAR,SYKTYVKAR,USSR,0101-8006,61.6667,50.85,R,634 8036 SYKTYVKAR 0101-8006 6140-05051 R
A036-L08,A036,480,8038,SYUGATY,SYUGATY,USSR,0328-8636,43.2667,74.7,R,480 8038 SYUGATY 0328-8636 4316-07442 R
A036-L09,A036,346,8040,SYZRAN/ALEXANDROVKA,SYZRAN/ALEXANDROVKA,USSR,0165-8024,53.2,48.0333,S,346 8040 SYZRAN/ALEXANDROVKA 0165-8024 5312-04802 S
A036-L10,A036,850,8061,SZEKESFEHERVAR,"SZEKESFEHERVAR, HUNG",Hungary,0252-8052,47.15,18.4167,R,"850 8061 SZEKESFEHERVAR, HUNG 0252-8052 4709-01825 R"
A036-L11,A036,505,8100,SZYMANY,"SZYMANY, POL",Poland,0169-8306,53.4833,20.95,R,"505 8100 SZYMANY, POL 0169-8306 5329-02057 R"
A036-L12,A036,516,8075,SZOLNOK/RAKOCZIFALVA,"SZOLNOK/RAKOCZIFALVA, HUN",Hungary,0251-8064,47.1167,20.2333,R,"516 8075 SZOLNOK/RAKOCZIFALVA, HUN 0251-8064 4707-02014 R"
A036-L13,A036,851,8085,SZOMBATHELY,"SZOMBATHELY, HUNG",Hungary,0252-8053,47.2833,16.6333,R,"851 8085 SZOMBATHELY, HUNG 0252-8053 4717-01638 R"
A036-L14,A036,523,7475,TA CHANG,"TA CHANG, CHINA",China,0492-8410,31.3167,121.4,T,"523 7475 TA CHANG, CHINA 0492-8410 3119-12124 T"
A036-L15,A036,501,5368,TA CHIAO CHANG,"TA CHIAO CHANG, CHINA",China,0493-8426,32.0,118.8167,R,"501 5368 TA CHIAO CHANG, CHINA 0493-8426 3200-11849 R"
A036-L16,A036,567,81545,TAECHON,"TAECHON, N KOREA",North Korea,0380-8017,39.9,125.5,R,"567 81545 TAECHON, N KOREA 0380-8017 3954-12530 R"
A036-L17,A036,1097,8160,TAGANROG,TAGANROG,USSR,0249-8268,47.2,38.8667,S,1097 8160 TAGANROG 0249-8268 4712-03852 S
A036-L18,A036,689,8160,TAGANROG N W,TAGANROG N.W.,USSR,0249-8271,47.2333,38.85,R,689 8160 TAGANROG N.W. 0249-8271 4714-03851 R
A036-L19,A036,755,12155,TAI PING SSU,"TAI PING SSU, CHINA",China,0495-8421,30.6167,104.05,U,"755 12155 TAI PING SSU, CHINA 0495-8421 3037-10403 U"
A036-L20,A036,503,8204,TAI SHAN,"TAI SHAN, CHINA",China,0492-8415,30.2833,122.1333,R,"503 8204 TAI SHAN, CHINA 0492-8415 3017-12208 R"
A036-L21,A036,701,8205,TAI YUAN N,TAI YUAN N. CHINA,China,0382-8411,37.9333,112.5333,R,701 8205 TAI YUAN N. CHINA 0382-8411 3756-11232 R
A036-L22,A036,702,8205,TAI YUAN S,TAI YUAN S. CHINA,China,0382-8000,37.75,112.6167,S,702 8205 TAI YUAN S. CHINA 0382-8000 3745-11237 S
A036-L23,A036,466,8206,TAKHTA BAZAR,TAKHTA BAZAR,USSR,0430-8602,35.8333,62.8667,R,466 8206 TAKHTA BAZAR 0430-8602 3550-06252 R
A036-L24,A036,938,76141,TAKHTAMYGDA,TAKHTAMYGDA,USSR,0198-8606,54.1167,123.6167,R,938 76141 TAKHTAMYGDA 0198-8606 5407-12337 R
A036-L25,A036,518,8216,TA KU SHAN,"TA KU SHAN, MANCH",China (Manchuria),0380-8441,39.8833,123.55,R,"518 8216 TA KU SHAN, MANCH 0380-8441 3953-12333 R"
A036-L26,A036,231,8220,TALLIN/LASNAMAE,TALLIN/LASNAMAE,USSR,0153-8116,59.45,24.8333,T,231 8220 TALLIN/LASNAMAE 0153-8116 5927-02450 T
A036-L27,A036,351,8220,TALLIN/ULEMISTE,TALLIN/ULEMISTE,USSR,0153-8117,59.4167,24.8,U,351 8220 TALLIN/ULEMISTE 0153-8117 5925-02448 U
A036-L28,A036,94,8230,TAMBOV,TAMBOV,USSR,0166-8033,52.7,41.3667,S,94 8230 TAMBOV 0166-8033 5242-04122 S
A037-L05,A037,556,8245,TANG SHAN N W,TANG SHAN N.W. CHINA,China,0381-8014,39.6667,118.15,R,556 8245 TANG SHAN N.W. CHINA 0381-8014 3940-11809 R
A037-L06,A037,58,8256,TANYURER,TANYURER,USSR,0074-8006,64.85,174.2167,R,58 8256 TANYURER 0074-8006 6451-17413 R
A037-L07,A037,703,82562,TAO NAN,"TAO NAN, MANCH",China (Manchuria),0284-8004,45.2667,122.8667,R,"703 82562 TAO NAN, MANCH 0284-8004 4516-12252 R"
A037-L08,A037,379,82564,TAPA,TAPA,USSR,0153-8120,59.2333,25.95,S,379 82564 TAPA 0153-8120 5914-02557 S
A037-L09,A037,364,2076,TA PAO,"TA PAO, MANCH",China (Manchuria),0290-8472,40.55,124.2167,R,"364 2076 TA PAO, MANCH 0290-8472 4033-12413 R"
A037-L10,A037,13,82588,TARTU,TARTU,USSR,0153-8121,58.4,26.7667,R,13 82588 TARTU 0153-8121 5824-02646 R
A037-L11,A037,1098,8270,TASHKENT,TASHKENT,USSR,0328-8622,41.3,69.3333,S,1098 8270 TASHKENT 0328-8622 4118-06920 S
A037-L12,A037,207,8270,TASHKENT S E,TASHKENT S.E.,USSR,0328-8626,41.2667,69.25,T,207 8270 TASHKENT S.E. 0328-8626 4116-06915 T
A037-L13,A037,387,3243,TASZAR,"TASZAR, HUNG",Hungary,0252-8066,46.3833,17.9167,R,"387 3243 TASZAR, HUNG 0252-8066 4623-01755 R"
A037-L14,A037,439,1199,TA TOPU,"TA TOPU, CHINA",China,0494-8417,28.0667,112.9667,S,"439 1199 TA TOPU, CHINA 0494-8417 2804-11258 S"
A037-L15,A037,1021,5134,TATSINSKAYA,TATSINSKAYA,USSR,0234-8004,48.1667,41.3,S,1021 5134 TATSINSKAYA 0234-8004 4810-04118 S
A037-L16,A037,450,02495,TA TUNG KOU,"TA TUNG KOU, MANCH",China (Manchuria),0380-8420,39.95,124.15,S,"450 02495 TA TUNG KOU, MANCH 0380-8420 3957-12409 S"
A037-L17,A037,333,4410,TAYBOLA,TAYBOLA,USSR,0051-8621,68.4167,33.35,S,333 4410 TAYBOLA 0051-8621 6825-03321 S
A037-L18,A037,863A,4410,TAYBOLA N W,TAYBOLA N.W.,USSR,0051-8622,68.5167,33.25,R,863A 4410 TAYBOLA N.W. 0051-8622 6831-03315 R
A037-L19,A037,647,82997,TAYGONOS,TAYGONOS,USSR,0122-,63.4167,159.1333,R,647 82997 TAYGONOS 0122-6325-15908 R
A037-L20,A037,803,8310,TBILISI,TBILISI,USSR,0325-8702,41.75,44.8333,W,803 8310 TBILISI 0325-8702 4145-04450 W
A037-L21,A037,704,8310,TBILISI/AGTAGLYA,TBILISI/AGTAGLYA,USSR,0325-8703,41.5833,44.95,R,704 8310 TBILISI/AGTAGLYA 0325-8703 4135-04457 R
A037-L22,A037,705,8310,TBILISI/ORKHEVI,TBILISI/ORKHEVI,USSR,0325-8711,41.6667,44.95,V,705 8310 TBILISI/ORKHEVI 0325-8711 4140-04457 V
A037-L23,A037,178,8310,TBILISI/SANDAR,TBILISI/SANDAR,USSR,0325-8712,41.4667,44.7833,T,178 8310 TBILISI/SANDAR 0325-8712 4128-04447 T
A037-L24,A037,829,8310,TBILISI/SARTICHALA,TBILISI/SARTICHALA,USSR,0325-8729,41.7,45.1667,U,829 8310 TBILISI/SARTICHALA 0325-8729 4142-04510 U
A037-L25,A037,349,8310,TBILISI/SOGANLUG,TBILISI/SOGANLUG,USSR,0325-8713,41.65,44.9333,Z,349 8310 TBILISI/SOGANLUG 0325-8713 4139-04456 Z
A037-L26,A037,106,8310,TBILISI/VAZIANI,TBILISI/VAZIANI,USSR,0325-8707,41.6333,45.0333,S,106 8310 TBILISI/VAZIANI 0325-8707 4138-04502 S
A037-L27,A037,887,21292,TECUCI,"TECUCI, RUM",Romania,0250-8208,45.85,27.4,S,"887 21292 TECUCI, RUM 0250-8208 4551-02724 S"
A037-L28,A037,1099,8320,TEDZHEN,TEDZHEN,USSR,0337-8611,37.3667,60.5,R,1099 8320 TEDZHEN 0337-8611 3722-06030 R
A037-L29,A037,564,0249,TENG AO PAO,"TENG AO PAO, MANCH",China (Manchuria),0289-8423,41.1,122.85,S,"564 0249 TENG AO PAO, MANCH 0289-8423 4106-12251 S"
A037-L30,A037,395,8342,TENNEI,TENNEI,USSR,0280-8000,44.9167,147.6333,R,395 8342 TENNEI 0280-8000 4455-14738 R
A037-L31,A037,706,0970,TERESPOL,"TERESPOL, POL",Poland,0168-8207,52.0333,23.5333,S,"706 0970 TERESPOL, POL 0168-8207 5202-02332 S"
A038-L02,A038,1100,83647,TERMEZ,TERMEZ,USSR,0336-8622,37.2333,67.2833,R,1100 83647 TERMEZ 0336-8622 3714-06717 R
A038-L03,A038,1022,8367,TERNOPOL,TERNOPOL,USSR,0233-8075,49.5333,25.65,R,1022 8367 TERNOPOL 0233-8075 4932-02539 R
A038-L04,A038,785,3830,TEYKOVO,TEYKOVO,USSR,0154-8075,56.85,40.5167,R,785 3830 TEYKOVO 0154-8075 5651-04031 R
A038-L05,A038,790,1153,TIEN HO,"TIEN HO, CHINA",China,0614-8410,23.1333,113.3167,S,"790 1153 TIEN HO, CHINA 0614-8410 2308-11319 S"
A038-L06,A038,457A,8417,TIENTSIN,"TIENTSIN, CHINA",China,0381-8011,39.1167,117.35,R,"457A 8417 TIENTSIN, CHINA 0381-8011 3907-11721 R"
A038-L07,A038,418,8420,TIKHORETSK,TIKHORETSK,USSR,0249-8071,45.8667,40.1,R,418 8420 TIKHORETSK 0249-8071 4552-04006 R
A038-L08,A038,598,8425,TIKSHOZERO,TIKSHOZERO,USSR,0091-8632,64.0833,31.9167,R,598 8425 TIKSHOZERO 0091-8632 6405-03155 R
A038-L09,A038,25,8430,TIKSI,TIKSI,USSR,0068-8001,71.6833,128.8667,R,25 8430 TIKSI 0068-8001 7141-12852 R
A038-L10,A038,227,8433,TIMISOARA N E,TIMISOARA N.E. RUM,Romania,0251-8070,45.8,21.3167,S,227 8433 TIMISOARA N.E. RUM 0251-8070 4548-02119 S
A038-L11,A038,662A,8440,TING HSING,"TING HSING, CHINA",China,0382-8438,39.2667,115.7833,R,"662A 8440 TING HSING, CHINA 0382-8438 3916-11547 R"
A038-L12,A038,456,8443,TIRANE,"TIRANE, ALB",Albania,0322-8003,41.3333,19.8,R,"456 8443 TIRANE, ALB 0322-8003 4120-01948 R"
A038-L13,A038,414,0664,TIRASPOL,TIRASPOL,USSR,0250-8723,46.8667,29.5833,R,414 0664 TIRASPOL 0250-8723 4652-02935 R
A038-L14,A038,498,8447,TITU/BOTENI,"TITU/BOTENI, RUM",Romania,0251-8041,44.65,25.6167,R,"498 8447 TITU/BOTENI, RUM 0251-8041 4439-02537 R"
A038-L15,A038,449,2212,TOFUTSU,TOFUTSU,USSR,0292-8421,43.9667,145.7,S,449 2212 TOFUTSU 0292-8421 4358-14542 S
A038-L16,A038,481,84615,TOLBUKHIN,"TOLBUKHIN, BULG",Bulgaria,0323-8025,43.6,27.8333,R,"481 84615 TOLBUKHIN, BULG 0323-8025 4336-02750 R"
A038-L17,A038,1101,8470,TOMSK,TOMSK,USSR,0158-8005,56.5167,84.9667,R,1101 8470 TOMSK 0158-8005 5631-08458 R
A038-L18,A038,745,2020,TORO,TORO,USSR,0205-8011,49.1833,142.0833,R,745 2020 TORO 0205-8011 4911-14205 R
A038-L19,A038,639,8505,TORUN,"TORUN, POL",Poland,0169-8285,53.0333,18.55,R,"639 8505 TORUN, POL 0169-8285 5302-01833 R"
A038-L20,A038,804,4593,TORZHOK,TORZHOK,USSR,0154-8052,57.05,35.0,R,804 4593 TORZHOK 0154-8052 5703-03500 R
A038-L21,A038,891,1805,TRENCIN,"TRENCIN, CZECH",Czechoslovakia,0232-8268,48.8667,18.0167,R,"891 1805 TRENCIN, CZECH 0232-8268 4852-01801 R"
A038-L22,A038,531,8597,TSINAN,"TSINAN, CHINA",China,0381-8015,36.6833,116.9167,R,"531 8597 TSINAN, CHINA 0381-8015 3641-11655 R"
A038-L23,A038,545,86005,TSING TAO,"TSING TAO, CHINA",China,0381-8000,36.1667,120.3833,R,"545 86005 TSING TAO, CHINA 0381-8000 3610-12023 R"
A038-L24,A038,678,86015,TSNORISTSKALI,TSNORISTSKALI,USSR,0325-8717,41.6167,46.1,R,678 86015 TSNORISTSKALI 0325-8717 4137-04606 R
A038-L25,A038,201,7210,TSULUKIDZE,TSULUKIDZE,USSR,0324-8629,42.3167,42.4,U,201 7210 TSULUKIDZE 0324-8629 4219-04224 U
A038-L26,A038,38,6437,TU CHENG TZU,"TU CHENG TZU, MANCH",China (Manchuria),0381-8003,38.9167,121.2333,R,"38 6437 TU CHENG TZU, MANCH 0381-8003 3855-12114 R"
A038-L27,A038,302,9671,TUKUMS,TUKUMS,USSR,0153-8126,56.95,23.2167,S,302 9671 TUKUMS 0153-8126 5657-02313 S
A038-L28,A038,133,8620,TULA N,TULA N.,USSR,0167-8092,54.2333,37.6,R,133 8620 TULA N. 0167-8092 5414-03736 R
A039-L02,A039,536,4940,TUNG FENG #1,"TUNG FENG #1, MANCH",China (Manchuria),0290-8434,42.65,125.45,R,"536 4940 TUNG FENG #1, MANCH 0290-8434 4239-12527 R"
A039-L03,A039,726,8642,TUNG HSIEN,"TUNG HSIEN, CHINA",China,0381-8431,39.8,116.7,R,"726 8642 TUNG HSIEN, CHINA 0381-8431 3948-11642 R"
A039-L04,A039,822,1445,TURDA S,TURDA S. RUM,Romania,0251-8042,46.5333,23.8,R,822 1445 TURDA S. RUM 0251-8042 4632-02348 R
A039-L05,A039,495,24055,TUTOW,"TUTOW, E GER",East Germany,0169-8620,53.9167,13.2167,R,"495 24055 TUTOW, E GER 0169-8620 5355-01313 R"
A039-L06,A039,869,8675,TYGDA,TYGDA,USSR,0198-8607,53.1,126.3167,R,869 8675 TYGDA 0198-8607 5306-12619 R
A039-L07,A039,592,8727,UELKAL,UELKAL,USSR,0075-8004,65.5167,-179.25,R,592 8727 UELKAL 0075-8004 6531-17915W R
A039-L08,A039,865,8730,UFA,UFA,USSR,0165-8005,54.75,56.0,R,865 8730 UFA 0165-8005 5445-05600 R
A039-L09,A039,1102,8730,UFA N E,UFA N.E.,USSR,0165-8006,54.8167,56.1667,S,1102 8730 UFA N.E. 0165-8006 5449-05610 S
A039-L10,A039,234,0290,UGLOVAYA N W,UGLOVAYA N.W.,USSR,0291-8005,43.3333,132.0667,Z,234 0290 UGLOVAYA N.W. 0291-8005 4320-13204 Z
A039-L11,A039,691,0290,UGLOVAYA W,UGLOVAYA W.,USSR,0291-8652,43.3333,132.0167,RA,691 0290 UGLOVAYA W. 0291-8652 4320-13201 RA
A039-L12,A039,605,8772,UGOLNYY,UGOLNYY,USSR,0120-8601,63.0667,179.3667,R,605 8772 UGOLNYY 0120-8601 6304-17922 R
A039-L13,A039,179,02495,UIJU,"UIJU, N KOREA",North Korea,0290-8459,40.15,124.5,U,"179 02495 UIJU, N KOREA 0290-8459 4009-12430 U"
A039-L14,A039,584,87805,UKHTA,UKHTA,USSR,0091-8634,65.1667,31.4167,S,584 87805 UKHTA 0091-8634 6510-03125 S
A039-L15,A039,85,7415,UKRAINA,UKRAINA,USSR,0203-8651,51.1333,128.55,T,85 7415 UKRAINA 0203-8651 5108-12833 T
A039-L16,A039,870,8790,ULAN UDE,ULAN UDE,USSR,0201-8610,51.8167,107.5,R,870 8790 ULAN UDE 0201-8610 5149-10730 R
A039-L17,A039,660,8790,ULAN UDE E,ULAN UDE E.,USSR,0201-8608,51.85,107.7333,S,660 8790 ULAN UDE E. 0201-8608 5151-10744 S
A039-L18,A039,939,8810,ULYANOVSK,ULYANOVSK,USSR,0165-8021,54.3,48.3333,R,939 8810 ULYANOVSK 0165-8021 5418-04820 R
A039-L19,A039,643,34735,UMAN,UMAN,USSR,0233-8076,48.7833,30.2167,R,643 34735 UMAN 0233-8076 4847-03013 R
A039-L20,A039,235,7942,UNASHI,UNASHI,USSR,0291-8015,42.9667,133.1167,V,235 7942 UNASHI 0291-8015 4258-13307 V
A039-L21,A039,476,5961,URA GUBA,URA GUBA,USSR,0051-8625,69.2167,32.7167,S,476 5961 URA GUBA 0051-8625 6913-03243 S
A039-L22,A039,858,8820,URALSK,URALSK,USSR,0235-8030,51.25,51.3667,R,858 8820 URALSK 0235-8030 5115-05122 R
A039-L23,A039,1023,7655,URECHYE,URECHYE,USSR,0168-8674,52.95,27.8667,S,1023 7655 URECHYE 0168-8674 5257-02752 S
A039-L24,A039,1103,7459,URSATYEVSKAYA,URSATYEVSKAYA,USSR,0328-8628,40.2167,68.8333,R,1103 7459 URSATYEVSKAYA 0328-8628 4013-06850 R
A039-L25,A039,844,88345,URUPPU,URUPPU,USSR,0280-8006,46.1167,150.5167,R,844 88345 URUPPU 0280-8006 4607-15031 R
A039-L26,A039,132,8848,USMAN,USMAN,USSR,0166-8044,52.0333,39.65,R,132 8848 USMAN 0166-8044 5202-03939 R
A039-L27,A039,493,8850,USOLYE,USOLYE,USSR,0200-8018,52.65,103.85,R,493 8850 USOLYE 0200-8018 5239-10351 R
A039-L28,A039,1104,8860,UST KAMENOGORSK,UST KAMENOGORSK,USSR,0239-8604,49.9833,82.6333,R,1104 8860 UST KAMENOGORSK 0239-8604 4959-08238 R
A040-L02,A040,609,8880,UST TAJMYR,UST TAJMYR,USSR,0013-8003,76.25,98.8833,R,609 8880 UST TAJMYR 0013-8003 7615-09853 R
A040-L03,A040,746,1400,UZHGOROD,UZHGOROD,USSR,0232-8621,48.6333,22.2667,S,746 1400 UZHGOROD 0232-8621 4838-02216 S
A040-L04,A040,389,1645,UZUNDZHOVO,"UZUNDZHOVO, BULG",Bulgaria,0322-8069,41.9833,25.5833,S,"389 1645 UZUNDZHOVO, BULG 0322-8069 4159-02535 S"
A040-L05,A040,277,89157,VAINODE,VAINODE,USSR,0152-8609,56.4167,21.8833,R,277 89157 VAINODE 0152-8609 5625-02153 R
A040-L06,A040,1105,8917,VALGA,VALGA,USSR,0153-8129,57.7667,26.1,R,1105 8917 VALGA 0153-8129 5746-02606 R
A040-L07,A040,576,0189,VARENA,VARENA,USSR,0168-8675,54.2667,24.5167,S,576 0189 VARENA 0168-8675 5416-02431 S
A040-L08,A040,240,7390,VARFOLOMYEVKA S,VARFOLOMYEVKA S.,USSR,0282-8700,44.2667,133.4333,V,240 7390 VARFOLOMYEVKA S. 0282-8700 4416-13326 V
A040-L09,A040,318,7390,VARFOLOMYEVKA S W,VARFOLOMYEVKA S.W.,USSR,0282-8701,44.2833,133.4167,R,318 7390 VARFOLOMYEVKA S.W. 0282-8701 4417-13325 R
A040-L10,A040,250,2070,VASILKOV,VASILKOV,USSR,0233-8079,50.2333,30.3167,R,250 2070 VASILKOV 0233-8079 5014-03019 R
A040-L11,A040,644,8960,VELIKIYE LUKI,VELIKIYE LUKI,USSR,0153-8131,56.3833,30.6,R,644 8960 VELIKIYE LUKI 0153-8131 5623-03036 R
A040-L12,A040,1106,8980,VENTSPILS S,VENTSPILS S.,USSR,0152-8611,57.3667,21.55,R,1106 8980 VENTSPILS S. 0152-8611 5722-02133 R
A040-L13,A040,747,8980,VENTSPILS/TARGALE,VENTSPILS/TARGALE,USSR,0152-8612,57.3333,21.65,S,747 8980 VENTSPILS/TARGALE 0152-8612 5720-02139 S
A040-L14,A040,637,8983,VERINO,VERINO,USSR,0282-8702,48.0,135.0333,R,637 8983 VERINO 0282-8702 4800-13502 R
A040-L15,A040,397,9075,VESZPREM,"VESZPREM, HUNG",Hungary,0252-8055,47.0833,17.9667,R,"397 9075 VESZPREM, HUNG 0252-8055 4705-01758 R"
A040-L16,A040,748,7300,VIETZKERSTRAND,"VIETZKERSTRAND, POL",Poland,0169-8287,54.55,16.6167,R,"748 7300 VIETZKERSTRAND, POL 0169-8287 5433-01637 R"
A040-L17,A040,749,9080,VILNYUS,VILNYUS,USSR,0168-8676,54.6333,25.2833,R,749 9080 VILNYUS 0168-8676 5438-02517 R
A040-L18,A040,1024,9080,VILNYUS E,VILNYUS E.,USSR,0168-8677,54.6667,25.5167,T,1024 9080 VILNYUS E. 0168-8677 5440-02531 T
A040-L19,A040,766,9080,VILNYUS S W,VILNYUS S.W.,USSR,0168-8679,54.6167,25.25,S,766 9080 VILNYUS S.W. 0168-8679 5437-02515 S
A040-L20,A040,713,9090,VINNITSA,VINNITSA,USSR,0233-8081,49.2333,28.55,R,713 9090 VINNITSA 0233-8081 4914-02833 R
A040-L21,A040,283,9100,VITEBSK,VITEBSK,USSR,0167-8015,55.1667,30.2167,R,283 9100 VITEBSK 0167-8015 5510-03013 R
A040-L22,A040,176,9125,VLADIMIROVKA,VLADIMIROVKA,USSR,0235-8032,48.3,46.2,R,176 9125 VLADIMIROVKA 0235-8032 4818-04612 R
A040-L23,A040,400,9127,VLADIMIR VOLYNSKIY N E,VLADIMIR VOLYNSKIY N.E.,USSR,0232-,50.9167,24.45,R,400 9127 VLADIMIR VOLYNSKIY N.E. 0232-5055-02427 R
A040-L24,A040,786,9130,VLADIVOSTOK,VLADIVOSTOK,USSR,0291-8000,43.2,131.9333,R,786 9130 VLADIVOSTOK 0291-8000 4312-13156 R
A040-L25,A040,940,91555,VOHMA,VOHMA,USSR,0153-8134,58.65,25.5833,R,940 91555 VOHMA 0153-8134 5839-02535 R
A040-L26,A040,707,1870,VOLODARY,VOLODARY,USSR,0154-8056,56.2333,43.1833,R,707 1870 VOLODARY 0154-8056 5614-04311 R
A040-L27,A040,941,9170,VOLOGDA,VOLOGDA,USSR,0154-8058,59.35,39.8167,R,941 9170 VOLOGDA 0154-8058 5921-03949 R
A040-L28,A040,477,9173,VOLOKOLAMSK,VOLOKOLAMSK,USSR,0154-,56.1,35.8667,R,477 9173 VOLOKOLAMSK 0154-5606-03552 R
A041-L03,A041,1026,9176,VOLOSOVO N,VOLOSOVO N.,USSR,0153-8137,59.5333,29.4667,S,1026 9176 VOLOSOVO N. 0153-8137 5932-02928 S
A041-L04,A041,1108,9176,VOLOSOVO N E,VOLOSOVO N.E.,USSR,0153-8138,59.5167,29.5833,T,1108 9176 VOLOSOVO N.E. 0153-8138 5931-02935 T
A041-L05,A041,613,9200,VORKUTA,VORKUTA,USSR,0094-8003,67.4833,64.0167,R,613 9200 VORKUTA 0094-8003 6729-06401 R
A041-L06,A041,131,9210,VORONEZH E,VORONEZH E.,USSR,0234-8081,51.65,39.25,T,131 9210 VORONEZH E. 0234-8081 5139-03915 T
A041-L07,A041,761,9210,VORONEZH N,VORONEZH N.,USSR,0234-8082,51.7,39.1667,R,761 9210 VORONEZH N. 0234-8082 5142-03910 R
A041-L08,A041,423,9210,VORONEZH S W,VORONEZH S.W.,USSR,0234-8084,51.6167,39.15,S,423 9210 VORONEZH S.W. 0234-8084 5137-03909 S
A041-L09,A041,311,9220,VOROSHILOV N,VOROSHILOV N.,USSR,0291-8663,43.8333,131.9167,U,311 9220 VOROSHILOV N. 0291-8663 4350-13155 U
A041-L10,A041,561,9220,VOROSHILOV S E,VOROSHILOV S.E.,USSR,0291-8665,43.7667,132.0,Y,561 9220 VOROSHILOV S.E. 0291-8665 4346-13200 Y
A041-L11,A041,1109,9230,VOROSHILOVGRAD N W,VOROSHILOVGRAD N.W.,USSR,0234-8086,48.65,38.9167,R,1109 9230 VOROSHILOVGRAD N.W. 0234-8086 4839-03855 R
A041-L12,A041,721,9230,VOROSHILOVGRAD S E,VOROSHILOVGRAD S.E.,USSR,0234-8088,48.5333,39.3833,S,721 9230 VOROSHILOVGRAD S.E. 0234-8088 4832-03923 S
A041-L13,A041,526,9254,VORU,VORU,USSR,0153-8162,57.9167,26.9833,R,526 9254 VORU 0153-8162 5755-02659 R
A041-L14,A041,198,7732,VOSKRESENKA,VOSKRESENKA,USSR,0282-8029,44.5667,132.7333,R,198 7732 VOSKRESENKA 0282-8029 4434-13244 R
A041-L15,A041,19,9220,VOZDVIZHENKA,VOZDVIZHENKA,USSR,0291-8019,43.9167,131.9333,X,19 9220 VOZDVIZHENKA 0291-8019 4355-13156 X
A041-L16,A041,161,4314,VOZZHAYEVKA,VOZZHAYEVKA,USSR,0203-8644,50.7167,128.7167,S,161 4314 VOZZHAYEVKA 0203-8644 5043-12843 S
A041-L17,A041,758,9130,VTORAYA RECHKA,VTORAYA RECHKA,USSR,0291-8660,43.1667,131.9333,T,758 9130 VTORAYA RECHKA 0291-8660 4310-13156 T
A041-L18,A041,942,2922,VVEDENKA,VVEDENKA,USSR,0282-8705,45.85,133.8333,S,942 2922 VVEDENKA 0282-8705 4551-13350 S
A041-L19,A041,282,9310,VYAZMA,VYAZMA,USSR,0167-8095,55.15,34.3833,R,282 9310 VYAZMA 0167-8095 5509-03423 R
A041-L20,A041,460,9320,VYBORG E,VYBORG E.,USSR,0103-8621,60.6833,29.1667,R,460 9320 VYBORG E. 0103-8621 6041-02910 R
A041-L21,A041,1027,9340,VYTEGRA,VYTEGRA,USSR,0102-8028,61.0167,36.45,R,1027 9340 VYTEGRA 0102-8028 6101-03627 R
A041-L22,A041,286,9385,WARSAW/BOERNEROWO,"WARSAW/BOERNEROWO, POL",Poland,0169-8295,52.2667,20.9167,S,"286 9385 WARSAW/BOERNEROWO, POL 0169-8295 5216-02055 S"
A041-L23,A041,177,9385,WARSAW/OKECIE,"WARSAW/OKECIE, POL",Poland,0169-8291,52.1667,20.9667,T,"177 9385 WARSAW/OKECIE, POL 0169-8291 5210-02058 T"
A041-L24,A041,538,9403,WEI HSIEN,"WEI HSIEN, CHINA",China,0381-8012,36.65,119.1167,R,"538 9403 WEI HSIEN, CHINA 0381-8012 3639-11907 R"
A041-L25,A041,96,7345,WELZOW,"WELZOW, E GER",East Germany,0231-8080,51.5833,14.15,S,"96 7345 WELZOW, E GER 0231-8080 5135-01409 S"
A041-L26,A041,82,1935,WERNEUCHEN,"WERNEUCHEN, E GER",East Germany,0169-8239,52.6333,13.7667,T,"82 1935 WERNEUCHEN, E GER 0169-8239 5238-01346 T"
A041-L27,A041,258,1153,WHITE CLOUD,"WHITE CLOUD, CHINA",China,0614-8414,23.1667,113.25,T,"258 1153 WHITE CLOUD, CHINA 0614-8414 2310-11315 T"
A041-L28,A041,396,9483,WITTSTOCK,"WITTSTOCK, E GER",East Germany,0169-8240,53.2,12.5167,R,"396 9483 WITTSTOCK, E GER 0169-8240 5312-01231 R"
A041-L29,A041,453,9510,WONSAN,"WONSAN, N KOREA",North Korea,0380-8004,39.1667,127.4833,R,"453 9510 WONSAN, N KOREA 0380-8004 3910-12729 R"
A042-L02,A042,636,2585,WU CHANG,"WU CHANG, CHINA",China,0493-8412,30.5167,114.3,S,"636 2585 WU CHANG, CHINA 0493-8412 3031-11418 S"
A042-L03,A042,684,2585,WU CHANG SATELLITE,"WU CHANG SATELLITE, CHINA",China,0493-8413,30.6,114.35,T,"684 2585 WU CHANG SATELLITE, CHINA 0493-8413 3036-11421 T"
A042-L04,A042,753,9547,WU HU,"WU HU, CHINA",China,0493-8415,31.4,118.4,R,"753 9547 WU HU, CHINA 0493-8415 3124-11824 R"
A042-L05,A042,527,95475,WU KUNG,"WU KUNG, CHINA",China,0384-8416,34.2833,108.2833,R,"527 95475 WU KUNG, CHINA 0384-8416 3417-10817 R"
A042-L06,A042,819,54355,WULFLATZKE,"WULFLATZKE, POL",Poland,0169-8625,53.6,16.7167,R,"819 54355 WULFLATZKE, POL 0169-8625 5336-01643 R"
A042-L07,A042,589,9599,YAKUTSK #1,YAKUTSK #1,USSR,0124-8001,62.0833,129.8,R,589 9599 YAKUTSK #1 0124-8001 6205-12948 R
A042-L08,A042,944,9604,YAMBOL,"YAMBOL, BULG",Bulgaria,0322-8047,42.5167,26.5,R,"944 9604 YAMBOL, BULG 0322-8047 4231-02630 R"
A042-L09,A042,181,8601,YAMEN TUN,"YAMEN TUN, MANCH",China (Manchuria),0283-8435,47.2167,123.9,S,"181 8601 YAMEN TUN, MANCH 0283-8435 4713-12354 S"
A042-L10,A042,528,9608,YANGADZHA,YANGADZHA,USSR,0326-8009,40.0333,53.35,R,528 9608 YANGADZHA 0326-8009 4002-05321 R
A042-L11,A042,1040,4168,YANG TANG,"YANG TANG, CHINA",China,0497-8412,25.2167,110.1667,S,"1040 4168 YANG TANG, CHINA 0497-8412 2513-11010 S"
A042-L12,A042,532,8417,YANG TSUN,"YANG TSUN, CHINA",China,0381-8415,39.3833,117.0833,T,"532 8417 YANG TSUN, CHINA 0381-8415 3923-11705 T"
A042-L13,A042,945,9625,YANOVICHI,YANOVICHI,USSR,0167-8017,55.3333,30.7,R,945 9625 YANOVICHI 0167-8017 5520-03042 R
A042-L14,A042,337,9630,YAROSLAVL,YAROSLAVL,USSR,0154-8067,57.5833,39.9,R,337 9630 YAROSLAVL 0154-8067 5735-03954 R
A042-L15,A042,363,9630,YAROSLAVL/TUNOSHNOYE,YAROSLAVL/TUNOSHNOYE,USSR,0154-8068,57.5667,40.15,S,363 9630 YAROSLAVL/TUNOSHNOYE 0154-8068 5734-04009 S
A042-L16,A042,733,0860,YEDROVO,YEDROVO,USSR,0154-8069,57.8667,33.6667,S,733 0860 YEDROVO 0154-8069 5752-03340 S
A042-L17,A042,219,9650,YEFREMOV,YEFREMOV,USSR,0167-,53.1667,38.0833,R,219 9650 YEFREMOV 0167-5310-03805 R
A042-L18,A042,224,9670,YELETS W,YELETS W.,USSR,0167-8101,52.6333,38.4,R,224 9670 YELETS W. 0167-8101 5238-03824 R
A042-L19,A042,667,9671,YELGAVA,YELGAVA,USSR,0153-8029,56.6667,23.7,R,667 9671 YELGAVA 0153-8029 5640-02342 R
A042-L20,A042,787,9675,YEN CHI N,YEN CHI N. MANCH,China (Manchuria),0290-8438,42.9,129.55,R,787 9675 YEN CHI N. MANCH 0290-8438 4254-12933 R
A042-L21,A042,539,9675,YEN CHI S,YEN CHI S. MANCH,China (Manchuria),0290-8439,42.8833,129.4667,S,539 9675 YEN CHI S. MANCH 0290-8439 4253-12928 S
A042-L22,A042,521,9680,YEN TAI S,YEN TAI S. CHINA,China,0381-8444,37.4,121.3667,R,521 9680 YEN TAI S. CHINA 0381-8444 3724-12122 R
A042-L23,A042,301,9690,YEREVAN,YEREVAN,USSR,0325-8721,40.1167,44.4667,R,301 9690 YEREVAN 0325-8721 4007-04428 R
A042-L24,A042,788,5020,YEVLAKH,YEVLAKH,USSR,0325-8726,40.6333,47.15,R,788 5020 YEVLAKH 0325-8726 4038-04709 R
A042-L25,A042,232,9695,YEVPATORIYA,YEVPATORIYA,USSR,0250-8004,45.2167,33.3667,S,232 9695 YEVPATORIYA 0250-8004 4513-03322 S
A042-L26,A042,187,1543,YING CHENG TZU,"YING CHENG TZU, MANCH",China (Manchuria),0381-8007,39.0167,121.3833,S,"187 1543 YING CHENG TZU, MANCH 0381-8007 3901-12123 S"
A042-L27,A042,1111,9707,YOKANGA,YOKANGA,USSR,0092-8009,67.9667,39.5667,R,1111 9707 YOKANGA 0092-8009 6758-03934 R
A042-L28,A042,708,9728,YUN NAN I,"YUN NAN I, CHINA",China,0555-8404,25.4167,100.7,R,"708 9728 YUN NAN I, CHINA 0555-8404 2525-10042 R"
A043-L03,A043,663,9740,YUZHNO SAKHALINSK,YUZHNO SAKHALINSK,USSR,0281-8607,46.9167,142.7333,S,663 9740 YUZHNO SAKHALINSK 0281-8607 4655-14244 S
A043-L04,A043,241,9740,YUZHNO SAKHALINSK S,YUZHNO SAKHALINSK S.,USSR,0281-8613,46.8833,142.7167,R,241 9740 YUZHNO SAKHALINSK S. 0281-8613 4653-14243 R
A043-L05,A043,619,9792,ZALIV KRESTA,ZALIV KRESTA,USSR,0075-8014,65.9833,-178.8,S,619 9792 ZALIV KRESTA 0075-8014 6559-17848W S
A043-L06,A043,75,9800,ZAPOROZHYE E,ZAPOROZHYE E.,USSR,0249-8302,47.8667,35.3167,U,75 9800 ZAPOROZHYE E. 0249-8302 4752-03519 U
A043-L07,A043,124,9800,ZAPOROZHYE N E,ZAPOROZHYE N.E.,USSR,0249-8306,47.9,35.2333,V,124 9800 ZAPOROZHYE N.E. 0249-8306 4754-03514 V
A043-L08,A043,685,9800,ZAPOROZHYE S,ZAPOROZHYE S.,USSR,0249-8305,47.7833,35.2167,T,685 9800 ZAPOROZHYE S. 0249-8305 4747-03513 T
A043-L09,A043,711,9800,ZAPOROZHYE S E,ZAPOROZHYE S.E.,USSR,0249-8312,47.8,35.25,R,711 9800 ZAPOROZHYE S.E. 0249-8312 4748-03515 R
A043-L10,A043,230,5165,ZATEC,"ZATEC, CZECH",Czechoslovakia,0231-8115,50.3667,13.5833,R,"230 5165 ZATEC, CZECH 0231-8115 5022-01335 R"
A043-L11,A043,789,98025,ZAVITAYA,ZAVITAYA,USSR,0203-8646,50.1333,129.4167,R,789 98025 ZAVITAYA 0203-8646 5008-12925 R
A043-L12,A043,44,67595,ZELTS E,ZELTS E.,USSR,0250-8758,46.6333,30.1,R,44 67595 ZELTS E. 0250-8758 4638-03006 R
A043-L13,A043,434,2315,ZENDEK,"ZENDEK, POL",Poland,0232-8233,50.4833,19.0833,S,"434 2315 ZENDEK, POL 0232-8233 5029-01905 S"
A043-L14,A043,342,9875,ZERBST,"ZERBST, E GER",East Germany,0231-8083,52.0,12.15,R,"342 9875 ZERBST, E GER 0231-8083 5200-01209 R"
A043-L15,A043,513,4430,ZEWITZ,"ZEWITZ, POL",Poland,0169-8626,54.4333,17.75,R,"513 4430 ZEWITZ, POL 0169-8626 5426-01745 R"
A043-L16,A043,946,9890,ZHDANOV,ZHDANOV,USSR,0249-8197,47.1167,37.5167,R,946 9890 ZHDANOV 0249-8197 4707-03731 R
A043-L17,A043,845,6500,ZHELEZNODOPOZHNYY,ZHELEZNODOPOZHNYY,USSR,0168-8682,54.4,21.3167,R,845 6500 ZHELEZNODOPOZHNYY 0168-8682 5424-02119 R
A043-L18,A043,192,7501,ZHELUDOK,ZHELUDOK,USSR,0168-8680,53.5833,25.0,S,192 7501 ZHELUDOK 0168-8680 5335-02500 S
A043-L19,A043,947,9892,ZHITOMIR,ZHITOMIR,USSR,0233-8088,50.2667,28.7333,R,947 9892 ZHITOMIR 0233-8088 5016-02844 R
A043-L20,A043,11,9892,ZHITOMIR/SKOMOROKHI,ZHITOMIR/SKOMOROKHI,USSR,0233-8089,50.1667,28.7333,S,11 9892 ZHITOMIR/SKOMOROKHI 0233-8089 5010-02844 S
A043-L21,A043,402,10748,ZILISTEANCA,"ZILISTEANCA, RUM",Romania,0251-8045,45.2167,26.9833,R,"402 10748 ZILISTEANCA, RUM 0251-8045 4513-02659 R"
A043-L22,A043,162,9924,ZIMA,ZIMA,USSR,0200-8014,53.9333,102.0167,R,162 9924 ZIMA 0200-8014 5356-10201 R
A043-L23,A043,948,9980,ZYRYANKA,ZYRYANKA,USSR,0073-8005,65.8333,150.8667,R,948 9980 ZYRYANKA 0073-8005 6550-15052 R
