id,page,complex_id,category,category_name,category_group,be_wac,be_number,text
C002-L06,C002,C002-L04,366,URALS REGION,RAILROAD YARDS & SHOPS- USSR,0169,0314,366 0169-0314
C002-L07,C002,C002-L04,275,POPULATION,,0165,9973,275 0165-9973
C002-L10,C002,C002-L08,243,MILITARY SCHOOLS,,0159,,243 0159-
C002-L11,C002,C002-L08,354,EAST SIBERIAN & FAR EASTERN REGION,RAILROAD YARDS & SHOPS- USSR,0159,0041,354 0159-0041
C002-L12,C002,C002-L08,246,"MILITARY STORAGE AREAS, ARMY & NAVY",,0159,0048,246 0159-0048
C002-L13,C002,C002-L08,243,MILITARY SCHOOLS,,0159,0049,243 0159-0049
C002-L14,C002,C002-L08,275,POPULATION,,0159,9998,275 0159-9998
C002-L16,C002,C002-L15,290,RAILROAD BRIDGES,,0250,0307,290 0250-0307
C002-L17,C002,C002-L15,394,RUMANIA,RAILROAD YARDS & SHOPS- SATELLITES,0250,0308,394 0250-0308
C002-L18,C002,C002-L15,275,POPULATION,,0250,9857,275 0250-9857
C002-L20,C002,C002-L19,245,"MILITARY STORAGE AREAS, AIR FORCE",,0202,0038,245 0202-0038
C002-L21,C002,C002-L19,275,POPULATION,,0202,9977,275 0202-9977
C002-L24,C002,C002-L22,366,URALS REGION,RAILROAD YARDS & SHOPS- USSR,0155,0121,366 0155-0121
C002-L25,C002,C002-L22,275,POPULATION,,0155,9880,275 0155-9880
C002-L27,C002,C002-L26,248,MILITARY TROOP INSTALLATIONS,,0325,0391,248 0325-0391
C002-L28,C002,C002-L26,275,POPULATION,,0325,9928,275 0325-9928
C002-L30,C002,C002-L29,275,POPULATION,,0325,,275 0325-
C002-L31,C002,C002-L29,116,TRANS-CAUCASUS,ELECTRIC POWER - MAJOR GRIDS,0325,0322,116 0325-0322
C002-L35,C002,C002-L32,227,"LIQUID FUELS, STORAGE NON-REFINERY",,0238,,227 0238-
C002-L36,C002,C002-L32,010,AGRICULTURAL EQUIPMENT,,0238,0006,010 0238-0006
C002-L37,C002,C002-L32,372,WEST SIBERIAN REGION,RAILROAD YARDS & SHOPS- USSR,0238,0035,372 0238-0035
C002-L38,C002,C002-L32,324,WEST SIBERIAN REGION,RAILROAD EQUIPMENT REPAIR PLANTS-USSR,0238,0043,324 0238-0043
C002-L39,C002,C002-L32,208,GOVERNMENT CONTROL CENTERS,,0238,0045,208 0238-0045
C002-L40,C002,C002-L32,275,POPULATION,,0238,9998,275 0238-9998
C003-L04,C003,C002-L41,354,EAST SIBERIAN & FAR EASTERN REGION,RAILROAD YARDS & SHOPS- USSR,0199,0043,354 0199-0043
C003-L05,C003,C002-L41,275,POPULATION,,0199,9996,275 0199-9996
C003-L09,C003,C003-L06,204,FERRO-ALLOYS,,0236,0021,204 0236-0021
C003-L10,C003,C003-L06,372,WEST SIBERIAN REGION,RAILROAD YARDS & SHOPS- USSR,0236,0035,372 0236-0035
C003-L11,C003,C003-L06,135,KAZAKHSTAN-CENTRAL ASIA ECONOMIC REGION,ELECTRIC POWER - OUTSIDE GRIDS,0236,0063,135 0236-0063
C003-L12,C003,C003-L06,208,GOVERNMENT CONTROL CENTERS,,0236,0074,208 0236-0074
C003-L13,C003,C003-L06,275,POPULATION,,0236,9997,275 0236-9997
C003-L16,C003,C003-L14,270,PIG IRON,,0156,0030,270 0156-0030
C003-L17,C003,C003-L14,430,STEEL,,0156,0030,430 0156-0030
C003-L18,C003,C003-L14,366,URALS REGION,RAILROAD YARDS & SHOPS- USSR,0156,0047,366 0156-0047
C003-L19,C003,C003-L14,230,MACHINE TOOLS,,0156,0181,230 0156-0181
C003-L20,C003,C003-L14,095,EARTH MOVING EQUIPMENT,,0156,0434,095 0156-0434
C003-L21,C003,C003-L14,275,POPULATION,,0156,9984,275 0156-9984
C003-L23,C003,C003-L22,270,PIG IRON,,0156,0106,270 0156-0106
C003-L24,C003,C003-L22,430,STEEL,,0156,0106,430 0156-0106
C003-L25,C003,C003-L22,275,POPULATION,,0156,9933,275 0156-9933
C003-L28,C003,C003-L26,360,NORTHEAST SUB-REGION CENTRAL IND REG,RAILROAD YARDS & SHOPS- USSR,0166,0053,360 0166-0053
C003-L29,C003,C003-L26,312,NORTHEAST SUB-REGION CENTRAL IND REG,RAILROAD EQUIPMENT REPAIR PLANTS-USSR,0166,0072,312 0166-0072
C003-L30,C003,C003-L26,246,"MILITARY STORAGE AREAS, ARMY & NAVY",,0166,0208,246 0166-0208
C003-L31,C003,C003-L26,275,POPULATION,,0166,9992,275 0166-9992
C003-L33,C003,C003-L32,248,MILITARY TROOP INSTALLATIONS,,0251,0847,248 0251-0847
C003-L34,C003,C003-L32,275,POPULATION,,0251,9949,275 0251-9949
C003-L36,C003,C003-L35,394,RUMANIA,RAILROAD YARDS & SHOPS- SATELLITES,0251,0209,394 0251-0209
C003-L37,C003,C003-L35,394,RUMANIA,RAILROAD YARDS & SHOPS- SATELLITES,0251,0719,394 0251-0719
C003-L38,C003,C003-L35,275,POPULATION,,0251,9900,275 0251-9900
C003-L41,C003,C003-L39,285,RADIO & TELEVISION,,0154,0018,285 0154-0018
C003-L42,C003,C003-L39,356,MOSCOW SUB-REGION CENTRAL IND REGION,RAILROAD YARDS & SHOPS- USSR,0154,0083,356 0154-0083
C003-L43,C003,C003-L39,275,POPULATION,,0154,9992,275 0154-9992
C003-L46,C003,C003-L44,090,CUTTING TOOLS,,0154,0419,090 0154-0419
C004-L03,C004,C003-L44,275,POPULATION,,0154,9952,275 0154-9952
C004-L06,C004,C004-L04,280,"PORTS, MARITIME",,0205,0001,280 0205-0001
C004-L07,C004,C004-L04,227,"LIQUID FUELS, STORAGE NON-REFINERY",,0205,0009,227 0205-0009
C004-L08,C004,C004-L04,280,"PORTS, MARITIME",,0205,0038,280 0205-0038
C004-L09,C004,C004-L04,275,POPULATION,,0205,9999,275 0205-9999
C004-L12,C004,C004-L10,280,"PORTS, MARITIME",,0205,0041,280 0205-0041
C004-L13,C004,C004-L10,275,POPULATION,,0205,9982,275 0205-9982
C004-L15,C004,C004-L14,362,SOUTHERN SUB-REGION CENTRAL IND REG,RAILROAD YARDS & SHOPS- USSR,0234,0082,362 0234-0082
C004-L16,C004,C004-L14,275,POPULATION,,0234,9981,275 0234-9981
C004-L20,C004,C004-L17,010,AGRICULTURAL EQUIPMENT,,0167,0054,010 0167-0054
C004-L21,C004,C004-L17,112,MOSCOW-GORKIY,ELECTRIC POWER - MAJOR GRIDS,0167,0412,112 0167-0412
C004-L22,C004,C004-L17,023,AMMUNITION,,0167,0689,023 0167-0689
C004-L23,C004,C004-L17,047,A/E HEAVY WATER,,0167,0689,047 0167-0689
C004-L24,C004,C004-L17,215,HIGH EXPLOSIVES,,0167,0689,215 0167-0689
C004-L25,C004,C004-L17,282,PROPELLANTS,,0167,0689,282 0167-0689
C004-L26,C004,C004-L17,281,"PORTS, INLAND",,0167,0918,281 0167-0918
C004-L27,C004,C004-L17,275,POPULATION,,0167,9960,275 0167-9960
C004-L29,C004,C004-L28,445,SULFURIC ACID,,0236,0002,445 0236-0002
C004-L30,C004,C004-L28,275,POPULATION,,0236,9996,275 0236-9996
C004-L33,C004,C004-L31,082,"COPPER, REFINED",,0325,0088,082 0325-0088
C004-L34,C004,C004-L31,084,"COPPER, SMELTED",,0325,0088,084 0325-0088
C004-L35,C004,C004-L31,445,SULFURIC ACID,,0325,0297,445 0325-0297
C004-L36,C004,C004-L31,275,POPULATION,,0325,9981,275 0325-9981
C004-L41,C004,C004-L37,227,"LIQUID FUELS, STORAGE NON-REFINERY",,0329,,227 0329-
C004-L42,C004,C004-L37,227,"LIQUID FUELS, STORAGE NON-REFINERY",,0329,,227 0329-
C004-L43,C004,C004-L37,243,MILITARY SCHOOLS,,0329,,243 0329-
C005-L04,C005,C004-L37,135,KAZAKHSTAN-CENTRAL ASIA ECONOMIC REGION,ELECTRIC POWER - OUTSIDE GRIDS,0329,0002,135 0329-0002
C005-L05,C005,C004-L37,470,TORPEDOES,,0329,0008,470 0329-0008
C005-L06,C005,C004-L37,324,WEST SIBERIAN REGION,RAILROAD EQUIPMENT REPAIR PLANTS-USSR,0329,0010,324 0329-0010
C005-L07,C005,C004-L37,235,METAL FORMING EQUIPMENT,,0329,0011,235 0329-0011
C005-L08,C005,C004-L37,250,MINING MACHINERY,,0329,0011,250 0329-0011
C005-L09,C005,C004-L37,208,GOVERNMENT CONTROL CENTERS,,0329,0036,208 0329-0036
C005-L10,C005,C004-L37,246,"MILITARY STORAGE AREAS, ARMY & NAVY",,0329,0037,246 0329-0037
C005-L11,C005,C004-L37,135,KAZAKHSTAN-CENTRAL ASIA ECONOMIC REGION,ELECTRIC POWER - OUTSIDE GRIDS,0329,0039,135 0329-0039
C005-L12,C005,C004-L37,275,POPULATION,,0329,9999,275 0329-9999
C005-L14,C005,C005-L13,084,"COPPER, SMELTED",,0328,0044,084 0328-0044
C005-L15,C005,C005-L13,275,POPULATION,,0328,9979,275 0328-9979
C005-L17,C005,C005-L16,388,EAST GERMANY,RAILROAD YARDS & SHOPS- SATELLITES,0231,1283,388 0231-1283
C005-L18,C005,C005-L16,090,CUTTING TOOLS,,0231,1964,090 0231-1964
C005-L19,C005,C005-L16,246,"MILITARY STORAGE AREAS, ARMY & NAVY",,0231,1969,246 0231-1969
C005-L20,C005,C005-L16,248,MILITARY TROOP INSTALLATIONS,,0231,3161,248 0231-3161
C005-L21,C005,C005-L16,275,POPULATION,,0231,9883,275 0231-9883
C005-L23,C005,C005-L22,275,POPULATION,,0231,,275 0231-
C005-L24,C005,C005-L22,190,EAST GERMANY,ELECTRIC POWER - SATELLITES,0231,2686,190 0231-2686
C005-L25,C005,C005-L22,190,EAST GERMANY,ELECTRIC POWER - SATELLITES,0231,2714,190 0231-2714
C005-L27,C005,C005-L26,230,MACHINE TOOLS,,0231,1293,230 0231-1293
C005-L28,C005,C005-L26,275,POPULATION,,0231,,275 0231-
C005-L29,C005,C005-L26,235,METAL FORMING EQUIPMENT,,0231,1293,235 0231-1293
C005-L30,C005,C005-L26,190,EAST GERMANY,ELECTRIC POWER - SATELLITES,0231,2709,190 0231-2709
C005-L32,C005,C005-L31,225,"LIQUID FUEL PLANTS, SYNTHETIC",,0231,1347,225 0231-1347
C005-L33,C005,C005-L31,226,"LIQUID FUELS, STORAGE AT REFINERIES",,0231,1347,226 0231-1347
C005-L34,C005,C005-L31,190,EAST GERMANY,ELECTRIC POWER - SATELLITES,0231,2684,190 0231-2684
C005-L35,C005,C005-L31,275,POPULATION,,0231,9143,275 0231-9143
C005-L37,C005,C005-L36,090,CUTTING TOOLS,,0231,1936,090 0231-1936
C005-L38,C005,C005-L36,275,POPULATION,,0231,9788,275 0231-9788
C005-L40,C005,C005-L39,275,POPULATION,,0231,,275 0231-
C005-L41,C005,C005-L39,190,EAST GERMANY,ELECTRIC POWER - SATELLITES,0231,1339,190 0231-1339
C005-L43,C005,C005-L42,190,EAST GERMANY,ELECTRIC POWER - SATELLITES,0231,2683,190 0231-2683
C005-L44,C005,C005-L42,275,POPULATION,,0231,9144,275 0231-9144
C005-L46,C005,C005-L45,280,"PORTS, MARITIME",,0066,0001,280 0066-0001
C005-L47,C005,C005-L45,275,POPULATION,,0066,9999,275 0066-9999
C006-L04,C006,C005-L48,227,"LIQUID FUELS, STORAGE NON-REFINERY",,0498,,227 0498-
C006-L05,C006,C005-L48,228,LOCKS & DAMS,,0498,,228 0498-
C006-L06,C006,C005-L48,242,"MILITARY HQS, NAVY",,0498,,242 0498-
C006-L07,C006,C005-L48,248,MILITARY TROOP INSTALLATIONS,,0498,,248 0498-
C006-L08,C006,C005-L48,254,NAVAL OPERATING BASES,,0498,0013,254 0498-0013
C006-L09,C006,C005-L48,227,"LIQUID FUELS, STORAGE NON-REFINERY",,0498,0014,227 0498-0014
C006-L10,C006,C005-L48,280,"PORTS, MARITIME",,0498,0028,280 0498-0028
C006-L11,C006,C005-L48,248,MILITARY TROOP INSTALLATIONS,,0498,0029,248 0498-0029
C006-L12,C006,C005-L48,275,POPULATION,,0498,9999,275 0498-9999
C006-L14,C006,C006-L13,248,MILITARY TROOP INSTALLATIONS,,0075,,248 0075-
C006-L15,C006,C006-L13,254,NAVAL OPERATING BASES,,0075,,254 0075-
C006-L16,C006,C006-L13,284,RADAR INSTALLATIONS,,0075,,284 0075-
C006-L17,C006,C006-L13,280,"PORTS, MARITIME",,0075,0003,280 0075-0003
C006-L18,C006,C006-L13,275,POPULATION,,0075,9999,275 0075-9999
C006-L21,C006,C006-L19,372,WEST SIBERIAN REGION,RAILROAD YARDS & SHOPS- USSR,0238,0042,372 0238-0042
C006-L22,C006,C006-L19,275,POPULATION,,0238,9972,275 0238-9972
C006-L25,C006,C006-L23,208,GOVERNMENT CONTROL CENTERS,,0328,0208,208 0328-0208
C006-L26,C006,C006-L23,275,POPULATION,,0328,9997,275 0328-9997
C006-L29,C006,C006-L27,104,CENTRAL ASIA,ELECTRIC POWER - MAJOR GRIDS,0328,0214,104 0328-0214
C006-L30,C006,C006-L27,275,POPULATION,,0328,9958,275 0328-9958
C006-L33,C006,C006-L32,104,CENTRAL ASIA,ELECTRIC POWER - MAJOR GRIDS,0328,0183,104 0328-0183
C006-L34,C006,C006-L32,275,POPULATION,,0328,9894,275 0328-9894
C006-L39,C006,C006-L35,075,COKE CHEMICALS,,0289,0039,075 0289-0039
C006-L40,C006,C006-L35,204,FERRO-ALLOYS,,0289,0039,204 0289-0039
C006-L41,C006,C006-L35,270,PIG IRON,,0289,0039,270 0289-0039
C006-L42,C006,C006-L35,430,STEEL,,0289,0039,430 0289-0039
C006-L43,C006,C006-L35,445,SULFURIC ACID,,0289,0039,445 0289-0039
C006-L44,C006,C006-L35,185,CHINA-MAJOR GRIDS,ELECTRIC POWER - SATELLITES,0289,0048,185 0289-0048
C007-L04,C007,C006-L35,290,RAILROAD BRIDGES,,0289,0125,290 0289-0125
C007-L05,C007,C006-L35,290,RAILROAD BRIDGES,,0289,0126,290 0289-0126
C007-L06,C007,C006-L35,384,CHINA,RAILROAD YARDS & SHOPS- SATELLITES,0290,0326,384 0290-0326
C007-L07,C007,C006-L35,384,CHINA,RAILROAD YARDS & SHOPS- SATELLITES,0290,0358,384 0290-0358
C007-L08,C007,C006-L35,290,RAILROAD BRIDGES,,0290,0359,290 0290-0359
C007-L09,C007,C006-L35,208,GOVERNMENT CONTROL CENTERS,,0289,9999,208 0289-9999
C007-L10,C007,C006-L35,275,POPULATION,,0289,9999,275 0289-9999
C007-L13,C007,C007-L11,248,MILITARY TROOP INSTALLATIONS,,0290,,248 0290-
C007-L14,C007,C007-L11,215,HIGH EXPLOSIVES,,0290,0149,215 0290-0149
C007-L15,C007,C007-L11,445,SULFURIC ACID,,0290,0149,445 0290-0149
C007-L16,C007,C007-L11,275,POPULATION,,0290,9920,275 0290-9920
C007-L20,C007,C007-L17,185,CHINA-MAJOR GRIDS,ELECTRIC POWER - SATELLITES,0290,0054,185 0290-0054
C007-L21,C007,C007-L17,185,CHINA-MAJOR GRIDS,ELECTRIC POWER - SATELLITES,0290,0055,185 0290-0055
C007-L22,C007,C007-L17,384,CHINA,RAILROAD YARDS & SHOPS- SATELLITES,0290,0075,384 0290-0075
C007-L23,C007,C007-L17,280,"PORTS, MARITIME",,0290,0145,280 0290-0145
C007-L24,C007,C007-L17,056,"BRIDGES, HWY",,0290,0170,056 0290-0170
C007-L25,C007,C007-L17,290,RAILROAD BRIDGES,,0290,0170,290 0290-0170
C007-L26,C007,C007-L17,282,PROPELLANTS,,0290,0291,282 0290-0291
C007-L27,C007,C007-L17,384,CHINA,RAILROAD YARDS & SHOPS- SATELLITES,0290,0353,384 0290-0353
C007-L28,C007,C007-L17,208,GOVERNMENT CONTROL CENTERS,,0290,0375,208 0290-0375
C007-L29,C007,C007-L17,275,POPULATION,,0290,9991,275 0290-9991
C007-L31,C007,C007-L30,280,"PORTS, MARITIME",,0290,0242,280 0290-0242
C007-L32,C007,C007-L30,208,GOVERNMENT CONTROL CENTERS,,0290,0378,208 0290-0378
C007-L33,C007,C007-L30,275,POPULATION,,0290,9942,275 0290-9942
C007-L36,C007,C007-L34,227,"LIQUID FUELS, STORAGE NON-REFINERY",,0158,,227 0158-
C007-L37,C007,C007-L34,108,KUZNETSK,ELECTRIC POWER - MAJOR GRIDS,0158,0003,108 0158-0003
C007-L38,C007,C007-L34,250,MINING MACHINERY,,0158,0011,250 0158-0011
C007-L39,C007,C007-L34,275,POPULATION,,0158,9998,275 0158-9998
C007-L41,C007,C007-L40,372,WEST SIBERIAN REGION,RAILROAD YARDS & SHOPS- USSR,0158,0006,372 0158-0006
C007-L42,C007,C007-L40,275,POPULATION,,0158,9976,275 0158-9976
C007-L45,C007,C007-L43,376,WEST SUB-REGION UKRAINE REGION,RAILROAD YARDS & SHOPS- USSR,0250,0040,376 0250-0040
C007-L46,C007,C007-L43,275,POPULATION,,0250,9985,275 0250-9985
C008-L04,C008,C007-L47,227,"LIQUID FUELS, STORAGE NON-REFINERY",,0249,,227 0249-
C008-L05,C008,C007-L47,150,SOUTHEAST ECONOMIC REGION,ELECTRIC POWER - OUTSIDE GRIDS,0249,0125,150 0249-0125
C008-L06,C008,C007-L47,275,POPULATION,,0249,9934,275 0249-9934
C008-L08,C008,C008-L07,262,OIL EXTRACTION EQUIPMENT,,0249,0283,262 0249-0283
C008-L09,C008,C008-L07,275,POPULATION,,0249,9924,275 0249-9924
C008-L12,C008,C008-L10,227,"LIQUID FUELS, STORAGE NON-REFINERY",,0249,,227 0249-
C008-L13,C008,C008-L10,275,POPULATION,,0249,9848,275 0249-9848
C008-L16,C008,C008-L14,394,RUMANIA,RAILROAD YARDS & SHOPS- SATELLITES,0251,0012,394 0251-0012
C008-L17,C008,C008-L14,198,RUMANIA,ELECTRIC POWER - SATELLITES,0251,0056,198 0251-0056
C008-L18,C008,C008-L14,290,RAILROAD BRIDGES,,0251,0059,290 0251-0059
C008-L19,C008,C008-L14,292,RAILROAD FREIGHT CARS,,0251,0172,292 0251-0172
C008-L20,C008,C008-L14,296,RAILROAD PASSENGER CARS,,0251,0172,296 0251-0172
C008-L21,C008,C008-L14,010,AGRICULTURAL EQUIPMENT,,0251,0457,010 0251-0457
C008-L22,C008,C008-L14,230,MACHINE TOOLS,,0251,0457,230 0251-0457
C008-L23,C008,C008-L14,337,RUMANIA,RAILROAD EQUIP REPAIR PLANTS-SATTELITES,0251,0712,337 0251-0712
C008-L24,C008,C008-L14,208,GOVERNMENT CONTROL CENTERS,,0251,0839,208 0251-0839
C008-L25,C008,C008-L14,248,MILITARY TROOP INSTALLATIONS,,0251,0848,248 0251-0848
C008-L26,C008,C008-L14,248,MILITARY TROOP INSTALLATIONS,,0251,0849,248 0251-0849
C008-L27,C008,C008-L14,248,MILITARY TROOP INSTALLATIONS,,0251,0853,248 0251-0853
C008-L28,C008,C008-L14,275,POPULATION,,0251,9994,275 0251-9994
C008-L33,C008,C008-L29,241,"MILITARY HQS, ARMY",,0092,,241 0092-
C008-L34,C008,C008-L29,254,NAVAL OPERATING BASES,,0092,0004,254 0092-0004
C008-L35,C008,C008-L29,420,SHIP REPAIR,,0092,0004,420 0092-0004
C008-L36,C008,C008-L29,280,"PORTS, MARITIME",,0092,0006,280 0092-0006
C008-L37,C008,C008-L29,280,"PORTS, MARITIME",,0092,0008,280 0092-0008
C008-L38,C008,C008-L29,358,NORTHERN REGION,RAILROAD YARDS & SHOPS- USSR,0092,0010,358 0092-0010
C008-L39,C008,C008-L29,420,SHIP REPAIR,,0092,0017,420 0092-0017
C008-L40,C008,C008-L29,420,SHIP REPAIR,,0092,0020,420 0092-0020
C008-L41,C008,C008-L29,227,"LIQUID FUELS, STORAGE NON-REFINERY",,0092,0029,227 0092-0029
C008-L42,C008,C008-L29,140,NORTHWEST ECONOMIC REGION,ELECTRIC POWER - OUTSIDE GRIDS,0092,0032,140 0092-0032
C008-L43,C008,C008-L29,140,NORTHWEST ECONOMIC REGION,ELECTRIC POWER - OUTSIDE GRIDS,0092,0037,140 0092-0037
C008-L44,C008,C008-L29,227,"LIQUID FUELS, STORAGE NON-REFINERY",,0092,0043,227 0092-0043
C008-L45,C008,C008-L29,227,"LIQUID FUELS, STORAGE NON-REFINERY",,0092,0044,227 0092-0044
C008-L46,C008,C008-L29,280,"PORTS, MARITIME",,0092,0051,280 0092-0051
C008-L47,C008,C008-L29,280,"PORTS, MARITIME",,0092,0052,280 0092-0052
C008-L48,C008,C008-L29,208,GOVERNMENT CONTROL CENTERS,,0092,0054,208 0092-0054
C008-L49,C008,C008-L29,140,NORTHWEST ECONOMIC REGION,ELECTRIC POWER - OUTSIDE GRIDS,0092,0055,140 0092-0055
C008-L50,C008,C008-L29,243,MILITARY SCHOOLS,,0092,0061,243 0092-0061
C008-L51,C008,C008-L29,254,NAVAL OPERATING BASES,,0092,0063,254 0092-0063
C008-L52,C008,C008-L29,275,POPULATION,,0092,9999,275 0092-9999
C009-L06,C009,C009-L04,358,NORTHERN REGION,RAILROAD YARDS & SHOPS- USSR,0092,0046,358 0092-0046
C009-L07,C009,C009-L04,275,POPULATION,,0092,9994,275 0092-9994
C009-L10,C009,C009-L08,354,EAST SIBERIAN & FAR EASTERN REGION,RAILROAD YARDS & SHOPS- USSR,0203,0084,354 0203-0084
C009-L11,C009,C009-L08,275,POPULATION,,0203,9998,275 0203-9998
C009-L15,C009,C009-L12,227,"LIQUID FUELS, STORAGE NON-REFINERY",,0249,,227 0249-
C009-L16,C009,C009-L12,246,"MILITARY STORAGE AREAS, ARMY & NAVY",,0249,,246 0249-
C009-L17,C009,C009-L12,248,MILITARY TROOP INSTALLATIONS,,0249,,248 0249-
C009-L18,C009,C009-L12,248,MILITARY TROOP INSTALLATIONS,,0249,,248 0249-
C009-L19,C009,C009-L12,262,OIL EXTRACTION EQUIPMENT,,0249,0208,262 0249-0208
C009-L20,C009,C009-L12,227,"LIQUID FUELS, STORAGE NON-REFINERY",,0249,0289,227 0249-0289
C009-L21,C009,C009-L12,350,CAUCASUS REGION,RAILROAD YARDS & SHOPS- USSR,0249,0327,350 0249-0327
C009-L22,C009,C009-L12,275,POPULATION,,0249,9989,275 0249-9989
C009-L24,C009,C009-L23,023,AMMUNITION,,0291,,023 0291-
C009-L25,C009,C009-L23,130,FAR EAST ECONOMIC REGION,ELECTRIC POWER - OUTSIDE GRIDS,0291,0013,130 0291-0013
C009-L26,C009,C009-L23,275,POPULATION,,0291,9997,275 0291-9997
C009-L29,C009,C009-L27,227,"LIQUID FUELS, STORAGE NON-REFINERY",,0291,,227 0291-
C009-L30,C009,C009-L27,275,POPULATION,,0291,,275 0291-
C009-L32,C009,C009-L31,246,"MILITARY STORAGE AREAS, ARMY & NAVY",,0291,,246 0291-
C009-L33,C009,C009-L31,275,POPULATION,,0291,,275 0291-
C009-L35,C009,C009-L34,246,"MILITARY STORAGE AREAS, ARMY & NAVY",,0291,,246 0291-
C009-L36,C009,C009-L34,275,POPULATION,,0291,,275 0291-
C009-L37,C009,C009-L34,248,MILITARY TROOP INSTALLATIONS,,0291,0163,248 0291-0163
C009-L40,C009,C009-L38,227,"LIQUID FUELS, STORAGE NON-REFINERY",,0291,0016,227 0291-0016
C009-L41,C009,C009-L38,275,POPULATION,,0291,9979,275 0291-9979
C009-L44,C009,C009-L42,118,URALS,ELECTRIC POWER - MAJOR GRIDS,0156,0018,118 0156-0018
C009-L45,C009,C009-L42,285,RADIO & TELEVISION,,0156,0314,285 0156-0314
C009-L46,C009,C009-L42,275,POPULATION,,0156,9805,275 0156-9805
C010-L04,C010,C010-L04-lost,415,SHIPBUILDING,,0248,0010,415 0248-0010
C010-L05,C010,C010-L04-lost,165,VOLGA ECONOMIC REGION,ELECTRIC POWER - OUTSIDE GRIDS,0248,0017,165 0248-0017
C010-L06,C010,C010-L04-lost,415,SHIPBUILDING,,0248,0018,415 0248-0018
C010-L07,C010,C010-L04-lost,227,"LIQUID FUELS, STORAGE NON-REFINERY",,0248,0029,227 0248-0029
C010-L08,C010,C010-L04-lost,227,"LIQUID FUELS, STORAGE NON-REFINERY",,0248,0030,227 0248-0030
C010-L09,C010,C010-L04-lost,227,"LIQUID FUELS, STORAGE NON-REFINERY",,0248,0031,227 0248-0031
C010-L10,C010,C010-L04-lost,227,"LIQUID FUELS, STORAGE NON-REFINERY",,0248,0038,227 0248-0038
C010-L11,C010,C010-L04-lost,290,RAILROAD BRIDGES,,0248,0046,290 0248-0046
C010-L12,C010,C010-L04-lost,208,GOVERNMENT CONTROL CENTERS,,0248,0051,208 0248-0051
C010-L13,C010,C010-L04-lost,248,MILITARY TROOP INSTALLATIONS,,0248,0058,248 0248-0058
C010-L14,C010,C010-L04-lost,290,RAILROAD BRIDGES,,0248,0058,290 0248-0058
C010-L15,C010,C010-L04-lost,275,POPULATION,,0248,9999,275 0248-9999
C010-L18,C010,C010-L16,227,"LIQUID FUELS, STORAGE NON-REFINERY",,0248,0034,227 0248-0034
C010-L19,C010,C010-L16,227,"LIQUID FUELS, STORAGE NON-REFINERY",,0248,0035,227 0248-0035
C010-L20,C010,C010-L16,275,POPULATION,,0248,9972,275 0248-9972
C010-L23,C010,C010-L21,372,WEST SIBERIAN REGION,RAILROAD YARDS & SHOPS- USSR,0237,0008,372 0237-0008
C010-L24,C010,C010-L21,275,POPULATION,,0237,9998,275 0237-9998
C010-L26,C010,C010-L25,227,"LIQUID FUELS, STORAGE NON-REFINERY",,0123,,227 0123-
C010-L27,C010,C010-L25,275,POPULATION,,0123,9999,275 0123-9999
C010-L30,C010,C010-L28,368,VOLGA REGION,RAILROAD YARDS & SHOPS- USSR,0235,0174,368 0235-0174
C010-L31,C010,C010-L28,275,POPULATION,,0235,9984,275 0235-9984
C010-L34,C010,C010-L32,372,WEST SIBERIAN REGION,RAILROAD YARDS & SHOPS- USSR,0244,0013,372 0244-0013
C010-L35,C010,C010-L32,275,POPULATION,,0244,9991,275 0244-9991
C010-L38,C010,C010-L36,358,NORTHERN REGION,RAILROAD YARDS & SHOPS- USSR,0154,0400,358 0154-0400
C010-L39,C010,C010-L36,275,POPULATION,,0154,9943,275 0154-9943
C010-L42,C010,C010-L40,354,EAST SIBERIAN & FAR EASTERN REGION,RAILROAD YARDS & SHOPS- USSR,0241,0011,354 0241-0011
C010-L43,C010,C010-L40,275,POPULATION,,0241,9995,275 0241-9995
C011-L05,C011,C011-L04,290,RAILROAD BRIDGES,,0251,0789,290 0251-0789
C011-L06,C011,C011-L04,248,MILITARY TROOP INSTALLATIONS,,0251,0943,248 0251-0943
C011-L07,C011,C011-L04,275,POPULATION,,0251,9871,275 0251-9871
C011-L09,C011,C011-L08,275,POPULATION,,0231,,275 0231-
C011-L10,C011,C011-L08,056,"BRIDGES, HWY",,0231,0571,056 0231-0571
C011-L11,C011,C011-L08,290,RAILROAD BRIDGES,,0231,0571,290 0231-0571
C011-L12,C011,C011-L08,246,"MILITARY STORAGE AREAS, ARMY & NAVY",,0231,3179,246 0231-3179
C011-L14,C011,C011-L13,275,POPULATION,,0169,,275 0169-
C011-L15,C011,C011-L13,246,"MILITARY STORAGE AREAS, ARMY & NAVY",,0169,1142,246 0169-1142
C011-L17,C011,C011-L16,216,"LEAD, REFINED",,0251,0466,216 0251-0466
C011-L18,C011,C011-L16,445,SULFURIC ACID,,0251,0466,445 0251-0466
C011-L19,C011,C011-L16,275,POPULATION,,0251,9947,275 0251-9947
C011-L21,C011,C011-L20,216,"LEAD, REFINED",,0251,0467,216 0251-0467
C011-L22,C011,C011-L20,445,SULFURIC ACID,,0251,0467,445 0251-0467
C011-L23,C011,C011-L20,275,POPULATION,,0251,9853,275 0251-9853
C011-L25,C011,C011-L24,290,RAILROAD BRIDGES,,0252,0150,290 0252-0150
C011-L26,C011,C011-L24,390,HUNGARY,RAILROAD YARDS & SHOPS- SATELLITES,0252,0890,390 0252-0890
C011-L27,C011,C011-L24,281,"PORTS, INLAND",,0252,0899,281 0252-0899
C011-L28,C011,C011-L24,248,MILITARY TROOP INSTALLATIONS,,0252,0975,248 0252-0975
C011-L29,C011,C011-L24,275,POPULATION,,0252,9980,275 0252-9980
C011-L36,C011,C011-L30,227,"LIQUID FUELS, STORAGE NON-REFINERY",,0325,,227 0325-
C011-L37,C011,C011-L30,240,"MILITARY CONTROLS, AIR FORCE",,0325,,240 0325-
C011-L38,C011,C011-L30,241,"MILITARY HQS, ARMY",,0325,,241 0325-
C011-L39,C011,C011-L30,243,MILITARY SCHOOLS,,0325,,243 0325-
C011-L40,C011,C011-L30,116,TRANS-CAUCASUS,ELECTRIC POWER - MAJOR GRIDS,0325,0003,116 0325-0003
C011-L41,C011,C011-L30,204,FERRO-ALLOYS,,0325,0004,204 0325-0004
C011-L42,C011,C011-L30,262,OIL EXTRACTION EQUIPMENT,,0325,0004,262 0325-0004
C011-L43,C011,C011-L30,430,STEEL,,0325,0004,430 0325-0004
C011-L44,C011,C011-L30,116,TRANS-CAUCASUS,ELECTRIC POWER - MAJOR GRIDS,0325,0010,116 0325-0010
C011-L45,C011,C011-L30,445,SULFURIC ACID,,0325,0020,445 0325-0020
C011-L46,C011,C011-L30,281,"PORTS, INLAND",,0325,0023,281 0325-0023
C012-L04,C012,C011-L30,480,"TRANSFORMERS, HEAVY",,0325,0033,480 0325-0033
C012-L05,C012,C011-L30,224,"LIQUID FUEL PLANTS, CRUDE",,0325,0070,224 0325-0070
C012-L06,C012,C011-L30,226,"LIQUID FUELS, STORAGE AT REFINERIES",,0325,0070,226 0325-0070
C012-L07,C012,C011-L30,262,OIL EXTRACTION EQUIPMENT,,0325,0086,262 0325-0086
C012-L08,C012,C011-L30,350,CAUCASUS REGION,RAILROAD YARDS & SHOPS- USSR,0325,0109,350 0325-0109
C012-L09,C012,C011-L30,262,OIL EXTRACTION EQUIPMENT,,0325,0121,262 0325-0121
C012-L10,C012,C011-L30,060,CALCIUM CARBIDE,,0325,0152,060 0325-0152
C012-L11,C012,C011-L30,262,OIL EXTRACTION EQUIPMENT,,0325,0180,262 0325-0180
C012-L12,C012,C011-L30,262,OIL EXTRACTION EQUIPMENT,,0325,0181,262 0325-0181
C012-L13,C012,C011-L30,350,CAUCASUS REGION,RAILROAD YARDS & SHOPS- USSR,0325,0235,350 0325-0235
C012-L14,C012,C011-L30,254,NAVAL OPERATING BASES,,0325,0269,254 0325-0269
C012-L15,C012,C011-L30,285,RADIO & TELEVISION,,0325,0275,285 0325-0275
C012-L16,C012,C011-L30,262,OIL EXTRACTION EQUIPMENT,,0325,0331,262 0325-0331
C012-L17,C012,C011-L30,262,OIL EXTRACTION EQUIPMENT,,0325,0332,262 0325-0332
C012-L18,C012,C011-L30,262,OIL EXTRACTION EQUIPMENT,,0325,0333,262 0325-0333
C012-L19,C012,C011-L30,262,OIL EXTRACTION EQUIPMENT,,0325,0334,262 0325-0334
C012-L20,C012,C011-L30,262,OIL EXTRACTION EQUIPMENT,,0325,0335,262 0325-0335
C012-L21,C012,C011-L30,208,GOVERNMENT CONTROL CENTERS,,0325,0353,208 0325-0353
C012-L22,C012,C011-L30,116,TRANS-CAUCASUS,ELECTRIC POWER - MAJOR GRIDS,0325,0392,116 0325-0392
C012-L23,C012,C011-L30,116,TRANS-CAUCASUS,ELECTRIC POWER - MAJOR GRIDS,0325,0393,116 0325-0393
C012-L24,C012,C011-L30,246,"MILITARY STORAGE AREAS, ARMY & NAVY",,0325,0394,246 0325-0394
C012-L25,C012,C011-L30,248,MILITARY TROOP INSTALLATIONS,,0325,0395,248 0325-0395
C012-L26,C012,C011-L30,246,"MILITARY STORAGE AREAS, ARMY & NAVY",,0325,0396,246 0325-0396
C012-L27,C012,C011-L30,243,MILITARY SCHOOLS,,0325,0397,243 0325-0397
C012-L28,C012,C011-L30,248,MILITARY TROOP INSTALLATIONS,,0325,0397,248 0325-0397
C012-L29,C012,C011-L30,224,"LIQUID FUEL PLANTS, CRUDE",,0325,0420,224 0325-0420
C012-L30,C012,C011-L30,226,"LIQUID FUELS, STORAGE AT REFINERIES",,0325,0420,226 0325-0420
C012-L31,C012,C011-L30,275,POPULATION,,0325,9999,275 0325-9999
C012-L34,C012,C012-L32,116,TRANS-CAUCASUS,ELECTRIC POWER - MAJOR GRIDS,0325,0009,116 0325-0009
C012-L35,C012,C012-L32,400,"RUBBER, SYNTHETIC",,0325,0022,400 0325-0022
C012-L36,C012,C012-L32,020,ALUMINA,,0325,0050,020 0325-0050
C012-L37,C012,C012-L32,021,ALUMINUM,,0325,0050,021 0325-0050
C012-L38,C012,C012-L32,430,STEEL,,0325,0085,430 0325-0085
C012-L39,C012,C012-L32,062,CAUSTIC SODA,,0325,0149,062 0325-0149
C012-L40,C012,C012-L32,068,CHLORINE,,0325,0149,068 0325-0149
C012-L41,C012,C012-L32,262,OIL EXTRACTION EQUIPMENT,,0325,0185,262 0325-0185
C012-L42,C012,C012-L32,056,"BRIDGES, HWY",,0325,0340,056 0325-0340
C012-L43,C012,C012-L32,275,POPULATION,,0325,9880,275 0325-9880
C012-L46,C012,C012-L44,112,MOSCOW-GORKIY,ELECTRIC POWER - MAJOR GRIDS,0154,0013,112 0154-0013
C012-L47,C012,C012-L44,112,MOSCOW-GORKIY,ELECTRIC POWER - MAJOR GRIDS,0154,0109,112 0154-0109
C012-L48,C012,C012-L44,281,"PORTS, INLAND",,0154,0418,281 0154-0418
C012-L49,C012,C012-L44,275,POPULATION,,0154,9990,275 0154-9990
C012-L52,C012,C012-L50,112,MOSCOW-GORKIY,ELECTRIC POWER - MAJOR GRIDS,0154,0216,112 0154-0216
C012-L53,C012,C012-L50,275,POPULATION,,0154,9662,275 0154-9662
C013-L06,C013,C013-L04,368,VOLGA REGION,RAILROAD YARDS & SHOPS- USSR,0235,0116,368 0235-0116
C013-L07,C013,C013-L04,227,"LIQUID FUELS, STORAGE NON-REFINERY",,0235,0151,227 0235-0151
C013-L08,C013,C013-L04,246,"MILITARY STORAGE AREAS, ARMY & NAVY",,0235,0176,246 0235-0176
C013-L09,C013,C013-L04,275,POPULATION,,0235,9994,275 0235-9994
C013-L12,C013,C013-L10,227,"LIQUID FUELS, STORAGE NON-REFINERY",,0245,,227 0245-
C013-L13,C013,C013-L10,135,KAZAKHSTAN-CENTRAL ASIA ECONOMIC REGION,ELECTRIC POWER - OUTSIDE GRIDS,0245,0007,135 0245-0007
C013-L14,C013,C013-L10,082,"COPPER, REFINED",,0245,0008,082 0245-0008
C013-L15,C013,C013-L10,084,"COPPER, SMELTED",,0245,0008,084 0245-0008
C013-L16,C013,C013-L10,060,CALCIUM CARBIDE,,0245,0009,060 0245-0009
C013-L17,C013,C013-L10,372,WEST SIBERIAN REGION,RAILROAD YARDS & SHOPS- USSR,0244,0010,372 0244-0010
C013-L18,C013,C013-L10,281,"PORTS, INLAND",,0244,0011,281 0244-0011
C013-L19,C013,C013-L10,275,POPULATION,,0244,9998,275 0244-9998
C013-L21,C013,C013-L20,254,NAVAL OPERATING BASES,,0169,0129,254 0169-0129
C013-L22,C013,C013-L20,227,"LIQUID FUELS, STORAGE NON-REFINERY",,0169,0263,227 0169-0263
C013-L23,C013,C013-L20,280,"PORTS, MARITIME",,0169,0335,280 0169-0335
C013-L24,C013,C013-L20,370,WESTERN REGION,RAILROAD YARDS & SHOPS- USSR,0169,0941,370 0169-0941
C013-L25,C013,C013-L20,415,SHIPBUILDING,,0159,0951,415 0159-0951
C013-L26,C013,C013-L20,208,GOVERNMENT CONTROL CENTERS,,0169,1143,208 0169-1143
C013-L27,C013,C013-L20,242,"MILITARY HQS, NAVY",,0169,1144,242 0169-1144
C013-L28,C013,C013-L20,246,"MILITARY STORAGE AREAS, ARMY & NAVY",,0169,1146,246 0169-1146
C013-L29,C013,C013-L20,246,"MILITARY STORAGE AREAS, ARMY & NAVY",,0169,1148,246 0169-1148
C013-L30,C013,C013-L20,275,POPULATION,,0169,9985,275 0169-9985
C013-L32,C013,C013-L31,082,"COPPER, REFINED",,0232,0855,082 0232-0855
C013-L33,C013,C013-L31,248,MILITARY TROOP INSTALLATIONS,,0232,1524,248 0232-1524
C013-L34,C013,C013-L31,275,POPULATION,,0232,9717,275 0232-9717
C013-L36,C013,C013-L35,216,"LEAD, REFINED",,0232,0906,216 0232-0906
C013-L37,C013,C013-L35,275,POPULATION,,0232,9716,275 0232-9716
C013-L39,C013,C013-L38,188,CZECHOSLOVAKIA,ELECTRIC POWER - SATELLITES,0232,0462,188 0232-0462
C013-L40,C013,C013-L38,060,CALCIUM CARBIDE,,0232,1115,060 0232-1115
C013-L41,C013,C013-L38,275,POPULATION,,0232,9708,275 0232-9708
C013-L43,C013,C013-L42,020,ALUMINA,,0232,1014,020 0232-1014
C013-L44,C013,C013-L42,021,ALUMINUM,,0232,1014,021 0232-1014
C013-L45,C013,C013-L42,275,POPULATION,,0232,9535,275 0232-9535
C013-L47,C013,C013-L46,386,CZECHOSLOVAKIA,RAILROAD YARDS & SHOPS- SATELLITES,0232,0548,386 0232-0548
C013-L48,C013,C013-L46,245,"MILITARY STORAGE AREAS, AIR FORCE",,0232,1553,245 0232-1553
C013-L49,C013,C013-L46,275,POPULATION,,0232,9666,275 0232-9666
C014-L06,C014,C014-L04,372,WEST SIBERIAN REGION,RAILROAD YARDS & SHOPS- USSR,0162,0086,372 0162-0086
C014-L07,C014,C014-L04,275,POPULATION,,0162,9997,275 0162-9997
C014-L10,C014,C014-L08,227,"LIQUID FUELS, STORAGE NON-REFINERY",,0168,,227 0168-
C014-L11,C014,C014-L08,170,WEST ECONOMIC REGION,ELECTRIC POWER - OUTSIDE GRIDS,0168,0037,170 0168-0037
C014-L12,C014,C014-L08,370,WESTERN REGION,RAILROAD YARDS & SHOPS- USSR,0168,0117,370 0168-0117
C014-L13,C014,C014-L08,275,POPULATION,,0168,9981,275 0168-9981
C014-L15,C014,C014-L14,248,MILITARY TROOP INSTALLATIONS,,0168,0317,248 0168-0317
C014-L16,C014,C014-L14,275,POPULATION,,0168,9828,275 0168-9828
C014-L18,C014,C014-L17,290,RAILROAD BRIDGES,,0252,0019,290 0252-0019
C014-L19,C014,C014-L17,056,"BRIDGES, HWY",,0252,0578,056 0252-0578
C014-L20,C014,C014-L17,390,HUNGARY,RAILROAD YARDS & SHOPS- SATELLITES,0252,0889,390 0252-0889
C014-L21,C014,C014-L17,275,POPULATION,,0252,9684,275 0252-9684
C014-L23,C014,C014-L22,030,ANTI-FRICTION BEARINGS,,0250,0333,030 0250-0333
C014-L24,C014,C014-L22,246,"MILITARY STORAGE AREAS, ARMY & NAVY",,0250,0358,246 0250-0358
C014-L25,C014,C014-L22,275,POPULATION,,0250,9880,275 0250-9880
C014-L29,C014,C014-L26,175,WEST SIBERIAN ECONOMIC REGION,ELECTRIC POWER - OUTSIDE GRIDS,0162,0001,175 0162-0001
C014-L30,C014,C014-L26,235,METAL FORMING EQUIPMENT,,0162,0004,235 0162-0004
C014-L31,C014,C014-L26,055,"BOILERS, HIGH PRESSURE",,0162,0005,055 0162-0005
C014-L32,C014,C014-L26,324,WEST SIBERIAN REGION,RAILROAD EQUIPMENT REPAIR PLANTS-USSR,0162,0028,324 0162-0028
C014-L33,C014,C014-L26,023,AMMUNITION,,0162,0030,023 0162-0030
C014-L34,C014,C014-L26,175,WEST SIBERIAN ECONOMIC REGION,ELECTRIC POWER - OUTSIDE GRIDS,0162,0040,175 0162-0040
C014-L35,C014,C014-L26,285,RADIO & TELEVISION,,0162,0066,285 0162-0066
C014-L36,C014,C014-L26,372,WEST SIBERIAN REGION,RAILROAD YARDS & SHOPS- USSR,0162,0069,372 0162-0069
C014-L37,C014,C014-L26,290,RAILROAD BRIDGES,,0162,0090,290 0162-0090
C014-L38,C014,C014-L26,281,"PORTS, INLAND",,0162,0091,281 0162-0091
C014-L39,C014,C014-L26,208,GOVERNMENT CONTROL CENTERS,,0162,0109,208 0162-0109
C014-L40,C014,C014-L26,227,"LIQUID FUELS, STORAGE NON-REFINERY",,0162,0114,227 0162-0114
C014-L41,C014,C014-L26,292,RAILROAD FREIGHT CARS,,0162,0122,292 0162-0122
C014-L42,C014,C014-L26,372,WEST SIBERIAN REGION,RAILROAD YARDS & SHOPS- USSR,0162,0123,372 0162-0123
C014-L43,C014,C014-L26,275,POPULATION,,0162,9999,275 0162-9999
C014-L45,C014,C014-L44,227,"LIQUID FUELS, STORAGE NON-REFINERY",,0234,,227 0234-
C014-L46,C014,C014-L44,275,POPULATION,,0234,9650,275 0234-9650
C015-L06,C015,C015-L04,227,"LIQUID FUELS, STORAGE NON-REFINERY",,0251,0552,227 0251-0552
C015-L07,C015,C015-L04,275,POPULATION,,0251,9798,275 0251-9798
C015-L11,C015,C015-L08,248,MILITARY TROOP INSTALLATIONS,,0324,,248 0324-
C015-L12,C015,C015-L08,280,"PORTS, MARITIME",,0324,0003,280 0324-0003
C015-L13,C015,C015-L08,227,"LIQUID FUELS, STORAGE NON-REFINERY",,0324,0009,227 0324-0009
C015-L14,C015,C015-L08,350,CAUCASUS REGION,RAILROAD YARDS & SHOPS- USSR,0324,0018,350 0324-0018
C015-L15,C015,C015-L08,254,NAVAL OPERATING BASES,,0324,0046,254 0324-0046
C015-L16,C015,C015-L08,420,SHIP REPAIR,,0324,0046,420 0324-0046
C015-L17,C015,C015-L08,227,"LIQUID FUELS, STORAGE NON-REFINERY",,0324,0088,227 0324-0088
C015-L18,C015,C015-L08,224,"LIQUID FUEL PLANTS, CRUDE",,0324,0092,224 0324-0092
C015-L19,C015,C015-L08,226,"LIQUID FUELS, STORAGE AT REFINERIES",,0324,0092,226 0324-0092
C015-L20,C015,C015-L08,208,GOVERNMENT CONTROL CENTERS,,0324,0145,208 0324-0145
C015-L21,C015,C015-L08,246,"MILITARY STORAGE AREAS, ARMY & NAVY",,0324,0146,246 0324-0146
C015-L22,C015,C015-L08,248,MILITARY TROOP INSTALLATIONS,,0324,0146,248 0324-0146
C015-L23,C015,C015-L08,275,POPULATION,,0324,9998,275 0324-9998
C015-L26,C015,C015-L24,116,TRANS-CAUCASUS,ELECTRIC POWER - MAJOR GRIDS,0324,0077,116 0324-0077
C015-L27,C015,C015-L24,275,POPULATION,,0324,9947,275 0324-9947
C015-L29,C015,C015-L28,215,HIGH EXPLOSIVES,,0231,0646,215 0231-0646
C015-L30,C015,C015-L28,292,RAILROAD FREIGHT CARS,,0231,1720,292 0231-1720
C015-L31,C015,C015-L28,296,RAILROAD PASSENGER CARS,,0231,1720,296 0231-1720
C015-L32,C015,C015-L28,388,EAST GERMANY,RAILROAD YARDS & SHOPS- SATELLITES,0231,1820,388 0231-1820
C015-L33,C015,C015-L28,248,MILITARY TROOP INSTALLATIONS,,0231,3180,248 0231-3180
C015-L34,C015,C015-L28,243,MILITARY SCHOOLS,,0231,3993,243 0231-3993
C015-L35,C015,C015-L28,275,POPULATION,,0231,9894,275 0231-9894
C015-L37,C015,C015-L36,275,POPULATION,,0231,,275 0231-
C015-L38,C015,C015-L36,248,MILITARY TROOP INSTALLATIONS,,0231,3237,248 0231-3237
C015-L39,C015,C015-L36,243,MILITARY SCHOOLS,,0231,3995,243 0231-3995
C015-L41,C015,C015-L40,275,POPULATION,,0231,,275 0231-
C015-L42,C015,C015-L40,010,AGRICULTURAL EQUIPMENT,,0231,2787,010 0231-2787
C015-L44,C015,C015-L43,084,"COPPER, SMELTED",,0164,0082,084 0164-0082
C015-L45,C015,C015-L43,275,POPULATION,,0164,9980,275 0164-9980
C016-L04,C016,C015-L46,227,"LIQUID FUELS, STORAGE NON-REFINERY",,0328,,227 0328-
C016-L05,C016,C015-L46,204,FERRO-ALLOYS,,0328,0008,204 0328-0008
C016-L06,C016,C015-L46,430,STEEL,,0328,0008,430 0328-0008
C016-L07,C016,C015-L46,104,CENTRAL ASIA,ELECTRIC POWER - MAJOR GRIDS,0328,0060,104 0328-0060
C016-L08,C016,C015-L46,275,POPULATION,,0328,9988,275 0328-9988
C016-L10,C016,C016-L09,390,HUNGARY,RAILROAD YARDS & SHOPS- SATELLITES,0251,0726,390 0251-0726
C016-L11,C016,C016-L09,090,CUTTING TOOLS,,0251,0846,090 0251-0846
C016-L12,C016,C016-L09,248,MILITARY TROOP INSTALLATIONS,,0251,0867,248 0251-0867
C016-L13,C016,C016-L09,275,POPULATION,,0251,9983,275 0251-9983
C016-L15,C016,C016-L14,390,HUNGARY,RAILROAD YARDS & SHOPS- SATELLITES,0251,0733,390 0251-0733
C016-L16,C016,C016-L14,275,POPULATION,,0251,9808,275 0251-9808
C016-L19,C016,C016-L17,362,SOUTHERN SUB-REGION CENTRAL IND REG,RAILROAD YARDS & SHOPS- USSR,0167,1011,362 0167-1011
C016-L20,C016,C016-L17,275,POPULATION,,0167,9922,275 0167-9922
C016-L23,C016,C016-L21,120,CENTRAL INDUSTRIAL REGION,ELECTRIC POWER - OUTSIDE GRIDS,0234,0446,120 0234-0446
C016-L24,C016,C016-L21,362,SOUTHERN SUB-REGION CENTRAL IND REG,RAILROAD YARDS & SHOPS- USSR,0234,0458,362 0234-0458
C016-L25,C016,C016-L21,275,POPULATION,,0234,9978,275 0234-9978
C016-L28,C016,C016-L26,240,"MILITARY CONTROLS, AIR FORCE",,0091,,240 0091-
C016-L29,C016,C016-L26,254,NAVAL OPERATING BASES,,0091,,254 0091-
C016-L30,C016,C016-L26,280,"PORTS, MARITIME",,0091,0004,280 0091-0004
C016-L31,C016,C016-L26,290,RAILROAD BRIDGES,,0091,0019,290 0091-0019
C016-L32,C016,C016-L26,056,"BRIDGES, HWY",,0091,0039,056 0091-0039
C016-L33,C016,C016-L26,280,"PORTS, MARITIME",,0091,0062,280 0091-0062
C016-L34,C016,C016-L26,280,"PORTS, MARITIME",,0091,0063,280 0091-0063
C016-L35,C016,C016-L26,280,"PORTS, MARITIME",,0091,0064,280 0091-0064
C016-L36,C016,C016-L26,140,NORTHWEST ECONOMIC REGION,ELECTRIC POWER - OUTSIDE GRIDS,0091,0080,140 0091-0080
C016-L37,C016,C016-L26,275,POPULATION,,0091,9999,275 0091-9999
C016-L40,C016,C016-L38,140,NORTHWEST ECONOMIC REGION,ELECTRIC POWER - OUTSIDE GRIDS,0091,0081,140 0091-0081
C016-L41,C016,C016-L38,275,POPULATION,,0091,9992,275 0091-9992
C016-L43,C016,C016-L42,227,"LIQUID FUELS, STORAGE NON-REFINERY",,0249,,227 0249-
C016-L44,C016,C016-L42,150,SOUTHEAST ECONOMIC REGION,ELECTRIC POWER - OUTSIDE GRIDS,0249,0358,150 0249-0358
C016-L45,C016,C016-L42,275,POPULATION,,0249,9987,275 0249-9987
C017-L05,C017,C017-L04,270,PIG IRON,,0164,0020,270 0164-0020
C017-L06,C017,C017-L04,430,STEEL,,0164,0020,430 0164-0020
C017-L07,C017,C017-L04,275,POPULATION,,0164,9996,275 0164-9996
C017-L10,C017,C017-L08,057,CADMIUM,,0161,0018,057 0161-0018
C017-L11,C017,C017-L08,490,ZINC,,0161,0018,490 0161-0018
C017-L12,C017,C017-L08,108,KUZNETSK,ELECTRIC POWER - MAJOR GRIDS,0161,0058,108 0161-0058
C017-L13,C017,C017-L08,285,RADIO & TELEVISION,,0161,0069,285 0161-0069
C017-L14,C017,C017-L08,372,WEST SIBERIAN REGION,RAILROAD YARDS & SHOPS- USSR,0161,0103,372 0161-0103
C017-L15,C017,C017-L08,275,POPULATION,,0161,9996,275 0161-9996
C017-L18,C017,C017-L16,430,STEEL,,0161,0011,430 0161-0011
C017-L19,C017,C017-L16,275,POPULATION,,0161,9995,275 0161-9995
C017-L22,C017,C017-L20,376,WEST SUB-REGION UKRAINE REGION,RAILROAD YARDS & SHOPS- USSR,0250,0050,376 0250-0050
C017-L23,C017,C017-L20,376,WEST SUB-REGION UKRAINE REGION,RAILROAD YARDS & SHOPS- USSR,0250,0051,376 0250-0051
C017-L24,C017,C017-L20,275,POPULATION,,0250,9983,275 0250-9983
C017-L27,C017,C017-L25,376,WEST SUB-REGION UKRAINE REGION,RAILROAD YARDS & SHOPS- USSR,0250,0052,376 0250-0052
C017-L28,C017,C017-L25,290,RAILROAD BRIDGES,,0250,0053,290 0250-0053
C017-L29,C017,C017-L25,275,POPULATION,,0250,9990,275 0250-9990
C017-L32,C017,C017-L30,227,"LIQUID FUELS, STORAGE NON-REFINERY",,0250,0217,227 0250-0217
C017-L33,C017,C017-L30,275,POPULATION,,0250,9940,275 0250-9940
C017-L35,C017,C017-L34,248,MILITARY TROOP INSTALLATIONS,,0231,3424,248 0231-3424
C017-L36,C017,C017-L34,275,POPULATION,,0231,9105,275 0231-9105
C017-L38,C017,C017-L37,275,POPULATION,,0231,,275 0231-
C017-L39,C017,C017-L37,248,MILITARY TROOP INSTALLATIONS,,0231,3458,248 0231-3458
C017-L41,C017,C017-L40,275,POPULATION,,0231,,275 0231-
C017-L42,C017,C017-L40,188,CZECHOSLOVAKIA,ELECTRIC POWER - SATELLITES,0231,2793,188 0231-2793
C017-L44,C017,C017-L43,226,"LIQUID FUELS, STORAGE AT REFINERIES",,0322,0215,226 0322-0215
C017-L45,C017,C017-L43,275,POPULATION,,0322,9912,275 0322-9912
C018-L07,C018,C018-L04,227,"LIQUID FUELS, STORAGE NON-REFINERY",,0233,,227 0233-
C018-L08,C018,C018-L04,055,"BOILERS, HIGH PRESSURE",,0233,0165,055 0233-0165
C018-L09,C018,C018-L04,064,CHEMICAL EQUIPMENT,,0233,0165,064 0233-0165
C018-L10,C018,C018-L04,376,WEST SUB-REGION UKRAINE REGION,RAILROAD YARDS & SHOPS- USSR,0233,0166,376 0233-0166
C018-L11,C018,C018-L04,248,MILITARY TROOP INSTALLATIONS,,0233,0248,248 0233-0248
C018-L12,C018,C018-L04,246,"MILITARY STORAGE AREAS, ARMY & NAVY",,0233,0249,246 0233-0249
C018-L13,C018,C018-L04,275,POPULATION,,0233,9987,275 0233-9987
C018-L16,C018,C018-L14,376,WEST SUB-REGION UKRAINE REGION,RAILROAD YARDS & SHOPS- USSR,0233,0162,376 0233-0162
C018-L17,C018,C018-L14,275,POPULATION,,0233,9838,275 0233-9838
C018-L20,C018,C018-L18,285,RADIO & TELEVISION,,0162,0111,285 0162-0111
C018-L21,C018,C018-L18,227,"LIQUID FUELS, STORAGE NON-REFINERY",,0162,0125,227 0162-0125
C018-L22,C018,C018-L18,275,POPULATION,,0162,9996,275 0162-9996
C018-L27,C018,C018-L23,118,URALS,ELECTRIC POWER - MAJOR GRIDS,0156,0001,118 0156-0001
C018-L28,C018,C018-L23,022,"AMMONIA, SYNTHETIC",,0156,0064,022 0156-0064
C018-L29,C018,C018-L23,047,A/E HEAVY WATER,,0156,0064,047 0156-0064
C018-L30,C018,C018-L23,062,CAUSTIC SODA,,0156,0064,062 0156-0064
C018-L31,C018,C018-L23,068,CHLORINE,,0156,0064,068 0156-0064
C018-L32,C018,C018-L23,215,HIGH EXPLOSIVES,,0156,0064,215 0156-0064
C018-L33,C018,C018-L23,236,METALLIC SODIUM,,0156,0064,236 0156-0064
C018-L34,C018,C018-L23,425,SODA ASH,,0156,0064,425 0156-0064
C018-L35,C018,C018-L23,445,SULFURIC ACID,,0156,0064,445 0156-0064
C018-L36,C018,C018-L23,366,URALS REGION,RAILROAD YARDS & SHOPS- USSR,0156,0327,366 0156-0327
C018-L37,C018,C018-L23,068,CHLORINE,,0156,0342,068 0156-0342
C018-L38,C018,C018-L23,232,MAGNESIUM,,0156,0342,232 0156-0342
C018-L39,C018,C018-L23,118,URALS,ELECTRIC POWER - MAJOR GRIDS,0156,0374,118 0156-0374
C018-L40,C018,C018-L23,281,"PORTS, INLAND",,0156,0385,281 0156-0385
C018-L41,C018,C018-L23,275,POPULATION,,0156,9983,275 0156-9983
C018-L46,C018,C018-L42,090,CUTTING TOOLS,,0169,0085,090 0169-0085
C018-L47,C018,C018-L42,200,ELECTRIC WIRE & CABLE,,0169,0085,200 0169-0085
C018-L48,C018,C018-L42,050,"BATTERIES, LEAD ACID",,0169,0088,050 0169-0088
C018-L49,C018,C018-L42,095,EARTH MOVING EQUIPMENT,,0169,0091,095 0169-0091
C018-L50,C018,C018-L42,235,METAL FORMING EQUIPMENT,,0169,0091,235 0169-0091
C019-L03,C019,C018-L42,200,ELECTRIC WIRE & CABLE,,0169,0092,200 0169-0092
C019-L04,C019,C018-L42,202,ELECTRON TUBES,,0169,0144,202 0169-0144
C019-L05,C019,C018-L42,285,RADIO & TELEVISION,,0169,0144,285 0169-0144
C019-L06,C019,C018-L42,264,OPTICAL EQUIPMENT,,0169,0196,264 0169-0196
C019-L07,C019,C018-L42,190,EAST GERMANY,ELECTRIC POWER - SATELLITES,0169,0231,190 0169-0231
C019-L08,C019,C018-L42,227,"LIQUID FUELS, STORAGE NON-REFINERY",,0169,0255,227 0169-0255
C019-L09,C019,C018-L42,227,"LIQUID FUELS, STORAGE NON-REFINERY",,0169,0256,227 0169-0256
C019-L10,C019,C018-L42,285,RADIO & TELEVISION,,0169,0389,285 0169-0389
C019-L11,C019,C018-L42,285,RADIO & TELEVISION,,0169,0390,285 0169-0390
C019-L12,C019,C018-L42,070,CHLOROMYCETIN,,0169,0402,070 0169-0402
C019-L13,C019,C018-L42,480,"TRANSFORMERS, HEAVY",,0169,0404,480 0169-0404
C019-L14,C019,C018-L42,055,"BOILERS, HIGH PRESSURE",,0169,0405,055 0169-0405
C019-L15,C019,C018-L42,206,"GENERATORS, HEAVY",,0169,0405,206 0169-0405
C019-L16,C019,C018-L42,485,"TURBINES, HEAVY",,0169,0405,485 0169-0405
C019-L17,C019,C018-L42,190,EAST GERMANY,ELECTRIC POWER - SATELLITES,0169,0411,190 0169-0411
C019-L18,C019,C018-L42,227,"LIQUID FUELS, STORAGE NON-REFINERY",,0169,0431,227 0169-0431
C019-L19,C019,C018-L42,230,MACHINE TOOLS,,0169,0440,230 0169-0440
C019-L20,C019,C018-L42,230,MACHINE TOOLS,,0169,0441,230 0169-0441
C019-L21,C019,C018-L42,190,EAST GERMANY,ELECTRIC POWER - SATELLITES,0169,0444,190 0169-0444
C019-L22,C019,C018-L42,030,ANTI-FRICTION BEARINGS,,0169,0453,030 0169-0453
C019-L23,C019,C018-L42,281,"PORTS, INLAND",,0169,0465,281 0169-0465
C019-L24,C019,C018-L42,388,EAST GERMANY,RAILROAD YARDS & SHOPS- SATELLITES,0169,0550,388 0169-0550
C019-L25,C019,C018-L42,388,EAST GERMANY,RAILROAD YARDS & SHOPS- SATELLITES,0169,0551,388 0169-0551
C019-L26,C019,C018-L42,388,EAST GERMANY,RAILROAD YARDS & SHOPS- SATELLITES,0169,0552,388 0169-0552
C019-L27,C019,C018-L42,334,EAST GERMANY,RAILROAD EQUIP REPAIR PLANTS-SATTELITES,0169,0553,334 0169-0553
C019-L28,C019,C018-L42,388,EAST GERMANY,RAILROAD YARDS & SHOPS- SATELLITES,0169,0554,388 0169-0554
C019-L29,C019,C018-L42,388,EAST GERMANY,RAILROAD YARDS & SHOPS- SATELLITES,0169,0555,388 0169-0555
C019-L30,C019,C018-L42,388,EAST GERMANY,RAILROAD YARDS & SHOPS- SATELLITES,0169,0558,388 0169-0558
C019-L31,C019,C018-L42,388,EAST GERMANY,RAILROAD YARDS & SHOPS- SATELLITES,0169,0559,388 0169-0559
C019-L32,C019,C018-L42,388,EAST GERMANY,RAILROAD YARDS & SHOPS- SATELLITES,0169,0560,388 0169-0560
C019-L33,C019,C018-L42,388,EAST GERMANY,RAILROAD YARDS & SHOPS- SATELLITES,0169,0562,388 0169-0562
C019-L34,C019,C018-L42,388,EAST GERMANY,RAILROAD YARDS & SHOPS- SATELLITES,0169,0563,388 0169-0563
C019-L35,C019,C018-L42,388,EAST GERMANY,RAILROAD YARDS & SHOPS- SATELLITES,0169,0564,388 0169-0564
C019-L36,C019,C018-L42,334,EAST GERMANY,RAILROAD EQUIP REPAIR PLANTS-SATTELITES,0169,0565,334 0169-0565
C019-L37,C019,C018-L42,388,EAST GERMANY,RAILROAD YARDS & SHOPS- SATELLITES,0169,0566,388 0169-0566
C019-L38,C019,C018-L42,334,EAST GERMANY,RAILROAD EQUIP REPAIR PLANTS-SATTELITES,0169,0567,334 0169-0567
C019-L39,C019,C018-L42,388,EAST GERMANY,RAILROAD YARDS & SHOPS- SATELLITES,0169,0568,388 0169-0568
C019-L40,C019,C018-L42,388,EAST GERMANY,RAILROAD YARDS & SHOPS- SATELLITES,0169,0569,388 0169-0569
C019-L41,C019,C018-L42,445,SULFURIC ACID,,0169,0586,445 0169-0586
C019-L42,C019,C018-L42,208,GOVERNMENT CONTROL CENTERS,,0169,0591,208 0169-0591
C019-L43,C019,C018-L42,405,RUBBER TIRES,,0169,0598,405 0169-0598
C019-L44,C019,C018-L42,334,EAST GERMANY,RAILROAD EQUIP REPAIR PLANTS-SATTELITES,0169,0606,334 0169-0606
C019-L45,C019,C018-L42,082,"COPPER, REFINED",,0169,0608,082 0169-0608
C019-L46,C019,C018-L42,388,EAST GERMANY,RAILROAD YARDS & SHOPS- SATELLITES,0169,0620,388 0169-0620
C019-L47,C019,C018-L42,005,"ABRASIVES, BONDED",,0169,0622,005 0169-0622
C019-L48,C019,C018-L42,281,"PORTS, INLAND",,0169,0650,281 0169-0650
C019-L49,C019,C018-L42,388,EAST GERMANY,RAILROAD YARDS & SHOPS- SATELLITES,0169,0654,388 0169-0654
C019-L50,C019,C018-L42,228,LOCKS & DAMS,,0169,0877,228 0169-0877
C019-L51,C019,C018-L42,285,RADIO & TELEVISION,,0169,0978,285 0169-0978
C019-L52,C019,C018-L42,264,OPTICAL EQUIPMENT,,0169,1014,264 0169-1014
C019-L53,C019,C018-L42,281,"PORTS, INLAND",,0169,1042,281 0169-1042
C019-L54,C019,C018-L42,281,"PORTS, INLAND",,0169,1113,281 0169-1113
C019-L55,C019,C018-L42,227,"LIQUID FUELS, STORAGE NON-REFINERY",,0169,1124,227 0169-1124
C020-L04,C020,C018-L42,227,"LIQUID FUELS, STORAGE NON-REFINERY",,0169,1125,227 0169-1125
C020-L05,C020,C018-L42,227,"LIQUID FUELS, STORAGE NON-REFINERY",,0169,1126,227 0169-1126
C020-L06,C020,C018-L42,227,"LIQUID FUELS, STORAGE NON-REFINERY",,0169,1127,227 0169-1127
C020-L07,C020,C018-L42,440,SUBMARINE DIESEL ENGINES,,0169,1133,440 0169-1133
C020-L08,C020,C018-L42,230,MACHINE TOOLS,,0169,1165,230 0169-1165
C020-L09,C020,C018-L42,230,MACHINE TOOLS,,0169,1166,230 0169-1166
C020-L10,C020,C018-L42,227,"LIQUID FUELS, STORAGE NON-REFINERY",,0169,1329,227 0169-1329
C020-L11,C020,C018-L42,285,RADIO & TELEVISION,,0169,1538,285 0169-1538
C020-L12,C020,C018-L42,285,RADIO & TELEVISION,,0169,1539,285 0169-1539
C020-L13,C020,C018-L42,275,POPULATION,,0169,9998,275 0169-9998
C020-L15,C020,C020-L14,275,POPULATION,,0169,,275 0169-
C020-L16,C020,C020-L14,246,"MILITARY STORAGE AREAS, ARMY & NAVY",,0169,0996,246 0169-0996
C020-L17,C020,C020-L14,248,MILITARY TROOP INSTALLATIONS,,0169,1168,248 0169-1168
C020-L20,C020,C020-L18,206,"GENERATORS, HEAVY",,0169,0093,206 0169-0093
C020-L21,C020,C020-L18,430,STEEL,,0169,0407,430 0169-0407
C020-L22,C020,C020-L18,281,"PORTS, INLAND",,0169,0867,281 0169-0867
C020-L23,C020,C020-L18,275,POPULATION,,0169,9918,275 0169-9918
C020-L25,C020,C020-L24,445,SULFURIC ACID,,0169,0435,445 0169-0435
C020-L26,C020,C020-L24,248,MILITARY TROOP INSTALLATIONS,,0169,1217,248 0169-1217
C020-L27,C020,C020-L24,275,POPULATION,,0169,9916,275 0169-9916
C020-L30,C020,C020-L28,190,EAST GERMANY,ELECTRIC POWER - SATELLITES,0169,0233,190 0169-0233
C020-L31,C020,C020-L28,334,EAST GERMANY,RAILROAD EQUIP REPAIR PLANTS-SATTELITES,0169,0618,334 0169-0618
C020-L32,C020,C020-L28,208,GOVERNMENT CONTROL CENTERS,,0169,1135,208 0169-1135
C020-L33,C020,C020-L28,090,CUTTING TOOLS,,0169,1150,090 0169-1150
C020-L34,C020,C020-L28,248,MILITARY TROOP INSTALLATIONS,,0169,1169,248 0169-1169
C020-L35,C020,C020-L28,248,MILITARY TROOP INSTALLATIONS,,0169,1170,248 0169-1170
C020-L36,C020,C020-L28,245,"MILITARY STORAGE AREAS, AIR FORCE",,0169,1566,245 0169-1566
C020-L37,C020,C020-L28,275,POPULATION,,0169,9997,275 0169-9997
C020-L39,C020,C020-L38,248,MILITARY TROOP INSTALLATIONS,,0169,1222,248 0169-1222
C020-L40,C020,C020-L38,275,POPULATION,,0169,9761,275 0169-9761
C020-L43,C020,C020-L41,227,"LIQUID FUELS, STORAGE NON-REFINERY",,0169,0257,227 0169-0257
C020-L44,C020,C020-L41,281,"PORTS, INLAND",,0169,0781,281 0169-0781
C020-L45,C020,C020-L41,275,POPULATION,,0169,9823,275 0169-9823
C020-L48,C020,C020-L46,062,CAUSTIC SODA,,0231,1091,062 0231-1091
C020-L49,C020,C020-L46,425,SODA ASH,,0231,1091,425 0231-1091
C020-L50,C020,C020-L46,228,LOCKS & DAMS,,0231,2306,228 0231-2306
C020-L51,C020,C020-L46,275,POPULATION,,0231,9992,275 0231-9992
C020-L54,C020,C020-L52,227,"LIQUID FUELS, STORAGE NON-REFINERY",,0231,0883,227 0231-0883
C021-L04,C021,C020-L52,275,POPULATION,,0231,9355,275 0231-9355
C021-L06,C021,C021-L05,275,POPULATION,,0231,,275 0231-
C021-L07,C021,C021-L05,230,MACHINE TOOLS,,0231,1299,230 0231-1299
C021-L08,C021,C021-L05,388,EAST GERMANY,RAILROAD YARDS & SHOPS- SATELLITES,0231,3096,388 0231-3096
C021-L10,C021,C021-L09,270,PIG IRON,,0231,1762,270 0231-1762
C021-L11,C021,C021-L09,190,EAST GERMANY,ELECTRIC POWER - SATELLITES,0231,3223,190 0231-3223
C021-L12,C021,C021-L09,275,POPULATION,,0231,9315,275 0231-9315
C021-L15,C021,C021-L13,275,POPULATION,,0231,,275 0231-
C021-L16,C021,C021-L13,388,EAST GERMANY,RAILROAD YARDS & SHOPS- SATELLITES,0231,3104,388 0231-3104
C021-L18,C021,C021-L17,095,EARTH MOVING EQUIPMENT,,0231,1797,095 0231-1797
C021-L19,C021,C021-L17,250,MINING MACHINERY,,0231,1797,250 0231-1797
C021-L20,C021,C021-L17,064,CHEMICAL EQUIPMENT,,0231,2682,064 0231-2682
C021-L21,C021,C021-L17,388,EAST GERMANY,RAILROAD YARDS & SHOPS- SATELLITES,0231,3098,388 0231-3098
C021-L22,C021,C021-L17,275,POPULATION,,0231,9677,275 0231-9677
C021-L24,C021,C021-L23,062,CAUSTIC SODA,,0231,0502,062 0231-0502
C021-L25,C021,C021-L23,068,CHLORINE,,0231,0502,068 0231-0502
C021-L26,C021,C021-L23,190,EAST GERMANY,ELECTRIC POWER - SATELLITES,0231,2702,190 0231-2702
C021-L27,C021,C021-L23,275,POPULATION,,0231,9142,275 0231-9142
C021-L30,C021,C021-L28,062,CAUSTIC SODA,,0231,0500,062 0231-0500
C021-L31,C021,C021-L28,425,SODA ASH,,0231,0500,425 0231-0500
C021-L32,C021,C021-L28,285,RADIO & TELEVISION,,0231,0948,285 0231-0948
C021-L33,C021,C021-L28,227,"LIQUID FUELS, STORAGE NON-REFINERY",,0231,1511,227 0231-1511
C021-L34,C021,C021-L28,010,AGRICULTURAL EQUIPMENT,,0231,1965,010 0231-1965
C021-L35,C021,C021-L28,064,CHEMICAL EQUIPMENT,,0231,2681,064 0231-2681
C021-L36,C021,C021-L28,275,POPULATION,,0231,9778,275 0231-9778
C021-L38,C021,C021-L37,275,POPULATION,,0231,,275 0231-
C021-L39,C021,C021-L37,062,CAUSTIC SODA,,0231,0445,062 0231-0445
C021-L40,C021,C021-L37,068,CHLORINE,,0231,0445,068 0231-0445
C021-L43,C021,C021-L41,010,AGRICULTURAL EQUIPMENT,,0154,0049,010 0154-0049
C021-L44,C021,C021-L41,275,POPULATION,,0154,9989,275 0154-9989
C021-L46,C021,C021-L45,360,NORTHEAST SUB-REGION CENTRAL IND REG,RAILROAD YARDS & SHOPS- USSR,0154,0425,360 0154-0425
C021-L47,C021,C021-L45,275,POPULATION,,0154,9668,275 0154-9668
C021-L52,C021,C021-L48,227,"LIQUID FUELS, STORAGE NON-REFINERY",,0167,,227 0167-
C022-L04,C022,C021-L48,227,"LIQUID FUELS, STORAGE NON-REFINERY",,0167,,227 0167-
C022-L05,C022,C021-L48,023,AMMUNITION,,0167,0143,023 0167-0143
C022-L06,C022,C021-L48,215,HIGH EXPLOSIVES,,0167,0143,215 0167-0143
C022-L07,C022,C021-L48,294,RAILROAD LOCOMOTIVES,,0167,0296,294 0167-0296
C022-L08,C022,C021-L48,430,STEEL,,0167,0296,430 0167-0296
C022-L09,C022,C021-L48,120,CENTRAL INDUSTRIAL REGION,ELECTRIC POWER - OUTSIDE GRIDS,0167,0800,120 0167-0800
C022-L10,C022,C021-L48,362,SOUTHERN SUB-REGION CENTRAL IND REG,RAILROAD YARDS & SHOPS- USSR,0167,0856,362 0167-0856
C022-L11,C022,C021-L48,275,POPULATION,,0167,9970,275 0167-9970
C022-L16,C022,C022-L12,227,"LIQUID FUELS, STORAGE NON-REFINERY",,0167,,227 0167-
C022-L17,C022,C022-L12,227,"LIQUID FUELS, STORAGE NON-REFINERY",,0167,,227 0167-
C022-L18,C022,C022-L12,362,SOUTHERN SUB-REGION CENTRAL IND REG,RAILROAD YARDS & SHOPS- USSR,0167,0172,362 0167-0172
C022-L19,C022,C022-L12,120,CENTRAL INDUSTRIAL REGION,ELECTRIC POWER - OUTSIDE GRIDS,0167,0414,120 0167-0414
C022-L20,C022,C022-L12,362,SOUTHERN SUB-REGION CENTRAL IND REG,RAILROAD YARDS & SHOPS- USSR,0167,0709,362 0167-0709
C022-L21,C022,C022-L12,095,EARTH MOVING EQUIPMENT,,0167,0881,095 0167-0881
C022-L22,C022,C022-L12,246,"MILITARY STORAGE AREAS, ARMY & NAVY",,0167,0948,246 0167-0948
C022-L23,C022,C022-L12,246,"MILITARY STORAGE AREAS, ARMY & NAVY",,0167,0949,246 0167-0949
C022-L24,C022,C022-L12,246,"MILITARY STORAGE AREAS, ARMY & NAVY",,0167,0951,246 0167-0951
C022-L25,C022,C022-L12,246,"MILITARY STORAGE AREAS, ARMY & NAVY",,0167,0952,246 0167-0952
C022-L26,C022,C022-L12,246,"MILITARY STORAGE AREAS, ARMY & NAVY",,0167,0953,246 0167-0953
C022-L27,C022,C022-L12,208,GOVERNMENT CONTROL CENTERS,,0167,0973,208 0167-0973
C022-L28,C022,C022-L12,275,POPULATION,,0167,9970,275 0167-9970
C022-L30,C022,C022-L29,227,"LIQUID FUELS, STORAGE NON-REFINERY",,0168,,227 0168-
C022-L31,C022,C022-L29,392,POLAND,RAILROAD YARDS & SHOPS- SATELLITES,0168,0179,392 0168-0179
C022-L32,C022,C022-L29,392,POLAND,RAILROAD YARDS & SHOPS- SATELLITES,0168,0180,392 0168-0180
C022-L33,C022,C022-L29,290,RAILROAD BRIDGES,,0168,0247,290 0168-0247
C022-L34,C022,C022-L29,248,MILITARY TROOP INSTALLATIONS,,0168,0334,248 0168-0334
C022-L35,C022,C022-L29,275,POPULATION,,0168,9900,275 0168-9900
C022-L37,C022,C022-L36,290,RAILROAD BRIDGES,,0168,0246,290 0168-0246
C022-L38,C022,C022-L36,392,POLAND,RAILROAD YARDS & SHOPS- SATELLITES,0168,0275,392 0168-0275
C022-L39,C022,C022-L36,275,POPULATION,,0168,9841,275 0168-9841
C022-L42,C022,C022-L40,290,RAILROAD BRIDGES,,0282,0034,290 0282-0034
C022-L43,C022,C022-L40,354,EAST SIBERIAN & FAR EASTERN REGION,RAILROAD YARDS & SHOPS- USSR,0282,0070,354 0282-0070
C022-L44,C022,C022-L40,275,POPULATION,,0282,9999,275 0282-9999
C022-L46,C022,C022-L45,354,EAST SIBERIAN & FAR EASTERN REGION,RAILROAD YARDS & SHOPS- USSR,0203,0094,354 0203-0094
C022-L47,C022,C022-L45,275,POPULATION,,0203,9990,275 0203-9990
C023-L05,C023,C022-L48,227,"LIQUID FUELS, STORAGE NON-REFINERY",,0203,0054,227 0203-0054
C023-L06,C023,C022-L48,354,EAST SIBERIAN & FAR EASTERN REGION,RAILROAD YARDS & SHOPS- USSR,0203,0074,354 0203-0074
C023-L07,C023,C022-L48,246,"MILITARY STORAGE AREAS, ARMY & NAVY",,0203,0082,246 0203-0082
C023-L08,C023,C022-L48,246,"MILITARY STORAGE AREAS, ARMY & NAVY",,0203,0083,246 0203-0083
C023-L09,C023,C022-L48,354,EAST SIBERIAN & FAR EASTERN REGION,RAILROAD YARDS & SHOPS- USSR,0203,0095,354 0203-0095
C023-L10,C023,C022-L48,275,POPULATION,,0203,9997,275 0203-9997
C023-L13,C023,C023-L11,175,WEST SIBERIAN ECONOMIC REGION,ELECTRIC POWER - OUTSIDE GRIDS,0161,0048,175 0161-0048
C023-L14,C023,C023-L11,227,"LIQUID FUELS, STORAGE NON-REFINERY",,0161,0068,227 0161-0068
C023-L15,C023,C023-L11,372,WEST SIBERIAN REGION,RAILROAD YARDS & SHOPS- USSR,0161,0073,372 0161-0073
C023-L16,C023,C023-L11,275,POPULATION,,0161,9992,275 0161-9992
C023-L19,C023,C023-L17,420,SHIP REPAIR,,0203,0026,420 0203-0026
C023-L20,C023,C023-L17,227,"LIQUID FUELS, STORAGE NON-REFINERY",,0203,0036,227 0203-0036
C023-L21,C023,C023-L17,354,EAST SIBERIAN & FAR EASTERN REGION,RAILROAD YARDS & SHOPS- USSR,0203,0038,354 0203-0038
C023-L22,C023,C023-L17,281,"PORTS, INLAND",,0203,0067,281 0203-0067
C023-L23,C023,C023-L17,281,"PORTS, INLAND",,0203,0072,281 0203-0072
C023-L24,C023,C023-L17,281,"PORTS, INLAND",,0203,0073,281 0203-0073
C023-L25,C023,C023-L17,246,"MILITARY STORAGE AREAS, ARMY & NAVY",,0203,0077,246 0203-0077
C023-L26,C023,C023-L17,246,"MILITARY STORAGE AREAS, ARMY & NAVY",,0203,0078,246 0203-0078
C023-L27,C023,C023-L17,246,"MILITARY STORAGE AREAS, ARMY & NAVY",,0203,0079,246 0203-0079
C023-L28,C023,C023-L17,275,POPULATION,,0203,9993,275 0203-9993
C023-L30,C023,C023-L29,334,EAST GERMANY,RAILROAD EQUIP REPAIR PLANTS-SATTELITES,0231,3094,334 0231-3094
C023-L31,C023,C023-L29,248,MILITARY TROOP INSTALLATIONS,,0231,3108,248 0231-3108
C023-L32,C023,C023-L29,275,POPULATION,,0231,9893,275 0231-9893
C023-L34,C023,C023-L33,275,POPULATION,,0231,,275 0231-
C023-L35,C023,C023-L33,200,ELECTRIC WIRE & CABLE,,0231,2790,200 0231-2790
C023-L37,C023,C023-L36,388,EAST GERMANY,RAILROAD YARDS & SHOPS- SATELLITES,0231,1476,388 0231-1476
C023-L38,C023,C023-L36,334,EAST GERMANY,RAILROAD EQUIP REPAIR PLANTS-SATTELITES,0231,1477,334 0231-1477
C023-L39,C023,C023-L36,440,SUBMARINE DIESEL ENGINES,,0231,1894,440 0231-1894
C023-L40,C023,C023-L36,275,POPULATION,,0231,9505,275 0231-9505
C023-L42,C023,C023-L41,275,POPULATION,,0231,,275 0231-
C023-L43,C023,C023-L41,082,"COPPER, REFINED",,0231,1805,082 0231-1805
C023-L45,C023,C023-L44,275,POPULATION,,0231,,275 0231-
C023-L46,C023,C023-L44,190,EAST GERMANY,ELECTRIC POWER - SATELLITES,0231,1336,190 0231-1336
C023-L48,C023,C023-L47,430,STEEL,,0231,1110,430 0231-1110
C023-L49,C023,C023-L47,275,POPULATION,,0231,9121,275 0231-9121
C024-L05,C024,C024-L04,275,POPULATION,,0168,,275 0168-
C024-L06,C024,C024-L04,246,"MILITARY STORAGE AREAS, ARMY & NAVY",,0168,0296,246 0168-0296
C024-L08,C024,C024-L07,227,"LIQUID FUELS, STORAGE NON-REFINERY",,0168,,227 0168-
C024-L09,C024,C024-L07,275,POPULATION,,0168,9962,275 0168-9962
C024-L12,C024,C024-L10,227,"LIQUID FUELS, STORAGE NON-REFINERY",,0168,,227 0168-
C024-L13,C024,C024-L10,241,"MILITARY HQS, ARMY",,0168,,241 0168-
C024-L14,C024,C024-L10,170,WEST ECONOMIC REGION,ELECTRIC POWER - OUTSIDE GRIDS,0168,0034,170 0168-0034
C024-L15,C024,C024-L10,370,WESTERN REGION,RAILROAD YARDS & SHOPS- USSR,0168,0200,370 0168-0200
C024-L16,C024,C024-L10,170,WEST ECONOMIC REGION,ELECTRIC POWER - OUTSIDE GRIDS,0168,0205,170 0168-0205
C024-L17,C024,C024-L10,246,"MILITARY STORAGE AREAS, ARMY & NAVY",,0168,0290,246 0168-0290
C024-L18,C024,C024-L10,248,MILITARY TROOP INSTALLATIONS,,0168,0291,248 0168-0291
C024-L19,C024,C024-L10,248,MILITARY TROOP INSTALLATIONS,,0168,0293,248 0168-0293
C024-L20,C024,C024-L10,246,"MILITARY STORAGE AREAS, ARMY & NAVY",,0168,0294,246 0168-0294
C024-L21,C024,C024-L10,246,"MILITARY STORAGE AREAS, ARMY & NAVY",,0168,0295,246 0168-0295
C024-L22,C024,C024-L10,281,"PORTS, INLAND",,0168,0364,281 0168-0364
C024-L23,C024,C024-L10,275,POPULATION,,0168,9985,275 0168-9985
C024-L26,C024,C024-L24,354,EAST SIBERIAN & FAR EASTERN REGION,RAILROAD YARDS & SHOPS- USSR,0159,0046,354 0159-0046
C024-L27,C024,C024-L24,275,POPULATION,,0159,9996,275 0159-9996
C024-L30,C024,C024-L28,362,SOUTHERN SUB-REGION CENTRAL IND REG,RAILROAD YARDS & SHOPS- USSR,0166,0210,362 0166-0210
C024-L31,C024,C024-L28,275,POPULATION,,0166,9677,275 0166-9677
C024-L34,C024,C024-L32,020,ALUMINA,,0154,0106,020 0154-0106
C024-L35,C024,C024-L32,021,ALUMINUM,,0154,0106,021 0154-0106
C024-L36,C024,C024-L32,275,POPULATION,,0154,9988,275 0154-9988
C024-L39,C024,C024-L37,227,"LIQUID FUELS, STORAGE NON-REFINERY",,0154,,227 0154-
C024-L40,C024,C024-L37,358,NORTHERN REGION,RAILROAD YARDS & SHOPS- USSR,0154,0460,358 0154-0460
C024-L41,C024,C024-L37,275,POPULATION,,0154,9971,275 0154-9971
C024-L45,C024,C024-L42,227,"LIQUID FUELS, STORAGE NON-REFINERY",,0154,,227 0154-
C024-L46,C024,C024-L42,356,MOSCOW SUB-REGION CENTRAL IND REGION,RAILROAD YARDS & SHOPS- USSR,0154,0093,356 0154-0093
C025-L04,C025,C024-L42,356,MOSCOW SUB-REGION CENTRAL IND REGION,RAILROAD YARDS & SHOPS- USSR,0154,0325,356 0154-0325
C025-L05,C025,C024-L42,356,MOSCOW SUB-REGION CENTRAL IND REGION,RAILROAD YARDS & SHOPS- USSR,0154,0343,356 0154-0343
C025-L06,C025,C024-L42,245,"MILITARY STORAGE AREAS, AIR FORCE",,0154,0466,245 0154-0466
C025-L07,C025,C024-L42,275,POPULATION,,0154,9987,275 0154-9987
C025-L10,C025,C025-L08,246,"MILITARY STORAGE AREAS, ARMY & NAVY",,0154,0444,246 0154-0444
C025-L11,C025,C025-L08,275,POPULATION,,0154,9949,275 0154-9949
C025-L14,C025,C025-L12,372,WEST SIBERIAN REGION,RAILROAD YARDS & SHOPS- USSR,0161,0099,372 0161-0099
C025-L15,C025,C025-L12,275,POPULATION,,0161,9987,275 0161-9987
C025-L17,C025,C025-L16,445,SULFURIC ACID,,0165,0251,445 0165-0251
C025-L18,C025,C025-L16,275,POPULATION,,0165,9863,275 0165-9863
C025-L20,C025,C025-L19,227,"LIQUID FUELS, STORAGE NON-REFINERY",,0165,0298,227 0165-0298
C025-L21,C025,C025-L19,275,POPULATION,,0165,9954,275 0165-9954
C025-L24,C025,C025-L22,227,"LIQUID FUELS, STORAGE NON-REFINERY",,0234,,227 0234-
C025-L25,C025,C025-L22,316,SOUTHEAST SUB-REGION CENTRAL IND REG,RAILROAD EQUIPMENT REPAIR PLANTS-USSR,0234,0043,316 0234-0043
C025-L26,C025,C025-L22,275,POPULATION,,0234,9977,275 0234-9977
C025-L29,C025,C025-L27,364,SOUTHEAST SUB-REGION CENTRAL IND REG,RAILROAD YARDS & SHOPS- USSR,0234,0088,364 0234-0088
C025-L30,C025,C025-L27,275,POPULATION,,0234,9987,275 0234-9987
C025-L33,C025,C025-L31,227,"LIQUID FUELS, STORAGE NON-REFINERY",,0168,,227 0168-
C025-L34,C025,C025-L31,243,MILITARY SCHOOLS,,0168,,243 0168-
C025-L35,C025,C025-L31,248,MILITARY TROOP INSTALLATIONS,,0168,0297,248 0168-0297
C025-L36,C025,C025-L31,248,MILITARY TROOP INSTALLATIONS,,0168,0298,248 0168-0298
C025-L37,C025,C025-L31,370,WESTERN REGION,RAILROAD YARDS & SHOPS- USSR,0168,0392,370 0168-0392
C025-L38,C025,C025-L31,275,POPULATION,,0168,9984,275 0168-9984
C025-L40,C025,C025-L39,170,WEST ECONOMIC REGION,ELECTRIC POWER - OUTSIDE GRIDS,0168,0225,170 0168-0225
C025-L41,C025,C025-L39,275,POPULATION,,0168,9942,275 0168-9942
C025-L43,C025,C025-L42,227,"LIQUID FUELS, STORAGE NON-REFINERY",,0233,,227 0233-
C025-L44,C025,C025-L42,275,POPULATION,,0233,9932,275 0233-9932
C026-L04,C026,C025-L45,248,MILITARY TROOP INSTALLATIONS,,0154,0432,248 0154-0432
C026-L05,C026,C025-L45,248,MILITARY TROOP INSTALLATIONS,,0154,0433,248 0154-0433
C026-L06,C026,C025-L45,275,POPULATION,,0154,9933,275 0154-9933
C026-L10,C026,C026-L09,227,"LIQUID FUELS, STORAGE NON-REFINERY",,0202,,227 0202-
C026-L11,C026,C026-L09,275,POPULATION,,0202,9993,275 0202-9993
C026-L16,C026,C026-L12,415,SHIPBUILDING,,0169,0190,415 0169-0190
C026-L17,C026,C026-L12,475,TRACTORS,,0169,0198,475 0169-0198
C026-L18,C026,C026-L12,227,"LIQUID FUELS, STORAGE NON-REFINERY",,0169,0258,227 0169-0258
C026-L19,C026,C026-L12,430,STEEL,,0169,0406,430 0169-0406
C026-L20,C026,C026-L12,388,EAST GERMANY,RAILROAD YARDS & SHOPS- SATELLITES,0169,0656,388 0169-0656
C026-L21,C026,C026-L12,228,LOCKS & DAMS,,0169,0719,228 0169-0719
C026-L22,C026,C026-L12,281,"PORTS, INLAND",,0169,0827,281 0169-0827
C026-L23,C026,C026-L12,281,"PORTS, INLAND",,0169,0828,281 0169-0828
C026-L24,C026,C026-L12,280,"PORTS, MARITIME",,0169,0926,280 0169-0926
C026-L25,C026,C026-L12,281,"PORTS, INLAND",,0169,0927,281 0169-0927
C026-L26,C026,C026-L12,281,"PORTS, INLAND",,0169,0928,281 0169-0928
C026-L27,C026,C026-L12,281,"PORTS, INLAND",,0169,0929,281 0169-0929
C026-L28,C026,C026-L12,248,MILITARY TROOP INSTALLATIONS,,0169,1171,248 0169-1171
C026-L29,C026,C026-L12,275,POPULATION,,0169,9931,275 0169-9931
C026-L32,C026,C026-L30,275,POPULATION,,0169,,275 0169-
C026-L33,C026,C026-L30,010,AGRICULTURAL EQUIPMENT,,0169,0948,010 0169-0948
C026-L36,C026,C026-L34,275,POPULATION,,0169,,275 0169-
C026-L37,C026,C026-L34,445,SULFURIC ACID,,0169,0261,445 0169-0261
C026-L40,C026,C026-L38,275,POPULATION,,0169,,275 0169-
C026-L41,C026,C026-L38,334,EAST GERMANY,RAILROAD EQUIP REPAIR PLANTS-SATTELITES,0169,0098,334 0169-0098
C026-L42,C026,C026-L38,246,"MILITARY STORAGE AREAS, ARMY & NAVY",,0169,0201,246 0169-0201
C026-L45,C026,C026-L43,246,"MILITARY STORAGE AREAS, ARMY & NAVY",,0169,0999,246 0169-0999
C026-L46,C026,C026-L43,243,MILITARY SCHOOLS,,0169,1565,243 0169-1565
C026-L47,C026,C026-L43,275,POPULATION,,0169,9785,275 0169-9785
C026-L50,C026,C026-L48,275,POPULATION,,0169,,275 0169-
C027-L04,C027,C026-L48,388,EAST GERMANY,RAILROAD YARDS & SHOPS- SATELLITES,0169,0511,388 0169-0511
C027-L07,C027,C027-L05,240,"MILITARY CONTROLS, AIR FORCE",,0169,,240 0169-
C027-L08,C027,C027-L05,275,POPULATION,,0169,,275 0169-
C027-L14,C027,C027-L09,224,"LIQUID FUEL PLANTS, CRUDE",,0232,0186,224 0232-0186
C027-L15,C027,C027-L09,226,"LIQUID FUELS, STORAGE AT REFINERIES",,0232,0186,226 0232-0186
C027-L16,C027,C027-L09,200,ELECTRIC WIRE & CABLE,,0232,0228,200 0232-0228
C027-L17,C027,C027-L09,206,"GENERATORS, HEAVY",,0232,0229,206 0232-0229
C027-L18,C027,C027-L09,480,"TRANSFORMERS, HEAVY",,0232,0229,480 0232-0229
C027-L19,C027,C027-L09,215,HIGH EXPLOSIVES,,0232,0303,215 0232-0303
C027-L20,C027,C027-L09,445,SULFURIC ACID,,0232,0303,445 0232-0303
C027-L21,C027,C027-L09,281,"PORTS, INLAND",,0232,0343,281 0232-0343
C027-L22,C027,C027-L09,386,CZECHOSLOVAKIA,RAILROAD YARDS & SHOPS- SATELLITES,0232,0422,386 0232-0422
C027-L23,C027,C027-L09,386,CZECHOSLOVAKIA,RAILROAD YARDS & SHOPS- SATELLITES,0232,0423,386 0232-0423
C027-L24,C027,C027-L09,188,CZECHOSLOVAKIA,ELECTRIC POWER - SATELLITES,0232,0466,188 0232-0466
C027-L25,C027,C027-L09,227,"LIQUID FUELS, STORAGE NON-REFINERY",,0232,0639,227 0232-0639
C027-L26,C027,C027-L09,285,RADIO & TELEVISION,,0232,0738,285 0232-0738
C027-L27,C027,C027-L09,264,OPTICAL EQUIPMENT,,0232,0874,264 0232-0874
C027-L28,C027,C027-L09,188,CZECHOSLOVAKIA,ELECTRIC POWER - SATELLITES,0232,0910,188 0232-0910
C027-L29,C027,C027-L09,188,CZECHOSLOVAKIA,ELECTRIC POWER - SATELLITES,0232,1026,188 0232-1026
C027-L30,C027,C027-L09,285,RADIO & TELEVISION,,0232,1033,285 0232-1033
C027-L31,C027,C027-L09,208,GOVERNMENT CONTROL CENTERS,,0232,1160,208 0232-1160
C027-L32,C027,C027-L09,248,MILITARY TROOP INSTALLATIONS,,0232,1229,248 0232-1229
C027-L33,C027,C027-L09,248,MILITARY TROOP INSTALLATIONS,,0232,1230,248 0232-1230
C027-L34,C027,C027-L09,248,MILITARY TROOP INSTALLATIONS,,0232,1231,248 0232-1231
C027-L35,C027,C027-L09,246,"MILITARY STORAGE AREAS, ARMY & NAVY",,0232,1234,246 0232-1234
C027-L36,C027,C027-L09,248,MILITARY TROOP INSTALLATIONS,,0232,1527,248 0232-1527
C027-L37,C027,C027-L09,275,POPULATION,,0232,9955,275 0232-9955
C027-L48,C027,C027-L38,196,POLAND,ELECTRIC POWER - SATELLITES,0232,0124,196 0232-0124
C027-L49,C027,C027-L38,292,RAILROAD FREIGHT CARS,,0232,0333,292 0232-0333
C027-L50,C027,C027-L38,296,RAILROAD PASSENGER CARS,,0232,0333,296 0232-0333
C027-L51,C027,C027-L38,281,"PORTS, INLAND",,0232,0339,281 0232-0339
C027-L52,C027,C027-L38,230,MACHINE TOOLS,,0232,0541,230 0232-0541
C028-L04,C028,C027-L38,196,POLAND,ELECTRIC POWER - SATELLITES,0232,0615,196 0232-0615
C028-L05,C028,C027-L38,227,"LIQUID FUELS, STORAGE NON-REFINERY",,0232,0640,227 0232-0640
C028-L06,C028,C027-L38,227,"LIQUID FUELS, STORAGE NON-REFINERY",,0232,0641,227 0232-0641
C028-L07,C028,C027-L38,227,"LIQUID FUELS, STORAGE NON-REFINERY",,0232,0642,227 0232-0642
C028-L08,C028,C027-L38,227,"LIQUID FUELS, STORAGE NON-REFINERY",,0232,0643,227 0232-0643
C028-L09,C028,C027-L38,227,"LIQUID FUELS, STORAGE NON-REFINERY",,0232,0645,227 0232-0645
C028-L10,C028,C027-L38,290,RAILROAD BRIDGES,,0232,0689,290 0232-0689
C028-L11,C028,C027-L38,290,RAILROAD BRIDGES,,0232,0692,290 0232-0692
C028-L12,C028,C027-L38,290,RAILROAD BRIDGES,,0232,0697,290 0232-0697
C028-L13,C028,C027-L38,056,"BRIDGES, HWY",,0232,0698,056 0232-0698
C028-L14,C028,C027-L38,056,"BRIDGES, HWY",,0232,0699,056 0232-0699
C028-L15,C028,C027-L38,056,"BRIDGES, HWY",,0232,0700,056 0232-0700
C028-L16,C028,C027-L38,056,"BRIDGES, HWY",,0232,0701,056 0232-0701
C028-L17,C028,C027-L38,056,"BRIDGES, HWY",,0232,0702,056 0232-0702
C028-L18,C028,C027-L38,056,"BRIDGES, HWY",,0232,0703,056 0232-0703
C028-L19,C028,C027-L38,392,POLAND,RAILROAD YARDS & SHOPS- SATELLITES,0232,0748,392 0232-0748
C028-L20,C028,C027-L38,392,POLAND,RAILROAD YARDS & SHOPS- SATELLITES,0232,0749,392 0232-0749
C028-L21,C028,C027-L38,392,POLAND,RAILROAD YARDS & SHOPS- SATELLITES,0232,0750,392 0232-0750
C028-L22,C028,C027-L38,392,POLAND,RAILROAD YARDS & SHOPS- SATELLITES,0232,0751,392 0232-0751
C028-L23,C028,C027-L38,246,"MILITARY STORAGE AREAS, ARMY & NAVY",,0232,0766,246 0232-0766
C028-L24,C028,C027-L38,015,AIRCRAFT ENGINES,,0232,0945,015 0232-0945
C028-L25,C028,C027-L38,227,"LIQUID FUELS, STORAGE NON-REFINERY",,0232,0968,227 0232-0968
C028-L26,C028,C027-L38,281,"PORTS, INLAND",,0232,0983,281 0232-0983
C028-L27,C028,C027-L38,281,"PORTS, INLAND",,0232,0984,281 0232-0984
C028-L28,C028,C027-L38,228,LOCKS & DAMS,,0232,0985,228 0232-0985
C028-L29,C028,C027-L38,228,LOCKS & DAMS,,0232,0986,228 0232-0986
C028-L30,C028,C027-L38,228,LOCKS & DAMS,,0232,0987,228 0232-0987
C028-L31,C028,C027-L38,228,LOCKS & DAMS,,0232,0988,228 0232-0988
C028-L32,C028,C027-L38,228,LOCKS & DAMS,,0232,0989,228 0232-0989
C028-L33,C028,C027-L38,228,LOCKS & DAMS,,0232,0990,228 0232-0990
C028-L34,C028,C027-L38,281,"PORTS, INLAND",,0232,0991,281 0232-0991
C028-L35,C028,C027-L38,281,"PORTS, INLAND",,0232,0992,281 0232-0992
C028-L36,C028,C027-L38,281,"PORTS, INLAND",,0232,1114,281 0232-1114
C028-L37,C028,C027-L38,206,"GENERATORS, HEAVY",,0232,1131,206 0232-1131
C028-L38,C028,C027-L38,480,"TRANSFORMERS, HEAVY",,0232,1131,480 0232-1131
C028-L39,C028,C027-L38,082,"COPPER, REFINED",,0232,1149,082 0232-1149
C028-L40,C028,C027-L38,208,GOVERNMENT CONTROL CENTERS,,0232,1165,208 0232-1165
C028-L41,C028,C027-L38,290,RAILROAD BRIDGES,,0232,1313,290 0232-1313
C028-L42,C028,C027-L38,290,RAILROAD BRIDGES,,0232,1314,290 0232-1314
C028-L43,C028,C027-L38,290,RAILROAD BRIDGES,,0232,1326,290 0232-1326
C028-L44,C028,C027-L38,275,POPULATION,,0232,9957,275 0232-9957
C028-L47,C028,C028-L45,062,CAUSTIC SODA,,0232,0299,062 0232-0299
C028-L48,C028,C028-L45,068,CHLORINE,,0232,0299,068 0232-0299
C028-L49,C028,C028-L45,290,RAILROAD BRIDGES,,0232,0688,290 0232-0688
C028-L50,C028,C028-L45,275,POPULATION,,0232,9870,275 0232-9870
C028-L53,C028,C028-L51,248,MILITARY TROOP INSTALLATIONS,,0232,1535,248 0232-1535
C028-L54,C028,C028-L51,275,POPULATION,,0232,9842,275 0232-9842
C029-L04,C029,C028-L55,056,"BRIDGES, HWY",,0232,0705,056 0232-0705
C029-L05,C029,C028-L55,246,"MILITARY STORAGE AREAS, ARMY & NAVY",,0232,1120,246 0232-1120
C029-L06,C029,C028-L55,246,"MILITARY STORAGE AREAS, ARMY & NAVY",,0232,1121,246 0232-1121
C029-L07,C029,C028-L55,248,MILITARY TROOP INSTALLATIONS,,0232,1292,248 0232-1292
C029-L08,C029,C028-L55,275,POPULATION,,0232,9616,275 0232-9616
C029-L11,C029,C029-L09,290,RAILROAD BRIDGES,,0168,0012,290 0168-0012
C029-L12,C029,C029-L09,370,WESTERN REGION,RAILROAD YARDS & SHOPS- USSR,0168,0093,370 0168-0093
C029-L13,C029,C029-L09,290,RAILROAD BRIDGES,,0168,0095,290 0168-0095
C029-L14,C029,C029-L09,370,WESTERN REGION,RAILROAD YARDS & SHOPS- USSR,0168,0099,370 0168-0099
C029-L15,C029,C029-L09,370,WESTERN REGION,RAILROAD YARDS & SHOPS- USSR,0168,0100,370 0168-0100
C029-L16,C029,C029-L09,370,WESTERN REGION,RAILROAD YARDS & SHOPS- USSR,0168,0101,370 0168-0101
C029-L17,C029,C029-L09,370,WESTERN REGION,RAILROAD YARDS & SHOPS- USSR,0168,0178,370 0168-0178
C029-L18,C029,C029-L09,281,"PORTS, INLAND",,0168,0216,281 0168-0216
C029-L19,C029,C029-L09,370,WESTERN REGION,RAILROAD YARDS & SHOPS- USSR,0168,0223,370 0168-0223
C029-L20,C029,C029-L09,246,"MILITARY STORAGE AREAS, ARMY & NAVY",,0168,0299,246 0168-0299
C029-L21,C029,C029-L09,246,"MILITARY STORAGE AREAS, ARMY & NAVY",,0168,0301,246 0168-0301
C029-L22,C029,C029-L09,246,"MILITARY STORAGE AREAS, ARMY & NAVY",,0168,0302,246 0168-0302
C029-L23,C029,C029-L09,248,MILITARY TROOP INSTALLATIONS,,0168,0304,248 0168-0304
C029-L24,C029,C029-L09,228,LOCKS & DAMS,,0168,0347,228 0168-0347
C029-L25,C029,C029-L09,275,POPULATION,,0168,9988,275 0168-9988
C029-L27,C029,C029-L26,290,RAILROAD BRIDGES,,0168,0096,290 0168-0096
C029-L28,C029,C029-L26,392,POLAND,RAILROAD YARDS & SHOPS- SATELLITES,0168,0182,392 0168-0182
C029-L29,C029,C029-L26,275,POPULATION,,0168,9847,275 0168-9847
C029-L32,C029,C029-L30,227,"LIQUID FUELS, STORAGE NON-REFINERY",,0168,,227 0168-
C029-L33,C029,C029-L30,370,WESTERN REGION,RAILROAD YARDS & SHOPS- USSR,0168,0183,370 0168-0183
C029-L34,C029,C029-L30,275,POPULATION,,0168,9860,275 0168-9860
C029-L36,C029,C029-L35,095,EARTH MOVING EQUIPMENT,,0232,0871,095 0232-0871
C029-L37,C029,C029-L35,275,POPULATION,,0232,9712,275 0232-9712
C029-L40,C029,C029-L38,224,"LIQUID FUEL PLANTS, CRUDE",,0232,0188,224 0232-0188
C029-L41,C029,C029-L38,226,"LIQUID FUELS, STORAGE AT REFINERIES",,0232,0188,226 0232-0188
C029-L42,C029,C029-L38,275,POPULATION,,0232,9934,275 0232-9934
C029-L44,C029,C029-L43,430,STEEL,,0232,0190,430 0232-0190
C029-L45,C029,C029-L43,055,"BOILERS, HIGH PRESSURE",,0232,0951,055 0232-0951
C029-L46,C029,C029-L43,275,POPULATION,,0232,9912,275 0232-9912
C029-L48,C029,C029-L47,270,PIG IRON,,0232,0875,270 0232-0875
C029-L49,C029,C029-L47,275,POPULATION,,0232,9746,275 0232-9746
C030-L04,C030,C029-L50,248,MILITARY TROOP INSTALLATIONS,,0232,1123,248 0232-1123
C030-L05,C030,C029-L50,248,MILITARY TROOP INSTALLATIONS,,0232,1124,248 0232-1124
C030-L06,C030,C029-L50,275,POPULATION,,0232,9875,275 0232-9875
C030-L11,C030,C030-L07,030,ANTI-FRICTION BEARINGS,,0232,0183,030 0232-0183
C030-L12,C030,C030-L07,475,TRACTORS,,0232,0183,475 0232-0183
C030-L13,C030,C030-L07,214,"GUNS, SMALL ARMS",,0232,0218,214 0232-0218
C030-L14,C030,C030-L07,064,CHEMICAL EQUIPMENT,,0232,0224,064 0232-0224
C030-L15,C030,C030-L07,230,MACHINE TOOLS,,0232,0224,230 0232-0224
C030-L16,C030,C030-L07,235,METAL FORMING EQUIPMENT,,0232,0224,235 0232-0224
C030-L17,C030,C030-L07,188,CZECHOSLOVAKIA,ELECTRIC POWER - SATELLITES,0232,0318,188 0232-0318
C030-L18,C030,C030-L07,386,CZECHOSLOVAKIA,RAILROAD YARDS & SHOPS- SATELLITES,0232,0410,386 0232-0410
C030-L19,C030,C030-L07,386,CZECHOSLOVAKIA,RAILROAD YARDS & SHOPS- SATELLITES,0232,0411,386 0232-0411
C030-L20,C030,C030-L07,386,CZECHOSLOVAKIA,RAILROAD YARDS & SHOPS- SATELLITES,0232,0413,386 0232-0413
C030-L21,C030,C030-L07,055,"BOILERS, HIGH PRESSURE",,0232,0517,055 0232-0517
C030-L22,C030,C030-L07,064,CHEMICAL EQUIPMENT,,0232,0517,064 0232-0517
C030-L23,C030,C030-L07,262,OIL EXTRACTION EQUIPMENT,,0232,0517,262 0232-0517
C030-L24,C030,C030-L07,485,"TURBINES, HEAVY",,0232,0517,485 0232-0517
C030-L25,C030,C030-L07,262,OIL EXTRACTION EQUIPMENT,,0232,0781,262 0232-0781
C030-L26,C030,C030-L07,292,RAILROAD FREIGHT CARS,,0232,0781,292 0232-0781
C030-L27,C030,C030-L07,298,RAILROAD TANK CARS,,0232,0781,298 0232-0781
C030-L28,C030,C030-L07,285,RADIO & TELEVISION,,0232,0880,285 0232-0880
C030-L29,C030,C030-L07,208,GOVERNMENT CONTROL CENTERS,,0232,1159,208 0232-1159
C030-L30,C030,C030-L07,248,MILITARY TROOP INSTALLATIONS,,0232,1227,248 0232-1227
C030-L31,C030,C030-L07,246,"MILITARY STORAGE AREAS, ARMY & NAVY",,0232,1267,246 0232-1267
C030-L32,C030,C030-L07,235,METAL FORMING EQUIPMENT,,0232,1336,235 0232-1336
C030-L33,C030,C030-L07,243,MILITARY SCHOOLS,,0232,1547,243 0232-1547
C030-L34,C030,C030-L07,275,POPULATION,,0232,9954,275 0232-9954
C030-L37,C030,C030-L35,023,AMMUNITION,,0232,0181,023 0232-0181
C030-L38,C030,C030-L35,275,POPULATION,,0232,9887,275 0232-9887
C030-L41,C030,C030-L39,055,"BOILERS, HIGH PRESSURE",,0232,0779,055 0232-0779
C030-L42,C030,C030-L39,485,"TURBINES, HEAVY",,0232,0779,485 0232-0779
C030-L43,C030,C030-L39,275,POPULATION,,0232,9715,275 0232-9715
C030-L46,C030,C030-L44,230,MACHINE TOOLS,,0232,1019,230 0232-1019
C030-L47,C030,C030-L44,275,POPULATION,,0232,9920,275 0232-9920
C030-L50,C030,C030-L48,188,CZECHOSLOVAKIA,ELECTRIC POWER - SATELLITES,0232,0314,188 0232-0314
C030-L51,C030,C030-L48,275,POPULATION,,0232,9681,275 0232-9681
C031-L04,C031,C030-L52,248,MILITARY TROOP INSTALLATIONS,,0232,1233,248 0232-1233
C031-L05,C031,C030-L52,275,POPULATION,,0232,9531,275 0232-9531
C031-L07,C031,C031-L06,227,"LIQUID FUELS, STORAGE NON-REFINERY",,0249,,227 0249-
C031-L08,C031,C031-L06,275,POPULATION,,0249,9944,275 0249-9944
C031-L16,C031,C031-L09,240,"MILITARY CONTROLS, AIR FORCE",,0251,,240 0251-
C031-L17,C031,C031-L09,245,"MILITARY STORAGE AREAS, AIR FORCE",,0251,0013,245 0251-0013
C031-L18,C031,C031-L09,055,"BOILERS, HIGH PRESSURE",,0251,0015,055 0251-0015
C031-L19,C031,C031-L09,252,MOTOR VEHICLES,,0251,0015,252 0251-0015
C031-L20,C031,C031-L09,262,OIL EXTRACTION EQUIPMENT,,0251,0015,262 0251-0015
C031-L21,C031,C031-L09,292,RAILROAD FREIGHT CARS,,0251,0015,292 0251-0015
C031-L22,C031,C031-L09,430,STEEL,,0251,0015,430 0251-0015
C031-L23,C031,C031-L09,055,"BOILERS, HIGH PRESSURE",,0251,0081,055 0251-0081
C031-L24,C031,C031-L09,064,CHEMICAL EQUIPMENT,,0251,0081,064 0251-0081
C031-L25,C031,C031-L09,394,RUMANIA,RAILROAD YARDS & SHOPS- SATELLITES,0251,0114,394 0251-0114
C031-L26,C031,C031-L09,394,RUMANIA,RAILROAD YARDS & SHOPS- SATELLITES,0251,0150,394 0251-0150
C031-L27,C031,C031-L09,337,RUMANIA,RAILROAD EQUIP REPAIR PLANTS-SATTELITES,0251,0192,337 0251-0192
C031-L28,C031,C031-L09,394,RUMANIA,RAILROAD YARDS & SHOPS- SATELLITES,0251,0193,394 0251-0193
C031-L29,C031,C031-L09,055,"BOILERS, HIGH PRESSURE",,0251,0194,055 0251-0194
C031-L30,C031,C031-L09,064,CHEMICAL EQUIPMENT,,0251,0194,064 0251-0194
C031-L31,C031,C031-L09,262,OIL EXTRACTION EQUIPMENT,,0251,0194,262 0251-0194
C031-L32,C031,C031-L09,023,AMMUNITION,,0251,0196,023 0251-0196
C031-L33,C031,C031-L09,282,PROPELLANTS,,0251,0197,282 0251-0197
C031-L34,C031,C031-L09,394,RUMANIA,RAILROAD YARDS & SHOPS- SATELLITES,0251,0226,394 0251-0226
C031-L35,C031,C031-L09,198,RUMANIA,ELECTRIC POWER - SATELLITES,0251,0227,198 0251-0227
C031-L36,C031,C031-L09,050,"BATTERIES, LEAD ACID",,0251,0252,050 0251-0252
C031-L37,C031,C031-L09,285,RADIO & TELEVISION,,0251,0258,285 0251-0258
C031-L38,C031,C031-L09,285,RADIO & TELEVISION,,0251,0428,285 0251-0428
C031-L39,C031,C031-L09,200,ELECTRIC WIRE & CABLE,,0251,0462,200 0251-0462
C031-L40,C031,C031-L09,206,"GENERATORS, HEAVY",,0251,0463,206 0251-0463
C031-L41,C031,C031-L09,198,RUMANIA,ELECTRIC POWER - SATELLITES,0251,0487,198 0251-0487
C031-L42,C031,C031-L09,394,RUMANIA,RAILROAD YARDS & SHOPS- SATELLITES,0251,0561,394 0251-0561
C031-L43,C031,C031-L09,394,RUMANIA,RAILROAD YARDS & SHOPS- SATELLITES,0251,0562,394 0251-0562
C031-L44,C031,C031-L09,010,AGRICULTURAL EQUIPMENT,,0251,0565,010 0251-0565
C031-L45,C031,C031-L09,208,GOVERNMENT CONTROL CENTERS,,0251,0578,208 0251-0578
C031-L46,C031,C031-L09,246,"MILITARY STORAGE AREAS, ARMY & NAVY",,0251,0608,246 0251-0608
C031-L47,C031,C031-L09,246,"MILITARY STORAGE AREAS, ARMY & NAVY",,0251,0609,246 0251-0609
C031-L48,C031,C031-L09,246,"MILITARY STORAGE AREAS, ARMY & NAVY",,0251,0610,246 0251-0610
C031-L49,C031,C031-L09,264,OPTICAL EQUIPMENT,,0251,0622,264 0251-0622
C031-L50,C031,C031-L09,227,"LIQUID FUELS, STORAGE NON-REFINERY",,0251,0656,227 0251-0656
C031-L51,C031,C031-L09,050,"BATTERIES, LEAD ACID",,0251,0669,050 0251-0669
C031-L52,C031,C031-L09,010,AGRICULTURAL EQUIPMENT,,0251,0713,010 0251-0713
C032-L04,C032,C031-L09,010,AGRICULTURAL EQUIPMENT,,0251,0714,010 0251-0714
C032-L05,C032,C031-L09,243,MILITARY SCHOOLS,,0251,0862,243 0251-0862
C032-L06,C032,C031-L09,248,MILITARY TROOP INSTALLATIONS,,0251,0863,248 0251-0863
C032-L07,C032,C031-L09,248,MILITARY TROOP INSTALLATIONS,,0251,0888,248 0251-0888
C032-L08,C032,C031-L09,241,"MILITARY HQS, ARMY",,0251,0894,241 0251-0894
C032-L09,C032,C031-L09,245,"MILITARY STORAGE AREAS, AIR FORCE",,0251,0959,245 0251-0959
C032-L10,C032,C031-L09,245,"MILITARY STORAGE AREAS, AIR FORCE",,0251,0960,245 0251-0960
C032-L11,C032,C031-L09,275,POPULATION,,0251,9999,275 0251-9999
C032-L13,C032,C032-L12,246,"MILITARY STORAGE AREAS, ARMY & NAVY",,0251,0142,246 0251-0142
C032-L14,C032,C032-L12,275,POPULATION,,0251,9865,275 0251-9865
C032-L16,C032,C032-L15,246,"MILITARY STORAGE AREAS, ARMY & NAVY",,0169,0600,246 0169-0600
C032-L17,C032,C032-L15,275,POPULATION,,0169,9799,275 0169-9799
C032-L27,C032,C032-L18,240,"MILITARY CONTROLS, AIR FORCE",,0251,,240 0251-
C032-L28,C032,C032-L18,241,"MILITARY HQS, ARMY",,0251,,241 0251-
C032-L29,C032,C032-L18,405,RUBBER TIRES,,0251,0034,405 0251-0034
C032-L30,C032,C032-L18,056,"BRIDGES, HWY",,0251,0036,056 0251-0036
C032-L31,C032,C032-L18,290,RAILROAD BRIDGES,,0251,0036,290 0251-0036
C032-L32,C032,C032-L18,062,CAUSTIC SODA,,0251,0229,062 0251-0229
C032-L33,C032,C032-L18,068,CHLORINE,,0251,0229,068 0251-0229
C032-L34,C032,C032-L18,445,SULFURIC ACID,,0251,0229,445 0251-0229
C032-L35,C032,C032-L18,192,HUNGARY,ELECTRIC POWER - SATELLITES,0251,0336,192 0251-0336
C032-L36,C032,C032-L18,230,MACHINE TOOLS,,0251,0337,230 0251-0337
C032-L37,C032,C032-L18,226,"LIQUID FUELS, STORAGE AT REFINERIES",,0251,0339,226 0251-0339
C032-L38,C032,C032-L18,226,"LIQUID FUELS, STORAGE AT REFINERIES",,0251,0340,226 0251-0340
C032-L39,C032,C032-L18,010,AGRICULTURAL EQUIPMENT,,0251,0342,010 0251-0342
C032-L40,C032,C032-L18,023,AMMUNITION,,0251,0342,023 0251-0342
C032-L41,C032,C032-L18,082,"COPPER, REFINED",,0251,0342,082 0251-0342
C032-L42,C032,C032-L18,095,EARTH MOVING EQUIPMENT,,0251,0342,095 0251-0342
C032-L43,C032,C032-L18,212,"GUNS, MAJOR CALIBER",,0251,0342,212 0251-0342
C032-L44,C032,C032-L18,230,MACHINE TOOLS,,0251,0342,230 0251-0342
C032-L45,C032,C032-L18,235,METAL FORMING EQUIPMENT,,0251,0342,235 0251-0342
C032-L46,C032,C032-L18,250,MINING MACHINERY,,0251,0342,250 0251-0342
C032-L47,C032,C032-L18,262,OIL EXTRACTION EQUIPMENT,,0251,0342,262 0251-0342
C032-L48,C032,C032-L18,430,STEEL,,0251,0342,430 0251-0342
C032-L49,C032,C032-L18,010,AGRICULTURAL EQUIPMENT,,0251,0343,010 0251-0343
C032-L50,C032,C032-L18,055,"BOILERS, HIGH PRESSURE",,0251,0343,055 0251-0343
C032-L51,C032,C032-L18,095,EARTH MOVING EQUIPMENT,,0251,0343,095 0251-0343
C032-L52,C032,C032-L18,250,MINING MACHINERY,,0251,0343,250 0251-0343
C033-L04,C033,C032-L18,294,RAILROAD LOCOMOTIVES,,0251,0343,294 0251-0343
C033-L05,C033,C032-L18,095,EARTH MOVING EQUIPMENT,,0251,0344,095 0251-0344
C033-L06,C033,C032-L18,250,MINING MACHINERY,,0251,0344,250 0251-0344
C033-L07,C033,C032-L18,292,RAILROAD FREIGHT CARS,,0251,0344,292 0251-0344
C033-L08,C033,C032-L18,296,RAILROAD PASSENGER CARS,,0251,0344,296 0251-0344
C033-L09,C033,C032-L18,298,RAILROAD TANK CARS,,0251,0344,298 0251-0344
C033-L10,C033,C032-L18,440,SUBMARINE DIESEL ENGINES,,0251,0344,440 0251-0344
C033-L11,C033,C032-L18,264,OPTICAL EQUIPMENT,,0251,0358,264 0251-0358
C033-L12,C033,C032-L18,268,"PERISCOPES, SUBMARINE",,0251,0356,268 0251-0356
C033-L13,C033,C032-L18,095,EARTH MOVING EQUIPMENT,,0251,0359,095 0251-0359
C033-L14,C033,C032-L18,250,MINING MACHINERY,,0251,0359,250 0251-0359
C033-L15,C033,C032-L18,430,STEEL,,0251,0359,430 0251-0359
C033-L16,C033,C032-L18,475,TRACTORS,,0251,0359,475 0251-0359
C033-L17,C033,C032-L18,214,"GUNS, SMALL ARMS",,0251,0361,214 0251-0361
C033-L18,C033,C032-L18,230,MACHINE TOOLS,,0251,0361,230 0251-0361
C033-L19,C033,C032-L18,010,AGRICULTURAL EQUIPMENT,,0251,0364,010 0251-0364
C033-L20,C033,C032-L18,055,"BOILERS, HIGH PRESSURE",,0251,0367,055 0251-0367
C033-L21,C033,C032-L18,485,"TURBINES, HEAVY",,0251,0367,485 0251-0367
C033-L22,C033,C032-L18,250,MINING MACHINERY,,0251,0368,250 0251-0368
C033-L23,C033,C032-L18,202,ELECTRON TUBES,,0251,0369,202 0251-0369
C033-L24,C033,C032-L18,285,RADIO & TELEVISION,,0251,0370,285 0251-0370
C033-L25,C033,C032-L18,200,ELECTRIC WIRE & CABLE,,0251,0371,200 0251-0371
C033-L26,C033,C032-L18,285,RADIO & TELEVISION,,0251,0371,285 0251-0371
C033-L27,C033,C032-L18,224,"LIQUID FUEL PLANTS, CRUDE",,0251,0372,224 0251-0372
C033-L28,C033,C032-L18,226,"LIQUID FUELS, STORAGE AT REFINERIES",,0251,0372,226 0251-0372
C033-L29,C033,C032-L18,055,"BOILERS, HIGH PRESSURE",,0251,0373,055 0251-0373
C033-L30,C033,C032-L18,228,LOCKS & DAMS,,0251,0375,228 0251-0375
C033-L31,C033,C032-L18,192,HUNGARY,ELECTRIC POWER - SATELLITES,0251,0376,192 0251-0376
C033-L32,C033,C032-L18,266,PENICILLIN,,0251,0379,266 0251-0379
C033-L33,C033,C032-L18,335,HUNGARY,RAILROAD EQUIP REPAIR PLANTS-SATTELITES,0251,0381,335 0251-0381
C033-L34,C033,C032-L18,200,ELECTRIC WIRE & CABLE,,0251,0383,200 0251-0383
C033-L35,C033,C032-L18,390,HUNGARY,RAILROAD YARDS & SHOPS- SATELLITES,0251,0385,390 0251-0385
C033-L36,C033,C032-L18,290,RAILROAD BRIDGES,,0251,0387,290 0251-0387
C033-L37,C033,C032-L18,290,RAILROAD BRIDGES,,0251,0388,290 0251-0388
C033-L38,C033,C032-L18,226,"LIQUID FUELS, STORAGE AT REFINERIES",,0251,0394,226 0251-0394
C033-L39,C033,C032-L18,390,HUNGARY,RAILROAD YARDS & SHOPS- SATELLITES,0251,0398,390 0251-0398
C033-L40,C033,C032-L18,390,HUNGARY,RAILROAD YARDS & SHOPS- SATELLITES,0251,0399,390 0251-0399
C033-L41,C033,C032-L18,390,HUNGARY,RAILROAD YARDS & SHOPS- SATELLITES,0251,0400,390 0251-0400
C033-L42,C033,C032-L18,390,HUNGARY,RAILROAD YARDS & SHOPS- SATELLITES,0251,0401,390 0251-0401
C033-L43,C033,C032-L18,390,HUNGARY,RAILROAD YARDS & SHOPS- SATELLITES,0251,0402,390 0251-0402
C033-L44,C033,C032-L18,390,HUNGARY,RAILROAD YARDS & SHOPS- SATELLITES,0251,0403,390 0251-0403
C033-L45,C033,C032-L18,390,HUNGARY,RAILROAD YARDS & SHOPS- SATELLITES,0251,0404,390 0251-0404
C033-L46,C033,C032-L18,245,"MILITARY STORAGE AREAS, AIR FORCE",,0251,0411,245 0251-0411
C033-L47,C033,C032-L18,050,"BATTERIES, LEAD ACID",,0251,0412,050 0251-0412
C033-L48,C033,C032-L18,206,"GENERATORS, HEAVY",,0251,0415,206 0251-0415
C033-L49,C033,C032-L18,480,"TRANSFORMERS, HEAVY",,0251,0415,480 0251-0415
C033-L50,C033,C032-L18,200,ELECTRIC WIRE & CABLE,,0251,0416,200 0251-0416
C033-L51,C033,C032-L18,285,RADIO & TELEVISION,,0251,0417,285 0251-0417
C033-L52,C033,C032-L18,192,HUNGARY,ELECTRIC POWER - SATELLITES,0251,0468,192 0251-0468
C033-L53,C033,C032-L18,192,HUNGARY,ELECTRIC POWER - SATELLITES,0251,0469,192 0251-0469
C033-L54,C033,C032-L18,192,HUNGARY,ELECTRIC POWER - SATELLITES,0251,0472,192 0251-0472
C033-L55,C033,C032-L18,192,HUNGARY,ELECTRIC POWER - SATELLITES,0251,0473,192 0251-0473
C033-L56,C033,C032-L18,390,HUNGARY,RAILROAD YARDS & SHOPS- SATELLITES,0251,0502,390 0251-0502
C034-L04,C034,C032-L18,228,LOCKS & DAMS,,0251,0524,228 0251-0524
C034-L05,C034,C032-L18,056,"BRIDGES, HWY",,0251,0570,056 0251-0570
C034-L06,C034,C032-L18,056,"BRIDGES, HWY",,0251,0571,056 0251-0571
C034-L07,C034,C032-L18,056,"BRIDGES, HWY",,0251,0572,056 0251-0572
C034-L08,C034,C032-L18,056,"BRIDGES, HWY",,0251,0573,056 0251-0573
C034-L09,C034,C032-L18,056,"BRIDGES, HWY",,0251,0575,056 0251-0575
C034-L10,C034,C032-L18,056,"BRIDGES, HWY",,0251,0576,056 0251-0576
C034-L11,C034,C032-L18,208,GOVERNMENT CONTROL CENTERS,,0251,0577,208 0251-0577
C034-L12,C034,C032-L18,390,HUNGARY,RAILROAD YARDS & SHOPS- SATELLITES,0251,0586,390 0251-0586
C034-L13,C034,C032-L18,390,HUNGARY,RAILROAD YARDS & SHOPS- SATELLITES,0251,0594,390 0251-0594
C034-L14,C034,C032-L18,390,HUNGARY,RAILROAD YARDS & SHOPS- SATELLITES,0251,0595,390 0251-0595
C034-L15,C034,C032-L18,390,HUNGARY,RAILROAD YARDS & SHOPS- SATELLITES,0251,0596,390 0251-0596
C034-L16,C034,C032-L18,390,HUNGARY,RAILROAD YARDS & SHOPS- SATELLITES,0251,0597,390 0251-0597
C034-L17,C034,C032-L18,390,HUNGARY,RAILROAD YARDS & SHOPS- SATELLITES,0251,0598,390 0251-0598
C034-L18,C034,C032-L18,264,OPTICAL EQUIPMENT,,0251,0603,264 0251-0603
C034-L19,C034,C032-L18,268,"PERISCOPES, SUBMARINE",,0251,0603,268 0251-0603
C034-L20,C034,C032-L18,050,"BATTERIES, LEAD ACID",,0251,0617,050 0251-0617
C034-L21,C034,C032-L18,050,"BATTERIES, LEAD ACID",,0251,0618,050 0251-0618
C034-L22,C034,C032-L18,005,"ABRASIVES, BONDED",,0251,0619,005 0251-0619
C034-L23,C034,C032-L18,090,CUTTING TOOLS,,0251,0630,090 0251-0630
C034-L24,C034,C032-L18,228,LOCKS & DAMS,,0251,0672,228 0251-0672
C034-L25,C034,C032-L18,228,LOCKS & DAMS,,0251,0673,228 0251-0673
C034-L26,C034,C032-L18,228,LOCKS & DAMS,,0251,0674,228 0251-0674
C034-L27,C034,C032-L18,005,"ABRASIVES, BONDED",,0251,0677,005 0251-0677
C034-L28,C034,C032-L18,252,MOTOR VEHICLES,,0251,0703,252 0251-0703
C034-L29,C034,C032-L18,214,"GUNS, SMALL ARMS",,0251,0710,214 0251-0710
C034-L30,C034,C032-L18,010,AGRICULTURAL EQUIPMENT,,0251,0722,010 0251-0722
C034-L31,C034,C032-L18,227,"LIQUID FUELS, STORAGE NON-REFINERY",,0251,0738,227 0251-0738
C034-L32,C034,C032-L18,005,"ABRASIVES, BONDED",,0251,0740,005 0251-0740
C034-L33,C034,C032-L18,285,RADIO & TELEVISION,,0251,0741,285 0251-0741
C034-L34,C034,C032-L18,246,"MILITARY STORAGE AREAS, ARMY & NAVY",,0251,0743,246 0251-0743
C034-L35,C034,C032-L18,248,MILITARY TROOP INSTALLATIONS,,0251,0744,248 0251-0744
C034-L36,C034,C032-L18,248,MILITARY TROOP INSTALLATIONS,,0251,0745,248 0251-0745
C034-L37,C034,C032-L18,248,MILITARY TROOP INSTALLATIONS,,0251,0746,248 0251-0746
C034-L38,C034,C032-L18,248,MILITARY TROOP INSTALLATIONS,,0251,0747,248 0251-0747
C034-L39,C034,C032-L18,248,MILITARY TROOP INSTALLATIONS,,0251,0748,248 0251-0748
C034-L40,C034,C032-L18,248,MILITARY TROOP INSTALLATIONS,,0251,0749,248 0251-0749
C034-L41,C034,C032-L18,243,MILITARY SCHOOLS,,0251,0750,243 0251-0750
C034-L42,C034,C032-L18,248,MILITARY TROOP INSTALLATIONS,,0251,0751,248 0251-0751
C034-L43,C034,C032-L18,248,MILITARY TROOP INSTALLATIONS,,0251,0752,248 0251-0752
C034-L44,C034,C032-L18,241,"MILITARY HQS, ARMY",,0251,0753,241 0251-0753
C034-L45,C034,C032-L18,248,MILITARY TROOP INSTALLATIONS,,0251,0754,248 0251-0754
C034-L46,C034,C032-L18,246,"MILITARY STORAGE AREAS, ARMY & NAVY",,0251,0869,246 0251-0869
C034-L47,C034,C032-L18,246,"MILITARY STORAGE AREAS, ARMY & NAVY",,0251,0872,246 0251-0872
C034-L48,C034,C032-L18,250,MINING MACHINERY,,0251,0950,250 0251-0950
C034-L49,C034,C032-L18,245,"MILITARY STORAGE AREAS, AIR FORCE",,0251,0963,245 0251-0963
C034-L50,C034,C032-L18,275,POPULATION,,0251,9997,275 0251-9997
C034-L53,C034,C034-L51,275,POPULATION,,0252,,275 0252-
C034-L54,C034,C034-L51,023,AMMUNITION,,0252,0924,023 0252-0924
C034-L55,C034,C034-L51,030,ANTI-FRICTION BEARINGS,,0252,0971,030 0252-0971
C035-L04,C035,C034-L56,023,AMMUNITION,,0252,0925,023 0252-0925
C035-L05,C035,C034-L56,246,"MILITARY STORAGE AREAS, ARMY & NAVY",,0252,0977,246 0252-0977
C035-L06,C035,C034-L56,275,POPULATION,,0252,9697,275 0252-9697
C035-L08,C035,C035-L07,275,POPULATION,,0251,,275 0251-
C035-L09,C035,C035-L07,250,MINING MACHINERY,,0251,0614,250 0251-0614
C035-L11,C035,C035-L10,275,POPULATION,,0251,,275 0251-
C035-L12,C035,C035-L10,335,HUNGARY,RAILROAD EQUIP REPAIR PLANTS-SATTELITES,0251,0606,335 0251-0606
C035-L13,C035,C035-L10,243,MILITARY SCHOOLS,,0251,0886,243 0251-0886
C035-L16,C035,C035-L14,227,"LIQUID FUELS, STORAGE NON-REFINERY",,0251,0545,227 0251-0545
C035-L17,C035,C035-L14,275,POPULATION,,0251,9891,275 0251-9891
C035-L20,C035,C035-L18,275,POPULATION,,0252,,275 0252-
C035-L21,C035,C035-L18,252,MOTOR VEHICLES,,0252,0411,252 0252-0411
C035-L23,C035,C035-L22,023,AMMUNITION,,0252,0652,023 0252-0652
C035-L24,C035,C035-L22,275,POPULATION,,0252,9604,275 0252-9604
C035-L26,C035,C035-L25,227,"LIQUID FUELS, STORAGE NON-REFINERY",,0234,,227 0234-
C035-L27,C035,C035-L25,275,POPULATION,,0234,,275 0234-
C035-L29,C035,C035-L28,392,POLAND,RAILROAD YARDS & SHOPS- SATELLITES,0169,1077,392 0169-1077
C035-L30,C035,C035-L28,275,POPULATION,,0169,9738,275 0169-9738
C035-L33,C035,C035-L31,368,VOLGA REGION,RAILROAD YARDS & SHOPS- USSR,0165,0323,368 0165-0323
C035-L34,C035,C035-L31,275,POPULATION,,0165,9961,275 0165-9961
C035-L36,C035,C035-L35,160,URALS REGION,ELECTRIC POWER - OUTSIDE GRIDS,0165,0294,160 0165-0294
C035-L37,C035,C035-L35,275,POPULATION,,0165,9991,275 0165-9991
C035-L40,C035,C035-L38,275,POPULATION,,0165,,275 0165-
C035-L41,C035,C035-L38,368,VOLGA REGION,RAILROAD YARDS & SHOPS- USSR,0165,0313,368 0165-0313
C035-L43,C035,C035-L42,245,"MILITARY STORAGE AREAS, AIR FORCE",,0199,0050,245 0199-0050
C035-L44,C035,C035-L42,275,POPULATION,,0199,9997,275 0199-9997
C036-L04,C036,C035-L45,082,"COPPER, REFINED",,0231,1804,082 0231-1804
C036-L05,C036,C035-L45,084,"COPPER, SMELTED",,0231,1804,084 0231-1804
C036-L06,C036,C035-L45,445,SULFURIC ACID,,0231,2247,445 0231-2247
C036-L07,C036,C035-L45,275,POPULATION,,0231,9897,275 0231-9897
C036-L10,C036,C036-L08,280,"PORTS, MARITIME",,0323,0073,280 0323-0073
C036-L11,C036,C036-L08,382,BULGARIA,RAILROAD YARDS & SHOPS- SATELLITES,0323,0085,382 0323-0085
C036-L12,C036,C036-L08,227,"LIQUID FUELS, STORAGE NON-REFINERY",,0323,0086,227 0323-0086
C036-L13,C036,C036-L08,254,NAVAL OPERATING BASES,,0323,0095,254 0323-0095
C036-L14,C036,C036-L08,184,BULGARIA,ELECTRIC POWER - SATELLITES,0323,0116,184 0323-0116
C036-L15,C036,C036-L08,382,BULGARIA,RAILROAD YARDS & SHOPS- SATELLITES,0323,0117,382 0323-0117
C036-L16,C036,C036-L08,227,"LIQUID FUELS, STORAGE NON-REFINERY",,0323,0139,227 0323-0139
C036-L17,C036,C036-L08,200,ELECTRIC WIRE & CABLE,,0323,0147,200 0323-0147
C036-L18,C036,C036-L08,246,"MILITARY STORAGE AREAS, ARMY & NAVY",,0323,0187,246 0323-0187
C036-L19,C036,C036-L08,248,MILITARY TROOP INSTALLATIONS,,0323,0188,248 0323-0188
C036-L20,C036,C036-L08,010,AGRICULTURAL EQUIPMENT,,0323,0204,010 0323-0204
C036-L21,C036,C036-L08,275,POPULATION,,0323,9996,275 0323-9996
C036-L23,C036,C036-L22,445,SULFURIC ACID,,0232,1071,445 0232-1071
C036-L24,C036,C036-L22,275,POPULATION,,0232,9529,275 0232-9529
C036-L27,C036,C036-L25,246,"MILITARY STORAGE AREAS, ARMY & NAVY",,0154,0434,246 0154-0434
C036-L28,C036,C036-L25,246,"MILITARY STORAGE AREAS, ARMY & NAVY",,0154,0435,246 0154-0435
C036-L29,C036,C036-L25,360,NORTHEAST SUB-REGION CENTRAL IND REG,RAILROAD YARDS & SHOPS- USSR,0154,0438,360 0154-0438
C036-L30,C036,C036-L25,275,POPULATION,,0154,9965,275 0154-9965
C036-L32,C036,C036-L31,227,"LIQUID FUELS, STORAGE NON-REFINERY",,0248,,227 0248-
C036-L33,C036,C036-L31,275,POPULATION,,0248,9952,275 0248-9952
C036-L35,C036,C036-L34,290,RAILROAD BRIDGES,,0251,0261,290 0251-0261
C036-L36,C036,C036-L34,394,RUMANIA,RAILROAD YARDS & SHOPS- SATELLITES,0251,0625,394 0251-0625
C036-L37,C036,C036-L34,248,MILITARY TROOP INSTALLATIONS,,0251,0860,248 0251-0860
C036-L38,C036,C036-L34,275,POPULATION,,0251,9942,275 0251-9942
C036-L41,C036,C036-L39,224,"LIQUID FUEL PLANTS, CRUDE",,0250,0127,224 0250-0127
C036-L42,C036,C036-L39,226,"LIQUID FUELS, STORAGE AT REFINERIES",,0250,0127,226 0250-0127
C036-L43,C036,C036-L39,290,RAILROAD BRIDGES,,0250,0312,290 0250-0312
C036-L44,C036,C036-L39,246,"MILITARY STORAGE AREAS, ARMY & NAVY",,0250,0347,246 0250-0347
C036-L45,C036,C036-L39,275,POPULATION,,0250,9898,275 0250-9898
C037-L06,C037,C037-L04,366,URALS REGION,RAILROAD YARDS & SHOPS- USSR,0165,0324,366 0165-0324
C037-L07,C037,C037-L04,275,POPULATION,,0165,9962,275 0165-9962
C037-L11,C037,C037-L08,392,POLAND,RAILROAD YARDS & SHOPS- SATELLITES,0169,0064,392 0169-0064
C037-L12,C037,C037-L08,336,POLAND,RAILROAD EQUIP REPAIR PLANTS-SATTELITES,0169,0066,336 0169-0066
C037-L13,C037,C037-L08,200,ELECTRIC WIRE & CABLE,,0169,0081,200 0169-0081
C037-L14,C037,C037-L08,023,AMMUNITION,,0169,0166,023 0169-0166
C037-L15,C037,C037-L08,215,HIGH EXPLOSIVES,,0169,0166,215 0169-0166
C037-L16,C037,C037-L08,282,PROPELLANTS,,0169,0166,282 0169-0166
C037-L17,C037,C037-L08,281,"PORTS, INLAND",,0169,0320,281 0169-0320
C037-L18,C037,C037-L08,196,POLAND,ELECTRIC POWER - SATELLITES,0169,0326,196 0169-0326
C037-L19,C037,C037-L08,228,LOCKS & DAMS,,0169,0338,228 0169-0338
C037-L20,C037,C037-L08,228,LOCKS & DAMS,,0169,0339,228 0169-0339
C037-L21,C037,C037-L08,228,LOCKS & DAMS,,0169,0340,228 0169-0340
C037-L22,C037,C037-L08,285,RADIO & TELEVISION,,0169,0442,285 0169-0442
C037-L23,C037,C037-L08,228,LOCKS & DAMS,,0169,0503,228 0169-0503
C037-L24,C037,C037-L08,228,LOCKS & DAMS,,0169,0504,228 0169-0504
C037-L25,C037,C037-L08,090,CUTTING TOOLS,,0169,0677,090 0169-0677
C037-L26,C037,C037-L08,090,CUTTING TOOLS,,0169,0678,090 0169-0678
C037-L27,C037,C037-L08,392,POLAND,RAILROAD YARDS & SHOPS- SATELLITES,0169,0954,392 0169-0954
C037-L28,C037,C037-L08,235,METAL FORMING EQUIPMENT,,0169,1003,235 0169-1003
C037-L29,C037,C037-L08,208,GOVERNMENT CONTROL CENTERS,,0169,1141,208 0169-1141
C037-L30,C037,C037-L08,248,MILITARY TROOP INSTALLATIONS,,0169,1225,248 0169-1225
C037-L31,C037,C037-L08,248,MILITARY TROOP INSTALLATIONS,,0169,1226,248 0169-1226
C037-L32,C037,C037-L08,275,POPULATION,,0169,9994,275 0169-9994
C037-L34,C037,C037-L33,245,"MILITARY STORAGE AREAS, AIR FORCE",,0250,0370,245 0250-0370
C037-L35,C037,C037-L33,275,POPULATION,,0250,9879,275 0250-9879
C037-L37,C037,C037-L36,275,POPULATION,,0615,,275 0615-
C037-L38,C037,C037-L36,280,"PORTS, MARITIME",,0615,0009,280 0615-0009
C037-L43,C037,C037-L39,215,HIGH EXPLOSIVES,,0614,,215 0614-
C037-L44,C037,C037-L39,227,"LIQUID FUELS, STORAGE NON-REFINERY",,0614,,227 0614-
C037-L45,C037,C037-L39,241,"MILITARY HQS, ARMY",,0614,,241 0614-
C037-L46,C037,C037-L39,242,"MILITARY HQS, NAVY",,0614,,242 0614-
C037-L47,C037,C037-L39,243,MILITARY SCHOOLS,,0614,,243 0614-
C037-L48,C037,C037-L39,246,"MILITARY STORAGE AREAS, ARMY & NAVY",,0614,,246 0614-
C038-L04,C038,C037-L39,248,MILITARY TROOP INSTALLATIONS,,0614,,248 0614-
C038-L05,C038,C037-L39,280,"PORTS, MARITIME",,0614,0019,280 0614-0019
C038-L06,C038,C037-L39,186,CHINA-OUTSIDE GRIDS,ELECTRIC POWER - SATELLITES,0614,0036,186 0614-0036
C038-L07,C038,C037-L39,186,CHINA-OUTSIDE GRIDS,ELECTRIC POWER - SATELLITES,0614,0038,186 0614-0038
C038-L08,C038,C037-L39,245,"MILITARY STORAGE AREAS, AIR FORCE",,0614,0044,245 0614-0044
C038-L09,C038,C037-L39,384,CHINA,RAILROAD YARDS & SHOPS- SATELLITES,0614,0050,384 0614-0050
C038-L10,C038,C037-L39,227,"LIQUID FUELS, STORAGE NON-REFINERY",,0614,0052,227 0614-0052
C038-L11,C038,C037-L39,227,"LIQUID FUELS, STORAGE NON-REFINERY",,0614,0053,227 0614-0053
C038-L12,C038,C037-L39,227,"LIQUID FUELS, STORAGE NON-REFINERY",,0614,0054,227 0614-0054
C038-L13,C038,C037-L39,227,"LIQUID FUELS, STORAGE NON-REFINERY",,0614,0058,227 0614-0058
C038-L14,C038,C037-L39,384,CHINA,RAILROAD YARDS & SHOPS- SATELLITES,0614,0834,384 0614-0834
C038-L15,C038,C037-L39,248,MILITARY TROOP INSTALLATIONS,,0614,0846,248 0614-0846
C038-L16,C038,C037-L39,248,MILITARY TROOP INSTALLATIONS,,0614,0847,248 0614-0847
C038-L17,C038,C037-L39,245,"MILITARY STORAGE AREAS, AIR FORCE",,0614,0850,245 0614-0850
C038-L18,C038,C037-L39,246,"MILITARY STORAGE AREAS, ARMY & NAVY",,0614,0851,246 0614-0851
C038-L19,C038,C037-L39,245,"MILITARY STORAGE AREAS, AIR FORCE",,0614,0852,245 0614-0852
C038-L20,C038,C037-L39,246,"MILITARY STORAGE AREAS, ARMY & NAVY",,0614,0853,246 0614-0853
C038-L21,C038,C037-L39,246,"MILITARY STORAGE AREAS, ARMY & NAVY",,0614,0854,246 0614-0854
C038-L22,C038,C037-L39,023,AMMUNITION,,0614,0855,023 0614-0855
C038-L23,C038,C037-L39,214,"GUNS, SMALL ARMS",,0614,0855,214 0614-0855
C038-L24,C038,C037-L39,062,CAUSTIC SODA,,0614,0858,062 0614-0858
C038-L25,C038,C037-L39,068,CHLORINE,,0614,0858,068 0614-0858
C038-L26,C038,C037-L39,248,MILITARY TROOP INSTALLATIONS,,0614,0861,248 0614-0861
C038-L27,C038,C037-L39,248,MILITARY TROOP INSTALLATIONS,,0614,0862,248 0614-0862
C038-L28,C038,C037-L39,248,MILITARY TROOP INSTALLATIONS,,0614,0863,248 0614-0863
C038-L29,C038,C037-L39,248,MILITARY TROOP INSTALLATIONS,,0614,0864,248 0614-0864
C038-L30,C038,C037-L39,248,MILITARY TROOP INSTALLATIONS,,0614,0865,248 0614-0865
C038-L31,C038,C037-L39,248,MILITARY TROOP INSTALLATIONS,,0614,0866,248 0614-0866
C038-L32,C038,C037-L39,248,MILITARY TROOP INSTALLATIONS,,0614,0867,248 0614-0867
C038-L33,C038,C037-L39,248,MILITARY TROOP INSTALLATIONS,,0614,0868,248 0614-0868
C038-L34,C038,C037-L39,208,GOVERNMENT CONTROL CENTERS,,0614,0869,208 0614-0869
C038-L35,C038,C037-L39,245,"MILITARY STORAGE AREAS, AIR FORCE",,0614,0884,245 0614-0884
C038-L36,C038,C037-L39,245,"MILITARY STORAGE AREAS, AIR FORCE",,0614,0885,245 0614-0885
C038-L37,C038,C037-L39,246,"MILITARY STORAGE AREAS, ARMY & NAVY",,0614,0894,246 0614-0894
C038-L38,C038,C037-L39,384,CHINA,RAILROAD YARDS & SHOPS- SATELLITES,0614,0922,384 0614-0922
C038-L39,C038,C037-L39,275,POPULATION,,0614,9998,275 0614-9998
C038-L42,C038,C038-L40,246,"MILITARY STORAGE AREAS, ARMY & NAVY",,0614,,246 0614-
C038-L43,C038,C038-L40,242,"MILITARY HQS, NAVY",,0614,0021,242 0614-0021
C038-L44,C038,C038-L40,280,"PORTS, MARITIME",,0614,0021,280 0614-0021
C038-L45,C038,C038-L40,384,CHINA,RAILROAD YARDS & SHOPS- SATELLITES,0614,0835,384 0614-0835
C038-L46,C038,C038-L40,246,"MILITARY STORAGE AREAS, ARMY & NAVY",,0614,0849,246 0614-0849
C038-L47,C038,C038-L40,246,"MILITARY STORAGE AREAS, ARMY & NAVY",,0614,0850,246 0614-0850
C038-L48,C038,C038-L40,254,NAVAL OPERATING BASES,,0614,0860,254 0614-0860
C038-L49,C038,C038-L40,275,POPULATION,,0614,9979,275 0614-9979
C038-L51,C038,C038-L50,394,RUMANIA,RAILROAD YARDS & SHOPS- SATELLITES,0251,0104,394 0251-0104
C038-L52,C038,C038-L50,275,POPULATION,,0251,9938,275 0251-9938
C039-L04,C039,C038-L53,390,HUNGARY,RAILROAD YARDS & SHOPS- SATELLITES,0251,0731,390 0251-0731
C039-L05,C039,C038-L53,275,POPULATION,,0251,9884,275 0251-9884
C039-L07,C039,C039-L06,246,"MILITARY STORAGE AREAS, ARMY & NAVY",,0251,0887,246 0251-0887
C039-L08,C039,C039-L06,275,POPULATION,,0251,9801,275 0251-9801
C039-L10,C039,C039-L09,224,"LIQUID FUEL PLANTS, CRUDE",,0322,0541,224 0322-0541
C039-L11,C039,C039-L09,226,"LIQUID FUELS, STORAGE AT REFINERIES",,0322,0541,226 0322-0541
C039-L12,C039,C039-L09,275,POPULATION,,0322,9745,275 0322-9745
C039-L14,C039,C039-L13,292,RAILROAD FREIGHT CARS,,0231,0707,292 0231-0707
C039-L15,C039,C039-L13,050,"BATTERIES, LEAD ACID",,0231,1861,050 0231-1861
C039-L16,C039,C039-L13,386,CZECHOSLOVAKIA,RAILROAD YARDS & SHOPS- SATELLITES,0231,2855,386 0231-2855
C039-L17,C039,C039-L13,275,POPULATION,,0231,9511,275 0231-9511
C039-L19,C039,C039-L18,188,CZECHOSLOVAKIA,ELECTRIC POWER - SATELLITES,0231,1760,188 0231-1760
C039-L20,C039,C039-L18,275,POPULATION,,0231,9630,275 0231-9630
C039-L22,C039,C039-L21,386,CZECHOSLOVAKIA,RAILROAD YARDS & SHOPS- SATELLITES,0231,2848,386 0231-2848
C039-L23,C039,C039-L21,248,MILITARY TROOP INSTALLATIONS,,0231,3459,248 0231-3459
C039-L24,C039,C039-L21,248,MILITARY TROOP INSTALLATIONS,,0231,3460,248 0231-3460
C039-L25,C039,C039-L21,290,RAILROAD BRIDGES,,0231,3543,290 0231-3543
C039-L26,C039,C039-L21,275,POPULATION,,0231,9921,275 0231-9921
C039-L28,C039,C039-L27,248,MILITARY TROOP INSTALLATIONS,,0231,3794,248 0231-3794
C039-L29,C039,C039-L27,243,MILITARY SCHOOLS,,0231,3802,243 0231-3802
C039-L30,C039,C039-L27,275,POPULATION,,0231,9100,275 0231-9100
C039-L32,C039,C039-L31,050,"BATTERIES, LEAD ACID",,0231,0269,050 0231-0269
C039-L33,C039,C039-L31,252,MOTOR VEHICLES,,0231,0659,252 0231-0659
C039-L34,C039,C039-L31,248,MILITARY TROOP INSTALLATIONS,,0231,3788,248 0231-3788
C039-L35,C039,C039-L31,275,POPULATION,,0231,9918,275 0231-9918
C039-L37,C039,C039-L36,386,CZECHOSLOVAKIA,RAILROAD YARDS & SHOPS- SATELLITES,0231,0220,386 0231-0220
C039-L38,C039,C039-L36,290,RAILROAD BRIDGES,,0231,0717,290 0231-0717
C039-L39,C039,C039-L36,290,RAILROAD BRIDGES,,0231,0718,290 0231-0718
C039-L40,C039,C039-L36,188,CZECHOSLOVAKIA,ELECTRIC POWER - SATELLITES,0231,0743,188 0231-0743
C039-L41,C039,C039-L36,246,"MILITARY STORAGE AREAS, ARMY & NAVY",,0231,3427,246 0231-3427
C039-L42,C039,C039-L36,246,"MILITARY STORAGE AREAS, ARMY & NAVY",,0231,3428,246 0231-3428
C039-L43,C039,C039-L36,248,MILITARY TROOP INSTALLATIONS,,0231,3429,248 0231-3429
C039-L44,C039,C039-L36,248,MILITARY TROOP INSTALLATIONS,,0231,3430,248 0231-3430
C039-L45,C039,C039-L36,248,MILITARY TROOP INSTALLATIONS,,0231,3431,248 0231-3431
C039-L46,C039,C039-L36,275,POPULATION,,0231,9940,275 0231-9940
C039-L48,C039,C039-L47,188,CZECHOSLOVAKIA,ELECTRIC POWER - SATELLITES,0231,0449,188 0231-0449
C039-L49,C039,C039-L47,275,POPULATION,,0231,9418,275 0231-9418
C040-L05,C040,C040-L04,386,CZECHOSLOVAKIA,RAILROAD YARDS & SHOPS- SATELLITES,0231,1269,386 0231-1269
C040-L06,C040,C040-L04,333,CZECHOSLOVAKIA,RAILROAD EQUIP REPAIR PLANTS-SATTELITES,0231,2847,333 0231-2847
C040-L07,C040,C040-L04,275,POPULATION,,0231,9439,275 0231-9439
C040-L09,C040,C040-L08,243,MILITARY SCHOOLS,,0290,,243 0290-
C040-L10,C040,C040-L08,246,"MILITARY STORAGE AREAS, ARMY & NAVY",,0290,,246 0290-
C040-L11,C040,C040-L08,246,"MILITARY STORAGE AREAS, ARMY & NAVY",,0290,,246 0290-
C040-L12,C040,C040-L08,185,CHINA-MAJOR GRIDS,ELECTRIC POWER - SATELLITES,0290,0051,185 0290-0051
C040-L13,C040,C040-L08,384,CHINA,RAILROAD YARDS & SHOPS- SATELLITES,0290,0152,384 0290-0152
C040-L14,C040,C040-L08,252,MOTOR VEHICLES,,0290,0369,252 0290-0369
C040-L15,C040,C040-L08,245,"MILITARY STORAGE AREAS, AIR FORCE",,0290,0396,245 0290-0396
C040-L16,C040,C040-L08,275,POPULATION,,0290,9931,275 0290-9931
C040-L18,C040,C040-L17,280,"PORTS, MARITIME",,0380,0037,280 0380-0037
C040-L19,C040,C040-L17,275,POPULATION,,0380,9985,275 0380-9985
C040-L22,C040,C040-L20,243,MILITARY SCHOOLS,,0494,,243 0494-
C040-L23,C040,C040-L20,230,MACHINE TOOLS,,0494,0016,230 0494-0016
C040-L24,C040,C040-L20,208,GOVERNMENT CONTROL CENTERS,,0494,0018,208 0494-0018
C040-L25,C040,C040-L20,186,CHINA-OUTSIDE GRIDS,ELECTRIC POWER - SATELLITES,0494,0019,186 0494-0019
C040-L26,C040,C040-L20,281,"PORTS, INLAND",,0494,0027,281 0494-0027
C040-L27,C040,C040-L20,275,POPULATION,,0494,9997,275 0494-9997
C040-L29,C040,C040-L28,227,"LIQUID FUELS, STORAGE NON-REFINERY",,0235,,227 0235-
C040-L30,C040,C040-L28,275,POPULATION,,0235,9978,275 0235-9978
C040-L34,C040,C040-L31,040,A/E INDUSTRY,,0165,,040 0165-
C040-L35,C040,C040-L31,023,AMMUNITION,,0165,0035,023 0165-0035
C040-L36,C040,C040-L31,215,HIGH EXPLOSIVES,,0165,0035,215 0165-0035
C040-L37,C040,C040-L31,062,CAUSTIC SODA,,0165,0073,062 0165-0073
C040-L38,C040,C040-L31,066,"CHEMICAL WARFARE AGENT, STANDARD",,0165,0073,066 0165-0073
C040-L39,C040,C040-L31,068,CHLORINE,,0165,0073,068 0165-0073
C040-L40,C040,C040-L31,445,SULFURIC ACID,,0165,0073,445 0165-0073
C040-L41,C040,C040-L31,165,VOLGA ECONOMIC REGION,ELECTRIC POWER - OUTSIDE GRIDS,0165,0271,165 0165-0271
C040-L42,C040,C040-L31,368,VOLGA REGION,RAILROAD YARDS & SHOPS- USSR,0165,0281,368 0165-0281
C040-L43,C040,C040-L31,275,POPULATION,,0165,9990,275 0165-9990
C041-L05,C041,C040-L44,352,DONBAS SUB-REGION UKRAINE REGION,RAILROAD YARDS & SHOPS- USSR,0234,0127,352 0234-0127
C041-L06,C041,C040-L44,275,POPULATION,,0234,9976,275 0234-9976
C041-L08,C041,C041-L07,227,"LIQUID FUELS, STORAGE NON-REFINERY",,0337,,227 0337-
C041-L09,C041,C041-L07,290,RAILROAD BRIDGES,,0337,0019,290 0337-0019
C041-L10,C041,C041-L07,275,POPULATION,,0337,9996,275 0337-9996
C041-L12,C041,C041-L11,386,CZECHOSLOVAKIA,RAILROAD YARDS & SHOPS- SATELLITES,0231,0221,386 0231-0221
C041-L13,C041,C041-L11,290,RAILROAD BRIDGES,,0231,0599,290 0231-0599
C041-L14,C041,C041-L11,290,RAILROAD BRIDGES,,0231,2843,290 0231-2843
C041-L15,C041,C041-L11,248,MILITARY TROOP INSTALLATIONS,,0231,3432,248 0231-3432
C041-L16,C041,C041-L11,275,POPULATION,,0231,9939,275 0231-9939
C041-L18,C041,C041-L17,275,POPULATION,,0231,,275 0231-
C041-L19,C041,C041-L17,264,OPTICAL EQUIPMENT,,0231,2754,264 0231-2754
C041-L21,C041,C041-L20,275,POPULATION,,0231,,275 0231-
C041-L22,C041,C041-L20,248,MILITARY TROOP INSTALLATIONS,,0231,3455,248 0231-3455
C041-L24,C041,C041-L23,248,MILITARY TROOP INSTALLATIONS,,0231,3464,248 0231-3464
C041-L25,C041,C041-L23,275,POPULATION,,0231,9919,275 0231-9919
C041-L27,C041,C041-L26,227,"LIQUID FUELS, STORAGE NON-REFINERY",,0231,,227 0231-
C041-L28,C041,C041-L26,386,CZECHOSLOVAKIA,RAILROAD YARDS & SHOPS- SATELLITES,0231,0224,386 0231-0224
C041-L29,C041,C041-L26,006,"ABRASIVES, CRUDE",,0231,0407,006 0231-0407
C041-L30,C041,C041-L26,060,CALCIUM CARBIDE,,0231,0407,060 0231-0407
C041-L31,C041,C041-L26,204,FERRO-ALLOYS,,0231,0407,204 0231-0407
C041-L32,C041,C041-L26,188,CZECHOSLOVAKIA,ELECTRIC POWER - SATELLITES,0231,0450,188 0231-0450
C041-L33,C041,C041-L26,188,CZECHOSLOVAKIA,ELECTRIC POWER - SATELLITES,0231,0738,188 0231-0738
C041-L34,C041,C041-L26,250,MINING MACHINERY,,0231,1790,250 0231-1790
C041-L35,C041,C041-L26,188,CZECHOSLOVAKIA,ELECTRIC POWER - SATELLITES,0231,1889,188 0231-1889
C041-L36,C041,C041-L26,275,POPULATION,,0231,9934,275 0231-9934
C041-L38,C041,C041-L37,392,POLAND,RAILROAD YARDS & SHOPS- SATELLITES,0232,0068,392 0232-0068
C041-L39,C041,C041-L37,275,POPULATION,,0232,9873,275 0232-9873
C041-L45,C041,C041-L40,243,MILITARY SCHOOLS,,0164,,243 0164-
C041-L46,C041,C041-L40,445,SULFURIC ACID,,0164,0001,445 0164-0001
C041-L47,C041,C041-L40,118,URALS,ELECTRIC POWER - MAJOR GRIDS,0164,0003,118 0164-0003
C041-L48,C041,C041-L40,430,STEEL,,0164,0005,430 0164-0005
C042-L04,C042,C041-L40,450,TANKS & S. P. GUNS,,0164,0005,450 0164-0005
C042-L05,C042,C041-L40,475,TRACTORS,,0164,0005,475 0164-0005
C042-L06,C042,C041-L40,075,COKE CHEMICALS,,0164,0007,075 0164-0007
C042-L07,C042,C041-L40,270,PIG IRON,,0164,0007,270 0164-0007
C042-L08,C042,C041-L40,430,STEEL,,0164,0007,430 0164-0007
C042-L09,C042,C041-L40,005,"ABRASIVES, BONDED",,0164,0011,005 0164-0011
C042-L10,C042,C041-L40,006,"ABRASIVES, CRUDE",,0164,0011,006 0164-0011
C042-L11,C042,C041-L40,010,AGRICULTURAL EQUIPMENT,,0164,0033,010 0164-0033
C042-L12,C042,C041-L40,262,OIL EXTRACTION EQUIPMENT,,0164,0033,262 0164-0033
C042-L13,C042,C041-L40,430,STEEL,,0164,0033,430 0164-0033
C042-L14,C042,C041-L40,430,STEEL,,0164,0035,430 0164-0035
C042-L15,C042,C041-L40,204,FERRO-ALLOYS,,0164,0036,204 0164-0036
C042-L16,C042,C041-L40,118,URALS,ELECTRIC POWER - MAJOR GRIDS,0164,0060,118 0164-0060
C042-L17,C042,C041-L40,095,EARTH MOVING EQUIPMENT,,0164,0077,095 0164-0077
C042-L18,C042,C041-L40,057,CADMIUM,,0164,0085,057 0164-0085
C042-L19,C042,C041-L40,490,ZINC,,0164,0085,490 0164-0085
C042-L20,C042,C041-L40,118,URALS,ELECTRIC POWER - MAJOR GRIDS,0164,0096,118 0164-0096
C042-L21,C042,C041-L40,366,URALS REGION,RAILROAD YARDS & SHOPS- USSR,0164,0133,366 0164-0133
C042-L22,C042,C041-L40,366,URALS REGION,RAILROAD YARDS & SHOPS- USSR,0164,0134,366 0164-0134
C042-L23,C042,C041-L40,318,URALS REGION,RAILROAD EQUIPMENT REPAIR PLANTS-USSR,0164,0141,318 0164-0141
C042-L24,C042,C041-L40,285,RADIO & TELEVISION,,0164,0161,285 0164-0161
C042-L25,C042,C041-L40,208,GOVERNMENT CONTROL CENTERS,,0164,0165,208 0164-0165
C042-L26,C042,C041-L40,005,"ABRASIVES, BONDED",,0164,0167,005 0164-0167
C042-L27,C042,C041-L40,227,"LIQUID FUELS, STORAGE NON-REFINERY",,0164,0168,227 0164-0168
C042-L28,C042,C041-L40,282,PROPELLANTS,,0164,0176,282 0164-0176
C042-L29,C042,C041-L40,275,POPULATION,,0164,9999,275 0164-9999
C042-L32,C042,C042-L30,250,MINING MACHINERY,,0164,0022,250 0164-0022
C042-L33,C042,C042-L30,023,AMMUNITION,,0164,0087,023 0164-0087
C042-L34,C042,C042-L30,275,POPULATION,,0164,9973,275 0164-9973
C042-L41,C042,C042-L35,190,EAST GERMANY,ELECTRIC POWER - SATELLITES,0231,0178,190 0231-0178
C042-L42,C042,C042-L35,230,MACHINE TOOLS,,0231,0184,230 0231-0184
C042-L43,C042,C042-L35,230,MACHINE TOOLS,,0231,1301,230 0231-1301
C042-L44,C042,C042-L35,388,EAST GERMANY,RAILROAD YARDS & SHOPS- SATELLITES,0231,1355,388 0231-1355
C042-L45,C042,C042-L35,334,EAST GERMANY,RAILROAD EQUIP REPAIR PLANTS-SATTELITES,0231,1780,334 0231-1780
C042-L46,C042,C042-L35,005,"ABRASIVES, BONDED",,0231,1786,005 0231-1786
C042-L47,C042,C042-L35,430,STEEL,,0231,1826,430 0231-1826
C042-L48,C042,C042-L35,005,"ABRASIVES, BONDED",,0231,1850,005 0231-1850
C042-L49,C042,C042-L35,230,MACHINE TOOLS,,0231,2001,230 0231-2001
C042-L50,C042,C042-L35,230,MACHINE TOOLS,,0231,2773,230 0231-2773
C042-L51,C042,C042-L35,230,MACHINE TOOLS,,0231,2774,230 0231-2774
C042-L52,C042,C042-L35,230,MACHINE TOOLS,,0231,2775,230 0231-2775
C042-L53,C042,C042-L35,064,CHEMICAL EQUIPMENT,,0231,2967,064 0231-2967
C042-L54,C042,C042-L35,264,OPTICAL EQUIPMENT,,0231,2993,264 0231-2993
C043-L04,C043,C042-L35,208,GOVERNMENT CONTROL CENTERS,,0231,3170,208 0231-3170
C043-L05,C043,C042-L35,230,MACHINE TOOLS,,0231,3186,230 0231-3186
C043-L06,C043,C042-L35,275,POPULATION,,0231,9996,275 0231-9996
C043-L08,C043,C043-L07,275,POPULATION,,0231,,275 0231-
C043-L09,C043,C043-L07,248,MILITARY TROOP INSTALLATIONS,,0231,3222,248 0231-3222
C043-L12,C043,C043-L10,275,POPULATION,,0231,,275 0231-
C043-L13,C043,C043-L10,235,METAL FORMING EQUIPMENT,,0231,2963,235 0231-2963
C043-L16,C043,C043-L14,275,POPULATION,,0231,,275 0231-
C043-L17,C043,C043-L14,252,MOTOR VEHICLES,,0231,1722,252 0231-1722
C043-L19,C043,C043-L18,275,POPULATION,,0231,,275 0231-
C043-L20,C043,C043-L18,246,"MILITARY STORAGE AREAS, ARMY & NAVY",,0231,3415,246 0231-3415
C043-L22,C043,C043-L21,275,POPULATION,,0231,,275 0231-
C043-L23,C043,C043-L21,250,MINING MACHINERY,,0231,1294,250 0231-1294
C043-L26,C043,C043-L24,275,POPULATION,,0231,,275 0231-
C043-L27,C043,C043-L24,285,RADIO & TELEVISION,,0231,3766,285 0231-3766
C043-L28,C043,C043-L24,285,RADIO & TELEVISION,,0231,3767,285 0231-3767
C043-L30,C043,C043-L29,290,RAILROAD BRIDGES,,0385,0034,290 0385-0034
C043-L31,C043,C043-L29,384,CHINA,RAILROAD YARDS & SHOPS- SATELLITES,0385,0036,384 0385-0036
C043-L32,C043,C043-L29,186,CHINA-OUTSIDE GRIDS,ELECTRIC POWER - SATELLITES,0385,0042,186 0385-0042
C043-L33,C043,C043-L29,208,GOVERNMENT CONTROL CENTERS,,0385,0047,208 0385-0047
C043-L34,C043,C043-L29,275,POPULATION,,0385,9983,275 0385-9983
C043-L36,C043,C043-L35,228,LOCKS & DAMS,,0385,,228 0385-
C043-L37,C043,C043-L35,275,POPULATION,,0385,,275 0385-
C043-L40,C043,C043-L38,243,MILITARY SCHOOLS,,0289,,243 0289-
C043-L41,C043,C043-L38,275,POPULATION,,0289,,275 0289-
C043-L42,C043,C043-L38,208,GOVERNMENT CONTROL CENTERS,,0289,0134,208 0289-0134
C043-L45,C043,C043-L43,214,"GUNS, SMALL ARMS",,0495,0008,214 0495-0008
C043-L46,C043,C043-L43,208,GOVERNMENT CONTROL CENTERS,,0495,0014,208 0495-0014
C043-L47,C043,C043-L43,243,MILITARY SCHOOLS,,0495,0021,243 0495-0021
C043-L48,C043,C043-L43,275,POPULATION,,0495,9998,275 0495-9998
C044-L06,C044,C043-L49,227,"LIQUID FUELS, STORAGE NON-REFINERY",,0200,,227 0200-
C044-L07,C044,C043-L49,102,ANGARA,ELECTRIC POWER - MAJOR GRIDS,0200,0004,102 0200-0004
C044-L08,C044,C043-L49,225,"LIQUID FUEL PLANTS, SYNTHETIC",,0200,0050,225 0200-0050
C044-L09,C044,C043-L49,226,"LIQUID FUELS, STORAGE AT REFINERIES",,0200,0050,226 0200-0050
C044-L10,C044,C043-L49,250,MINING MACHINERY,,0200,0059,250 0200-0059
C044-L11,C044,C043-L49,354,EAST SIBERIAN & FAR EASTERN REGION,RAILROAD YARDS & SHOPS- USSR,0200,0084,354 0200-0084
C044-L12,C044,C043-L49,275,POPULATION,,0200,9998,275 0200-9998
C044-L15,C044,C044-L13,050,"BATTERIES, LEAD ACID",,0200,0006,050 0200-0006
C044-L16,C044,C044-L13,102,ANGARA,ELECTRIC POWER - MAJOR GRIDS,0200,0066,102 0200-0066
C044-L17,C044,C044-L13,281,"PORTS, INLAND",,0200,0073,281 0200-0073
C044-L18,C044,C044-L13,102,ANGARA,ELECTRIC POWER - MAJOR GRIDS,0200,0077,102 0200-0077
C044-L19,C044,C044-L13,275,POPULATION,,0200,9970,275 0200-9970
C044-L22,C044,C044-L20,112,MOSCOW-GORKIY,ELECTRIC POWER - MAJOR GRIDS,0167,0928,112 0167-0928
C044-L23,C044,C044-L20,275,POPULATION,,0167,9957,275 0167-9957
C044-L26,C044,C044-L24,243,MILITARY SCHOOLS,,0154,,243 0154-
C044-L27,C044,C044-L24,112,MOSCOW-GORKIY,ELECTRIC POWER - MAJOR GRIDS,0154,0193,112 0154-0193
C044-L28,C044,C044-L24,020,ALUMINA,,0154,0302,020 0154-0302
C044-L29,C044,C044-L24,021,ALUMINUM,,0154,0302,021 0154-0302
C044-L30,C044,C044-L24,310,NORTHERN REGION,RAILROAD EQUIPMENT REPAIR PLANTS-USSR,0154,0326,310 0154-0326
C044-L31,C044,C044-L24,227,"LIQUID FUELS, STORAGE NON-REFINERY",,0154,0388,227 0154-0388
C044-L32,C044,C044-L24,358,NORTHERN REGION,RAILROAD YARDS & SHOPS- USSR,0154,0392,358 0154-0392
C044-L33,C044,C044-L24,281,"PORTS, INLAND",,0154,0393,281 0154-0393
C044-L34,C044,C044-L24,112,MOSCOW-GORKIY,ELECTRIC POWER - MAJOR GRIDS,0154,0417,112 0154-0417
C044-L35,C044,C044-L24,275,POPULATION,,0154,9985,275 0154-9985
C044-L38,C044,C044-L36,227,"LIQUID FUELS, STORAGE NON-REFINERY",,0154,,227 0154-
C044-L39,C044,C044-L36,275,POPULATION,,0154,9972,275 0154-9972
C044-L41,C044,C044-L40,270,PIG IRON,,0156,0035,270 0156-0035
C044-L42,C044,C044-L40,430,STEEL,,0156,0035,430 0156-0035
C044-L43,C044,C044-L40,275,POPULATION,,0156,9996,275 0156-9996
C044-L45,C044,C044-L44,270,PIG IRON,,0156,0073,270 0156-0073
C044-L46,C044,C044-L44,275,POPULATION,,0156,9977,275 0156-9977
C044-L48,C044,C044-L47,270,PIG IRON,,0155,0083,270 0155-0083
C045-L03,C045,C044-L47,275,POPULATION,,0155,9978,275 0155-9978
C045-L05,C045,C045-L04,270,PIG IRON,,0155,0067,270 0155-0067
C045-L06,C045,C045-L04,275,POPULATION,,0155,9976,275 0155-9976
C045-L09,C045,C045-L07,227,"LIQUID FUELS, STORAGE NON-REFINERY",,0233,,227 0233-
C045-L10,C045,C045-L07,376,WEST SUB-REGION UKRAINE REGION,RAILROAD YARDS & SHOPS- USSR,0233,0021,376 0233-0021
C045-L11,C045,C045-L07,275,POPULATION,,0233,9994,275 0233-9994
C045-L14,C045,C045-L12,243,MILITARY SCHOOLS,,0233,,243 0233-
C045-L15,C045,C045-L12,376,WEST SUB-REGION UKRAINE REGION,RAILROAD YARDS & SHOPS- USSR,0233,0050,376 0233-0050
C045-L16,C045,C045-L12,290,RAILROAD BRIDGES,,0233,0051,290 0233-0051
C045-L17,C045,C045-L12,145,SOUTH ECONOMIC REGION,ELECTRIC POWER - OUTSIDE GRIDS,0233,0206,145 0233-0206
C045-L18,C045,C045-L12,208,GOVERNMENT CONTROL CENTERS,,0233,0244,208 0233-0244
C045-L19,C045,C045-L12,275,POPULATION,,0233,9986,275 0233-9986
C045-L22,C045,C045-L20,227,"LIQUID FUELS, STORAGE NON-REFINERY",,0168,,227 0168-
C045-L23,C045,C045-L20,246,"MILITARY STORAGE AREAS, ARMY & NAVY",,0168,0181,246 0168-0181
C045-L24,C045,C045-L20,370,WESTERN REGION,RAILROAD YARDS & SHOPS- USSR,0168,0181,370 0168-0181
C045-L25,C045,C045-L20,370,WESTERN REGION,RAILROAD YARDS & SHOPS- USSR,0168,0185,370 0168-0185
C045-L26,C045,C045-L20,248,MILITARY TROOP INSTALLATIONS,,0168,0271,248 0168-0271
C045-L27,C045,C045-L20,275,POPULATION,,0168,9867,275 0168-9867
C045-L30,C045,C045-L28,275,POPULATION,,0199,,275 0199-
C045-L31,C045,C045-L28,354,EAST SIBERIAN & FAR EASTERN REGION,RAILROAD YARDS & SHOPS- USSR,0199,0044,354 0199-0044
C045-L33,C045,C045-L32,382,BULGARIA,RAILROAD YARDS & SHOPS- SATELLITES,0322,0418,382 0322-0418
C045-L34,C045,C045-L32,275,POPULATION,,0322,9988,275 0322-9988
C045-L36,C045,C045-L35,382,BULGARIA,RAILROAD YARDS & SHOPS- SATELLITES,0322,0410,382 0322-0410
C045-L37,C045,C045-L35,275,POPULATION,,0322,9737,275 0322-9737
C045-L39,C045,C045-L38,243,MILITARY SCHOOLS,,0322,0572,243 0322-0572
C045-L40,C045,C045-L38,275,POPULATION,,0322,9733,275 0322-9733
C047-L04,C047,C045-L41,227,"LIQUID FUELS, STORAGE NON-REFINERY",,0283,,227 0283-
C047-L05,C047,C045-L41,243,MILITARY SCHOOLS,,0283,,243 0283-
C047-L06,C047,C045-L41,186,CHINA-OUTSIDE GRIDS,ELECTRIC POWER - SATELLITES,0283,0019,186 0283-0019
C047-L07,C047,C045-L41,290,RAILROAD BRIDGES,,0283,0048,290 0283-0048
C047-L08,C047,C045-L41,246,"MILITARY STORAGE AREAS, ARMY & NAVY",,0283,0070,246 0283-0070
C047-L09,C047,C045-L41,384,CHINA,RAILROAD YARDS & SHOPS- SATELLITES,0283,0087,384 0283-0087
C047-L10,C047,C045-L41,281,"PORTS, INLAND",,0283,0095,281 0283-0095
C047-L11,C047,C045-L41,245,"MILITARY STORAGE AREAS, AIR FORCE",,0283,0134,245 0283-0134
C047-L12,C047,C045-L41,245,"MILITARY STORAGE AREAS, AIR FORCE",,0283,0135,245 0283-0135
C047-L13,C047,C045-L41,275,POPULATION,,0283,9996,275 0283-9996
C047-L16,C047,C047-L14,248,MILITARY TROOP INSTALLATIONS,,0386,,248 0386-
C047-L17,C047,C047-L14,208,GOVERNMENT CONTROL CENTERS,,0386,0146,208 0386-0146
C047-L18,C047,C047-L14,275,POPULATION,,0386,9995,275 0386-9995
C047-L20,C047,C047-L19,243,MILITARY SCHOOLS,,0386,,243 0386-
C047-L21,C047,C047-L19,281,"PORTS, INLAND",,0386,0152,281 0386-0152
C047-L22,C047,C047-L19,275,POPULATION,,0386,9996,275 0386-9996
C047-L24,C047,C047-L23,186,CHINA-OUTSIDE GRIDS,ELECTRIC POWER - SATELLITES,0290,0070,186 0290-0070
C047-L25,C047,C047-L23,275,POPULATION,,0290,9925,275 0290-9925
C047-L28,C047,C047-L26,227,"LIQUID FUELS, STORAGE NON-REFINERY",,0328,,227 0328-
C047-L29,C047,C047-L26,243,MILITARY SCHOOLS,,0328,,243 0328-
C047-L30,C047,C047-L26,216,"LEAD, REFINED",,0328,0004,216 0328-0004
C047-L31,C047,C047-L26,235,METAL FORMING EQUIPMENT,,0328,0038,235 0328-0038
C047-L32,C047,C047-L26,208,GOVERNMENT CONTROL CENTERS,,0328,0209,208 0328-0209
C047-L33,C047,C047-L26,275,POPULATION,,0328,9995,275 0328-9995
C047-L36,C047,C047-L34,208,GOVERNMENT CONTROL CENTERS,,0382,0075,208 0382-0075
C047-L37,C047,C047-L34,275,POPULATION,,0382,9997,275 0382-9997
C047-L39,C047,C047-L38,246,"MILITARY STORAGE AREAS, ARMY & NAVY",,0615,,246 0615-
C047-L40,C047,C047-L38,275,POPULATION,,0615,9989,275 0615-9989
C047-L44,C047,C047-L41,225,"LIQUID FUEL PLANTS, SYNTHETIC",,0289,0070,225 0289-0070
C048-L04,C048,C047-L41,226,"LIQUID FUELS, STORAGE AT REFINERIES",,0289,0070,226 0289-0070
C048-L05,C048,C047-L41,384,CHINA,RAILROAD YARDS & SHOPS- SATELLITES,0289,0107,384 0289-0107
C048-L06,C048,C047-L41,208,GOVERNMENT CONTROL CENTERS,,0289,0135,208 0289-0135
C048-L07,C048,C047-L41,275,POPULATION,,0289,9996,275 0289-9996
C048-L09,C048,C048-L08,246,"MILITARY STORAGE AREAS, ARMY & NAVY",,0283,,246 0283-
C048-L10,C048,C048-L08,275,POPULATION,,0283,,275 0283-
C048-L11,C048,C048-L08,186,CHINA-OUTSIDE GRIDS,ELECTRIC POWER - SATELLITES,0283,0020,186 0283-0020
C048-L13,C048,C048-L12,280,"PORTS, MARITIME",,0205,0040,280 0205-0040
C048-L14,C048,C048-L12,275,POPULATION,,0205,9988,275 0205-9988
C048-L16,C048,C048-L15,280,"PORTS, MARITIME",,0380,0004,280 0380-0004
C048-L17,C048,C048-L15,280,"PORTS, MARITIME",,0380,0030,280 0380-0030
C048-L18,C048,C048-L15,280,"PORTS, MARITIME",,0380,0041,280 0380-0041
C048-L19,C048,C048-L15,275,POPULATION,,0380,9983,275 0380-9983
C048-L21,C048,C048-L20,246,"MILITARY STORAGE AREAS, ARMY & NAVY",,0380,,246 0380-
C048-L22,C048,C048-L20,270,PIG IRON,,0380,0016,270 0380-0016
C048-L23,C048,C048-L20,430,STEEL,,0380,0016,430 0380-0016
C048-L24,C048,C048-L20,280,"PORTS, MARITIME",,0380,0029,280 0380-0029
C048-L25,C048,C048-L20,275,POPULATION,,0380,9940,275 0380-9940
C048-L33,C048,C048-L26,243,MILITARY SCHOOLS,,0328,,243 0328-
C048-L34,C048,C048-L26,022,"AMMONIA, SYNTHETIC",,0328,0003,022 0328-0003
C048-L35,C048,C048-L26,047,A/E HEAVY WATER,,0328,0003,047 0328-0003
C048-L36,C048,C048-L26,068,CHLORINE,,0328,0003,068 0328-0003
C048-L37,C048,C048-L26,236,METALLIC SODIUM,,0328,0003,236 0328-0003
C048-L38,C048,C048-L26,010,AGRICULTURAL EQUIPMENT,,0328,0012,010 0328-0012
C048-L39,C048,C048-L26,064,CHEMICAL EQUIPMENT,,0328,0123,064 0328-0123
C048-L40,C048,C048-L26,104,CENTRAL ASIA,ELECTRIC POWER - MAJOR GRIDS,0328,0141,104 0328-0141
C048-L41,C048,C048-L26,104,CENTRAL ASIA,ELECTRIC POWER - MAJOR GRIDS,0328,0154,104 0328-0154
C048-L42,C048,C048-L26,104,CENTRAL ASIA,ELECTRIC POWER - MAJOR GRIDS,0328,0155,104 0328-0155
C048-L43,C048,C048-L26,104,CENTRAL ASIA,ELECTRIC POWER - MAJOR GRIDS,0328,0156,104 0328-0156
C048-L44,C048,C048-L26,104,CENTRAL ASIA,ELECTRIC POWER - MAJOR GRIDS,0328,0157,104 0328-0157
C048-L45,C048,C048-L26,104,CENTRAL ASIA,ELECTRIC POWER - MAJOR GRIDS,0328,0185,104 0328-0185
C048-L46,C048,C048-L26,104,CENTRAL ASIA,ELECTRIC POWER - MAJOR GRIDS,0328,0205,104 0328-0205
C048-L47,C048,C048-L26,245,"MILITARY STORAGE AREAS, AIR FORCE",,0328,0217,245 0328-0217
C048-L48,C048,C048-L26,275,POPULATION,,0328,9998,275 0328-9998
C049-L07,C049,C049-L04,240,"MILITARY CONTROLS, AIR FORCE",,0199,,240 0199-
C049-L08,C049,C049-L04,241,"MILITARY HQS, ARMY",,0199,,241 0199-
C049-L09,C049,C049-L04,125,EAST SIBERIAN ECONOMIC REGION,ELECTRIC POWER - OUTSIDE GRIDS,0199,0006,125 0199-0006
C049-L10,C049,C049-L04,306,EAST SIBERIAN & FAR EASTERN REGION,RAILROAD EQUIPMENT REPAIR PLANTS-USSR,0199,0013,306 0199-0013
C049-L11,C049,C049-L04,354,EAST SIBERIAN & FAR EASTERN REGION,RAILROAD YARDS & SHOPS- USSR,0199,0025,354 0199-0025
C049-L12,C049,C049-L04,227,"LIQUID FUELS, STORAGE NON-REFINERY",,0199,0028,227 0199-0028
C049-L13,C049,C049-L04,208,GOVERNMENT CONTROL CENTERS,,0199,0030,208 0199-0030
C049-L14,C049,C049-L04,125,EAST SIBERIAN ECONOMIC REGION,ELECTRIC POWER - OUTSIDE GRIDS,0199,0031,125 0199-0031
C049-L15,C049,C049-L04,246,"MILITARY STORAGE AREAS, ARMY & NAVY",,0199,0035,246 0199-0035
C049-L16,C049,C049-L04,246,"MILITARY STORAGE AREAS, ARMY & NAVY",,0199,0036,246 0199-0036
C049-L17,C049,C049-L04,246,"MILITARY STORAGE AREAS, ARMY & NAVY",,0199,0038,246 0199-0038
C049-L18,C049,C049-L04,246,"MILITARY STORAGE AREAS, ARMY & NAVY",,0199,0039,246 0199-0039
C049-L19,C049,C049-L04,246,"MILITARY STORAGE AREAS, ARMY & NAVY",,0199,0040,246 0199-0040
C049-L20,C049,C049-L04,246,"MILITARY STORAGE AREAS, ARMY & NAVY",,0199,0041,246 0199-0041
C049-L21,C049,C049-L04,246,"MILITARY STORAGE AREAS, ARMY & NAVY",,0199,0042,246 0199-0042
C049-L22,C049,C049-L04,248,MILITARY TROOP INSTALLATIONS,,0199,0047,248 0199-0047
C049-L23,C049,C049-L04,275,POPULATION,,0199,9999,275 0199-9999
C049-L26,C049,C049-L24,280,"PORTS, MARITIME",,0493,0093,280 0493-0093
C049-L27,C049,C049-L24,275,POPULATION,,0493,9994,275 0493-9994
C049-L33,C049,C049-L28,241,"MILITARY HQS, ARMY",,0236,,241 0236-
C049-L34,C049,C049-L28,243,MILITARY SCHOOLS,,0236,,243 0236-
C049-L35,C049,C049-L28,160,URALS REGION,ELECTRIC POWER - OUTSIDE GRIDS,0236,0004,160 0236-0004
C049-L36,C049,C049-L28,016,AIRFRAMES,,0236,0005,016 0236-0005
C049-L37,C049,C049-L28,235,METAL FORMING EQUIPMENT,,0236,0006,235 0236-0006
C049-L38,C049,C049-L28,318,URALS REGION,RAILROAD EQUIPMENT REPAIR PLANTS-USSR,0236,0013,318 0236-0013
C049-L39,C049,C049-L28,023,AMMUNITION,,0236,0033,023 0236-0033
C049-L40,C049,C049-L28,366,URALS REGION,RAILROAD YARDS & SHOPS- USSR,0236,0055,366 0236-0055
C049-L41,C049,C049-L28,090,CUTTING TOOLS,,0236,0058,090 0236-0058
C049-L42,C049,C049-L28,230,MACHINE TOOLS,,0236,0065,230 0236-0065
C049-L43,C049,C049-L28,208,GOVERNMENT CONTROL CENTERS,,0236,0066,208 0236-0066
C049-L44,C049,C049-L28,227,"LIQUID FUELS, STORAGE NON-REFINERY",,0236,0070,227 0236-0070
C049-L45,C049,C049-L28,243,MILITARY SCHOOLS,,0236,0077,243 0236-0077
C049-L46,C049,C049-L28,275,POPULATION,,0236,9999,275 0236-9999
C049-L48,C049,C049-L47,392,POLAND,RAILROAD YARDS & SHOPS- SATELLITES,0169,1081,392 0169-1081
C049-L49,C049,C049-L47,275,POPULATION,,0169,9976,275 0169-9976
C050-L05,C050,C050-L04,254,NAVAL OPERATING BASES,,0290,0020,254 0290-0020
C050-L06,C050,C050-L04,280,"PORTS, MARITIME",,0290,0071,280 0290-0071
C050-L07,C050,C050-L04,280,"PORTS, MARITIME",,0290,0185,280 0290-0185
C050-L08,C050,C050-L04,280,"PORTS, MARITIME",,0290,0188,280 0290-0188
C050-L09,C050,C050-L04,270,PIG IRON,,0290,0193,270 0290-0193
C050-L10,C050,C050-L04,270,PIG IRON,,0290,0199,270 0290-0199
C050-L11,C050,C050-L04,194,NORTH KOREA,ELECTRIC POWER - SATELLITES,0290,0283,194 0290-0283
C050-L12,C050,C050-L04,208,GOVERNMENT CONTROL CENTERS,,0290,0380,208 0290-0380
C050-L13,C050,C050-L04,275,POPULATION,,0290,9997,275 0290-9997
C050-L15,C050,C050-L14,194,NORTH KOREA,ELECTRIC POWER - SATELLITES,0290,0219,194 0290-0219
C050-L16,C050,C050-L14,275,POPULATION,,0290,9950,275 0290-9950
C050-L18,C050,C050-L17,224,"LIQUID FUEL PLANTS, CRUDE",,0232,0164,224 0232-0164
C050-L19,C050,C050-L17,226,"LIQUID FUELS, STORAGE AT REFINERIES",,0232,0164,226 0232-0164
C050-L20,C050,C050-L17,376,WEST SUB-REGION UKRAINE REGION,RAILROAD YARDS & SHOPS- USSR,0232,0487,376 0232-0487
C050-L21,C050,C050-L17,275,POPULATION,,0232,9971,275 0232-9971
C050-L23,C050,C050-L22,386,CZECHOSLOVAKIA,RAILROAD YARDS & SHOPS- SATELLITES,0232,0418,386 0232-0418
C050-L24,C050,C050-L22,275,POPULATION,,0232,9711,275 0232-9711
C050-L26,C050,C050-L25,227,"LIQUID FUELS, STORAGE NON-REFINERY",,0232,,227 0232-
C050-L27,C050,C050-L25,145,SOUTH ECONOMIC REGION,ELECTRIC POWER - OUTSIDE GRIDS,0232,0524,145 0232-0524
C050-L28,C050,C050-L25,248,MILITARY TROOP INSTALLATIONS,,0232,1226,248 0232-1226
C050-L29,C050,C050-L25,275,POPULATION,,0232,9984,275 0232-9984
C050-L31,C050,C050-L30,290,RAILROAD BRIDGES,,0232,0172,290 0232-0172
C050-L32,C050,C050-L30,390,HUNGARY,RAILROAD YARDS & SHOPS- SATELLITES,0232,0486,390 0232-0486
C050-L33,C050,C050-L30,275,POPULATION,,0232,9755,275 0232-9755
C050-L35,C050,C050-L34,194,NORTH KOREA,ELECTRIC POWER - SATELLITES,0290,0209,194 0290-0209
C050-L36,C050,C050-L34,194,NORTH KOREA,ELECTRIC POWER - SATELLITES,0290,0211,194 0290-0211
C050-L37,C050,C050-L34,194,NORTH KOREA,ELECTRIC POWER - SATELLITES,0290,0212,194 0290-0212
C050-L38,C050,C050-L34,194,NORTH KOREA,ELECTRIC POWER - SATELLITES,0290,0213,194 0290-0213
C050-L39,C050,C050-L34,275,POPULATION,,0290,9888,275 0290-9888
C050-L41,C050,C050-L40,292,RAILROAD FREIGHT CARS,,0498,0021,292 0498-0021
C050-L42,C050,C050-L40,294,RAILROAD LOCOMOTIVES,,0498,0021,294 0498-0021
C050-L43,C050,C050-L40,332,CHINA,RAILROAD EQUIP REPAIR PLANTS-SATTELITES,0498,0021,332 0498-0021
C050-L44,C050,C050-L40,275,POPULATION,,0498,9983,275 0498-9983
C050-L47,C050,C050-L45,290,RAILROAD BRIDGES,,0153,0357,290 0153-0357
C050-L48,C050,C050-L45,358,NORTHERN REGION,RAILROAD YARDS & SHOPS- USSR,0153,0613,358 0153-0613
C051-L04,C051,C050-L45,275,POPULATION,,0153,9962,275 0153-9962
C051-L07,C051,C051-L05,358,NORTHERN REGION,RAILROAD YARDS & SHOPS- USSR,0153,0636,358 0153-0636
C051-L08,C051,C051-L05,275,POPULATION,,0153,9929,275 0153-9929
C051-L10,C051,C051-L09,056,"BRIDGES, HWY",,0234,,056 0234-
C051-L11,C051,C051-L09,106,DNEPR-DONETS,ELECTRIC POWER - MAJOR GRIDS,0234,0169,106 0234-0169
C051-L12,C051,C051-L09,275,POPULATION,,0234,9940,275 0234-9940
C051-L15,C051,C051-L13,372,WEST SIBERIAN REGION,RAILROAD YARDS & SHOPS- USSR,0162,0032,372 0162-0032
C051-L16,C051,C051-L13,108,KUZNETSK,ELECTRIC POWER - MAJOR GRIDS,0162,0057,108 0162-0057
C051-L17,C051,C051-L13,275,POPULATION,,0162,9995,275 0162-9995
C051-L22,C051,C051-L18,241,"MILITARY HQS, ARMY",,0495,,241 0495-
C051-L23,C051,C051-L18,241,"MILITARY HQS, ARMY",,0495,,241 0495-
C051-L24,C051,C051-L18,243,MILITARY SCHOOLS,,0495,,243 0495-
C051-L25,C051,C051-L18,270,PIG IRON,,0495,0001,270 0495-0001
C051-L26,C051,C051-L18,430,STEEL,,0495,0001,430 0495-0001
C051-L27,C051,C051-L18,023,AMMUNITION,,0495,0002,023 0495-0002
C051-L28,C051,C051-L18,023,AMMUNITION,,0495,0003,023 0495-0003
C051-L29,C051,C051-L18,023,AMMUNITION,,0495,0005,023 0495-0005
C051-L30,C051,C051-L18,214,"GUNS, SMALL ARMS",,0495,0005,214 0495-0005
C051-L31,C051,C051-L18,023,AMMUNITION,,0495,0007,023 0495-0007
C051-L32,C051,C051-L18,212,"GUNS, MAJOR CALIBER",,0495,0007,212 0495-0007
C051-L33,C051,C051-L18,062,CAUSTIC SODA,,0495,0010,062 0495-0010
C051-L34,C051,C051-L18,068,CHLORINE,,0495,0010,068 0495-0010
C051-L35,C051,C051-L18,186,CHINA-OUTSIDE GRIDS,ELECTRIC POWER - SATELLITES,0495,0011,186 0495-0011
C051-L36,C051,C051-L18,082,"COPPER, REFINED",,0495,0012,082 0495-0012
C051-L37,C051,C051-L18,208,GOVERNMENT CONTROL CENTERS,,0495,0017,208 0495-0017
C051-L38,C051,C051-L18,281,"PORTS, INLAND",,0495,0020,281 0495-0020
C051-L39,C051,C051-L18,275,POPULATION,,0495,9997,275 0495-9997
C051-L42,C051,C051-L40,204,FERRO-ALLOYS,,0156,0067,204 0156-0067
C051-L43,C051,C051-L40,270,PIG IRON,,0156,0067,270 0156-0067
C051-L44,C051,C051-L40,430,STEEL,,0156,0067,430 0156-0067
C051-L45,C051,C051-L40,366,URALS REGION,RAILROAD YARDS & SHOPS- USSR,0156,0370,366 0156-0370
C051-L46,C051,C051-L40,118,URALS,ELECTRIC POWER - MAJOR GRIDS,0156,0406,118 0156-0406
C051-L47,C051,C051-L40,275,POPULATION,,0156,9980,275 0156-9980
C052-L05,C052,C052-L04,248,MILITARY TROOP INSTALLATIONS,,0169,1554,248 0169-1554
C052-L06,C052,C052-L04,275,POPULATION,,0169,9974,275 0169-9974
C052-L10,C052,C052-L07,337,RUMANIA,RAILROAD EQUIP REPAIR PLANTS-SATTELITES,0251,0090,337 0251-0090
C052-L11,C052,C052-L07,394,RUMANIA,RAILROAD YARDS & SHOPS- SATELLITES,0251,0091,394 0251-0091
C052-L12,C052,C052-L07,394,RUMANIA,RAILROAD YARDS & SHOPS- SATELLITES,0251,0605,394 0251-0605
C052-L13,C052,C052-L07,005,"ABRASIVES, BONDED",,0251,0676,005 0251-0676
C052-L14,C052,C052-L07,006,"ABRASIVES, CRUDE",,0251,0676,006 0251-0676
C052-L15,C052,C052-L07,208,GOVERNMENT CONTROL CENTERS,,0251,0841,208 0251-0841
C052-L16,C052,C052-L07,248,MILITARY TROOP INSTALLATIONS,,0251,0890,248 0251-0890
C052-L17,C052,C052-L07,275,POPULATION,,0251,9992,275 0251-9992
C052-L19,C052,C052-L18,198,RUMANIA,ELECTRIC POWER - SATELLITES,0251,0485,198 0251-0485
C052-L20,C052,C052-L18,275,POPULATION,,0251,9874,275 0251-9874
C052-L23,C052,C052-L21,062,CAUSTIC SODA,,0251,0055,062 0251-0055
C052-L24,C052,C052-L21,068,CHLORINE,,0251,0055,068 0251-0055
C052-L25,C052,C052-L21,275,POPULATION,,0251,9897,275 0251-9897
C052-L32,C052,C052-L26,241,"MILITARY HQS, ARMY",,0250,,241 0250-
C052-L33,C052,C052-L26,227,"LIQUID FUELS, STORAGE NON-REFINERY",,0250,0111,227 0250-0111
C052-L34,C052,C052-L26,227,"LIQUID FUELS, STORAGE NON-REFINERY",,0250,0112,227 0250-0112
C052-L35,C052,C052-L26,394,RUMANIA,RAILROAD YARDS & SHOPS- SATELLITES,0250,0114,394 0250-0114
C052-L36,C052,C052-L26,280,"PORTS, MARITIME",,0250,0124,280 0250-0124
C052-L37,C052,C052-L26,420,SHIP REPAIR,,0250,0134,420 0250-0134
C052-L38,C052,C052-L26,242,"MILITARY HQS, NAVY",,0250,0135,242 0250-0135
C052-L39,C052,C052-L26,254,NAVAL OPERATING BASES,,0250,0135,254 0250-0135
C052-L40,C052,C052-L26,227,"LIQUID FUELS, STORAGE NON-REFINERY",,0250,0171,227 0250-0171
C052-L41,C052,C052-L26,227,"LIQUID FUELS, STORAGE NON-REFINERY",,0250,0172,227 0250-0172
C052-L42,C052,C052-L26,227,"LIQUID FUELS, STORAGE NON-REFINERY",,0250,0173,227 0250-0173
C052-L43,C052,C052-L26,337,RUMANIA,RAILROAD EQUIP REPAIR PLANTS-SATTELITES,0250,0184,337 0250-0184
C052-L44,C052,C052-L26,394,RUMANIA,RAILROAD YARDS & SHOPS- SATELLITES,0250,0201,394 0250-0201
C052-L45,C052,C052-L26,394,RUMANIA,RAILROAD YARDS & SHOPS- SATELLITES,0250,0202,394 0250-0202
C052-L46,C052,C052-L26,208,GOVERNMENT CONTROL CENTERS,,0250,0328,208 0250-0328
C052-L47,C052,C052-L26,248,MILITARY TROOP INSTALLATIONS,,0250,0344,248 0250-0344
C052-L48,C052,C052-L26,246,"MILITARY STORAGE AREAS, ARMY & NAVY",,0250,0387,246 0250-0387
C052-L49,C052,C052-L26,275,POPULATION,,0250,9908,275 0250-9908
C052-L52,C052,C052-L50,275,POPULATION,,0250,,275 0250-
C053-L03,C053,C052-L50,198,RUMANIA,ELECTRIC POWER - SATELLITES,0250,0304,198 0250-0304
C053-L06,C053,C053-L04,388,EAST GERMANY,RAILROAD YARDS & SHOPS- SATELLITES,0231,1029,388 0231-1029
C053-L07,C053,C053-L04,334,EAST GERMANY,RAILROAD EQUIP REPAIR PLANTS-SATTELITES,0231,1030,334 0231-1030
C053-L08,C053,C053-L04,248,MILITARY TROOP INSTALLATIONS,,0231,3750,248 0231-3750
C053-L09,C053,C053-L04,275,POPULATION,,0231,9998,275 0231-9998
C053-L12,C053,C053-L10,275,POPULATION,,0231,,275 0231-
C053-L13,C053,C053-L10,388,EAST GERMANY,RAILROAD YARDS & SHOPS- SATELLITES,0231,3097,388 0231-3097
C053-L16,C053,C053-L14,275,POPULATION,,0231,,275 0231-
C053-L17,C053,C053-L14,227,"LIQUID FUELS, STORAGE NON-REFINERY",,0231,1510,227 0231-1510
C053-L20,C053,C053-L18,060,CALCIUM CARBIDE,,0231,0423,060 0231-0423
C053-L21,C053,C053-L18,204,FERRO-ALLOYS,,0231,0423,204 0231-0423
C053-L22,C053,C053-L18,190,EAST GERMANY,ELECTRIC POWER - SATELLITES,0231,1340,190 0231-1340
C053-L23,C053,C053-L18,190,EAST GERMANY,ELECTRIC POWER - SATELLITES,0231,2579,190 0231-2579
C053-L24,C053,C053-L18,275,POPULATION,,0231,9180,275 0231-9180
C053-L27,C053,C053-L25,394,RUMANIA,RAILROAD YARDS & SHOPS- SATELLITES,0251,0157,394 0251-0157
C053-L28,C053,C053-L25,290,RAILROAD BRIDGES,,0251,0684,290 0251-0684
C053-L29,C053,C053-L25,206,"GENERATORS, HEAVY",,0251,0756,206 0251-0756
C053-L30,C053,C053-L25,480,"TRANSFORMERS, HEAVY",,0251,0756,480 0251-0756
C053-L31,C053,C053-L25,208,GOVERNMENT CONTROL CENTERS,,0251,0842,208 0251-0842
C053-L32,C053,C053-L25,248,MILITARY TROOP INSTALLATIONS,,0251,0889,248 0251-0889
C053-L33,C053,C053-L25,246,"MILITARY STORAGE AREAS, ARMY & NAVY",,0251,0898,246 0251-0898
C053-L34,C053,C053-L25,275,POPULATION,,0251,9935,275 0251-9935
C053-L36,C053,C053-L35,394,RUMANIA,RAILROAD YARDS & SHOPS- SATELLITES,0251,0724,394 0251-0724
C053-L37,C053,C053-L35,275,POPULATION,,0251,9869,275 0251-9869
C053-L39,C053,C053-L38,023,AMMUNITION,,0251,0095,023 0251-0095
C053-L40,C053,C053-L38,214,"GUNS, SMALL ARMS",,0251,0096,214 0251-0096
C053-L41,C053,C053-L38,230,MACHINE TOOLS,,0251,0096,230 0251-0096
C053-L42,C053,C053-L38,250,MINING MACHINERY,,0251,0096,250 0251-0096
C053-L43,C053,C053-L38,275,POPULATION,,0251,9934,275 0251-9934
C053-L45,C053,C053-L44,023,AMMUNITION,,0251,0149,023 0251-0149
C053-L46,C053,C053-L44,275,POPULATION,,0251,9919,275 0251-9919
C054-L04,C054,C053-L47,275,POPULATION,,0168,,275 0168-
C054-L05,C054,C053-L47,392,POLAND,RAILROAD YARDS & SHOPS- SATELLITES,0168,0270,392 0168-0270
C054-L09,C054,C054-L06,196,POLAND,ELECTRIC POWER - SATELLITES,0232,0378,196 0232-0378
C054-L10,C054,C054-L06,270,PIG IRON,,0232,0523,270 0232-0523
C054-L11,C054,C054-L06,430,STEEL,,0232,0523,430 0232-0523
C054-L12,C054,C054-L06,392,POLAND,RAILROAD YARDS & SHOPS- SATELLITES,0232,0891,392 0232-0891
C054-L13,C054,C054-L06,392,POLAND,RAILROAD YARDS & SHOPS- SATELLITES,0232,0892,392 0232-0892
C054-L14,C054,C054-L06,392,POLAND,RAILROAD YARDS & SHOPS- SATELLITES,0232,0893,392 0232-0893
C054-L15,C054,C054-L06,023,AMMUNITION,,0232,1141,023 0232-1141
C054-L16,C054,C054-L06,248,MILITARY TROOP INSTALLATIONS,,0232,1281,248 0232-1281
C054-L17,C054,C054-L06,275,POPULATION,,0232,9966,275 0232-9966
C054-L19,C054,C054-L18,196,POLAND,ELECTRIC POWER - SATELLITES,0232,0406,196 0232-0406
C054-L20,C054,C054-L18,275,POPULATION,,0232,9619,275 0232-9619
C054-L22,C054,C054-L21,445,SULFURIC ACID,,0232,0973,445 0232-0973
C054-L23,C054,C054-L21,275,POPULATION,,0232,9579,275 0232-9579
C054-L26,C054,C054-L24,227,"LIQUID FUELS, STORAGE NON-REFINERY",,0251,0553,227 0251-0553
C054-L27,C054,C054-L24,275,POPULATION,,0251,9861,275 0251-9861
C054-L33,C054,C054-L28,240,"MILITARY CONTROLS, AIR FORCE",,0381,,240 0381-
C054-L34,C054,C054-L28,242,"MILITARY HQS, NAVY",,0381,,242 0381-
C054-L35,C054,C054-L28,248,MILITARY TROOP INSTALLATIONS,,0381,,248 0381-
C054-L36,C054,C054-L28,062,CAUSTIC SODA,,0381,0206,062 0381-0206
C054-L37,C054,C054-L28,425,SODA ASH,,0381,0206,425 0381-0206
C054-L38,C054,C054-L28,022,"AMMONIA, SYNTHETIC",,0381,0213,022 0381-0213
C054-L39,C054,C054-L28,075,COKE CHEMICALS,,0381,0213,075 0381-0213
C054-L40,C054,C054-L28,445,SULFURIC ACID,,0381,0213,445 0381-0213
C054-L41,C054,C054-L28,185,CHINA-MAJOR GRIDS,ELECTRIC POWER - SATELLITES,0381,0215,185 0381-0215
C054-L42,C054,C054-L28,185,CHINA-MAJOR GRIDS,ELECTRIC POWER - SATELLITES,0381,0217,185 0381-0217
C054-L43,C054,C054-L28,185,CHINA-MAJOR GRIDS,ELECTRIC POWER - SATELLITES,0381,0219,185 0381-0219
C054-L44,C054,C054-L28,292,RAILROAD FREIGHT CARS,,0381,0223,292 0381-0223
C054-L45,C054,C054-L28,294,RAILROAD LOCOMOTIVES,,0381,0223,294 0381-0223
C054-L46,C054,C054-L28,332,CHINA,RAILROAD EQUIP REPAIR PLANTS-SATTELITES,0381,0223,332 0381-0223
C054-L47,C054,C054-L28,415,SHIPBUILDING,,0381,0230,415 0381-0230
C054-L48,C054,C054-L28,420,SHIP REPAIR,,0381,0230,420 0381-0230
C054-L49,C054,C054-L28,437,SUBMARINE BASES,,0381,0230,437 0381-0230
C054-L50,C054,C054-L28,230,MACHINE TOOLS,,0381,0233,230 0381-0233
C055-L04,C055,C054-L28,292,RAILROAD FREIGHT CARS,,0381,0233,292 0381-0233
C055-L05,C055,C054-L28,294,RAILROAD LOCOMOTIVES,,0381,0233,294 0381-0233
C055-L06,C055,C054-L28,332,CHINA,RAILROAD EQUIP REPAIR PLANTS-SATTELITES,0381,0233,332 0381-0233
C055-L07,C055,C054-L28,227,"LIQUID FUELS, STORAGE NON-REFINERY",,0381,0237,227 0381-0237
C055-L08,C055,C054-L28,224,"LIQUID FUEL PLANTS, CRUDE",,0381,0238,224 0381-0238
C055-L09,C055,C054-L28,226,"LIQUID FUELS, STORAGE AT REFINERIES",,0381,0238,226 0381-0238
C055-L10,C055,C054-L28,384,CHINA,RAILROAD YARDS & SHOPS- SATELLITES,0381,0249,384 0381-0249
C055-L11,C055,C054-L28,246,"MILITARY STORAGE AREAS, ARMY & NAVY",,0381,0277,246 0381-0277
C055-L12,C055,C054-L28,430,STEEL,,0381,0310,430 0381-0310
C055-L13,C055,C054-L28,384,CHINA,RAILROAD YARDS & SHOPS- SATELLITES,0381,0313,384 0381-0313
C055-L14,C055,C054-L28,282,PROPELLANTS,,0381,0314,282 0381-0314
C055-L15,C055,C054-L28,230,MACHINE TOOLS,,0381,0322,230 0381-0322
C055-L16,C055,C054-L28,285,RADIO & TELEVISION,,0381,0352,285 0381-0352
C055-L17,C055,C054-L28,280,"PORTS, MARITIME",,0381,0354,280 0381-0354
C055-L18,C055,C054-L28,208,GOVERNMENT CONTROL CENTERS,,0381,9997,208 0381-9997
C055-L19,C055,C054-L28,275,POPULATION,,0381,9997,275 0381-9997
C055-L21,C055,C055-L20,275,POPULATION,,0381,,275 0381-
C055-L22,C055,C055-L20,227,"LIQUID FUELS, STORAGE NON-REFINERY",,0381,0224,227 0381-0224
C055-L25,C055,C055-L23,360,NORTHEAST SUB-REGION CENTRAL IND REG,RAILROAD YARDS & SHOPS- USSR,0154,0092,360 0154-0092
C055-L26,C055,C055-L23,275,POPULATION,,0154,9984,275 0154-9984
C055-L29,C055,C055-L27,224,"LIQUID FUEL PLANTS, CRUDE",,0251,0559,224 0251-0559
C055-L30,C055,C055-L27,226,"LIQUID FUELS, STORAGE AT REFINERIES",,0251,0559,226 0251-0559
C055-L31,C055,C055-L27,275,POPULATION,,0251,9860,275 0251-9860
C055-L34,C055,C055-L32,198,RUMANIA,ELECTRIC POWER - SATELLITES,0251,0865,198 0251-0865
C055-L35,C055,C055-L32,275,POPULATION,,0251,9930,275 0251-9930
C055-L38,C055,C055-L36,224,"LIQUID FUEL PLANTS, CRUDE",,0251,0221,224 0251-0221
C055-L39,C055,C055-L36,226,"LIQUID FUELS, STORAGE AT REFINERIES",,0251,0221,226 0251-0221
C055-L40,C055,C055-L36,275,POPULATION,,0251,9923,275 0251-9923
C055-L43,C055,C055-L41,275,POPULATION,,0251,,275 0251-
C055-L44,C055,C055-L41,224,"LIQUID FUEL PLANTS, CRUDE",,0251,0946,224 0251-0946
C055-L45,C055,C055-L41,226,"LIQUID FUELS, STORAGE AT REFINERIES",,0251,0946,226 0251-0946
C055-L48,C055,C055-L46,240,"MILITARY CONTROLS, AIR FORCE",,0168,,240 0168-
C055-L49,C055,C055-L46,290,RAILROAD BRIDGES,,0168,0052,290 0168-0052
C055-L50,C055,C055-L46,370,WESTERN REGION,RAILROAD YARDS & SHOPS- USSR,0168,0097,370 0168-0097
C056-L03,C056,C055-L46,322,WESTERN REGION,RAILROAD EQUIPMENT REPAIR PLANTS-USSR,0168,0098,322 0168-0098
C056-L04,C056,C055-L46,370,WESTERN REGION,RAILROAD YARDS & SHOPS- USSR,0168,0122,370 0168-0122
C056-L05,C056,C055-L46,370,WESTERN REGION,RAILROAD YARDS & SHOPS- USSR,0168,0123,370 0168-0123
C056-L06,C056,C055-L46,246,"MILITARY STORAGE AREAS, ARMY & NAVY",,0168,0305,246 0168-0305
C056-L07,C056,C055-L46,246,"MILITARY STORAGE AREAS, ARMY & NAVY",,0168,0306,246 0168-0306
C056-L08,C056,C055-L46,275,POPULATION,,0168,9995,275 0168-9995
C056-L10,C056,C056-L09,227,"LIQUID FUELS, STORAGE NON-REFINERY",,0202,,227 0202-
C056-L11,C056,C056-L09,275,POPULATION,,0202,9970,275 0202-9970
C056-L14,C056,C056-L12,352,DONBAS SUB-REGION UKRAINE REGION,RAILROAD YARDS & SHOPS- USSR,0234,0103,352 0234-0103
C056-L15,C056,C056-L12,275,POPULATION,,0234,9975,275 0234-9975
C056-L17,C056,C056-L16,400,"RUBBER, SYNTHETIC",,0232,0334,400 0232-0334
C056-L18,C056,C056-L16,405,RUBBER TIRES,,0232,0950,405 0232-0950
C056-L19,C056,C056-L16,392,POLAND,RAILROAD YARDS & SHOPS- SATELLITES,0232,1109,392 0232-1109
C056-L20,C056,C056-L16,248,MILITARY TROOP INSTALLATIONS,,0232,1282,248 0232-1282
C056-L21,C056,C056-L16,275,POPULATION,,0232,9724,275 0232-9724
C056-L23,C056,C056-L22,016,AIRFRAMES,,0232,0120,016 0232-0120
C056-L24,C056,C056-L22,245,"MILITARY STORAGE AREAS, AIR FORCE",,0232,0120,245 0232-0120
C056-L25,C056,C056-L22,275,POPULATION,,0232,9893,275 0232-9893
C056-L27,C056,C056-L26,290,RAILROAD BRIDGES,,0232,0493,290 0232-0493
C056-L28,C056,C056-L26,056,"BRIDGES, HWY",,0232,0596,056 0232-0596
C056-L29,C056,C056-L26,392,POLAND,RAILROAD YARDS & SHOPS- SATELLITES,0232,0597,392 0232-0597
C056-L30,C056,C056-L26,246,"MILITARY STORAGE AREAS, ARMY & NAVY",,0232,1537,246 0232-1537
C056-L31,C056,C056-L26,275,POPULATION,,0232,9871,275 0232-9871
C056-L34,C056,C056-L32,241,"MILITARY HQS, ARMY",,0251,,241 0251-
C056-L35,C056,C056-L32,335,HUNGARY,RAILROAD EQUIP REPAIR PLANTS-SATTELITES,0251,0386,335 0251-0386
C056-L36,C056,C056-L32,390,HUNGARY,RAILROAD YARDS & SHOPS- SATELLITES,0251,0453,390 0251-0453
C056-L37,C056,C056-L32,266,PENICILLIN,,0251,0653,266 0251-0653
C056-L38,C056,C056-L32,435,STREPTOMYCIN,,0251,0653,435 0251-0653
C056-L39,C056,C056-L32,208,GOVERNMENT CONTROL CENTERS,,0251,0836,208 0251-0836
C056-L40,C056,C056-L32,030,ANTI-FRICTION BEARINGS,,0251,0856,030 0251-0856
C056-L41,C056,C056-L32,248,MILITARY TROOP INSTALLATIONS,,0251,0874,248 0251-0874
C056-L42,C056,C056-L32,248,MILITARY TROOP INSTALLATIONS,,0251,0876,248 0251-0876
C056-L43,C056,C056-L32,248,MILITARY TROOP INSTALLATIONS,,0251,0877,248 0251-0877
C056-L44,C056,C056-L32,275,POPULATION,,0251,9996,275 0251-9996
C057-L04,C057,C057-L03,290,RAILROAD BRIDGES,,0251,0715,290 0251-0715
C057-L05,C057,C057-L03,394,RUMANIA,RAILROAD YARDS & SHOPS- SATELLITES,0251,0717,394 0251-0717
C057-L06,C057,C057-L03,394,RUMANIA,RAILROAD YARDS & SHOPS- SATELLITES,0251,0718,394 0251-0718
C057-L07,C057,C057-L03,275,POPULATION,,0251,9933,275 0251-9933
C057-L09,C057,C057-L08,254,NAVAL OPERATING BASES,,0204,0014,254 0204-0014
C057-L10,C057,C057-L08,275,POPULATION,,0204,9997,275 0204-9997
C057-L12,C057,C057-L11,350,CAUCASUS REGION,RAILROAD YARDS & SHOPS- USSR,0325,0325,350 0325-0325
C057-L13,C057,C057-L11,056,"BRIDGES, HWY",,0325,0450,056 0325-0450
C057-L14,C057,C057-L11,275,POPULATION,,0325,9973,275 0325-9973
C057-L16,C057,C057-L15,062,CAUSTIC SODA,,0323,0190,062 0323-0190
C057-L17,C057,C057-L15,425,SODA ASH,,0323,0190,425 0323-0190
C057-L18,C057,C057-L15,275,POPULATION,,0323,9701,275 0323-9701
C057-L20,C057,C057-L19,382,BULGARIA,RAILROAD YARDS & SHOPS- SATELLITES,0323,0174,382 0323-0174
C057-L21,C057,C057-L19,275,POPULATION,,0323,9700,275 0323-9700
C057-L23,C057,C057-L22,382,BULGARIA,RAILROAD YARDS & SHOPS- SATELLITES,0323,0173,382 0323-0173
C057-L24,C057,C057-L22,275,POPULATION,,0323,9711,275 0323-9711
C057-L26,C057,C057-L25,246,"MILITARY STORAGE AREAS, ARMY & NAVY",,0323,0140,246 0323-0140
C057-L27,C057,C057-L25,275,POPULATION,,0323,9710,275 0323-9710
C057-L30,C057,C057-L28,015,AIRCRAFT ENGINES,,0231,1318,015 0231-1318
C057-L31,C057,C057-L28,281,"PORTS, INLAND",,0231,1402,281 0231-1402
C057-L32,C057,C057-L28,292,RAILROAD FREIGHT CARS,,0231,1717,292 0231-1717
C057-L33,C057,C057-L28,296,RAILROAD PASSENGER CARS,,0231,1717,296 0231-1717
C057-L34,C057,C057-L28,388,EAST GERMANY,RAILROAD YARDS & SHOPS- SATELLITES,0231,1918,388 0231-1918
C057-L35,C057,C057-L28,190,EAST GERMANY,ELECTRIC POWER - SATELLITES,0231,2559,190 0231-2559
C057-L36,C057,C057-L28,281,"PORTS, INLAND",,0231,2995,281 0231-2995
C057-L37,C057,C057-L28,334,EAST GERMANY,RAILROAD EQUIP REPAIR PLANTS-SATTELITES,0231,3095,334 0231-3095
C057-L38,C057,C057-L28,190,EAST GERMANY,ELECTRIC POWER - SATELLITES,0231,3218,190 0231-3218
C057-L39,C057,C057-L28,248,MILITARY TROOP INSTALLATIONS,,0231,3238,248 0231-3238
C057-L40,C057,C057-L28,248,MILITARY TROOP INSTALLATIONS,,0231,3299,248 0231-3299
C057-L41,C057,C057-L28,275,POPULATION,,0231,9991,275 0231-9991
C057-L44,C057,C057-L42,020,ALUMINA,,0231,0006,020 0231-0006
C057-L45,C057,C057-L42,021,ALUMINUM,,0231,0006,021 0231-0006
C057-L46,C057,C057-L42,062,CAUSTIC SODA,,0231,0006,062 0231-0006
C057-L47,C057,C057-L42,068,CHLORINE,,0231,0006,068 0231-0006
C058-L04,C058,C057-L42,204,FERRO-ALLOYS,,0231,0006,204 0231-0006
C058-L05,C058,C057-L42,232,MAGNESIUM,,0231,0006,232 0231-0006
C058-L06,C058,C057-L42,425,SODA ASH,,0231,0006,425 0231-0006
C058-L07,C058,C057-L42,388,EAST GERMANY,RAILROAD YARDS & SHOPS- SATELLITES,0231,0625,388 0231-0625
C058-L08,C058,C057-L42,190,EAST GERMANY,ELECTRIC POWER - SATELLITES,0231,0627,190 0231-0627
C058-L09,C058,C057-L42,190,EAST GERMANY,ELECTRIC POWER - SATELLITES,0231,1325,190 0231-1325
C058-L10,C058,C057-L42,190,EAST GERMANY,ELECTRIC POWER - SATELLITES,0231,1326,190 0231-1326
C058-L11,C058,C057-L42,190,EAST GERMANY,ELECTRIC POWER - SATELLITES,0231,1359,190 0231-1359
C058-L12,C058,C057-L42,190,EAST GERMANY,ELECTRIC POWER - SATELLITES,0231,1360,190 0231-1360
C058-L13,C058,C057-L42,275,POPULATION,,0231,9948,275 0231-9948
C058-L15,C058,C058-L14,445,SULFURIC ACID,,0231,0508,445 0231-0508
C058-L16,C058,C058-L14,275,POPULATION,,0231,9547,275 0231-9547
C058-L19,C058,C058-L17,275,POPULATION,,0231,,275 0231-
C058-L20,C058,C058-L17,225,"LIQUID FUEL PLANTS, SYNTHETIC",,0231,1345,225 0231-1345
C058-L21,C058,C058-L17,226,"LIQUID FUELS, STORAGE AT REFINERIES",,0231,1345,226 0231-1345
C058-L23,C058,C058-L22,275,POPULATION,,0231,,275 0231-
C058-L24,C058,C058-L22,023,AMMUNITION,,0231,0435,023 0231-0435
C058-L25,C058,C058-L22,246,"MILITARY STORAGE AREAS, ARMY & NAVY",,0231,0435,246 0231-0435
C058-L28,C058,C058-L26,275,POPULATION,,0231,,275 0231-
C058-L29,C058,C058-L26,006,"ABRASIVES, CRUDE",,0231,0422,006 0231-0422
C058-L30,C058,C058-L26,060,CALCIUM CARBIDE,,0231,0422,060 0231-0422
C058-L31,C058,C058-L26,281,"PORTS, INLAND",,0231,3135,281 0231-3135
C058-L33,C058,C058-L32,415,SHIPBUILDING,,0231,0421,415 0231-0421
C058-L34,C058,C058-L32,440,SUBMARINE DIESEL ENGINES,,0231,1893,440 0231-1893
C058-L35,C058,C058-L32,388,EAST GERMANY,RAILROAD YARDS & SHOPS- SATELLITES,0231,2726,388 0231-2726
C058-L36,C058,C058-L32,248,MILITARY TROOP INSTALLATIONS,,0231,3451,248 0231-3451
C058-L37,C058,C058-L32,275,POPULATION,,0231,9504,275 0231-9504
C058-L39,C058,C058-L38,227,"LIQUID FUELS, STORAGE NON-REFINERY",,0231,,227 0231-
C058-L40,C058,C058-L38,056,"BRIDGES, HWY",,0231,0575,056 0231-0575
C058-L41,C058,C058-L38,290,RAILROAD BRIDGES,,0231,0575,290 0231-0575
C058-L42,C058,C058-L38,405,RUBBER TIRES,,0231,1755,405 0231-1755
C058-L43,C058,C058-L38,388,EAST GERMANY,RAILROAD YARDS & SHOPS- SATELLITES,0231,3101,388 0231-3101
C058-L44,C058,C058-L38,248,MILITARY TROOP INSTALLATIONS,,0231,3484,248 0231-3484
C058-L45,C058,C058-L38,275,POPULATION,,0231,9763,275 0231-9763
C058-L48,C058,C058-L46,275,POPULATION,,0231,,275 0231-
C058-L49,C058,C058-L46,062,CAUSTIC SODA,,0231,0022,062 0231-0022
C058-L50,C058,C058-L46,068,CHLORINE,,0231,0022,068 0231-0022
C058-L51,C058,C058-L46,445,SULFURIC ACID,,0231,0022,445 0231-0022
C058-L54,C058,C058-L52,275,POPULATION,,0231,,275 0231-
C058-L55,C058,C058-L52,190,EAST GERMANY,ELECTRIC POWER - SATELLITES,0231,0207,190 0231-0207
C058-L56,C058,C058-L52,006,"ABRASIVES, CRUDE",,0231,1300,006 0231-1300
C059-L04,C059,C058-L52,250,MINING MACHINERY,,0231,3801,250 0231-3801
C059-L06,C059,C059-L05,020,ALUMINA,,0251,0216,020 0251-0216
C059-L07,C059,C059-L05,021,ALUMINUM,,0251,0216,021 0251-0216
C059-L08,C059,C059-L05,022,"AMMONIA, SYNTHETIC",,0251,0216,022 0251-0216
C059-L09,C059,C059-L05,060,CALCIUM CARBIDE,,0251,0216,060 0251-0216
C059-L10,C059,C059-L05,062,CAUSTIC SODA,,0251,0216,062 0251-0216
C059-L11,C059,C059-L05,068,CHLORINE,,0251,0216,068 0251-0216
C059-L12,C059,C059-L05,204,FERRO-ALLOYS,,0251,0216,204 0251-0216
C059-L13,C059,C059-L05,445,SULFURIC ACID,,0251,0216,445 0251-0216
C059-L14,C059,C059-L05,198,RUMANIA,ELECTRIC POWER - SATELLITES,0251,0488,198 0251-0488
C059-L15,C059,C059-L05,275,POPULATION,,0251,9859,275 0251-9859
C059-L17,C059,C059-L16,394,RUMANIA,RAILROAD YARDS & SHOPS- SATELLITES,0251,0128,394 0251-0128
C059-L18,C059,C059-L16,270,PIG IRON,,0251,0655,270 0251-0655
C059-L19,C059,C059-L16,275,POPULATION,,0251,9937,275 0251-9937
C059-L21,C059,C059-L20,275,POPULATION,,0251,,275 0251-
C059-L22,C059,C059-L20,198,RUMANIA,ELECTRIC POWER - SATELLITES,0251,0944,198 0251-0944
C059-L24,C059,C059-L23,280,"PORTS, MARITIME",,0046,0001,280 0046-0001
C059-L25,C059,C059-L23,275,POPULATION,,0046,9999,275 0046-9999
C059-L27,C059,C059-L26,022,"AMMONIA, SYNTHETIC",,0322,0037,022 0322-0037
C059-L28,C059,C059-L26,445,SULFURIC ACID,,0322,0037,445 0322-0037
C059-L29,C059,C059-L26,290,RAILROAD BRIDGES,,0322,0084,290 0322-0084
C059-L30,C059,C059-L26,184,BULGARIA,ELECTRIC POWER - SATELLITES,0322,0244,184 0322-0244
C059-L31,C059,C059-L26,184,BULGARIA,ELECTRIC POWER - SATELLITES,0322,0278,184 0322-0278
C059-L32,C059,C059-L26,382,BULGARIA,RAILROAD YARDS & SHOPS- SATELLITES,0322,0414,382 0322-0414
C059-L33,C059,C059-L26,275,POPULATION,,0322,9759,275 0322-9759
C059-L35,C059,C059-L34,248,MILITARY TROOP INSTALLATIONS,,0322,0563,248 0322-0563
C059-L36,C059,C059-L34,248,MILITARY TROOP INSTALLATIONS,,0322,0564,248 0322-0564
C059-L37,C059,C059-L34,275,POPULATION,,0322,9742,275 0322-9742
C059-L39,C059,C059-L38,382,BULGARIA,RAILROAD YARDS & SHOPS- SATELLITES,0322,0415,382 0322-0415
C059-L40,C059,C059-L38,275,POPULATION,,0322,9983,275 0322-9983
C059-L43,C059,C059-L41,230,MACHINE TOOLS,,0154,0028,230 0154-0028
C059-L44,C059,C059-L41,095,EARTH MOVING EQUIPMENT,,0154,0208,095 0154-0208
C059-L45,C059,C059-L41,245,"MILITARY STORAGE AREAS, AIR FORCE",,0154,0467,245 0154-0467
C059-L46,C059,C059-L41,275,POPULATION,,0154,9810,275 0154-9810
C060-L12,C060,C060-L09,270,PIG IRON,,0234,0030,270 0234-0030
C060-L13,C060,C060-L09,430,STEEL,,0234,0030,430 0234-0030
C060-L14,C060,C060-L09,352,DONBAS SUB-REGION UKRAINE REGION,RAILROAD YARDS & SHOPS- USSR,0234,0031,352 0234-0031
C060-L15,C060,C060-L09,075,COKE CHEMICALS,,0234,0033,075 0234-0033
C060-L16,C060,C060-L09,292,RAILROAD FREIGHT CARS,,0234,0042,292 0234-0042
C060-L17,C060,C060-L09,352,DONBAS SUB-REGION UKRAINE REGION,RAILROAD YARDS & SHOPS- USSR,0234,0120,352 0234-0120
C060-L18,C060,C060-L09,022,"AMMONIA, SYNTHETIC",,0234,0146,022 0234-0146
C060-L19,C060,C060-L09,047,A/E HEAVY WATER,,0234,0146,047 0234-0146
C060-L20,C060,C060-L09,106,DNEPR-DONETS,ELECTRIC POWER - MAJOR GRIDS,0234,0170,106 0234-0170
C060-L21,C060,C060-L09,075,COKE CHEMICALS,,0234,0257,075 0234-0257
C060-L22,C060,C060-L09,208,GOVERNMENT CONTROL CENTERS,,0234,0422,208 0234-0422
C060-L23,C060,C060-L09,227,"LIQUID FUELS, STORAGE NON-REFINERY",,0234,0447,227 0234-0447
C060-L24,C060,C060-L09,281,"PORTS, INLAND",,0234,0449,281 0234-0449
C060-L25,C060,C060-L09,106,DNEPR-DONETS,ELECTRIC POWER - MAJOR GRIDS,0234,0480,106 0234-0480
C060-L26,C060,C060-L09,275,POPULATION,,0234,9999,275 0234-9999
C060-L29,C060,C060-L27,376,WEST SUB-REGION UKRAINE REGION,RAILROAD YARDS & SHOPS- USSR,0234,0126,376 0234-0126
C060-L30,C060,C060-L27,275,POPULATION,,0234,9950,275 0234-9950
C060-L36,C060,C060-L31,243,MILITARY SCHOOLS,,0234,,243 0234-
C060-L37,C060,C060-L31,270,PIG IRON,,0234,0016,270 0234-0016
C060-L38,C060,C060-L31,430,STEEL,,0234,0016,430 0234-0016
C060-L39,C060,C060-L31,430,STEEL,,0234,0017,430 0234-0017
C060-L40,C060,C060-L31,010,AGRICULTURAL EQUIPMENT,,0234,0021,010 0234-0021
C060-L41,C060,C060-L31,430,STEEL,,0234,0032,430 0234-0032
C060-L42,C060,C060-L31,304,DONBAS SUB-REGION UKRAINE REGION,RAILROAD EQUIPMENT REPAIR PLANTS-USSR,0234,0044,304 0234-0044
C060-L43,C060,C060-L31,430,STEEL,,0234,0057,430 0234-0057
C060-L44,C060,C060-L31,304,DONBAS SUB-REGION UKRAINE REGION,RAILROAD EQUIPMENT REPAIR PLANTS-USSR,0234,0068,304 0234-0068
C060-L45,C060,C060-L31,352,DONBAS SUB-REGION UKRAINE REGION,RAILROAD YARDS & SHOPS- USSR,0234,0118,352 0234-0118
C060-L46,C060,C060-L31,352,DONBAS SUB-REGION UKRAINE REGION,RAILROAD YARDS & SHOPS- USSR,0234,0119,352 0234-0119
C060-L47,C060,C060-L31,075,COKE CHEMICALS,,0234,0147,075 0234-0147
C060-L48,C060,C060-L31,106,DNEPR-DONETS,ELECTRIC POWER - MAJOR GRIDS,0234,0176,106 0234-0176
C060-L49,C060,C060-L31,204,FERRO-ALLOYS,,0234,0208,204 0234-0208
C060-L50,C060,C060-L31,270,PIG IRON,,0234,0208,270 0234-0208
C060-L51,C060,C060-L31,430,STEEL,,0234,0208,430 0234-0208
C060-L52,C060,C060-L31,290,RAILROAD BRIDGES,,0234,0226,290 0234-0226
C061-L04,C061,C060-L31,056,"BRIDGES, HWY",,0234,0227,056 0234-0227
C061-L05,C061,C060-L31,290,RAILROAD BRIDGES,,0234,0227,290 0234-0227
C061-L06,C061,C060-L31,290,RAILROAD BRIDGES,,0234,0230,290 0234-0230
C061-L07,C061,C060-L31,227,"LIQUID FUELS, STORAGE NON-REFINERY",,0234,0254,227 0234-0254
C061-L08,C061,C060-L31,281,"PORTS, INLAND",,0234,0255,281 0234-0255
C061-L09,C061,C060-L31,285,RADIO & TELEVISION,,0234,0260,285 0234-0260
C061-L10,C061,C060-L31,064,CHEMICAL EQUIPMENT,,0234,0273,064 0234-0273
C061-L11,C061,C060-L31,281,"PORTS, INLAND",,0234,0277,281 0234-0277
C061-L12,C061,C060-L31,106,DNEPR-DONETS,ELECTRIC POWER - MAJOR GRIDS,0234,0391,106 0234-0391
C061-L13,C061,C060-L31,208,GOVERNMENT CONTROL CENTERS,,0234,0407,208 0234-0407
C061-L14,C061,C060-L31,281,"PORTS, INLAND",,0234,0436,281 0234-0436
C061-L15,C061,C060-L31,281,"PORTS, INLAND",,0234,0437,281 0234-0437
C061-L16,C061,C060-L31,248,MILITARY TROOP INSTALLATIONS,,0234,0461,248 0234-0461
C061-L17,C061,C060-L31,405,RUBBER TIRES,,0234,0465,405 0234-0465
C061-L18,C061,C060-L31,285,RADIO & TELEVISION,,0234,0483,285 0234-0483
C061-L19,C061,C060-L31,248,MILITARY TROOP INSTALLATIONS,,0234,0484,248 0234-0484
C061-L20,C061,C060-L31,275,POPULATION,,0234,9998,275 0234-9998
C061-L23,C061,C061-L21,248,MILITARY TROOP INSTALLATIONS,,0234,,248 0234-
C061-L24,C061,C061-L21,275,POPULATION,,0234,9720,275 0234-9720
C061-L27,C061,C061-L25,358,NORTHERN REGION,RAILROAD YARDS & SHOPS- USSR,0153,0614,358 0153-0614
C061-L28,C061,C061-L25,275,POPULATION,,0153,9920,275 0153-9920
C061-L30,C061,C061-L29,275,POPULATION,,0169,,275 0169-
C061-L31,C061,C061-L29,010,AGRICULTURAL EQUIPMENT,,0169,1544,010 0169-1544
C061-L33,C061,C061-L32,430,STEEL,,0156,0051,430 0156-0051
C061-L34,C061,C061-L32,275,POPULATION,,0156,9945,275 0156-9945
C061-L36,C061,C061-L35,188,CZECHOSLOVAKIA,ELECTRIC POWER - SATELLITES,0232,0576,188 0232-0576
C061-L37,C061,C061-L35,275,POPULATION,,0232,9710,275 0232-9710
C061-L39,C061,C061-L38,275,POPULATION,,0232,,275 0232-
C061-L40,C061,C061-L38,234,MERCURY,,0232,1020,234 0232-1020
C061-L43,C061,C061-L41,386,CZECHOSLOVAKIA,RAILROAD YARDS & SHOPS- SATELLITES,0232,1089,386 0232-1089
C061-L44,C061,C061-L41,245,"MILITARY STORAGE AREAS, AIR FORCE",,0232,1550,245 0232-1550
C061-L45,C061,C061-L41,243,MILITARY SCHOOLS,,0232,1554,243 0232-1554
C061-L46,C061,C061-L41,275,POPULATION,,0232,9538,275 0232-9538
C062-L05,C062,C061-L47,224,"LIQUID FUEL PLANTS, CRUDE",,0251,0223,224 0251-0223
C062-L06,C062,C061-L47,226,"LIQUID FUELS, STORAGE AT REFINERIES",,0251,0223,226 0251-0223
C062-L07,C062,C061-L47,198,RUMANIA,ELECTRIC POWER - SATELLITES,0251,0659,198 0251-0659
C062-L08,C062,C061-L47,275,POPULATION,,0251,9857,275 0251-9857
C062-L11,C062,C062-L09,227,"LIQUID FUELS, STORAGE NON-REFINERY",,0251,0646,227 0251-0646
C062-L12,C062,C062-L09,275,POPULATION,,0251,9878,275 0251-9878
C062-L14,C062,C062-L13,198,RUMANIA,ELECTRIC POWER - SATELLITES,0251,0489,198 0251-0489
C062-L15,C062,C062-L13,275,POPULATION,,0251,9851,275 0251-9851
C062-L17,C062,C062-L16,262,OIL EXTRACTION EQUIPMENT,,0251,0948,262 0251-0948
C062-L18,C062,C062-L16,246,"MILITARY STORAGE AREAS, ARMY & NAVY",,0251,0956,246 0251-0956
C062-L19,C062,C062-L16,275,POPULATION,,0251,9902,275 0251-9902
C062-L21,C062,C062-L20,376,WEST SUB-REGION UKRAINE REGION,RAILROAD YARDS & SHOPS- USSR,0233,0035,376 0233-0035
C062-L22,C062,C062-L20,275,POPULATION,,0233,9985,275 0233-9985
C062-L24,C062,C062-L23,394,RUMANIA,RAILROAD YARDS & SHOPS- SATELLITES,0251,0499,394 0251-0499
C062-L25,C062,C062-L23,275,POPULATION,,0251,9856,275 0251-9856
C062-L27,C062,C062-L26,062,CAUSTIC SODA,,0201,0025,062 0201-0025
C062-L28,C062,C062-L26,425,SODA ASH,,0201,0025,425 0201-0025
C062-L29,C062,C062-L26,275,POPULATION,,0201,9979,275 0201-9979
C062-L38,C062,C062-L30,241,"MILITARY HQS, ARMY",,0231,,241 0231-
C062-L39,C062,C062-L30,206,"GENERATORS, HEAVY",,0231,0007,206 0231-0007
C062-L40,C062,C062-L30,285,RADIO & TELEVISION,,0231,0007,285 0231-0007
C062-L41,C062,C062-L30,480,"TRANSFORMERS, HEAVY",,0231,0007,480 0231-0007
C062-L42,C062,C062-L30,190,EAST GERMANY,ELECTRIC POWER - SATELLITES,0231,0160,190 0231-0160
C062-L43,C062,C062-L30,056,"BRIDGES, HWY",,0231,0567,056 0231-0567
C062-L44,C062,C062-L30,290,RAILROAD BRIDGES,,0231,0568,290 0231-0568
C062-L45,C062,C062-L30,056,"BRIDGES, HWY",,0231,0579,056 0231-0579
C062-L46,C062,C062-L30,056,"BRIDGES, HWY",,0231,0580,056 0231-0580
C062-L47,C062,C062-L30,056,"BRIDGES, HWY",,0231,0581,056 0231-0581
C062-L48,C062,C062-L30,056,"BRIDGES, HWY",,0231,0582,056 0231-0582
C063-L03,C063,C062-L30,227,"LIQUID FUELS, STORAGE NON-REFINERY",,0231,0612,227 0231-0612
C063-L04,C063,C062-L30,285,RADIO & TELEVISION,,0231,0954,285 0231-0954
C063-L05,C063,C062-L30,485,"TURBINES, HEAVY",,0231,1107,485 0231-1107
C063-L06,C063,C062-L30,281,"PORTS, INLAND",,0231,1399,281 0231-1399
C063-L07,C063,C062-L30,388,EAST GERMANY,RAILROAD YARDS & SHOPS- SATELLITES,0231,1478,388 0231-1478
C063-L08,C063,C062-L30,388,EAST GERMANY,RAILROAD YARDS & SHOPS- SATELLITES,0231,1479,388 0231-1479
C063-L09,C063,C062-L30,388,EAST GERMANY,RAILROAD YARDS & SHOPS- SATELLITES,0231,1480,388 0231-1480
C063-L10,C063,C062-L30,334,EAST GERMANY,RAILROAD EQUIP REPAIR PLANTS-SATTELITES,0231,1481,334 0231-1481
C063-L11,C063,C062-L30,056,"BRIDGES, HWY",,0231,1503,056 0231-1503
C063-L12,C063,C062-L30,005,"ABRASIVES, BONDED",,0231,1788,005 0231-1788
C063-L13,C063,C062-L30,006,"ABRASIVES, CRUDE",,0231,1788,006 0231-1788
C063-L14,C063,C062-L30,264,OPTICAL EQUIPMENT,,0231,1863,264 0231-1863
C063-L15,C063,C062-L30,480,"TRANSFORMERS, HEAVY",,0231,1875,480 0231-1875
C063-L16,C063,C062-L30,245,"MILITARY STORAGE AREAS, AIR FORCE",,0231,1903,245 0231-1903
C063-L17,C063,C062-L30,246,"MILITARY STORAGE AREAS, ARMY & NAVY",,0231,1903,246 0231-1903
C063-L18,C063,C062-L30,281,"PORTS, INLAND",,0231,1904,281 0231-1904
C063-L19,C063,C062-L30,281,"PORTS, INLAND",,0231,2453,281 0231-2453
C063-L20,C063,C062-L30,241,"MILITARY HQS, ARMY",,0231,2721,241 0231-2721
C063-L21,C063,C062-L30,264,OPTICAL EQUIPMENT,,0231,2738,264 0231-2738
C063-L22,C063,C062-L30,264,OPTICAL EQUIPMENT,,0231,2739,264 0231-2739
C063-L23,C063,C062-L30,264,OPTICAL EQUIPMENT,,0231,2741,264 0231-2741
C063-L24,C063,C062-L30,264,OPTICAL EQUIPMENT,,0231,2742,264 0231-2742
C063-L25,C063,C062-L30,264,OPTICAL EQUIPMENT,,0231,2743,264 0231-2743
C063-L26,C063,C062-L30,264,OPTICAL EQUIPMENT,,0231,2745,264 0231-2745
C063-L27,C063,C062-L30,264,OPTICAL EQUIPMENT,,0231,2746,264 0231-2746
C063-L28,C063,C062-L30,050,"BATTERIES, LEAD ACID",,0231,2747,050 0231-2747
C063-L29,C063,C062-L30,264,OPTICAL EQUIPMENT,,0231,2761,264 0231-2761
C063-L30,C063,C062-L30,264,OPTICAL EQUIPMENT,,0231,2762,264 0231-2762
C063-L31,C063,C062-L30,230,MACHINE TOOLS,,0231,2772,230 0231-2772
C063-L32,C063,C062-L30,055,"BOILERS, HIGH PRESSURE",,0231,2786,055 0231-2786
C063-L33,C063,C062-L30,246,"MILITARY STORAGE AREAS, ARMY & NAVY",,0231,2924,246 0231-2924
C063-L34,C063,C062-L30,208,GOVERNMENT CONTROL CENTERS,,0231,3169,208 0231-3169
C063-L35,C063,C062-L30,248,MILITARY TROOP INSTALLATIONS,,0231,3187,248 0231-3187
C063-L36,C063,C062-L30,243,MILITARY SCHOOLS,,0231,3994,243 0231-3994
C063-L37,C063,C062-L30,275,POPULATION,,0231,9999,275 0231-9999
C063-L40,C063,C063-L38,227,"LIQUID FUELS, STORAGE NON-REFINERY",,0231,,227 0231-
C063-L41,C063,C063-L38,275,POPULATION,,0231,,275 0231-
C063-L42,C063,C063-L38,430,STEEL,,0231,1758,430 0231-1758
C063-L43,C063,C063-L38,235,METAL FORMING EQUIPMENT,,0231,2968,235 0231-2968
C063-L46,C063,C063-L44,275,POPULATION,,0231,,275 0231-
C063-L47,C063,C063-L44,264,OPTICAL EQUIPMENT,,0231,2986,264 0231-2986
C063-L50,C063,C063-L48,405,RUBBER TIRES,,0231,1259,405 0231-1259
C063-L51,C063,C063-L48,275,POPULATION,,0231,9837,275 0231-9837
C063-L54,C063,C063-L52,200,ELECTRIC WIRE & CABLE,,0231,1931,200 0231-1931
C063-L55,C063,C063-L52,485,"TURBINES, HEAVY",,0231,3121,485 0231-3121
C064-L02,C064,C063-L52,275,POPULATION,,0231,9356,275 0231-9356
C064-L05,C064,C064-L03,275,POPULATION,,0231,,275 0231-
C064-L06,C064,C064-L03,062,CAUSTIC SODA,,0231,1260,062 0231-1260
C064-L07,C064,C064-L03,068,CHLORINE,,0231,1260,068 0231-1260
C064-L08,C064,C064-L03,016,AIRFRAMES,,0231,2826,016 0231-2826
C064-L11,C064,C064-L09,285,RADIO & TELEVISION,,0231,1599,285 0231-1599
C064-L12,C064,C064-L09,275,POPULATION,,0231,9795,275 0231-9795
C064-L15,C064,C064-L13,275,POPULATION,,0231,,275 0231-
C064-L16,C064,C064-L13,227,"LIQUID FUELS, STORAGE NON-REFINERY",,0231,0616,227 0231-0616
C064-L17,C064,C064-L13,062,CAUSTIC SODA,,0231,1261,062 0231-1261
C064-L18,C064,C064-L13,068,CHLORINE,,0231,1261,068 0231-1261
C064-L19,C064,C064-L13,266,PENICILLIN,,0231,1864,266 0231-1864
C064-L22,C064,C064-L20,275,POPULATION,,0231,,275 0231-
C064-L23,C064,C064-L20,264,OPTICAL EQUIPMENT,,0231,2764,264 0231-2764
C064-L25,C064,C064-L24,227,"LIQUID FUELS, STORAGE NON-REFINERY",,0168,,227 0168-
C064-L26,C064,C064-L24,275,POPULATION,,0168,9947,275 0168-9947
C064-L30,C064,C064-L27,224,"LIQUID FUEL PLANTS, CRUDE",,0232,0166,224 0232-0166
C064-L31,C064,C064-L27,226,"LIQUID FUELS, STORAGE AT REFINERIES",,0232,0166,226 0232-0166
C064-L32,C064,C064-L27,224,"LIQUID FUEL PLANTS, CRUDE",,0232,0167,224 0232-0167
C064-L33,C064,C064-L27,226,"LIQUID FUELS, STORAGE AT REFINERIES",,0232,0167,226 0232-0167
C064-L34,C064,C064-L27,224,"LIQUID FUEL PLANTS, CRUDE",,0232,0168,224 0232-0168
C064-L35,C064,C064-L27,226,"LIQUID FUELS, STORAGE AT REFINERIES",,0232,0168,226 0232-0168
C064-L36,C064,C064-L27,262,OIL EXTRACTION EQUIPMENT,,0232,0169,262 0232-0169
C064-L37,C064,C064-L27,376,WEST SUB-REGION UKRAINE REGION,RAILROAD YARDS & SHOPS- USSR,0232,0323,376 0232-0323
C064-L38,C064,C064-L27,275,POPULATION,,0232,9987,275 0232-9987
C064-L41,C064,C064-L39,145,SOUTH ECONOMIC REGION,ELECTRIC POWER - OUTSIDE GRIDS,0232,0860,145 0232-0860
C064-L42,C064,C064-L39,275,POPULATION,,0232,9998,275 0232-9998
C064-L45,C064,C064-L43,376,WEST SUB-REGION UKRAINE REGION,RAILROAD YARDS & SHOPS- USSR,0232,0136,376 0232-0136
C064-L46,C064,C064-L43,376,WEST SUB-REGION UKRAINE REGION,RAILROAD YARDS & SHOPS- USSR,0232,0763,376 0232-0763
C064-L47,C064,C064-L43,290,RAILROAD BRIDGES,,0232,0769,290 0232-0769
C064-L48,C064,C064-L43,275,POPULATION,,0232,9991,275 0232-9991
C065-L04,C065,C065-L04-lost,331,BULGARIA,RAILROAD EQUIP REPAIR PLANTS-SATTELITES,0322,0408,331 0322-0408
C065-L05,C065,C065-L04-lost,275,POPULATION,,0322,9744,275 0322-9744
C065-L07,C065,C065-L06,382,BULGARIA,RAILROAD YARDS & SHOPS- SATELLITES,0322,0091,382 0322-0091
C065-L08,C065,C065-L06,275,POPULATION,,0322,9783,275 0322-9783
C065-L11,C065,C065-L09,188,CZECHOSLOVAKIA,ELECTRIC POWER - SATELLITES,0232,0317,188 0232-0317
C065-L12,C065,C065-L09,023,AMMUNITION,,0232,0358,023 0232-0358
C065-L13,C065,C065-L09,095,EARTH MOVING EQUIPMENT,,0232,0358,095 0232-0358
C065-L14,C065,C065-L09,212,"GUNS, MAJOR CALIBER",,0232,0358,212 0232-0358
C065-L15,C065,C065-L09,230,MACHINE TOOLS,,0232,0358,230 0232-0358
C065-L16,C065,C065-L09,430,STEEL,,0232,0358,430 0232-0358
C065-L17,C065,C065-L09,470,TORPEDOES,,0232,0358,470 0232-0358
C065-L18,C065,C065-L09,188,CZECHOSLOVAKIA,ELECTRIC POWER - SATELLITES,0232,0577,188 0232-0577
C065-L19,C065,C065-L09,188,CZECHOSLOVAKIA,ELECTRIC POWER - SATELLITES,0232,0578,188 0232-0578
C065-L20,C065,C065-L09,275,POPULATION,,0232,9935,275 0232-9935
C065-L22,C065,C065-L21,275,POPULATION,,0232,,275 0232-
C065-L23,C065,C065-L21,023,AMMUNITION,,0232,0357,023 0232-0357
C065-L25,C065,C065-L24,188,CZECHOSLOVAKIA,ELECTRIC POWER - SATELLITES,0232,0474,188 0232-0474
C065-L26,C065,C065-L24,275,POPULATION,,0232,9693,275 0232-9693
C065-L28,C065,C065-L27,275,POPULATION,,0232,,275 0232-
C065-L29,C065,C065-L27,246,"MILITARY STORAGE AREAS, ARMY & NAVY",,0232,1268,246 0232-1268
C065-L32,C065,C065-L30,023,AMMUNITION,,0232,0225,023 0232-0225
C065-L33,C065,C065-L30,082,"COPPER, REFINED",,0232,0225,082 0232-0225
C065-L34,C065,C065-L30,214,"GUNS, SMALL ARMS",,0232,0225,214 0232-0225
C065-L35,C065,C065-L30,275,POPULATION,,0232,9909,275 0232-9909
C065-L37,C065,C065-L36,188,CZECHOSLOVAKIA,ELECTRIC POWER - SATELLITES,0232,0313,188 0232-0313
C065-L38,C065,C065-L36,405,RUBBER TIRES,,0232,0337,405 0232-0337
C065-L39,C065,C065-L36,290,RAILROAD BRIDGES,,0232,1329,290 0232-1329
C065-L40,C065,C065-L36,290,RAILROAD BRIDGES,,0232,1330,290 0232-1330
C065-L41,C065,C065-L36,275,POPULATION,,0232,9678,275 0232-9678
C065-L44,C065,C065-L42,241,"MILITARY HQS, ARMY",,0232,,241 0232-
C065-L45,C065,C065-L42,290,RAILROAD BRIDGES,,0232,0457,290 0232-0457
C065-L46,C065,C065-L42,188,CZECHOSLOVAKIA,ELECTRIC POWER - SATELLITES,0232,0588,188 0232-0588
C065-L47,C065,C065-L42,227,"LIQUID FUELS, STORAGE NON-REFINERY",,0232,0636,227 0232-0636
C065-L48,C065,C065-L42,386,CZECHOSLOVAKIA,RAILROAD YARDS & SHOPS- SATELLITES,0232,1074,386 0232-1074
C065-L49,C065,C065-L42,208,GOVERNMENT CONTROL CENTERS,,0232,1162,208 0232-1162
C065-L50,C065,C065-L42,248,MILITARY TROOP INSTALLATIONS,,0232,1258,248 0232-1258
C065-L51,C065,C065-L42,246,"MILITARY STORAGE AREAS, ARMY & NAVY",,0232,1274,246 0232-1274
C065-L52,C065,C065-L42,246,"MILITARY STORAGE AREAS, ARMY & NAVY",,0232,1275,246 0232-1275
C065-L53,C065,C065-L42,188,CZECHOSLOVAKIA,ELECTRIC POWER - SATELLITES,0232,1529,188 0232-1529
C065-L54,C065,C065-L42,245,"MILITARY STORAGE AREAS, AIR FORCE",,0232,1552,245 0232-1552
C066-L04,C066,C065-L42,275,POPULATION,,0232,9901,275 0232-9901
C066-L06,C066,C066-L05,106,DNEPR-DONETS,ELECTRIC POWER - MAJOR GRIDS,0250,0349,106 0250-0349
C066-L07,C066,C066-L05,275,POPULATION,,0250,9921,275 0250-9921
C066-L10,C066,C066-L08,110,LENINGRAD,ELECTRIC POWER - MAJOR GRIDS,0153,0139,110 0153-0139
C066-L11,C066,C066-L08,275,POPULATION,,0153,9993,275 0153-9993
C066-L14,C066,C066-L12,358,NORTHERN REGION,RAILROAD YARDS & SHOPS- USSR,0153,0535,358 0153-0535
C066-L15,C066,C066-L12,275,POPULATION,,0153,9930,275 0153-9930
C066-L18,C066,C066-L16,215,HIGH EXPLOSIVES,,0153,0160,215 0153-0160
C066-L19,C066,C066-L16,275,POPULATION,,0153,9981,275 0153-9981
C066-L21,C066,C066-L20,227,"LIQUID FUELS, STORAGE NON-REFINERY",,0048,,227 0048-
C066-L22,C066,C066-L20,280,"PORTS, MARITIME",,0048,0009,280 0048-0009
C066-L23,C066,C066-L20,275,POPULATION,,0048,9997,275 0048-9997
C066-L25,C066,C066-L24,075,COKE CHEMICALS,,0252,0527,075 0252-0527
C066-L26,C066,C066-L24,270,PIG IRON,,0252,0527,270 0252-0527
C066-L27,C066,C066-L24,430,STEEL,,0252,0527,430 0252-0527
C066-L28,C066,C066-L24,192,HUNGARY,ELECTRIC POWER - SATELLITES,0252,0848,192 0252-0848
C066-L29,C066,C066-L24,275,POPULATION,,0252,9681,275 0252-9681
C066-L32,C066,C066-L30,227,"LIQUID FUELS, STORAGE NON-REFINERY",,0325,,227 0325-
C066-L33,C066,C066-L30,227,"LIQUID FUELS, STORAGE NON-REFINERY",,0325,,227 0325-
C066-L34,C066,C066-L30,227,"LIQUID FUELS, STORAGE NON-REFINERY",,0325,,227 0325-
C066-L35,C066,C066-L30,302,CAUCASUS REGION,RAILROAD EQUIPMENT REPAIR PLANTS-USSR,0325,0029,302 0325-0029
C066-L36,C066,C066-L30,350,CAUCASUS REGION,RAILROAD YARDS & SHOPS- USSR,0325,0094,350 0325-0094
C066-L37,C066,C066-L30,057,CADMIUM,,0325,0125,057 0325-0125
C066-L38,C066,C066-L30,216,"LEAD, REFINED",,0325,0125,216 0325-0125
C066-L39,C066,C066-L30,445,SULFURIC ACID,,0325,0125,445 0325-0125
C066-L40,C066,C066-L30,490,ZINC,,0325,0125,490 0325-0125
C066-L41,C066,C066-L30,208,GOVERNMENT CONTROL CENTERS,,0325,0399,208 0325-0399
C066-L42,C066,C066-L30,248,MILITARY TROOP INSTALLATIONS,,0325,0401,248 0325-0401
C066-L43,C066,C066-L30,248,MILITARY TROOP INSTALLATIONS,,0325,0402,248 0325-0402
C066-L44,C066,C066-L30,248,MILITARY TROOP INSTALLATIONS,,0325,0403,248 0325-0403
C066-L45,C066,C066-L30,150,SOUTHEAST ECONOMIC REGION,ELECTRIC POWER - OUTSIDE GRIDS,0325,0410,150 0325-0410
C066-L46,C066,C066-L30,275,POPULATION,,0325,9996,275 0325-9996
C067-L05,C067,C067-L03,227,"LIQUID FUELS, STORAGE NON-REFINERY",,0325,,227 0325-
C067-L06,C067,C067-L03,275,POPULATION,,0325,9817,275 0325-9817
C067-L09,C067,C067-L07,275,POPULATION,,0325,,275 0325-
C067-L10,C067,C067-L07,150,SOUTHEAST ECONOMIC REGION,ELECTRIC POWER - OUTSIDE GRIDS,0325,0062,150 0325-0062
C067-L14,C067,C067-L11,062,CAUSTIC SODA,,0154,0040,062 0154-0040
C067-L15,C067,C067-L11,066,"CHEMICAL WARFARE AGENT, STANDARD",,0154,0040,066 0154-0040
C067-L16,C067,C067-L11,068,CHLORINE,,0154,0040,068 0154-0040
C067-L17,C067,C067-L11,236,METALLIC SODIUM,,0154,0040,236 0154-0040
C067-L18,C067,C067-L11,112,MOSCOW-GORKIY,ELECTRIC POWER - MAJOR GRIDS,0154,0041,112 0154-0041
C067-L19,C067,C067-L11,022,"AMMONIA, SYNTHETIC",,0154,0086,022 0154-0086
C067-L20,C067,C067-L11,060,CALCIUM CARBIDE,,0154,0086,060 0154-0086
C067-L21,C067,C067-L11,062,CAUSTIC SODA,,0154,0086,062 0154-0086
C067-L22,C067,C067-L11,068,CHLORINE,,0154,0086,068 0154-0086
C067-L23,C067,C067-L11,445,SULFURIC ACID,,0154,0086,445 0154-0086
C067-L24,C067,C067-L11,224,"LIQUID FUEL PLANTS, CRUDE",,0154,0087,224 0154-0087
C067-L25,C067,C067-L11,226,"LIQUID FUELS, STORAGE AT REFINERIES",,0154,0087,226 0154-0087
C067-L26,C067,C067-L11,023,AMMUNITION,,0154,0110,023 0154-0110
C067-L27,C067,C067-L11,215,HIGH EXPLOSIVES,,0154,0110,215 0154-0110
C067-L28,C067,C067-L11,282,PROPELLANTS,,0154,0110,282 0154-0110
C067-L29,C067,C067-L11,066,"CHEMICAL WARFARE AGENT, STANDARD",,0154,0111,066 0154-0111
C067-L30,C067,C067-L11,360,NORTHEAST SUB-REGION CENTRAL IND REG,RAILROAD YARDS & SHOPS- USSR,0154,0269,360 0154-0269
C067-L31,C067,C067-L11,460,TETRAETHYL LEAD,,0154,0330,460 0154-0330
C067-L32,C067,C067-L11,281,"PORTS, INLAND",,0154,0366,281 0154-0366
C067-L33,C067,C067-L11,281,"PORTS, INLAND",,0154,0367,281 0154-0367
C067-L34,C067,C067-L11,208,GOVERNMENT CONTROL CENTERS,,0154,0420,208 0154-0420
C067-L35,C067,C067-L11,275,POPULATION,,0154,9983,275 0154-9983
C067-L38,C067,C067-L36,445,SULFURIC ACID,,0328,0101,445 0328-0101
C067-L39,C067,C067-L36,208,GOVERNMENT CONTROL CENTERS,,0328,0210,208 0328-0210
C067-L40,C067,C067-L36,135,KAZAKHSTAN-CENTRAL ASIA ECONOMIC REGION,ELECTRIC POWER - OUTSIDE GRIDS,0328,0213,135 0328-0213
C067-L41,C067,C067-L36,275,POPULATION,,0328,9903,275 0328-9903
C067-L44,C067,C067-L42,227,"LIQUID FUELS, STORAGE NON-REFINERY",,0250,,227 0250-
C067-L45,C067,C067-L42,376,WEST SUB-REGION UKRAINE REGION,RAILROAD YARDS & SHOPS- USSR,0250,0031,376 0250-0031
C067-L46,C067,C067-L42,275,POPULATION,,0250,9989,275 0250-9989
C068-L03,C068,C067-L47,248,MILITARY TROOP INSTALLATIONS,,0340,,248 0340-
C068-L04,C068,C067-L47,350,CAUCASUS REGION,RAILROAD YARDS & SHOPS- USSR,0340,0075,350 0340-0075
C068-L05,C068,C067-L47,275,POPULATION,,0340,9996,275 0340-9996
C068-L08,C068,C068-L06,095,EARTH MOVING EQUIPMENT,,0169,0199,095 0169-0199
C068-L09,C068,C068-L06,228,LOCKS & DAMS,,0169,0362,228 0169-0362
C068-L10,C068,C068-L06,246,"MILITARY STORAGE AREAS, ARMY & NAVY",,0169,0475,246 0169-0475
C068-L11,C068,C068-L06,228,LOCKS & DAMS,,0169,0776,228 0169-0776
C068-L12,C068,C068-L06,228,LOCKS & DAMS,,0169,0777,228 0169-0777
C068-L13,C068,C068-L06,228,LOCKS & DAMS,,0169,0779,228 0169-0779
C068-L14,C068,C068-L06,228,LOCKS & DAMS,,0169,0780,228 0169-0780
C068-L15,C068,C068-L06,388,EAST GERMANY,RAILROAD YARDS & SHOPS- SATELLITES,0169,0796,388 0169-0796
C068-L16,C068,C068-L06,228,LOCKS & DAMS,,0169,0824,228 0169-0824
C068-L17,C068,C068-L06,241,"MILITARY HQS, ARMY",,0169,0915,241 0169-0915
C068-L18,C068,C068-L06,248,MILITARY TROOP INSTALLATIONS,,0169,1201,248 0169-1201
C068-L19,C068,C068-L06,227,"LIQUID FUELS, STORAGE NON-REFINERY",,0169,1299,227 0169-1299
C068-L20,C068,C068-L06,010,AGRICULTURAL EQUIPMENT,,0169,1547,010 0169-1547
C068-L21,C068,C068-L06,275,POPULATION,,0169,9930,275 0169-9930
C068-L23,C068,C068-L22,275,POPULATION,,0169,,275 0169-
C068-L24,C068,C068-L22,388,EAST GERMANY,RAILROAD YARDS & SHOPS- SATELLITES,0169,0513,388 0169-0513
C068-L26,C068,C068-L25,275,POPULATION,,0169,,275 0169-
C068-L27,C068,C068-L25,248,MILITARY TROOP INSTALLATIONS,,0169,1153,248 0169-1153
C068-L29,C068,C068-L28,246,"MILITARY STORAGE AREAS, ARMY & NAVY",,0169,,246 0169-
C068-L30,C068,C068-L28,190,EAST GERMANY,ELECTRIC POWER - SATELLITES,0169,0097,190 0169-0097
C068-L31,C068,C068-L28,246,"MILITARY STORAGE AREAS, ARMY & NAVY",,0169,1000,246 0169-1000
C068-L32,C068,C068-L28,275,POPULATION,,0169,9921,275 0169-9921
C068-L34,C068,C068-L33,228,LOCKS & DAMS,,0169,0360,228 0169-0360
C068-L35,C068,C068-L33,228,LOCKS & DAMS,,0169,0361,228 0169-0361
C068-L36,C068,C068-L33,228,LOCKS & DAMS,,0169,0522,228 0169-0522
C068-L37,C068,C068-L33,228,LOCKS & DAMS,,0169,0789,228 0169-0789
C068-L38,C068,C068-L33,275,POPULATION,,0169,9825,275 0169-9825
C068-L40,C068,C068-L39,275,POPULATION,,0169,,275 0169-
C068-L41,C068,C068-L39,245,"MILITARY STORAGE AREAS, AIR FORCE",,0169,1568,245 0169-1568
C068-L42,C068,C068-L39,243,MILITARY SCHOOLS,,0169,1570,243 0169-1570
C068-L44,C068,C068-L43,248,MILITARY TROOP INSTALLATIONS,,0251,,248 0251-
C068-L45,C068,C068-L43,246,"MILITARY STORAGE AREAS, ARMY & NAVY",,0251,0875,246 0251-0875
C068-L46,C068,C068-L43,275,POPULATION,,0251,9810,275 0251-9810
C068-L48,C068,C068-L47,023,AMMUNITION,,0251,0654,023 0251-0654
C068-L49,C068,C068-L47,275,POPULATION,,0251,9879,275 0251-9879
C069-L04,C069,C068-L50,388,EAST GERMANY,RAILROAD YARDS & SHOPS- SATELLITES,0231,0778,388 0231-0778
C069-L05,C069,C068-L50,252,MOTOR VEHICLES,,0231,1410,252 0231-1410
C069-L06,C069,C068-L50,050,"BATTERIES, LEAD ACID",,0231,1852,050 0231-1852
C069-L07,C069,C068-L50,248,MILITARY TROOP INSTALLATIONS,,0231,2797,248 0231-2797
C069-L08,C069,C068-L50,248,MILITARY TROOP INSTALLATIONS,,0231,2798,248 0231-2798
C069-L09,C069,C068-L50,275,POPULATION,,0231,9990,275 0231-9990
C069-L11,C069,C069-L10,275,POPULATION,,0231,,275 0231-
C069-L12,C069,C069-L10,235,METAL FORMING EQUIPMENT,,0231,2966,235 0231-2966
C069-L14,C069,C069-L13,275,POPULATION,,0231,,275 0231-
C069-L15,C069,C069-L13,190,EAST GERMANY,ELECTRIC POWER - SATELLITES,0231,0167,190 0231-0167
C069-L17,C069,C069-L16,275,POPULATION,,0231,,275 0231-
C069-L18,C069,C069-L16,425,SODA ASH,,0231,0542,425 0231-0542
C069-L20,C069,C069-L19,090,CUTTING TOOLS,,0231,1937,090 0231-1937
C069-L21,C069,C069-L19,275,POPULATION,,0231,9500,275 0231-9500
C069-L23,C069,C069-L22,190,EAST GERMANY,ELECTRIC POWER - SATELLITES,0231,2536,190 0231-2536
C069-L24,C069,C069-L22,275,POPULATION,,0231,9230,275 0231-9230
C069-L26,C069,C069-L25,275,POPULATION,,0231,,275 0231-
C069-L27,C069,C069-L25,230,MACHINE TOOLS,,0231,2770,230 0231-2770
C069-L29,C069,C069-L28,275,POPULATION,,0231,,275 0231-
C069-L30,C069,C069-L28,010,AGRICULTURAL EQUIPMENT,,0231,2788,010 0231-2788
C069-L32,C069,C069-L31,190,EAST GERMANY,ELECTRIC POWER - SATELLITES,0231,1328,190 0231-1328
C069-L33,C069,C069-L31,190,EAST GERMANY,ELECTRIC POWER - SATELLITES,0231,2701,190 0231-2701
C069-L34,C069,C069-L31,275,POPULATION,,0231,9889,275 0231-9889
C069-L36,C069,C069-L35,010,AGRICULTURAL EQUIPMENT,,0231,3812,010 0231-3812
C069-L37,C069,C069-L35,275,POPULATION,,0231,9337,275 0231-9337
C069-L39,C069,C069-L38,082,"COPPER, REFINED",,0231,1243,082 0231-1243
C069-L40,C069,C069-L38,084,"COPPER, SMELTED",,0231,1243,084 0231-1243
C069-L41,C069,C069-L38,445,SULFURIC ACID,,0231,1243,445 0231-1243
C069-L42,C069,C069-L38,216,"LEAD, REFINED",,0231,1865,216 0231-1865
C069-L43,C069,C069-L38,275,POPULATION,,0231,9678,275 0231-9678
C069-L45,C069,C069-L44,275,POPULATION,,0231,,275 0231-
C069-L46,C069,C069-L44,388,EAST GERMANY,RAILROAD YARDS & SHOPS- SATELLITES,0231,1920,388 0231-1920
C069-L47,C069,C069-L44,235,METAL FORMING EQUIPMENT,,0231,2964,235 0231-2964
C069-L49,C069,C069-L48,372,WEST SIBERIAN REGION,RAILROAD YARDS & SHOPS- USSR,0238,0041,372 0238-0041
C069-L50,C069,C069-L48,275,POPULATION,,0238,9995,275 0238-9995
C070-L04,C070,C069-L51,415,SHIPBUILDING,,0169,0131,415 0169-0131
C070-L05,C070,C069-L51,440,SUBMARINE DIESEL ENGINES,,0169,0131,440 0169-0131
C070-L06,C070,C069-L51,485,"TURBINES, HEAVY",,0169,0131,485 0169-0131
C070-L07,C070,C069-L51,196,POLAND,ELECTRIC POWER - SATELLITES,0169,0331,196 0169-0331
C070-L08,C070,C069-L51,290,RAILROAD BRIDGES,,0169,0541,290 0169-0541
C070-L09,C070,C069-L51,392,POLAND,RAILROAD YARDS & SHOPS- SATELLITES,0169,0543,392 0169-0543
C070-L10,C070,C069-L51,280,"PORTS, MARITIME",,0169,1162,280 0169-1162
C070-L11,C070,C069-L51,275,POPULATION,,0169,9988,275 0169-9988
C070-L13,C070,C070-L12,084,"COPPER, SMELTED",,0322,0075,084 0322-0075
C070-L14,C070,C070-L12,275,POPULATION,,0322,9986,275 0322-9986
C070-L16,C070,C070-L15,275,POPULATION,,0322,,275 0322-
C070-L17,C070,C070-L15,382,BULGARIA,RAILROAD YARDS & SHOPS- SATELLITES,0322,0427,382 0322-0427
C070-L18,C070,C070-L15,243,MILITARY SCHOOLS,,0322,0573,243 0322-0573
C070-L21,C070,C070-L19,110,LENINGRAD,ELECTRIC POWER - MAJOR GRIDS,0103,0031,110 0103-0031
C070-L22,C070,C070-L19,062,CAUSTIC SODA,,0103,0034,062 0103-0034
C070-L23,C070,C070-L19,068,CHLORINE,,0103,0034,068 0103-0034
C070-L24,C070,C070-L19,275,POPULATION,,0103,9977,275 0103-9977
C070-L27,C070,C070-L25,110,LENINGRAD,ELECTRIC POWER - MAJOR GRIDS,0103,0029,110 0103-0029
C070-L28,C070,C070-L25,275,POPULATION,,0103,9983,275 0103-9983
C070-L33,C070,C070-L29,202,ELECTRON TUBES,,0231,0363,202 0231-0363
C070-L34,C070,C070-L29,190,EAST GERMANY,ELECTRIC POWER - SATELLITES,0231,0558,190 0231-0558
C070-L35,C070,C070-L29,190,EAST GERMANY,ELECTRIC POWER - SATELLITES,0231,0559,190 0231-0559
C070-L36,C070,C070-L29,227,"LIQUID FUELS, STORAGE NON-REFINERY",,0231,0885,227 0231-0885
C070-L37,C070,C070-L29,388,EAST GERMANY,RAILROAD YARDS & SHOPS- SATELLITES,0231,1122,388 0231-1122
C070-L38,C070,C070-L29,235,METAL FORMING EQUIPMENT,,0231,1296,235 0231-1296
C070-L39,C070,C070-L29,246,"MILITARY STORAGE AREAS, ARMY & NAVY",,0231,1486,246 0231-1486
C070-L40,C070,C070-L29,050,"BATTERIES, LEAD ACID",,0231,1856,050 0231-1856
C070-L41,C070,C070-L29,208,GOVERNMENT CONTROL CENTERS,,0231,3168,208 0231-3168
C070-L42,C070,C070-L29,275,POPULATION,,0231,9989,275 0231-9989
C070-L45,C070,C070-L43,246,"MILITARY STORAGE AREAS, ARMY & NAVY",,0231,0605,246 0231-0605
C070-L46,C070,C070-L43,275,POPULATION,,0231,9880,275 0231-9880
C070-L49,C070,C070-L47,275,POPULATION,,0231,,275 0231-
C070-L50,C070,C070-L47,055,"BOILERS, HIGH PRESSURE",,0231,1972,055 0231-1972
C071-L05,C071,C071-L03,241,"MILITARY HQS, ARMY",,0231,,241 0231-
C071-L06,C071,C071-L03,275,POPULATION,,0231,9129,275 0231-9129
C071-L09,C071,C071-L07,275,POPULATION,,0231,,275 0231-
C071-L10,C071,C071-L07,064,CHEMICAL EQUIPMENT,,0231,3021,064 0231-3021
C071-L13,C071,C071-L11,285,RADIO & TELEVISION,,0231,0951,285 0231-0951
C071-L14,C071,C071-L11,023,AMMUNITION,,0231,1407,023 0231-1407
C071-L15,C071,C071-L11,275,POPULATION,,0231,9782,275 0231-9782
C071-L18,C071,C071-L16,388,EAST GERMANY,RAILROAD YARDS & SHOPS- SATELLITES,0231,1275,388 0231-1275
C071-L19,C071,C071-L16,292,RAILROAD FREIGHT CARS,,0231,1719,292 0231-1719
C071-L20,C071,C071-L16,298,RAILROAD TANK CARS,,0231,1719,298 0231-1719
C071-L21,C071,C071-L16,264,OPTICAL EQUIPMENT,,0231,2900,264 0231-2900
C071-L22,C071,C071-L16,010,AGRICULTURAL EQUIPMENT,,0231,3003,010 0231-3003
C071-L23,C071,C071-L16,248,MILITARY TROOP INSTALLATIONS,,0231,3471,248 0231-3471
C071-L24,C071,C071-L16,248,MILITARY TROOP INSTALLATIONS,,0231,3472,248 0231-3472
C071-L25,C071,C071-L16,275,POPULATION,,0231,9767,275 0231-9767
C071-L27,C071,C071-L26,280,"PORTS, MARITIME",,0205,0015,280 0205-0015
C071-L28,C071,C071-L26,130,FAR EAST ECONOMIC REGION,ELECTRIC POWER - OUTSIDE GRIDS,0205,0020,130 0205-0020
C071-L29,C071,C071-L26,275,POPULATION,,0205,9992,275 0205-9992
C071-L31,C071,C071-L30,130,FAR EAST ECONOMIC REGION,ELECTRIC POWER - OUTSIDE GRIDS,0205,0017,130 0205-0017
C071-L32,C071,C071-L30,280,"PORTS, MARITIME",,0205,0034,280 0205-0034
C071-L33,C071,C071-L30,275,POPULATION,,0205,9986,275 0205-9986
C071-L35,C071,C071-L34,016,AIRFRAMES,,0252,0634,016 0252-0634
C071-L36,C071,C071-L34,230,MACHINE TOOLS,,0252,0845,230 0252-0845
C071-L37,C071,C071-L34,246,"MILITARY STORAGE AREAS, ARMY & NAVY",,0252,0978,246 0252-0978
C071-L38,C071,C071-L34,248,MILITARY TROOP INSTALLATIONS,,0252,0979,248 0252-0979
C071-L39,C071,C071-L34,243,MILITARY SCHOOLS,,0252,0980,243 0252-0980
C071-L40,C071,C071-L34,275,POPULATION,,0252,9680,275 0252-9680
C071-L42,C071,C071-L41,192,HUNGARY,ELECTRIC POWER - SATELLITES,0252,0454,192 0252-0454
C071-L43,C071,C071-L41,006,"ABRASIVES, CRUDE",,0252,0770,006 0252-0770
C071-L44,C071,C071-L41,060,CALCIUM CARBIDE,,0252,0770,060 0252-0770
C071-L45,C071,C071-L41,275,POPULATION,,0252,9683,275 0252-9683
C071-L47,C071,C071-L46,248,MILITARY TROOP INSTALLATIONS,,0252,1008,248 0252-1008
C071-L48,C071,C071-L46,275,POPULATION,,0252,9534,275 0252-9534
C072-L02,C072,C071-L49,022,"AMMONIA, SYNTHETIC",,0251,0214,022 0251-0214
C072-L03,C072,C071-L49,215,HIGH EXPLOSIVES,,0251,0214,215 0251-0214
C072-L04,C072,C071-L49,243,MILITARY SCHOOLS,,0251,0858,243 0251-0858
C072-L05,C072,C071-L49,275,POPULATION,,0251,9855,275 0251-9855
C072-L07,C072,C072-L06,022,"AMMONIA, SYNTHETIC",,0251,0440,022 0251-0440
C072-L08,C072,C072-L06,282,PROPELLANTS,,0251,0440,282 0251-0440
C072-L09,C072,C072-L06,275,POPULATION,,0251,9792,275 0251-9792
C072-L11,C072,C072-L10,392,POLAND,RAILROAD YARDS & SHOPS- SATELLITES,0169,1079,392 0169-1079
C072-L12,C072,C072-L10,275,POPULATION,,0169,9737,275 0169-9737
C072-L14,C072,C072-L13,392,POLAND,RAILROAD YARDS & SHOPS- SATELLITES,0169,1073,392 0169-1073
C072-L15,C072,C072-L13,275,POPULATION,,0169,9726,275 0169-9726
C072-L18,C072,C072-L16,376,WEST SUB-REGION UKRAINE REGION,RAILROAD YARDS & SHOPS- USSR,0233,0161,376 0233-0161
C072-L19,C072,C072-L16,376,WEST SUB-REGION UKRAINE REGION,RAILROAD YARDS & SHOPS- USSR,0233,0180,376 0233-0180
C072-L20,C072,C072-L16,064,CHEMICAL EQUIPMENT,,0233,0232,064 0233-0232
C072-L21,C072,C072-L16,275,POPULATION,,0233,9820,275 0233-9820
C072-L25,C072,C072-L22,227,"LIQUID FUELS, STORAGE NON-REFINERY",,0249,0221,227 0249-0221
C072-L26,C072,C072-L22,254,NAVAL OPERATING BASES,,0249,0227,254 0249-0227
C072-L27,C072,C072-L22,227,"LIQUID FUELS, STORAGE NON-REFINERY",,0249,0231,227 0249-0231
C072-L28,C072,C072-L22,280,"PORTS, MARITIME",,0249,0238,280 0249-0238
C072-L29,C072,C072-L22,352,DONBAS SUB-REGION UKRAINE REGION,RAILROAD YARDS & SHOPS- USSR,0249,0239,352 0249-0239
C072-L30,C072,C072-L22,470,TORPEDOES,,0249,0258,470 0249-0258
C072-L31,C072,C072-L22,352,DONBAS SUB-REGION UKRAINE REGION,RAILROAD YARDS & SHOPS- USSR,0249,0276,352 0249-0276
C072-L32,C072,C072-L22,470,TORPEDOES,,0249,0278,470 0249-0278
C072-L33,C072,C072-L22,243,MILITARY SCHOOLS,,0249,0361,243 0249-0361
C072-L34,C072,C072-L22,275,POPULATION,,0249,9927,275 0249-9927
C072-L36,C072,C072-L35,430,STEEL,,0251,0215,430 0251-0215
C072-L37,C072,C072-L35,275,POPULATION,,0251,9854,275 0251-9854
C072-L39,C072,C072-L38,248,MILITARY TROOP INSTALLATIONS,,0251,,248 0251-
C072-L40,C072,C072-L38,394,RUMANIA,RAILROAD YARDS & SHOPS- SATELLITES,0251,0696,394 0251-0696
C072-L41,C072,C072-L38,275,POPULATION,,0251,9824,275 0251-9824
C072-L44,C072,C072-L42,104,CENTRAL ASIA,ELECTRIC POWER - MAJOR GRIDS,0328,0015,104 0328-0015
C073-L04,C073,C072-L42,275,POPULATION,,0328,9994,275 0328-9994
C073-L07,C073,C073-L05,104,CENTRAL ASIA,ELECTRIC POWER - MAJOR GRIDS,0328,0058,104 0328-0058
C073-L08,C073,C073-L05,104,CENTRAL ASIA,ELECTRIC POWER - MAJOR GRIDS,0328,0186,104 0328-0186
C073-L09,C073,C073-L05,275,POPULATION,,0328,9895,275 0328-9895
C073-L12,C073,C073-L10,224,"LIQUID FUEL PLANTS, CRUDE",,0328,0021,224 0328-0021
C073-L13,C073,C073-L10,226,"LIQUID FUELS, STORAGE AT REFINERIES",,0328,0021,226 0328-0021
C073-L14,C073,C073-L10,275,POPULATION,,0328,9986,275 0328-9986
C073-L16,C073,C073-L15,243,MILITARY SCHOOLS,,0250,0371,243 0250-0371
C073-L17,C073,C073-L15,275,POPULATION,,0250,9900,275 0250-9900
C073-L19,C073,C073-L18,394,RUMANIA,RAILROAD YARDS & SHOPS- SATELLITES,0250,0311,394 0250-0311
C073-L20,C073,C073-L18,275,POPULATION,,0250,9858,275 0250-9858
C073-L22,C073,C073-L21,241,"MILITARY HQS, ARMY",,0499,,241 0499-
C073-L23,C073,C073-L21,246,"MILITARY STORAGE AREAS, ARMY & NAVY",,0499,,246 0499-
C073-L24,C073,C073-L21,284,RADAR INSTALLATIONS,,0499,,284 0499-
C073-L25,C073,C073-L21,455,TELE-COMMUNICATIONS,,0499,,455 0499-
C073-L26,C073,C073-L21,056,"BRIDGES, HWY",,0499,0008,056 0499-0008
C073-L27,C073,C073-L21,254,NAVAL OPERATING BASES,,0499,0016,254 0499-0016
C073-L28,C073,C073-L21,208,GOVERNMENT CONTROL CENTERS,,0499,0588,208 0499-0588
C073-L29,C073,C073-L21,280,"PORTS, MARITIME",,0499,0589,280 0499-0589
C073-L30,C073,C073-L21,280,"PORTS, MARITIME",,0499,0590,280 0499-0590
C073-L31,C073,C073-L21,275,POPULATION,,0499,9999,275 0499-9999
C073-L33,C073,C073-L32,185,CHINA-MAJOR GRIDS,ELECTRIC POWER - SATELLITES,0289,0049,185 0289-0049
C073-L34,C073,C073-L32,275,POPULATION,,0289,9988,275 0289-9988
C073-L36,C073,C073-L35,190,EAST GERMANY,ELECTRIC POWER - SATELLITES,0169,0096,190 0169-0096
C073-L37,C073,C073-L35,290,RAILROAD BRIDGES,,0169,0237,290 0169-0237
C073-L38,C073,C073-L35,056,"BRIDGES, HWY",,0169,0246,056 0169-0246
C073-L39,C073,C073-L35,388,EAST GERMANY,RAILROAD YARDS & SHOPS- SATELLITES,0169,0394,388 0169-0394
C073-L40,C073,C073-L35,246,"MILITARY STORAGE AREAS, ARMY & NAVY",,0169,0516,246 0169-0516
C073-L41,C073,C073-L35,010,AGRICULTURAL EQUIPMENT,,0169,0945,010 0169-0945
C073-L42,C073,C073-L35,445,SULFURIC ACID,,0169,1107,445 0169-1107
C073-L43,C073,C073-L35,248,MILITARY TROOP INSTALLATIONS,,0169,1204,248 0169-1204
C073-L44,C073,C073-L35,056,"BRIDGES, HWY",,0169,1603,056 0169-1603
C073-L45,C073,C073-L35,275,POPULATION,,0169,9929,275 0169-9929
C073-L47,C073,C073-L46,228,LOCKS & DAMS,,0169,0359,228 0169-0359
C073-L48,C073,C073-L46,228,LOCKS & DAMS,,0169,0466,228 0169-0466
C074-L04,C074,C073-L46,204,FERRO-ALLOYS,,0169,0490,204 0169-0490
C074-L05,C074,C073-L46,270,PIG IRON,,0169,0490,270 0169-0490
C074-L06,C074,C073-L46,281,"PORTS, INLAND",,0169,0821,281 0169-0821
C074-L07,C074,C073-L46,281,"PORTS, INLAND",,0169,1041,281 0169-1041
C074-L08,C074,C073-L46,190,EAST GERMANY,ELECTRIC POWER - SATELLITES,0169,1206,190 0169-1206
C074-L09,C074,C073-L46,275,POPULATION,,0169,9909,275 0169-9909
C074-L11,C074,C074-L10,227,"LIQUID FUELS, STORAGE NON-REFINERY",,0169,1070,227 0169-1070
C074-L12,C074,C074-L10,275,POPULATION,,0169,9802,275 0169-9802
C074-L14,C074,C074-L13,392,POLAND,RAILROAD YARDS & SHOPS- SATELLITES,0169,1084,392 0169-1084
C074-L15,C074,C074-L13,275,POPULATION,,0169,9727,275 0169-9727
C074-L17,C074,C074-L16,388,EAST GERMANY,RAILROAD YARDS & SHOPS- SATELLITES,0231,1281,388 0231-1281
C074-L18,C074,C074-L16,216,"LEAD, REFINED",,0231,1866,216 0231-1866
C074-L19,C074,C074-L16,445,SULFURIC ACID,,0231,1866,445 0231-1866
C074-L20,C074,C074-L16,465,TIN,,0231,1868,465 0231-1868
C074-L21,C074,C074-L16,264,OPTICAL EQUIPMENT,,0231,2737,264 0231-2737
C074-L22,C074,C074-L16,275,POPULATION,,0231,9971,275 0231-9971
C074-L24,C074,C074-L23,275,POPULATION,,0231,,275 0231-
C074-L25,C074,C074-L23,216,"LEAD, REFINED",,0231,1869,216 0231-1869
C074-L26,C074,C074-L23,445,SULFURIC ACID,,0231,1869,445 0231-1869
C074-L30,C074,C074-L27,227,"LIQUID FUELS, STORAGE NON-REFINERY",,0328,,227 0328-
C074-L31,C074,C074-L27,135,KAZAKHSTAN-CENTRAL ASIA ECONOMIC REGION,ELECTRIC POWER - OUTSIDE GRIDS,0328,0018,135 0328-0018
C074-L32,C074,C074-L27,230,MACHINE TOOLS,,0328,0081,230 0328-0081
C074-L33,C074,C074-L27,010,AGRICULTURAL EQUIPMENT,,0328,0177,010 0328-0177
C074-L34,C074,C074-L27,208,GOVERNMENT CONTROL CENTERS,,0328,0198,208 0328-0198
C074-L35,C074,C074-L27,275,POPULATION,,0328,9993,275 0328-9993
C074-L37,C074,C074-L36,135,KAZAKHSTAN-CENTRAL ASIA ECONOMIC REGION,ELECTRIC POWER - OUTSIDE GRIDS,0328,0063,135 0328-0063
C074-L38,C074,C074-L36,275,POPULATION,,0328,9885,275 0328-9885
C074-L40,C074,C074-L39,275,POPULATION,,0381,,275 0381-
C074-L41,C074,C074-L39,030,ANTI-FRICTION BEARINGS,,0381,0338,030 0381-0338
C074-L43,C074,C074-L42,246,"MILITARY STORAGE AREAS, ARMY & NAVY",,0169,0476,246 0169-0476
C074-L44,C074,C074-L42,246,"MILITARY STORAGE AREAS, ARMY & NAVY",,0169,0997,246 0169-0997
C074-L45,C074,C074-L42,248,MILITARY TROOP INSTALLATIONS,,0169,1205,248 0169-1205
C074-L46,C074,C074-L42,250,MINING MACHINERY,,0169,1543,250 0169-1543
C074-L47,C074,C074-L42,275,POPULATION,,0169,9920,275 0169-9920
C075-L03,C075,C074-L48,275,POPULATION,,0169,,275 0169-
C075-L04,C075,C074-L48,246,"MILITARY STORAGE AREAS, ARMY & NAVY",,0169,0681,246 0169-0681
C075-L06,C075,C075-L05,405,RUBBER TIRES,,0169,0225,405 0169-0225
C075-L07,C075,C075-L05,246,"MILITARY STORAGE AREAS, ARMY & NAVY",,0169,0998,246 0169-0998
C075-L08,C075,C075-L05,275,POPULATION,,0169,9793,275 0169-9793
C075-L10,C075,C075-L09,275,POPULATION,,0169,,275 0169-
C075-L11,C075,C075-L09,246,"MILITARY STORAGE AREAS, ARMY & NAVY",,0169,0477,246 0169-0477
C075-L14,C075,C075-L12,240,"MILITARY CONTROLS, AIR FORCE",,0281,,240 0281-
C075-L15,C075,C075-L12,248,MILITARY TROOP INSTALLATIONS,,0281,0061,248 0281-0061
C075-L16,C075,C075-L12,275,POPULATION,,0281,9977,275 0281-9977
C075-L18,C075,C075-L17,275,POPULATION,,0290,,275 0290-
C075-L19,C075,C075-L17,194,NORTH KOREA,ELECTRIC POWER - SATELLITES,0290,0214,194 0290-0214
C075-L20,C075,C075-L17,194,NORTH KOREA,ELECTRIC POWER - SATELLITES,0290,0215,194 0290-0215
C075-L21,C075,C075-L17,194,NORTH KOREA,ELECTRIC POWER - SATELLITES,0290,0216,194 0290-0216
C075-L22,C075,C075-L17,194,NORTH KOREA,ELECTRIC POWER - SATELLITES,0290,0217,194 0290-0217
C075-L27,C075,C075-L23,185,CHINA-MAJOR GRIDS,ELECTRIC POWER - SATELLITES,0290,0058,185 0290-0058
C075-L28,C075,C075-L23,062,CAUSTIC SODA,,0290,0127,062 0290-0127
C075-L29,C075,C075-L23,068,CHLORINE,,0290,0127,068 0290-0127
C075-L30,C075,C075-L23,225,"LIQUID FUEL PLANTS, SYNTHETIC",,0290,0127,225 0290-0127
C075-L31,C075,C075-L23,226,"LIQUID FUELS, STORAGE AT REFINERIES",,0290,0127,226 0290-0127
C075-L32,C075,C075-L23,224,"LIQUID FUEL PLANTS, CRUDE",,0290,0129,224 0290-0129
C075-L33,C075,C075-L23,226,"LIQUID FUELS, STORAGE AT REFINERIES",,0290,0129,226 0290-0129
C075-L34,C075,C075-L23,224,"LIQUID FUEL PLANTS, CRUDE",,0290,0130,224 0290-0130
C075-L35,C075,C075-L23,225,"LIQUID FUEL PLANTS, SYNTHETIC",,0290,0130,225 0290-0130
C075-L36,C075,C075-L23,226,"LIQUID FUELS, STORAGE AT REFINERIES",,0290,0130,226 0290-0130
C075-L37,C075,C075-L23,445,SULFURIC ACID,,0290,0130,445 0290-0130
C075-L38,C075,C075-L23,020,ALUMINA,,0290,0133,020 0290-0133
C075-L39,C075,C075-L23,021,ALUMINUM,,0290,0133,021 0290-0133
C075-L40,C075,C075-L23,060,CALCIUM CARBIDE,,0290,0133,060 0290-0133
C075-L41,C075,C075-L23,023,AMMUNITION,,0290,0290,023 0290-0290
C075-L42,C075,C075-L23,384,CHINA,RAILROAD YARDS & SHOPS- SATELLITES,0290,0322,384 0290-0322
C075-L43,C075,C075-L23,270,PIG IRON,,0290,0335,270 0290-0335
C075-L44,C075,C075-L23,430,STEEL,,0290,0335,430 0290-0335
C075-L45,C075,C075-L23,332,CHINA,RAILROAD EQUIP REPAIR PLANTS-SATTELITES,0290,0345,332 0290-0345
C075-L46,C075,C075-L23,332,CHINA,RAILROAD EQUIP REPAIR PLANTS-SATTELITES,0290,0346,332 0290-0346
C075-L47,C075,C075-L23,095,EARTH MOVING EQUIPMENT,,0290,0370,095 0290-0370
C075-L48,C075,C075-L23,250,MINING MACHINERY,,0290,0370,250 0290-0370
C075-L49,C075,C075-L23,262,OIL EXTRACTION EQUIPMENT,,0290,0370,262 0290-0370
C076-L04,C076,C075-L23,208,GOVERNMENT CONTROL CENTERS,,0290,9993,208 0290-9993
C076-L05,C076,C075-L23,275,POPULATION,,0290,9993,275 0290-9993
C076-L08,C076,C076-L06,394,RUMANIA,RAILROAD YARDS & SHOPS- SATELLITES,0250,0126,394 0250-0126
C076-L09,C076,C076-L06,420,SHIP REPAIR,,0250,0137,420 0250-0137
C076-L10,C076,C076-L06,198,RUMANIA,ELECTRIC POWER - SATELLITES,0250,0190,198 0250-0190
C076-L11,C076,C076-L06,394,RUMANIA,RAILROAD YARDS & SHOPS- SATELLITES,0250,0196,394 0250-0196
C076-L12,C076,C076-L06,280,"PORTS, MARITIME",,0250,0204,280 0250-0204
C076-L13,C076,C076-L06,227,"LIQUID FUELS, STORAGE NON-REFINERY",,0250,0242,227 0250-0242
C076-L14,C076,C076-L06,280,"PORTS, MARITIME",,0250,0292,280 0250-0292
C076-L15,C076,C076-L06,337,RUMANIA,RAILROAD EQUIP REPAIR PLANTS-SATTELITES,0250,0314,337 0250-0314
C076-L16,C076,C076-L06,208,GOVERNMENT CONTROL CENTERS,,0250,0327,208 0250-0327
C076-L17,C076,C076-L06,248,MILITARY TROOP INSTALLATIONS,,0250,0345,248 0250-0345
C076-L18,C076,C076-L06,275,POPULATION,,0250,9907,275 0250-9907
C076-L21,C076,C076-L19,280,"PORTS, MARITIME",,0250,0110,280 0250-0110
C076-L22,C076,C076-L19,095,EARTH MOVING EQUIPMENT,,0250,0138,095 0250-0138
C076-L23,C076,C076-L19,262,OIL EXTRACTION EQUIPMENT,,0250,0138,262 0250-0138
C076-L24,C076,C076-L19,227,"LIQUID FUELS, STORAGE NON-REFINERY",,0250,0240,227 0250-0240
C076-L25,C076,C076-L19,415,SHIPBUILDING,,0250,0286,415 0250-0286
C076-L26,C076,C076-L19,198,RUMANIA,ELECTRIC POWER - SATELLITES,0250,0303,198 0250-0303
C076-L27,C076,C076-L19,394,RUMANIA,RAILROAD YARDS & SHOPS- SATELLITES,0250,0319,394 0250-0319
C076-L28,C076,C076-L19,337,RUMANIA,RAILROAD EQUIP REPAIR PLANTS-SATTELITES,0250,0320,337 0250-0320
C076-L29,C076,C076-L19,248,MILITARY TROOP INSTALLATIONS,,0250,0336,248 0250-0336
C076-L30,C076,C076-L19,275,POPULATION,,0250,9903,275 0250-9903
C076-L33,C076,C076-L31,275,POPULATION,,0250,,275 0250-
C076-L34,C076,C076-L31,227,"LIQUID FUELS, STORAGE NON-REFINERY",,0250,0147,227 0250-0147
C076-L35,C076,C076-L31,376,WEST SUB-REGION UKRAINE REGION,RAILROAD YARDS & SHOPS- USSR,0250,0195,376 0250-0195
C076-L36,C076,C076-L31,290,RAILROAD BRIDGES,,0250,0249,290 0250-0249
C076-L39,C076,C076-L37,227,"LIQUID FUELS, STORAGE NON-REFINERY",,0153,,227 0153-
C076-L40,C076,C076-L37,241,"MILITARY HQS, ARMY",,0153,,241 0153-
C076-L41,C076,C076-L37,358,NORTHERN REGION,RAILROAD YARDS & SHOPS- USSR,0153,0615,358 0153-0615
C076-L42,C076,C076-L37,275,POPULATION,,0153,9979,275 0153-9979
C076-L44,C076,C076-L43,445,SULFURIC ACID,,0337,0018,445 0337-0018
C076-L45,C076,C076-L43,275,POPULATION,,0337,9989,275 0337-9989
C077-L07,C077,C076-L46,445,SULFURIC ACID,,0169,0012,445 0169-0012
C077-L08,C077,C076-L46,420,SHIP REPAIR,,0169,0126,420 0169-0126
C077-L09,C077,C076-L46,420,SHIP REPAIR,,0169,0127,420 0169-0127
C077-L10,C077,C076-L46,415,SHIPBUILDING,,0169,0128,415 0169-0128
C077-L11,C077,C076-L46,420,SHIP REPAIR,,0169,0128,420 0169-0128
C077-L12,C077,C076-L46,280,"PORTS, MARITIME",,0169,0316,280 0169-0316
C077-L13,C077,C076-L46,196,POLAND,ELECTRIC POWER - SATELLITES,0169,0330,196 0169-0330
C077-L14,C077,C076-L46,392,POLAND,RAILROAD YARDS & SHOPS- SATELLITES,0169,0395,392 0169-0395
C077-L15,C077,C076-L46,230,MACHINE TOOLS,,0169,0439,230 0169-0439
C077-L16,C077,C076-L46,227,"LIQUID FUELS, STORAGE NON-REFINERY",,0169,0532,227 0169-0532
C077-L17,C077,C076-L46,227,"LIQUID FUELS, STORAGE NON-REFINERY",,0169,0533,227 0169-0533
C077-L18,C077,C076-L46,227,"LIQUID FUELS, STORAGE NON-REFINERY",,0169,0534,227 0169-0534
C077-L19,C077,C076-L46,227,"LIQUID FUELS, STORAGE NON-REFINERY",,0169,0535,227 0169-0535
C077-L20,C077,C076-L46,227,"LIQUID FUELS, STORAGE NON-REFINERY",,0169,0692,227 0169-0692
C077-L21,C077,C076-L46,227,"LIQUID FUELS, STORAGE NON-REFINERY",,0169,0693,227 0169-0693
C077-L22,C077,C076-L46,227,"LIQUID FUELS, STORAGE NON-REFINERY",,0169,0694,227 0169-0694
C077-L23,C077,C076-L46,227,"LIQUID FUELS, STORAGE NON-REFINERY",,0169,0695,227 0169-0695
C077-L24,C077,C076-L46,392,POLAND,RAILROAD YARDS & SHOPS- SATELLITES,0169,0722,392 0169-0722
C077-L25,C077,C076-L46,392,POLAND,RAILROAD YARDS & SHOPS- SATELLITES,0169,0983,392 0169-0983
C077-L26,C077,C076-L46,392,POLAND,RAILROAD YARDS & SHOPS- SATELLITES,0169,0984,392 0169-0984
C077-L27,C077,C076-L46,336,POLAND,RAILROAD EQUIP REPAIR PLANTS-SATTELITES,0169,0985,336 0169-0985
C077-L28,C077,C076-L46,392,POLAND,RAILROAD YARDS & SHOPS- SATELLITES,0169,0986,392 0169-0986
C077-L29,C077,C076-L46,227,"LIQUID FUELS, STORAGE NON-REFINERY",,0169,1002,227 0169-1002
C077-L30,C077,C076-L46,208,GOVERNMENT CONTROL CENTERS,,0169,1140,208 0169-1140
C077-L31,C077,C076-L46,248,MILITARY TROOP INSTALLATIONS,,0169,1227,248 0169-1227
C077-L32,C077,C076-L46,050,"BATTERIES, LEAD ACID",,0169,1530,050 0169-1530
C077-L33,C077,C076-L46,275,POPULATION,,0169,9992,275 0169-9992
C077-L36,C077,C077-L34,240,"MILITARY CONTROLS, AIR FORCE",,0169,,240 0169-
C077-L37,C077,C077-L34,280,"PORTS, MARITIME",,0169,0002,280 0169-0002
C077-L38,C077,C077-L34,227,"LIQUID FUELS, STORAGE NON-REFINERY",,0169,0028,227 0169-0028
C077-L39,C077,C077-L34,242,"MILITARY HQS, NAVY",,0169,0125,242 0169-0125
C077-L40,C077,C077-L34,254,NAVAL OPERATING BASES,,0169,0125,254 0169-0125
C077-L41,C077,C077-L34,420,SHIP REPAIR,,0169,0126,420 0169-0126
C077-L42,C077,C077-L34,227,"LIQUID FUELS, STORAGE NON-REFINERY",,0169,0215,227 0169-0215
C077-L43,C077,C077-L34,227,"LIQUID FUELS, STORAGE NON-REFINERY",,0169,0216,227 0169-0216
C077-L44,C077,C077-L34,227,"LIQUID FUELS, STORAGE NON-REFINERY",,0169,0217,227 0169-0217
C077-L45,C077,C077-L34,196,POLAND,ELECTRIC POWER - SATELLITES,0169,0327,196 0169-0327
C077-L46,C077,C077-L34,196,POLAND,ELECTRIC POWER - SATELLITES,0169,0328,196 0169-0328
C077-L47,C077,C077-L34,392,POLAND,RAILROAD YARDS & SHOPS- SATELLITES,0169,0396,392 0169-0396
C077-L48,C077,C077-L34,392,POLAND,RAILROAD YARDS & SHOPS- SATELLITES,0169,0982,392 0169-0982
C077-L49,C077,C077-L34,275,POPULATION,,0169,9992,275 0169-9992
C077-L55,C077,C077-L50,388,EAST GERMANY,RAILROAD YARDS & SHOPS- SATELLITES,0231,0805,388 0231-0805
C078-L04,C078,C077-L50,190,EAST GERMANY,ELECTRIC POWER - SATELLITES,0231,1234,190 0231-1234
C078-L05,C078,C077-L50,230,MACHINE TOOLS,,0231,1298,230 0231-1298
C078-L06,C078,C077-L50,055,"BOILERS, HIGH PRESSURE",,0231,1973,055 0231-1973
C078-L07,C078,C077-L50,235,METAL FORMING EQUIPMENT,,0231,2970,235 0231-2970
C078-L08,C078,C077-L50,208,GOVERNMENT CONTROL CENTERS,,0231,3167,208 0231-3167
C078-L09,C078,C077-L50,248,MILITARY TROOP INSTALLATIONS,,0231,3225,248 0231-3225
C078-L10,C078,C077-L50,275,POPULATION,,0231,9988,275 0231-9988
C078-L13,C078,C078-L11,275,POPULATION,,0231,,275 0231-
C078-L14,C078,C078-L11,445,SULFURIC ACID,,0231,1397,445 0231-1397
C078-L17,C078,C078-L15,275,POPULATION,,0231,,275 0231-
C078-L18,C078,C078-L15,190,EAST GERMANY,ELECTRIC POWER - SATELLITES,0231,0537,190 0231-0537
C078-L21,C078,C078-L19,275,POPULATION,,0231,,275 0231-
C078-L22,C078,C078-L19,064,CHEMICAL EQUIPMENT,,0231,2679,064 0231-2679
C078-L25,C078,C078-L23,275,POPULATION,,0231,,275 0231-
C078-L26,C078,C078-L23,227,"LIQUID FUELS, STORAGE NON-REFINERY",,0231,0615,227 0231-0615
C078-L29,C078,C078-L27,275,POPULATION,,0231,,275 0231-
C078-L30,C078,C078-L27,430,STEEL,,0231,1754,430 0231-1754
C078-L33,C078,C078-L31,224,"LIQUID FUEL PLANTS, CRUDE",,0231,,224 0231-
C078-L34,C078,C078-L31,225,"LIQUID FUEL PLANTS, SYNTHETIC",,0231,0005,225 0231-0005
C078-L35,C078,C078-L31,226,"LIQUID FUELS, STORAGE AT REFINERIES",,0231,0005,226 0231-0005
C078-L36,C078,C078-L31,190,EAST GERMANY,ELECTRIC POWER - SATELLITES,0231,1358,190 0231-1358
C078-L37,C078,C078-L31,250,MINING MACHINERY,,0231,1800,250 0231-1800
C078-L38,C078,C078-L31,050,"BATTERIES, LEAD ACID",,0231,1854,050 0231-1854
C078-L39,C078,C078-L31,388,EAST GERMANY,RAILROAD YARDS & SHOPS- SATELLITES,0231,3102,388 0231-3102
C078-L40,C078,C078-L31,248,MILITARY TROOP INSTALLATIONS,,0231,3483,248 0231-3483
C078-L41,C078,C078-L31,275,POPULATION,,0231,9761,275 0231-9761
C078-L44,C078,C078-L42,227,"LIQUID FUELS, STORAGE NON-REFINERY",,0322,0188,227 0322-0188
C078-L45,C078,C078-L42,227,"LIQUID FUELS, STORAGE NON-REFINERY",,0322,0189,227 0322-0189
C078-L46,C078,C078-L42,394,RUMANIA,RAILROAD YARDS & SHOPS- SATELLITES,0322,0190,394 0322-0190
C078-L47,C078,C078-L42,227,"LIQUID FUELS, STORAGE NON-REFINERY",,0322,0191,227 0322-0191
C078-L48,C078,C078-L42,227,"LIQUID FUELS, STORAGE NON-REFINERY",,0322,0193,227 0322-0193
C078-L49,C078,C078-L42,281,"PORTS, INLAND",,0322,0194,281 0322-0194
C078-L50,C078,C078-L42,281,"PORTS, INLAND",,0322,0197,281 0322-0197
C078-L51,C078,C078-L42,281,"PORTS, INLAND",,0322,0201,281 0322-0201
C078-L52,C078,C078-L42,227,"LIQUID FUELS, STORAGE NON-REFINERY",,0322,0208,227 0322-0208
C078-L53,C078,C078-L42,281,"PORTS, INLAND",,0322,0209,281 0322-0209
C078-L54,C078,C078-L42,056,"BRIDGES, HWY",,0322,0521,056 0322-0521
C079-L04,C079,C078-L42,290,RAILROAD BRIDGES,,0322,0521,290 0322-0521
C079-L05,C079,C078-L42,275,POPULATION,,0322,9997,275 0322-9997
C079-L08,C079,C079-L06,281,"PORTS, INLAND",,0322,0100,281 0322-0100
C079-L09,C079,C079-L06,382,BULGARIA,RAILROAD YARDS & SHOPS- SATELLITES,0322,0102,382 0322-0102
C079-L10,C079,C079-L06,282,PROPELLANTS,,0322,0224,282 0322-0224
C079-L11,C079,C079-L06,204,FERRO-ALLOYS,,0322,0366,204 0322-0366
C079-L12,C079,C079-L06,227,"LIQUID FUELS, STORAGE NON-REFINERY",,0322,0380,227 0322-0380
C079-L13,C079,C079-L06,010,AGRICULTURAL EQUIPMENT,,0322,0404,010 0322-0404
C079-L14,C079,C079-L06,243,MILITARY SCHOOLS,,0322,0489,243 0322-0489
C079-L15,C079,C079-L06,275,POPULATION,,0322,9954,275 0322-9954
C079-L17,C079,C079-L16,248,MILITARY TROOP INSTALLATIONS,,0168,0427,248 0168-0427
C079-L18,C079,C079-L16,275,POPULATION,,0168,9881,275 0168-9881
C079-L20,C079,C079-L19,196,POLAND,ELECTRIC POWER - SATELLITES,0232,0391,196 0232-0391
C079-L21,C079,C079-L19,275,POPULATION,,0232,9860,275 0232-9860
C079-L23,C079,C079-L22,196,POLAND,ELECTRIC POWER - SATELLITES,0232,1042,196 0232-1042
C079-L24,C079,C079-L22,275,POPULATION,,0232,9525,275 0232-9525
C079-L27,C079,C079-L25,040,A/E INDUSTRY,,0155,0016,040 0155-0016
C079-L28,C079,C079-L25,160,URALS REGION,ELECTRIC POWER - OUTSIDE GRIDS,0155,0069,160 0155-0069
C079-L29,C079,C079-L25,275,POPULATION,,0155,9987,275 0155-9987
C079-L33,C079,C079-L31,196,POLAND,ELECTRIC POWER - SATELLITES,0232,0381,196 0232-0381
C079-L34,C079,C079-L31,200,ELECTRIC WIRE & CABLE,,0232,0800,200 0232-0800
C079-L35,C079,C079-L31,275,POPULATION,,0232,9744,275 0232-9744
C079-L42,C079,C079-L36,075,COKE CHEMICALS,,0232,0051,075 0232-0051
C079-L43,C079,C079-L36,430,STEEL,,0232,0051,430 0232-0051
C079-L44,C079,C079-L36,196,POLAND,ELECTRIC POWER - SATELLITES,0232,0386,196 0232-0386
C079-L45,C079,C079-L36,196,POLAND,ELECTRIC POWER - SATELLITES,0232,0605,196 0232-0605
C079-L46,C079,C079-L36,050,"BATTERIES, LEAD ACID",,0232,0801,050 0232-0801
C079-L47,C079,C079-L36,392,POLAND,RAILROAD YARDS & SHOPS- SATELLITES,0232,0844,392 0232-0844
C079-L48,C079,C079-L36,200,ELECTRIC WIRE & CABLE,,0232,0938,200 0232-0938
C080-L04,C080,C079-L36,248,MILITARY TROOP INSTALLATIONS,,0232,1283,248 0232-1283
C080-L05,C080,C079-L36,246,"MILITARY STORAGE AREAS, ARMY & NAVY",,0232,1306,246 0232-1306 || 275 0232-9968
C080-L05,C080,C079-L36,275,POPULATION,,0232,9968,246 0232-1306 || 275 0232-9968
C080-L07,C080,C080-L06,060,CALCIUM CARBIDE,,0232,0311,060 0232-0311
C080-L08,C080,C080-L06,075,COKE CHEMICALS,,0232,0324,075 0232-0324
C080-L09,C080,C080-L06,204,FERRO-ALLOYS,,0232,0324,204 0232-0324
C080-L10,C080,C080-L06,270,PIG IRON,,0232,0324,270 0232-0324
C080-L11,C080,C080-L06,430,STEEL,,0232,0324,430 0232-0324
C080-L12,C080,C080-L06,275,POPULATION,,0232,9877,275 0232-9877
C080-L15,C080,C080-L13,216,"LEAD, REFINED",,0232,0814,216 0232-0814
C080-L16,C080,C080-L13,445,SULFURIC ACID,,0232,1047,445 0232-1047
C080-L17,C080,C080-L13,275,POPULATION,,0232,9656,275 0232-9656
C080-L19,C080,C080-L18,392,POLAND,RAILROAD YARDS & SHOPS- SATELLITES,0232,0822,392 0232-0822
C080-L20,C080,C080-L18,275,POPULATION,,0232,9572,275 0232-9572
C080-L26,C080,C080-L21,075,COKE CHEMICALS,,0232,0032,075 0232-0032
C080-L27,C080,C080-L21,270,PIG IRON,,0232,0032,270 0232-0032
C080-L28,C080,C080-L21,430,STEEL,,0232,0032,430 0232-0032
C080-L29,C080,C080-L21,022,"AMMONIA, SYNTHETIC",,0232,0222,022 0232-0222
C080-L30,C080,C080-L21,060,CALCIUM CARBIDE,,0232,0222,060 0232-0222
C080-L31,C080,C080-L21,196,POLAND,ELECTRIC POWER - SATELLITES,0232,0380,196 0232-0380
C080-L32,C080,C080-L21,430,STEEL,,0232,0522,430 0232-0522
C080-L33,C080,C080-L21,196,POLAND,ELECTRIC POWER - SATELLITES,0232,0607,196 0232-0607
C080-L34,C080,C080-L21,392,POLAND,RAILROAD YARDS & SHOPS- SATELLITES,0232,0827,392 0232-0827
C080-L35,C080,C080-L21,292,RAILROAD FREIGHT CARS,,0232,0850,292 0232-0850
C080-L36,C080,C080-L21,196,POLAND,ELECTRIC POWER - SATELLITES,0232,1220,196 0232-1220
C080-L37,C080,C080-L21,248,MILITARY TROOP INSTALLATIONS,,0232,1279,248 0232-1279
C080-L38,C080,C080-L21,275,POPULATION,,0232,9967,275 0232-9967
C080-L40,C080,C080-L39,196,POLAND,ELECTRIC POWER - SATELLITES,0232,0377,196 0232-0377
C080-L41,C080,C080-L39,275,POPULATION,,0232,9651,275 0232-9651
C080-L44,C080,C080-L42,275,POPULATION,,0232,,275 0232-
C080-L45,C080,C080-L42,270,PIG IRON,,0232,0061,270 0232-0061
C080-L46,C080,C080-L42,430,STEEL,,0232,0061,430 0232-0061
C080-L47,C080,C080-L42,230,MACHINE TOOLS,,0232,0086,230 0232-0086
C080-L48,C080,C080-L42,196,POLAND,ELECTRIC POWER - SATELLITES,0232,1223,196 0232-1223
C080-L51,C080,C080-L49,075,COKE CHEMICALS,,0232,0652,075 0232-0652
C080-L52,C080,C080-L49,445,SULFURIC ACID,,0232,0960,445 0232-0960
C080-L53,C080,C080-L49,196,POLAND,ELECTRIC POWER - SATELLITES,0232,1218,196 0232-1218
C080-L54,C080,C080-L49,275,POPULATION,,0232,9650,275 0232-9650
C081-L05,C081,C080-L55,430,STEEL,,0232,0089,430 0232-0089
C081-L06,C081,C080-L55,075,COKE CHEMICALS,,0232,0090,075 0232-0090
C081-L07,C081,C080-L55,445,SULFURIC ACID,,0232,0312,445 0232-0312
C081-L08,C081,C080-L55,281,"PORTS, INLAND",,0232,0793,281 0232-0793
C081-L09,C081,C080-L55,336,POLAND,RAILROAD EQUIP REPAIR PLANTS-SATTELITES,0232,0818,336 0232-0818
C081-L10,C081,C080-L55,336,POLAND,RAILROAD EQUIP REPAIR PLANTS-SATTELITES,0232,0819,336 0232-0819
C081-L11,C081,C080-L55,392,POLAND,RAILROAD YARDS & SHOPS- SATELLITES,0232,0823,392 0232-0823
C081-L12,C081,C080-L55,392,POLAND,RAILROAD YARDS & SHOPS- SATELLITES,0232,0824,392 0232-0824
C081-L13,C081,C080-L55,228,LOCKS & DAMS,,0232,1183,228 0232-1183
C081-L14,C081,C080-L55,248,MILITARY TROOP INSTALLATIONS,,0232,1278,248 0232-1278
C081-L15,C081,C080-L55,064,CHEMICAL EQUIPMENT,,0232,1530,064 0232-1530
C081-L16,C081,C080-L55,245,"MILITARY STORAGE AREAS, AIR FORCE",,0232,1542,245 0232-1542
C081-L17,C081,C080-L55,275,POPULATION,,0232,9965,275 0232-9965
C081-L19,C081,C081-L18,196,POLAND,ELECTRIC POWER - SATELLITES,0232,0376,196 0232-0376
C081-L20,C081,C081-L18,196,POLAND,ELECTRIC POWER - SATELLITES,0232,0390,196 0232-0390
C081-L21,C081,C081-L18,275,POPULATION,,0232,9642,275 0232-9642
C081-L24,C081,C081-L22,392,POLAND,RAILROAD YARDS & SHOPS- SATELLITES,0232,0828,392 0232-0828
C081-L25,C081,C081-L22,275,POPULATION,,0232,9638,275 0232-9638
C081-L32,C081,C081-L26,075,COKE CHEMICALS,,0232,0091,075 0232-0091
C081-L33,C081,C081-L26,075,COKE CHEMICALS,,0232,0092,075 0232-0092
C081-L34,C081,C081-L26,075,COKE CHEMICALS,,0232,0094,075 0232-0094
C081-L35,C081,C081-L26,196,POLAND,ELECTRIC POWER - SATELLITES,0232,0409,196 0232-0409
C081-L36,C081,C081-L26,250,MINING MACHINERY,,0232,0785,250 0232-0785
C081-L37,C081,C081-L26,392,POLAND,RAILROAD YARDS & SHOPS- SATELLITES,0232,0836,392 0232-0836
C081-L38,C081,C081-L26,275,POPULATION,,0232,9956,275 0232-9956
C081-L42,C081,C081-L39,062,CAUSTIC SODA,,0232,0298,062 0232-0298
C081-L43,C081,C081-L39,068,CHLORINE,,0232,0298,068 0232-0298
C081-L44,C081,C081-L39,196,POLAND,ELECTRIC POWER - SATELLITES,0232,0373,196 0232-0373
C081-L45,C081,C081-L39,196,POLAND,ELECTRIC POWER - SATELLITES,0232,1045,196 0232-1045
C081-L46,C081,C081-L39,275,POPULATION,,0232,9862,275 0232-9862
C081-L48,C081,C081-L47,057,CADMIUM,,0232,0813,057 0232-0813
C081-L49,C081,C081-L47,490,ZINC,,0232,0813,490 0232-0813
C081-L50,C081,C081-L47,275,POPULATION,,0232,9632,275 0232-9632
C081-L54,C081,C081-L51,430,STEEL,,0232,0095,430 0232-0095
C081-L55,C081,C081-L51,090,CUTTING TOOLS,,0232,0096,090 0232-0096
C081-L56,C081,C081-L51,430,STEEL,,0232,0096,430 0232-0096
C082-L04,C082,C081-L51,196,POLAND,ELECTRIC POWER - SATELLITES,0232,0370,196 0232-0370
C082-L05,C082,C081-L51,196,POLAND,ELECTRIC POWER - SATELLITES,0232,0371,196 0232-0371
C082-L06,C082,C081-L51,250,MINING MACHINERY,,0232,0788,250 0232-0788
C082-L07,C082,C081-L51,050,"BATTERIES, LEAD ACID",,0232,0802,050 0232-0802
C082-L08,C082,C081-L51,057,CADMIUM,,0232,0812,057 0232-0812
C082-L09,C082,C081-L51,445,SULFURIC ACID,,0232,0812,445 0232-0812
C082-L10,C082,C081-L51,490,ZINC,,0232,0812,490 0232-0812
C082-L11,C082,C081-L51,392,POLAND,RAILROAD YARDS & SHOPS- SATELLITES,0232,0820,392 0232-0820
C082-L12,C082,C081-L51,392,POLAND,RAILROAD YARDS & SHOPS- SATELLITES,0232,0821,392 0232-0821
C082-L13,C082,C081-L51,055,"BOILERS, HIGH PRESSURE",,0232,1023,055 0232-1023
C082-L14,C082,C081-L51,208,GOVERNMENT CONTROL CENTERS,,0232,1167,208 0232-1167
C082-L15,C082,C081-L51,248,MILITARY TROOP INSTALLATIONS,,0232,1287,248 0232-1287
C082-L16,C082,C081-L51,275,POPULATION,,0232,9964,275 0232-9964
C082-L18,C082,C082-L17,196,POLAND,ELECTRIC POWER - SATELLITES,0232,0369,196 0232-0369
C082-L19,C082,C082-L17,275,POPULATION,,0232,9631,275 0232-9631
C082-L21,C082,C082-L20,275,POPULATION,,0232,,275 0232-
C082-L22,C082,C082-L20,196,POLAND,ELECTRIC POWER - SATELLITES,0232,0401,196 0232-0401
C082-L24,C082,C082-L23,075,COKE CHEMICALS,,0232,0520,075 0232-0520
C082-L25,C082,C082-L23,275,POPULATION,,0232,9630,275 0232-9630
C082-L28,C082,C082-L26,430,STEEL,,0232,0521,430 0232-0521
C082-L29,C082,C082-L26,450,TANKS & S. P. GUNS,,0232,0521,450 0232-0521
C082-L30,C082,C082-L26,275,POPULATION,,0232,9626,275 0232-9626
C082-L35,C082,C082-L31,196,POLAND,ELECTRIC POWER - SATELLITES,0232,0368,196 0232-0368
C082-L36,C082,C082-L31,060,CALCIUM CARBIDE,,0232,0815,060 0232-0815
C082-L37,C082,C082-L31,204,FERRO-ALLOYS,,0232,0815,204 0232-0815
C082-L38,C082,C082-L31,275,POPULATION,,0232,9743,275 0232-9743
C082-L42,C082,C082-L39,057,CADMIUM,,0232,0811,057 0232-0811
C082-L43,C082,C082-L39,445,SULFURIC ACID,,0232,0811,445 0232-0811
C082-L44,C082,C082-L39,490,ZINC,,0232,0811,490 0232-0811
C082-L45,C082,C082-L39,275,POPULATION,,0232,9624,275 0232-9624
C082-L48,C082,C082-L46,196,POLAND,ELECTRIC POWER - SATELLITES,0232,0374,196 0232-0374
C082-L49,C082,C082-L46,196,POLAND,ELECTRIC POWER - SATELLITES,0232,0384,196 0232-0384
C082-L50,C082,C082-L46,392,POLAND,RAILROAD YARDS & SHOPS- SATELLITES,0232,0840,392 0232-0840
C082-L51,C082,C082-L46,196,POLAND,ELECTRIC POWER - SATELLITES,0232,1041,196 0232-1041
C082-L52,C082,C082-L46,275,POPULATION,,0232,9620,275 0232-9620
C082-L54,C082,C082-L53,250,MINING MACHINERY,,0232,0787,250 0232-0787
C082-L55,C082,C082-L53,275,POPULATION,,0232,9618,275 0232-9618
C083-L06,C083,C082-L56,075,COKE CHEMICALS,,0232,0057,075 0232-0057
C083-L07,C083,C082-L56,196,POLAND,ELECTRIC POWER - SATELLITES,0232,0057,196 0232-0057
C083-L08,C083,C082-L56,204,FERRO-ALLOYS,,0232,0057,204 0232-0057
C083-L09,C083,C082-L56,270,PIG IRON,,0232,0057,270 0232-0057
C083-L10,C083,C082-L56,430,STEEL,,0232,0057,430 0232-0057
C083-L11,C083,C082-L56,075,COKE CHEMICALS,,0232,0651,075 0232-0651
C083-L12,C083,C082-L56,392,POLAND,RAILROAD YARDS & SHOPS- SATELLITES,0232,0833,392 0232-0833
C083-L13,C083,C082-L56,392,POLAND,RAILROAD YARDS & SHOPS- SATELLITES,0232,0834,392 0232-0834
C083-L14,C083,C082-L56,275,POPULATION,,0232,9758,275 0232-9758
C083-L16,C083,C083-L15,075,COKE CHEMICALS,,0232,0647,075 0232-0647
C083-L17,C083,C083-L15,075,COKE CHEMICALS,,0232,0654,075 0232-0654
C083-L18,C083,C083-L15,275,POPULATION,,0232,9613,275 0232-9613
C083-L21,C083,C083-L19,392,POLAND,RAILROAD YARDS & SHOPS- SATELLITES,0232,0563,392 0232-0563
C083-L22,C083,C083-L19,275,POPULATION,,0232,9610,275 0232-9610
C083-L24,C083,C083-L23,250,MINING MACHINERY,,0232,0784,250 0232-0784
C083-L25,C083,C083-L23,336,POLAND,RAILROAD EQUIP REPAIR PLANTS-SATTELITES,0232,0825,336 0232-0825
C083-L26,C083,C083-L23,275,POPULATION,,0232,9608,275 0232-9608
C083-L28,C083,C083-L27,230,MACHINE TOOLS,,0232,0546,230 0232-0546
C083-L29,C083,C083-L27,275,POPULATION,,0232,9606,275 0232-9606
C083-L32,C083,C083-L30,057,CADMIUM,,0232,0808,057 0232-0808
C083-L33,C083,C083-L30,216,"LEAD, REFINED",,0232,0808,216 0232-0808
C083-L34,C083,C083-L30,445,SULFURIC ACID,,0232,0808,445 0232-0808
C083-L35,C083,C083-L30,490,ZINC,,0232,0808,490 0232-0808
C083-L36,C083,C083-L30,057,CADMIUM,,0232,0809,057 0232-0809
C083-L37,C083,C083-L30,445,SULFURIC ACID,,0232,0809,445 0232-0809
C083-L38,C083,C083-L30,490,ZINC,,0232,0809,490 0232-0809
C083-L39,C083,C083-L30,275,POPULATION,,0232,9557,275 0232-9557
C083-L41,C083,C083-L40,196,POLAND,ELECTRIC POWER - SATELLITES,0232,0387,196 0232-0387
C083-L42,C083,C083-L40,275,POPULATION,,0232,9602,275 0232-9602
C083-L45,C083,C083-L43,430,STEEL,,0232,0100,430 0232-0100
C083-L46,C083,C083-L43,196,POLAND,ELECTRIC POWER - SATELLITES,0232,0382,196 0232-0382
C083-L47,C083,C083-L43,196,POLAND,ELECTRIC POWER - SATELLITES,0232,0383,196 0232-0383
C083-L48,C083,C083-L43,445,SULFURIC ACID,,0232,1048,445 0232-1048
C083-L49,C083,C083-L43,275,POPULATION,,0232,9830,275 0232-9830
C083-L51,C083,C083-L50,275,POPULATION,,0232,,275 0232-
C083-L52,C083,C083-L50,196,POLAND,ELECTRIC POWER - SATELLITES,0232,0363,196 0232-0363
C083-L55,C083,C083-L53,270,PIG IRON,,0232,0103,270 0232-0103
C083-L56,C083,C083-L53,055,"BOILERS, HIGH PRESSURE",,0232,0817,055 0232-0817
C084-L04,C084,C083-L53,294,RAILROAD LOCOMOTIVES,,0232,0817,294 0232-0817
C084-L05,C084,C083-L53,392,POLAND,RAILROAD YARDS & SHOPS- SATELLITES,0232,0846,392 0232-0846
C084-L06,C084,C083-L53,275,POPULATION,,0232,9959,275 0232-9959
C084-L09,C084,C084-L07,216,"LEAD, REFINED",,0232,0807,216 0232-0807
C084-L10,C084,C084-L07,275,POPULATION,,0232,9595,275 0232-9595
C084-L12,C084,C084-L11,075,COKE CHEMICALS,,0232,0059,075 0232-0059
C084-L13,C084,C084-L11,270,PIG IRON,,0232,0059,270 0232-0059
C084-L14,C084,C084-L11,430,STEEL,,0232,0059,430 0232-0059
C084-L15,C084,C084-L11,196,POLAND,ELECTRIC POWER - SATELLITES,0232,0400,196 0232-0400
C084-L16,C084,C084-L11,055,"BOILERS, HIGH PRESSURE",,0232,0783,055 0232-0783
C084-L17,C084,C084-L11,235,METAL FORMING EQUIPMENT,,0232,0783,235 0232-0783
C084-L18,C084,C084-L11,250,MINING MACHINERY,,0232,0783,250 0232-0783
C084-L19,C084,C084-L11,430,STEEL,,0232,0783,430 0232-0783
C084-L20,C084,C084-L11,275,POPULATION,,0232,9594,275 0232-9594
C084-L23,C084,C084-L21,392,POLAND,RAILROAD YARDS & SHOPS- SATELLITES,0232,0839,392 0232-0839
C084-L24,C084,C084-L21,275,POPULATION,,0232,9593,275 0232-9593
C084-L27,C084,C084-L25,057,CADMIUM,,0232,0121,057 0232-0121
C084-L28,C084,C084-L25,445,SULFURIC ACID,,0232,0121,445 0232-0121
C084-L29,C084,C084-L25,490,ZINC,,0232,0121,490 0232-0121
C084-L30,C084,C084-L25,392,POLAND,RAILROAD YARDS & SHOPS- SATELLITES,0232,0829,392 0232-0829
C084-L31,C084,C084-L25,275,POPULATION,,0232,9592,275 0232-9592
C084-L34,C084,C084-L32,392,POLAND,RAILROAD YARDS & SHOPS- SATELLITES,0232,0847,392 0232-0847
C084-L35,C084,C084-L32,336,POLAND,RAILROAD EQUIP REPAIR PLANTS-SATTELITES,0232,1095,336 0232-1095
C084-L36,C084,C084-L32,064,CHEMICAL EQUIPMENT,,0232,1531,064 0232-1531
C084-L37,C084,C084-L32,275,POPULATION,,0232,9823,275 0232-9823
C084-L41,C084,C084-L38,224,"LIQUID FUEL PLANTS, CRUDE",,0232,0011,224 0232-0011
C084-L42,C084,C084-L38,226,"LIQUID FUELS, STORAGE AT REFINERIES",,0232,0011,226 0232-0011
C084-L43,C084,C084-L38,445,SULFURIC ACID,,0232,0806,445 0232-0806
C084-L44,C084,C084-L38,275,POPULATION,,0232,9856,275 0232-9856
C084-L46,C084,C084-L45,275,POPULATION,,0232,,275 0232-
C084-L47,C084,C084-L45,057,CADMIUM,,0232,0805,057 0232-0805
C084-L48,C084,C084-L45,490,ZINC,,0232,0805,490 0232-0805
C084-L51,C084,C084-L49,275,POPULATION,,0232,,275 0232-
C084-L52,C084,C084-L49,392,POLAND,RAILROAD YARDS & SHOPS- SATELLITES,0232,1112,392 0232-1112
C084-L54,C084,C084-L53,062,CAUSTIC SODA,,0232,0752,062 0232-0752
C084-L55,C084,C084-L53,068,CHLORINE,,0232,0752,068 0232-0752
C084-L56,C084,C084-L53,275,POPULATION,,0232,9588,275 0232-9588
C085-L06,C085,C085-L04,270,PIG IRON,,0232,0108,270 0232-0108
C085-L07,C085,C085-L04,430,STEEL,,0232,0108,430 0232-0108
C085-L08,C085,C085-L04,275,POPULATION,,0232,9586,275 0232-9586
C085-L10,C085,C085-L09,290,RAILROAD BRIDGES,,0232,0680,290 0232-0680
C085-L11,C085,C085-L09,392,POLAND,RAILROAD YARDS & SHOPS- SATELLITES,0232,1172,392 0232-1172
C085-L12,C085,C085-L09,248,MILITARY TROOP INSTALLATIONS,,0232,1534,248 0232-1534
C085-L13,C085,C085-L09,275,POPULATION,,0232,9868,275 0232-9868
C085-L15,C085,C085-L14,392,POLAND,RAILROAD YARDS & SHOPS- SATELLITES,0169,1063,392 0169-1063
C085-L16,C085,C085-L14,275,POPULATION,,0169,9736,275 0169-9736
C085-L18,C085,C085-L17,246,"MILITARY STORAGE AREAS, ARMY & NAVY",,0282,0072,246 0282-0072
C085-L19,C085,C085-L17,275,POPULATION,,0282,9990,275 0282-9990
C085-L23,C085,C085-L20,227,"LIQUID FUELS, STORAGE NON-REFINERY",,0167,,227 0167-
C085-L24,C085,C085-L20,227,"LIQUID FUELS, STORAGE NON-REFINERY",,0167,,227 0167-
C085-L25,C085,C085-L20,010,AGRICULTURAL EQUIPMENT,,0167,0086,010 0167-0086
C085-L26,C085,C085-L20,322,WESTERN REGION,RAILROAD EQUIPMENT REPAIR PLANTS-USSR,0167,0091,322 0167-0091
C085-L27,C085,C085-L20,370,WESTERN REGION,RAILROAD YARDS & SHOPS- USSR,0167,0140,370 0167-0140
C085-L28,C085,C085-L20,370,WESTERN REGION,RAILROAD YARDS & SHOPS- USSR,0167,0141,370 0167-0141
C085-L29,C085,C085-L20,370,WESTERN REGION,RAILROAD YARDS & SHOPS- USSR,0167,0142,370 0167-0142
C085-L30,C085,C085-L20,200,ELECTRIC WIRE & CABLE,,0167,0246,200 0167-0246
C085-L31,C085,C085-L20,370,WESTERN REGION,RAILROAD YARDS & SHOPS- USSR,0167,0365,370 0167-0365
C085-L32,C085,C085-L20,230,MACHINE TOOLS,,0167,0393,230 0167-0393
C085-L33,C085,C085-L20,170,WEST ECONOMIC REGION,ELECTRIC POWER - OUTSIDE GRIDS,0167,0416,170 0167-0416
C085-L34,C085,C085-L20,227,"LIQUID FUELS, STORAGE NON-REFINERY",,0167,0828,227 0167-0828
C085-L35,C085,C085-L20,281,"PORTS, INLAND",,0167,0919,281 0167-0919
C085-L36,C085,C085-L20,208,GOVERNMENT CONTROL CENTERS,,0167,0974,208 0167-0974
C085-L37,C085,C085-L20,248,MILITARY TROOP INSTALLATIONS,,0167,0981,248 0167-0981
C085-L38,C085,C085-L20,275,POPULATION,,0167,9999,275 0167-9999
C085-L40,C085,C085-L39,362,SOUTHERN SUB-REGION CENTRAL IND REG,RAILROAD YARDS & SHOPS- USSR,0167,1016,362 0167-1016
C085-L41,C085,C085-L39,275,POPULATION,,0167,9718,275 0167-9718
C085-L44,C085,C085-L42,227,"LIQUID FUELS, STORAGE NON-REFINERY",,0167,,227 0167-
C085-L45,C085,C085-L42,275,POPULATION,,0167,9911,275 0167-9911
C086-L04,C086,C085-L46,227,"LIQUID FUELS, STORAGE NON-REFINERY",,0167,,227 0167-
C086-L05,C086,C085-L46,227,"LIQUID FUELS, STORAGE NON-REFINERY",,0167,,227 0167-
C086-L06,C086,C085-L46,275,POPULATION,,0167,9731,275 0167-9731
C086-L08,C086,C086-L07,362,SOUTHERN SUB-REGION CENTRAL IND REG,RAILROAD YARDS & SHOPS- USSR,0167,1015,362 0167-1015
C086-L09,C086,C086-L07,275,POPULATION,,0167,9546,275 0167-9546
C086-L11,C086,C086-L10,227,"LIQUID FUELS, STORAGE NON-REFINERY",,0325,,227 0325-
C086-L12,C086,C086-L10,275,POPULATION,,0325,9916,275 0325-9916
C086-L17,C086,C086-L13,227,"LIQUID FUELS, STORAGE NON-REFINERY",,0154,,227 0154-
C086-L18,C086,C086-L13,227,"LIQUID FUELS, STORAGE NON-REFINERY",,0154,,227 0154-
C086-L19,C086,C086-L13,227,"LIQUID FUELS, STORAGE NON-REFINERY",,0154,,227 0154-
C086-L20,C086,C086-L13,227,"LIQUID FUELS, STORAGE NON-REFINERY",,0154,,227 0154-
C086-L21,C086,C086-L13,240,"MILITARY CONTROLS, AIR FORCE",,0154,,240 0154-
C086-L22,C086,C086-L13,241,"MILITARY HQS, ARMY",,0154,,241 0154-
C086-L23,C086,C086-L13,243,MILITARY SCHOOLS,,0154,,243 0154-
C086-L24,C086,C086-L13,252,MOTOR VEHICLES,,0154,0006,252 0154-0006
C086-L25,C086,C086-L13,450,TANKS & S. P. GUNS,,0154,0006,450 0154-0006
C086-L26,C086,C086-L13,285,RADIO & TELEVISION,,0154,0019,285 0154-0019
C086-L27,C086,C086-L13,016,AIRFRAMES,,0154,0021,016 0154-0021
C086-L28,C086,C086-L13,230,MACHINE TOOLS,,0154,0023,230 0154-0023
C086-L29,C086,C086-L13,290,RAILROAD BRIDGES,,0154,0030,290 0154-0030
C086-L30,C086,C086-L13,095,EARTH MOVING EQUIPMENT,,0154,0051,095 0154-0051
C086-L31,C086,C086-L13,294,RAILROAD LOCOMOTIVES,,0154,0051,294 0154-0051
C086-L32,C086,C086-L13,415,SHIPBUILDING,,0154,0051,415 0154-0051
C086-L33,C086,C086-L13,430,STEEL,,0154,0051,430 0154-0051
C086-L34,C086,C086-L13,440,SUBMARINE DIESEL ENGINES,,0154,0051,440 0154-0051
C086-L35,C086,C086-L13,450,TANKS & S. P. GUNS,,0154,0051,450 0154-0051
C086-L36,C086,C086-L13,470,TORPEDOES,,0154,0051,470 0154-0051
C086-L37,C086,C086-L13,212,"GUNS, MAJOR CALIBER",,0154,0054,212 0154-0054
C086-L38,C086,C086-L13,430,STEEL,,0154,0054,430 0154-0054
C086-L39,C086,C086-L13,360,NORTHEAST SUB-REGION CENTRAL IND REG,RAILROAD YARDS & SHOPS- USSR,0154,0071,360 0154-0071
C086-L40,C086,C086-L13,360,NORTHEAST SUB-REGION CENTRAL IND REG,RAILROAD YARDS & SHOPS- USSR,0154,0072,360 0154-0072
C086-L41,C086,C086-L13,440,SUBMARINE DIESEL ENGINES,,0154,0073,440 0154-0073
C086-L42,C086,C086-L13,420,SHIP REPAIR,,0154,0075,420 0154-0075
C086-L43,C086,C086-L13,224,"LIQUID FUEL PLANTS, CRUDE",,0154,0088,224 0154-0088
C086-L44,C086,C086-L13,226,"LIQUID FUELS, STORAGE AT REFINERIES",,0154,0088,226 0154-0088
C086-L45,C086,C086-L13,224,"LIQUID FUEL PLANTS, CRUDE",,0154,0089,224 0154-0089
C086-L46,C086,C086-L13,226,"LIQUID FUELS, STORAGE AT REFINERIES",,0154,0089,226 0154-0089
C086-L47,C086,C086-L13,112,MOSCOW-GORKIY,ELECTRIC POWER - MAJOR GRIDS,0154,0102,112 0154-0102
C086-L48,C086,C086-L13,410,SEA MINES,,0154,0134,410 0154-0134
C086-L49,C086,C086-L13,246,"MILITARY STORAGE AREAS, ARMY & NAVY",,0154,0263,246 0154-0263
C086-L50,C086,C086-L13,281,"PORTS, INLAND",,0154,0264,281 0154-0264
C086-L51,C086,C086-L13,070,CHLOROMYCETIN,,0154,0279,070 0154-0279
C087-L04,C087,C086-L13,227,"LIQUID FUELS, STORAGE NON-REFINERY",,0154,0290,227 0154-0290
C087-L05,C087,C086-L13,281,"PORTS, INLAND",,0154,0306,281 0154-0306
C087-L06,C087,C086-L13,208,GOVERNMENT CONTROL CENTERS,,0154,0359,208 0154-0359
C087-L07,C087,C086-L13,227,"LIQUID FUELS, STORAGE NON-REFINERY",,0154,0368,227 0154-0368
C087-L08,C087,C086-L13,112,MOSCOW-GORKIY,ELECTRIC POWER - MAJOR GRIDS,0154,0397,112 0154-0397
C087-L09,C087,C086-L13,430,STEEL,,0154,0408,430 0154-0408
C087-L10,C087,C086-L13,281,"PORTS, INLAND",,0154,0413,281 0154-0413
C087-L11,C087,C086-L13,281,"PORTS, INLAND",,0154,0414,281 0154-0414
C087-L12,C087,C086-L13,243,MILITARY SCHOOLS,,0154,0442,243 0154-0442
C087-L13,C087,C086-L13,248,MILITARY TROOP INSTALLATIONS,,0154,0442,248 0154-0442
C087-L14,C087,C086-L13,275,POPULATION,,0154,9996,275 0154-9996
C087-L17,C087,C087-L15,281,"PORTS, INLAND",,0155,0095,281 0155-0095
C087-L18,C087,C087-L15,227,"LIQUID FUELS, STORAGE NON-REFINERY",,0155,0100,227 0155-0100
C087-L19,C087,C087-L15,227,"LIQUID FUELS, STORAGE NON-REFINERY",,0155,0106,227 0155-0106
C087-L20,C087,C087-L15,275,POPULATION,,0155,9989,275 0155-9989
C087-L23,C087,C087-L21,224,"LIQUID FUEL PLANTS, CRUDE",,0232,0004,224 0232-0004
C087-L24,C087,C087-L21,226,"LIQUID FUELS, STORAGE AT REFINERIES",,0232,0004,226 0232-0004
C087-L25,C087,C087-L21,275,POPULATION,,0232,9867,275 0232-9867
C087-L27,C087,C087-L26,275,POPULATION,,0232,,275 0232-
C087-L28,C087,C087-L26,250,MINING MACHINERY,,0232,1203,250 0232-1203
C087-L29,C087,C087-L26,262,OIL EXTRACTION EQUIPMENT,,0232,1203,262 0232-1203
C087-L32,C087,C087-L30,224,"LIQUID FUEL PLANTS, CRUDE",,0232,0005,224 0232-0005
C087-L33,C087,C087-L30,226,"LIQUID FUELS, STORAGE AT REFINERIES",,0232,0005,226 0232-0005
C087-L34,C087,C087-L30,392,POLAND,RAILROAD YARDS & SHOPS- SATELLITES,0232,0019,392 0232-0019
C087-L35,C087,C087-L30,275,POPULATION,,0232,9863,275 0232-9863
C087-L38,C087,C087-L36,292,RAILROAD FREIGHT CARS,,0231,0538,292 0231-0538
C087-L39,C087,C087-L36,296,RAILROAD PASSENGER CARS,,0231,0538,296 0231-0538
C087-L40,C087,C087-L36,388,EAST GERMANY,RAILROAD YARDS & SHOPS- SATELLITES,0231,0539,388 0231-0539
C087-L41,C087,C087-L36,235,METAL FORMING EQUIPMENT,,0231,0617,235 0231-0617
C087-L42,C087,C087-L36,485,"TURBINES, HEAVY",,0231,0617,485 0231-0617
C087-L43,C087,C087-L36,264,OPTICAL EQUIPMENT,,0231,2744,264 0231-2744
C087-L44,C087,C087-L36,275,POPULATION,,0231,9993,275 0231-9993
C087-L46,C087,C087-L45,275,POPULATION,,0231,,275 0231-
C087-L47,C087,C087-L45,060,CALCIUM CARBIDE,,0231,0427,060 0231-0427
C087-L49,C087,C087-L48,275,POPULATION,,0231,,275 0231-
C087-L50,C087,C087-L48,336,POLAND,RAILROAD EQUIP REPAIR PLANTS-SATTELITES,0231,3078,336 0231-3078
C087-L52,C087,C087-L51,248,MILITARY TROOP INSTALLATIONS,,0231,3413,248 0231-3413
C088-L04,C088,C087-L51,275,POPULATION,,0231,9236,275 0231-9236
C088-L06,C088,C088-L05,230,MACHINE TOOLS,,0231,1290,230 0231-1290
C088-L07,C088,C088-L05,275,POPULATION,,0231,9393,275 0231-9393
C088-L10,C088,C088-L08,200,ELECTRIC WIRE & CABLE,,0231,0017,200 0231-0017
C088-L11,C088,C088-L08,190,EAST GERMANY,ELECTRIC POWER - SATELLITES,0231,0563,190 0231-0563
C088-L12,C088,C088-L08,285,RADIO & TELEVISION,,0231,0958,285 0231-0958
C088-L13,C088,C088-L08,252,MOTOR VEHICLES,,0231,1405,252 0231-1405
C088-L14,C088,C088-L08,248,MILITARY TROOP INSTALLATIONS,,0231,3486,248 0231-3486
C088-L15,C088,C088-L08,275,POPULATION,,0231,9760,275 0231-9760
C088-L20,C088,C088-L16,250,MINING MACHINERY,,0234,0014,250 0234-0014
C088-L21,C088,C088-L16,352,DONBAS SUB-REGION UKRAINE REGION,RAILROAD YARDS & SHOPS- USSR,0234,0050,352 0234-0050
C088-L22,C088,C088-L16,215,HIGH EXPLOSIVES,,0234,0106,215 0234-0106
C088-L23,C088,C088-L16,075,COKE CHEMICALS,,0234,0124,075 0234-0124
C088-L24,C088,C088-L16,022,"AMMONIA, SYNTHETIC",,0234,0125,022 0234-0125
C088-L25,C088,C088-L16,047,A/E HEAVY WATER,,0234,0125,047 0234-0125
C088-L26,C088,C088-L16,445,SULFURIC ACID,,0234,0125,445 0234-0125
C088-L27,C088,C088-L16,234,MERCURY,,0234,0144,234 0234-0144
C088-L28,C088,C088-L16,075,COKE CHEMICALS,,0234,0182,075 0234-0182
C088-L29,C088,C088-L16,227,"LIQUID FUELS, STORAGE NON-REFINERY",,0234,0374,227 0234-0374
C088-L30,C088,C088-L16,275,POPULATION,,0234,9997,275 0234-9997
C088-L32,C088,C088-L31,352,DONBAS SUB-REGION UKRAINE REGION,RAILROAD YARDS & SHOPS- USSR,0234,0367,352 0234-0367
C088-L33,C088,C088-L31,275,POPULATION,,0234,9954,275 0234-9954
C088-L36,C088,C088-L34,262,OIL EXTRACTION EQUIPMENT,,0234,0375,262 0234-0375
C088-L37,C088,C088-L34,275,POPULATION,,0234,9743,275 0234-9743
C088-L40,C088,C088-L38,227,"LIQUID FUELS, STORAGE NON-REFINERY",,0234,,227 0234-
C088-L41,C088,C088-L38,352,DONBAS SUB-REGION UKRAINE REGION,RAILROAD YARDS & SHOPS- USSR,0234,0056,352 0234-0056
C088-L42,C088,C088-L38,075,COKE CHEMICALS,,0234,0064,075 0234-0064
C088-L43,C088,C088-L38,270,PIG IRON,,0234,0064,270 0234-0064
C088-L44,C088,C088-L38,430,STEEL,,0234,0064,430 0234-0064
C088-L45,C088,C088-L38,106,DNEPR-DONETS,ELECTRIC POWER - MAJOR GRIDS,0234,0193,106 0234-0193
C088-L46,C088,C088-L38,275,POPULATION,,0234,9964,275 0234-9964
C088-L48,C088,C088-L47,240,"MILITARY CONTROLS, AIR FORCE",,0322,,240 0322-
C088-L49,C088,C088-L47,382,BULGARIA,RAILROAD YARDS & SHOPS- SATELLITES,0322,0423,382 0322-0423
C088-L50,C088,C088-L47,248,MILITARY TROOP INSTALLATIONS,,0322,0488,248 0322-0488
C088-L51,C088,C088-L47,275,POPULATION,,0322,9784,275 0322-9784
C089-L05,C089,C089-L04,245,"MILITARY STORAGE AREAS, AIR FORCE",,0233,0283,245 0233-0283
C089-L06,C089,C089-L04,275,POPULATION,,0233,9769,275 0233-9769
C089-L08,C089,C089-L07,292,RAILROAD FREIGHT CARS,,0231,1718,292 0231-1718
C089-L09,C089,C089-L07,388,EAST GERMANY,RAILROAD YARDS & SHOPS- SATELLITES,0231,1876,388 0231-1876
C089-L10,C089,C089-L07,334,EAST GERMANY,RAILROAD EQUIP REPAIR PLANTS-SATTELITES,0231,1877,334 0231-1877
C089-L11,C089,C089-L07,230,MACHINE TOOLS,,0231,2978,230 0231-2978
C089-L12,C089,C089-L07,248,MILITARY TROOP INSTALLATIONS,,0231,3226,248 0231-3226
C089-L13,C089,C089-L07,248,MILITARY TROOP INSTALLATIONS,,0231,3227,248 0231-3227
C089-L14,C089,C089-L07,275,POPULATION,,0231,9987,275 0231-9987
C089-L16,C089,C089-L15,275,POPULATION,,0231,,275 0231-
C089-L17,C089,C089-L15,248,MILITARY TROOP INSTALLATIONS,,0231,2799,248 0231-2799
C089-L18,C089,C089-L15,248,MILITARY TROOP INSTALLATIONS,,0231,2800,248 0231-2800
C089-L19,C089,C089-L15,248,MILITARY TROOP INSTALLATIONS,,0231,2803,248 0231-2803
C089-L23,C089,C089-L20,227,"LIQUID FUELS, STORAGE NON-REFINERY",,0233,0185,227 0233-0185
C089-L24,C089,C089-L20,376,WEST SUB-REGION UKRAINE REGION,RAILROAD YARDS & SHOPS- USSR,0233,0227,376 0233-0227
C089-L25,C089,C089-L20,275,POPULATION,,0233,9773,275 0233-9773
C089-L27,C089,C089-L26,227,"LIQUID FUELS, STORAGE NON-REFINERY",,0233,,227 0233-
C089-L28,C089,C089-L26,275,POPULATION,,0233,9668,275 0233-9668
C089-L30,C089,C089-L29,445,SULFURIC ACID,,0231,2805,445 0231-2805
C089-L31,C089,C089-L29,275,POPULATION,,0231,9093,275 0231-9093
C089-L33,C089,C089-L32,280,"PORTS, MARITIME",,0169,0469,280 0169-0469
C089-L34,C089,C089-L32,334,EAST GERMANY,RAILROAD EQUIP REPAIR PLANTS-SATTELITES,0169,0657,334 0169-0657
C089-L35,C089,C089-L32,275,POPULATION,,0169,9919,275 0169-9919
C089-L37,C089,C089-L36,280,"PORTS, MARITIME",,0169,0910,280 0169-0910
C089-L38,C089,C089-L36,275,POPULATION,,0169,9923,275 0169-9923
C089-L41,C089,C089-L39,241,"MILITARY HQS, ARMY",,0168,,241 0168-
C089-L42,C089,C089-L39,370,WESTERN REGION,RAILROAD YARDS & SHOPS- USSR,0168,0019,370 0168-0019
C089-L43,C089,C089-L39,290,RAILROAD BRIDGES,,0168,0020,290 0168-0020
C089-L44,C089,C089-L39,170,WEST ECONOMIC REGION,ELECTRIC POWER - OUTSIDE GRIDS,0168,0233,170 0168-0233
C089-L45,C089,C089-L39,275,POPULATION,,0168,9993,275 0168-9993
C090-L03,C090,C090-L02,005,"ABRASIVES, BONDED",,0169,0946,005 0169-0946
C090-L04,C090,C090-L02,275,POPULATION,,0169,9735,275 0169-9735
C090-L06,C090,C090-L05,392,POLAND,RAILROAD YARDS & SHOPS- SATELLITES,0232,1113,392 0232-1113
C090-L07,C090,C090-L05,275,POPULATION,,0232,9828,275 0232-9828
C090-L11,C090,C090-L08,224,"LIQUID FUEL PLANTS, CRUDE",,0325,0001,224 0325-0001
C090-L12,C090,C090-L08,226,"LIQUID FUELS, STORAGE AT REFINERIES",,0325,0001,226 0325-0001
C090-L13,C090,C090-L08,150,SOUTHEAST ECONOMIC REGION,ELECTRIC POWER - OUTSIDE GRIDS,0325,0002,150 0325-0002
C090-L14,C090,C090-L08,262,OIL EXTRACTION EQUIPMENT,,0325,0035,262 0325-0035
C090-L15,C090,C090-L08,150,SOUTHEAST ECONOMIC REGION,ELECTRIC POWER - OUTSIDE GRIDS,0325,0064,150 0325-0064
C090-L16,C090,C090-L08,350,CAUCASUS REGION,RAILROAD YARDS & SHOPS- USSR,0325,0237,350 0325-0237
C090-L17,C090,C090-L08,290,RAILROAD BRIDGES,,0325,0344,290 0325-0344
C090-L18,C090,C090-L08,150,SOUTHEAST ECONOMIC REGION,ELECTRIC POWER - OUTSIDE GRIDS,0325,0350,150 0325-0350
C090-L19,C090,C090-L08,208,GOVERNMENT CONTROL CENTERS,,0325,0380,208 0325-0380
C090-L20,C090,C090-L08,056,"BRIDGES, HWY",,0325,0455,056 0325-0455
C090-L21,C090,C090-L08,275,POPULATION,,0325,9998,275 0325-9998
C090-L23,C090,C090-L22,056,"BRIDGES, HWY",,0169,0265,056 0169-0265
C090-L24,C090,C090-L22,290,RAILROAD BRIDGES,,0169,0265,290 0169-0265
C090-L25,C090,C090-L22,392,POLAND,RAILROAD YARDS & SHOPS- SATELLITES,0169,1072,392 0169-1072
C090-L26,C090,C090-L22,248,MILITARY TROOP INSTALLATIONS,,0169,1231,248 0169-1231
C090-L27,C090,C090-L22,246,"MILITARY STORAGE AREAS, ARMY & NAVY",,0169,1238,246 0169-1238
C090-L28,C090,C090-L22,010,AGRICULTURAL EQUIPMENT,,0169,1546,010 0169-1546
C090-L29,C090,C090-L22,275,POPULATION,,0169,9971,275 0169-9971
C090-L31,C090,C090-L30,248,MILITARY TROOP INSTALLATIONS,,0169,1555,248 0169-1555
C090-L32,C090,C090-L30,275,POPULATION,,0169,9977,275 0169-9977
C090-L34,C090,C090-L33,292,RAILROAD FREIGHT CARS,,0231,1793,292 0231-1793
C090-L35,C090,C090-L33,275,POPULATION,,0231,9898,275 0231-9898
C090-L38,C090,C090-L36,118,URALS,ELECTRIC POWER - MAJOR GRIDS,0156,0061,118 0156-0061
C090-L39,C090,C090-L36,075,COKE CHEMICALS,,0156,0099,075 0156-0099
C090-L40,C090,C090-L36,275,POPULATION,,0156,9991,275 0156-9991
C090-L43,C090,C090-L41,118,URALS,ELECTRIC POWER - MAJOR GRIDS,0156,0062,118 0156-0062
C090-L44,C090,C090-L41,230,MACHINE TOOLS,,0156,0134,230 0156-0134
C090-L45,C090,C090-L41,118,URALS,ELECTRIC POWER - MAJOR GRIDS,0156,0408,118 0156-0408
C090-L46,C090,C090-L41,366,URALS REGION,RAILROAD YARDS & SHOPS- USSR,0156,0426,366 0156-0426
C091-L04,C091,C090-L41,275,POPULATION,,0156,9953,275 0156-9953
C091-L07,C091,C091-L05,227,"LIQUID FUELS, STORAGE NON-REFINERY",,0156,,227 0156-
C091-L08,C091,C091-L05,118,URALS,ELECTRIC POWER - MAJOR GRIDS,0156,0247,118 0156-0247
C091-L09,C091,C091-L05,275,POPULATION,,0156,9817,275 0156-9817
C091-L11,C091,C091-L10,388,EAST GERMANY,RAILROAD YARDS & SHOPS- SATELLITES,0231,0294,388 0231-0294
C091-L12,C091,C091-L10,056,"BRIDGES, HWY",,0231,0593,056 0231-0593
C091-L13,C091,C091-L10,056,"BRIDGES, HWY",,0231,0868,056 0231-0868
C091-L14,C091,C091-L10,290,RAILROAD BRIDGES,,0231,1910,290 0231-1910
C091-L15,C091,C091-L10,290,RAILROAD BRIDGES,,0231,3545,290 0231-3545
C091-L16,C091,C091-L10,248,MILITARY TROOP INSTALLATIONS,,0231,3813,248 0231-3813
C091-L17,C091,C091-L10,275,POPULATION,,0231,9994,275 0231-9994
C091-L19,C091,C091-L18,196,POLAND,ELECTRIC POWER - SATELLITES,0231,1439,196 0231-1439
C091-L20,C091,C091-L18,275,POPULATION,,0231,9381,275 0231-9381
C091-L22,C091,C091-L21,350,CAUCASUS REGION,RAILROAD YARDS & SHOPS- USSR,0325,0378,350 0325-0378
C091-L23,C091,C091-L21,290,RAILROAD BRIDGES,,0325,0428,290 0325-0428
C091-L24,C091,C091-L21,275,POPULATION,,0325,9972,275 0325-9972
C091-L28,C091,C091-L25,227,"LIQUID FUELS, STORAGE NON-REFINERY",,0247,,227 0247-
C091-L29,C091,C091-L25,224,"LIQUID FUEL PLANTS, CRUDE",,0247,0001,224 0247-0001
C091-L30,C091,C091-L25,226,"LIQUID FUELS, STORAGE AT REFINERIES",,0247,0001,226 0247-0001
C091-L31,C091,C091-L25,281,"PORTS, INLAND",,0247,0008,281 0247-0008
C091-L32,C091,C091-L25,135,KAZAKHSTAN-CENTRAL ASIA ECONOMIC REGION,ELECTRIC POWER - OUTSIDE GRIDS,0247,0016,135 0247-0016
C091-L33,C091,C091-L25,275,POPULATION,,0247,9998,275 0247-9998
C091-L35,C091,C091-L34,227,"LIQUID FUELS, STORAGE NON-REFINERY",,0168,,227 0168-
C091-L36,C091,C091-L34,275,POPULATION,,0168,,275 0168-
C091-L38,C091,C091-L37,246,"MILITARY STORAGE AREAS, ARMY & NAVY",,0169,0200,246 0169-0200
C091-L39,C091,C091-L37,388,EAST GERMANY,RAILROAD YARDS & SHOPS- SATELLITES,0169,0720,388 0169-0720
C091-L40,C091,C091-L37,275,POPULATION,,0169,9845,275 0169-9845
C091-L43,C091,C091-L41,292,RAILROAD FREIGHT CARS,,0252,0141,292 0252-0141
C091-L44,C091,C091-L41,296,RAILROAD PASSENGER CARS,,0252,0141,296 0252-0141
C092-L04,C092,C091-L41,298,RAILROAD TANK CARS,,0252,0141,298 0252-0141
C092-L05,C092,C091-L41,430,STEEL,,0252,0141,430 0252-0141
C092-L06,C092,C091-L41,450,TANKS & S. P. GUNS,,0252,0141,450 0252-0141
C092-L07,C092,C091-L41,390,HUNGARY,RAILROAD YARDS & SHOPS- SATELLITES,0252,0357,390 0252-0357
C092-L08,C092,C091-L41,228,LOCKS & DAMS,,0252,0525,228 0252-0525
C092-L09,C092,C091-L41,192,HUNGARY,ELECTRIC POWER - SATELLITES,0252,0602,192 0252-0602
C092-L10,C092,C091-L41,290,RAILROAD BRIDGES,,0252,0603,290 0252-0603
C092-L11,C092,C091-L41,281,"PORTS, INLAND",,0252,0604,281 0252-0604
C092-L12,C092,C091-L41,192,HUNGARY,ELECTRIC POWER - SATELLITES,0252,0849,192 0252-0849
C092-L13,C092,C091-L41,248,MILITARY TROOP INSTALLATIONS,,0252,0981,248 0252-0981
C092-L14,C092,C091-L41,248,MILITARY TROOP INSTALLATIONS,,0252,0982,248 0252-0982
C092-L15,C092,C091-L41,248,MILITARY TROOP INSTALLATIONS,,0252,0984,248 0252-0984
C092-L16,C092,C091-L41,275,POPULATION,,0252,9999,275 0252-9999
C092-L18,C092,C092-L17,275,POPULATION,,0616,,275 0616-
C092-L19,C092,C092-L17,246,"MILITARY STORAGE AREAS, ARMY & NAVY",,0616,0060,246 0616-0060
C092-L21,C092,C092-L20,245,"MILITARY STORAGE AREAS, AIR FORCE",,0615,0001,245 0615-0001
C092-L22,C092,C092-L20,280,"PORTS, MARITIME",,0615,0023,280 0615-0023
C092-L23,C092,C092-L20,275,POPULATION,,0615,9984,275 0615-9984
C092-L26,C092,C092-L24,246,"MILITARY STORAGE AREAS, ARMY & NAVY",,0202,,246 0202-
C092-L27,C092,C092-L24,384,CHINA,RAILROAD YARDS & SHOPS- SATELLITES,0202,0029,384 0202-0029
C092-L28,C092,C092-L24,290,RAILROAD BRIDGES,,0202,0030,290 0202-0030
C092-L29,C092,C092-L24,245,"MILITARY STORAGE AREAS, AIR FORCE",,0202,0039,245 0202-0039
C092-L30,C092,C092-L24,275,POPULATION,,0202,9976,275 0202-9976
C092-L32,C092,C092-L31,246,"MILITARY STORAGE AREAS, ARMY & NAVY",,0616,,246 0616-
C092-L33,C092,C092-L31,248,MILITARY TROOP INSTALLATIONS,,0616,,248 0616-
C092-L34,C092,C092-L31,280,"PORTS, MARITIME",,0616,0001,280 0616-0001
C092-L35,C092,C092-L31,290,RAILROAD BRIDGES,,0616,0002,290 0616-0002
C092-L36,C092,C092-L31,246,"MILITARY STORAGE AREAS, ARMY & NAVY",,0616,0004,246 0616-0004
C092-L37,C092,C092-L31,254,NAVAL OPERATING BASES,,0616,0004,254 0616-0004
C092-L38,C092,C092-L31,227,"LIQUID FUELS, STORAGE NON-REFINERY",,0616,0005,227 0616-0005
C092-L39,C092,C092-L31,195,NORTH VIETNAM,ELECTRIC POWER - SATELLITES,0616,0007,195 0616-0007
C092-L40,C092,C092-L31,391,NORTH VIETNAM,RAILROAD YARDS & SHOPS- SATELLITES,0616,0030,391 0616-0030
C092-L41,C092,C092-L31,420,SHIP REPAIR,,0616,0054,420 0616-0054
C092-L42,C092,C092-L31,246,"MILITARY STORAGE AREAS, ARMY & NAVY",,0616,0061,246 0616-0061
C092-L43,C092,C092-L31,246,"MILITARY STORAGE AREAS, ARMY & NAVY",,0616,0062,246 0616-0062
C092-L44,C092,C092-L31,275,POPULATION,,0616,9999,275 0616-9999
C093-L05,C093,C092-L46,062,CAUSTIC SODA,,0231,0443,062 0231-0443
C093-L06,C093,C092-L46,068,CHLORINE,,0231,0443,068 0231-0443
C093-L07,C093,C092-L46,296,RAILROAD PASSENGER CARS,,0231,0603,296 0231-0603
C093-L08,C093,C092-L46,190,EAST GERMANY,ELECTRIC POWER - SATELLITES,0231,2512,190 0231-2512
C093-L09,C093,C092-L46,275,POPULATION,,0231,9339,275 0231-9339
C093-L11,C093,C093-L10,190,EAST GERMANY,ELECTRIC POWER - SATELLITES,0231,2708,190 0231-2708
C093-L12,C093,C093-L10,275,POPULATION,,0231,9832,275 0231-9832
C093-L14,C093,C093-L13,430,STEEL,,0231,1823,430 0231-1823
C093-L15,C093,C093-L13,275,POPULATION,,0231,9555,275 0231-9555
C093-L17,C093,C093-L16,275,POPULATION,,0231,,275 0231-
C093-L18,C093,C093-L16,190,EAST GERMANY,ELECTRIC POWER - SATELLITES,0231,0561,190 0231-0561
C093-L23,C093,C093-L19,388,EAST GERMANY,RAILROAD YARDS & SHOPS- SATELLITES,0231,0602,388 0231-0602
C093-L24,C093,C093-L19,281,"PORTS, INLAND",,0231,1400,281 0231-1400
C093-L25,C093,C093-L19,246,"MILITARY STORAGE AREAS, ARMY & NAVY",,0231,1498,246 0231-1498
C093-L26,C093,C093-L19,334,EAST GERMANY,RAILROAD EQUIP REPAIR PLANTS-SATTELITES,0231,1781,334 0231-1781
C093-L27,C093,C093-L19,064,CHEMICAL EQUIPMENT,,0231,1891,064 0231-1891
C093-L28,C093,C093-L19,190,EAST GERMANY,ELECTRIC POWER - SATELLITES,0231,1922,190 0231-1922
C093-L29,C093,C093-L19,055,"BOILERS, HIGH PRESSURE",,0231,1970,055 0231-1970
C093-L30,C093,C093-L19,281,"PORTS, INLAND",,0231,1990,281 0231-1990
C093-L31,C093,C093-L19,228,LOCKS & DAMS,,0231,2449,228 0231-2449
C093-L32,C093,C093-L19,228,LOCKS & DAMS,,0231,2450,228 0231-2450
C093-L33,C093,C093-L19,228,LOCKS & DAMS,,0231,2451,228 0231-2451
C093-L34,C093,C093-L19,228,LOCKS & DAMS,,0231,2452,228 0231-2452
C093-L35,C093,C093-L19,064,CHEMICAL EQUIPMENT,,0231,2677,064 0231-2677
C093-L36,C093,C093-L19,228,LOCKS & DAMS,,0231,2704,228 0231-2704
C093-L37,C093,C093-L19,230,MACHINE TOOLS,,0231,2771,230 0231-2771
C093-L38,C093,C093-L19,208,GOVERNMENT CONTROL CENTERS,,0231,3166,208 0231-3166
C093-L39,C093,C093-L19,248,MILITARY TROOP INSTALLATIONS,,0231,3229,248 0231-3229
C093-L40,C093,C093-L19,248,MILITARY TROOP INSTALLATIONS,,0231,3230,248 0231-3230
C093-L41,C093,C093-L19,285,RADIO & TELEVISION,,0231,3762,285 0231-3762
C093-L42,C093,C093-L19,275,POPULATION,,0231,9997,275 0231-9997
C093-L45,C093,C093-L43,275,POPULATION,,0231,,275 0231-
C093-L46,C093,C093-L43,225,"LIQUID FUEL PLANTS, SYNTHETIC",,0231,1346,225 0231-1346
C093-L47,C093,C093-L43,226,"LIQUID FUELS, STORAGE AT REFINERIES",,0231,1346,226 0231-1346
C093-L50,C093,C093-L48,022,"AMMONIA, SYNTHETIC",,0231,0002,022 0231-0002
C093-L51,C093,C093-L48,225,"LIQUID FUEL PLANTS, SYNTHETIC",,0231,0002,225 0231-0002
C093-L52,C093,C093-L48,226,"LIQUID FUELS, STORAGE AT REFINERIES",,0231,0002,226 0231-0002
C093-L53,C093,C093-L48,190,EAST GERMANY,ELECTRIC POWER - SATELLITES,0231,1357,190 0231-1357
C093-L54,C093,C093-L48,275,POPULATION,,0231,9633,275 0231-9633
C093-L57,C093,C093-L55,275,POPULATION,,0231,,275 0231-
C094-L03,C094,C093-L55,225,"LIQUID FUEL PLANTS, SYNTHETIC",,0231,0212,225 0231-0212
C094-L04,C094,C093-L55,226,"LIQUID FUELS, STORAGE AT REFINERIES",,0231,0212,226 0231-0212
C094-L05,C094,C093-L55,190,EAST GERMANY,ELECTRIC POWER - SATELLITES,0231,1335,190 0231-1335
C094-L06,C094,C094-L06,388,EAST GERMANY,RAILROAD YARDS & SHOPS- SATELLITES,0231,1919,MERSEBURG E GER 5121-01159 || 388 0231-1919
C094-L07,C094,C094-L06,246,"MILITARY STORAGE AREAS, ARMY & NAVY",,0231,2022,246 0231-2022
C094-L08,C094,C094-L06,275,POPULATION,,0231,9985,275 0231-9985
C094-L11,C094,C094-L09,275,POPULATION,,0231,,275 0231-
C094-L12,C094,C094-L09,190,EAST GERMANY,ELECTRIC POWER - SATELLITES,0231,2707,190 0231-2707
C094-L15,C094,C094-L13,010,AGRICULTURAL EQUIPMENT,,0231,3026,010 0231-3026
C094-L16,C094,C094-L13,246,"MILITARY STORAGE AREAS, ARMY & NAVY",,0231,3418,246 0231-3418
C094-L17,C094,C094-L13,248,MILITARY TROOP INSTALLATIONS,,0231,3425,248 0231-3425
C094-L18,C094,C094-L13,248,MILITARY TROOP INSTALLATIONS,,0231,3426,248 0231-3426
C094-L19,C094,C094-L13,275,POPULATION,,0231,9128,275 0231-9128
C094-L22,C094,C094-L20,060,CALCIUM CARBIDE,,0231,0418,060 0231-0418
C094-L23,C094,C094-L20,062,CAUSTIC SODA,,0231,0418,062 0231-0418
C094-L24,C094,C094-L20,068,CHLORINE,,0231,0418,068 0231-0418
C094-L25,C094,C094-L20,400,"RUBBER, SYNTHETIC",,0231,0418,400 0231-0418
C094-L26,C094,C094-L20,190,EAST GERMANY,ELECTRIC POWER - SATELLITES,0231,1362,190 0231-1362
C094-L27,C094,C094-L20,275,POPULATION,,0231,9192,275 0231-9192
C094-L30,C094,C094-L28,275,POPULATION,,0231,,275 0231-
C094-L31,C094,C094-L28,225,"LIQUID FUEL PLANTS, SYNTHETIC",,0231,1344,225 0231-1344
C094-L32,C094,C094-L28,226,"LIQUID FUELS, STORAGE AT REFINERIES",,0231,1344,226 0231-1344
C094-L34,C094,C094-L33,388,EAST GERMANY,RAILROAD YARDS & SHOPS- SATELLITES,0231,1912,388 0231-1912
C094-L35,C094,C094-L33,248,MILITARY TROOP INSTALLATIONS,,0231,3473,248 0231-3473
C094-L36,C094,C094-L33,275,POPULATION,,0231,9766,275 0231-9766
C094-L40,C094,C094-L37,241,"MILITARY HQS, ARMY",,0492,,241 0492-
C094-L41,C094,C094-L37,186,CHINA-OUTSIDE GRIDS,ELECTRIC POWER - SATELLITES,0492,0076,186 0492-0076
C094-L42,C094,C094-L37,056,"BRIDGES, HWY",,0492,0110,056 0492-0110
C094-L43,C094,C094-L37,290,RAILROAD BRIDGES,,0492,0110,290 0492-0110
C094-L44,C094,C094-L37,246,"MILITARY STORAGE AREAS, ARMY & NAVY",,0492,0161,246 0492-0161
C094-L45,C094,C094-L37,248,MILITARY TROOP INSTALLATIONS,,0249,0162,248 0249-0162
C094-L46,C094,C094-L37,248,MILITARY TROOP INSTALLATIONS,,0492,0163,248 0492-0163
C094-L47,C094,C094-L37,248,MILITARY TROOP INSTALLATIONS,,0492,0164,248 0492-0164
C094-L48,C094,C094-L37,208,GOVERNMENT CONTROL CENTERS,,0492,0176,208 0492-0176
C094-L49,C094,C094-L37,281,"PORTS, INLAND",,0492,0186,281 0492-0186
C094-L50,C094,C094-L37,384,CHINA,RAILROAD YARDS & SHOPS- SATELLITES,0249,0235,384 0249-0235
C094-L51,C094,C094-L37,384,CHINA,RAILROAD YARDS & SHOPS- SATELLITES,0492,0236,384 0492-0236
C094-L52,C094,C094-L37,275,POPULATION,,0492,9998,275 0492-9998
C095-L06,C095,C095-L04,246,"MILITARY STORAGE AREAS, ARMY & NAVY",,0492,0179,246 0492-0179
C095-L07,C095,C095-L04,246,"MILITARY STORAGE AREAS, ARMY & NAVY",,0492,0180,246 0492-0180
C095-L08,C095,C095-L04,275,POPULATION,,0492,9977,275 0492-9977
C095-L12,C095,C095-L09,212,"GUNS, MAJOR CALIBER",,0493,,212 0493-
C095-L13,C095,C095-L09,240,"MILITARY CONTROLS, AIR FORCE",,0493,,240 0493-
C095-L14,C095,C095-L09,241,"MILITARY HQS, ARMY",,0493,,241 0493-
C095-L15,C095,C095-L09,243,MILITARY SCHOOLS,,0493,,243 0493-
C095-L16,C095,C095-L09,186,CHINA-OUTSIDE GRIDS,ELECTRIC POWER - SATELLITES,0493,0039,186 0493-0039
C095-L17,C095,C095-L09,384,CHINA,RAILROAD YARDS & SHOPS- SATELLITES,0493,0060,384 0493-0060
C095-L18,C095,C095-L09,227,"LIQUID FUELS, STORAGE NON-REFINERY",,0493,0061,227 0493-0061
C095-L19,C095,C095-L09,214,"GUNS, SMALL ARMS",,0493,0066,214 0493-0066
C095-L20,C095,C095-L09,332,CHINA,RAILROAD EQUIP REPAIR PLANTS-SATTELITES,0493,0079,332 0493-0079
C095-L21,C095,C095-L09,280,"PORTS, MARITIME",,0493,0092,280 0493-0092
C095-L22,C095,C095-L09,270,PIG IRON,,0493,0097,270 0493-0097
C095-L23,C095,C095-L09,430,STEEL,,0493,0097,430 0493-0097
C095-L24,C095,C095-L09,208,GOVERNMENT CONTROL CENTERS,,0493,0100,208 0493-0100
C095-L25,C095,C095-L09,246,"MILITARY STORAGE AREAS, ARMY & NAVY",,0493,0102,246 0493-0102
C095-L26,C095,C095-L09,246,"MILITARY STORAGE AREAS, ARMY & NAVY",,0493,0103,246 0493-0103
C095-L27,C095,C095-L09,050,"BATTERIES, LEAD ACID",,0493,0122,050 0493-0122
C095-L28,C095,C095-L09,291,RAILROAD FERRY,,0493,0139,291 0493-0139
C095-L29,C095,C095-L09,384,CHINA,RAILROAD YARDS & SHOPS- SATELLITES,0493,0140,384 0493-0140
C095-L30,C095,C095-L09,275,POPULATION,,0493,9999,275 0493-9999
C095-L33,C095,C095-L31,243,MILITARY SCHOOLS,,0493,,243 0493-
C095-L34,C095,C095-L31,246,"MILITARY STORAGE AREAS, ARMY & NAVY",,0493,,246 0493-
C095-L35,C095,C095-L31,384,CHINA,RAILROAD YARDS & SHOPS- SATELLITES,0493,0059,384 0493-0059
C095-L36,C095,C095-L31,246,"MILITARY STORAGE AREAS, ARMY & NAVY",,0493,0105,246 0493-0105
C095-L37,C095,C095-L31,275,POPULATION,,0493,9982,275 0493-9982
C095-L39,C095,C095-L38,212,"GUNS, MAJOR CALIBER",,0616,,212 0616-
C095-L40,C095,C095-L38,248,MILITARY TROOP INSTALLATIONS,,0616,,248 0616-
C095-L41,C095,C095-L38,248,MILITARY TROOP INSTALLATIONS,,0616,,248 0616-
C095-L42,C095,C095-L38,281,"PORTS, INLAND",,0616,0014,281 0616-0014
C095-L43,C095,C095-L38,195,NORTH VIETNAM,ELECTRIC POWER - SATELLITES,0616,0016,195 0616-0016
C095-L44,C095,C095-L38,391,NORTH VIETNAM,RAILROAD YARDS & SHOPS- SATELLITES,0616,0022,391 0616-0022
C095-L45,C095,C095-L38,391,NORTH VIETNAM,RAILROAD YARDS & SHOPS- SATELLITES,0616,0031,391 0616-0031
C095-L46,C095,C095-L38,248,MILITARY TROOP INSTALLATIONS,,0616,0063,248 0616-0063
C095-L47,C095,C095-L38,275,POPULATION,,0616,9998,275 0616-9998
C096-L05,C096,C095-L48,246,"MILITARY STORAGE AREAS, ARMY & NAVY",,0283,,246 0283-
C096-L06,C096,C095-L48,248,MILITARY TROOP INSTALLATIONS,,0283,,248 0283-
C096-L07,C096,C095-L48,248,MILITARY TROOP INSTALLATIONS,,0283,,248 0283-
C096-L08,C096,C095-L48,185,CHINA-MAJOR GRIDS,ELECTRIC POWER - SATELLITES,0283,0006,185 0283-0006
C096-L09,C096,C095-L48,384,CHINA,RAILROAD YARDS & SHOPS- SATELLITES,0283,0012,384 0283-0012
C096-L10,C096,C095-L48,281,"PORTS, INLAND",,0283,0069,281 0283-0069
C096-L11,C096,C095-L48,384,CHINA,RAILROAD YARDS & SHOPS- SATELLITES,0283,0073,384 0283-0073
C096-L12,C096,C095-L48,023,AMMUNITION,,0283,0086,023 0283-0086
C096-L13,C096,C095-L48,332,CHINA,RAILROAD EQUIP REPAIR PLANTS-SATTELITES,0283,0102,332 0283-0102
C096-L14,C096,C095-L48,227,"LIQUID FUELS, STORAGE NON-REFINERY",,0283,0103,227 0283-0103
C096-L15,C096,C095-L48,090,CUTTING TOOLS,,0283,0107,090 0283-0107
C096-L16,C096,C095-L48,206,"GENERATORS, HEAVY",,0283,0108,206 0283-0108
C096-L17,C096,C095-L48,485,"TURBINES, HEAVY",,0283,0108,485 0283-0108
C096-L18,C096,C095-L48,208,GOVERNMENT CONTROL CENTERS,,0283,0110,208 0283-0110
C096-L19,C096,C095-L48,248,MILITARY TROOP INSTALLATIONS,,0283,0112,248 0283-0112
C096-L20,C096,C095-L48,248,MILITARY TROOP INSTALLATIONS,,0283,0113,248 0283-0113
C096-L21,C096,C095-L48,248,MILITARY TROOP INSTALLATIONS,,0283,0114,248 0283-0114
C096-L22,C096,C095-L48,246,"MILITARY STORAGE AREAS, ARMY & NAVY",,0283,0115,246 0283-0115
C096-L23,C096,C095-L48,246,"MILITARY STORAGE AREAS, ARMY & NAVY",,0283,0116,246 0283-0116
C096-L24,C096,C095-L48,245,"MILITARY STORAGE AREAS, AIR FORCE",,0283,0136,245 0283-0136
C096-L25,C096,C095-L48,275,POPULATION,,0283,9999,275 0283-9999
C096-L27,C096,C096-L26,386,CZECHOSLOVAKIA,RAILROAD YARDS & SHOPS- SATELLITES,0231,2851,386 0231-2851
C096-L28,C096,C096-L26,243,MILITARY SCHOOLS,,0231,3996,243 0231-3996
C096-L29,C096,C096-L26,275,POPULATION,,0231,9436,275 0231-9436
C096-L31,C096,C096-L30,275,POPULATION,,0231,,275 0231-
C096-L32,C096,C096-L30,246,"MILITARY STORAGE AREAS, ARMY & NAVY",,0231,3420,246 0231-3420
C096-L34,C096,C096-L33,275,POPULATION,,0203,,275 0203-
C096-L35,C096,C096-L33,281,"PORTS, INLAND",,0203,0091,281 0203-0091
C096-L37,C096,C096-L36,275,POPULATION,,0170,,275 0170-
C096-L38,C096,C096-L36,190,EAST GERMANY,ELECTRIC POWER - SATELLITES,0170,0139,190 0170-0139
C096-L40,C096,C096-L39,275,POPULATION,,0170,,275 0170-
C096-L41,C096,C096-L39,388,EAST GERMANY,RAILROAD YARDS & SHOPS- SATELLITES,0170,0966,388 0170-0966
C096-L43,C096,C096-L42,290,RAILROAD BRIDGES,,0497,0014,290 0497-0014
C096-L44,C096,C096-L42,384,CHINA,RAILROAD YARDS & SHOPS- SATELLITES,0497,0015,384 0497-0015
C096-L45,C096,C096-L42,290,RAILROAD BRIDGES,,0497,0022,290 0497-0022
C096-L46,C096,C096-L42,245,"MILITARY STORAGE AREAS, AIR FORCE",,0497,0029,245 0497-0029
C096-L47,C096,C096-L42,275,POPULATION,,0497,9994,275 0497-9994
C097-L05,C097,C097-L04,275,POPULATION,,0232,,275 0232-
C097-L06,C097,C097-L04,392,POLAND,RAILROAD YARDS & SHOPS- SATELLITES,0232,1110,392 0232-1110
C097-L07,C097,C097-L04,392,POLAND,RAILROAD YARDS & SHOPS- SATELLITES,0232,1111,392 0232-1111
C097-L09,C097,C097-L08,264,OPTICAL EQUIPMENT,,0231,0647,264 0231-0647
C097-L10,C097,C097-L08,290,RAILROAD BRIDGES,,0231,2292,290 0231-2292
C097-L11,C097,C097-L08,392,POLAND,RAILROAD YARDS & SHOPS- SATELLITES,0231,2482,392 0231-2482
C097-L12,C097,C097-L08,275,POPULATION,,0231,9896,275 0231-9896
C097-L14,C097,C097-L13,246,"MILITARY STORAGE AREAS, ARMY & NAVY",,0290,0038,246 0290-0038
C097-L15,C097,C097-L13,275,POPULATION,,0290,9981,275 0290-9981
C097-L18,C097,C097-L16,208,GOVERNMENT CONTROL CENTERS,,0493,0098,208 0493-0098
C097-L19,C097,C097-L16,275,POPULATION,,0493,9989,275 0493-9989
C097-L22,C097,C097-L20,186,CHINA-OUTSIDE GRIDS,ELECTRIC POWER - SATELLITES,0290,0049,186 0290-0049
C097-L23,C097,C097-L20,275,POPULATION,,0290,9922,275 0290-9922
C097-L25,C097,C097-L24,275,POPULATION,,0615,,275 0615-
C097-L26,C097,C097-L24,280,"PORTS, MARITIME",,0615,0008,280 0615-0008
C097-L28,C097,C097-L27,275,POPULATION,,0231,,275 0231-
C097-L29,C097,C097-L27,190,EAST GERMANY,ELECTRIC POWER - SATELLITES,0231,1333,190 0231-1333
C097-L30,C097,C097-L27,190,EAST GERMANY,ELECTRIC POWER - SATELLITES,0231,2697,190 0231-2697
C097-L32,C097,C097-L31,275,POPULATION,,0231,,275 0231-
C097-L33,C097,C097-L31,248,MILITARY TROOP INSTALLATIONS,,0231,2801,248 0231-2801
C097-L35,C097,C097-L34,243,MILITARY SCHOOLS,,0232,1239,243 0232-1239
C097-L36,C097,C097-L34,290,RAILROAD BRIDGES,,0232,1327,290 0232-1327
C097-L37,C097,C097-L34,290,RAILROAD BRIDGES,,0232,1342,290 0232-1342
C097-L38,C097,C097-L34,275,POPULATION,,0232,9547,275 0232-9547
C097-L40,C097,C097-L39,275,POPULATION,,0232,,275 0232-
C098-L04,C098,C097-L39,248,MILITARY TROOP INSTALLATIONS,,0232,1290,248 0232-1290
C098-L07,C098,C098-L05,243,MILITARY SCHOOLS,,0384,,243 0384-
C098-L08,C098,C098-L05,246,"MILITARY STORAGE AREAS, ARMY & NAVY",,0384,,246 0384-
C098-L09,C098,C098-L05,246,"MILITARY STORAGE AREAS, ARMY & NAVY",,0384,,246 0384-
C098-L10,C098,C098-L05,208,GOVERNMENT CONTROL CENTERS,,0384,0003,208 0384-0003
C098-L11,C098,C098-L05,186,CHINA-OUTSIDE GRIDS,ELECTRIC POWER - SATELLITES,0384,0004,186 0384-0004
C098-L12,C098,C098-L05,275,POPULATION,,0384,9996,275 0384-9996
C098-L15,C098,C098-L13,185,CHINA-MAJOR GRIDS,ELECTRIC POWER - SATELLITES,0290,0062,185 0290-0062
C098-L16,C098,C098-L13,275,POPULATION,,0290,9921,275 0290-9921
C098-L19,C098,C098-L17,243,MILITARY SCHOOLS,,0332,,243 0332-
C098-L20,C098,C098-L17,208,GOVERNMENT CONTROL CENTERS,,0332,0002,208 0332-0002
C098-L21,C098,C098-L17,275,POPULATION,,0332,9997,275 0332-9997
C098-L24,C098,C098-L22,216,"LEAD, REFINED",,0290,0365,216 0290-0365
C098-L25,C098,C098-L22,275,POPULATION,,0290,9894,275 0290-9894
C098-L28,C098,C098-L26,243,MILITARY SCHOOLS,,0289,,243 0289-
C098-L29,C098,C098-L26,270,PIG IRON,,0289,0122,270 0289-0122
C098-L30,C098,C098-L26,275,POPULATION,,0289,9974,275 0289-9974
C098-L32,C098,C098-L31,186,CHINA-OUTSIDE GRIDS,ELECTRIC POWER - SATELLITES,0289,0037,186 0289-0037
C098-L33,C098,C098-L31,275,POPULATION,,0289,9950,275 0289-9950
C098-L35,C098,C098-L34,230,MACHINE TOOLS,,0290,0387,230 0290-0387
C098-L36,C098,C098-L34,275,POPULATION,,0290,9978,275 0290-9978
C098-L38,C098,C098-L37,246,"MILITARY STORAGE AREAS, ARMY & NAVY",,0614,,246 0614-
C098-L39,C098,C098-L37,275,POPULATION,,0614,,275 0614-
C099-L03,C099,C098-L40,248,MILITARY TROOP INSTALLATIONS,,0232,1238,248 0232-1238
C099-L04,C099,C098-L40,275,POPULATION,,0232,9545,275 0232-9545
C099-L06,C099,C099-L05,246,"MILITARY STORAGE AREAS, ARMY & NAVY",,0290,,246 0290-
C099-L07,C099,C099-L05,275,POPULATION,,0290,9903,275 0290-9903
C099-L10,C099,C099-L08,010,AGRICULTURAL EQUIPMENT,,0251,0212,010 0251-0212
C099-L11,C099,C099-L08,075,COKE CHEMICALS,,0251,0212,075 0251-0212
C099-L12,C099,C099-L08,270,PIG IRON,,0251,0212,270 0251-0212
C099-L13,C099,C099-L08,430,STEEL,,0251,0212,430 0251-0212
C099-L14,C099,C099-L08,275,POPULATION,,0251,9850,275 0251-9850
C099-L17,C099,C099-L15,270,PIG IRON,,0251,0213,270 0251-0213
C099-L18,C099,C099-L15,275,POPULATION,,0251,9941,275 0251-9941
C099-L20,C099,C099-L19,394,RUMANIA,RAILROAD YARDS & SHOPS- SATELLITES,0251,0116,394 0251-0116
C099-L21,C099,C099-L19,290,RAILROAD BRIDGES,,0251,0117,290 0251-0117
C099-L22,C099,C099-L19,337,RUMANIA,RAILROAD EQUIP REPAIR PLANTS-SATTELITES,0251,0118,337 0251-0118
C099-L23,C099,C099-L19,394,RUMANIA,RAILROAD YARDS & SHOPS- SATELLITES,0251,0720,394 0251-0720
C099-L24,C099,C099-L19,337,RUMANIA,RAILROAD EQUIP REPAIR PLANTS-SATTELITES,0251,0721,337 0251-0721
C099-L25,C099,C099-L19,275,POPULATION,,0251,9906,275 0251-9906
C099-L27,C099,C099-L26,445,SULFURIC ACID,,0380,0005,445 0380-0005
C099-L28,C099,C099-L26,060,CALCIUM CARBIDE,,0380,0007,060 0380-0007
C099-L29,C099,C099-L26,354,EAST SIBERIAN & FAR EASTERN REGION,RAILROAD YARDS & SHOPS- USSR,0380,0074,354 0380-0074
C099-L30,C099,C099-L26,280,"PORTS, MARITIME",,0380,0259,280 0380-0259
C099-L31,C099,C099-L26,275,POPULATION,,0380,9997,275 0380-9997
C099-L33,C099,C099-L32,246,"MILITARY STORAGE AREAS, ARMY & NAVY",,0380,0062,246 0380-0062
C099-L34,C099,C099-L32,275,POPULATION,,0380,9967,275 0380-9967
C099-L37,C099,C099-L35,241,"MILITARY HQS, ARMY",,0250,,241 0250-
C099-L38,C099,C099-L35,394,RUMANIA,RAILROAD YARDS & SHOPS- SATELLITES,0250,0197,394 0250-0197
C099-L39,C099,C099-L35,337,RUMANIA,RAILROAD EQUIP REPAIR PLANTS-SATTELITES,0250,0290,337 0250-0290
C099-L40,C099,C099-L35,394,RUMANIA,RAILROAD YARDS & SHOPS- SATELLITES,0250,0291,394 0250-0291
C099-L41,C099,C099-L35,208,GOVERNMENT CONTROL CENTERS,,0250,0326,208 0250-0326
C099-L42,C099,C099-L35,266,PENICILLIN,,0250,0361,266 0250-0361
C099-L43,C099,C099-L35,275,POPULATION,,0250,9906,275 0250-9906
C099-L45,C099,C099-L44,376,WEST SUB-REGION UKRAINE REGION,RAILROAD YARDS & SHOPS- USSR,0250,0198,376 0250-0198
C099-L46,C099,C099-L44,290,RAILROAD BRIDGES,,0250,0248,290 0250-0248
C099-L47,C099,C099-L44,275,POPULATION,,0250,9887,275 0250-9887
C100-L05,C100,C100-L04,281,"PORTS, INLAND",,0494,0021,281 0494-0021
C100-L06,C100,C100-L04,275,POPULATION,,0494,9988,275 0494-9988
C100-L08,C100,C100-L07,374,WEST SUB-REGION CENTRAL IND REGION,RAILROAD YARDS & SHOPS- USSR,0153,0617,374 0153-0617
C100-L09,C100,C100-L07,275,POPULATION,,0153,9936,275 0153-9936
C100-L11,C100,C100-L10,227,"LIQUID FUELS, STORAGE NON-REFINERY",,0095,,227 0095-
C100-L12,C100,C100-L10,280,"PORTS, MARITIME",,0095,0001,280 0095-0001
C100-L13,C100,C100-L10,275,POPULATION,,0095,9999,275 0095-9999
C100-L15,C100,C100-L14,186,CHINA-OUTSIDE GRIDS,ELECTRIC POWER - SATELLITES,0386,0126,186 0386-0126
C100-L16,C100,C100-L14,275,POPULATION,,0386,9971,275 0386-9971
C100-L18,C100,C100-L17,246,"MILITARY STORAGE AREAS, ARMY & NAVY",,0164,0184,246 0164-0184
C100-L19,C100,C100-L17,275,POPULATION,,0164,9959,275 0164-9959
C100-L22,C100,C100-L20,290,RAILROAD BRIDGES,,0282,0033,290 0282-0033
C100-L23,C100,C100-L20,290,RAILROAD BRIDGES,,0282,0046,290 0282-0046
C100-L24,C100,C100-L20,227,"LIQUID FUELS, STORAGE NON-REFINERY",,0282,0055,227 0282-0055
C100-L25,C100,C100-L20,246,"MILITARY STORAGE AREAS, ARMY & NAVY",,0282,0073,246 0282-0073
C100-L26,C100,C100-L20,275,POPULATION,,0282,9998,275 0282-9998
C100-L29,C100,C100-L27,392,POLAND,RAILROAD YARDS & SHOPS- SATELLITES,0169,0721,392 0169-0721
C100-L30,C100,C100-L27,275,POPULATION,,0169,9863,275 0169-9863
C100-L32,C100,C100-L31,062,CAUSTIC SODA,,0169,0232,062 0169-0232
C100-L33,C100,C100-L31,425,SODA ASH,,0169,0232,425 0169-0232
C100-L34,C100,C100-L31,275,POPULATION,,0169,9879,275 0169-9879
C100-L36,C100,C100-L35,227,"LIQUID FUELS, STORAGE NON-REFINERY",,0093,,227 0093-
C100-L37,C100,C100-L35,140,NORTHWEST ECONOMIC REGION,ELECTRIC POWER - OUTSIDE GRIDS,0093,0007,140 0093-0007
C100-L38,C100,C100-L35,140,NORTHWEST ECONOMIC REGION,ELECTRIC POWER - OUTSIDE GRIDS,0093,0008,140 0093-0008
C100-L39,C100,C100-L35,275,POPULATION,,0093,9978,275 0093-9978
C100-L41,C100,C100-L40,290,RAILROAD BRIDGES,,0093,0010,290 0093-0010
C100-L42,C100,C100-L40,358,NORTHERN REGION,RAILROAD YARDS & SHOPS- USSR,0093,0013,358 0093-0013
C101-L02,C101,C100-L40,275,POPULATION,,0093,9998,275 0093-9998
C101-L04,C101,C101-L03,281,"PORTS, INLAND",,0495,0018,281 0495-0018
C101-L05,C101,C101-L03,275,POPULATION,,0495,9994,275 0495-9994
C101-L07,C101,C101-L06,227,"LIQUID FUELS, STORAGE NON-REFINERY",,0282,0057,227 0282-0057
C101-L08,C101,C101-L06,275,POPULATION,,0282,9947,275 0282-9947
C101-L10,C101,C101-L09,246,"MILITARY STORAGE AREAS, ARMY & NAVY",,0282,,246 0282-
C101-L11,C101,C101-L09,275,POPULATION,,0282,9945,275 0282-9945
C101-L13,C101,C101-L12,227,"LIQUID FUELS, STORAGE NON-REFINERY",,0156,,227 0156-
C101-L14,C101,C101-L12,275,POPULATION,,0156,9994,275 0156-9994
C101-L20,C101,C101-L15,241,"MILITARY HQS, ARMY",,0200,,241 0200-
C101-L21,C101,C101-L15,016,AIRFRAMES,,0200,0002,016 0200-0002
C101-L22,C101,C101-L15,095,EARTH MOVING EQUIPMENT,,0200,0003,095 0200-0003
C101-L23,C101,C101-L15,250,MINING MACHINERY,,0200,0003,250 0200-0003
C101-L24,C101,C101-L15,430,STEEL,,0200,0003,430 0200-0003
C101-L25,C101,C101-L15,306,EAST SIBERIAN & FAR EASTERN REGION,RAILROAD EQUIPMENT REPAIR PLANTS-USSR,0200,0014,306 0200-0014
C101-L26,C101,C101-L15,430,STEEL,,0200,0014,430 0200-0014
C101-L27,C101,C101-L15,102,ANGARA,ELECTRIC POWER - MAJOR GRIDS,0200,0015,102 0200-0015
C101-L28,C101,C101-L15,354,EAST SIBERIAN & FAR EASTERN REGION,RAILROAD YARDS & SHOPS- USSR,0200,0048,354 0200-0048
C101-L29,C101,C101-L15,354,EAST SIBERIAN & FAR EASTERN REGION,RAILROAD YARDS & SHOPS- USSR,0200,0049,354 0200-0049
C101-L30,C101,C101-L15,285,RADIO & TELEVISION,,0200,0051,285 0200-0051
C101-L31,C101,C101-L15,227,"LIQUID FUELS, STORAGE NON-REFINERY",,0200,0054,227 0200-0054
C101-L32,C101,C101-L15,230,MACHINE TOOLS,,0200,0057,230 0200-0057
C101-L33,C101,C101-L15,208,GOVERNMENT CONTROL CENTERS,,0200,0070,208 0200-0070
C101-L34,C101,C101-L15,227,"LIQUID FUELS, STORAGE NON-REFINERY",,0200,0072,227 0200-0072
C101-L35,C101,C101-L15,281,"PORTS, INLAND",,0200,0074,281 0200-0074
C101-L36,C101,C101-L15,246,"MILITARY STORAGE AREAS, ARMY & NAVY",,0200,0079,246 0200-0079
C101-L37,C101,C101-L15,246,"MILITARY STORAGE AREAS, ARMY & NAVY",,0200,0081,246 0200-0081
C101-L38,C101,C101-L15,102,ANGARA,ELECTRIC POWER - MAJOR GRIDS,0200,0085,102 0200-0085
C101-L39,C101,C101-L15,021,ALUMINUM,,0200,0087,021 0200-0087
C101-L40,C101,C101-L15,275,POPULATION,,0200,9999,275 0200-9999
C101-L43,C101,C101-L41,372,WEST SIBERIAN REGION,RAILROAD YARDS & SHOPS- USSR,0157,0008,372 0157-0008
C101-L44,C101,C101-L41,275,POPULATION,,0157,9999,275 0157-9999
C102-L06,C102,C102-L04,210,GUIDED MISSILES,,0167,,210 0167-
C102-L07,C102,C102-L04,275,POPULATION,,0167,9764,275 0167-9764
C102-L14,C102,C102-L12,016,AIRFRAMES,,0154,0122,016 0154-0122
C102-L15,C102,C102-L12,112,MOSCOW-GORKIY,ELECTRIC POWER - MAJOR GRIDS,0154,0175,112 0154-0175
C102-L16,C102,C102-L12,275,POPULATION,,0154,9852,275 0154-9852
C102-L18,C102,C102-L17,360,NORTHEAST SUB-REGION CENTRAL IND REG,RAILROAD YARDS & SHOPS- USSR,0154,0406,360 0154-0406
C102-L19,C102,C102-L17,275,POPULATION,,0154,9895,275 0154-9895
C102-L23,C102,C102-L20,227,"LIQUID FUELS, STORAGE NON-REFINERY",,0154,,227 0154-
C102-L24,C102,C102-L20,445,SULFURIC ACID,,0154,0001,445 0154-0001
C102-L25,C102,C102-L20,112,MOSCOW-GORKIY,ELECTRIC POWER - MAJOR GRIDS,0154,0038,112 0154-0038
C102-L26,C102,C102-L20,250,MINING MACHINERY,,0154,0131,250 0154-0131
C102-L27,C102,C102-L20,360,NORTHEAST SUB-REGION CENTRAL IND REG,RAILROAD YARDS & SHOPS- USSR,0154,0266,360 0154-0266
C102-L28,C102,C102-L20,360,NORTHEAST SUB-REGION CENTRAL IND REG,RAILROAD YARDS & SHOPS- USSR,0154,0267,360 0154-0267
C102-L29,C102,C102-L20,227,"LIQUID FUELS, STORAGE NON-REFINERY",,0154,0273,227 0154-0273
C102-L30,C102,C102-L20,208,GOVERNMENT CONTROL CENTERS,,0154,0395,208 0154-0395
C102-L31,C102,C102-L20,275,POPULATION,,0154,9997,275 0154-9997
C102-L34,C102,C102-L32,204,FERRO-ALLOYS,,0155,0006,204 0155-0006
C102-L35,C102,C102-L32,212,"GUNS, MAJOR CALIBER",,0155,0006,212 0155-0006
C102-L36,C102,C102-L32,214,"GUNS, SMALL ARMS",,0155,0006,214 0155-0006
C102-L37,C102,C102-L32,230,MACHINE TOOLS,,0155,0006,230 0155-0006
C102-L38,C102,C102-L32,430,STEEL,,0155,0006,430 0155-0006
C102-L39,C102,C102-L32,160,URALS REGION,ELECTRIC POWER - OUTSIDE GRIDS,0155,0052,160 0155-0052
C102-L40,C102,C102-L32,208,GOVERNMENT CONTROL CENTERS,,0155,0115,208 0155-0115
C102-L41,C102,C102-L32,227,"LIQUID FUELS, STORAGE NON-REFINERY",,0155,0118,227 0155-0118
C102-L42,C102,C102-L32,285,RADIO & TELEVISION,,0155,0130,285 0155-0130
C102-L43,C102,C102-L32,275,POPULATION,,0155,9998,275 0155-9998
C102-L46,C102,C102-L44,304,DONBAS SUB-REGION UKRAINE REGION,RAILROAD EQUIPMENT REPAIR PLANTS-USSR,0234,0046,304 0234-0046
C102-L47,C102,C102-L44,275,POPULATION,,0234,9971,275 0234-9971
C102-L49,C102,C102-L48,246,"MILITARY STORAGE AREAS, ARMY & NAVY",,0234,0470,246 0234-0470
C103-L04,C103,C102-L48,275,POPULATION,,0234,9641,275 0234-9641
C103-L06,C103,C103-L05,392,POLAND,RAILROAD YARDS & SHOPS- SATELLITES,0232,1096,392 0232-1096
C103-L07,C103,C103-L05,275,POPULATION,,0232,9528,275 0232-9528
C103-L11,C103,C103-L08,070,CHLOROMYCETIN,,0231,0505,070 0231-0505
C103-L12,C103,C103-L08,266,PENICILLIN,,0231,0505,266 0231-0505
C103-L13,C103,C103-L08,435,STREPTOMYCIN,,0231,0505,435 0231-0505
C103-L14,C103,C103-L08,264,OPTICAL EQUIPMENT,,0231,1233,264 0231-1233
C103-L15,C103,C103-L08,268,"PERISCOPES, SUBMARINE",,0231,1233,268 0231-1233
C103-L16,C103,C103-L08,388,EAST GERMANY,RAILROAD YARDS & SHOPS- SATELLITES,0231,1956,388 0231-1956
C103-L17,C103,C103-L08,388,EAST GERMANY,RAILROAD YARDS & SHOPS- SATELLITES,0231,1957,388 0231-1957
C103-L18,C103,C103-L08,334,EAST GERMANY,RAILROAD EQUIP REPAIR PLANTS-SATTELITES,0231,1959,334 0231-1959
C103-L19,C103,C103-L08,190,EAST GERMANY,ELECTRIC POWER - SATELLITES,0231,2675,190 0231-2675
C103-L20,C103,C103-L08,248,MILITARY TROOP INSTALLATIONS,,0231,3231,248 0231-3231
C103-L21,C103,C103-L08,275,POPULATION,,0231,9986,275 0231-9986
C103-L24,C103,C103-L22,246,"MILITARY STORAGE AREAS, ARMY & NAVY",,0231,1497,246 0231-1497
C103-L25,C103,C103-L22,275,POPULATION,,0231,9462,275 0231-9462
C103-L28,C103,C103-L26,275,POPULATION,,0231,,275 0231-
C103-L29,C103,C103-L26,248,MILITARY TROOP INSTALLATIONS,,0231,2802,248 0231-2802
C103-L32,C103,C103-L30,275,POPULATION,,0231,,275 0231-
C103-L33,C103,C103-L30,246,"MILITARY STORAGE AREAS, ARMY & NAVY",,0231,0608,246 0231-0608
C103-L35,C103,C103-L34,010,AGRICULTURAL EQUIPMENT,,0231,1967,010 0231-1967
C103-L36,C103,C103-L34,248,MILITARY TROOP INSTALLATIONS,,0231,3439,248 0231-3439
C103-L37,C103,C103-L34,275,POPULATION,,0231,9461,275 0231-9461
C103-L39,C103,C103-L38,248,MILITARY TROOP INSTALLATIONS,,0231,3795,248 0231-3795
C103-L40,C103,C103-L38,275,POPULATION,,0231,9094,275 0231-9094
C103-L42,C103,C103-L41,386,CZECHOSLOVAKIA,RAILROAD YARDS & SHOPS- SATELLITES,0231,3000,386 0231-3000
C103-L43,C103,C103-L41,248,MILITARY TROOP INSTALLATIONS,,0231,3437,248 0231-3437
C103-L44,C103,C103-L41,248,MILITARY TROOP INSTALLATIONS,,0231,3438,248 0231-3438
C103-L45,C103,C103-L41,246,"MILITARY STORAGE AREAS, ARMY & NAVY",,0231,3453,246 0231-3453
C103-L46,C103,C103-L41,290,RAILROAD BRIDGES,,0231,3536,290 0231-3536
C103-L47,C103,C103-L41,275,POPULATION,,0231,9503,275 0231-9503
C104-L03,C104,C103-L48,430,STEEL,,0231,1711,430 0231-1711
C104-L04,C104,C103-L48,275,POPULATION,,0231,9421,275 0231-9421
C104-L06,C104,C104-L05,248,MILITARY TROOP INSTALLATIONS,,0231,3772,248 0231-3772
C104-L07,C104,C104-L05,275,POPULATION,,0231,9103,275 0231-9103
C104-L09,C104,C104-L08,246,"MILITARY STORAGE AREAS, ARMY & NAVY",,0231,0434,246 0231-0434
C104-L10,C104,C104-L08,227,"LIQUID FUELS, STORAGE NON-REFINERY",,0231,0614,227 0231-0614
C104-L11,C104,C104-L08,248,MILITARY TROOP INSTALLATIONS,,0169,0962,248 0169-0962
C104-L12,C104,C104-L08,241,"MILITARY HQS, ARMY",,0169,1548,241 0169-1548
C104-L13,C104,C104-L08,246,"MILITARY STORAGE AREAS, ARMY & NAVY",,0169,1605,246 0169-1605
C104-L14,C104,C104-L08,388,EAST GERMANY,RAILROAD YARDS & SHOPS- SATELLITES,0231,2838,388 0231-2838
C104-L15,C104,C104-L08,275,POPULATION,,0231,9827,275 0231-9827
C104-L17,C104,C104-L16,275,POPULATION,,0231,,275 0231-
C104-L18,C104,C104-L16,246,"MILITARY STORAGE AREAS, ARMY & NAVY",,0231,1499,246 0231-1499
C104-L22,C104,C104-L19,106,DNEPR-DONETS,ELECTRIC POWER - MAJOR GRIDS,0234,0196,106 0234-0196
C104-L23,C104,C104-L19,075,COKE CHEMICALS,,0234,0202,075 0234-0202
C104-L24,C104,C104-L19,075,COKE CHEMICALS,,0234,0205,075 0234-0205
C104-L25,C104,C104-L19,250,MINING MACHINERY,,0234,0383,250 0234-0383
C104-L26,C104,C104-L19,275,POPULATION,,0234,9909,275 0234-9909
C104-L29,C104,C104-L27,075,COKE CHEMICALS,,0234,0054,075 0234-0054
C104-L30,C104,C104-L27,270,PIG IRON,,0234,0054,270 0234-0054
C104-L31,C104,C104-L27,352,DONBAS SUB-REGION UKRAINE REGION,RAILROAD YARDS & SHOPS- USSR,0234,0429,352 0234-0429
C104-L32,C104,C104-L27,275,POPULATION,,0234,9980,275 0234-9980
C104-L35,C104,C104-L33,227,"LIQUID FUELS, STORAGE NON-REFINERY",,0234,,227 0234-
C104-L36,C104,C104-L33,275,POPULATION,,0234,,275 0234-
C104-L37,C104,C104-L33,352,DONBAS SUB-REGION UKRAINE REGION,RAILROAD YARDS & SHOPS- USSR,0234,0406,352 0234-0406
C104-L38,C104,C104-L33,304,DONBAS SUB-REGION UKRAINE REGION,RAILROAD EQUIPMENT REPAIR PLANTS-USSR,0234,0434,304 0234-0434
C104-L41,C104,C104-L39,075,COKE CHEMICALS,,0234,0009,075 0234-0009
C104-L42,C104,C104-L39,270,PIG IRON,,0234,0009,270 0234-0009
C104-L43,C104,C104-L39,430,STEEL,,0234,0009,430 0234-0009
C104-L44,C104,C104-L39,106,DNEPR-DONETS,ELECTRIC POWER - MAJOR GRIDS,0234,0351,106 0234-0351
C104-L45,C104,C104-L39,352,DONBAS SUB-REGION UKRAINE REGION,RAILROAD YARDS & SHOPS- USSR,0234,0376,352 0234-0376
C104-L46,C104,C104-L39,248,MILITARY TROOP INSTALLATIONS,,0234,0466,248 0234-0466
C104-L47,C104,C104-L39,275,POPULATION,,0234,9959,275 0234-9959
C105-L05,C105,C104-L48,243,MILITARY SCHOOLS,,0385,,243 0385-
C105-L06,C105,C104-L48,246,"MILITARY STORAGE AREAS, ARMY & NAVY",,0385,,246 0385-
C105-L07,C105,C104-L48,384,CHINA,RAILROAD YARDS & SHOPS- SATELLITES,0385,0038,384 0385-0038
C105-L08,C105,C104-L48,275,POPULATION,,0385,9999,275 0385-9999
C105-L11,C105,C105-L09,370,WESTERN REGION,RAILROAD YARDS & SHOPS- USSR,0168,0425,370 0168-0425
C105-L12,C105,C105-L09,275,POPULATION,,0168,9817,275 0168-9817
C105-L15,C105,C105-L13,227,"LIQUID FUELS, STORAGE NON-REFINERY",,0250,,227 0250-
C105-L16,C105,C105-L13,106,DNEPR-DONETS,ELECTRIC POWER - MAJOR GRIDS,0250,0246,106 0250-0246
C105-L17,C105,C105-L13,275,POPULATION,,0250,9923,275 0250-9923
C105-L19,C105,C105-L18,227,"LIQUID FUELS, STORAGE NON-REFINERY",,0234,,227 0234-
C105-L20,C105,C105-L18,275,POPULATION,,0234,9669,275 0234-9669
C105-L26,C105,C105-L21,227,"LIQUID FUELS, STORAGE NON-REFINERY",,0154,,227 0154-
C105-L27,C105,C105-L21,243,MILITARY SCHOOLS,,0154,,243 0154-
C105-L28,C105,C105-L21,292,RAILROAD FREIGHT CARS,,0154,0048,292 0154-0048
C105-L29,C105,C105-L21,112,MOSCOW-GORKIY,ELECTRIC POWER - MAJOR GRIDS,0154,0057,112 0154-0057
C105-L30,C105,C105-L21,356,MOSCOW SUB-REGION CENTRAL IND REGION,RAILROAD YARDS & SHOPS- USSR,0154,0085,356 0154-0085
C105-L31,C105,C105-L21,290,RAILROAD BRIDGES,,0154,0145,290 0154-0145
C105-L32,C105,C105-L21,112,MOSCOW-GORKIY,ELECTRIC POWER - MAJOR GRIDS,0154,0177,112 0154-0177
C105-L33,C105,C105-L21,112,MOSCOW-GORKIY,ELECTRIC POWER - MAJOR GRIDS,0154,0178,112 0154-0178
C105-L34,C105,C105-L21,227,"LIQUID FUELS, STORAGE NON-REFINERY",,0154,0369,227 0154-0369
C105-L35,C105,C105-L21,208,GOVERNMENT CONTROL CENTERS,,0154,0402,208 0154-0402
C105-L36,C105,C105-L21,281,"PORTS, INLAND",,0154,0415,281 0154-0415
C105-L37,C105,C105-L21,248,MILITARY TROOP INSTALLATIONS,,0154,0439,248 0154-0439
C105-L38,C105,C105-L21,243,MILITARY SCHOOLS,,0154,0440,243 0154-0440
C105-L39,C105,C105-L21,248,MILITARY TROOP INSTALLATIONS,,0154,0455,248 0154-0455
C105-L40,C105,C105-L21,275,POPULATION,,0154,9998,275 0154-9998
C105-L45,C105,C105-L41,227,"LIQUID FUELS, STORAGE NON-REFINERY",,0169,,227 0169-
C105-L46,C105,C105-L41,240,"MILITARY CONTROLS, AIR FORCE",,0169,,240 0169-
C106-L04,C106,C105-L41,241,"MILITARY HQS, ARMY",,0169,,241 0169-
C106-L05,C106,C105-L41,415,SHIPBUILDING,,0169,0100,415 0169-0100
C106-L06,C106,C105-L41,420,SHIP REPAIR,,0169,0100,420 0169-0100
C106-L07,C106,C105-L41,437,SUBMARINE BASES,,0169,0100,437 0169-0100
C106-L08,C106,C105-L41,292,RAILROAD FREIGHT CARS,,0169,0101,292 0169-0101
C106-L09,C106,C105-L41,227,"LIQUID FUELS, STORAGE NON-REFINERY",,0169,0218,227 0169-0218
C106-L10,C106,C105-L41,227,"LIQUID FUELS, STORAGE NON-REFINERY",,0169,0219,227 0169-0219
C106-L11,C106,C105-L41,280,"PORTS, MARITIME",,0169,0334,280 0169-0334
C106-L12,C106,C105-L41,370,WESTERN REGION,RAILROAD YARDS & SHOPS- USSR,0169,0367,370 0169-0367
C106-L13,C106,C105-L41,322,WESTERN REGION,RAILROAD EQUIPMENT REPAIR PLANTS-USSR,0169,0419,322 0169-0419
C106-L14,C106,C105-L41,322,WESTERN REGION,RAILROAD EQUIPMENT REPAIR PLANTS-USSR,0169,0420,322 0169-0420
C106-L15,C106,C105-L41,370,WESTERN REGION,RAILROAD YARDS & SHOPS- USSR,0169,0421,370 0169-0421
C106-L16,C106,C105-L41,370,WESTERN REGION,RAILROAD YARDS & SHOPS- USSR,0169,0422,370 0169-0422
C106-L17,C106,C105-L41,170,WEST ECONOMIC REGION,ELECTRIC POWER - OUTSIDE GRIDS,0169,0450,170 0169-0450
C106-L18,C106,C105-L41,170,WEST ECONOMIC REGION,ELECTRIC POWER - OUTSIDE GRIDS,0169,0451,170 0169-0451
C106-L19,C106,C105-L41,170,WEST ECONOMIC REGION,ELECTRIC POWER - OUTSIDE GRIDS,0169,0452,170 0169-0452
C106-L20,C106,C105-L41,280,"PORTS, MARITIME",,0169,0669,280 0169-0669
C106-L21,C106,C105-L41,208,GOVERNMENT CONTROL CENTERS,,0169,0952,208 0169-0952
C106-L22,C106,C105-L41,246,"MILITARY STORAGE AREAS, ARMY & NAVY",,0169,1005,246 0169-1005
C106-L23,C106,C105-L41,246,"MILITARY STORAGE AREAS, ARMY & NAVY",,0169,1007,246 0169-1007
C106-L24,C106,C105-L41,248,MILITARY TROOP INSTALLATIONS,,0169,1092,248 0169-1092
C106-L25,C106,C105-L41,248,MILITARY TROOP INSTALLATIONS,,0169,1095,248 0169-1095
C106-L26,C106,C105-L41,275,POPULATION,,0169,9999,275 0169-9999
C106-L29,C106,C106-L27,227,"LIQUID FUELS, STORAGE NON-REFINERY",,0169,,227 0169-
C106-L30,C106,C106-L27,275,POPULATION,,0169,,275 0169-
C106-L33,C106,C106-L31,170,WEST ECONOMIC REGION,ELECTRIC POWER - OUTSIDE GRIDS,0169,0621,170 0169-0621
C106-L34,C106,C106-L31,275,POPULATION,,0169,9898,275 0169-9898
C106-L36,C106,C106-L35,370,WESTERN REGION,RAILROAD YARDS & SHOPS- USSR,0168,0022,370 0168-0022
C106-L37,C106,C106-L35,275,POPULATION,,0168,9996,275 0168-9996
C106-L40,C106,C106-L38,227,"LIQUID FUELS, STORAGE NON-REFINERY",,0168,,227 0168-
C106-L41,C106,C106-L38,275,POPULATION,,0168,,275 0168-
C106-L43,C106,C106-L42,392,POLAND,RAILROAD YARDS & SHOPS- SATELLITES,0232,0753,392 0232-0753
C106-L44,C106,C106-L42,275,POPULATION,,0232,9633,275 0232-9633
C106-L46,C106,C106-L45,336,POLAND,RAILROAD EQUIP REPAIR PLANTS-SATTELITES,0232,0883,336 0232-0883
C106-L47,C106,C106-L45,392,POLAND,RAILROAD YARDS & SHOPS- SATELLITES,0232,0884,392 0232-0884
C106-L48,C106,C106-L45,275,POPULATION,,0232,9840,275 0232-9840
C106-L50,C106,C106-L49,248,MILITARY TROOP INSTALLATIONS,,0252,0986,248 0252-0986
C107-L04,C107,C106-L49,275,POPULATION,,0252,9538,275 0252-9538
C107-L07,C107,C107-L05,108,KUZNETSK,ELECTRIC POWER - MAJOR GRIDS,0161,0089,108 0161-0089
C107-L08,C107,C107-L05,275,POPULATION,,0161,9953,275 0161-9953
C107-L12,C107,C107-L09,227,"LIQUID FUELS, STORAGE NON-REFINERY",,0167,,227 0167-
C107-L13,C107,C107-L09,362,SOUTHERN SUB-REGION CENTRAL IND REG,RAILROAD YARDS & SHOPS- USSR,0167,0064,362 0167-0064
C107-L14,C107,C107-L09,314,SOUTHERN SUB-REGION CENTRAL IND REG,RAILROAD EQUIPMENT REPAIR PLANTS-USSR,0167,0070,314 0167-0070
C107-L15,C107,C107-L09,112,MOSCOW-GORKIY,ELECTRIC POWER - MAJOR GRIDS,0167,0156,112 0167-0156
C107-L16,C107,C107-L09,246,"MILITARY STORAGE AREAS, ARMY & NAVY",,0167,0851,246 0167-0851
C107-L17,C107,C107-L09,112,MOSCOW-GORKIY,ELECTRIC POWER - MAJOR GRIDS,0167,0887,112 0167-0887
C107-L18,C107,C107-L09,208,GOVERNMENT CONTROL CENTERS,,0167,0975,208 0167-0975
C107-L19,C107,C107-L09,275,POPULATION,,0167,9990,275 0167-9990
C107-L21,C107,C107-L20,227,"LIQUID FUELS, STORAGE NON-REFINERY",,0155,,227 0155-
C107-L22,C107,C107-L20,275,POPULATION,,0155,9986,275 0155-9986
C107-L24,C107,C107-L23,246,"MILITARY STORAGE AREAS, ARMY & NAVY",,0233,0250,246 0233-0250
C107-L25,C107,C107-L23,376,WEST SUB-REGION UKRAINE REGION,RAILROAD YARDS & SHOPS- USSR,0233,0251,376 0233-0251
C107-L26,C107,C107-L23,275,POPULATION,,0233,9891,275 0233-9891
C107-L29,C107,C107-L27,106,DNEPR-DONETS,ELECTRIC POWER - MAJOR GRIDS,0234,0001,106 0234-0001
C107-L30,C107,C107-L27,282,PROPELLANTS,,0234,0037,282 0234-0037
C107-L31,C107,C107-L27,445,SULFURIC ACID,,0234,0037,445 0234-0037
C107-L32,C107,C107-L27,290,RAILROAD BRIDGES,,0234,0132,290 0234-0132
C107-L33,C107,C107-L27,350,CAUCASUS REGION,RAILROAD YARDS & SHOPS- USSR,0234,0338,350 0234-0338
C107-L34,C107,C107-L27,281,"PORTS, INLAND",,0234,0450,281 0234-0450
C107-L35,C107,C107-L27,275,POPULATION,,0234,9973,275 0234-9973
C107-L38,C107,C107-L36,227,"LIQUID FUELS, STORAGE NON-REFINERY",,0234,,227 0234-
C107-L39,C107,C107-L36,350,CAUCASUS REGION,RAILROAD YARDS & SHOPS- USSR,0234,0322,350 0234-0322
C107-L40,C107,C107-L36,275,POPULATION,,0234,9757,275 0234-9757
C107-L44,C107,C107-L41,020,ALUMINA,,0156,0015,020 0156-0015
C108-L04,C108,C107-L41,021,ALUMINUM,,0156,0015,021 0156-0015
C108-L05,C108,C107-L41,118,URALS,ELECTRIC POWER - MAJOR GRIDS,0156,0335,118 0156-0335
C108-L06,C108,C107-L41,366,URALS REGION,RAILROAD YARDS & SHOPS- USSR,0156,0396,366 0156-0396
C108-L07,C108,C107-L41,275,POPULATION,,0156,9985,275 0156-9985
C108-L09,C108,C108-L08,227,"LIQUID FUELS, STORAGE NON-REFINERY",,0165,,227 0165-
C108-L10,C108,C108-L08,275,POPULATION,,0165,,275 0165-
C108-L14,C108,C108-L11,243,MILITARY SCHOOLS,,0235,,243 0235-
C108-L15,C108,C108-L11,227,"LIQUID FUELS, STORAGE NON-REFINERY",,0235,0133,227 0235-0133
C108-L16,C108,C108-L11,281,"PORTS, INLAND",,0235,0148,281 0235-0148
C108-L17,C108,C108-L11,368,VOLGA REGION,RAILROAD YARDS & SHOPS- USSR,0235,0183,368 0235-0183
C108-L18,C108,C108-L11,368,VOLGA REGION,RAILROAD YARDS & SHOPS- USSR,0235,0184,368 0235-0184
C108-L19,C108,C108-L11,275,POPULATION,,0235,9992,275 0235-9992
C108-L21,C108,C108-L20,366,URALS REGION,RAILROAD YARDS & SHOPS- USSR,0156,0392,366 0156-0392
C108-L22,C108,C108-L20,275,POPULATION,,0156,9979,275 0156-9979
C108-L24,C108,C108-L23,312,NORTHEAST SUB-REGION CENTRAL IND REG,RAILROAD EQUIPMENT REPAIR PLANTS-USSR,0166,0057,312 0166-0057
C108-L25,C108,C108-L23,275,POPULATION,,0166,9991,275 0166-9991
C108-L28,C108,C108-L26,275,POPULATION,,0236,,275 0236-
C108-L29,C108,C108-L26,372,WEST SIBERIAN REGION,RAILROAD YARDS & SHOPS- USSR,0236,0075,372 0236-0075
C108-L34,C108,C108-L30,114,MURMANSK,ELECTRIC POWER - MAJOR GRIDS,0091,0001,114 0091-0001
C108-L35,C108,C108-L30,280,"PORTS, MARITIME",,0091,0002,280 0091-0002
C108-L36,C108,C108-L30,020,ALUMINA,,0091,0008,020 0091-0008
C108-L37,C108,C108-L30,021,ALUMINUM,,0091,0008,021 0091-0008
C108-L38,C108,C108-L30,114,MURMANSK,ELECTRIC POWER - MAJOR GRIDS,0091,0015,114 0091-0015
C108-L39,C108,C108-L30,114,MURMANSK,ELECTRIC POWER - MAJOR GRIDS,0091,0023,114 0091-0023
C108-L40,C108,C108-L30,358,NORTHERN REGION,RAILROAD YARDS & SHOPS- USSR,0091,0035,358 0091-0035
C108-L41,C108,C108-L30,275,POPULATION,,0091,9998,275 0091-9998
C109-L04,C109,C108-L42,281,"PORTS, INLAND",,0498,0030,281 0498-0030
C109-L05,C109,C108-L42,275,POPULATION,,0498,9979,275 0498-9979
C109-L07,C109,C109-L06,243,MILITARY SCHOOLS,,0159,,243 0159-
C109-L08,C109,C109-L06,354,EAST SIBERIAN & FAR EASTERN REGION,RAILROAD YARDS & SHOPS- USSR,0159,0043,354 0159-0043
C109-L09,C109,C109-L06,275,POPULATION,,0159,9995,275 0159-9995
C109-L12,C109,C109-L10,354,EAST SIBERIAN & FAR EASTERN REGION,RAILROAD YARDS & SHOPS- USSR,0159,0045,354 0159-0045
C109-L13,C109,C109-L10,275,POPULATION,,0159,9983,275 0159-9983
C109-L15,C109,C109-L14,135,KAZAKHSTAN-CENTRAL ASIA ECONOMIC REGION,ELECTRIC POWER - OUTSIDE GRIDS,0328,0212,135 0328-0212
C109-L16,C109,C109-L14,275,POPULATION,,0328,9897,275 0328-9897
C109-L18,C109,C109-L17,248,MILITARY TROOP INSTALLATIONS,,0231,3443,248 0231-3443
C109-L19,C109,C109-L17,248,MILITARY TROOP INSTALLATIONS,,0231,3775,248 0231-3775
C109-L20,C109,C109-L17,275,POPULATION,,0231,9102,275 0231-9102
C109-L22,C109,C109-L21,390,HUNGARY,RAILROAD YARDS & SHOPS- SATELLITES,0252,0884,390 0252-0884
C109-L23,C109,C109-L21,248,MILITARY TROOP INSTALLATIONS,,0252,0985,248 0252-0985
C109-L24,C109,C109-L21,275,POPULATION,,0252,9550,275 0252-9550
C109-L26,C109,C109-L25,275,POPULATION,,0252,,275 0252-
C109-L27,C109,C109-L25,390,HUNGARY,RAILROAD YARDS & SHOPS- SATELLITES,0252,0892,390 0252-0892
C109-L32,C109,C109-L28,210,GUIDED MISSILES,,0235,0152,210 0235-0152
C109-L33,C109,C109-L28,275,POPULATION,,0235,9913,275 0235-9913
C109-L35,C109,C109-L34,246,"MILITARY STORAGE AREAS, ARMY & NAVY",,0167,0978,246 0167-0978
C109-L36,C109,C109-L34,275,POPULATION,,0167,9843,275 0167-9843
C109-L39,C109,C109-L37,362,SOUTHERN SUB-REGION CENTRAL IND REG,RAILROAD YARDS & SHOPS- USSR,0167,0979,362 0167-0979
C109-L40,C109,C109-L37,275,POPULATION,,0167,9952,275 0167-9952
C110-L05,C110,C109-L41,250,MINING MACHINERY,,0238,0001,250 0238-0001
C110-L06,C110,C109-L41,372,WEST SIBERIAN REGION,RAILROAD YARDS & SHOPS- USSR,0238,0007,372 0238-0007
C110-L07,C110,C109-L41,135,KAZAKHSTAN-CENTRAL ASIA ECONOMIC REGION,ELECTRIC POWER - OUTSIDE GRIDS,0238,0023,135 0238-0023
C110-L08,C110,C109-L41,208,GOVERNMENT CONTROL CENTERS,,0238,0039,208 0238-0039
C110-L09,C110,C109-L41,275,POPULATION,,0238,9999,275 0238-9999
C110-L12,C110,C110-L10,227,"LIQUID FUELS, STORAGE NON-REFINERY",,0238,,227 0238-
C110-L13,C110,C110-L10,135,KAZAKHSTAN-CENTRAL ASIA ECONOMIC REGION,ELECTRIC POWER - OUTSIDE GRIDS,0238,0005,135 0238-0005
C110-L14,C110,C110-L10,430,STEEL,,0238,0031,430 0238-0031
C110-L15,C110,C110-L10,060,CALCIUM CARBIDE,,0238,0034,060 0238-0034
C110-L16,C110,C110-L10,400,"RUBBER, SYNTHETIC",,0238,0034,400 0238-0034
C110-L17,C110,C110-L10,275,POPULATION,,0238,9973,275 0238-9973
C110-L20,C110,C110-L19,227,"LIQUID FUELS, STORAGE NON-REFINERY",,0249,,227 0249-
C110-L21,C110,C110-L19,275,POPULATION,,0249,9818,275 0249-9818
C110-L23,C110,C110-L22,245,"MILITARY STORAGE AREAS, AIR FORCE",,0322,0142,245 0322-0142
C110-L24,C110,C110-L22,382,BULGARIA,RAILROAD YARDS & SHOPS- SATELLITES,0322,0421,382 0322-0421
C110-L25,C110,C110-L22,275,POPULATION,,0322,9981,275 0322-9981
C110-L27,C110,C110-L26,023,AMMUNITION,,0322,0274,023 0322-0274
C110-L28,C110,C110-L26,246,"MILITARY STORAGE AREAS, ARMY & NAVY",,0322,0511,246 0322-0511
C110-L29,C110,C110-L26,275,POPULATION,,0322,9768,275 0322-9768
C110-L31,C110,C110-L30,386,CZECHOSLOVAKIA,RAILROAD YARDS & SHOPS- SATELLITES,0231,0246,386 0231-0246
C110-L32,C110,C110-L30,248,MILITARY TROOP INSTALLATIONS,,0231,3442,248 0231-3442
C110-L33,C110,C110-L30,275,POPULATION,,0231,9928,275 0231-9928
C110-L35,C110,C110-L34,030,ANTI-FRICTION BEARINGS,,0231,0219,030 0231-0219
C110-L36,C110,C110-L34,275,POPULATION,,0231,9941,275 0231-9941
C110-L38,C110,C110-L37,290,RAILROAD BRIDGES,,0322,0289,290 0322-0289
C110-L39,C110,C110-L37,382,BULGARIA,RAILROAD YARDS & SHOPS- SATELLITES,0322,0411,382 0322-0411
C110-L40,C110,C110-L37,275,POPULATION,,0322,9995,275 0322-9995
C110-L42,C110,C110-L41,246,"MILITARY STORAGE AREAS, ARMY & NAVY",,0322,0565,246 0322-0565
C110-L43,C110,C110-L41,275,POPULATION,,0322,9739,275 0322-9739
C111-L04,C111,C110-L44,084,"COPPER, SMELTED",,0246,0002,084 0246-0002
C111-L05,C111,C110-L44,275,POPULATION,,0246,9990,275 0246-9990
C111-L08,C111,C111-L06,366,URALS REGION,RAILROAD YARDS & SHOPS- USSR,0164,0153,366 0164-0153
C111-L09,C111,C111-L06,366,URALS REGION,RAILROAD YARDS & SHOPS- USSR,0164,0174,366 0164-0174
C111-L10,C111,C111-L06,275,POPULATION,,0164,9956,275 0164-9956
C111-L13,C111,C111-L11,354,EAST SIBERIAN & FAR EASTERN REGION,RAILROAD YARDS & SHOPS- USSR,0201,0050,354 0201-0050
C111-L14,C111,C111-L11,275,POPULATION,,0201,9961,275 0201-9961
C111-L17,C111,C111-L15,112,MOSCOW-GORKIY,ELECTRIC POWER - MAJOR GRIDS,0167,0014,112 0167-0014
C111-L18,C111,C111-L15,362,SOUTHERN SUB-REGION CENTRAL IND REG,RAILROAD YARDS & SHOPS- USSR,0167,0880,362 0167-0880
C111-L19,C111,C111-L15,281,"PORTS, INLAND",,0167,0935,281 0167-0935
C111-L20,C111,C111-L15,275,POPULATION,,0167,9981,275 0167-9981
C111-L23,C111,C111-L21,246,"MILITARY STORAGE AREAS, ARMY & NAVY",,0167,,246 0167-
C111-L24,C111,C111-L21,275,POPULATION,,0167,9949,275 0167-9949
C111-L27,C111,C111-L25,362,SOUTHERN SUB-REGION CENTRAL IND REG,RAILROAD YARDS & SHOPS- USSR,0167,0154,362 0167-0154
C111-L28,C111,C111-L25,275,POPULATION,,0167,9992,275 0167-9992
C111-L31,C111,C111-L29,227,"LIQUID FUELS, STORAGE NON-REFINERY",,0167,,227 0167-
C111-L32,C111,C111-L29,112,MOSCOW-GORKIY,ELECTRIC POWER - MAJOR GRIDS,0167,0933,112 0167-0933
C111-L33,C111,C111-L29,275,POPULATION,,0167,9965,275 0167-9965
C111-L36,C111,C111-L34,362,SOUTHERN SUB-REGION CENTRAL IND REG,RAILROAD YARDS & SHOPS- USSR,0234,0084,362 0234-0084
C111-L37,C111,C111-L34,275,POPULATION,,0234,9972,275 0234-9972
C111-L39,C111,C111-L38,227,"LIQUID FUELS, STORAGE NON-REFINERY",,0205,0010,227 0205-0010
C111-L40,C111,C111-L38,280,"PORTS, MARITIME",,0205,0042,280 0205-0042
C111-L41,C111,C111-L38,275,POPULATION,,0205,9994,275 0205-9994
C111-L44,C111,C111-L42,270,PIG IRON,,0164,0009,270 0164-0009
C112-L03,C112,C111-L42,430,STEEL,,0164,0009,430 0164-0009
C112-L04,C112,C111-L42,275,POPULATION,,0164,9988,275 0164-9988
C112-L07,C112,C112-L05,118,URALS,ELECTRIC POWER - MAJOR GRIDS,0164,0178,118 0164-0178
C112-L08,C112,C112-L05,366,URALS REGION,RAILROAD YARDS & SHOPS- USSR,0164,0187,366 0164-0187
C112-L09,C112,C112-L05,275,POPULATION,,0164,9948,275 0164-9948
C112-L12,C112,C112-L10,212,"GUNS, MAJOR CALIBER",,0164,0106,212 0164-0106
C112-L13,C112,C112-L10,275,POPULATION,,0164,9981,275 0164-9981
C112-L16,C112,C112-L14,118,URALS,ELECTRIC POWER - MAJOR GRIDS,0164,0180,118 0164-0180
C112-L17,C112,C112-L14,275,POPULATION,,0164,9904,275 0164-9904
C112-L19,C112,C112-L18,170,WEST ECONOMIC REGION,ELECTRIC POWER - OUTSIDE GRIDS,0168,0044,170 0168-0044
C112-L20,C112,C112-L18,290,RAILROAD BRIDGES,,0168,0053,290 0168-0053
C112-L21,C112,C112-L18,370,WESTERN REGION,RAILROAD YARDS & SHOPS- USSR,0168,0109,370 0168-0109
C112-L22,C112,C112-L18,214,"GUNS, SMALL ARMS",,0168,0110,214 0168-0110
C112-L23,C112,C112-L18,246,"MILITARY STORAGE AREAS, ARMY & NAVY",,0168,0174,246 0168-0174
C112-L24,C112,C112-L18,281,"PORTS, INLAND",,0168,0227,281 0168-0227
C112-L25,C112,C112-L18,370,WESTERN REGION,RAILROAD YARDS & SHOPS- USSR,0168,0239,370 0168-0239
C112-L26,C112,C112-L18,275,POPULATION,,0168,9999,275 0168-9999
C112-L28,C112,C112-L27,275,POPULATION,,0121,,275 0121-
C112-L29,C112,C112-L27,280,"PORTS, MARITIME",,0121,,280 0121-
C112-L34,C112,C112-L30,227,"LIQUID FUELS, STORAGE NON-REFINERY",,0165,,227 0165-
C112-L35,C112,C112-L30,243,MILITARY SCHOOLS,,0165,,243 0165-
C112-L36,C112,C112-L30,248,MILITARY TROOP INSTALLATIONS,,0165,,248 0165-
C112-L37,C112,C112-L30,400,"RUBBER, SYNTHETIC",,0165,0007,400 0165-0007
C112-L38,C112,C112-L30,165,VOLGA ECONOMIC REGION,ELECTRIC POWER - OUTSIDE GRIDS,0165,0008,165 0165-0008
C112-L39,C112,C112-L30,016,AIRFRAMES,,0165,0013,016 0165-0013
C112-L40,C112,C112-L30,215,HIGH EXPLOSIVES,,0165,0019,215 0165-0019
C112-L41,C112,C112-L30,282,PROPELLANTS,,0165,0019,282 0165-0019
C112-L42,C112,C112-L30,445,SULFURIC ACID,,0165,0019,445 0165-0019
C112-L43,C112,C112-L30,015,AIRCRAFT ENGINES,,0165,0023,015 0165-0023
C112-L44,C112,C112-L30,016,AIRFRAMES,,0165,0031,016 0165-0031
C112-L45,C112,C112-L30,165,VOLGA ECONOMIC REGION,ELECTRIC POWER - OUTSIDE GRIDS,0165,0053,165 0165-0053
C112-L46,C112,C112-L30,227,"LIQUID FUELS, STORAGE NON-REFINERY",,0165,0056,227 0165-0056
C112-L47,C112,C112-L30,368,VOLGA REGION,RAILROAD YARDS & SHOPS- USSR,0165,0057,368 0165-0057
C112-L48,C112,C112-L30,281,"PORTS, INLAND",,0165,0058,281 0165-0058
C112-L49,C112,C112-L30,264,OPTICAL EQUIPMENT,,0165,0069,264 0165-0069
C113-L03,C113,C112-L30,268,"PERISCOPES, SUBMARINE",,0165,0069,268 0165-0069
C113-L04,C113,C112-L30,010,AGRICULTURAL EQUIPMENT,,0165,0093,010 0165-0093
C113-L05,C113,C112-L30,246,"MILITARY STORAGE AREAS, ARMY & NAVY",,0165,0205,246 0165-0205
C113-L06,C113,C112-L30,246,"MILITARY STORAGE AREAS, ARMY & NAVY",,0165,0226,246 0165-0226
C113-L07,C113,C112-L30,368,VOLGA REGION,RAILROAD YARDS & SHOPS- USSR,0165,0227,368 0165-0227
C113-L08,C113,C112-L30,281,"PORTS, INLAND",,0165,0233,281 0165-0233
C113-L09,C113,C112-L30,165,VOLGA ECONOMIC REGION,ELECTRIC POWER - OUTSIDE GRIDS,0165,0267,165 0165-0267
C113-L10,C113,C112-L30,208,GOVERNMENT CONTROL CENTERS,,0165,0286,208 0165-0286
C113-L11,C113,C112-L30,246,"MILITARY STORAGE AREAS, ARMY & NAVY",,0165,0306,246 0165-0306
C113-L12,C113,C112-L30,246,"MILITARY STORAGE AREAS, ARMY & NAVY",,0165,0307,246 0165-0307
C113-L13,C113,C112-L30,275,POPULATION,,0165,9999,275 0165-9999
C113-L15,C113,C113-L14,227,"LIQUID FUELS, STORAGE NON-REFINERY",,0250,,227 0250-
C113-L16,C113,C113-L14,275,POPULATION,,0250,9854,275 0250-9854
C113-L18,C113,C113-L17,240,"MILITARY CONTROLS, AIR FORCE",,0322,,240 0322-
C113-L19,C113,C113-L17,241,"MILITARY HQS, ARMY",,0322,,241 0322-
C113-L20,C113,C113-L17,245,"MILITARY STORAGE AREAS, AIR FORCE",,0322,0079,245 0322-0079
C113-L21,C113,C113-L17,023,AMMUNITION,,0322,0227,023 0322-0227
C113-L22,C113,C113-L17,230,MACHINE TOOLS,,0322,0227,230 0322-0227
C113-L23,C113,C113-L17,282,PROPELLANTS,,0322,0227,282 0322-0227
C113-L24,C113,C113-L17,248,MILITARY TROOP INSTALLATIONS,,0322,0501,248 0322-0501
C113-L25,C113,C113-L17,246,"MILITARY STORAGE AREAS, ARMY & NAVY",,0322,0512,246 0322-0512
C113-L26,C113,C113-L17,245,"MILITARY STORAGE AREAS, AIR FORCE",,0322,0567,245 0322-0567
C113-L27,C113,C113-L17,275,POPULATION,,0322,9979,275 0322-9979
C113-L29,C113,C113-L28,282,PROPELLANTS,,0322,0225,282 0322-0225
C113-L30,C113,C113-L28,275,POPULATION,,0322,9135,275 0322-9135
C113-L32,C113,C113-L31,350,CAUCASUS REGION,RAILROAD YARDS & SHOPS- USSR,0325,0075,350 0325-0075
C113-L33,C113,C113-L31,275,POPULATION,,0325,9985,275 0325-9985
C113-L35,C113,C113-L34,390,HUNGARY,RAILROAD YARDS & SHOPS- SATELLITES,0251,0734,390 0251-0734
C113-L36,C113,C113-L34,208,GOVERNMENT CONTROL CENTERS,,0251,0835,208 0251-0835
C113-L37,C113,C113-L34,248,MILITARY TROOP INSTALLATIONS,,0251,0879,248 0251-0879
C113-L38,C113,C113-L34,275,POPULATION,,0251,9981,275 0251-9981
C113-L40,C113,C113-L39,248,MILITARY TROOP INSTALLATIONS,,0251,0881,248 0251-0881
C113-L41,C113,C113-L39,275,POPULATION,,0251,9807,275 0251-9807
C113-L44,C113,C113-L42,240,"MILITARY CONTROLS, AIR FORCE",,0168,,240 0168-
C113-L45,C113,C113-L42,275,POPULATION,,0168,9890,275 0168-9890
C114-L05,C114,C114-L03,170,WEST ECONOMIC REGION,ELECTRIC POWER - OUTSIDE GRIDS,0153,0003,170 0153-0003
C114-L06,C114,C114-L03,275,POPULATION,,0153,9973,275 0153-9973
C114-L08,C114,C114-L07,246,"MILITARY STORAGE AREAS, ARMY & NAVY",,0153,,246 0153-
C114-L09,C114,C114-L07,275,POPULATION,,0153,,275 0153-
C114-L12,C114,C114-L10,280,"PORTS, MARITIME",,0091,0003,280 0091-0003
C114-L13,C114,C114-L10,358,NORTHERN REGION,RAILROAD YARDS & SHOPS- USSR,0091,0009,358 0091-0009
C114-L14,C114,C114-L10,290,RAILROAD BRIDGES,,0091,0021,290 0091-0021
C114-L15,C114,C114-L10,227,"LIQUID FUELS, STORAGE NON-REFINERY",,0091,0027,227 0091-0027
C114-L16,C114,C114-L10,227,"LIQUID FUELS, STORAGE NON-REFINERY",,0091,0061,227 0091-0061
C114-L17,C114,C114-L10,275,POPULATION,,0091,9994,275 0091-9994
C114-L23,C114,C114-L18,243,MILITARY SCHOOLS,,0161,,243 0161-
C114-L24,C114,C114-L18,108,KUZNETSK,ELECTRIC POWER - MAJOR GRIDS,0161,0001,108 0161-0001
C114-L25,C114,C114-L18,250,MINING MACHINERY,,0161,0006,250 0161-0006
C114-L26,C114,C114-L18,108,KUZNETSK,ELECTRIC POWER - MAJOR GRIDS,0161,0012,108 0161-0012
C114-L27,C114,C114-L18,023,AMMUNITION,,0161,0014,023 0161-0014
C114-L28,C114,C114-L18,215,HIGH EXPLOSIVES,,0161,0014,215 0161-0014
C114-L29,C114,C114-L18,282,PROPELLANTS,,0161,0014,282 0161-0014
C114-L30,C114,C114-L18,445,SULFURIC ACID,,0161,0014,445 0161-0014
C114-L31,C114,C114-L18,022,"AMMONIA, SYNTHETIC",,0161,0021,022 0161-0021
C114-L32,C114,C114-L18,062,CAUSTIC SODA,,0161,0021,062 0161-0021
C114-L33,C114,C114-L18,066,"CHEMICAL WARFARE AGENT, STANDARD",,0161,0021,066 0161-0021
C114-L34,C114,C114-L18,068,CHLORINE,,0161,0021,068 0161-0021
C114-L35,C114,C114-L18,445,SULFURIC ACID,,0161,0021,445 0161-0021
C114-L36,C114,C114-L18,075,COKE CHEMICALS,,0161,0028,075 0161-0028
C114-L37,C114,C114-L18,372,WEST SIBERIAN REGION,RAILROAD YARDS & SHOPS- USSR,0161,0065,372 0161-0065
C114-L38,C114,C114-L18,108,KUZNETSK,ELECTRIC POWER - MAJOR GRIDS,0161,0085,108 0161-0085
C114-L39,C114,C114-L18,281,"PORTS, INLAND",,0161,0090,281 0161-0090
C114-L40,C114,C114-L18,208,GOVERNMENT CONTROL CENTERS,,0161,0091,208 0161-0091
C114-L41,C114,C114-L18,372,WEST SIBERIAN REGION,RAILROAD YARDS & SHOPS- USSR,0161,0095,372 0161-0095
C114-L42,C114,C114-L18,275,POPULATION,,0161,9975,275 0161-9975
C114-L48,C114,C114-L43,227,"LIQUID FUELS, STORAGE NON-REFINERY",,0249,,227 0249-
C114-L49,C114,C114-L43,270,PIG IRON,,0249,0015,270 0249-0015
C115-L03,C115,C114-L43,430,STEEL,,0249,0015,430 0249-0015
C115-L04,C115,C114-L43,280,"PORTS, MARITIME",,0249,0031,280 0249-0031
C115-L05,C115,C114-L43,415,SHIPBUILDING,,0249,0103,415 0249-0103
C115-L06,C115,C114-L43,246,"MILITARY STORAGE AREAS, ARMY & NAVY",,0249,0168,246 0249-0168
C115-L07,C115,C114-L43,075,COKE CHEMICALS,,0249,0176,075 0249-0176
C115-L08,C115,C114-L43,145,SOUTH ECONOMIC REGION,ELECTRIC POWER - OUTSIDE GRIDS,0249,0269,145 0249-0269
C115-L09,C115,C114-L43,280,"PORTS, MARITIME",,0249,0271,280 0249-0271
C115-L10,C115,C114-L43,352,DONBAS SUB-REGION UKRAINE REGION,RAILROAD YARDS & SHOPS- USSR,0249,0272,352 0249-0272
C115-L11,C115,C114-L43,145,SOUTH ECONOMIC REGION,ELECTRIC POWER - OUTSIDE GRIDS,0249,0345,145 0249-0345
C115-L12,C115,C114-L43,275,POPULATION,,0249,9999,275 0249-9999
C115-L19,C115,C115-L13,130,FAR EAST ECONOMIC REGION,ELECTRIC POWER - OUTSIDE GRIDS,0204,,130 0204-
C115-L20,C115,C115-L13,240,"MILITARY CONTROLS, AIR FORCE",,0204,,240 0204-
C115-L21,C115,C115-L13,241,"MILITARY HQS, ARMY",,0204,,241 0204-
C115-L22,C115,C115-L13,243,MILITARY SCHOOLS,,0204,,243 0204-
C115-L23,C115,C115-L13,254,NAVAL OPERATING BASES,,0204,0004,254 0204-0004
C115-L24,C115,C115-L13,420,SHIP REPAIR,,0204,0007,420 0204-0007
C115-L25,C115,C115-L13,010,AGRICULTURAL EQUIPMENT,,0204,0008,010 0204-0008
C115-L26,C115,C115-L13,016,AIRFRAMES,,0204,0010,016 0204-0010
C115-L27,C115,C115-L13,224,"LIQUID FUEL PLANTS, CRUDE",,0204,0012,224 0204-0012
C115-L28,C115,C115-L13,226,"LIQUID FUELS, STORAGE AT REFINERIES",,0204,0012,226 0204-0012
C115-L29,C115,C115-L13,130,FAR EAST ECONOMIC REGION,ELECTRIC POWER - OUTSIDE GRIDS,0204,0016,130 0204-0016
C115-L30,C115,C115-L13,212,"GUNS, MAJOR CALIBER",,0204,0027,212 0204-0027
C115-L31,C115,C115-L13,290,RAILROAD BRIDGES,,0204,0028,290 0204-0028
C115-L32,C115,C115-L13,415,SHIPBUILDING,,0204,0030,415 0204-0030
C115-L33,C115,C115-L13,246,"MILITARY STORAGE AREAS, ARMY & NAVY",,0204,0039,246 0204-0039
C115-L34,C115,C115-L13,354,EAST SIBERIAN & FAR EASTERN REGION,RAILROAD YARDS & SHOPS- USSR,0204,0040,354 0204-0040
C115-L35,C115,C115-L13,306,EAST SIBERIAN & FAR EASTERN REGION,RAILROAD EQUIPMENT REPAIR PLANTS-USSR,0204,0044,306 0204-0044
C115-L36,C115,C115-L13,246,"MILITARY STORAGE AREAS, ARMY & NAVY",,0204,0052,246 0204-0052
C115-L37,C115,C115-L13,281,"PORTS, INLAND",,0204,0055,281 0204-0055
C115-L38,C115,C115-L13,227,"LIQUID FUELS, STORAGE NON-REFINERY",,0204,0058,227 0204-0058
C115-L39,C115,C115-L13,227,"LIQUID FUELS, STORAGE NON-REFINERY",,0204,0059,227 0204-0059
C115-L40,C115,C115-L13,130,FAR EAST ECONOMIC REGION,ELECTRIC POWER - OUTSIDE GRIDS,0204,0066,130 0204-0066
C115-L41,C115,C115-L13,420,SHIP REPAIR,,0204,0071,420 0204-0071
C115-L42,C115,C115-L13,354,EAST SIBERIAN & FAR EASTERN REGION,RAILROAD YARDS & SHOPS- USSR,0204,0087,354 0204-0087
C115-L43,C115,C115-L13,246,"MILITARY STORAGE AREAS, ARMY & NAVY",,0204,0098,246 0204-0098
C115-L44,C115,C115-L13,130,FAR EAST ECONOMIC REGION,ELECTRIC POWER - OUTSIDE GRIDS,0204,0103,130 0204-0103
C115-L45,C115,C115-L13,482,"TUNNELS, R. R.",,0204,0104,482 0204-0104
C115-L46,C115,C115-L13,130,FAR EAST ECONOMIC REGION,ELECTRIC POWER - OUTSIDE GRIDS,0204,0106,130 0204-0106
C115-L47,C115,C115-L13,130,FAR EAST ECONOMIC REGION,ELECTRIC POWER - OUTSIDE GRIDS,0204,0107,130 0204-0107
C115-L48,C115,C115-L13,130,FAR EAST ECONOMIC REGION,ELECTRIC POWER - OUTSIDE GRIDS,0204,0110,130 0204-0110
C115-L49,C115,C115-L13,281,"PORTS, INLAND",,0204,0113,281 0204-0113
C115-L50,C115,C115-L13,281,"PORTS, INLAND",,0204,0114,281 0204-0114
C115-L51,C115,C115-L13,281,"PORTS, INLAND",,0204,0115,281 0204-0115
C115-L52,C115,C115-L13,227,"LIQUID FUELS, STORAGE NON-REFINERY",,0204,0117,227 0204-0117
C115-L53,C115,C115-L13,098,ELECTRIC EQUIPMENT,,0204,0118,098 0204-0118
C116-L03,C116,C115-L13,208,GOVERNMENT CONTROL CENTERS,,0204,0123,208 0204-0123
C116-L04,C116,C115-L13,275,POPULATION,,0204,9999,275 0204-9999
C116-L07,C116,C116-L05,005,"ABRASIVES, BONDED",,0200,,005 0200-
C116-L08,C116,C116-L05,275,POPULATION,,0200,,275 0200-
C116-L13,C116,C116-L09,048,A/E RESEARCH,,0234,,048 0234-
C116-L14,C116,C116-L09,227,"LIQUID FUELS, STORAGE NON-REFINERY",,0234,,227 0234-
C116-L15,C116,C116-L09,243,MILITARY SCHOOLS,,0234,,243 0234-
C116-L16,C116,C116-L09,010,AGRICULTURAL EQUIPMENT,,0234,0003,010 0234-0003
C116-L17,C116,C116-L09,106,DNEPR-DONETS,ELECTRIC POWER - MAJOR GRIDS,0234,0024,106 0234-0024
C116-L18,C116,C116-L09,030,ANTI-FRICTION BEARINGS,,0234,0035,030 0234-0035
C116-L19,C116,C116-L09,475,TRACTORS,,0234,0036,475 0234-0036
C116-L20,C116,C116-L09,294,RAILROAD LOCOMOTIVES,,0234,0041,294 0234-0041
C116-L21,C116,C116-L09,430,STEEL,,0234,0041,430 0234-0041
C116-L22,C116,C116-L09,440,SUBMARINE DIESEL ENGINES,,0234,0041,440 0234-0041
C116-L23,C116,C116-L09,450,TANKS & S. P. GUNS,,0234,0041,450 0234-0041
C116-L24,C116,C116-L09,016,AIRFRAMES,,0234,0051,016 0234-0051
C116-L25,C116,C116-L09,352,DONBAS SUB-REGION UKRAINE REGION,RAILROAD YARDS & SHOPS- USSR,0234,0100,352 0234-0100
C116-L26,C116,C116-L09,230,MACHINE TOOLS,,0234,0155,230 0234-0155
C116-L27,C116,C116-L09,206,"GENERATORS, HEAVY",,0234,0157,206 0234-0157
C116-L28,C116,C116-L09,410,SEA MINES,,0234,0157,410 0234-0157
C116-L29,C116,C116-L09,480,"TRANSFORMERS, HEAVY",,0234,0157,480 0234-0157
C116-L30,C116,C116-L09,485,"TURBINES, HEAVY",,0234,0157,485 0234-0157
C116-L31,C116,C116-L09,352,DONBAS SUB-REGION UKRAINE REGION,RAILROAD YARDS & SHOPS- USSR,0234,0162,352 0234-0162
C116-L32,C116,C116-L09,304,DONBAS SUB-REGION UKRAINE REGION,RAILROAD EQUIPMENT REPAIR PLANTS-USSR,0234,0165,304 0234-0165
C116-L33,C116,C116-L09,200,ELECTRIC WIRE & CABLE,,0234,0173,200 0234-0173
C116-L34,C116,C116-L09,250,MINING MACHINERY,,0234,0200,250 0234-0200
C116-L35,C116,C116-L09,352,DONBAS SUB-REGION UKRAINE REGION,RAILROAD YARDS & SHOPS- USSR,0234,0215,352 0234-0215
C116-L36,C116,C116-L09,106,DNEPR-DONETS,ELECTRIC POWER - MAJOR GRIDS,0234,0225,106 0234-0225
C116-L37,C116,C116-L09,352,DONBAS SUB-REGION UKRAINE REGION,RAILROAD YARDS & SHOPS- USSR,0234,0232,352 0234-0232
C116-L38,C116,C116-L09,352,DONBAS SUB-REGION UKRAINE REGION,RAILROAD YARDS & SHOPS- USSR,0234,0233,352 0234-0233
C116-L39,C116,C116-L09,227,"LIQUID FUELS, STORAGE NON-REFINERY",,0234,0234,227 0234-0234
C116-L40,C116,C116-L09,352,DONBAS SUB-REGION UKRAINE REGION,RAILROAD YARDS & SHOPS- USSR,0234,0253,352 0234-0253
C116-L41,C116,C116-L09,106,DNEPR-DONETS,ELECTRIC POWER - MAJOR GRIDS,0234,0349,106 0234-0349
C116-L42,C116,C116-L09,304,DONBAS SUB-REGION UKRAINE REGION,RAILROAD EQUIPMENT REPAIR PLANTS-USSR,0234,0350,304 0234-0350
C116-L43,C116,C116-L09,227,"LIQUID FUELS, STORAGE NON-REFINERY",,0234,0353,227 0234-0353
C116-L44,C116,C116-L09,208,GOVERNMENT CONTROL CENTERS,,0234,0385,208 0234-0385
C116-L45,C116,C116-L09,285,RADIO & TELEVISION,,0234,0453,285 0234-0453
C116-L46,C116,C116-L09,048,A/E RESEARCH,,0234,0457,048 0234-0457
C116-L47,C116,C116-L09,245,"MILITARY STORAGE AREAS, AIR FORCE",,0234,0496,245 0234-0496
C116-L48,C116,C116-L09,275,POPULATION,,0234,9995,275 0234-9995
C116-L51,C116,C116-L49,352,DONBAS SUB-REGION UKRAINE REGION,RAILROAD YARDS & SHOPS- USSR,0234,0489,352 0234-0489
C117-L04,C117,C116-L49,275,POPULATION,,0234,9690,275 0234-9690
C117-L07,C117,C117-L05,352,DONBAS SUB-REGION UKRAINE REGION,RAILROAD YARDS & SHOPS- USSR,0234,0494,352 0234-0494
C117-L08,C117,C117-L05,275,POPULATION,,0234,9687,275 0234-9687
C117-L10,C117,C117-L09,227,"LIQUID FUELS, STORAGE NON-REFINERY",,0154,,227 0154-
C117-L11,C117,C117-L09,275,POPULATION,,0154,9845,275 0154-9845
C117-L14,C117,C117-L12,234,MERCURY,,0336,0014,234 0336-0014
C117-L15,C117,C117-L12,275,POPULATION,,0336,9974,275 0336-9974
C117-L19,C117,C117-L16,227,"LIQUID FUELS, STORAGE NON-REFINERY",,0250,,227 0250-
C117-L20,C117,C117-L16,280,"PORTS, MARITIME",,0250,0007,280 0250-0007
C117-L21,C117,C117-L16,224,"LIQUID FUEL PLANTS, CRUDE",,0250,0023,224 0250-0023
C117-L22,C117,C117-L16,226,"LIQUID FUELS, STORAGE AT REFINERIES",,0250,0023,226 0250-0023
C117-L23,C117,C117-L16,415,SHIPBUILDING,,0250,0139,415 0250-0139
C117-L24,C117,C117-L16,376,WEST SUB-REGION UKRAINE REGION,RAILROAD YARDS & SHOPS- USSR,0250,0148,376 0250-0148
C117-L25,C117,C117-L16,290,RAILROAD BRIDGES,,0250,0169,290 0250-0169
C117-L26,C117,C117-L16,010,AGRICULTURAL EQUIPMENT,,0250,0177,010 0250-0177
C117-L27,C117,C117-L16,208,GOVERNMENT CONTROL CENTERS,,0250,0330,208 0250-0330
C117-L28,C117,C117-L16,415,SHIPBUILDING,,0250,0355,415 0250-0355
C117-L29,C117,C117-L16,420,SHIP REPAIR,,0250,0355,420 0250-0355
C117-L30,C117,C117-L16,275,POPULATION,,0250,9988,275 0250-9988
C117-L33,C117,C117-L31,354,EAST SIBERIAN & FAR EASTERN REGION,RAILROAD YARDS & SHOPS- USSR,0201,0060,354 0201-0060
C117-L34,C117,C117-L31,275,POPULATION,,0201,9998,275 0201-9998
C117-L36,C117,C117-L35,376,WEST SUB-REGION UKRAINE REGION,RAILROAD YARDS & SHOPS- USSR,0232,0130,376 0232-0130
C117-L37,C117,C117-L35,290,RAILROAD BRIDGES,,0232,0771,290 0232-0771
C117-L38,C117,C117-L35,275,POPULATION,,0232,9986,275 0232-9986
C117-L40,C117,C117-L39,376,WEST SUB-REGION UKRAINE REGION,RAILROAD YARDS & SHOPS- USSR,0233,0024,376 0233-0024
C117-L41,C117,C117-L39,275,POPULATION,,0233,9963,275 0233-9963
C118-L04,C118,C117-L42,010,AGRICULTURAL EQUIPMENT,,0232,0050,010 0232-0050
C118-L05,C118,C117-L42,445,SULFURIC ACID,,0232,0736,445 0232-0736
C118-L06,C118,C117-L42,392,POLAND,RAILROAD YARDS & SHOPS- SATELLITES,0232,0930,392 0232-0930
C118-L07,C118,C117-L42,392,POLAND,RAILROAD YARDS & SHOPS- SATELLITES,0232,0931,392 0232-0931
C118-L08,C118,C117-L42,248,MILITARY TROOP INSTALLATIONS,,0232,1285,248 0232-1285
C118-L09,C118,C117-L42,248,MILITARY TROOP INSTALLATIONS,,0232,1286,248 0232-1286
C118-L10,C118,C117-L42,246,"MILITARY STORAGE AREAS, ARMY & NAVY",,0232,1304,246 0232-1304
C118-L11,C118,C117-L42,275,POPULATION,,0232,9894,275 0232-9894
C118-L14,C118,C118-L12,224,"LIQUID FUEL PLANTS, CRUDE",,0328,0022,224 0328-0022
C118-L15,C118,C118-L12,226,"LIQUID FUELS, STORAGE AT REFINERIES",,0328,0022,226 0328-0022
C118-L16,C118,C118-L12,275,POPULATION,,0328,9974,275 0328-9974
C118-L19,C118,C118-L17,368,VOLGA REGION,RAILROAD YARDS & SHOPS- USSR,0165,0258,368 0165-0258
C118-L20,C118,C118-L17,275,POPULATION,,0165,9945,275 0165-9945
C118-L23,C118,C118-L21,360,NORTHEAST SUB-REGION CENTRAL IND REG,RAILROAD YARDS & SHOPS- USSR,0154,0009,360 0154-0009
C118-L24,C118,C118-L21,062,CAUSTIC SODA,,0154,0017,062 0154-0017
C118-L25,C118,C118-L21,064,CHEMICAL EQUIPMENT,,0154,0097,064 0154-0097
C118-L26,C118,C118-L21,230,MACHINE TOOLS,,0154,0097,230 0154-0097
C118-L27,C118,C118-L21,445,SULFURIC ACID,,0154,0139,445 0154-0139
C118-L28,C118,C118-L21,227,"LIQUID FUELS, STORAGE NON-REFINERY",,0154,0322,227 0154-0322
C118-L29,C118,C118-L21,281,"PORTS, INLAND",,0154,0416,281 0154-0416
C118-L30,C118,C118-L21,275,POPULATION,,0154,9963,275 0154-9963
C118-L32,C118,C118-L31,281,"PORTS, INLAND",,0127,0009,281 0127-0009
C118-L33,C118,C118-L31,275,POPULATION,,0127,9994,275 0127-9994
C118-L37,C118,C118-L34,246,"MILITARY STORAGE AREAS, ARMY & NAVY",,0290,,246 0290-
C118-L38,C118,C118-L34,248,MILITARY TROOP INSTALLATIONS,,0290,,248 0290-
C118-L39,C118,C118-L34,060,CALCIUM CARBIDE,,0290,0011,060 0290-0011
C118-L40,C118,C118-L34,225,"LIQUID FUEL PLANTS, SYNTHETIC",,0290,0131,225 0290-0131
C118-L41,C118,C118-L34,226,"LIQUID FUELS, STORAGE AT REFINERIES",,0290,0131,226 0290-0131
C118-L42,C118,C118-L34,290,RAILROAD BRIDGES,,0290,0177,290 0290-0177
C118-L43,C118,C118-L34,384,CHINA,RAILROAD YARDS & SHOPS- SATELLITES,0290,0295,384 0290-0295
C118-L44,C118,C118-L34,228,LOCKS & DAMS,,0290,0349,228 0290-0349
C118-L45,C118,C118-L34,208,GOVERNMENT CONTROL CENTERS,,0290,0376,208 0290-0376
C118-L46,C118,C118-L34,275,POPULATION,,0290,9992,275 0290-9992
C119-L06,C119,C119-L04,185,CHINA-MAJOR GRIDS,ELECTRIC POWER - SATELLITES,0290,0043,185 0290-0043
C119-L07,C119,C119-L04,275,POPULATION,,0290,9914,275 0290-9914
C119-L13,C119,C119-L08,120,CENTRAL INDUSTRIAL REGION,ELECTRIC POWER - OUTSIDE GRIDS,0155,0001,120 0155-0001
C119-L14,C119,C119-L08,120,CENTRAL INDUSTRIAL REGION,ELECTRIC POWER - OUTSIDE GRIDS,0155,0002,120 0155-0002
C119-L15,C119,C119-L08,120,CENTRAL INDUSTRIAL REGION,ELECTRIC POWER - OUTSIDE GRIDS,0155,0053,120 0155-0053
C119-L16,C119,C119-L08,360,NORTHEAST SUB-REGION CENTRAL IND REG,RAILROAD YARDS & SHOPS- USSR,0155,0074,360 0155-0074
C119-L17,C119,C119-L08,360,NORTHEAST SUB-REGION CENTRAL IND REG,RAILROAD YARDS & SHOPS- USSR,0155,0075,360 0155-0075
C119-L18,C119,C119-L08,227,"LIQUID FUELS, STORAGE NON-REFINERY",,0155,0078,227 0155-0078
C119-L19,C119,C119-L08,010,AGRICULTURAL EQUIPMENT,,0155,0080,010 0155-0080
C119-L20,C119,C119-L08,450,TANKS & S. P. GUNS,,0155,0084,450 0155-0084
C119-L21,C119,C119-L08,405,RUBBER TIRES,,0155,0099,405 0155-0099
C119-L22,C119,C119-L08,281,"PORTS, INLAND",,0155,0104,281 0155-0104
C119-L23,C119,C119-L08,208,GOVERNMENT CONTROL CENTERS,,0155,0114,208 0155-0114
C119-L24,C119,C119-L08,360,NORTHEAST SUB-REGION CENTRAL IND REG,RAILROAD YARDS & SHOPS- USSR,0155,0120,360 0155-0120
C119-L25,C119,C119-L08,095,EARTH MOVING EQUIPMENT,,0155,0131,095 0155-0131
C119-L26,C119,C119-L08,275,POPULATION,,0155,9999,275 0155-9999
C119-L29,C119,C119-L27,374,WEST SUB-REGION CENTRAL IND REGION,RAILROAD YARDS & SHOPS- USSR,0167,1017,374 0167-1017
C119-L30,C119,C119-L27,275,POPULATION,,0167,9825,275 0167-9825
C119-L33,C119,C119-L31,227,"LIQUID FUELS, STORAGE NON-REFINERY",,0325,,227 0325-
C119-L34,C119,C119-L31,227,"LIQUID FUELS, STORAGE NON-REFINERY",,0325,,227 0325-
C119-L35,C119,C119-L31,116,TRANS-CAUCASUS,ELECTRIC POWER - MAJOR GRIDS,0325,0159,116 0325-0159
C119-L36,C119,C119-L31,350,CAUCASUS REGION,RAILROAD YARDS & SHOPS- USSR,0325,0317,350 0325-0317
C119-L37,C119,C119-L31,290,RAILROAD BRIDGES,,0325,0318,290 0325-0318
C119-L38,C119,C119-L31,248,MILITARY TROOP INSTALLATIONS,,0325,0446,248 0325-0446
C119-L39,C119,C119-L31,275,POPULATION,,0325,9986,275 0325-9986
C119-L42,C119,C119-L40,227,"LIQUID FUELS, STORAGE NON-REFINERY",,0325,,227 0325-
C119-L43,C119,C119-L40,022,"AMMONIA, SYNTHETIC",,0325,0157,022 0325-0157
C119-L44,C119,C119-L40,047,A/E HEAVY WATER,,0325,0157,047 0325-0157
C119-L45,C119,C119-L40,060,CALCIUM CARBIDE,,0325,0157,060 0325-0157
C119-L46,C119,C119-L40,245,"MILITARY STORAGE AREAS, AIR FORCE",,0325,0421,245 0325-0421
C119-L47,C119,C119-L40,290,RAILROAD BRIDGES,,0325,0449,290 0325-0449
C119-L48,C119,C119-L40,275,POPULATION,,0325,9987,275 0325-9987
C120-L06,C120,C120-L04,227,"LIQUID FUELS, STORAGE NON-REFINERY",,0325,,227 0325-
C120-L07,C120,C120-L04,275,POPULATION,,0325,,275 0325-
C120-L10,C120,C120-L08,116,TRANS-CAUCASUS,ELECTRIC POWER - MAJOR GRIDS,0325,0167,116 0325-0167
C120-L11,C120,C120-L08,275,POPULATION,,0325,9922,275 0325-9922
C120-L15,C120,C120-L12,084,"COPPER, SMELTED",,0156,0205,084 0156-0205
C120-L16,C120,C120-L12,445,SULFURIC ACID,,0156,0205,445 0156-0205
C120-L17,C120,C120-L12,118,URALS,ELECTRIC POWER - MAJOR GRIDS,0156,0227,118 0156-0227
C120-L18,C120,C120-L12,275,POPULATION,,0156,9978,275 0156-9978
C120-L21,C120,C120-L19,044,A/E GASEOUS DIFFUSION,,0156,,044 0156-
C120-L22,C120,C120-L19,275,POPULATION,,0156,9790,275 0156-9790
C120-L25,C120,C120-L23,010,AGRICULTURAL EQUIPMENT,,0233,0011,010 0233-0011
C120-L26,C120,C120-L23,376,WEST SUB-REGION UKRAINE REGION,RAILROAD YARDS & SHOPS- USSR,0233,0036,376 0233-0036
C120-L27,C120,C120-L23,010,AGRICULTURAL EQUIPMENT,,0233,0241,010 0233-0241
C120-L28,C120,C120-L23,010,AGRICULTURAL EQUIPMENT,,0233,0242,010 0233-0242
C120-L29,C120,C120-L23,208,GOVERNMENT CONTROL CENTERS,,0233,0246,208 0233-0246
C120-L30,C120,C120-L23,275,POPULATION,,0233,9998,275 0233-9998
C120-L33,C120,C120-L31,227,"LIQUID FUELS, STORAGE NON-REFINERY",,0091,,227 0091-
C120-L34,C120,C120-L31,114,MURMANSK,ELECTRIC POWER - MAJOR GRIDS,0091,0014,114 0091-0014
C120-L35,C120,C120-L31,275,POPULATION,,0091,9997,275 0091-9997
C120-L37,C120,C120-L36,430,STEEL,,0155,0012,430 0155-0012
C120-L38,C120,C120-L36,200,ELECTRIC WIRE & CABLE,,0155,0117,200 0155-0117
C120-L39,C120,C120-L36,275,POPULATION,,0155,9983,275 0155-9983
C120-L41,C120,C120-L40,270,PIG IRON,,0155,0008,270 0155-0008
C120-L42,C120,C120-L40,275,POPULATION,,0155,9876,275 0155-9876
C120-L45,C120,C120-L43,376,WEST SUB-REGION UKRAINE REGION,RAILROAD YARDS & SHOPS- USSR,0250,0001,376 0250-0001
C120-L46,C120,C120-L43,227,"LIQUID FUELS, STORAGE NON-REFINERY",,0250,0218,227 0250-0218
C121-L04,C121,C120-L43,145,SOUTH ECONOMIC REGION,ELECTRIC POWER - OUTSIDE GRIDS,0250,0269,145 0250-0269
C121-L05,C121,C120-L43,208,GOVERNMENT CONTROL CENTERS,,0250,0283,208 0250-0283
C121-L06,C121,C120-L43,328,WEST SUB-REGION UKRAINE REGION,RAILROAD EQUIPMENT REPAIR PLANTS-USSR,0250,0287,328 0250-0287
C121-L07,C121,C120-L43,275,POPULATION,,0250,9980,275 0250-9980
C121-L09,C121,C121-L08,275,POPULATION,,0251,,275 0251-
C121-L10,C121,C121-L08,390,HUNGARY,RAILROAD YARDS & SHOPS- SATELLITES,0251,0737,390 0251-0737
C121-L12,C121,C121-L11,280,"PORTS, MARITIME",,0205,0037,280 0205-0037
C121-L13,C121,C121-L11,275,POPULATION,,0205,9983,275 0205-9983
C121-L18,C121,C121-L14,240,"MILITARY CONTROLS, AIR FORCE",,0233,,240 0233-
C121-L19,C121,C121-L14,241,"MILITARY HQS, ARMY",,0233,,241 0233-
C121-L20,C121,C121-L14,243,MILITARY SCHOOLS,,0233,,243 0233-
C121-L21,C121,C121-L14,285,RADIO & TELEVISION,,0233,0001,285 0233-0001
C121-L22,C121,C121-L14,230,MACHINE TOOLS,,0233,0003,230 0233-0003
C121-L23,C121,C121-L14,290,RAILROAD BRIDGES,,0233,0010,290 0233-0010
C121-L24,C121,C121-L14,376,WEST SUB-REGION UKRAINE REGION,RAILROAD YARDS & SHOPS- USSR,0233,0017,376 0233-0017
C121-L25,C121,C121-L14,376,WEST SUB-REGION UKRAINE REGION,RAILROAD YARDS & SHOPS- USSR,0233,0018,376 0233-0018
C121-L26,C121,C121-L14,376,WEST SUB-REGION UKRAINE REGION,RAILROAD YARDS & SHOPS- USSR,0233,0019,376 0233-0019
C121-L27,C121,C121-L14,376,WEST SUB-REGION UKRAINE REGION,RAILROAD YARDS & SHOPS- USSR,0233,0022,376 0233-0022
C121-L28,C121,C121-L14,016,AIRFRAMES,,0233,0023,016 0233-0023
C121-L29,C121,C121-L14,285,RADIO & TELEVISION,,0233,0076,285 0233-0076
C121-L30,C121,C121-L14,266,PENICILLIN,,0233,0087,266 0233-0087
C121-L31,C121,C121-L14,055,"BOILERS, HIGH PRESSURE",,0233,0089,055 0233-0089
C121-L32,C121,C121-L14,064,CHEMICAL EQUIPMENT,,0233,0089,064 0233-0089
C121-L33,C121,C121-L14,430,STEEL,,0233,0089,430 0233-0089
C121-L34,C121,C121-L14,200,ELECTRIC WIRE & CABLE,,0233,0093,200 0233-0093
C121-L35,C121,C121-L14,292,RAILROAD FREIGHT CARS,,0233,0115,292 0233-0115
C121-L36,C121,C121-L14,328,WEST SUB-REGION UKRAINE REGION,RAILROAD EQUIPMENT REPAIR PLANTS-USSR,0233,0115,328 0233-0115
C121-L37,C121,C121-L14,376,WEST SUB-REGION UKRAINE REGION,RAILROAD YARDS & SHOPS- USSR,0233,0123,376 0233-0123
C121-L38,C121,C121-L14,376,WEST SUB-REGION UKRAINE REGION,RAILROAD YARDS & SHOPS- USSR,0233,0124,376 0233-0124
C121-L39,C121,C121-L14,328,WEST SUB-REGION UKRAINE REGION,RAILROAD EQUIPMENT REPAIR PLANTS-USSR,0233,0136,328 0233-0136
C121-L40,C121,C121-L14,145,SOUTH ECONOMIC REGION,ELECTRIC POWER - OUTSIDE GRIDS,0233,0137,145 0233-0137
C121-L41,C121,C121-L14,281,"PORTS, INLAND",,0233,0139,281 0233-0139
C121-L42,C121,C121-L14,281,"PORTS, INLAND",,0233,0140,281 0233-0140
C121-L43,C121,C121-L14,281,"PORTS, INLAND",,0233,0141,281 0233-0141
C121-L44,C121,C121-L14,145,SOUTH ECONOMIC REGION,ELECTRIC POWER - OUTSIDE GRIDS,0233,0142,145 0233-0142
C121-L45,C121,C121-L14,095,EARTH MOVING EQUIPMENT,,0233,0152,095 0233-0152
C121-L46,C121,C121-L14,264,OPTICAL EQUIPMENT,,0233,0156,264 0233-0156
C121-L47,C121,C121-L14,290,RAILROAD BRIDGES,,0233,0172,290 0233-0172
C121-L48,C121,C121-L14,208,GOVERNMENT CONTROL CENTERS,,0233,0186,208 0233-0186
C121-L49,C121,C121-L14,227,"LIQUID FUELS, STORAGE NON-REFINERY",,0233,0200,227 0233-0200
C121-L50,C121,C121-L14,243,MILITARY SCHOOLS,,0233,0257,243 0233-0257
C122-L04,C122,C121-L14,248,MILITARY TROOP INSTALLATIONS,,0233,0257,248 0233-0257
C122-L05,C122,C121-L14,275,POPULATION,,0233,9999,275 0233-9999
C122-L07,C122,C122-L06,248,MILITARY TROOP INSTALLATIONS,,0231,3440,248 0231-3440
C122-L08,C122,C122-L06,290,RAILROAD BRIDGES,,0231,3523,290 0231-3523
C122-L09,C122,C122-L06,248,MILITARY TROOP INSTALLATIONS,,0231,3782,248 0231-3782
C122-L10,C122,C122-L06,275,POPULATION,,0231,9925,275 0231-9925
C122-L12,C122,C122-L11,248,MILITARY TROOP INSTALLATIONS,,0231,3433,248 0231-3433
C122-L13,C122,C122-L11,275,POPULATION,,0231,9106,275 0231-9106
C122-L15,C122,C122-L14,275,POPULATION,,0231,,275 0231-
C122-L16,C122,C122-L14,248,MILITARY TROOP INSTALLATIONS,,0231,3445,248 0231-3445
C122-L18,C122,C122-L17,275,POPULATION,,0231,,275 0231-
C122-L19,C122,C122-L17,248,MILITARY TROOP INSTALLATIONS,,0231,3467,248 0231-3467
C122-L21,C122,C122-L20,275,POPULATION,,0231,,275 0231-
C122-L22,C122,C122-L20,248,MILITARY TROOP INSTALLATIONS,,0231,3475,248 0231-3475
C122-L24,C122,C122-L23,170,WEST ECONOMIC REGION,ELECTRIC POWER - OUTSIDE GRIDS,0168,0045,170 0168-0045
C122-L25,C122,C122-L23,437,SUBMARINE BASES,,0168,0068,437 0168-0068
C122-L26,C122,C122-L23,227,"LIQUID FUELS, STORAGE NON-REFINERY",,0168,0131,227 0168-0131
C122-L27,C122,C122-L23,445,SULFURIC ACID,,0168,0148,445 0168-0148
C122-L28,C122,C122-L23,280,"PORTS, MARITIME",,0168,0162,280 0168-0162
C122-L29,C122,C122-L23,370,WESTERN REGION,RAILROAD YARDS & SHOPS- USSR,0168,0265,370 0168-0265
C122-L30,C122,C122-L23,275,POPULATION,,0168,9990,275 0168-9990
C122-L32,C122,C122-L31,227,"LIQUID FUELS, STORAGE NON-REFINERY",,0154,,227 0154-
C122-L33,C122,C122-L31,230,MACHINE TOOLS,,0154,0174,230 0154-0174
C122-L34,C122,C122-L31,112,MOSCOW-GORKIY,ELECTRIC POWER - MAJOR GRIDS,0154,0187,112 0154-0187
C122-L35,C122,C122-L31,275,POPULATION,,0154,9982,275 0154-9982
C122-L37,C122,C122-L36,358,NORTHERN REGION,RAILROAD YARDS & SHOPS- USSR,0101,0020,358 0101-0020
C122-L38,C122,C122-L36,275,POPULATION,,0101,9969,275 0101-9969
C122-L41,C122,C122-L39,227,"LIQUID FUELS, STORAGE NON-REFINERY",,0168,,227 0168-
C122-L42,C122,C122-L39,275,POPULATION,,0168,9956,275 0168-9956
C122-L44,C122,C122-L43,227,"LIQUID FUELS, STORAGE NON-REFINERY",,0162,,227 0162-
C123-L04,C123,C122-L43,275,POPULATION,,0162,,275 0162-
C123-L07,C123,C123-L05,465,TIN,,0616,0050,465 0616-0050
C123-L08,C123,C123-L05,275,POPULATION,,0616,9992,275 0616-9992
C123-L10,C123,C123-L09,275,POPULATION,,0093,,275 0093-
C123-L11,C123,C123-L09,358,NORTHERN REGION,RAILROAD YARDS & SHOPS- USSR,0093,0014,358 0093-0014
C123-L14,C123,C123-L12,225,"LIQUID FUEL PLANTS, SYNTHETIC",,0153,0114,225 0153-0114
C123-L15,C123,C123-L12,226,"LIQUID FUELS, STORAGE AT REFINERIES",,0153,0114,226 0153-0114
C123-L16,C123,C123-L12,110,LENINGRAD,ELECTRIC POWER - MAJOR GRIDS,0153,0566,110 0153-0566
C123-L17,C123,C123-L12,275,POPULATION,,0153,9826,275 0153-9826
C123-L20,C123,C123-L18,225,"LIQUID FUEL PLANTS, SYNTHETIC",,0153,0040,225 0153-0040
C123-L21,C123,C123-L18,226,"LIQUID FUELS, STORAGE AT REFINERIES",,0153,0040,226 0153-0040
C123-L22,C123,C123-L18,275,POPULATION,,0153,9933,275 0153-9933
C123-L24,C123,C123-L23,110,LENINGRAD,ELECTRIC POWER - MAJOR GRIDS,0153,0557,110 0153-0557
C123-L25,C123,C123-L23,275,POPULATION,,0153,9825,275 0153-9825
C123-L28,C123,C123-L26,225,"LIQUID FUEL PLANTS, SYNTHETIC",,0153,0056,225 0153-0056
C123-L29,C123,C123-L26,226,"LIQUID FUELS, STORAGE AT REFINERIES",,0153,0056,226 0153-0056
C123-L30,C123,C123-L26,110,LENINGRAD,ELECTRIC POWER - MAJOR GRIDS,0153,0259,110 0153-0259
C123-L31,C123,C123-L26,262,OIL EXTRACTION EQUIPMENT,,0153,0524,262 0153-0524
C123-L32,C123,C123-L26,275,POPULATION,,0153,9845,275 0153-9845
C123-L35,C123,C123-L33,227,"LIQUID FUELS, STORAGE NON-REFINERY",,0328,,227 0328-
C123-L36,C123,C123-L33,445,SULFURIC ACID,,0328,0048,445 0328-0048
C123-L37,C123,C123-L33,275,POPULATION,,0328,9978,275 0328-9978
C123-L39,C123,C123-L38,280,"PORTS, MARITIME",,0169,0318,280 0169-0318
C123-L40,C123,C123-L38,392,POLAND,RAILROAD YARDS & SHOPS- SATELLITES,0169,1078,392 0169-1078
C123-L41,C123,C123-L38,248,MILITARY TROOP INSTALLATIONS,,0169,1232,248 0169-1232
C123-L42,C123,C123-L38,275,POPULATION,,0169,9966,275 0169-9966
C124-L04,C124,C123-L43,200,ELECTRIC WIRE & CABLE,,0154,0196,200 0154-0196
C124-L05,C124,C123-L43,275,POPULATION,,0154,9978,275 0154-9978
C124-L08,C124,C124-L06,224,"LIQUID FUEL PLANTS, CRUDE",,0231,0229,224 0231-0229
C124-L09,C124,C124-L06,226,"LIQUID FUELS, STORAGE AT REFINERIES",,0231,0229,226 0231-0229
C124-L10,C124,C124-L06,386,CZECHOSLOVAKIA,RAILROAD YARDS & SHOPS- SATELLITES,0231,0249,386 0231-0249
C124-L11,C124,C124-L06,445,SULFURIC ACID,,0231,0408,445 0231-0408
C124-L12,C124,C124-L06,290,RAILROAD BRIDGES,,0231,0723,290 0231-0723
C124-L13,C124,C124-L06,056,"BRIDGES, HWY",,0231,0819,056 0231-0819
C124-L14,C124,C124-L06,188,CZECHOSLOVAKIA,ELECTRIC POWER - SATELLITES,0231,1600,188 0231-1600
C124-L15,C124,C124-L06,292,RAILROAD FREIGHT CARS,,0231,1625,292 0231-1625
C124-L16,C124,C124-L06,200,ELECTRIC WIRE & CABLE,,0231,1930,200 0231-1930
C124-L17,C124,C124-L06,228,LOCKS & DAMS,,0231,3047,228 0231-3047
C124-L18,C124,C124-L06,281,"PORTS, INLAND",,0231,3049,281 0231-3049
C124-L19,C124,C124-L06,248,MILITARY TROOP INSTALLATIONS,,0231,3446,248 0231-3446
C124-L20,C124,C124-L06,246,"MILITARY STORAGE AREAS, ARMY & NAVY",,0231,3462,246 0231-3462
C124-L21,C124,C124-L06,275,POPULATION,,0231,9924,275 0231-9924
C124-L23,C124,C124-L22,275,POPULATION,,0231,,275 0231-
C124-L24,C124,C124-L22,227,"LIQUID FUELS, STORAGE NON-REFINERY",,0231,2901,227 0231-2901
C124-L26,C124,C124-L25,275,POPULATION,,0231,,275 0231-
C124-L27,C124,C124-L25,248,MILITARY TROOP INSTALLATIONS,,0231,3454,248 0231-3454
C124-L29,C124,C124-L28,275,POPULATION,,0231,,275 0231-
C124-L30,C124,C124-L28,248,MILITARY TROOP INSTALLATIONS,,0231,3463,248 0231-3463
C124-L31,C124,C124-L28,246,"MILITARY STORAGE AREAS, ARMY & NAVY",,0231,3492,246 0231-3492
C124-L33,C124,C124-L32,290,RAILROAD BRIDGES,,0231,0724,290 0231-0724
C124-L34,C124,C124-L32,056,"BRIDGES, HWY",,0231,0818,056 0231-0818
C124-L35,C124,C124-L32,386,CZECHOSLOVAKIA,RAILROAD YARDS & SHOPS- SATELLITES,0231,1267,386 0231-1267
C124-L36,C124,C124-L32,333,CZECHOSLOVAKIA,RAILROAD EQUIP REPAIR PLANTS-SATTELITES,0231,2781,333 0231-2781
C124-L37,C124,C124-L32,275,POPULATION,,0231,9414,275 0231-9414
C124-L40,C124,C124-L38,227,"LIQUID FUELS, STORAGE NON-REFINERY",,0167,,227 0167-
C124-L41,C124,C124-L38,294,RAILROAD LOCOMOTIVES,,0167,0071,294 0167-0071
C124-L42,C124,C124-L38,430,STEEL,,0167,0071,430 0167-0071
C124-L43,C124,C124-L38,440,SUBMARINE DIESEL ENGINES,,0167,0071,440 0167-0071
C124-L44,C124,C124-L38,230,MACHINE TOOLS,,0167,0292,230 0167-0292
C124-L45,C124,C124-L38,227,"LIQUID FUELS, STORAGE NON-REFINERY",,0167,0855,227 0167-0855
C124-L46,C124,C124-L38,362,SOUTHERN SUB-REGION CENTRAL IND REG,RAILROAD YARDS & SHOPS- USSR,0167,0908,362 0167-0908
C124-L47,C124,C124-L38,281,"PORTS, INLAND",,0167,0913,281 0167-0913
C124-L48,C124,C124-L38,281,"PORTS, INLAND",,0167,0914,281 0167-0914
C124-L49,C124,C124-L38,246,"MILITARY STORAGE AREAS, ARMY & NAVY",,0167,0980,246 0167-0980
C124-L50,C124,C124-L38,275,POPULATION,,0167,9985,275 0167-9985
C125-L04,C125,C124-L51,376,WEST SUB-REGION UKRAINE REGION,RAILROAD YARDS & SHOPS- USSR,0233,0033,376 0233-0033
C125-L05,C125,C124-L51,275,POPULATION,,0233,9983,275 0233-9983
C125-L08,C125,C125-L06,275,POPULATION,,0051,,275 0051-
C125-L09,C125,C125-L06,260,"NICKEL, SMELTED",,0051,0016,260 0051-0016
C125-L11,C125,C125-L10,376,WEST SUB-REGION UKRAINE REGION,RAILROAD YARDS & SHOPS- USSR,0250,0039,376 0250-0039
C125-L12,C125,C125-L10,275,POPULATION,,0250,9987,275 0250-9987
C125-L15,C125,C125-L13,281,"PORTS, INLAND",,0252,0126,281 0252-0126
C125-L16,C125,C125-L13,188,CZECHOSLOVAKIA,ELECTRIC POWER - SATELLITES,0252,0503,188 0252-0503
C125-L17,C125,C125-L13,248,MILITARY TROOP INSTALLATIONS,,0252,1005,248 0252-1005
C125-L18,C125,C125-L13,275,POPULATION,,0252,9898,275 0252-9898
C125-L21,C125,C125-L19,224,"LIQUID FUEL PLANTS, CRUDE",,0252,0139,224 0252-0139
C125-L22,C125,C125-L19,226,"LIQUID FUELS, STORAGE AT REFINERIES",,0252,0139,226 0252-0139
C125-L23,C125,C125-L19,020,ALUMINA,,0252,0144,020 0252-0144
C125-L24,C125,C125-L19,275,POPULATION,,0252,9981,275 0252-9981
C125-L27,C125,C125-L25,192,HUNGARY,ELECTRIC POWER - SATELLITES,0252,0152,192 0252-0152
C125-L28,C125,C125-L25,275,POPULATION,,0252,9978,275 0252-9978
C125-L31,C125,C125-L29,227,"LIQUID FUELS, STORAGE NON-REFINERY",,0252,0959,227 0252-0959
C125-L32,C125,C125-L29,275,POPULATION,,0252,9541,275 0252-9541
C125-L35,C125,C125-L33,060,CALCIUM CARBIDE,,0252,0597,060 0252-0597
C125-L36,C125,C125-L33,204,FERRO-ALLOYS,,0252,0597,204 0252-0597
C125-L37,C125,C125-L33,275,POPULATION,,0252,9698,275 0252-9698
C125-L40,C125,C125-L38,056,"BRIDGES, HWY",,0252,0585,056 0252-0585
C125-L41,C125,C125-L38,228,LOCKS & DAMS,,0252,0846,228 0252-0846
C125-L42,C125,C125-L38,281,"PORTS, INLAND",,0252,0846,281 0252-0846
C125-L43,C125,C125-L38,390,HUNGARY,RAILROAD YARDS & SHOPS- SATELLITES,0252,0883,390 0252-0883
C125-L44,C125,C125-L38,248,MILITARY TROOP INSTALLATIONS,,0252,0987,248 0252-0987
C125-L45,C125,C125-L38,248,MILITARY TROOP INSTALLATIONS,,0252,0988,248 0252-0988
C125-L46,C125,C125-L38,246,"MILITARY STORAGE AREAS, ARMY & NAVY",,0252,0989,246 0252-0989
C125-L47,C125,C125-L38,246,"MILITARY STORAGE AREAS, ARMY & NAVY",,0252,0990,246 0252-0990
C125-L48,C125,C125-L38,246,"MILITARY STORAGE AREAS, ARMY & NAVY",,0252,1151,246 0252-1151
C125-L49,C125,C125-L38,246,"MILITARY STORAGE AREAS, ARMY & NAVY",,0252,1152,246 0252-1152
C125-L50,C125,C125-L38,275,POPULATION,,0252,9970,275 0252-9970
C126-L06,C126,C126-L04,224,"LIQUID FUEL PLANTS, CRUDE",,0252,0156,224 0252-0156
C126-L07,C126,C126-L04,226,"LIQUID FUELS, STORAGE AT REFINERIES",,0252,0156,226 0252-0156
C126-L08,C126,C126-L04,275,POPULATION,,0252,9674,275 0252-9674
C126-L11,C126,C126-L09,192,HUNGARY,ELECTRIC POWER - SATELLITES,0252,0154,192 0252-0154
C126-L12,C126,C126-L09,021,ALUMINUM,,0252,0159,021 0252-0159
C126-L13,C126,C126-L09,275,POPULATION,,0252,9953,275 0252-9953
C126-L16,C126,C126-L14,112,MOSCOW-GORKIY,ELECTRIC POWER - MAJOR GRIDS,0154,0176,112 0154-0176
C126-L17,C126,C126-L14,275,POPULATION,,0154,9863,275 0154-9863
C126-L22,C126,C126-L18,227,"LIQUID FUELS, STORAGE NON-REFINERY",,0204,,227 0204-
C126-L23,C126,C126-L18,227,"LIQUID FUELS, STORAGE NON-REFINERY",,0204,,227 0204-
C126-L24,C126,C126-L18,240,"MILITARY CONTROLS, AIR FORCE",,0204,,240 0204-
C126-L25,C126,C126-L18,016,AIRFRAMES,,0204,0001,016 0204-0001
C126-L26,C126,C126-L18,016,AIRFRAMES,,0204,0002,016 0204-0002
C126-L27,C126,C126-L18,075,COKE CHEMICALS,,0204,0003,075 0204-0003
C126-L28,C126,C126-L18,430,STEEL,,0204,0003,430 0204-0003
C126-L29,C126,C126-L18,281,"PORTS, INLAND",,0204,0005,281 0204-0005
C126-L30,C126,C126-L18,214,"GUNS, SMALL ARMS",,0204,0006,214 0204-0006
C126-L31,C126,C126-L18,415,SHIPBUILDING,,0204,0011,415 0204-0011
C126-L32,C126,C126-L18,130,FAR EAST ECONOMIC REGION,ELECTRIC POWER - OUTSIDE GRIDS,0204,0015,130 0204-0015
C126-L33,C126,C126-L18,224,"LIQUID FUEL PLANTS, CRUDE",,0204,0021,224 0204-0021
C126-L34,C126,C126-L18,226,"LIQUID FUELS, STORAGE AT REFINERIES",,0204,0021,226 0204-0021
C126-L35,C126,C126-L18,445,SULFURIC ACID,,0204,0034,445 0204-0034
C126-L36,C126,C126-L18,050,"BATTERIES, LEAD ACID",,0204,0045,050 0204-0045
C126-L37,C126,C126-L18,354,EAST SIBERIAN & FAR EASTERN REGION,RAILROAD YARDS & SHOPS- USSR,0204,0061,354 0204-0061
C126-L38,C126,C126-L18,050,"BATTERIES, LEAD ACID",,0204,0067,050 0204-0067
C126-L39,C126,C126-L18,227,"LIQUID FUELS, STORAGE NON-REFINERY",,0204,0080,227 0204-0080
C126-L40,C126,C126-L18,227,"LIQUID FUELS, STORAGE NON-REFINERY",,0204,0083,227 0204-0083
C126-L41,C126,C126-L18,227,"LIQUID FUELS, STORAGE NON-REFINERY",,0204,0085,227 0204-0085
C126-L42,C126,C126-L18,130,FAR EAST ECONOMIC REGION,ELECTRIC POWER - OUTSIDE GRIDS,0204,0105,130 0204-0105
C126-L43,C126,C126-L18,208,GOVERNMENT CONTROL CENTERS,,0204,0124,208 0204-0124
C126-L44,C126,C126-L18,291,RAILROAD FERRY,,0204,0125,291 0204-0125
C126-L45,C126,C126-L18,291,RAILROAD FERRY,,0204,0127,291 0204-0127
C126-L46,C126,C126-L18,227,"LIQUID FUELS, STORAGE NON-REFINERY",,0204,0131,227 0204-0131
C126-L47,C126,C126-L18,246,"MILITARY STORAGE AREAS, ARMY & NAVY",,0204,0139,246 0204-0139
C126-L48,C126,C126-L18,246,"MILITARY STORAGE AREAS, ARMY & NAVY",,0204,0140,246 0204-0140
C126-L49,C126,C126-L18,246,"MILITARY STORAGE AREAS, ARMY & NAVY",,0204,0141,246 0204-0141
C126-L50,C126,C126-L18,246,"MILITARY STORAGE AREAS, ARMY & NAVY",,0204,0142,246 0204-0142
C126-L51,C126,C126-L18,275,POPULATION,,0204,9998,275 0204-9998
C127-L05,C127,C127-L04,140,NORTHWEST ECONOMIC REGION,ELECTRIC POWER - OUTSIDE GRIDS,0102,0015,140 0102-0015
C127-L06,C127,C127-L04,275,POPULATION,,0102,9961,275 0102-9961
C127-L08,C127,C127-L07,392,POLAND,RAILROAD YARDS & SHOPS- SATELLITES,0169,1066,392 0169-1066
C127-L09,C127,C127-L07,196,POLAND,ELECTRIC POWER - SATELLITES,0169,1207,196 0169-1207
C127-L10,C127,C127-L07,275,POPULATION,,0169,9862,275 0169-9862
C127-L13,C127,C127-L11,358,NORTHERN REGION,RAILROAD YARDS & SHOPS- USSR,0102,0041,358 0102-0041
C127-L14,C127,C127-L11,275,POPULATION,,0102,9959,275 0102-9959
C127-L17,C127,C127-L15,328,WEST SUB-REGION UKRAINE REGION,RAILROAD EQUIPMENT REPAIR PLANTS-USSR,0233,0008,328 0233-0008
C127-L18,C127,C127-L15,376,WEST SUB-REGION UKRAINE REGION,RAILROAD YARDS & SHOPS- USSR,0233,0012,376 0233-0012
C127-L19,C127,C127-L15,145,SOUTH ECONOMIC REGION,ELECTRIC POWER - OUTSIDE GRIDS,0233,0105,145 0233-0105
C127-L20,C127,C127-L15,275,POPULATION,,0233,9997,275 0233-9997
C127-L23,C127,C127-L21,227,"LIQUID FUELS, STORAGE NON-REFINERY",,0233,,227 0233-
C127-L24,C127,C127-L21,376,WEST SUB-REGION UKRAINE REGION,RAILROAD YARDS & SHOPS- USSR,0233,0013,376 0233-0013
C127-L25,C127,C127-L21,376,WEST SUB-REGION UKRAINE REGION,RAILROAD YARDS & SHOPS- USSR,0233,0014,376 0233-0014
C127-L26,C127,C127-L21,376,WEST SUB-REGION UKRAINE REGION,RAILROAD YARDS & SHOPS- USSR,0233,0015,376 0233-0015
C127-L27,C127,C127-L21,275,POPULATION,,0233,9996,275 0233-9996
C127-L30,C127,C127-L28,106,DNEPR-DONETS,ELECTRIC POWER - MAJOR GRIDS,0234,0002,106 0234-0002
C127-L31,C127,C127-L28,204,FERRO-ALLOYS,,0234,0065,204 0234-0065
C127-L32,C127,C127-L28,270,PIG IRON,,0234,0065,270 0234-0065
C127-L33,C127,C127-L28,430,STEEL,,0234,0065,430 0234-0065
C127-L34,C127,C127-L28,445,SULFURIC ACID,,0234,0108,445 0234-0108
C127-L35,C127,C127-L28,057,CADMIUM,,0234,0111,057 0234-0111
C127-L36,C127,C127-L28,490,ZINC,,0234,0111,490 0234-0111
C127-L37,C127,C127-L28,352,DONBAS SUB-REGION UKRAINE REGION,RAILROAD YARDS & SHOPS- USSR,0234,0113,352 0234-0113
C127-L38,C127,C127-L28,075,COKE CHEMICALS,,0234,0122,075 0234-0122
C127-L39,C127,C127-L28,275,POPULATION,,0234,9984,275 0234-9984
C127-L42,C127,C127-L40,227,"LIQUID FUELS, STORAGE NON-REFINERY",,0234,,227 0234-
C127-L43,C127,C127-L40,250,MINING MACHINERY,,0234,0292,250 0234-0292
C127-L44,C127,C127-L40,430,STEEL,,0234,0292,430 0234-0292
C127-L45,C127,C127-L40,275,POPULATION,,0234,9956,275 0234-9956
C128-L04,C128,C127-L46,376,WEST SUB-REGION UKRAINE REGION,RAILROAD YARDS & SHOPS- USSR,0233,0039,376 0233-0039
C128-L05,C128,C127-L46,275,POPULATION,,0233,9968,275 0233-9968
C128-L07,C128,C128-L06,227,"LIQUID FUELS, STORAGE NON-REFINERY",,0233,,227 0233-
C128-L08,C128,C128-L06,275,POPULATION,,0233,,275 0233-
C128-L10,C128,C128-L09,362,SOUTHERN SUB-REGION CENTRAL IND REG,RAILROAD YARDS & SHOPS- USSR,0234,0493,362 0234-0493
C128-L11,C128,C128-L09,275,POPULATION,,0234,9887,275 0234-9887
C128-L13,C128,C128-L12,227,"LIQUID FUELS, STORAGE NON-REFINERY",,0164,,227 0164-
C128-L14,C128,C128-L12,275,POPULATION,,0164,9946,275 0164-9946
C128-L17,C128,C128-L15,227,"LIQUID FUELS, STORAGE NON-REFINERY",,0233,,227 0233-
C128-L18,C128,C128-L15,376,WEST SUB-REGION UKRAINE REGION,RAILROAD YARDS & SHOPS- USSR,0233,0178,376 0233-0178
C128-L19,C128,C128-L15,376,WEST SUB-REGION UKRAINE REGION,RAILROAD YARDS & SHOPS- USSR,0233,0179,376 0233-0179
C128-L20,C128,C128-L15,248,MILITARY TROOP INSTALLATIONS,,0233,0259,248 0233-0259
C128-L21,C128,C128-L15,275,POPULATION,,0233,9810,275 0233-9810
C128-L23,C128,C128-L22,240,"MILITARY CONTROLS, AIR FORCE",,0281,,240 0281-
C128-L24,C128,C128-L22,227,"LIQUID FUELS, STORAGE NON-REFINERY",,0281,0003,227 0281-0003
C128-L25,C128,C128-L22,437,SUBMARINE BASES,,0281,0005,437 0281-0005
C128-L26,C128,C128-L22,227,"LIQUID FUELS, STORAGE NON-REFINERY",,0281,0008,227 0281-0008
C128-L27,C128,C128-L22,354,EAST SIBERIAN & FAR EASTERN REGION,RAILROAD YARDS & SHOPS- USSR,0281,0010,354 0281-0010
C128-L28,C128,C128-L22,280,"PORTS, MARITIME",,0281,0011,280 0281-0011
C128-L29,C128,C128-L22,227,"LIQUID FUELS, STORAGE NON-REFINERY",,0281,0015,227 0281-0015
C128-L30,C128,C128-L22,275,POPULATION,,0281,9998,275 0281-9998
C128-L32,C128,C128-L31,392,POLAND,RAILROAD YARDS & SHOPS- SATELLITES,0168,0187,392 0168-0187
C128-L33,C128,C128-L31,275,POPULATION,,0168,9853,275 0168-9853
C128-L35,C128,C128-L34,248,MILITARY TROOP INSTALLATIONS,,0168,0336,248 0168-0336
C128-L36,C128,C128-L34,275,POPULATION,,0168,9809,275 0168-9809
C128-L38,C128,C128-L37,248,MILITARY TROOP INSTALLATIONS,,0168,0287,248 0168-0287
C128-L39,C128,C128-L37,275,POPULATION,,0168,9809,275 0168-9809
C128-L41,C128,C128-L40,386,CZECHOSLOVAKIA,RAILROAD YARDS & SHOPS- SATELLITES,0232,1073,386 0232-1073
C128-L42,C128,C128-L40,445,SULFURIC ACID,,0232,1151,445 0232-1151
C128-L43,C128,C128-L40,208,GOVERNMENT CONTROL CENTERS,,0232,1163,208 0232-1163
C128-L44,C128,C128-L40,248,MILITARY TROOP INSTALLATIONS,,0232,1240,248 0232-1240
C129-L04,C129,C128-L40,248,MILITARY TROOP INSTALLATIONS,,0232,1241,248 0232-1241
C129-L05,C129,C128-L40,275,POPULATION,,0232,9749,275 0232-9749
C129-L07,C129,C129-L06,392,POLAND,RAILROAD YARDS & SHOPS- SATELLITES,0169,1083,392 0169-1083
C129-L08,C129,C129-L06,248,MILITARY TROOP INSTALLATIONS,,0169,1234,248 0169-1234
C129-L09,C129,C129-L06,275,POPULATION,,0169,9964,275 0169-9964
C129-L11,C129,C129-L10,196,POLAND,ELECTRIC POWER - SATELLITES,0169,0325,196 0169-0325
C129-L12,C129,C129-L10,248,MILITARY TROOP INSTALLATIONS,,0169,1229,248 0169-1229
C129-L13,C129,C129-L10,275,POPULATION,,0169,9980,275 0169-9980
C129-L18,C129,C129-L15,095,EARTH MOVING EQUIPMENT,,0154,0050,095 0154-0050
C129-L19,C129,C129-L15,430,STEEL,,0154,0050,430 0154-0050
C129-L20,C129,C129-L15,112,MOSCOW-GORKIY,ELECTRIC POWER - MAJOR GRIDS,0154,0182,112 0154-0182
C129-L21,C129,C129-L15,227,"LIQUID FUELS, STORAGE NON-REFINERY",,0154,0403,227 0154-0403
C129-L22,C129,C129-L15,281,"PORTS, INLAND",,0154,0412,281 0154-0412
C129-L23,C129,C129-L15,208,GOVERNMENT CONTROL CENTERS,,0154,0427,208 0154-0427
C129-L24,C129,C129-L15,360,NORTHEAST SUB-REGION CENTRAL IND REG,RAILROAD YARDS & SHOPS- USSR,0154,0458,360 0154-0458
C129-L25,C129,C129-L15,275,POPULATION,,0154,9999,275 0154-9999
C129-L28,C129,C129-L26,360,NORTHEAST SUB-REGION CENTRAL IND REG,RAILROAD YARDS & SHOPS- USSR,0155,0116,360 0155-0116
C129-L29,C129,C129-L26,275,POPULATION,,0155,9946,275 0155-9946
C129-L32,C129,C129-L30,368,VOLGA REGION,RAILROAD YARDS & SHOPS- USSR,0248,0053,368 0248-0053
C129-L33,C129,C129-L30,275,POPULATION,,0248,9978,275 0248-9978
C129-L36,C129,C129-L34,062,CAUSTIC SODA,,0101,0009,062 0101-0009
C129-L37,C129,C129-L34,068,CHLORINE,,0101,0009,068 0101-0009
C129-L38,C129,C129-L34,358,NORTHERN REGION,RAILROAD YARDS & SHOPS- USSR,0101,0017,358 0101-0017
C129-L39,C129,C129-L34,275,POPULATION,,0101,9999,275 0101-9999
C129-L41,C129,C129-L40,358,NORTHERN REGION,RAILROAD YARDS & SHOPS- USSR,0101,0022,358 0101-0022
C129-L42,C129,C129-L40,275,POPULATION,,0101,9975,275 0101-9975
C130-L04,C130,C129-L43,246,"MILITARY STORAGE AREAS, ARMY & NAVY",,0231,3816,246 0231-3816
C130-L05,C130,C129-L43,275,POPULATION,,0231,9377,275 0231-9377
C130-L08,C130,C130-L06,227,"LIQUID FUELS, STORAGE NON-REFINERY",,0232,,227 0232-
C130-L09,C130,C130-L06,376,WEST SUB-REGION UKRAINE REGION,RAILROAD YARDS & SHOPS- USSR,0232,0140,376 0232-0140
C130-L10,C130,C130-L06,376,WEST SUB-REGION UKRAINE REGION,RAILROAD YARDS & SHOPS- USSR,0232,0141,376 0232-0141
C130-L11,C130,C130-L06,376,WEST SUB-REGION UKRAINE REGION,RAILROAD YARDS & SHOPS- USSR,0232,0529,376 0232-0529
C130-L12,C130,C130-L06,275,POPULATION,,0232,9997,275 0232-9997
C130-L15,C130,C130-L13,214,"GUNS, SMALL ARMS",,0154,0027,214 0154-0027
C130-L16,C130,C130-L13,095,EARTH MOVING EQUIPMENT,,0154,0100,095 0154-0100
C130-L17,C130,C130-L13,360,NORTHEAST SUB-REGION CENTRAL IND REG,RAILROAD YARDS & SHOPS- USSR,0154,0349,360 0154-0349
C130-L18,C130,C130-L13,275,POPULATION,,0154,9979,275 0154-9979
C130-L21,C130,C130-L19,364,SOUTHEAST SUB-REGION CENTRAL IND REG,RAILROAD YARDS & SHOPS- USSR,0166,0201,364 0166-0201
C130-L22,C130,C130-L19,275,POPULATION,,0166,9881,275 0166-9881
C130-L24,C130,C130-L23,227,"LIQUID FUELS, STORAGE NON-REFINERY",,0028,,227 0028-
C130-L25,C130,C130-L23,280,"PORTS, MARITIME",,0028,0003,280 0028-0003
C130-L26,C130,C130-L23,275,POPULATION,,0028,9998,275 0028-9998
C130-L32,C130,C130-L27,470,TORPEDOES,,0232,,470 0232-
C130-L33,C130,C130-L27,075,COKE CHEMICALS,,0232,0009,075 0232-0009
C130-L34,C130,C130-L27,270,PIG IRON,,0232,0009,270 0232-0009
C130-L35,C130,C130-L27,430,STEEL,,0232,0009,430 0232-0009
C130-L36,C130,C130-L27,050,"BATTERIES, LEAD ACID",,0232,0070,050 0232-0070
C130-L37,C130,C130-L27,200,ELECTRIC WIRE & CABLE,,0232,0073,200 0232-0073
C130-L38,C130,C130-L27,392,POLAND,RAILROAD YARDS & SHOPS- SATELLITES,0232,0076,392 0232-0076
C130-L39,C130,C130-L27,392,POLAND,RAILROAD YARDS & SHOPS- SATELLITES,0232,0077,392 0232-0077
C130-L40,C130,C130-L27,196,POLAND,ELECTRIC POWER - SATELLITES,0232,0078,196 0232-0078
C130-L41,C130,C130-L27,336,POLAND,RAILROAD EQUIP REPAIR PLANTS-SATTELITES,0232,0080,336 0232-0080
C130-L42,C130,C130-L27,290,RAILROAD BRIDGES,,0232,0081,290 0232-0081
C130-L43,C130,C130-L27,056,"BRIDGES, HWY",,0232,0082,056 0232-0082
C130-L44,C130,C130-L27,056,"BRIDGES, HWY",,0232,0083,056 0232-0083
C130-L45,C130,C130-L27,056,"BRIDGES, HWY",,0232,0084,056 0232-0084
C130-L46,C130,C130-L27,281,"PORTS, INLAND",,0232,0340,281 0232-0340
C131-L04,C131,C130-L27,055,"BOILERS, HIGH PRESSURE",,0232,0344,055 0232-0344
C131-L05,C131,C130-L27,064,CHEMICAL EQUIPMENT,,0232,0344,064 0232-0344
C131-L06,C131,C130-L27,290,RAILROAD BRIDGES,,0232,0570,290 0232-0570
C131-L07,C131,C130-L27,070,CHLOROMYCETIN,,0232,1018,070 0232-1018
C131-L08,C131,C130-L27,196,POLAND,ELECTRIC POWER - SATELLITES,0232,1053,196 0232-1053
C131-L09,C131,C130-L27,208,GOVERNMENT CONTROL CENTERS,,0232,1168,208 0232-1168
C131-L10,C131,C130-L27,196,POLAND,ELECTRIC POWER - SATELLITES,0232,1219,196 0232-1219
C131-L11,C131,C130-L27,248,MILITARY TROOP INSTALLATIONS,,0232,1298,248 0232-1298
C131-L12,C131,C130-L27,248,MILITARY TROOP INSTALLATIONS,,0232,1299,248 0232-1299
C131-L13,C131,C130-L27,246,"MILITARY STORAGE AREAS, ARMY & NAVY",,0232,1305,246 0232-1305
C131-L14,C131,C130-L27,275,POPULATION,,0232,9963,275 0232-9963
C131-L16,C131,C131-L15,062,CAUSTIC SODA,,0232,0328,062 0232-0328
C131-L17,C131,C131-L15,425,SODA ASH,,0232,0328,425 0232-0328
C131-L18,C131,C131-L15,275,POPULATION,,0232,9660,275 0232-9660
C131-L21,C131,C131-L19,057,CADMIUM,,0232,0810,057 0232-0810
C131-L22,C131,C131-L19,216,"LEAD, REFINED",,0232,0810,216 0232-0810
C131-L23,C131,C131-L19,490,ZINC,,0232,0810,490 0232-0810
C131-L24,C131,C131-L19,275,POPULATION,,0232,9615,275 0232-9615
C131-L26,C131,C131-L25,248,MILITARY TROOP INSTALLATIONS,,0290,0381,248 0290-0381
C131-L27,C131,C131-L25,275,POPULATION,,0290,9998,275 0290-9998
C131-L29,C131,C131-L28,116,TRANS-CAUCASUS,ELECTRIC POWER - MAJOR GRIDS,0324,0107,116 0324-0107
C131-L30,C131,C131-L28,275,POPULATION,,0324,9951,275 0324-9951
C131-L32,C131,C131-L31,030,ANTI-FRICTION BEARINGS,,0232,1181,030 0232-1181
C131-L33,C131,C131-L31,275,POPULATION,,0232,9857,275 0232-9857
C131-L36,C131,C131-L34,352,DONBAS SUB-REGION UKRAINE REGION,RAILROAD YARDS & SHOPS- USSR,0234,0370,352 0234-0370
C131-L37,C131,C131-L34,275,POPULATION,,0234,9652,275 0234-9652
C131-L41,C131,C131-L38,227,"LIQUID FUELS, STORAGE NON-REFINERY",,0249,,227 0249-
C131-L42,C131,C131-L38,246,"MILITARY STORAGE AREAS, ARMY & NAVY",,0249,,246 0249-
C131-L43,C131,C131-L38,224,"LIQUID FUEL PLANTS, CRUDE",,0249,0041,224 0249-0041
C131-L44,C131,C131-L38,226,"LIQUID FUELS, STORAGE AT REFINERIES",,0249,0041,226 0249-0041
C131-L45,C131,C131-L38,290,RAILROAD BRIDGES,,0249,0058,290 0249-0058
C131-L46,C131,C131-L38,230,MACHINE TOOLS,,0249,0099,230 0249-0099
C132-L04,C132,C131-L38,262,OIL EXTRACTION EQUIPMENT,,0249,0099,262 0249-0099
C132-L05,C132,C131-L38,150,SOUTHEAST ECONOMIC REGION,ELECTRIC POWER - OUTSIDE GRIDS,0249,0131,150 0249-0131
C132-L06,C132,C131-L38,281,"PORTS, INLAND",,0249,0252,281 0249-0252
C132-L07,C132,C131-L38,350,CAUCASUS REGION,RAILROAD YARDS & SHOPS- USSR,0249,0253,350 0249-0253
C132-L08,C132,C131-L38,281,"PORTS, INLAND",,0249,0294,281 0249-0294
C132-L09,C132,C131-L38,208,GOVERNMENT CONTROL CENTERS,,0249,0307,208 0249-0307
C132-L10,C132,C131-L38,275,POPULATION,,0249,9998,275 0249-9998
C132-L12,C132,C132-L11,056,"BRIDGES, HWY",,0234,,056 0234-
C132-L13,C132,C132-L11,352,DONBAS SUB-REGION UKRAINE REGION,RAILROAD YARDS & SHOPS- USSR,0234,0107,352 0234-0107
C132-L14,C132,C132-L11,275,POPULATION,,0234,9985,275 0234-9985
C132-L16,C132,C132-L15,246,"MILITARY STORAGE AREAS, ARMY & NAVY",,0234,0471,246 0234-0471
C132-L17,C132,C132-L15,275,POPULATION,,0234,9702,275 0234-9702
C132-L20,C132,C132-L18,227,"LIQUID FUELS, STORAGE NON-REFINERY",,0156,,227 0156-
C132-L21,C132,C132-L18,118,URALS,ELECTRIC POWER - MAJOR GRIDS,0156,0072,118 0156-0072
C132-L22,C132,C132-L18,224,"LIQUID FUEL PLANTS, CRUDE",,0156,0114,224 0156-0114
C132-L23,C132,C132-L18,226,"LIQUID FUELS, STORAGE AT REFINERIES",,0156,0114,226 0156-0114
C132-L24,C132,C132-L18,281,"PORTS, INLAND",,0156,0363,281 0156-0363
C132-L25,C132,C132-L18,275,POPULATION,,0156,9986,275 0156-9986
C132-L28,C132,C132-L26,366,URALS REGION,RAILROAD YARDS & SHOPS- USSR,0156,0414,366 0156-0414
C132-L29,C132,C132-L26,275,POPULATION,,0156,9942,275 0156-9942
C132-L32,C132,C132-L30,227,"LIQUID FUELS, STORAGE NON-REFINERY",,0249,,227 0249-
C132-L33,C132,C132-L30,275,POPULATION,,0249,9820,275 0249-9820
C132-L38,C132,C132-L34,281,"PORTS, INLAND",,0326,0002,281 0326-0002
C132-L39,C132,C132-L34,224,"LIQUID FUEL PLANTS, CRUDE",,0326,0003,224 0326-0003
C132-L40,C132,C132-L34,226,"LIQUID FUELS, STORAGE AT REFINERIES",,0326,0003,226 0326-0003
C132-L41,C132,C132-L34,227,"LIQUID FUELS, STORAGE NON-REFINERY",,0326,0012,227 0326-0012
C132-L42,C132,C132-L34,372,WEST SIBERIAN REGION,RAILROAD YARDS & SHOPS- USSR,0326,0013,372 0326-0013
C132-L43,C132,C132-L34,372,WEST SIBERIAN REGION,RAILROAD YARDS & SHOPS- USSR,0326,0014,372 0326-0014
C132-L44,C132,C132-L34,281,"PORTS, INLAND",,0326,0015,281 0326-0015
C132-L45,C132,C132-L34,135,KAZAKHSTAN-CENTRAL ASIA ECONOMIC REGION,ELECTRIC POWER - OUTSIDE GRIDS,0326,0016,135 0326-0016
C132-L46,C132,C132-L34,227,"LIQUID FUELS, STORAGE NON-REFINERY",,0326,0017,227 0326-0017
C133-L04,C133,C132-L34,275,POPULATION,,0326,9999,275 0326-9999
C133-L09,C133,C133-L05,125,EAST SIBERIAN ECONOMIC REGION,ELECTRIC POWER - OUTSIDE GRIDS,0159,0001,125 0159-0001
C133-L10,C133,C133-L05,294,RAILROAD LOCOMOTIVES,,0159,0003,294 0159-0003
C133-L11,C133,C133-L05,430,STEEL,,0159,0003,430 0159-0003
C133-L12,C133,C133-L05,125,EAST SIBERIAN ECONOMIC REGION,ELECTRIC POWER - OUTSIDE GRIDS,0159,0004,125 0159-0004
C133-L13,C133,C133-L05,010,AGRICULTURAL EQUIPMENT,,0159,0008,010 0159-0008
C133-L14,C133,C133-L05,212,"GUNS, MAJOR CALIBER",,0159,0011,212 0159-0011
C133-L15,C133,C133-L05,250,MINING MACHINERY,,0159,0011,250 0159-0011
C133-L16,C133,C133-L05,410,SEA MINES,,0159,0011,410 0159-0011
C133-L17,C133,C133-L05,430,STEEL,,0159,0011,430 0159-0011
C133-L18,C133,C133-L05,281,"PORTS, INLAND",,0159,0016,281 0159-0016
C133-L19,C133,C133-L05,125,EAST SIBERIAN ECONOMIC REGION,ELECTRIC POWER - OUTSIDE GRIDS,0159,0017,125 0159-0017
C133-L20,C133,C133-L05,285,RADIO & TELEVISION,,0159,0029,285 0159-0029
C133-L21,C133,C133-L05,354,EAST SIBERIAN & FAR EASTERN REGION,RAILROAD YARDS & SHOPS- USSR,0159,0032,354 0159-0032
C133-L22,C133,C133-L05,290,RAILROAD BRIDGES,,0159,0033,290 0159-0033
C133-L23,C133,C133-L05,400,"RUBBER, SYNTHETIC",,0159,0035,400 0159-0035
C133-L24,C133,C133-L05,282,PROPELLANTS,,0159,0038,282 0159-0038
C133-L25,C133,C133-L05,208,GOVERNMENT CONTROL CENTERS,,0159,0039,208 0159-0039
C133-L26,C133,C133-L05,227,"LIQUID FUELS, STORAGE NON-REFINERY",,0159,0040,227 0159-0040
C133-L27,C133,C133-L05,306,EAST SIBERIAN & FAR EASTERN REGION,RAILROAD EQUIPMENT REPAIR PLANTS-USSR,0159,0047,306 0159-0047
C133-L28,C133,C133-L05,275,POPULATION,,0159,9999,275 0159-9999
C133-L30,C133,C133-L29,246,"MILITARY STORAGE AREAS, ARMY & NAVY",,0167,,246 0167-
C133-L31,C133,C133-L29,275,POPULATION,,0167,,275 0167-
C133-L34,C133,C133-L32,376,WEST SUB-REGION UKRAINE REGION,RAILROAD YARDS & SHOPS- USSR,0232,0146,376 0232-0146
C133-L35,C133,C133-L32,376,WEST SUB-REGION UKRAINE REGION,RAILROAD YARDS & SHOPS- USSR,0232,0147,376 0232-0147
C133-L36,C133,C133-L32,376,WEST SUB-REGION UKRAINE REGION,RAILROAD YARDS & SHOPS- USSR,0232,0148,376 0232-0148
C133-L37,C133,C133-L32,275,POPULATION,,0232,9990,275 0232-9990
C133-L39,C133,C133-L38,227,"LIQUID FUELS, STORAGE NON-REFINERY",,0168,,227 0168-
C133-L40,C133,C133-L38,275,POPULATION,,0168,,275 0168-
C133-L42,C133,C133-L41,368,VOLGA REGION,RAILROAD YARDS & SHOPS- USSR,0235,0177,368 0235-0177
C133-L43,C133,C133-L41,275,POPULATION,,0235,9933,275 0235-9933
C134-L05,C134,C133-L44,227,"LIQUID FUELS, STORAGE NON-REFINERY",,0234,,227 0234-
C134-L06,C134,C133-L44,106,DNEPR-DONETS,ELECTRIC POWER - MAJOR GRIDS,0234,0020,106 0234-0020
C134-L07,C134,C133-L44,250,MINING MACHINERY,,0234,0209,250 0234-0209
C134-L08,C134,C133-L44,275,POPULATION,,0234,9729,275 0234-9729
C134-L10,C134,C134-L09,250,MINING MACHINERY,,0234,0495,250 0234-0495
C134-L11,C134,C134-L09,275,POPULATION,,0234,9916,275 0234-9916
C134-L14,C134,C134-L12,227,"LIQUID FUELS, STORAGE NON-REFINERY",,0234,,227 0234-
C134-L15,C134,C134-L12,275,POPULATION,,0234,,275 0234-
C134-L19,C134,C134-L16,215,HIGH EXPLOSIVES,,0234,0333,215 0234-0333
C134-L20,C134,C134-L16,282,PROPELLANTS,,0234,0333,282 0234-0333
C134-L21,C134,C134-L16,352,DONBAS SUB-REGION UKRAINE REGION,RAILROAD YARDS & SHOPS- USSR,0234,0365,352 0234-0365
C134-L22,C134,C134-L16,275,POPULATION,,0234,9802,275 0234-9802
C134-L25,C134,C134-L23,227,"LIQUID FUELS, STORAGE NON-REFINERY",,0233,,227 0233-
C134-L26,C134,C134-L23,376,WEST SUB-REGION UKRAINE REGION,RAILROAD YARDS & SHOPS- USSR,0233,0025,376 0233-0025
C134-L27,C134,C134-L23,290,RAILROAD BRIDGES,,0233,0027,290 0233-0027
C134-L28,C134,C134-L23,281,"PORTS, INLAND",,0233,0229,281 0233-0229
C134-L29,C134,C134-L23,292,RAILROAD FREIGHT CARS,,0233,0230,292 0233-0230
C134-L30,C134,C134-L23,246,"MILITARY STORAGE AREAS, ARMY & NAVY",,0233,0252,246 0233-0252
C134-L31,C134,C134-L23,246,"MILITARY STORAGE AREAS, ARMY & NAVY",,0233,0253,246 0233-0253
C134-L32,C134,C134-L23,246,"MILITARY STORAGE AREAS, ARMY & NAVY",,0233,0254,246 0233-0254
C134-L33,C134,C134-L23,246,"MILITARY STORAGE AREAS, ARMY & NAVY",,0233,0255,246 0233-0255
C134-L34,C134,C134-L23,275,POPULATION,,0233,9992,275 0233-9992
C134-L36,C134,C134-L35,248,MILITARY TROOP INSTALLATIONS,,0233,0260,248 0233-0260
C134-L37,C134,C134-L35,275,POPULATION,,0233,9829,275 0233-9829
C134-L39,C134,C134-L38,290,RAILROAD BRIDGES,,0169,0283,290 0169-0283
C134-L40,C134,C134-L38,392,POLAND,RAILROAD YARDS & SHOPS- SATELLITES,0169,1088,392 0169-1088
C134-L41,C134,C134-L38,275,POPULATION,,0169,9963,275 0169-9963
C134-L43,C134,C134-L42,392,POLAND,RAILROAD YARDS & SHOPS- SATELLITES,0232,0925,392 0232-0925
C134-L44,C134,C134-L42,196,POLAND,ELECTRIC POWER - SATELLITES,0232,1532,196 0232-1532
C134-L45,C134,C134-L42,275,POPULATION,,0232,9859,275 0232-9859
C135-L05,C135,C134-L46,170,WEST ECONOMIC REGION,ELECTRIC POWER - OUTSIDE GRIDS,0167,0894,170 0167-0894
C135-L06,C135,C134-L46,370,WESTERN REGION,RAILROAD YARDS & SHOPS- USSR,0167,1010,370 0167-1010
C135-L07,C135,C134-L46,275,POPULATION,,0167,9567,275 0167-9567
C135-L12,C135,C135-L08,075,COKE CHEMICALS,,0250,0003,075 0250-0003
C135-L13,C135,C135-L08,270,PIG IRON,,0250,0003,270 0250-0003
C135-L14,C135,C135-L08,430,STEEL,,0250,0003,430 0250-0003
C135-L15,C135,C135-L08,376,WEST SUB-REGION UKRAINE REGION,RAILROAD YARDS & SHOPS- USSR,0250,0027,376 0250-0027
C135-L16,C135,C135-L08,376,WEST SUB-REGION UKRAINE REGION,RAILROAD YARDS & SHOPS- USSR,0250,0028,376 0250-0028
C135-L17,C135,C135-L08,376,WEST SUB-REGION UKRAINE REGION,RAILROAD YARDS & SHOPS- USSR,0250,0029,376 0250-0029
C135-L18,C135,C135-L08,376,WEST SUB-REGION UKRAINE REGION,RAILROAD YARDS & SHOPS- USSR,0250,0030,376 0250-0030
C135-L19,C135,C135-L08,106,DNEPR-DONETS,ELECTRIC POWER - MAJOR GRIDS,0250,0055,106 0250-0055
C135-L20,C135,C135-L08,106,DNEPR-DONETS,ELECTRIC POWER - MAJOR GRIDS,0250,0154,106 0250-0154
C135-L21,C135,C135-L08,376,WEST SUB-REGION UKRAINE REGION,RAILROAD YARDS & SHOPS- USSR,0250,0203,376 0250-0203
C135-L22,C135,C135-L08,376,WEST SUB-REGION UKRAINE REGION,RAILROAD YARDS & SHOPS- USSR,0250,0253,376 0250-0253
C135-L23,C135,C135-L08,275,POPULATION,,0250,9999,275 0250-9999
C135-L25,C135,C135-L24,188,CZECHOSLOVAKIA,ELECTRIC POWER - SATELLITES,0232,0315,188 0232-0315
C135-L26,C135,C135-L24,275,POPULATION,,0232,9696,275 0232-9696
C135-L28,C135,C135-L27,227,"LIQUID FUELS, STORAGE NON-REFINERY",,0153,,227 0153-
C135-L29,C135,C135-L27,420,SHIP REPAIR,,0153,0167,420 0153-0167
C135-L30,C135,C135-L27,437,SUBMARINE BASES,,0153,0167,437 0153-0167
C135-L31,C135,C135-L27,280,"PORTS, MARITIME",,0153,0412,280 0153-0412
C135-L32,C135,C135-L27,227,"LIQUID FUELS, STORAGE NON-REFINERY",,0153,0500,227 0153-0500
C135-L33,C135,C135-L27,275,POPULATION,,0153,9991,275 0153-9991
C135-L35,C135,C135-L34,227,"LIQUID FUELS, STORAGE NON-REFINERY",,0153,,227 0153-
C135-L36,C135,C135-L34,227,"LIQUID FUELS, STORAGE NON-REFINERY",,0153,,227 0153-
C135-L37,C135,C135-L34,280,"PORTS, MARITIME",,0153,0408,280 0153-0408
C135-L38,C135,C135-L34,358,NORTHERN REGION,RAILROAD YARDS & SHOPS- USSR,0153,0645,358 0153-0645
C135-L39,C135,C135-L34,275,POPULATION,,0153,9844,275 0153-9844
C135-L42,C135,C135-L40,290,RAILROAD BRIDGES,,0249,0076,290 0249-0076
C135-L43,C135,C135-L40,350,CAUCASUS REGION,RAILROAD YARDS & SHOPS- USSR,0249,0309,350 0249-0309
C135-L44,C135,C135-L40,275,POPULATION,,0249,9981,275 0249-9981
C135-L47,C135,C135-L45,227,"LIQUID FUELS, STORAGE NON-REFINERY",,0249,,227 0249-
C135-L48,C135,C135-L45,275,POPULATION,,0249,9862,275 0249-9862
C136-L06,C136,C136-L04,226,"LIQUID FUELS, STORAGE AT REFINERIES",,0232,0007,226 0232-0007
C136-L07,C136,C136-L04,275,POPULATION,,0232,9854,275 0232-9854
C136-L10,C136,C136-L08,224,"LIQUID FUEL PLANTS, CRUDE",,0232,0042,224 0232-0042
C136-L11,C136,C136-L08,226,"LIQUID FUELS, STORAGE AT REFINERIES",,0232,0042,226 0232-0042
C136-L12,C136,C136-L08,275,POPULATION,,0232,9878,275 0232-9878
C136-L14,C136,C136-L13,227,"LIQUID FUELS, STORAGE NON-REFINERY",,0168,,227 0168-
C136-L15,C136,C136-L13,275,POPULATION,,0168,,275 0168-
C136-L17,C136,C136-L16,290,RAILROAD BRIDGES,,0153,0454,290 0153-0454
C136-L18,C136,C136-L16,370,WESTERN REGION,RAILROAD YARDS & SHOPS- USSR,0153,0616,370 0153-0616
C136-L19,C136,C136-L16,275,POPULATION,,0153,9843,275 0153-9843
C136-L22,C136,C136-L20,354,EAST SIBERIAN & FAR EASTERN REGION,RAILROAD YARDS & SHOPS- USSR,0199,0045,354 0199-0045
C136-L23,C136,C136-L20,275,POPULATION,,0199,9871,275 0199-9871
C136-L25,C136,C136-L24,227,"LIQUID FUELS, STORAGE NON-REFINERY",,0249,,227 0249-
C136-L26,C136,C136-L24,275,POPULATION,,0249,,275 0249-
C136-L29,C136,C136-L27,243,MILITARY SCHOOLS,,0497,,243 0497-
C136-L30,C136,C136-L27,245,"MILITARY STORAGE AREAS, AIR FORCE",,0497,0030,245 0497-0030
C136-L31,C136,C136-L27,275,POPULATION,,0497,9970,275 0497-9970
C136-L33,C136,C136-L32,246,"MILITARY STORAGE AREAS, ARMY & NAVY",,0615,,246 0615-
C136-L34,C136,C136-L32,275,POPULATION,,0615,,275 0615-
C136-L37,C136,C136-L35,243,MILITARY SCHOOLS,,0288,,243 0288-
C136-L38,C136,C136-L35,208,GOVERNMENT CONTROL CENTERS,,0288,0020,208 0288-0020
C136-L39,C136,C136-L35,275,POPULATION,,0288,9987,275 0288-9987
C137-L05,C137,C136-L40,208,GOVERNMENT CONTROL CENTERS,,0496,0021,208 0496-0021
C137-L06,C137,C136-L40,275,POPULATION,,0496,9993,275 0496-9993
C137-L09,C137,C137-L07,430,STEEL,,0166,0009,430 0166-0009
C137-L10,C137,C137-L07,112,MOSCOW-GORKIY,ELECTRIC POWER - MAJOR GRIDS,0166,0123,112 0166-0123
C137-L11,C137,C137-L07,360,NORTHEAST SUB-REGION CENTRAL IND REG,RAILROAD YARDS & SHOPS- USSR,0166,0184,360 0166-0184
C137-L12,C137,C137-L07,275,POPULATION,,0166,9990,275 0166-9990
C137-L15,C137,C137-L13,227,"LIQUID FUELS, STORAGE NON-REFINERY",,0156,,227 0156-
C137-L16,C137,C137-L13,262,OIL EXTRACTION EQUIPMENT,,0156,0341,262 0156-0341
C137-L17,C137,C137-L13,366,URALS REGION,RAILROAD YARDS & SHOPS- USSR,0156,0427,366 0156-0427
C137-L18,C137,C137-L13,275,POPULATION,,0156,9936,275 0156-9936
C137-L21,C137,C137-L19,243,MILITARY SCHOOLS,,0496,,243 0496-
C137-L22,C137,C137-L19,214,"GUNS, SMALL ARMS",,0496,0001,214 0496-0001
C137-L23,C137,C137-L19,230,MACHINE TOOLS,,0496,0017,230 0496-0017
C137-L24,C137,C137-L19,082,"COPPER, REFINED",,0496,0019,082 0496-0019
C137-L25,C137,C137-L19,208,GOVERNMENT CONTROL CENTERS,,0496,0020,208 0496-0020
C137-L26,C137,C137-L19,275,POPULATION,,0496,9992,275 0496-9992
C137-L29,C137,C137-L27,352,DONBAS SUB-REGION UKRAINE REGION,RAILROAD YARDS & SHOPS- USSR,0234,0330,352 0234-0330
C137-L30,C137,C137-L27,275,POPULATION,,0234,9680,275 0234-9680
C137-L35,C137,C137-L31,227,"LIQUID FUELS, STORAGE NON-REFINERY",,0164,,227 0164-
C137-L36,C137,C137-L31,372,WEST SIBERIAN REGION,RAILROAD YARDS & SHOPS- USSR,0164,0135,372 0164-0135
C137-L37,C137,C137-L31,010,AGRICULTURAL EQUIPMENT,,0164,0136,010 0164-0136
C137-L38,C137,C137-L31,208,GOVERNMENT CONTROL CENTERS,,0164,0182,208 0164-0182
C137-L39,C137,C137-L31,275,POPULATION,,0164,9992,275 0164-9992
C137-L41,C137,C137-L40,135,KAZAKHSTAN-CENTRAL ASIA ECONOMIC REGION,ELECTRIC POWER - OUTSIDE GRIDS,0336,0025,135 0336-0025
C137-L42,C137,C137-L40,275,POPULATION,,0336,9983,275 0336-9983
C138-L06,C138,C137-L43,227,"LIQUID FUELS, STORAGE NON-REFINERY",,0234,,227 0234-
C138-L07,C138,C137-L43,362,SOUTHERN SUB-REGION CENTRAL IND REG,RAILROAD YARDS & SHOPS- USSR,0234,0081,362 0234-0081
C138-L08,C138,C137-L43,050,"BATTERIES, LEAD ACID",,0234,0098,050 0234-0098
C138-L09,C138,C137-L43,120,CENTRAL INDUSTRIAL REGION,ELECTRIC POWER - OUTSIDE GRIDS,0234,0164,120 0234-0164
C138-L10,C138,C137-L43,208,GOVERNMENT CONTROL CENTERS,,0234,0430,208 0234-0430
C138-L11,C138,C137-L43,246,"MILITARY STORAGE AREAS, ARMY & NAVY",,0234,0473,246 0234-0473
C138-L12,C138,C137-L43,275,POPULATION,,0234,9993,275 0234-9993
C138-L15,C138,C138-L13,350,CAUCASUS REGION,RAILROAD YARDS & SHOPS- USSR,0249,0335,350 0249-0335
C138-L16,C138,C138-L13,275,POPULATION,,0249,9982,275 0249-9982
C138-L19,C138,C138-L17,275,POPULATION,,0164,,275 0164-
C138-L20,C138,C138-L17,372,WEST SIBERIAN REGION,RAILROAD YARDS & SHOPS- USSR,0164,0175,372 0164-0175
C138-L23,C138,C138-L21,118,URALS,ELECTRIC POWER - MAJOR GRIDS,0156,0006,118 0156-0006
C138-L24,C138,C138-L21,270,PIG IRON,,0156,0032,270 0156-0032
C138-L25,C138,C138-L21,430,STEEL,,0156,0032,430 0156-0032
C138-L26,C138,C138-L21,275,POPULATION,,0156,9987,275 0156-9987
C138-L29,C138,C138-L27,445,SULFURIC ACID,,0156,0161,445 0156-0161
C138-L30,C138,C138-L27,084,"COPPER, SMELTED",,0156,0206,084 0156-0206
C138-L31,C138,C138-L27,118,URALS,ELECTRIC POWER - MAJOR GRIDS,0156,0397,118 0156-0397
C138-L32,C138,C138-L27,275,POPULATION,,0156,9943,275 0156-9943
C138-L34,C138,C138-L33,270,PIG IRON,,0156,0263,270 0156-0263
C138-L35,C138,C138-L33,275,POPULATION,,0156,9957,275 0156-9957
C138-L37,C138,C138-L36,056,"BRIDGES, HWY",,0169,0238,056 0169-0238
C138-L38,C138,C138-L36,290,RAILROAD BRIDGES,,0169,0238,290 0169-0238
C138-L39,C138,C138-L36,392,POLAND,RAILROAD YARDS & SHOPS- SATELLITES,0169,0397,392 0169-0397
C138-L40,C138,C138-L36,248,MILITARY TROOP INSTALLATIONS,,0169,1233,248 0169-1233
C138-L41,C138,C138-L36,275,POPULATION,,0169,9965,275 0169-9965
C138-L45,C138,C138-L42,227,"LIQUID FUELS, STORAGE NON-REFINERY",,0324,,227 0324-
C138-L46,C138,C138-L42,240,"MILITARY CONTROLS, AIR FORCE",,0324,,240 0324-
C139-L03,C139,C138-L42,246,"MILITARY STORAGE AREAS, ARMY & NAVY",,0324,,246 0324-
C139-L04,C139,C138-L42,252,MOTOR VEHICLES,,0324,0002,252 0324-0002
C139-L05,C139,C138-L42,116,TRANS-CAUCASUS,ELECTRIC POWER - MAJOR GRIDS,0324,0005,116 0324-0005
C139-L06,C139,C138-L42,290,RAILROAD BRIDGES,,0324,0041,290 0324-0041
C139-L07,C139,C138-L42,290,RAILROAD BRIDGES,,0324,0042,290 0324-0042
C139-L08,C139,C138-L42,250,MINING MACHINERY,,0324,0059,250 0324-0059
C139-L09,C139,C138-L42,350,CAUCASUS REGION,RAILROAD YARDS & SHOPS- USSR,0324,0110,350 0324-0110
C139-L10,C139,C138-L42,245,"MILITARY STORAGE AREAS, AIR FORCE",,0324,0160,245 0324-0160
C139-L11,C139,C138-L42,245,"MILITARY STORAGE AREAS, AIR FORCE",,0324,0161,245 0324-0161
C139-L12,C139,C138-L42,275,POPULATION,,0324,9999,275 0324-9999
C139-L15,C139,C139-L13,116,TRANS-CAUCASUS,ELECTRIC POWER - MAJOR GRIDS,0324,0143,116 0324-0143
C139-L16,C139,C139-L13,116,TRANS-CAUCASUS,ELECTRIC POWER - MAJOR GRIDS,0324,0144,116 0324-0144
C139-L17,C139,C139-L13,275,POPULATION,,0324,9985,275 0324-9985
C139-L23,C139,C139-L18,241,"MILITARY HQS, ARMY",,0165,,241 0165-
C139-L24,C139,C139-L18,243,MILITARY SCHOOLS,,0165,,243 0165-
C139-L25,C139,C139-L18,165,VOLGA ECONOMIC REGION,ELECTRIC POWER - OUTSIDE GRIDS,0165,0009,165 0165-0009
C139-L26,C139,C139-L18,016,AIRFRAMES,,0165,0014,016 0165-0014
C139-L27,C139,C139-L18,023,AMMUNITION,,0165,0016,023 0165-0016
C139-L28,C139,C139-L18,016,AIRFRAMES,,0165,0017,016 0165-0017
C139-L29,C139,C139-L18,015,AIRCRAFT ENGINES,,0165,0024,015 0165-0024
C139-L30,C139,C139-L18,245,"MILITARY STORAGE AREAS, AIR FORCE",,0165,0024,245 0165-0024
C139-L31,C139,C139-L18,368,VOLGA REGION,RAILROAD YARDS & SHOPS- USSR,0165,0032,368 0165-0032
C139-L32,C139,C139-L18,030,ANTI-FRICTION BEARINGS,,0165,0034,030 0165-0034
C139-L33,C139,C139-L18,224,"LIQUID FUEL PLANTS, CRUDE",,0165,0047,224 0165-0047
C139-L34,C139,C139-L18,226,"LIQUID FUELS, STORAGE AT REFINERIES",,0165,0047,226 0165-0047
C139-L35,C139,C139-L18,030,ANTI-FRICTION BEARINGS,,0165,0048,030 0165-0048
C139-L36,C139,C139-L18,230,MACHINE TOOLS,,0165,0060,230 0165-0060
C139-L37,C139,C139-L18,227,"LIQUID FUELS, STORAGE NON-REFINERY",,0165,0065,227 0165-0065
C139-L38,C139,C139-L18,212,"GUNS, MAJOR CALIBER",,0165,0068,212 0165-0068
C139-L39,C139,C139-L18,214,"GUNS, SMALL ARMS",,0165,0068,214 0165-0068
C139-L40,C139,C139-L18,230,MACHINE TOOLS,,0165,0068,230 0165-0068
C139-L41,C139,C139-L18,200,ELECTRIC WIRE & CABLE,,0165,0080,200 0165-0080
C139-L42,C139,C139-L18,015,AIRCRAFT ENGINES,,0165,0091,015 0165-0091
C139-L43,C139,C139-L18,245,"MILITARY STORAGE AREAS, AIR FORCE",,0165,0091,245 0165-0091
C139-L44,C139,C139-L18,165,VOLGA ECONOMIC REGION,ELECTRIC POWER - OUTSIDE GRIDS,0165,0130,165 0165-0130
C139-L45,C139,C139-L18,227,"LIQUID FUELS, STORAGE NON-REFINERY",,0165,0159,227 0165-0159
C139-L46,C139,C139-L18,227,"LIQUID FUELS, STORAGE NON-REFINERY",,0165,0160,227 0165-0160
C139-L47,C139,C139-L18,227,"LIQUID FUELS, STORAGE NON-REFINERY",,0165,0162,227 0165-0162
C139-L48,C139,C139-L18,227,"LIQUID FUELS, STORAGE NON-REFINERY",,0165,0164,227 0165-0164
C139-L49,C139,C139-L18,246,"MILITARY STORAGE AREAS, ARMY & NAVY",,0165,0174,246 0165-0174
C139-L50,C139,C139-L18,246,"MILITARY STORAGE AREAS, ARMY & NAVY",,0165,0175,246 0165-0175
C139-L51,C139,C139-L18,246,"MILITARY STORAGE AREAS, ARMY & NAVY",,0165,0176,246 0165-0176
C139-L52,C139,C139-L18,281,"PORTS, INLAND",,0165,0178,281 0165-0178
C139-L53,C139,C139-L18,320,VOLGA REGION,RAILROAD EQUIPMENT REPAIR PLANTS-USSR,0165,0182,320 0165-0182
C140-L04,C140,C139-L18,281,"PORTS, INLAND",,0165,0221,281 0165-0221
C140-L05,C140,C139-L18,368,VOLGA REGION,RAILROAD YARDS & SHOPS- USSR,0165,0222,368 0165-0222
C140-L06,C140,C139-L18,165,VOLGA ECONOMIC REGION,ELECTRIC POWER - OUTSIDE GRIDS,0165,0270,165 0165-0270
C140-L07,C140,C139-L18,208,GOVERNMENT CONTROL CENTERS,,0165,0277,208 0165-0277
C140-L08,C140,C139-L18,224,"LIQUID FUEL PLANTS, CRUDE",,0165,0295,224 0165-0295
C140-L09,C140,C139-L18,226,"LIQUID FUELS, STORAGE AT REFINERIES",,0165,0295,226 0165-0295
C140-L10,C140,C139-L18,165,VOLGA ECONOMIC REGION,ELECTRIC POWER - OUTSIDE GRIDS,0165,0319,165 0165-0319
C140-L11,C140,C139-L18,275,POPULATION,,0165,9998,275 0165-9998
C140-L13,C140,C140-L12,227,"LIQUID FUELS, STORAGE NON-REFINERY",,0165,,227 0165-
C140-L14,C140,C140-L12,275,POPULATION,,0165,9867,275 0165-9867
C140-L17,C140,C140-L15,243,MILITARY SCHOOLS,,0203,,243 0203-
C140-L18,C140,C140-L15,354,EAST SIBERIAN & FAR EASTERN REGION,RAILROAD YARDS & SHOPS- USSR,0203,0051,354 0203-0051
C140-L19,C140,C140-L15,227,"LIQUID FUELS, STORAGE NON-REFINERY",,0203,0063,227 0203-0063
C140-L20,C140,C140-L15,246,"MILITARY STORAGE AREAS, ARMY & NAVY",,0203,0080,246 0203-0080
C140-L21,C140,C140-L15,246,"MILITARY STORAGE AREAS, ARMY & NAVY",,0203,0081,246 0203-0081
C140-L22,C140,C140-L15,275,POPULATION,,0203,9995,275 0203-9995
C140-L24,C140,C140-L23,120,CENTRAL INDUSTRIAL REGION,ELECTRIC POWER - OUTSIDE GRIDS,0166,0153,120 0166-0153
C140-L25,C140,C140-L23,275,POPULATION,,0166,9993,275 0166-9993
C140-L27,C140,C140-L26,227,"LIQUID FUELS, STORAGE NON-REFINERY",,0201,,227 0201-
C140-L28,C140,C140-L26,227,"LIQUID FUELS, STORAGE NON-REFINERY",,0201,,227 0201-
C140-L29,C140,C140-L26,275,POPULATION,,0201,9997,275 0201-9997
C140-L31,C140,C140-L30,275,POPULATION,,0290,,275 0290-
C140-L32,C140,C140-L30,194,NORTH KOREA,ELECTRIC POWER - SATELLITES,0290,0274,194 0290-0274
C140-L33,C140,C140-L30,194,NORTH KOREA,ELECTRIC POWER - SATELLITES,0290,0276,194 0290-0276
C140-L34,C140,C140-L30,194,NORTH KOREA,ELECTRIC POWER - SATELLITES,0290,0279,194 0290-0279
C140-L35,C140,C140-L30,194,NORTH KOREA,ELECTRIC POWER - SATELLITES,0290,0280,194 0290-0280
C140-L39,C140,C140-L36,040,A/E INDUSTRY,,0164,,040 0164-
C140-L40,C140,C140-L36,005,"ABRASIVES, BONDED",,0164,0067,005 0164-0067
C140-L41,C140,C140-L36,082,"COPPER, REFINED",,0164,0084,082 0164-0084
C140-L42,C140,C140-L36,275,POPULATION,,0164,9993,275 0164-9993
C140-L45,C140,C140-L43,084,"COPPER, SMELTED",,0164,0083,084 0164-0083
C140-L46,C140,C140-L43,275,POPULATION,,0164,9977,275 0164-9977
C141-L05,C141,C141-L03,048,A/E RESEARCH,,0164,,048 0164-
C141-L06,C141,C141-L03,285,RADIO & TELEVISION,,0164,0155,285 0164-0155
C141-L07,C141,C141-L03,275,POPULATION,,0164,9990,275 0164-9990
C141-L10,C141,C141-L08,227,"LIQUID FUELS, STORAGE NON-REFINERY",,0249,,227 0249-
C141-L11,C141,C141-L08,275,POPULATION,,0249,9918,275 0249-9918
C141-L14,C141,C141-L12,241,"MILITARY HQS, ARMY",,0383,,241 0383-
C141-L15,C141,C141-L12,243,MILITARY SCHOOLS,,0383,,243 0383-
C141-L16,C141,C141-L12,208,GOVERNMENT CONTROL CENTERS,,0383,0002,208 0383-0002
C141-L17,C141,C141-L12,275,POPULATION,,0383,9995,275 0383-9995
C141-L19,C141,C141-L18,290,RAILROAD BRIDGES,,0169,0287,290 0169-0287
C141-L20,C141,C141-L18,392,POLAND,RAILROAD YARDS & SHOPS- SATELLITES,0169,0644,392 0169-0644
C141-L21,C141,C141-L18,248,MILITARY TROOP INSTALLATIONS,,0169,1235,248 0169-1235
C141-L22,C141,C141-L18,275,POPULATION,,0169,9972,275 0169-9972
C141-L24,C141,C141-L23,281,"PORTS, INLAND",,0385,0044,281 0385-0044
C141-L25,C141,C141-L23,275,POPULATION,,0385,9991,275 0385-9991
C141-L27,C141,C141-L26,275,POPULATION,,0051,,275 0051-
C141-L28,C141,C141-L26,227,"LIQUID FUELS, STORAGE NON-REFINERY",,0051,0076,227 0051-0076
C141-L30,C141,C141-L29,250,MINING MACHINERY,,0167,0366,250 0167-0366
C141-L31,C141,C141-L29,275,POPULATION,,0167,9943,275 0167-9943
C141-L33,C141,C141-L32,290,RAILROAD BRIDGES,,0169,,290 0169-
C141-L34,C141,C141-L32,392,POLAND,RAILROAD YARDS & SHOPS- SATELLITES,0169,1082,392 0169-1082
C141-L35,C141,C141-L32,275,POPULATION,,0169,9959,275 0169-9959
C141-L37,C141,C141-L36,280,"PORTS, MARITIME",,0169,0746,280 0169-0746
C141-L38,C141,C141-L36,275,POPULATION,,0169,9960,275 0169-9960
C142-L13,C142,C141-L39,430,STEEL,,0231,0437,430 0231-0437
C142-L14,C142,C141-L39,190,EAST GERMANY,ELECTRIC POWER - SATELLITES,0231,0554,190 0231-0554
C142-L15,C142,C141-L39,190,EAST GERMANY,ELECTRIC POWER - SATELLITES,0231,0555,190 0231-0555
C142-L16,C142,C141-L39,190,EAST GERMANY,ELECTRIC POWER - SATELLITES,0231,0564,190 0231-0564
C142-L17,C142,C141-L39,030,ANTI-FRICTION BEARINGS,,0231,0585,030 0231-0585
C142-L18,C142,C141-L39,388,EAST GERMANY,RAILROAD YARDS & SHOPS- SATELLITES,0231,0619,388 0231-0619
C142-L19,C142,C141-L39,388,EAST GERMANY,RAILROAD YARDS & SHOPS- SATELLITES,0231,0622,388 0231-0622
C142-L20,C142,C141-L39,388,EAST GERMANY,RAILROAD YARDS & SHOPS- SATELLITES,0231,0623,388 0231-0623
C142-L21,C142,C141-L39,388,EAST GERMANY,RAILROAD YARDS & SHOPS- SATELLITES,0231,0624,388 0231-0624
C142-L22,C142,C141-L39,230,MACHINE TOOLS,,0231,0629,230 0231-0629
C142-L23,C142,C141-L39,230,MACHINE TOOLS,,0231,0630,230 0231-0630
C142-L24,C142,C141-L39,005,"ABRASIVES, BONDED",,0231,0632,005 0231-0632
C142-L25,C142,C141-L39,010,AGRICULTURAL EQUIPMENT,,0231,0635,010 0231-0635
C142-L26,C142,C141-L39,064,CHEMICAL EQUIPMENT,,0231,0637,064 0231-0637
C142-L27,C142,C141-L39,250,MINING MACHINERY,,0231,0637,250 0231-0637
C142-L28,C142,C141-L39,230,MACHINE TOOLS,,0231,0639,230 0231-0639
C142-L29,C142,C141-L39,230,MACHINE TOOLS,,0231,0640,230 0231-0640
C142-L30,C142,C141-L39,285,RADIO & TELEVISION,,0231,0641,285 0231-0641
C142-L31,C142,C141-L39,285,RADIO & TELEVISION,,0231,1000,285 0231-1000
C142-L32,C142,C141-L39,190,EAST GERMANY,ELECTRIC POWER - SATELLITES,0231,1334,190 0231-1334
C142-L33,C142,C141-L39,334,EAST GERMANY,RAILROAD EQUIP REPAIR PLANTS-SATTELITES,0231,1782,334 0231-1782
C142-L34,C142,C141-L39,095,EARTH MOVING EQUIPMENT,,0231,1798,095 0231-1798
C142-L35,C142,C141-L39,250,MINING MACHINERY,,0231,1798,250 0231-1798
C142-L36,C142,C141-L39,430,STEEL,,0231,1828,430 0231-1828
C142-L37,C142,C141-L39,430,STEEL,,0231,1830,430 0231-1830
C142-L38,C142,C141-L39,246,"MILITARY STORAGE AREAS, ARMY & NAVY",,0231,2013,246 0231-2013
C142-L39,C142,C141-L39,264,OPTICAL EQUIPMENT,,0231,2740,264 0231-2740
C142-L40,C142,C141-L39,264,OPTICAL EQUIPMENT,,0231,2759,264 0231-2759
C142-L41,C142,C141-L39,285,RADIO & TELEVISION,,0231,3131,285 0231-3131
C142-L42,C142,C141-L39,208,GOVERNMENT CONTROL CENTERS,,0231,3165,208 0231-3165
C142-L43,C142,C141-L39,095,EARTH MOVING EQUIPMENT,,0231,3220,095 0231-3220
C142-L44,C142,C141-L39,095,EARTH MOVING EQUIPMENT,,0231,3221,095 0231-3221
C142-L45,C142,C141-L39,250,MINING MACHINERY,,0231,3221,250 0231-3221
C142-L46,C142,C141-L39,248,MILITARY TROOP INSTALLATIONS,,0231,3409,248 0231-3409
C142-L47,C142,C141-L39,248,MILITARY TROOP INSTALLATIONS,,0231,3410,248 0231-3410
C142-L48,C142,C141-L39,248,MILITARY TROOP INSTALLATIONS,,0231,3411,248 0231-3411
C142-L49,C142,C141-L39,275,POPULATION,,0231,9995,275 0231-9995
C142-L52,C142,C142-L50,275,POPULATION,,0231,,275 0231-
C142-L53,C142,C142-L50,246,"MILITARY STORAGE AREAS, ARMY & NAVY",,0231,0606,246 0231-0606
C142-L56,C142,C142-L54,225,"LIQUID FUEL PLANTS, SYNTHETIC",,0231,0001,225 0231-0001
C143-L04,C143,C142-L54,226,"LIQUID FUELS, STORAGE AT REFINERIES",,0231,0001,226 0231-0001
C143-L05,C143,C142-L54,190,EAST GERMANY,ELECTRIC POWER - SATELLITES,0231,0556,190 0231-0556
C143-L06,C143,C142-L54,060,CALCIUM CARBIDE,,0231,1757,060 0231-1757
C143-L07,C143,C142-L54,204,FERRO-ALLOYS,,0231,1757,204 0231-1757
C143-L08,C143,C142-L54,275,POPULATION,,0231,9632,275 0231-9632
C143-L10,C143,C143-L09,334,EAST GERMANY,RAILROAD EQUIP REPAIR PLANTS-SATTELITES,0231,1841,334 0231-1841
C143-L11,C143,C143-L09,275,POPULATION,,0231,9508,275 0231-9508
C143-L13,C143,C143-L12,275,POPULATION,,0231,,275 0231-
C143-L14,C143,C143-L12,248,MILITARY TROOP INSTALLATIONS,,0231,3228,248 0231-3228
C143-L15,C143,C143-L12,064,CHEMICAL EQUIPMENT,,0231,3806,064 0231-3806
C143-L18,C143,C143-L16,275,POPULATION,,0231,,275 0231-
C143-L19,C143,C143-L16,190,EAST GERMANY,ELECTRIC POWER - SATELLITES,0231,1330,190 0231-1330
C143-L20,C143,C143-L16,190,EAST GERMANY,ELECTRIC POWER - SATELLITES,0231,2710,190 0231-2710
C143-L23,C143,C143-L21,275,POPULATION,,0231,,275 0231-
C143-L24,C143,C143-L21,388,EAST GERMANY,RAILROAD YARDS & SHOPS- SATELLITES,0231,,388 0231-
C143-L25,C143,C143-L21,010,AGRICULTURAL EQUIPMENT,,0231,2789,010 0231-2789
C143-L26,C143,C143-L21,064,CHEMICAL EQUIPMENT,,0231,3805,064 0231-3805
C143-L28,C143,C143-L27,275,POPULATION,,0231,,275 0231-
C143-L29,C143,C143-L27,264,OPTICAL EQUIPMENT,,0231,2756,264 0231-2756
C143-L30,C143,C143-L27,248,MILITARY TROOP INSTALLATIONS,,0231,3412,248 0231-3412
C143-L32,C143,C143-L31,275,POPULATION,,0231,,275 0231-
C143-L33,C143,C143-L31,285,RADIO & TELEVISION,,0231,0952,285 0231-0952
C143-L34,C143,C143-L31,230,MACHINE TOOLS,,0231,2767,230 0231-2767
C143-L37,C143,C143-L35,227,"LIQUID FUELS, STORAGE NON-REFINERY",,0325,,227 0325-
C143-L38,C143,C143-L35,248,MILITARY TROOP INSTALLATIONS,,0325,,248 0325-
C143-L39,C143,C143-L35,350,CAUCASUS REGION,RAILROAD YARDS & SHOPS- USSR,0325,0087,350 0325-0087
C143-L40,C143,C143-L35,246,"MILITARY STORAGE AREAS, ARMY & NAVY",,0325,0404,246 0325-0404
C143-L41,C143,C143-L35,275,POPULATION,,0325,9993,275 0325-9993
C143-L50,C143,C143-L42,240,"MILITARY CONTROLS, AIR FORCE",,0153,,240 0153-
C144-L03,C144,C143-L42,241,"MILITARY HQS, ARMY",,0153,,241 0153-
C144-L04,C144,C143-L42,243,MILITARY SCHOOLS,,0153,,243 0153-
C144-L05,C144,C143-L42,110,LENINGRAD,ELECTRIC POWER - MAJOR GRIDS,0153,0009,110 0153-0009
C144-L06,C144,C143-L42,110,LENINGRAD,ELECTRIC POWER - MAJOR GRIDS,0153,0010,110 0153-0010
C144-L07,C144,C143-L42,110,LENINGRAD,ELECTRIC POWER - MAJOR GRIDS,0153,0011,110 0153-0011
C144-L08,C144,C143-L42,110,LENINGRAD,ELECTRIC POWER - MAJOR GRIDS,0153,0012,110 0153-0012
C144-L09,C144,C143-L42,110,LENINGRAD,ELECTRIC POWER - MAJOR GRIDS,0153,0014,110 0153-0014
C144-L10,C144,C143-L42,110,LENINGRAD,ELECTRIC POWER - MAJOR GRIDS,0153,0015,110 0153-0015
C144-L11,C144,C143-L42,206,"GENERATORS, HEAVY",,0153,0016,206 0153-0016
C144-L12,C144,C143-L42,480,"TRANSFORMERS, HEAVY",,0153,0016,480 0153-0016
C144-L13,C144,C143-L42,200,ELECTRIC WIRE & CABLE,,0153,0017,200 0153-0017
C144-L14,C144,C143-L42,212,"GUNS, MAJOR CALIBER",,0153,0018,212 0153-0018
C144-L15,C144,C143-L42,415,SHIPBUILDING,,0153,0019,415 0153-0019
C144-L16,C144,C143-L42,420,SHIP REPAIR,,0153,0019,420 0153-0019
C144-L17,C144,C143-L42,095,EARTH MOVING EQUIPMENT,,0153,0029,095 0153-0029
C144-L18,C144,C143-L42,430,STEEL,,0153,0029,430 0153-0029
C144-L19,C144,C143-L42,450,TANKS & S. P. GUNS,,0153,0029,450 0153-0029
C144-L20,C144,C143-L42,475,TRACTORS,,0153,0029,475 0153-0029
C144-L21,C144,C143-L42,485,"TURBINES, HEAVY",,0153,0029,485 0153-0029
C144-L22,C144,C143-L42,405,RUBBER TIRES,,0153,0034,405 0153-0034
C144-L23,C144,C143-L42,023,AMMUNITION,,0103,0045,023 0103-0045
C144-L24,C144,C143-L42,296,RAILROAD PASSENGER CARS,,0153,0046,296 0153-0046
C144-L25,C144,C143-L42,005,"ABRASIVES, BONDED",,0153,0051,005 0153-0051
C144-L26,C144,C143-L42,006,"ABRASIVES, CRUDE",,0153,0051,006 0153-0051
C144-L27,C144,C143-L42,202,ELECTRON TUBES,,0103,0051,202 0103-0051
C144-L28,C144,C143-L42,230,MACHINE TOOLS,,0153,0051,230 0153-0051
C144-L29,C144,C143-L42,310,NORTHERN REGION,RAILROAD EQUIPMENT REPAIR PLANTS-USSR,0153,0054,310 0153-0054
C144-L30,C144,C143-L42,410,SEA MINES,,0153,0055,410 0153-0055
C144-L31,C144,C143-L42,470,TORPEDOES,,0153,0055,470 0153-0055
C144-L32,C144,C143-L42,245,"MILITARY STORAGE AREAS, AIR FORCE",,0153,0058,245 0153-0058
C144-L33,C144,C143-L42,023,AMMUNITION,,0153,0062,023 0153-0062
C144-L34,C144,C143-L42,415,SHIPBUILDING,,0153,0064,415 0153-0064
C144-L35,C144,C143-L42,420,SHIP REPAIR,,0153,0064,420 0153-0064
C144-L36,C144,C143-L42,485,"TURBINES, HEAVY",,0153,0064,485 0153-0064
C144-L37,C144,C143-L42,250,MINING MACHINERY,,0153,0069,250 0153-0069
C144-L38,C144,C143-L42,055,"BOILERS, HIGH PRESSURE",,0153,0073,055 0153-0073
C144-L39,C144,C143-L42,415,SHIPBUILDING,,0153,0077,415 0153-0077
C144-L40,C144,C143-L42,415,SHIPBUILDING,,0153,0079,415 0153-0079
C144-L41,C144,C143-L42,420,SHIP REPAIR,,0153,0079,420 0153-0079
C144-L42,C144,C143-L42,437,SUBMARINE BASES,,0153,0079,437 0153-0079
C144-L43,C144,C143-L42,264,OPTICAL EQUIPMENT,,0153,0081,264 0153-0081
C144-L44,C144,C143-L42,268,"PERISCOPES, SUBMARINE",,0153,0081,268 0153-0081
C144-L45,C144,C143-L42,440,SUBMARINE DIESEL ENGINES,,0153,0082,440 0153-0082
C144-L46,C144,C143-L42,285,RADIO & TELEVISION,,0153,0083,285 0153-0083
C144-L47,C144,C143-L42,410,SEA MINES,,0153,0088,410 0153-0088
C144-L48,C144,C143-L42,415,SHIPBUILDING,,0153,0088,415 0153-0088
C144-L49,C144,C143-L42,420,SHIP REPAIR,,0153,0088,420 0153-0088
C144-L50,C144,C143-L42,064,CHEMICAL EQUIPMENT,,0153,0102,064 0153-0102
C144-L51,C144,C143-L42,212,"GUNS, MAJOR CALIBER",,0153,0102,212 0153-0102
C144-L52,C144,C143-L42,262,OIL EXTRACTION EQUIPMENT,,0153,0102,262 0153-0102
C144-L53,C144,C143-L42,430,STEEL,,0153,0102,430 0153-0102
C144-L54,C144,C143-L42,055,"BOILERS, HIGH PRESSURE",,0153,0103,055 0153-0103
C144-L55,C144,C143-L42,212,"GUNS, MAJOR CALIBER",,0153,0103,212 0153-0103
C145-L04,C145,C143-L42,485,"TURBINES, HEAVY",,0153,0103,485 0153-0103
C145-L05,C145,C143-L42,075,COKE CHEMICALS,,0153,0105,075 0153-0105
C145-L06,C145,C143-L42,285,RADIO & TELEVISION,,0153,0107,285 0153-0107
C145-L07,C145,C143-L42,227,"LIQUID FUELS, STORAGE NON-REFINERY",,0153,0110,227 0153-0110
C145-L08,C145,C143-L42,110,LENINGRAD,ELECTRIC POWER - MAJOR GRIDS,0153,0140,110 0153-0140
C145-L09,C145,C143-L42,358,NORTHERN REGION,RAILROAD YARDS & SHOPS- USSR,0153,0142,358 0153-0142
C145-L10,C145,C143-L42,358,NORTHERN REGION,RAILROAD YARDS & SHOPS- USSR,0153,0143,358 0153-0143
C145-L11,C145,C143-L42,445,SULFURIC ACID,,0153,0144,445 0153-0144
C145-L12,C145,C143-L42,445,SULFURIC ACID,,0153,0146,445 0153-0146
C145-L13,C145,C143-L42,060,CALCIUM CARBIDE,,0153,0147,060 0153-0147
C145-L14,C145,C143-L42,282,PROPELLANTS,,0153,0157,282 0153-0157
C145-L15,C145,C143-L42,048,A/E RESEARCH,,0103,0158,048 0103-0158
C145-L16,C145,C143-L42,285,RADIO & TELEVISION,,0153,0177,285 0153-0177
C145-L17,C145,C143-L42,358,NORTHERN REGION,RAILROAD YARDS & SHOPS- USSR,0153,0181,358 0153-0181
C145-L18,C145,C143-L42,480,"TRANSFORMERS, HEAVY",,0153,0184,480 0153-0184
C145-L19,C145,C143-L42,050,"BATTERIES, LEAD ACID",,0153,0189,050 0153-0189
C145-L20,C145,C143-L42,358,NORTHERN REGION,RAILROAD YARDS & SHOPS- USSR,0153,0190,358 0153-0190
C145-L21,C145,C143-L42,420,SHIP REPAIR,,0153,0210,420 0153-0210
C145-L22,C145,C143-L42,048,A/E RESEARCH,,0153,0230,048 0153-0230
C145-L23,C145,C143-L42,285,RADIO & TELEVISION,,0153,0239,285 0153-0239
C145-L24,C145,C143-L42,210,GUIDED MISSILES,,0103,0253,210 0103-0253
C145-L25,C145,C143-L42,285,RADIO & TELEVISION,,0103,0253,285 0103-0253
C145-L26,C145,C143-L42,248,MILITARY TROOP INSTALLATIONS,,0103,0265,248 0103-0265
C145-L27,C145,C143-L42,062,CAUSTIC SODA,,0153,0271,062 0153-0271
C145-L28,C145,C143-L42,066,"CHEMICAL WARFARE AGENT, STANDARD",,0153,0271,066 0153-0271
C145-L29,C145,C143-L42,068,CHLORINE,,0153,0271,068 0153-0271
C145-L30,C145,C143-L42,445,SULFURIC ACID,,0153,0271,445 0153-0271
C145-L31,C145,C143-L42,204,FERRO-ALLOYS,,0153,0281,204 0153-0281
C145-L32,C145,C143-L42,430,STEEL,,0153,0281,430 0153-0281
C145-L33,C145,C143-L42,264,OPTICAL EQUIPMENT,,0153,0282,264 0153-0282
C145-L34,C145,C143-L42,268,"PERISCOPES, SUBMARINE",,0153,0282,268 0153-0282
C145-L35,C145,C143-L42,245,"MILITARY STORAGE AREAS, AIR FORCE",,0103,0295,245 0103-0295
C145-L36,C145,C143-L42,016,AIRFRAMES,,0153,0300,016 0153-0300
C145-L37,C145,C143-L42,290,RAILROAD BRIDGES,,0153,0313,290 0153-0313
C145-L38,C145,C143-L42,358,NORTHERN REGION,RAILROAD YARDS & SHOPS- USSR,0153,0317,358 0153-0317
C145-L39,C145,C143-L42,358,NORTHERN REGION,RAILROAD YARDS & SHOPS- USSR,0153,0318,358 0153-0318
C145-L40,C145,C143-L42,358,NORTHERN REGION,RAILROAD YARDS & SHOPS- USSR,0153,0319,358 0153-0319
C145-L41,C145,C143-L42,358,NORTHERN REGION,RAILROAD YARDS & SHOPS- USSR,0153,0321,358 0153-0321
C145-L42,C145,C143-L42,358,NORTHERN REGION,RAILROAD YARDS & SHOPS- USSR,0153,0323,358 0153-0323
C145-L43,C145,C143-L42,358,NORTHERN REGION,RAILROAD YARDS & SHOPS- USSR,0153,0324,358 0153-0324
C145-L44,C145,C143-L42,227,"LIQUID FUELS, STORAGE NON-REFINERY",,0153,0331,227 0153-0331
C145-L45,C145,C143-L42,245,"MILITARY STORAGE AREAS, AIR FORCE",,0153,0333,245 0153-0333
C145-L46,C145,C143-L42,227,"LIQUID FUELS, STORAGE NON-REFINERY",,0153,0334,227 0153-0334
C145-L47,C145,C143-L42,281,"PORTS, INLAND",,0153,0335,281 0153-0335
C145-L48,C145,C143-L42,280,"PORTS, MARITIME",,0153,0338,280 0153-0338
C145-L49,C145,C143-L42,310,NORTHERN REGION,RAILROAD EQUIPMENT REPAIR PLANTS-USSR,0153,0368,310 0153-0368
C145-L50,C145,C143-L42,285,RADIO & TELEVISION,,0153,0369,285 0153-0369
C145-L51,C145,C143-L42,285,RADIO & TELEVISION,,0153,0370,285 0153-0370
C145-L52,C145,C143-L42,420,SHIP REPAIR,,0153,0375,420 0153-0375
C145-L53,C145,C143-L42,110,LENINGRAD,ELECTRIC POWER - MAJOR GRIDS,0153,0389,110 0153-0389
C145-L54,C145,C143-L42,264,OPTICAL EQUIPMENT,,0153,0407,264 0153-0407
C145-L55,C145,C143-L42,268,"PERISCOPES, SUBMARINE",,0153,0407,268 0153-0407
C145-L56,C145,C143-L42,285,RADIO & TELEVISION,,0153,0433,285 0153-0433
C146-L04,C146,C143-L42,210,GUIDED MISSILES,,0153,0440,210 0153-0440
C146-L05,C146,C143-L42,285,RADIO & TELEVISION,,0153,0440,285 0153-0440
C146-L06,C146,C143-L42,005,"ABRASIVES, BONDED",,0153,0465,005 0153-0465
C146-L07,C146,C143-L42,110,LENINGRAD,ELECTRIC POWER - MAJOR GRIDS,0153,0474,110 0153-0474
C146-L08,C146,C143-L42,015,AIRCRAFT ENGINES,,0153,0480,015 0153-0480
C146-L09,C146,C143-L42,245,"MILITARY STORAGE AREAS, AIR FORCE",,0153,0480,245 0153-0480
C146-L10,C146,C143-L42,358,NORTHERN REGION,RAILROAD YARDS & SHOPS- USSR,0153,0490,358 0153-0490
C146-L11,C146,C143-L42,285,RADIO & TELEVISION,,0153,0508,285 0153-0508
C146-L12,C146,C143-L42,110,LENINGRAD,ELECTRIC POWER - MAJOR GRIDS,0153,0517,110 0153-0517
C146-L13,C146,C143-L42,050,"BATTERIES, LEAD ACID",,0153,0519,050 0153-0519
C146-L14,C146,C143-L42,230,MACHINE TOOLS,,0153,0520,230 0153-0520
C146-L15,C146,C143-L42,208,GOVERNMENT CONTROL CENTERS,,0153,0533,208 0153-0533
C146-L16,C146,C143-L42,095,EARTH MOVING EQUIPMENT,,0153,0554,095 0153-0554
C146-L17,C146,C143-L42,110,LENINGRAD,ELECTRIC POWER - MAJOR GRIDS,0153,0571,110 0153-0571
C146-L18,C146,C143-L42,110,LENINGRAD,ELECTRIC POWER - MAJOR GRIDS,0153,0572,110 0153-0572
C146-L19,C146,C143-L42,280,"PORTS, MARITIME",,0153,0585,280 0153-0585
C146-L20,C146,C143-L42,248,MILITARY TROOP INSTALLATIONS,,0153,0586,248 0153-0586
C146-L21,C146,C143-L42,246,"MILITARY STORAGE AREAS, ARMY & NAVY",,0153,0587,246 0153-0587
C146-L22,C146,C143-L42,246,"MILITARY STORAGE AREAS, ARMY & NAVY",,0153,0588,246 0153-0588
C146-L23,C146,C143-L42,246,"MILITARY STORAGE AREAS, ARMY & NAVY",,0153,0589,246 0153-0589
C146-L24,C146,C143-L42,248,MILITARY TROOP INSTALLATIONS,,0153,0591,248 0153-0591
C146-L25,C146,C143-L42,246,"MILITARY STORAGE AREAS, ARMY & NAVY",,0153,0592,246 0153-0592
C146-L26,C146,C143-L42,246,"MILITARY STORAGE AREAS, ARMY & NAVY",,0153,0593,246 0153-0593
C146-L27,C146,C143-L42,246,"MILITARY STORAGE AREAS, ARMY & NAVY",,0153,0594,246 0153-0594
C146-L28,C146,C143-L42,248,MILITARY TROOP INSTALLATIONS,,0153,0595,248 0153-0595
C146-L29,C146,C143-L42,246,"MILITARY STORAGE AREAS, ARMY & NAVY",,0153,0596,246 0153-0596
C146-L30,C146,C143-L42,242,"MILITARY HQS, NAVY",,0153,0599,242 0153-0599
C146-L31,C146,C143-L42,248,MILITARY TROOP INSTALLATIONS,,0153,0600,248 0153-0600
C146-L32,C146,C143-L42,248,MILITARY TROOP INSTALLATIONS,,0153,0643,248 0153-0643
C146-L33,C146,C143-L42,285,RADIO & TELEVISION,,0153,0649,285 0153-0649
C146-L34,C146,C143-L42,110,LENINGRAD,ELECTRIC POWER - MAJOR GRIDS,0153,0665,110 0153-0665
C146-L35,C146,C143-L42,275,POPULATION,,0153,9997,275 0153-9997
C146-L37,C146,C146-L36,358,NORTHERN REGION,RAILROAD YARDS & SHOPS- USSR,0103,0025,358 0103-0025
C146-L38,C146,C146-L36,275,POPULATION,,0103,9999,275 0103-9999
C146-L41,C146,C146-L39,227,"LIQUID FUELS, STORAGE NON-REFINERY",,0153,,227 0153-
C146-L42,C146,C146-L39,235,METAL FORMING EQUIPMENT,,0153,0080,235 0153-0080
C146-L43,C146,C146-L39,430,STEEL,,0153,0080,430 0153-0080
C146-L44,C146,C146-L39,450,TANKS & S. P. GUNS,,0153,0080,450 0153-0080
C146-L45,C146,C146-L39,110,LENINGRAD,ELECTRIC POWER - MAJOR GRIDS,0153,0529,110 0153-0529
C146-L46,C146,C146-L39,415,SHIPBUILDING,,0153,0601,415 0153-0601
C146-L47,C146,C146-L39,275,POPULATION,,0153,9992,275 0153-9992
C146-L49,C146,C146-L48,358,NORTHERN REGION,RAILROAD YARDS & SHOPS- USSR,0153,0123,358 0153-0123
C146-L50,C146,C146-L48,275,POPULATION,,0153,9970,275 0153-9970
C146-L53,C146,C146-L51,090,CUTTING TOOLS,,0103,0030,090 0103-0030
C146-L54,C146,C146-L51,275,POPULATION,,0103,9987,275 0103-9987
C147-L05,C147,C146-L55,216,"LEAD, REFINED",,0239,0011,216 0239-0011
C147-L06,C147,C146-L55,445,SULFURIC ACID,,0239,0041,445 0239-0041
C147-L07,C147,C146-L55,100,ALTAI,ELECTRIC POWER - MAJOR GRIDS,0239,0049,100 0239-0049
C147-L08,C147,C146-L55,100,ALTAI,ELECTRIC POWER - MAJOR GRIDS,0239,0051,100 0239-0051
C147-L09,C147,C146-L55,275,POPULATION,,0239,9994,275 0239-9994
C147-L12,C147,C147-L10,100,ALTAI,ELECTRIC POWER - MAJOR GRIDS,0239,0015,100 0239-0015
C147-L13,C147,C147-L10,275,POPULATION,,0239,9965,275 0239-9965
C147-L15,C147,C147-L14,362,SOUTHERN SUB-REGION CENTRAL IND REG,RAILROAD YARDS & SHOPS- USSR,0234,0492,362 0234-0492
C147-L16,C147,C147-L14,275,POPULATION,,0234,9640,275 0234-9640
C147-L19,C147,C147-L17,227,"LIQUID FUELS, STORAGE NON-REFINERY",,0161,,227 0161-
C147-L20,C147,C147-L17,108,KUZNETSK,ELECTRIC POWER - MAJOR GRIDS,0161,0059,108 0161-0059
C147-L21,C147,C147-L17,225,"LIQUID FUEL PLANTS, SYNTHETIC",,0161,0093,225 0161-0093
C147-L22,C147,C147-L17,226,"LIQUID FUELS, STORAGE AT REFINERIES",,0161,0093,226 0161-0093
C147-L23,C147,C147-L17,372,WEST SIBERIAN REGION,RAILROAD YARDS & SHOPS- USSR,0161,0104,372 0161-0104
C147-L24,C147,C147-L17,275,POPULATION,,0161,9994,275 0161-9994
C147-L26,C147,C147-L25,227,"LIQUID FUELS, STORAGE NON-REFINERY",,0152,,227 0152-
C147-L27,C147,C147-L25,280,"PORTS, MARITIME",,0152,0059,280 0152-0059
C147-L28,C147,C147-L25,420,SHIP REPAIR,,0152,0065,420 0152-0065
C147-L29,C147,C147-L25,437,SUBMARINE BASES,,0152,0065,437 0152-0065
C147-L30,C147,C147-L25,322,WESTERN REGION,RAILROAD EQUIPMENT REPAIR PLANTS-USSR,0152,0149,322 0152-0149
C147-L31,C147,C147-L25,430,STEEL,,0152,0150,430 0152-0150
C147-L32,C147,C147-L25,227,"LIQUID FUELS, STORAGE NON-REFINERY",,0152,0311,227 0152-0311
C147-L33,C147,C147-L25,170,WEST ECONOMIC REGION,ELECTRIC POWER - OUTSIDE GRIDS,0152,0327,170 0152-0327
C147-L34,C147,C147-L25,370,WESTERN REGION,RAILROAD YARDS & SHOPS- USSR,0152,0504,370 0152-0504
C147-L35,C147,C147-L25,370,WESTERN REGION,RAILROAD YARDS & SHOPS- USSR,0152,0505,370 0152-0505
C147-L36,C147,C147-L25,246,"MILITARY STORAGE AREAS, ARMY & NAVY",,0152,0528,246 0152-0528
C147-L37,C147,C147-L25,246,"MILITARY STORAGE AREAS, ARMY & NAVY",,0152,0530,246 0152-0530
C147-L38,C147,C147-L25,246,"MILITARY STORAGE AREAS, ARMY & NAVY",,0152,0531,246 0152-0531
C147-L39,C147,C147-L25,246,"MILITARY STORAGE AREAS, ARMY & NAVY",,0152,0539,246 0152-0539
C147-L40,C147,C147-L25,248,MILITARY TROOP INSTALLATIONS,,0152,0539,248 0152-0539
C147-L41,C147,C147-L25,245,"MILITARY STORAGE AREAS, AIR FORCE",,0152,0639,245 0152-0639
C147-L42,C147,C147-L25,275,POPULATION,,0152,9999,275 0152-9999
C147-L44,C147,C147-L43,227,"LIQUID FUELS, STORAGE NON-REFINERY",,0168,,227 0168-
C147-L45,C147,C147-L43,275,POPULATION,,0168,9951,275 0168-9951
C148-L03,C148,C147-L46,392,POLAND,RAILROAD YARDS & SHOPS- SATELLITES,0232,0924,392 0232-0924
C148-L04,C148,C147-L46,275,POPULATION,,0232,9526,275 0232-9526
C148-L06,C148,C148-L05,055,"BOILERS, HIGH PRESSURE",,0232,0952,055 0232-0952
C148-L07,C148,C148-L05,021,ALUMINUM,,0232,1377,021 0232-1377
C148-L08,C148,C148-L05,275,POPULATION,,0232,9543,275 0232-9543
C148-L10,C148,C148-L09,362,SOUTHERN SUB-REGION CENTRAL IND REG,RAILROAD YARDS & SHOPS- USSR,0166,0218,362 0166-0218
C148-L11,C148,C148-L09,275,POPULATION,,0166,9904,275 0166-9904
C148-L14,C148,C148-L12,362,SOUTHERN SUB-REGION CENTRAL IND REG,RAILROAD YARDS & SHOPS- USSR,0234,0091,362 0234-0091
C148-L15,C148,C148-L12,362,SOUTHERN SUB-REGION CENTRAL IND REG,RAILROAD YARDS & SHOPS- USSR,0234,0283,362 0234-0283
C148-L16,C148,C148-L12,362,SOUTHERN SUB-REGION CENTRAL IND REG,RAILROAD YARDS & SHOPS- USSR,0234,0285,362 0234-0285
C148-L17,C148,C148-L12,275,POPULATION,,0234,9988,275 0234-9988
C148-L20,C148,C148-L18,384,CHINA,RAILROAD YARDS & SHOPS- SATELLITES,0290,0299,384 0290-0299
C148-L21,C148,C148-L18,275,POPULATION,,0290,9885,275 0290-9885
C148-L23,C148,C148-L22,370,WESTERN REGION,RAILROAD YARDS & SHOPS- USSR,0168,0309,370 0168-0309
C148-L24,C148,C148-L22,275,POPULATION,,0168,9992,275 0168-9992
C148-L26,C148,C148-L25,275,POPULATION,,0169,,275 0169-
C148-L27,C148,C148-L25,248,MILITARY TROOP INSTALLATIONS,,0169,0963,248 0169-0963
C148-L30,C148,C148-L28,240,"MILITARY CONTROLS, AIR FORCE",,0232,,240 0232-
C148-L31,C148,C148-L28,241,"MILITARY HQS, ARMY",,0232,,241 0232-
C148-L32,C148,C148-L28,246,"MILITARY STORAGE AREAS, ARMY & NAVY",,0232,,246 0232-
C148-L33,C148,C148-L28,392,POLAND,RAILROAD YARDS & SHOPS- SATELLITES,0232,1102,392 0232-1102
C148-L34,C148,C148-L28,208,GOVERNMENT CONTROL CENTERS,,0232,1170,208 0232-1170
C148-L35,C148,C148-L28,248,MILITARY TROOP INSTALLATIONS,,0232,1296,248 0232-1296
C148-L36,C148,C148-L28,290,RAILROAD BRIDGES,,0232,1312,290 0232-1312
C148-L37,C148,C148-L28,245,"MILITARY STORAGE AREAS, AIR FORCE",,0232,1543,245 0232-1543
C148-L38,C148,C148-L28,275,POPULATION,,0232,9852,275 0232-9852
C148-L41,C148,C148-L39,227,"LIQUID FUELS, STORAGE NON-REFINERY",,0232,0969,227 0232-0969
C149-L03,C149,C148-L39,275,POPULATION,,0232,9582,275 0232-9582
C149-L06,C149,C149-L04,248,MILITARY TROOP INSTALLATIONS,,0289,,248 0289-
C149-L07,C149,C149-L04,248,MILITARY TROOP INSTALLATIONS,,0289,,248 0289-
C149-L08,C149,C149-L04,185,CHINA-MAJOR GRIDS,ELECTRIC POWER - SATELLITES,0289,0066,185 0289-0066
C149-L09,C149,C149-L04,062,CAUSTIC SODA,,0289,0071,062 0289-0071
C149-L10,C149,C149-L04,068,CHLORINE,,0289,0071,068 0289-0071
C149-L11,C149,C149-L04,225,"LIQUID FUEL PLANTS, SYNTHETIC",,0289,0071,225 0289-0071
C149-L12,C149,C149-L04,226,"LIQUID FUELS, STORAGE AT REFINERIES",,0289,0071,226 0289-0071
C149-L13,C149,C149-L04,354,EAST SIBERIAN & FAR EASTERN REGION,RAILROAD YARDS & SHOPS- USSR,0289,0131,354 0289-0131
C149-L14,C149,C149-L04,275,POPULATION,,0289,9951,275 0289-9951
C149-L17,C149,C149-L15,280,"PORTS, MARITIME",,0289,0073,280 0289-0073
C149-L18,C149,C149-L15,227,"LIQUID FUELS, STORAGE NON-REFINERY",,0289,0074,227 0289-0074
C149-L19,C149,C149-L15,445,SULFURIC ACID,,0289,0081,445 0289-0081
C149-L20,C149,C149-L15,275,POPULATION,,0289,9998,275 0289-9998
C149-L22,C149,C149-L21,280,"PORTS, MARITIME",,0386,0136,280 0386-0136
C149-L23,C149,C149-L21,275,POPULATION,,0386,9998,275 0386-9998
C149-L26,C149,C149-L24,227,"LIQUID FUELS, STORAGE NON-REFINERY",,0154,,227 0154-
C149-L27,C149,C149-L24,356,MOSCOW SUB-REGION CENTRAL IND REGION,RAILROAD YARDS & SHOPS- USSR,0154,0035,356 0154-0035
C149-L28,C149,C149-L24,275,POPULATION,,0154,9977,275 0154-9977
C149-L30,C149,C149-L29,356,MOSCOW SUB-REGION CENTRAL IND REGION,RAILROAD YARDS & SHOPS- USSR,0154,0457,356 0154-0457
C149-L31,C149,C149-L29,275,POPULATION,,0154,9752,275 0154-9752
C149-L34,C149,C149-L32,226,"LIQUID FUELS, STORAGE AT REFINERIES",,0232,0003,226 0232-0003
C149-L35,C149,C149-L32,290,RAILROAD BRIDGES,,0232,1608,290 0232-1608
C149-L36,C149,C149-L32,275,POPULATION,,0232,9849,275 0232-9849
C149-L38,C149,C149-L37,336,POLAND,RAILROAD EQUIP REPAIR PLANTS-SATTELITES,0232,1103,336 0232-1103
C149-L39,C149,C149-L37,275,POPULATION,,0232,9843,275 0232-9843
C149-L41,C149,C149-L40,196,POLAND,ELECTRIC POWER - SATELLITES,0232,0001,196 0232-0001
C149-L42,C149,C149-L40,275,POPULATION,,0232,9832,275 0232-9832
C149-L44,C149,C149-L43,384,CHINA,RAILROAD YARDS & SHOPS- SATELLITES,0289,0110,384 0289-0110
C149-L45,C149,C149-L43,332,CHINA,RAILROAD EQUIP REPAIR PLANTS-SATTELITES,0289,0111,332 0289-0111
C150-L02,C150,C149-L43,332,CHINA,RAILROAD EQUIP REPAIR PLANTS-SATTELITES,0289,0112,332 0289-0112
C150-L03,C150,C149-L43,290,RAILROAD BRIDGES,,0381,0260,290 0381-0260 || 275 0289-9953
C150-L03,C150,C149-L43,275,POPULATION,,0289,9953,290 0381-0260 || 275 0289-9953
C150-L05,C150,C150-L04,384,CHINA,RAILROAD YARDS & SHOPS- SATELLITES,0381,0068,384 0381-0068
C150-L06,C150,C150-L04,280,"PORTS, MARITIME",,0381,0319,280 0381-0319
C150-L07,C150,C150-L04,248,MILITARY TROOP INSTALLATIONS,,0381,0339,248 0381-0339
C150-L08,C150,C150-L04,275,POPULATION,,0381,9968,275 0381-9968
C150-L12,C150,C150-L09,227,"LIQUID FUELS, STORAGE NON-REFINERY",,0166,,227 0166-
C150-L13,C150,C150-L09,204,FERRO-ALLOYS,,0166,0002,204 0166-0002
C150-L14,C150,C150-L09,270,PIG IRON,,0166,0002,270 0166-0002
C150-L15,C150,C150-L09,475,TRACTORS,,0166,0003,475 0166-0003
C150-L16,C150,C150-L09,270,PIG IRON,,0166,0013,270 0166-0013
C150-L17,C150,C150-L09,120,CENTRAL INDUSTRIAL REGION,ELECTRIC POWER - OUTSIDE GRIDS,0166,0096,120 0166-0096
C150-L18,C150,C150-L09,246,"MILITARY STORAGE AREAS, ARMY & NAVY",,0166,0196,246 0166-0196
C150-L19,C150,C150-L09,208,GOVERNMENT CONTROL CENTERS,,0166,0204,208 0166-0204
C150-L20,C150,C150-L09,243,MILITARY SCHOOLS,,0166,0223,243 0166-0223
C150-L21,C150,C150-L09,275,POPULATION,,0166,9989,275 0166-9989
C150-L24,C150,C150-L22,227,"LIQUID FUELS, STORAGE NON-REFINERY",,0166,,227 0166-
C150-L25,C150,C150-L22,227,"LIQUID FUELS, STORAGE NON-REFINERY",,0166,,227 0166-
C150-L26,C150,C150-L22,362,SOUTHERN SUB-REGION CENTRAL IND REG,RAILROAD YARDS & SHOPS- USSR,0166,0032,362 0166-0032
C150-L27,C150,C150-L22,275,POPULATION,,0166,9996,275 0166-9996
C150-L30,C150,C150-L28,062,CAUSTIC SODA,,0234,0140,062 0234-0140
C150-L31,C150,C150-L28,425,SODA ASH,,0234,0140,425 0234-0140
C150-L32,C150,C150-L28,106,DNEPR-DONETS,ELECTRIC POWER - MAJOR GRIDS,0234,0188,106 0234-0188
C150-L33,C150,C150-L28,352,DONBAS SUB-REGION UKRAINE REGION,RAILROAD YARDS & SHOPS- USSR,0234,0343,352 0234-0343
C150-L34,C150,C150-L28,275,POPULATION,,0234,9969,275 0234-9969
C150-L37,C150,C150-L35,445,SULFURIC ACID,,0234,0302,445 0234-0302
C150-L38,C150,C150-L35,215,HIGH EXPLOSIVES,,0234,0344,215 0234-0344
C150-L39,C150,C150-L35,352,DONBAS SUB-REGION UKRAINE REGION,RAILROAD YARDS & SHOPS- USSR,0234,0366,352 0234-0366
C150-L40,C150,C150-L35,106,DNEPR-DONETS,ELECTRIC POWER - MAJOR GRIDS,0234,0482,106 0234-0482
C150-L41,C150,C150-L35,275,POPULATION,,0234,9789,275 0234-9789
C150-L44,C150,C150-L42,362,SOUTHERN SUB-REGION CENTRAL IND REG,RAILROAD YARDS & SHOPS- USSR,0234,0138,362 0234-0138
C150-L45,C150,C150-L42,275,POPULATION,,0234,9968,275 0234-9968
C151-L05,C151,C150-L46,290,RAILROAD BRIDGES,,0497,0010,290 0497-0010
C151-L06,C151,C150-L46,230,MACHINE TOOLS,,0497,0024,230 0497-0024
C151-L07,C151,C150-L46,354,EAST SIBERIAN & FAR EASTERN REGION,RAILROAD YARDS & SHOPS- USSR,0497,0041,354 0497-0041
C151-L08,C151,C150-L46,354,EAST SIBERIAN & FAR EASTERN REGION,RAILROAD YARDS & SHOPS- USSR,0497,0042,354 0497-0042
C151-L09,C151,C150-L46,275,POPULATION,,0497,9974,275 0497-9974
C151-L13,C151,C151-L10,016,AIRFRAMES,,0232,0119,016 0232-0119
C151-L14,C151,C151-L10,196,POLAND,ELECTRIC POWER - SATELLITES,0232,0366,196 0232-0366
C151-L15,C151,C151-L10,196,POLAND,ELECTRIC POWER - SATELLITES,0232,0367,196 0232-0367
C151-L16,C151,C151-L10,230,MACHINE TOOLS,,0232,0543,230 0232-0543
C151-L17,C151,C151-L10,392,POLAND,RAILROAD YARDS & SHOPS- SATELLITES,0232,0896,392 0232-0896
C151-L18,C151,C151-L10,392,POLAND,RAILROAD YARDS & SHOPS- SATELLITES,0232,0897,392 0232-0897
C151-L19,C151,C151-L10,392,POLAND,RAILROAD YARDS & SHOPS- SATELLITES,0232,0899,392 0232-0899
C151-L20,C151,C151-L10,392,POLAND,RAILROAD YARDS & SHOPS- SATELLITES,0232,0907,392 0232-0907
C151-L21,C151,C151-L10,208,GOVERNMENT CONTROL CENTERS,,0232,1166,208 0232-1166
C151-L22,C151,C151-L10,248,MILITARY TROOP INSTALLATIONS,,0232,1295,248 0232-1295
C151-L23,C151,C151-L10,245,"MILITARY STORAGE AREAS, AIR FORCE",,0232,1541,245 0232-1541
C151-L24,C151,C151-L10,245,"MILITARY STORAGE AREAS, AIR FORCE",,0232,1544,245 0232-1544
C151-L25,C151,C151-L10,275,POPULATION,,0232,9962,275 0232-9962
C151-L28,C151,C151-L26,392,POLAND,RAILROAD YARDS & SHOPS- SATELLITES,0232,1097,392 0232-1097
C151-L29,C151,C151-L26,275,POPULATION,,0232,9527,275 0232-9527
C151-L31,C151,C151-L30,230,MACHINE TOOLS,,0232,0544,230 0232-0544
C151-L32,C151,C151-L30,090,CUTTING TOOLS,,0232,0944,090 0232-0944
C151-L33,C151,C151-L30,275,POPULATION,,0232,9611,275 0232-9611
C151-L35,C151,C151-L34,445,SULFURIC ACID,,0232,0297,445 0232-0297
C151-L36,C151,C151-L34,275,POPULATION,,0232,9814,275 0232-9814
C151-L38,C151,C151-L37,192,HUNGARY,ELECTRIC POWER - SATELLITES,0251,0470,192 0251-0470
C151-L39,C151,C151-L37,275,POPULATION,,0251,9886,275 0251-9886
C151-L41,C151,C151-L40,248,MILITARY TROOP INSTALLATIONS,,0251,0870,248 0251-0870
C151-L42,C151,C151-L40,275,POPULATION,,0251,9813,275 0251-9813
C151-L44,C151,C151-L43,248,MILITARY TROOP INSTALLATIONS,,0251,0878,248 0251-0878
C151-L45,C151,C151-L43,275,POPULATION,,0251,9809,275 0251-9809
C151-L47,C151,C151-L46,275,POPULATION,,0251,,275 0251-
C151-L48,C151,C151-L46,390,HUNGARY,RAILROAD YARDS & SHOPS- SATELLITES,0251,0735,390 0251-0735
C151-L49,C151,C151-L46,248,MILITARY TROOP INSTALLATIONS,,0251,0871,248 0251-0871
C151-L51,C151,C151-L50,275,POPULATION,,0251,,275 0251-
C151-L52,C151,C151-L50,023,AMMUNITION,,0251,0788,023 0251-0788
C152-L03,C152,C152-L02,358,NORTHERN REGION,RAILROAD YARDS & SHOPS- USSR,0091,0083,358 0091-0083
C152-L04,C152,C152-L02,275,POPULATION,,0091,9984,275 0091-9984
C152-L06,C152,C152-L05,016,AIRFRAMES,,0322,0143,016 0322-0143
C152-L07,C152,C152-L05,245,"MILITARY STORAGE AREAS, AIR FORCE",,0322,0143,245 0322-0143
C152-L08,C152,C152-L05,245,"MILITARY STORAGE AREAS, AIR FORCE",,0322,0569,245 0322-0569
C152-L09,C152,C152-L05,227,"LIQUID FUELS, STORAGE NON-REFINERY",,0322,0829,227 0322-0829
C152-L10,C152,C152-L05,275,POPULATION,,0322,9964,275 0322-9964
C152-L12,C152,C152-L11,248,MILITARY TROOP INSTALLATIONS,,0322,0295,248 0322-0295
C152-L13,C152,C152-L11,382,BULGARIA,RAILROAD YARDS & SHOPS- SATELLITES,0322,0407,382 0322-0407
C152-L14,C152,C152-L11,382,BULGARIA,RAILROAD YARDS & SHOPS- SATELLITES,0322,0422,382 0322-0422
C152-L15,C152,C152-L11,245,"MILITARY STORAGE AREAS, AIR FORCE",,0322,0578,245 0322-0578
C152-L16,C152,C152-L11,275,POPULATION,,0322,9797,275 0322-9797
C152-L18,C152,C152-L17,275,POPULATION,,0385,,275 0385-
C152-L19,C152,C152-L17,062,CAUSTIC SODA,,0385,0046,062 0385-0046
C152-L20,C152,C152-L17,068,CHLORINE,,0385,0046,068 0385-0046
C152-L21,C152,C152-L17,281,"PORTS, INLAND",,0385,0046,281 0385-0046
C152-L24,C152,C152-L22,352,DONBAS SUB-REGION UKRAINE REGION,RAILROAD YARDS & SHOPS- USSR,0234,0329,352 0234-0329
C152-L25,C152,C152-L22,246,"MILITARY STORAGE AREAS, ARMY & NAVY",,0234,0475,246 0234-0475
C152-L26,C152,C152-L22,275,POPULATION,,0234,9967,275 0234-9967
C152-L29,C152,C152-L27,392,POLAND,RAILROAD YARDS & SHOPS- SATELLITES,0232,0027,392 0232-0027
C152-L30,C152,C152-L27,392,POLAND,RAILROAD YARDS & SHOPS- SATELLITES,0232,0028,392 0232-0028
C152-L31,C152,C152-L27,252,MOTOR VEHICLES,,0232,0778,252 0232-0778
C152-L32,C152,C152-L27,016,AIRFRAMES,,0232,1017,016 0232-1017
C152-L33,C152,C152-L27,245,"MILITARY STORAGE AREAS, AIR FORCE",,0232,1017,245 0232-1017
C152-L34,C152,C152-L27,196,POLAND,ELECTRIC POWER - SATELLITES,0232,1043,196 0232-1043
C152-L35,C152,C152-L27,248,MILITARY TROOP INSTALLATIONS,,0232,1148,248 0232-1148
C152-L36,C152,C152-L27,208,GOVERNMENT CONTROL CENTERS,,0232,1169,208 0232-1169
C152-L37,C152,C152-L27,275,POPULATION,,0232,9961,275 0232-9961
C152-L39,C152,C152-L38,230,MACHINE TOOLS,,0233,0097,230 0233-0097
C152-L40,C152,C152-L38,275,POPULATION,,0233,9815,275 0233-9815
C153-L02,C153,C152-L41,005,"ABRASIVES, BONDED",,0153,0201,005 0153-0201
C153-L03,C153,C152-L41,358,NORTHERN REGION,RAILROAD YARDS & SHOPS- USSR,0153,0653,358 0153-0653
C153-L04,C153,C152-L41,275,POPULATION,,0153,9925,275 0153-9925
C153-L06,C153,C153-L05,056,"BRIDGES, HWY",,0251,0136,056 0251-0136
C153-L07,C153,C153-L05,290,RAILROAD BRIDGES,,0251,0137,290 0251-0137
C153-L08,C153,C153-L05,290,RAILROAD BRIDGES,,0251,0138,290 0251-0138
C153-L09,C153,C153-L05,248,MILITARY TROOP INSTALLATIONS,,0251,0891,248 0251-0891
C153-L10,C153,C153-L05,275,POPULATION,,0251,9926,275 0251-9926
C153-L12,C153,C153-L11,392,POLAND,RAILROAD YARDS & SHOPS- SATELLITES,0232,0916,392 0232-0916
C153-L13,C153,C153-L11,336,POLAND,RAILROAD EQUIP REPAIR PLANTS-SATTELITES,0232,0917,336 0232-0917
C153-L14,C153,C153-L11,275,POPULATION,,0232,9848,275 0232-9848
C153-L16,C153,C153-L15,370,WESTERN REGION,RAILROAD YARDS & SHOPS- USSR,0168,0245,370 0168-0245
C153-L17,C153,C153-L15,275,POPULATION,,0168,9843,275 0168-9843
C153-L20,C153,C153-L18,384,CHINA,RAILROAD YARDS & SHOPS- SATELLITES,0202,0028,384 0202-0028
C153-L21,C153,C153-L18,227,"LIQUID FUELS, STORAGE NON-REFINERY",,0202,0032,227 0202-0032
C153-L22,C153,C153-L18,275,POPULATION,,0202,9975,275 0202-9975
C153-L25,C153,C153-L23,227,"LIQUID FUELS, STORAGE NON-REFINERY",,0233,,227 0233-
C153-L26,C153,C153-L23,275,POPULATION,,0233,9813,275 0233-9813
C153-L30,C153,C153-L27,227,"LIQUID FUELS, STORAGE NON-REFINERY",,0232,,227 0232-
C153-L31,C153,C153-L27,240,"MILITARY CONTROLS, AIR FORCE",,0232,,240 0232-
C153-L32,C153,C153-L27,241,"MILITARY HQS, ARMY",,0232,,241 0232-
C153-L33,C153,C153-L27,328,WEST SUB-REGION UKRAINE REGION,RAILROAD EQUIPMENT REPAIR PLANTS-USSR,0232,0128,328 0232-0128
C153-L34,C153,C153-L27,145,SOUTH ECONOMIC REGION,ELECTRIC POWER - OUTSIDE GRIDS,0232,0145,145 0232-0145
C153-L35,C153,C153-L27,376,WEST SUB-REGION UKRAINE REGION,RAILROAD YARDS & SHOPS- USSR,0232,0149,376 0232-0149
C153-L36,C153,C153-L27,376,WEST SUB-REGION UKRAINE REGION,RAILROAD YARDS & SHOPS- USSR,0232,0152,376 0232-0152
C153-L37,C153,C153-L27,010,AGRICULTURAL EQUIPMENT,,0232,0480,010 0232-0480
C153-L38,C153,C153-L27,208,GOVERNMENT CONTROL CENTERS,,0232,0762,208 0232-0762
C153-L39,C153,C153-L27,224,"LIQUID FUEL PLANTS, CRUDE",,0232,1002,224 0232-1002
C153-L40,C153,C153-L27,226,"LIQUID FUELS, STORAGE AT REFINERIES",,0232,1002,226 0232-1002
C153-L41,C153,C153-L27,285,RADIO & TELEVISION,,0232,1025,285 0232-1025
C153-L42,C153,C153-L27,246,"MILITARY STORAGE AREAS, ARMY & NAVY",,0232,1205,246 0232-1205
C154-L03,C154,C153-L27,246,"MILITARY STORAGE AREAS, ARMY & NAVY",,0232,1206,246 0232-1206
C154-L04,C154,C153-L27,245,"MILITARY STORAGE AREAS, AIR FORCE",,0232,1539,245 0232-1539
C154-L05,C154,C153-L27,275,POPULATION,,0232,9999,275 0232-9999
C154-L08,C154,C154-L06,227,"LIQUID FUELS, STORAGE NON-REFINERY",,0232,,227 0232-
C154-L09,C154,C154-L06,275,POPULATION,,0232,,275 0232-
C154-L11,C154,C154-L10,430,STEEL,,0156,0034,430 0156-0034
C154-L12,C154,C154-L10,275,POPULATION,,0156,9988,275 0156-9988
C154-L14,C154,C154-L13,227,"LIQUID FUELS, STORAGE NON-REFINERY",,0167,,227 0167-
C154-L15,C154,C154-L13,275,POPULATION,,0167,9777,275 0167-9777
C154-L17,C154,C154-L16,186,CHINA-OUTSIDE GRIDS,ELECTRIC POWER - SATELLITES,0493,0089,186 0493-0089
C154-L18,C154,C154-L16,270,PIG IRON,,0493,0095,270 0493-0095
C154-L19,C154,C154-L16,275,POPULATION,,0493,9974,275 0493-9974
C154-L22,C154,C154-L20,227,"LIQUID FUELS, STORAGE NON-REFINERY",,0232,0971,227 0232-0971
C154-L23,C154,C154-L20,275,POPULATION,,0232,9583,275 0232-9583
C154-L25,C154,C154-L24,390,HUNGARY,RAILROAD YARDS & SHOPS- SATELLITES,0232,1117,390 0232-1117
C154-L26,C154,C154-L24,275,POPULATION,,0232,9552,275 0232-9552
C154-L28,C154,C154-L27,192,HUNGARY,ELECTRIC POWER - SATELLITES,0232,1153,192 0232-1153
C154-L29,C154,C154-L27,275,POPULATION,,0232,9551,275 0232-9551
C154-L31,C154,C154-L30,280,"PORTS, MARITIME",,0131,0004,280 0131-0004
C154-L32,C154,C154-L30,254,NAVAL OPERATING BASES,,0131,0006,254 0131-0006
C154-L33,C154,C154-L30,227,"LIQUID FUELS, STORAGE NON-REFINERY",,0131,0014,227 0131-0014
C154-L34,C154,C154-L30,227,"LIQUID FUELS, STORAGE NON-REFINERY",,0131,0016,227 0131-0016
C154-L35,C154,C154-L30,241,"MILITARY HQS, ARMY",,0131,0029,241 0131-0029
C154-L36,C154,C154-L30,246,"MILITARY STORAGE AREAS, ARMY & NAVY",,0131,0029,246 0131-0029
C154-L37,C154,C154-L30,246,"MILITARY STORAGE AREAS, ARMY & NAVY",,0131,0030,246 0131-0030
C154-L38,C154,C154-L30,246,"MILITARY STORAGE AREAS, ARMY & NAVY",,0131,0032,246 0131-0032
C154-L39,C154,C154-L30,248,MILITARY TROOP INSTALLATIONS,,0131,0033,248 0131-0033
C154-L40,C154,C154-L30,275,POPULATION,,0131,9999,275 0131-9999
C154-L43,C154,C154-L41,354,EAST SIBERIAN & FAR EASTERN REGION,RAILROAD YARDS & SHOPS- USSR,0198,0017,354 0198-0017
C155-L03,C155,C154-L41,275,POPULATION,,0198,9999,275 0198-9999
C155-L09,C155,C155-L04,075,COKE CHEMICALS,,0170,0012,075 0170-0012
C155-L10,C155,C155-L04,415,SHIPBUILDING,,0170,0101,415 0170-0101
C155-L11,C155,C155-L04,055,"BOILERS, HIGH PRESSURE",,0170,0105,055 0170-0105
C155-L12,C155,C155-L04,064,CHEMICAL EQUIPMENT,,0170,0105,064 0170-0105
C155-L13,C155,C155-L04,095,EARTH MOVING EQUIPMENT,,0170,0105,095 0170-0105
C155-L14,C155,C155-L04,250,MINING MACHINERY,,0170,0105,250 0170-0105
C155-L15,C155,C155-L04,262,OIL EXTRACTION EQUIPMENT,,0170,0105,262 0170-0105
C155-L16,C155,C155-L04,440,SUBMARINE DIESEL ENGINES,,0170,0105,440 0170-0105
C155-L17,C155,C155-L04,227,"LIQUID FUELS, STORAGE NON-REFINERY",,0170,0154,227 0170-0154
C155-L18,C155,C155-L04,227,"LIQUID FUELS, STORAGE NON-REFINERY",,0170,0155,227 0170-0155
C155-L19,C155,C155-L04,055,"BOILERS, HIGH PRESSURE",,0170,0157,055 0170-0157
C155-L20,C155,C155-L04,064,CHEMICAL EQUIPMENT,,0170,0157,064 0170-0157
C155-L21,C155,C155-L04,235,METAL FORMING EQUIPMENT,,0170,0157,235 0170-0157
C155-L22,C155,C155-L04,250,MINING MACHINERY,,0170,0157,250 0170-0157
C155-L23,C155,C155-L04,262,OIL EXTRACTION EQUIPMENT,,0170,0157,262 0170-0157
C155-L24,C155,C155-L04,430,STEEL,,0170,0157,430 0170-0157
C155-L25,C155,C155-L04,388,EAST GERMANY,RAILROAD YARDS & SHOPS- SATELLITES,0170,0432,388 0170-0432
C155-L26,C155,C155-L04,388,EAST GERMANY,RAILROAD YARDS & SHOPS- SATELLITES,0170,0433,388 0170-0433
C155-L27,C155,C155-L04,388,EAST GERMANY,RAILROAD YARDS & SHOPS- SATELLITES,0170,0434,388 0170-0434
C155-L28,C155,C155-L04,445,SULFURIC ACID,,0170,0488,445 0170-0488
C155-L29,C155,C155-L04,228,LOCKS & DAMS,,0170,0492,228 0170-0492
C155-L30,C155,C155-L04,095,EARTH MOVING EQUIPMENT,,0170,0496,095 0170-0496
C155-L31,C155,C155-L04,235,METAL FORMING EQUIPMENT,,0170,0496,235 0170-0496
C155-L32,C155,C155-L04,262,OIL EXTRACTION EQUIPMENT,,0170,0496,262 0170-0496
C155-L33,C155,C155-L04,430,STEEL,,0170,0496,430 0170-0496
C155-L34,C155,C155-L04,281,"PORTS, INLAND",,0170,0499,281 0170-0499
C155-L35,C155,C155-L04,055,"BOILERS, HIGH PRESSURE",,0170,0588,055 0170-0588
C155-L36,C155,C155-L04,440,SUBMARINE DIESEL ENGINES,,0170,0588,440 0170-0588
C155-L37,C155,C155-L04,230,MACHINE TOOLS,,0170,0608,230 0170-0608
C155-L38,C155,C155-L04,064,CHEMICAL EQUIPMENT,,0170,0620,064 0170-0620
C155-L39,C155,C155-L04,095,EARTH MOVING EQUIPMENT,,0170,0620,095 0170-0620
C155-L40,C155,C155-L04,190,EAST GERMANY,ELECTRIC POWER - SATELLITES,0170,0858,190 0170-0858
C155-L41,C155,C155-L04,281,"PORTS, INLAND",,0170,0874,281 0170-0874
C155-L42,C155,C155-L04,228,LOCKS & DAMS,,0170,0875,228 0170-0875
C155-L43,C155,C155-L04,281,"PORTS, INLAND",,0170,0876,281 0170-0876
C155-L44,C155,C155-L04,228,LOCKS & DAMS,,0170,0877,228 0170-0877
C155-L45,C155,C155-L04,281,"PORTS, INLAND",,0170,0878,281 0170-0878
C155-L46,C155,C155-L04,281,"PORTS, INLAND",,0170,0879,281 0170-0879
C155-L47,C155,C155-L04,334,EAST GERMANY,RAILROAD EQUIP REPAIR PLANTS-SATTELITES,0170,0885,334 0170-0885
C155-L48,C155,C155-L04,334,EAST GERMANY,RAILROAD EQUIP REPAIR PLANTS-SATTELITES,0170,0886,334 0170-0886
C155-L49,C155,C155-L04,208,GOVERNMENT CONTROL CENTERS,,0170,1000,208 0170-1000
C155-L50,C155,C155-L04,248,MILITARY TROOP INSTALLATIONS,,0170,1097,248 0170-1097
C155-L51,C155,C155-L04,248,MILITARY TROOP INSTALLATIONS,,0170,1098,248 0170-1098
C155-L52,C155,C155-L04,246,"MILITARY STORAGE AREAS, ARMY & NAVY",,0170,1099,246 0170-1099
C155-L53,C155,C155-L04,190,EAST GERMANY,ELECTRIC POWER - SATELLITES,0170,1342,190 0170-1342
C156-L03,C156,C155-L04,250,MINING MACHINERY,,0170,1356,250 0170-1356
C156-L04,C156,C155-L04,241,"MILITARY HQS, ARMY",,0170,1357,241 0170-1357
C156-L05,C156,C155-L04,275,POPULATION,,0170,9999,275 0170-9999
C156-L07,C156,C156-L06,228,LOCKS & DAMS,,0170,0493,228 0170-0493
C156-L08,C156,C156-L06,228,LOCKS & DAMS,,0170,0870,228 0170-0870
C156-L09,C156,C156-L06,281,"PORTS, INLAND",,0170,0880,281 0170-0880
C156-L10,C156,C156-L06,248,MILITARY TROOP INSTALLATIONS,,0170,1355,248 0170-1355
C156-L11,C156,C156-L06,275,POPULATION,,0170,9979,275 0170-9979
C156-L13,C156,C156-L12,275,POPULATION,,0170,,275 0170-
C156-L14,C156,C156-L12,010,AGRICULTURAL EQUIPMENT,,0170,0901,010 0170-0901
C156-L16,C156,C156-L15,248,MILITARY TROOP INSTALLATIONS,,0170,1021,248 0170-1021
C156-L17,C156,C156-L15,275,POPULATION,,0170,9786,275 0170-9786
C156-L19,C156,C156-L18,246,"MILITARY STORAGE AREAS, ARMY & NAVY",,0170,1016,246 0170-1016
C156-L20,C156,C156-L18,275,POPULATION,,0170,9787,275 0170-9787
C156-L23,C156,C156-L21,023,AMMUNITION,,0170,0136,023 0170-0136
C156-L24,C156,C156-L21,215,HIGH EXPLOSIVES,,0170,0136,215 0170-0136
C156-L25,C156,C156-L21,440,SUBMARINE DIESEL ENGINES,,0170,0594,440 0170-0594
C156-L26,C156,C156-L21,246,"MILITARY STORAGE AREAS, ARMY & NAVY",,0170,1104,246 0170-1104
C156-L27,C156,C156-L21,275,POPULATION,,0170,9931,275 0170-9931
C156-L29,C156,C156-L28,010,AGRICULTURAL EQUIPMENT,,0170,0647,010 0170-0647
C156-L30,C156,C156-L28,275,POPULATION,,0170,9854,275 0170-9854
C156-L34,C156,C156-L31,075,COKE CHEMICALS,,0164,0010,075 0164-0010
C156-L35,C156,C156-L31,204,FERRO-ALLOYS,,0164,0010,204 0164-0010
C156-L36,C156,C156-L31,270,PIG IRON,,0164,0010,270 0164-0010
C156-L37,C156,C156-L31,430,STEEL,,0164,0010,430 0164-0010
C156-L38,C156,C156-L31,366,URALS REGION,RAILROAD YARDS & SHOPS- USSR,0164,0127,366 0164-0127
C156-L39,C156,C156-L31,366,URALS REGION,RAILROAD YARDS & SHOPS- USSR,0164,0128,366 0164-0128
C156-L40,C156,C156-L31,118,URALS,ELECTRIC POWER - MAJOR GRIDS,0164,0159,118 0164-0159
C156-L41,C156,C156-L31,208,GOVERNMENT CONTROL CENTERS,,0164,0166,208 0164-0166
C156-L42,C156,C156-L31,227,"LIQUID FUELS, STORAGE NON-REFINERY",,0164,0173,227 0164-0173
C156-L43,C156,C156-L31,118,URALS,ELECTRIC POWER - MAJOR GRIDS,0164,0183,118 0164-0183
C156-L44,C156,C156-L31,275,POPULATION,,0164,9997,275 0164-9997
C156-L50,C156,C156-L45,281,"PORTS, INLAND",,0325,0024,281 0325-0024
C156-L51,C156,C156-L45,470,TORPEDOES,,0325,0081,470 0325-0081
C157-L02,C157,C156-L45,350,CAUCASUS REGION,RAILROAD YARDS & SHOPS- USSR,0325,0118,350 0325-0118
C157-L03,C157,C156-L45,227,"LIQUID FUELS, STORAGE NON-REFINERY",,0325,0292,227 0325-0292
C157-L04,C157,C156-L45,227,"LIQUID FUELS, STORAGE NON-REFINERY",,0325,0293,227 0325-0293
C157-L05,C157,C156-L45,281,"PORTS, INLAND",,0325,0324,281 0325-0324
C157-L06,C157,C156-L45,150,SOUTHEAST ECONOMIC REGION,ELECTRIC POWER - OUTSIDE GRIDS,0325,0327,150 0325-0327
C157-L07,C157,C156-L45,281,"PORTS, INLAND",,0325,0337,281 0325-0337
C157-L08,C157,C156-L45,208,GOVERNMENT CONTROL CENTERS,,0325,0398,208 0325-0398
C157-L09,C157,C156-L45,150,SOUTHEAST ECONOMIC REGION,ELECTRIC POWER - OUTSIDE GRIDS,0325,0409,150 0325-0409
C157-L10,C157,C156-L45,227,"LIQUID FUELS, STORAGE NON-REFINERY",,0325,0419,227 0325-0419
C157-L11,C157,C156-L45,275,POPULATION,,0325,9994,275 0325-9994
C157-L14,C157,C157-L12,372,WEST SIBERIAN REGION,RAILROAD YARDS & SHOPS- USSR,0163,0040,372 0163-0040
C157-L15,C157,C157-L12,275,POPULATION,,0163,9969,275 0163-9969
C157-L17,C157,C157-L16,248,MILITARY TROOP INSTALLATIONS,,0232,1245,248 0232-1245
C157-L18,C157,C157-L16,275,POPULATION,,0232,9541,275 0232-9541
C157-L20,C157,C157-L19,184,BULGARIA,ELECTRIC POWER - SATELLITES,0322,0245,184 0322-0245
C157-L21,C157,C157-L19,275,POPULATION,,0322,9778,275 0322-9778
C157-L23,C157,C157-L22,275,POPULATION,,0169,,275 0169-
C157-L24,C157,C157-L22,334,EAST GERMANY,RAILROAD EQUIP REPAIR PLANTS-SATTELITES,0169,1091,334 0169-1091
C157-L28,C157,C157-L25,362,SOUTHERN SUB-REGION CENTRAL IND REG,RAILROAD YARDS & SHOPS- USSR,0167,1018,362 0167-1018
C157-L29,C157,C157-L25,048,A/E RESEARCH,,0167,1090,048 0167-1090
C157-L30,C157,C157-L25,275,POPULATION,,0167,9976,275 0167-9976
C157-L32,C157,C157-L31,280,"PORTS, MARITIME",,0323,0199,280 0323-0199
C157-L33,C157,C157-L31,275,POPULATION,,0323,9699,275 0323-9699
C157-L35,C157,C157-L34,354,EAST SIBERIAN & FAR EASTERN REGION,RAILROAD YARDS & SHOPS- USSR,0282,0075,354 0282-0075
C157-L36,C157,C157-L34,275,POPULATION,,0282,9949,275 0282-9949
C157-L39,C157,C157-L37,275,POPULATION,,0282,,275 0282-
C157-L40,C157,C157-L37,245,"MILITARY STORAGE AREAS, AIR FORCE",,0282,0082,245 0282-0082
C158-L03,C158,C158-L02,246,"MILITARY STORAGE AREAS, ARMY & NAVY",,0282,0052,246 0282-0052
C158-L04,C158,C158-L02,275,POPULATION,,0282,9948,275 0282-9948
C158-L06,C158,C158-L05,280,"PORTS, MARITIME",,0281,0012,280 0281-0012
C158-L07,C158,C158-L05,354,EAST SIBERIAN & FAR EASTERN REGION,RAILROAD YARDS & SHOPS- USSR,0281,0013,354 0281-0013
C158-L08,C158,C158-L05,254,NAVAL OPERATING BASES,,0281,0016,254 0281-0016
C158-L09,C158,C158-L05,275,POPULATION,,0281,9991,275 0281-9991
C158-L12,C158,C158-L10,354,EAST SIBERIAN & FAR EASTERN REGION,RAILROAD YARDS & SHOPS- USSR,0158,0030,354 0158-0030
C158-L13,C158,C158-L10,275,POPULATION,,0158,9987,275 0158-9987
C158-L15,C158,C158-L14,227,"LIQUID FUELS, STORAGE NON-REFINERY",,0235,,227 0235-
C158-L16,C158,C158-L14,227,"LIQUID FUELS, STORAGE NON-REFINERY",,0235,,227 0235-
C158-L17,C158,C158-L14,275,POPULATION,,0235,9923,275 0235-9923
C158-L21,C158,C158-L19,227,"LIQUID FUELS, STORAGE NON-REFINERY",,0249,,227 0249-
C158-L22,C158,C158-L19,230,MACHINE TOOLS,,0249,0321,230 0249-0321
C158-L23,C158,C158-L19,150,SOUTHEAST ECONOMIC REGION,ELECTRIC POWER - OUTSIDE GRIDS,0249,0357,150 0249-0357
C158-L24,C158,C158-L19,262,OIL EXTRACTION EQUIPMENT,,0249,0359,262 0249-0359
C158-L25,C158,C158-L19,275,POPULATION,,0249,9979,275 0249-9979
C158-L27,C158,C158-L26,394,RUMANIA,RAILROAD YARDS & SHOPS- SATELLITES,0250,0116,394 0250-0116
C158-L28,C158,C158-L26,275,POPULATION,,0250,9899,275 0250-9899
C158-L30,C158,C158-L29,290,RAILROAD BRIDGES,,0250,0117,290 0250-0117
C158-L31,C158,C158-L29,290,RAILROAD BRIDGES,,0250,0118,290 0250-0118
C158-L32,C158,C158-L29,227,"LIQUID FUELS, STORAGE NON-REFINERY",,0250,0243,227 0250-0243
C158-L33,C158,C158-L29,275,POPULATION,,0250,9902,275 0250-9902
C158-L35,C158,C158-L34,394,RUMANIA,RAILROAD YARDS & SHOPS- SATELLITES,0250,0115,394 0250-0115
C158-L36,C158,C158-L34,290,RAILROAD BRIDGES,,0250,0119,290 0250-0119
C158-L37,C158,C158-L34,275,POPULATION,,0250,9901,275 0250-9901
C158-L39,C158,C158-L38,160,URALS REGION,ELECTRIC POWER - OUTSIDE GRIDS,0236,0043,160 0236-0043
C158-L40,C158,C158-L38,275,POPULATION,,0236,9947,275 0236-9947
C159-L05,C159,C159-L03,084,"COPPER, SMELTED",,0236,0048,084 0236-0048
C159-L06,C159,C159-L03,445,SULFURIC ACID,,0236,0048,445 0236-0048
C159-L07,C159,C159-L03,275,POPULATION,,0236,9987,275 0236-9987
C159-L09,C159,C159-L08,275,POPULATION,,0290,,275 0290-
C159-L10,C159,C159-L08,384,CHINA,RAILROAD YARDS & SHOPS- SATELLITES,0290,0298,384 0290-0298
C159-L13,C159,C159-L11,352,DONBAS SUB-REGION UKRAINE REGION,RAILROAD YARDS & SHOPS- USSR,0249,0084,352 0249-0084
C159-L14,C159,C159-L11,106,DNEPR-DONETS,ELECTRIC POWER - MAJOR GRIDS,0249,0166,106 0249-0166
C159-L15,C159,C159-L11,230,MACHINE TOOLS,,0249,0323,230 0249-0323
C159-L16,C159,C159-L11,275,POPULATION,,0249,9978,275 0249-9978
C159-L18,C159,C159-L17,227,"LIQUID FUELS, STORAGE NON-REFINERY",,0234,,227 0234-
C159-L19,C159,C159-L17,275,POPULATION,,0234,9694,275 0234-9694
C159-L21,C159,C159-L20,227,"LIQUID FUELS, STORAGE NON-REFINERY",,0233,,227 0233-
C159-L22,C159,C159-L20,275,POPULATION,,0233,9779,275 0233-9779
C159-L24,C159,C159-L23,248,MILITARY TROOP INSTALLATIONS,,0169,1158,248 0169-1158
C159-L25,C159,C159-L23,275,POPULATION,,0169,9733,275 0169-9733
C159-L27,C159,C159-L26,280,"PORTS, MARITIME",,0092,0056,280 0092-0056
C159-L28,C159,C159-L26,275,POPULATION,,0092,9989,275 0092-9989
C159-L30,C159,C159-L29,275,POPULATION,,0205,,275 0205-
C159-L31,C159,C159-L29,280,"PORTS, MARITIME",,0205,0036,280 0205-0036
C159-L35,C159,C159-L32,118,URALS,ELECTRIC POWER - MAJOR GRIDS,0164,0002,118 0164-0002
C159-L36,C159,C159-L32,252,MOTOR VEHICLES,,0164,0025,252 0164-0025
C159-L37,C159,C159-L32,275,POPULATION,,0164,9994,275 0164-9994
C160-L05,C160,C159-L38,227,"LIQUID FUELS, STORAGE NON-REFINERY",,0166,,227 0166-
C160-L06,C160,C159-L38,314,SOUTHERN SUB-REGION CENTRAL IND REG,RAILROAD EQUIPMENT REPAIR PLANTS-USSR,0166,0016,314 0166-0016
C160-L07,C160,C159-L38,362,SOUTHERN SUB-REGION CENTRAL IND REG,RAILROAD YARDS & SHOPS- USSR,0166,0039,362 0166-0039
C160-L08,C160,C159-L38,362,SOUTHERN SUB-REGION CENTRAL IND REG,RAILROAD YARDS & SHOPS- USSR,0166,0041,362 0166-0041
C160-L09,C160,C159-L38,275,POPULATION,,0166,9995,275 0166-9995
C160-L11,C160,C160-L10,227,"LIQUID FUELS, STORAGE NON-REFINERY",,0166,,227 0166-
C160-L12,C160,C160-L10,275,POPULATION,,0166,9666,275 0166-9666
C160-L14,C160,C160-L13,062,CAUSTIC SODA,,0239,0057,062 0239-0057
C160-L15,C160,C160-L13,425,SODA ASH,,0239,0057,425 0239-0057
C160-L16,C160,C160-L13,275,POPULATION,,0239,9971,275 0239-9971
C160-L19,C160,C160-L17,227,"LIQUID FUELS, STORAGE NON-REFINERY",,0234,,227 0234-
C160-L20,C160,C160-L17,350,CAUCASUS REGION,RAILROAD YARDS & SHOPS- USSR,0234,0352,350 0234-0352
C160-L21,C160,C160-L17,275,POPULATION,,0234,9710,275 0234-9710
C160-L24,C160,C160-L22,227,"LIQUID FUELS, STORAGE NON-REFINERY",,0234,,227 0234-
C160-L25,C160,C160-L22,275,POPULATION,,0234,,275 0234-
C160-L28,C160,C160-L26,227,"LIQUID FUELS, STORAGE NON-REFINERY",,0325,,227 0325-
C160-L29,C160,C160-L26,116,TRANS-CAUCASUS,ELECTRIC POWER - MAJOR GRIDS,0325,0207,116 0325-0207
C160-L30,C160,C160-L26,275,POPULATION,,0325,9906,275 0325-9906
C160-L33,C160,C160-L31,227,"LIQUID FUELS, STORAGE NON-REFINERY",,0325,,227 0325-
C160-L34,C160,C160-L31,227,"LIQUID FUELS, STORAGE NON-REFINERY",,0325,,227 0325-
C160-L35,C160,C160-L31,350,CAUCASUS REGION,RAILROAD YARDS & SHOPS- USSR,0325,0111,350 0325-0111
C160-L36,C160,C160-L31,056,"BRIDGES, HWY",,0325,0339,056 0325-0339
C160-L37,C160,C160-L31,245,"MILITARY STORAGE AREAS, AIR FORCE",,0325,0424,245 0325-0424
C160-L38,C160,C160-L31,275,POPULATION,,0325,9969,275 0325-9969
C160-L43,C160,C160-L39,240,"MILITARY CONTROLS, AIR FORCE",,0168,,240 0168-
C160-L44,C160,C160-L39,241,"MILITARY HQS, ARMY",,0168,,241 0168-
C160-L45,C160,C160-L39,252,MOTOR VEHICLES,,0168,0003,252 0168-0003
C161-L05,C161,C160-L39,322,WESTERN REGION,RAILROAD EQUIPMENT REPAIR PLANTS-USSR,0168,0004,322 0168-0004
C161-L06,C161,C160-L39,266,PENICILLIN,,0168,0026,266 0168-0026
C161-L07,C161,C160-L39,435,STREPTOMYCIN,,0168,0026,435 0168-0026
C161-L08,C161,C160-L39,230,MACHINE TOOLS,,0168,0032,230 0168-0032
C161-L09,C161,C160-L39,230,MACHINE TOOLS,,0168,0033,230 0168-0033
C161-L10,C161,C160-L39,170,WEST ECONOMIC REGION,ELECTRIC POWER - OUTSIDE GRIDS,0168,0041,170 0168-0041
C161-L11,C161,C160-L39,285,RADIO & TELEVISION,,0168,0066,285 0168-0066
C161-L12,C161,C160-L39,475,TRACTORS,,0168,0121,475 0168-0121
C161-L13,C161,C160-L39,370,WESTERN REGION,RAILROAD YARDS & SHOPS- USSR,0168,0125,370 0168-0125
C161-L14,C161,C160-L39,370,WESTERN REGION,RAILROAD YARDS & SHOPS- USSR,0168,0126,370 0168-0126
C161-L15,C161,C160-L39,090,CUTTING TOOLS,,0168,0129,090 0168-0129
C161-L16,C161,C160-L39,030,ANTI-FRICTION BEARINGS,,0168,0166,030 0168-0166
C161-L17,C161,C160-L39,170,WEST ECONOMIC REGION,ELECTRIC POWER - OUTSIDE GRIDS,0168,0203,170 0168-0203
C161-L18,C161,C160-L39,170,WEST ECONOMIC REGION,ELECTRIC POWER - OUTSIDE GRIDS,0168,0204,170 0168-0204
C161-L19,C161,C160-L39,208,GOVERNMENT CONTROL CENTERS,,0168,0218,208 0168-0218
C161-L20,C161,C160-L39,248,MILITARY TROOP INSTALLATIONS,,0168,0318,248 0168-0318
C161-L21,C161,C160-L39,248,MILITARY TROOP INSTALLATIONS,,0168,0319,248 0168-0319
C161-L22,C161,C160-L39,246,"MILITARY STORAGE AREAS, ARMY & NAVY",,0168,0320,246 0168-0320
C161-L23,C161,C160-L39,243,MILITARY SCHOOLS,,0168,0345,243 0168-0345
C161-L24,C161,C160-L39,248,MILITARY TROOP INSTALLATIONS,,0168,0346,248 0168-0346
C161-L25,C161,C160-L39,227,"LIQUID FUELS, STORAGE NON-REFINERY",,0168,0382,227 0168-0382
C161-L26,C161,C160-L39,275,POPULATION,,0168,9997,275 0168-9997
C161-L29,C161,C161-L27,227,"LIQUID FUELS, STORAGE NON-REFINERY",,0168,,227 0168-
C161-L30,C161,C161-L27,275,POPULATION,,0168,,275 0168-
C161-L32,C161,C161-L31,392,POLAND,RAILROAD YARDS & SHOPS- SATELLITES,0168,0274,392 0168-0274
C161-L33,C161,C161-L31,248,MILITARY TROOP INSTALLATIONS,,0168,0282,248 0168-0282
C161-L34,C161,C161-L31,275,POPULATION,,0168,9877,275 0168-9877
C161-L36,C161,C161-L35,392,POLAND,RAILROAD YARDS & SHOPS- SATELLITES,0168,0273,392 0168-0273
C161-L37,C161,C161-L35,275,POPULATION,,0168,9806,275 0168-9806
C161-L40,C161,C161-L38,376,WEST SUB-REGION UKRAINE REGION,RAILROAD YARDS & SHOPS- USSR,0233,0273,376 0233-0273
C161-L41,C161,C161-L38,275,POPULATION,,0233,9719,275 0233-9719
C161-L44,C161,C161-L42,335,HUNGARY,RAILROAD EQUIP REPAIR PLANTS-SATTELITES,0232,0246,335 0232-0246
C161-L45,C161,C161-L42,215,HIGH EXPLOSIVES,,0232,0962,215 0232-0962
C161-L46,C161,C161-L42,390,HUNGARY,RAILROAD YARDS & SHOPS- SATELLITES,0232,1029,390 0232-1029
C161-L47,C161,C161-L42,390,HUNGARY,RAILROAD YARDS & SHOPS- SATELLITES,0232,1030,390 0232-1030
C161-L48,C161,C161-L42,390,HUNGARY,RAILROAD YARDS & SHOPS- SATELLITES,0232,1031,390 0232-1031
C161-L49,C161,C161-L42,290,RAILROAD BRIDGES,,0232,1032,290 0232-1032
C161-L50,C161,C161-L42,208,GOVERNMENT CONTROL CENTERS,,0232,1164,208 0232-1164
C161-L51,C161,C161-L42,248,MILITARY TROOP INSTALLATIONS,,0232,1215,248 0232-1215
C162-L04,C162,C161-L42,275,POPULATION,,0232,9947,275 0232-9947
C162-L07,C162,C162-L05,023,AMMUNITION,,0232,0241,023 0232-0241
C162-L08,C162,C162-L05,090,CUTTING TOOLS,,0232,0241,090 0232-0241
C162-L09,C162,C162-L05,204,FERRO-ALLOYS,,0232,0241,204 0232-0241
C162-L10,C162,C162-L05,212,"GUNS, MAJOR CALIBER",,0232,0241,212 0232-0241
C162-L11,C162,C162-L05,230,MACHINE TOOLS,,0232,0241,230 0232-0241
C162-L12,C162,C162-L05,235,METAL FORMING EQUIPMENT,,0232,0241,235 0232-0241
C162-L13,C162,C162-L05,270,PIG IRON,,0232,0241,270 0232-0241
C162-L14,C162,C162-L05,430,STEEL,,0232,0241,430 0232-0241
C162-L16,C162,C162-L15,192,HUNGARY,ELECTRIC POWER - SATELLITES,0232,0528,192 0232-0528
C162-L17,C162,C162-L15,192,HUNGARY,ELECTRIC POWER - SATELLITES,0232,1152,192 0232-1152
C162-L18,C162,C162-L15,192,HUNGARY,ELECTRIC POWER - SATELLITES,0232,0527,192 0232-0527
C162-L19,C162,C162-L15,192,HUNGARY,ELECTRIC POWER - SATELLITES,0232,1035,192 0232-1035
C162-L20,C162,C162-L15,275,POPULATION,,0232,9950,275 0232-9950
C162-L21,C162,C162-L15,275,POPULATION,,0232,9663,275 0232-9663
C162-L26,C162,C162-L22,227,"LIQUID FUELS, STORAGE NON-REFINERY",,0167,,227 0167-
C162-L27,C162,C162-L22,370,WESTERN REGION,RAILROAD YARDS & SHOPS- USSR,0167,0744,370 0167-0744
C162-L28,C162,C162-L22,370,WESTERN REGION,RAILROAD YARDS & SHOPS- USSR,0167,0745,370 0167-0745
C162-L29,C162,C162-L22,370,WESTERN REGION,RAILROAD YARDS & SHOPS- USSR,0167,0746,370 0167-0746
C162-L30,C162,C162-L22,170,WEST ECONOMIC REGION,ELECTRIC POWER - OUTSIDE GRIDS,0167,0893,170 0167-0893
C162-L31,C162,C162-L22,208,GOVERNMENT CONTROL CENTERS,,0167,0976,208 0167-0976
C162-L32,C162,C162-L22,246,"MILITARY STORAGE AREAS, ARMY & NAVY",,0167,0983,246 0167-0983
C162-L33,C162,C162-L22,246,"MILITARY STORAGE AREAS, ARMY & NAVY",,0167,0998,246 0167-0998
C162-L34,C162,C162-L22,246,"MILITARY STORAGE AREAS, ARMY & NAVY",,0167,1000,246 0167-1000
C162-L35,C162,C162-L22,281,"PORTS, INLAND",,0167,1005,281 0167-1005
C162-L36,C162,C162-L22,245,"MILITARY STORAGE AREAS, AIR FORCE",,0167,1045,245 0167-1045
C162-L37,C162,C162-L22,245,"MILITARY STORAGE AREAS, AIR FORCE",,0167,1046,245 0167-1046
C162-L38,C162,C162-L22,245,"MILITARY STORAGE AREAS, AIR FORCE",,0167,1047,245 0167-1047
C162-L39,C162,C162-L22,275,POPULATION,,0167,9975,275 0167-9975
C162-L41,C162,C162-L40,227,"LIQUID FUELS, STORAGE NON-REFINERY",,0233,,227 0233-
C162-L42,C162,C162-L40,376,WEST SUB-REGION UKRAINE REGION,RAILROAD YARDS & SHOPS- USSR,0233,0281,376 0233-0281
C162-L43,C162,C162-L40,275,POPULATION,,0233,9731,275 0233-9731
C162-L46,C162,C162-L44,354,EAST SIBERIAN & FAR EASTERN REGION,RAILROAD YARDS & SHOPS- USSR,0199,0046,354 0199-0046
C162-L47,C162,C162-L44,275,POPULATION,,0199,9883,275 0199-9883
C163-L04,C163,C162-L48,354,EAST SIBERIAN & FAR EASTERN REGION,RAILROAD YARDS & SHOPS- USSR,0201,0059,354 0201-0059
C163-L05,C163,C162-L48,275,POPULATION,,0201,9970,275 0201-9970
C163-L08,C163,C163-L06,227,"LIQUID FUELS, STORAGE NON-REFINERY",,0168,0198,227 0168-0198
C163-L09,C163,C163-L06,370,WESTERN REGION,RAILROAD YARDS & SHOPS- USSR,0168,0308,370 0168-0308
C163-L10,C163,C163-L06,275,POPULATION,,0168,9912,275 0168-9912
C163-L17,C163,C163-L11,243,MILITARY SCHOOLS,,0156,,243 0156-
C163-L18,C163,C163-L11,118,URALS,ELECTRIC POWER - MAJOR GRIDS,0156,0008,118 0156-0008
C163-L19,C163,C163-L11,212,"GUNS, MAJOR CALIBER",,0156,0022,212 0156-0022
C163-L20,C163,C163-L11,262,OIL EXTRACTION EQUIPMENT,,0156,0022,262 0156-0022
C163-L21,C163,C163-L11,430,STEEL,,0156,0022,430 0156-0022
C163-L22,C163,C163-L11,015,AIRCRAFT ENGINES,,0156,0048,015 0156-0048
C163-L23,C163,C163-L11,245,"MILITARY STORAGE AREAS, AIR FORCE",,0156,0048,245 0156-0048
C163-L24,C163,C163-L11,366,URALS REGION,RAILROAD YARDS & SHOPS- USSR,0156,0077,366 0156-0077
C163-L25,C163,C163-L11,023,AMMUNITION,,0156,0113,023 0156-0113
C163-L26,C163,C163-L11,215,HIGH EXPLOSIVES,,0156,0113,215 0156-0113
C163-L27,C163,C163-L11,282,PROPELLANTS,,0156,0113,282 0156-0113
C163-L28,C163,C163-L11,445,SULFURIC ACID,,0156,0177,445 0156-0177
C163-L29,C163,C163-L11,118,URALS,ELECTRIC POWER - MAJOR GRIDS,0156,0229,118 0156-0229
C163-L30,C163,C163-L11,118,URALS,ELECTRIC POWER - MAJOR GRIDS,0156,0275,118 0156-0275
C163-L31,C163,C163-L11,366,URALS REGION,RAILROAD YARDS & SHOPS- USSR,0156,0294,366 0156-0294
C163-L32,C163,C163-L11,227,"LIQUID FUELS, STORAGE NON-REFINERY",,0156,0302,227 0156-0302
C163-L33,C163,C163-L11,281,"PORTS, INLAND",,0156,0303,281 0156-0303
C163-L34,C163,C163-L11,290,RAILROAD BRIDGES,,0156,0309,290 0156-0309
C163-L35,C163,C163-L11,366,URALS REGION,RAILROAD YARDS & SHOPS- USSR,0156,0348,366 0156-0348
C163-L36,C163,C163-L11,208,GOVERNMENT CONTROL CENTERS,,0156,0367,208 0156-0367
C163-L37,C163,C163-L11,285,RADIO & TELEVISION,,0156,0386,285 0156-0386
C163-L38,C163,C163-L11,318,URALS REGION,RAILROAD EQUIPMENT REPAIR PLANTS-USSR,0156,0393,318 0156-0393
C163-L39,C163,C163-L11,118,URALS,ELECTRIC POWER - MAJOR GRIDS,0156,0409,118 0156-0409
C163-L40,C163,C163-L11,246,"MILITARY STORAGE AREAS, ARMY & NAVY",,0156,0411,246 0156-0411
C163-L41,C163,C163-L11,275,POPULATION,,0156,9997,275 0156-9997
C163-L43,C163,C163-L42,254,NAVAL OPERATING BASES,,0092,0001,254 0092-0001
C163-L44,C163,C163-L42,415,SHIPBUILDING,,0092,0001,415 0092-0001
C163-L45,C163,C163-L42,420,SHIP REPAIR,,0092,0001,420 0092-0001
C163-L46,C163,C163-L42,140,NORTHWEST ECONOMIC REGION,ELECTRIC POWER - OUTSIDE GRIDS,0092,0002,140 0092-0002
C163-L47,C163,C163-L42,280,"PORTS, MARITIME",,0092,0005,280 0092-0005
C163-L48,C163,C163-L42,227,"LIQUID FUELS, STORAGE NON-REFINERY",,0092,0030,227 0092-0030
C163-L49,C163,C163-L42,358,NORTHERN REGION,RAILROAD YARDS & SHOPS- USSR,0092,0031,358 0092-0031
C164-L02,C164,C163-L42,254,NAVAL OPERATING BASES,,0092,0064,254 0092-0064
C164-L03,C164,C163-L42,275,POPULATION,,0092,9997,275 0092-9997
C164-L07,C164,C164-L04,227,"LIQUID FUELS, STORAGE NON-REFINERY",,0091,,227 0091-
C164-L08,C164,C164-L04,227,"LIQUID FUELS, STORAGE NON-REFINERY",,0091,,227 0091-
C164-L09,C164,C164-L04,084,"COPPER, SMELTED",,0091,0028,084 0091-0028
C164-L10,C164,C164-L04,258,"NICKEL, REFINED",,0091,0028,258 0091-0028
C164-L11,C164,C164-L04,260,"NICKEL, SMELTED",,0091,0028,260 0091-0028
C164-L12,C164,C164-L04,072,COBALT,,0091,0072,072 0091-0072
C164-L13,C164,C164-L04,248,MILITARY TROOP INSTALLATIONS,,0091,0082,248 0091-0082
C164-L14,C164,C164-L04,275,POPULATION,,0091,9995,275 0091-9995
C164-L21,C164,C164-L15,386,CZECHOSLOVAKIA,RAILROAD YARDS & SHOPS- SATELLITES,0232,0179,386 0232-0179
C164-L22,C164,C164-L15,246,"MILITARY STORAGE AREAS, ARMY & NAVY",,0232,0195,246 0232-0195
C164-L23,C164,C164-L15,386,CZECHOSLOVAKIA,RAILROAD YARDS & SHOPS- SATELLITES,0232,0196,386 0232-0196
C164-L24,C164,C164-L15,388,EAST GERMANY,RAILROAD YARDS & SHOPS- SATELLITES,0232,0200,388 0232-0200
C164-L25,C164,C164-L15,333,CZECHOSLOVAKIA,RAILROAD EQUIP REPAIR PLANTS-SATTELITES,0232,0202,333 0232-0202
C164-L26,C164,C164-L15,386,CZECHOSLOVAKIA,RAILROAD YARDS & SHOPS- SATELLITES,0232,0203,386 0232-0203
C164-L27,C164,C164-L15,224,"LIQUID FUEL PLANTS, CRUDE",,0232,0204,224 0232-0204
C164-L28,C164,C164-L15,226,"LIQUID FUELS, STORAGE AT REFINERIES",,0232,0204,226 0232-0204
C164-L29,C164,C164-L15,055,"BOILERS, HIGH PRESSURE",,0232,0214,055 0232-0214
C164-L30,C164,C164-L15,064,CHEMICAL EQUIPMENT,,0232,0214,064 0232-0214
C164-L31,C164,C164-L15,075,COKE CHEMICALS,,0232,0214,075 0232-0214
C164-L32,C164,C164-L15,082,"COPPER, REFINED",,0232,0214,082 0232-0214
C164-L33,C164,C164-L15,084,"COPPER, SMELTED",,0232,0214,084 0232-0214
C164-L34,C164,C164-L15,204,FERRO-ALLOYS,,0232,0214,204 0232-0214
C164-L35,C164,C164-L15,235,METAL FORMING EQUIPMENT,,0232,0214,235 0232-0214
C164-L36,C164,C164-L15,250,MINING MACHINERY,,0232,0214,250 0232-0214
C164-L37,C164,C164-L15,270,PIG IRON,,0232,0214,270 0232-0214
C164-L38,C164,C164-L15,430,STEEL,,0232,0214,430 0232-0214
C164-L39,C164,C164-L15,224,"LIQUID FUEL PLANTS, CRUDE",,0232,0304,224 0232-0304
C164-L40,C164,C164-L15,022,"AMMONIA, SYNTHETIC",,0232,0305,022 0232-0305
C164-L41,C164,C164-L15,075,COKE CHEMICALS,,0232,0305,075 0232-0305
C164-L42,C164,C164-L15,188,CZECHOSLOVAKIA,ELECTRIC POWER - SATELLITES,0232,0465,188 0232-0465
C164-L43,C164,C164-L15,188,CZECHOSLOVAKIA,ELECTRIC POWER - SATELLITES,0232,0467,188 0232-0467
C164-L44,C164,C164-L15,188,CZECHOSLOVAKIA,ELECTRIC POWER - SATELLITES,0232,0468,188 0232-0468
C164-L45,C164,C164-L15,188,CZECHOSLOVAKIA,ELECTRIC POWER - SATELLITES,0232,0470,188 0232-0470
C164-L46,C164,C164-L15,188,CZECHOSLOVAKIA,ELECTRIC POWER - SATELLITES,0232,0471,188 0232-0471
C164-L47,C164,C164-L15,188,CZECHOSLOVAKIA,ELECTRIC POWER - SATELLITES,0232,0472,188 0232-0472
C164-L48,C164,C164-L15,075,COKE CHEMICALS,,0232,0547,075 0232-0547
C164-L49,C164,C164-L15,188,CZECHOSLOVAKIA,ELECTRIC POWER - SATELLITES,0232,0586,188 0232-0586
C164-L50,C164,C164-L15,075,COKE CHEMICALS,,0232,0655,075 0232-0655
C165-L02,C165,C164-L15,075,COKE CHEMICALS,,0232,0656,075 0232-0656
C165-L03,C165,C164-L15,075,COKE CHEMICALS,,0232,0657,075 0232-0657
C165-L04,C165,C164-L15,075,COKE CHEMICALS,,0232,0658,075 0232-0658
C165-L05,C165,C164-L15,056,"BRIDGES, HWY",,0232,0727,056 0232-0727
C165-L06,C165,C164-L15,290,RAILROAD BRIDGES,,0232,0731,290 0232-0731
C165-L07,C165,C164-L15,075,COKE CHEMICALS,,0232,0740,075 0232-0740
C165-L08,C165,C164-L15,270,PIG IRON,,0232,0740,270 0232-0740
C165-L09,C165,C164-L15,430,STEEL,,0232,0740,430 0232-0740
C165-L10,C165,C164-L15,281,"PORTS, INLAND",,0232,1024,281 0232-1024
C165-L11,C165,C164-L15,188,CZECHOSLOVAKIA,ELECTRIC POWER - SATELLITES,0232,1036,188 0232-1036
C165-L12,C165,C164-L15,208,GOVERNMENT CONTROL CENTERS,,0232,1161,208 0232-1161
C165-L13,C165,C164-L15,248,MILITARY TROOP INSTALLATIONS,,0232,1249,248 0232-1249
C165-L14,C165,C164-L15,075,COKE CHEMICALS,,0232,1519,075 0232-1519
C165-L15,C165,C164-L15,275,POPULATION,,0232,9953,275 0232-9953
C165-L18,C165,C165-L16,430,STEEL,,0232,0177,430 0232-0177
C165-L19,C165,C165-L16,226,"LIQUID FUELS, STORAGE AT REFINERIES",,0232,0178,226 0232-0178
C165-L20,C165,C165-L16,445,SULFURIC ACID,,0232,0180,445 0232-0180
C165-L21,C165,C165-L16,275,POPULATION,,0232,9939,275 0232-9939
C165-L24,C165,C165-L22,188,CZECHOSLOVAKIA,ELECTRIC POWER - SATELLITES,0232,0463,188 0232-0463
C165-L25,C165,C165-L22,275,POPULATION,,0232,9718,275 0232-9718
C165-L28,C165,C165-L26,275,POPULATION,,0232,,275 0232-
C165-L29,C165,C165-L26,248,MILITARY TROOP INSTALLATIONS,,0232,1237,248 0232-1237
C165-L32,C165,C165-L30,062,CAUSTIC SODA,,0232,0301,062 0232-0301
C165-L33,C165,C165-L30,068,CHLORINE,,0232,0301,068 0232-0301
C165-L34,C165,C165-L30,445,SULFURIC ACID,,0232,0301,445 0232-0301
C165-L35,C165,C165-L30,275,POPULATION,,0232,9929,275 0232-9929
C165-L39,C165,C165-L36,075,COKE CHEMICALS,,0232,0210,075 0232-0210
C165-L40,C165,C165-L36,188,CZECHOSLOVAKIA,ELECTRIC POWER - SATELLITES,0232,0464,188 0232-0464
C165-L41,C165,C165-L36,188,CZECHOSLOVAKIA,ELECTRIC POWER - SATELLITES,0232,0581,188 0232-0581
C165-L42,C165,C165-L36,188,CZECHOSLOVAKIA,ELECTRIC POWER - SATELLITES,0232,1034,188 0232-1034
C165-L43,C165,C165-L36,275,POPULATION,,0232,9924,275 0232-9924
C165-L46,C165,C165-L44,064,CHEMICAL EQUIPMENT,,0232,0360,064 0232-0360
C165-L47,C165,C165-L44,252,MOTOR VEHICLES,,0232,0360,252 0232-0360
C165-L48,C165,C165-L44,292,RAILROAD FREIGHT CARS,,0232,0360,292 0232-0360
C165-L49,C165,C165-L44,275,POPULATION,,0232,9699,275 0232-9699
C165-L52,C165,C165-L50,275,POPULATION,,0232,,275 0232-
C165-L53,C165,C165-L50,248,MILITARY TROOP INSTALLATIONS,,0232,1250,248 0232-1250
C166-L03,C166,C165-L54,292,RAILROAD FREIGHT CARS,,0232,0878,292 0232-0878
C166-L04,C166,C165-L54,090,CUTTING TOOLS,,0232,1154,090 0232-1154
C166-L05,C166,C165-L54,275,POPULATION,,0232,9748,275 0232-9748
C166-L07,C166,C166-L06,227,"LIQUID FUELS, STORAGE NON-REFINERY",,0166,,227 0166-
C166-L08,C166,C166-L06,275,POPULATION,,0166,,275 0166-
C166-L11,C166,C166-L09,350,CAUCASUS REGION,RAILROAD YARDS & SHOPS- USSR,0234,0463,350 0234-0463
C166-L12,C166,C166-L09,275,POPULATION,,0234,9910,275 0234-9910
C166-L15,C166,C166-L13,227,"LIQUID FUELS, STORAGE NON-REFINERY",,0166,,227 0166-
C166-L16,C166,C166-L13,364,SOUTHEAST SUB-REGION CENTRAL IND REG,RAILROAD YARDS & SHOPS- USSR,0166,0221,364 0166-0221
C166-L17,C166,C166-L13,275,POPULATION,,0166,9988,275 0166-9988
C166-L31,C166,C166-L18,054,BIOLOGICAL WARFARE RESEARCH,,0167,,054 0167-
C166-L32,C166,C166-L18,054,BIOLOGICAL WARFARE RESEARCH,,0167,,054 0167-
C166-L33,C166,C166-L18,227,"LIQUID FUELS, STORAGE NON-REFINERY",,0167,,227 0167-
C166-L34,C166,C166-L18,227,"LIQUID FUELS, STORAGE NON-REFINERY",,0167,,227 0167-
C166-L35,C166,C166-L18,227,"LIQUID FUELS, STORAGE NON-REFINERY",,0167,,227 0167-
C166-L36,C166,C166-L18,227,"LIQUID FUELS, STORAGE NON-REFINERY",,0167,,227 0167-
C166-L37,C166,C166-L18,227,"LIQUID FUELS, STORAGE NON-REFINERY",,0167,,227 0167-
C166-L38,C166,C166-L18,227,"LIQUID FUELS, STORAGE NON-REFINERY",,0167,,227 0167-
C166-L39,C166,C166-L18,227,"LIQUID FUELS, STORAGE NON-REFINERY",,0167,,227 0167-
C166-L40,C166,C166-L18,240,"MILITARY CONTROLS, AIR FORCE",,0167,,240 0167-
C166-L41,C166,C166-L18,241,"MILITARY HQS, ARMY",,0167,,241 0167-
C166-L42,C166,C166-L18,243,MILITARY SCHOOLS,,0167,,243 0167-
C166-L43,C166,C166-L18,252,MOTOR VEHICLES,,0167,0003,252 0167-0003
C166-L44,C166,C166-L18,252,MOTOR VEHICLES,,0167,0008,252 0167-0008
C166-L45,C166,C166-L18,112,MOSCOW-GORKIY,ELECTRIC POWER - MAJOR GRIDS,0167,0010,112 0167-0010
C166-L46,C166,C166-L18,212,"GUNS, MAJOR CALIBER",,0167,0011,212 0167-0011
C167-L03,C167,C166-L18,016,AIRFRAMES,,0167,0012,016 0167-0012
C167-L04,C167,C166-L18,112,MOSCOW-GORKIY,ELECTRIC POWER - MAJOR GRIDS,0167,0015,112 0167-0015
C167-L05,C167,C166-L18,112,MOSCOW-GORKIY,ELECTRIC POWER - MAJOR GRIDS,0167,0016,112 0167-0016
C167-L06,C167,C166-L18,430,STEEL,,0167,0018,430 0167-0018
C167-L07,C167,C166-L18,308,MOSCOW SUB-REGION CENTRAL IND REGION,RAILROAD EQUIPMENT REPAIR PLANTS-USSR,0167,0019,308 0167-0019
C167-L08,C167,C166-L18,430,STEEL,,0167,0019,430 0167-0019
C167-L09,C167,C166-L18,016,AIRFRAMES,,0167,0021,016 0167-0021
C167-L10,C167,C166-L18,206,"GENERATORS, HEAVY",,0167,0025,206 0167-0025
C167-L11,C167,C166-L18,480,"TRANSFORMERS, HEAVY",,0167,0025,480 0167-0025
C167-L12,C167,C166-L18,016,AIRFRAMES,,0167,0026,016 0167-0026
C167-L13,C167,C166-L18,230,MACHINE TOOLS,,0167,0028,230 0167-0028
C167-L14,C167,C166-L18,016,AIRFRAMES,,0167,0029,016 0167-0029
C167-L15,C167,C166-L18,230,MACHINE TOOLS,,0167,0032,230 0167-0032
C167-L16,C167,C166-L18,090,CUTTING TOOLS,,0167,0034,090 0167-0034
C167-L17,C167,C166-L18,281,"PORTS, INLAND",,0167,0037,281 0167-0037
C167-L18,C167,C166-L18,015,AIRCRAFT ENGINES,,0167,0043,015 0167-0043
C167-L19,C167,C166-L18,015,AIRCRAFT ENGINES,,0167,0044,015 0167-0044
C167-L20,C167,C166-L18,245,"MILITARY STORAGE AREAS, AIR FORCE",,0167,0044,245 0167-0044
C167-L21,C167,C166-L18,016,AIRFRAMES,,0167,0048,016 0167-0048
C167-L22,C167,C166-L18,048,A/E RESEARCH,,0167,0057,048 0167-0057
C167-L23,C167,C166-L18,030,ANTI-FRICTION BEARINGS,,0167,0058,030 0167-0058
C167-L24,C167,C166-L18,030,ANTI-FRICTION BEARINGS,,0167,0059,030 0167-0059
C167-L25,C167,C166-L18,016,AIRFRAMES,,0167,0066,016 0167-0066
C167-L26,C167,C166-L18,112,MOSCOW-GORKIY,ELECTRIC POWER - MAJOR GRIDS,0167,0082,112 0167-0082
C167-L27,C167,C166-L18,308,MOSCOW SUB-REGION CENTRAL IND REGION,RAILROAD EQUIPMENT REPAIR PLANTS-USSR,0167,0087,308 0167-0087
C167-L28,C167,C166-L18,296,RAILROAD PASSENGER CARS,,0167,0090,296 0167-0090
C167-L29,C167,C166-L18,450,TANKS & S. P. GUNS,,0167,0090,450 0167-0090
C167-L30,C167,C166-L18,308,MOSCOW SUB-REGION CENTRAL IND REGION,RAILROAD EQUIPMENT REPAIR PLANTS-USSR,0167,0093,308 0167-0093
C167-L31,C167,C166-L18,356,MOSCOW SUB-REGION CENTRAL IND REGION,RAILROAD YARDS & SHOPS- USSR,0167,0096,356 0167-0096
C167-L32,C167,C166-L18,015,AIRCRAFT ENGINES,,0167,0101,015 0167-0101
C167-L33,C167,C166-L18,356,MOSCOW SUB-REGION CENTRAL IND REGION,RAILROAD YARDS & SHOPS- USSR,0167,0103,356 0167-0103
C167-L34,C167,C166-L18,356,MOSCOW SUB-REGION CENTRAL IND REGION,RAILROAD YARDS & SHOPS- USSR,0167,0104,356 0167-0104
C167-L35,C167,C166-L18,356,MOSCOW SUB-REGION CENTRAL IND REGION,RAILROAD YARDS & SHOPS- USSR,0167,0105,356 0167-0105
C167-L36,C167,C166-L18,015,AIRCRAFT ENGINES,,0167,0106,015 0167-0106
C167-L37,C167,C166-L18,243,MILITARY SCHOOLS,,0167,0106,243 0167-0106
C167-L38,C167,C166-L18,016,AIRFRAMES,,0167,0107,016 0167-0107
C167-L39,C167,C166-L18,356,MOSCOW SUB-REGION CENTRAL IND REGION,RAILROAD YARDS & SHOPS- USSR,0167,0109,356 0167-0109
C167-L40,C167,C166-L18,356,MOSCOW SUB-REGION CENTRAL IND REGION,RAILROAD YARDS & SHOPS- USSR,0167,0110,356 0167-0110
C167-L41,C167,C166-L18,230,MACHINE TOOLS,,0167,0129,230 0167-0129
C167-L42,C167,C166-L18,210,GUIDED MISSILES,,0167,0158,210 0167-0158
C167-L43,C167,C166-L18,226,"LIQUID FUELS, STORAGE AT REFINERIES",,0167,0160,226 0167-0160
C167-L44,C167,C166-L18,224,"LIQUID FUEL PLANTS, CRUDE",,0167,0161,224 0167-0161
C167-L45,C167,C166-L18,226,"LIQUID FUELS, STORAGE AT REFINERIES",,0167,0161,226 0167-0161
C167-L46,C167,C166-L18,224,"LIQUID FUEL PLANTS, CRUDE",,0167,0162,224 0167-0162
C167-L47,C167,C166-L18,226,"LIQUID FUELS, STORAGE AT REFINERIES",,0167,0162,226 0167-0162
C167-L48,C167,C166-L18,010,AGRICULTURAL EQUIPMENT,,0167,0180,010 0167-0180
C167-L49,C167,C166-L18,356,MOSCOW SUB-REGION CENTRAL IND REGION,RAILROAD YARDS & SHOPS- USSR,0167,0181,356 0167-0181
C167-L50,C167,C166-L18,356,MOSCOW SUB-REGION CENTRAL IND REGION,RAILROAD YARDS & SHOPS- USSR,0167,0182,356 0167-0182
C167-L51,C167,C166-L18,356,MOSCOW SUB-REGION CENTRAL IND REGION,RAILROAD YARDS & SHOPS- USSR,0167,0183,356 0167-0183
C167-L52,C167,C166-L18,356,MOSCOW SUB-REGION CENTRAL IND REGION,RAILROAD YARDS & SHOPS- USSR,0167,0185,356 0167-0185
C167-L53,C167,C166-L18,356,MOSCOW SUB-REGION CENTRAL IND REGION,RAILROAD YARDS & SHOPS- USSR,0167,0186,356 0167-0186
C167-L54,C167,C166-L18,356,MOSCOW SUB-REGION CENTRAL IND REGION,RAILROAD YARDS & SHOPS- USSR,0167,0187,356 0167-0187
C167-L55,C167,C166-L18,356,MOSCOW SUB-REGION CENTRAL IND REGION,RAILROAD YARDS & SHOPS- USSR,0167,0188,356 0167-0188
C168-L04,C168,C166-L18,281,"PORTS, INLAND",,0167,0206,281 0167-0206
C168-L05,C168,C166-L18,228,LOCKS & DAMS,,0167,0207,228 0167-0207
C168-L06,C168,C166-L18,112,MOSCOW-GORKIY,ELECTRIC POWER - MAJOR GRIDS,0167,0209,112 0167-0209
C168-L07,C168,C166-L18,228,LOCKS & DAMS,,0167,0210,228 0167-0210
C168-L08,C168,C166-L18,228,LOCKS & DAMS,,0167,0211,228 0167-0211
C168-L09,C168,C166-L18,112,MOSCOW-GORKIY,ELECTRIC POWER - MAJOR GRIDS,0167,0216,112 0167-0216
C168-L10,C168,C166-L18,112,MOSCOW-GORKIY,ELECTRIC POWER - MAJOR GRIDS,0167,0218,112 0167-0218
C168-L11,C168,C166-L18,075,COKE CHEMICALS,,0167,0226,075 0167-0226
C168-L12,C168,C166-L18,445,SULFURIC ACID,,0167,0234,445 0167-0234
C168-L13,C168,C166-L18,445,SULFURIC ACID,,0167,0235,445 0167-0235
C168-L14,C168,C166-L18,064,CHEMICAL EQUIPMENT,,0167,0261,064 0167-0261
C168-L15,C168,C166-L18,064,CHEMICAL EQUIPMENT,,0167,0265,064 0167-0265
C168-L16,C168,C166-L18,262,OIL EXTRACTION EQUIPMENT,,0167,0265,262 0167-0265
C168-L17,C168,C166-L18,405,RUBBER TIRES,,0167,0268,405 0167-0268
C168-L18,C168,C166-L18,200,ELECTRIC WIRE & CABLE,,0167,0272,200 0167-0272
C168-L19,C168,C166-L18,264,OPTICAL EQUIPMENT,,0167,0278,264 0167-0278
C168-L20,C168,C166-L18,268,"PERISCOPES, SUBMARINE",,0167,0278,268 0167-0278
C168-L21,C168,C166-L18,005,"ABRASIVES, BONDED",,0167,0295,005 0167-0295
C168-L22,C168,C166-L18,266,PENICILLIN,,0167,0303,266 0167-0303
C168-L23,C168,C166-L18,070,CHLOROMYCETIN,,0167,0334,070 0167-0334
C168-L24,C168,C166-L18,266,PENICILLIN,,0167,0334,266 0167-0334
C168-L25,C168,C166-L18,435,STREPTOMYCIN,,0167,0334,435 0167-0334
C168-L26,C168,C166-L18,445,SULFURIC ACID,,0167,0338,445 0167-0338
C168-L27,C168,C166-L18,445,SULFURIC ACID,,0167,0341,445 0167-0341
C168-L28,C168,C166-L18,062,CAUSTIC SODA,,0167,0352,062 0167-0352
C168-L29,C168,C166-L18,066,"CHEMICAL WARFARE AGENT, STANDARD",,0167,0352,066 0167-0352
C168-L30,C168,C166-L18,068,CHLORINE,,0167,0352,068 0167-0352
C168-L31,C168,C166-L18,082,"COPPER, REFINED",,0167,0360,082 0167-0360
C168-L32,C168,C166-L18,202,ELECTRON TUBES,,0167,0377,202 0167-0377
C168-L33,C168,C166-L18,480,"TRANSFORMERS, HEAVY",,0167,0377,480 0167-0377
C168-L34,C168,C166-L18,016,AIRFRAMES,,0167,0396,016 0167-0396
C168-L35,C168,C166-L18,090,CUTTING TOOLS,,0167,0401,090 0167-0401
C168-L36,C168,C166-L18,230,MACHINE TOOLS,,0167,0410,230 0167-0410
C168-L37,C168,C166-L18,230,MACHINE TOOLS,,0167,0411,230 0167-0411
C168-L38,C168,C166-L18,112,MOSCOW-GORKIY,ELECTRIC POWER - MAJOR GRIDS,0167,0424,112 0167-0424
C168-L39,C168,C166-L18,112,MOSCOW-GORKIY,ELECTRIC POWER - MAJOR GRIDS,0167,0426,112 0167-0426
C168-L40,C168,C166-L18,048,A/E RESEARCH,,0167,0455,048 0167-0455
C168-L41,C168,C166-L18,095,EARTH MOVING EQUIPMENT,,0167,0520,095 0167-0520
C168-L42,C168,C166-L18,112,MOSCOW-GORKIY,ELECTRIC POWER - MAJOR GRIDS,0167,0546,112 0167-0546
C168-L43,C168,C166-L18,200,ELECTRIC WIRE & CABLE,,0167,0552,200 0167-0552
C168-L44,C168,C166-L18,285,RADIO & TELEVISION,,0167,0553,285 0167-0553
C168-L45,C168,C166-L18,016,AIRFRAMES,,0167,0580,016 0167-0580
C168-L46,C168,C166-L18,245,"MILITARY STORAGE AREAS, AIR FORCE",,0167,0580,245 0167-0580
C168-L47,C168,C166-L18,015,AIRCRAFT ENGINES,,0167,0581,015 0167-0581
C168-L48,C168,C166-L18,245,"MILITARY STORAGE AREAS, AIR FORCE",,0167,0581,245 0167-0581
C168-L49,C168,C166-L18,356,MOSCOW SUB-REGION CENTRAL IND REGION,RAILROAD YARDS & SHOPS- USSR,0167,0583,356 0167-0583
C168-L50,C168,C166-L18,356,MOSCOW SUB-REGION CENTRAL IND REGION,RAILROAD YARDS & SHOPS- USSR,0167,0584,356 0167-0584
C168-L51,C168,C166-L18,356,MOSCOW SUB-REGION CENTRAL IND REGION,RAILROAD YARDS & SHOPS- USSR,0167,0585,356 0167-0585
C168-L52,C168,C166-L18,356,MOSCOW SUB-REGION CENTRAL IND REGION,RAILROAD YARDS & SHOPS- USSR,0167,0586,356 0167-0586
C168-L53,C168,C166-L18,356,MOSCOW SUB-REGION CENTRAL IND REGION,RAILROAD YARDS & SHOPS- USSR,0167,0587,356 0167-0587
C168-L54,C168,C166-L18,356,MOSCOW SUB-REGION CENTRAL IND REGION,RAILROAD YARDS & SHOPS- USSR,0167,0588,356 0167-0588
C168-L55,C168,C166-L18,356,MOSCOW SUB-REGION CENTRAL IND REGION,RAILROAD YARDS & SHOPS- USSR,0167,0589,356 0167-0589
C168-L56,C168,C166-L18,356,MOSCOW SUB-REGION CENTRAL IND REGION,RAILROAD YARDS & SHOPS- USSR,0167,0590,356 0167-0590
C169-L04,C169,C166-L18,356,MOSCOW SUB-REGION CENTRAL IND REGION,RAILROAD YARDS & SHOPS- USSR,0167,0592,356 0167-0592
C169-L05,C169,C166-L18,356,MOSCOW SUB-REGION CENTRAL IND REGION,RAILROAD YARDS & SHOPS- USSR,0167,0593,356 0167-0593
C169-L06,C169,C166-L18,356,MOSCOW SUB-REGION CENTRAL IND REGION,RAILROAD YARDS & SHOPS- USSR,0167,0594,356 0167-0594
C169-L07,C169,C166-L18,356,MOSCOW SUB-REGION CENTRAL IND REGION,RAILROAD YARDS & SHOPS- USSR,0167,0595,356 0167-0595
C169-L08,C169,C166-L18,356,MOSCOW SUB-REGION CENTRAL IND REGION,RAILROAD YARDS & SHOPS- USSR,0167,0600,356 0167-0600
C169-L09,C169,C166-L18,245,"MILITARY STORAGE AREAS, AIR FORCE",,0167,0604,245 0167-0604
C169-L10,C169,C166-L18,285,RADIO & TELEVISION,,0167,0607,285 0167-0607
C169-L11,C169,C166-L18,281,"PORTS, INLAND",,0167,0608,281 0167-0608
C169-L12,C169,C166-L18,246,"MILITARY STORAGE AREAS, ARMY & NAVY",,0167,0611,246 0167-0611
C169-L13,C169,C166-L18,227,"LIQUID FUELS, STORAGE NON-REFINERY",,0167,0613,227 0167-0613
C169-L14,C169,C166-L18,227,"LIQUID FUELS, STORAGE NON-REFINERY",,0167,0614,227 0167-0614
C169-L15,C169,C166-L18,227,"LIQUID FUELS, STORAGE NON-REFINERY",,0167,0615,227 0167-0615
C169-L16,C169,C166-L18,296,RAILROAD PASSENGER CARS,,0167,0680,296 0167-0680
C169-L17,C169,C166-L18,210,GUIDED MISSILES,,0167,0712,210 0167-0712
C169-L18,C169,C166-L18,264,OPTICAL EQUIPMENT,,0167,0717,264 0167-0717
C169-L19,C169,C166-L18,268,"PERISCOPES, SUBMARINE",,0167,0717,268 0167-0717
C169-L20,C169,C166-L18,285,RADIO & TELEVISION,,0167,0726,285 0167-0726
C169-L21,C169,C166-L18,356,MOSCOW SUB-REGION CENTRAL IND REGION,RAILROAD YARDS & SHOPS- USSR,0167,0755,356 0167-0755
C169-L22,C169,C166-L18,266,PENICILLIN,,0167,0780,266 0167-0780
C169-L23,C169,C166-L18,228,LOCKS & DAMS,,0167,0782,228 0167-0782
C169-L24,C169,C166-L18,228,LOCKS & DAMS,,0167,0783,228 0167-0783
C169-L25,C169,C166-L18,308,MOSCOW SUB-REGION CENTRAL IND REGION,RAILROAD EQUIPMENT REPAIR PLANTS-USSR,0167,0785,308 0167-0785
C169-L26,C169,C166-L18,285,RADIO & TELEVISION,,0167,0794,285 0167-0794
C169-L27,C169,C166-L18,262,OIL EXTRACTION EQUIPMENT,,0167,0810,262 0167-0810
C169-L28,C169,C166-L18,055,"BOILERS, HIGH PRESSURE",,0167,0813,055 0167-0813
C169-L29,C169,C166-L18,250,MINING MACHINERY,,0167,0813,250 0167-0813
C169-L30,C169,C166-L18,208,GOVERNMENT CONTROL CENTERS,,0167,0832,208 0167-0832
C169-L31,C169,C166-L18,016,AIRFRAMES,,0167,0841,016 0167-0841
C169-L32,C169,C166-L18,016,AIRFRAMES,,0167,0843,016 0167-0843
C169-L33,C169,C166-L18,015,AIRCRAFT ENGINES,,0167,0883,015 0167-0883
C169-L34,C169,C166-L18,090,CUTTING TOOLS,,0167,0912,090 0167-0912
C169-L35,C169,C166-L18,285,RADIO & TELEVISION,,0167,0920,285 0167-0920
C169-L36,C169,C166-L18,075,COKE CHEMICALS,,0167,0921,075 0167-0921
C169-L37,C169,C166-L18,112,MOSCOW-GORKIY,ELECTRIC POWER - MAJOR GRIDS,0167,0931,112 0167-0931
C169-L38,C169,C166-L18,210,GUIDED MISSILES,,0167,0934,210 0167-0934
C169-L39,C169,C166-L18,281,"PORTS, INLAND",,0167,0942,281 0167-0942
C169-L40,C169,C166-L18,228,LOCKS & DAMS,,0167,0943,228 0167-0943
C169-L41,C169,C166-L18,228,LOCKS & DAMS,,0167,0944,228 0167-0944
C169-L42,C169,C166-L18,048,A/E RESEARCH,,0167,0955,048 0167-0955
C169-L43,C169,C166-L18,048,A/E RESEARCH,,0167,0956,048 0167-0956
C169-L44,C169,C166-L18,048,A/E RESEARCH,,0167,0957,048 0167-0957
C169-L45,C169,C166-L18,246,"MILITARY STORAGE AREAS, ARMY & NAVY",,0167,0985,246 0167-0985
C169-L46,C169,C166-L18,246,"MILITARY STORAGE AREAS, ARMY & NAVY",,0167,0986,246 0167-0986
C169-L47,C169,C166-L18,246,"MILITARY STORAGE AREAS, ARMY & NAVY",,0167,0987,246 0167-0987
C169-L48,C169,C166-L18,246,"MILITARY STORAGE AREAS, ARMY & NAVY",,0167,0988,246 0167-0988
C169-L49,C169,C166-L18,246,"MILITARY STORAGE AREAS, ARMY & NAVY",,0167,0989,246 0167-0989
C169-L50,C169,C166-L18,246,"MILITARY STORAGE AREAS, ARMY & NAVY",,0167,0990,246 0167-0990
C169-L51,C169,C166-L18,246,"MILITARY STORAGE AREAS, ARMY & NAVY",,0167,0991,246 0167-0991
C169-L52,C169,C166-L18,246,"MILITARY STORAGE AREAS, ARMY & NAVY",,0167,0992,246 0167-0992
C169-L53,C169,C166-L18,246,"MILITARY STORAGE AREAS, ARMY & NAVY",,0167,0993,246 0167-0993
C169-L54,C169,C166-L18,285,RADIO & TELEVISION,,0167,1002,285 0167-1002
C169-L55,C169,C166-L18,227,"LIQUID FUELS, STORAGE NON-REFINERY",,0167,1012,227 0167-1012
C169-L56,C169,C166-L18,210,GUIDED MISSILES,,0167,1014,210 0167-1014
C170-L02,C170,C166-L18,227,"LIQUID FUELS, STORAGE NON-REFINERY",,0167,1028,227 0167-1028
C170-L03,C170,C166-L18,227,"LIQUID FUELS, STORAGE NON-REFINERY",,0167,1029,227 0167-1029
C170-L04,C170,C166-L18,285,RADIO & TELEVISION,,0167,1034,285 0167-1034
C170-L05,C170,C166-L18,285,RADIO & TELEVISION,,0167,1035,285 0167-1035
C170-L06,C170,C166-L18,275,POPULATION,,0167,9998,275 0167-9998
C170-L08,C170,C170-L07,285,RADIO & TELEVISION,,0167,0665,285 0167-0665
C170-L09,C170,C170-L07,275,POPULATION,,0167,9837,275 0167-9837
C170-L12,C170,C170-L10,062,CAUSTIC SODA,,0167,0001,062 0167-0001
C170-L13,C170,C170-L10,066,"CHEMICAL WARFARE AGENT, STANDARD",,0167,0001,066 0167-0001
C170-L14,C170,C170-L10,068,CHLORINE,,0167,0001,068 0167-0001
C170-L15,C170,C170-L10,445,SULFURIC ACID,,0167,0001,445 0167-0001
C170-L16,C170,C170-L10,202,ELECTRON TUBES,,0167,0065,202 0167-0065
C170-L17,C170,C170-L10,275,POPULATION,,0167,9966,275 0167-9966
C170-L19,C170,C170-L18,246,"MILITARY STORAGE AREAS, ARMY & NAVY",,0167,0612,246 0167-0612
C170-L20,C170,C170-L18,275,POPULATION,,0167,9589,275 0167-9589
C170-L23,C170,C170-L22,280,"PORTS, MARITIME",,0196,0002,280 0196-0002
C170-L24,C170,C170-L22,227,"LIQUID FUELS, STORAGE NON-REFINERY",,0196,0004,227 0196-0004
C170-L25,C170,C170-L22,275,POPULATION,,0196,9997,275 0196-9997
C170-L27,C170,C170-L26,227,"LIQUID FUELS, STORAGE NON-REFINERY",,0196,,227 0196-
C170-L28,C170,C170-L26,240,"MILITARY CONTROLS, AIR FORCE",,0196,,240 0196-
C170-L29,C170,C170-L26,227,"LIQUID FUELS, STORAGE NON-REFINERY",,0196,0012,227 0196-0012
C170-L30,C170,C170-L26,275,POPULATION,,0196,9999,275 0196-9999
C170-L32,C170,C170-L31,020,ALUMINA,,0252,0383,020 0252-0383
C170-L33,C170,C170-L31,005,"ABRASIVES, BONDED",,0252,0595,005 0252-0595
C170-L34,C170,C170-L31,006,"ABRASIVES, CRUDE",,0252,0595,006 0252-0595
C170-L35,C170,C170-L31,010,AGRICULTURAL EQUIPMENT,,0252,0608,010 0252-0608
C170-L36,C170,C170-L31,275,POPULATION,,0252,9715,275 0252-9715
C170-L38,C170,C170-L37,390,HUNGARY,RAILROAD YARDS & SHOPS- SATELLITES,0252,0887,390 0252-0887
C170-L39,C170,C170-L37,275,POPULATION,,0252,9542,275 0252-9542
C170-L41,C170,C170-L40,390,HUNGARY,RAILROAD YARDS & SHOPS- SATELLITES,0252,0885,390 0252-0885
C170-L42,C170,C170-L40,275,POPULATION,,0252,9539,275 0252-9539
C170-L46,C170,C170-L43,225,"LIQUID FUEL PLANTS, SYNTHETIC",,0231,0217,225 0231-0217
C170-L47,C170,C170-L43,226,"LIQUID FUELS, STORAGE AT REFINERIES",,0231,0217,226 0231-0217
C170-L48,C170,C170-L43,386,CZECHOSLOVAKIA,RAILROAD YARDS & SHOPS- SATELLITES,0231,0218,386 0231-0218
C171-L02,C171,C170-L43,188,CZECHOSLOVAKIA,ELECTRIC POWER - SATELLITES,0231,0222,188 0231-0222
C171-L03,C171,C170-L43,430,STEEL,,0231,0254,430 0231-0254
C171-L04,C171,C170-L43,188,CZECHOSLOVAKIA,ELECTRIC POWER - SATELLITES,0231,0737,188 0231-0737
C171-L05,C171,C170-L43,188,CZECHOSLOVAKIA,ELECTRIC POWER - SATELLITES,0231,1370,188 0231-1370
C171-L06,C171,C170-L43,188,CZECHOSLOVAKIA,ELECTRIC POWER - SATELLITES,0231,1373,188 0231-1373
C171-L07,C171,C170-L43,248,MILITARY TROOP INSTALLATIONS,,0231,3465,248 0231-3465
C171-L08,C171,C170-L43,275,POPULATION,,0231,9758,275 0231-9758
C171-L11,C171,C171-L09,386,CZECHOSLOVAKIA,RAILROAD YARDS & SHOPS- SATELLITES,0231,0250,386 0231-0250
C171-L12,C171,C171-L09,188,CZECHOSLOVAKIA,ELECTRIC POWER - SATELLITES,0231,0740,188 0231-0740
C171-L13,C171,C171-L09,188,CZECHOSLOVAKIA,ELECTRIC POWER - SATELLITES,0231,1365,188 0231-1365
C171-L14,C171,C171-L09,430,STEEL,,0231,1690,430 0231-1690
C171-L15,C171,C171-L09,188,CZECHOSLOVAKIA,ELECTRIC POWER - SATELLITES,0231,2791,188 0231-2791
C171-L16,C171,C171-L09,333,CZECHOSLOVAKIA,RAILROAD EQUIP REPAIR PLANTS-SATTELITES,0231,3018,333 0231-3018
C171-L17,C171,C171-L09,248,MILITARY TROOP INSTALLATIONS,,0231,3435,248 0231-3435
C171-L18,C171,C171-L09,275,POPULATION,,0231,9938,275 0231-9938
C171-L21,C171,C171-L19,275,POPULATION,,0231,,275 0231-
C171-L22,C171,C171-L19,386,CZECHOSLOVAKIA,RAILROAD YARDS & SHOPS- SATELLITES,0231,2849,386 0231-2849
C171-L23,C171,C171-L19,333,CZECHOSLOVAKIA,RAILROAD EQUIP REPAIR PLANTS-SATTELITES,0231,2850,333 0231-2850
C171-L24,C171,C171-L19,290,RAILROAD BRIDGES,,0231,3541,290 0231-3541
C171-L25,C171,C171-L19,248,MILITARY TROOP INSTALLATIONS,,0231,3786,248 0231-3786
C171-L27,C171,C171-L26,490,ZINC,,0231,2517,490 0231-2517
C171-L28,C171,C171-L26,275,POPULATION,,0231,9361,275 0231-9361
C171-L30,C171,C171-L29,275,POPULATION,,0231,,275 0231-
C171-L31,C171,C171-L29,248,MILITARY TROOP INSTALLATIONS,,0231,3787,248 0231-3787
C171-L33,C171,C171-L32,227,"LIQUID FUELS, STORAGE NON-REFINERY",,0325,,227 0325-
C171-L34,C171,C171-L32,246,"MILITARY STORAGE AREAS, ARMY & NAVY",,0325,0405,246 0325-0405
C171-L35,C171,C171-L32,275,POPULATION,,0325,9886,275 0325-9886
C171-L38,C171,C171-L36,246,"MILITARY STORAGE AREAS, ARMY & NAVY",,0167,0984,246 0167-0984
C171-L39,C171,C171-L36,356,MOSCOW SUB-REGION CENTRAL IND REGION,RAILROAD YARDS & SHOPS- USSR,0167,1019,356 0167-1019
C171-L40,C171,C171-L36,275,POPULATION,,0167,9974,275 0167-9974
C171-L42,C171,C171-L41,190,EAST GERMANY,ELECTRIC POWER - SATELLITES,0231,1195,190 0231-1195
C171-L43,C171,C171-L41,202,ELECTRON TUBES,,0231,2567,202 0231-2567
C171-L44,C171,C171-L41,246,"MILITARY STORAGE AREAS, ARMY & NAVY",,0231,3417,246 0231-3417
C171-L45,C171,C171-L41,275,POPULATION,,0231,9808,275 0231-9808
C171-L47,C171,C171-L46,275,POPULATION,,0231,,275 0231-
C171-L48,C171,C171-L46,010,AGRICULTURAL EQUIPMENT,,0231,3809,010 0231-3809
C172-L03,C172,C172-L02,275,POPULATION,,0231,,275 0231-
C172-L04,C172,C172-L02,050,"BATTERIES, LEAD ACID",,0231,1853,050 0231-1853
C172-L07,C172,C172-L05,227,"LIQUID FUELS, STORAGE NON-REFINERY",,0232,,227 0232-
C172-L08,C172,C172-L05,224,"LIQUID FUEL PLANTS, CRUDE",,0232,0165,224 0232-0165
C172-L09,C172,C172-L05,226,"LIQUID FUELS, STORAGE AT REFINERIES",,0232,0165,226 0232-0165
C172-L10,C172,C172-L05,376,WEST SUB-REGION UKRAINE REGION,RAILROAD YARDS & SHOPS- USSR,0232,0531,376 0232-0531
C172-L11,C172,C172-L05,246,"MILITARY STORAGE AREAS, ARMY & NAVY",,0232,1213,246 0232-1213
C172-L12,C172,C172-L05,275,POPULATION,,0232,9970,275 0232-9970
C172-L20,C172,C172-L13,240,"MILITARY CONTROLS, AIR FORCE",,0290,,240 0290-
C172-L21,C172,C172-L13,241,"MILITARY HQS, ARMY",,0290,,241 0290-
C172-L22,C172,C172-L13,243,MILITARY SCHOOLS,,0290,,243 0290-
C172-L23,C172,C172-L13,246,"MILITARY STORAGE AREAS, ARMY & NAVY",,0290,,246 0290-
C172-L24,C172,C172-L13,246,"MILITARY STORAGE AREAS, ARMY & NAVY",,0290,,246 0290-
C172-L25,C172,C172-L13,248,MILITARY TROOP INSTALLATIONS,,0290,,248 0290-
C172-L26,C172,C172-L13,430,STEEL,,0290,0009,430 0290-0009
C172-L27,C172,C172-L13,185,CHINA-MAJOR GRIDS,ELECTRIC POWER - SATELLITES,0290,0037,185 0290-0037
C172-L28,C172,C172-L13,384,CHINA,RAILROAD YARDS & SHOPS- SATELLITES,0290,0089,384 0290-0089
C172-L29,C172,C172-L13,384,CHINA,RAILROAD YARDS & SHOPS- SATELLITES,0290,0095,384 0290-0095
C172-L30,C172,C172-L13,062,CAUSTIC SODA,,0290,0124,062 0290-0124
C172-L31,C172,C172-L13,068,CHLORINE,,0290,0124,068 0290-0124
C172-L32,C172,C172-L13,405,RUBBER TIRES,,0290,0128,405 0290-0128
C172-L33,C172,C172-L13,230,MACHINE TOOLS,,0290,0135,230 0290-0135
C172-L34,C172,C172-L13,016,AIRFRAMES,,0290,0136,016 0290-0136
C172-L35,C172,C172-L13,245,"MILITARY STORAGE AREAS, AIR FORCE",,0290,0139,245 0290-0139
C172-L36,C172,C172-L13,023,AMMUNITION,,0290,0146,023 0290-0146
C172-L37,C172,C172-L13,212,"GUNS, MAJOR CALIBER",,0290,0146,212 0290-0146
C172-L38,C172,C172-L13,214,"GUNS, SMALL ARMS",,0290,0146,214 0290-0146
C172-L39,C172,C172-L13,023,AMMUNITION,,0290,0147,023 0290-0147
C172-L40,C172,C172-L13,235,METAL FORMING EQUIPMENT,,0290,0368,235 0290-0368
C172-L41,C172,C172-L13,200,ELECTRIC WIRE & CABLE,,0290,0371,200 0290-0371
C172-L42,C172,C172-L13,480,"TRANSFORMERS, HEAVY",,0290,0372,480 0290-0372
C172-L43,C172,C172-L13,208,GOVERNMENT CONTROL CENTERS,,0290,0377,208 0290-0377
C172-L44,C172,C172-L13,246,"MILITARY STORAGE AREAS, ARMY & NAVY",,0290,0388,246 0290-0388
C172-L45,C172,C172-L13,246,"MILITARY STORAGE AREAS, ARMY & NAVY",,0290,0389,246 0290-0389
C172-L46,C172,C172-L13,246,"MILITARY STORAGE AREAS, ARMY & NAVY",,0290,0390,246 0290-0390
C172-L47,C172,C172-L13,405,RUBBER TIRES,,0290,0392,405 0290-0392
C172-L48,C172,C172-L13,050,"BATTERIES, LEAD ACID",,0290,0393,050 0290-0393
C172-L49,C172,C172-L13,266,PENICILLIN,,0290,0394,266 0290-0394
C172-L50,C172,C172-L13,248,MILITARY TROOP INSTALLATIONS,,0290,0395,248 0290-0395
C173-L02,C173,C172-L13,275,POPULATION,,0290,9994,275 0290-9994
C173-L03,C173,C172-L13,384,CHINA,RAILROAD YARDS & SHOPS- SATELLITES,0290,0297,384 0290-0297
C173-L04,C173,C172-L13,430,STEEL,,0290,0334,430 0290-0334
C173-L05,C173,C172-L13,292,RAILROAD FREIGHT CARS,,0290,0344,292 0290-0344
C173-L06,C173,C172-L13,294,RAILROAD LOCOMOTIVES,,0290,0344,294 0290-0344
C173-L07,C173,C172-L13,332,CHINA,RAILROAD EQUIP REPAIR PLANTS-SATTELITES,0290,0344,332 0290-0344
C173-L08,C173,C172-L13,384,CHINA,RAILROAD YARDS & SHOPS- SATELLITES,0290,0355,384 0290-0355
C173-L09,C173,C172-L13,384,CHINA,RAILROAD YARDS & SHOPS- SATELLITES,0290,0356,384 0290-0356
C173-L10,C173,C172-L13,082,"COPPER, REFINED",,0290,0364,082 0290-0364
C173-L11,C173,C172-L13,084,"COPPER, SMELTED",,0290,0364,084 0290-0364
C173-L12,C173,C172-L13,216,"LEAD, REFINED",,0290,0364,216 0290-0364
C173-L13,C173,C172-L13,230,MACHINE TOOLS,,0290,0367,230 0290-0367
C173-L14,C173,C172-L13,230,MACHINE TOOLS,,0290,0368,230 0290-0368
C173-L16,C173,C173-L15,360,NORTHEAST SUB-REGION CENTRAL IND REG,RAILROAD YARDS & SHOPS- USSR,0155,0122,360 0155-0122
C173-L17,C173,C173-L15,275,POPULATION,,0155,9872,275 0155-9872
C173-L21,C173,C173-L18,290,RAILROAD BRIDGES,,0051,0010,290 0051-0010
C173-L22,C173,C173-L18,358,NORTHERN REGION,RAILROAD YARDS & SHOPS- USSR,0051,0013,358 0051-0013
C173-L23,C173,C173-L18,420,SHIP REPAIR,,0051,0018,420 0051-0018
C173-L24,C173,C173-L18,114,MURMANSK,ELECTRIC POWER - MAJOR GRIDS,0051,0021,114 0051-0021
C173-L25,C173,C173-L18,280,"PORTS, MARITIME",,0051,0022,280 0051-0022
C173-L26,C173,C173-L18,280,"PORTS, MARITIME",,0051,0029,280 0051-0029
C173-L27,C173,C173-L18,290,RAILROAD BRIDGES,,0051,0032,290 0051-0032
C173-L28,C173,C173-L18,227,"LIQUID FUELS, STORAGE NON-REFINERY",,0051,0048,227 0051-0048
C173-L29,C173,C173-L18,227,"LIQUID FUELS, STORAGE NON-REFINERY",,0051,0050,227 0051-0050
C173-L30,C173,C173-L18,227,"LIQUID FUELS, STORAGE NON-REFINERY",,0051,0056,227 0051-0056
C173-L31,C173,C173-L18,208,GOVERNMENT CONTROL CENTERS,,0051,0087,208 0051-0087
C173-L32,C173,C173-L18,246,"MILITARY STORAGE AREAS, ARMY & NAVY",,0051,0095,246 0051-0095
C173-L33,C173,C173-L18,248,MILITARY TROOP INSTALLATIONS,,0051,0098,248 0051-0098
C173-L34,C173,C173-L18,275,POPULATION,,0051,9999,275 0051-9999
C173-L37,C173,C173-L35,275,POPULATION,,0051,,275 0051-
C173-L38,C173,C173-L35,420,SHIP REPAIR,,0051,0017,420 0051-0017
C173-L39,C173,C173-L35,437,SUBMARINE BASES,,0051,0017,437 0051-0017
C173-L40,C173,C173-L35,227,"LIQUID FUELS, STORAGE NON-REFINERY",,0051,0027,227 0051-0027
C173-L41,C173,C173-L35,114,MURMANSK,ELECTRIC POWER - MAJOR GRIDS,0051,0096,114 0051-0096
C173-L44,C173,C173-L42,114,MURMANSK,ELECTRIC POWER - MAJOR GRIDS,0051,0012,114 0051-0012
C173-L45,C173,C173-L42,275,POPULATION,,0051,9981,275 0051-9981
C173-L46,C173,C173-L42,227,"LIQUID FUELS, STORAGE NON-REFINERY",,0051,0094,227 0051-0094
C173-L47,C173,C173-L42,275,POPULATION,,0051,9974,275 0051-9974
C173-L50,C173,C173-L48,242,"MILITARY HQS, NAVY",,0051,0055,242 0051-0055
C174-L02,C174,C173-L48,437,SUBMARINE BASES,,0051,0055,437 0051-0055
C174-L03,C174,C173-L48,227,"LIQUID FUELS, STORAGE NON-REFINERY",,0051,0093,227 0051-0093
C174-L08,C174,C174-L04,227,"LIQUID FUELS, STORAGE NON-REFINERY",,0166,,227 0166-
C174-L09,C174,C174-L04,246,"MILITARY STORAGE AREAS, ARMY & NAVY",,0166,,246 0166-
C174-L10,C174,C174-L04,312,NORTHEAST SUB-REGION CENTRAL IND REG,RAILROAD EQUIPMENT REPAIR PLANTS-USSR,0166,0017,312 0166-0017
C174-L11,C174,C174-L04,360,NORTHEAST SUB-REGION CENTRAL IND REG,RAILROAD YARDS & SHOPS- USSR,0166,0024,360 0166-0024
C174-L12,C174,C174-L04,227,"LIQUID FUELS, STORAGE NON-REFINERY",,0166,0059,227 0166-0059
C174-L13,C174,C174-L04,285,RADIO & TELEVISION,,0166,0159,285 0166-0159
C174-L14,C174,C174-L04,281,"PORTS, INLAND",,0166,0173,281 0166-0173
C174-L15,C174,C174-L04,275,POPULATION,,0166,9997,275 0166-9997
C174-L18,C174,C174-L16,290,RAILROAD BRIDGES,,0283,0005,290 0283-0005
C174-L19,C174,C174-L16,384,CHINA,RAILROAD YARDS & SHOPS- SATELLITES,0283,0010,384 0283-0010
C174-L20,C174,C174-L16,186,CHINA-OUTSIDE GRIDS,ELECTRIC POWER - SATELLITES,0283,0017,186 0283-0017
C174-L21,C174,C174-L16,023,AMMUNITION,,0283,0084,023 0283-0084
C174-L22,C174,C174-L16,290,RAILROAD BRIDGES,,0283,0105,290 0283-0105
C174-L23,C174,C174-L16,248,MILITARY TROOP INSTALLATIONS,,0283,0132,248 0283-0132
C174-L24,C174,C174-L16,275,POPULATION,,0283,9997,275 0283-9997
C174-L26,C174,C174-L25,275,POPULATION,,0075,,275 0075-
C174-L27,C174,C174-L25,284,RADAR INSTALLATIONS,,0075,,284 0075-
C174-L29,C174,C174-L28,275,POPULATION,,0075,,275 0075-
C174-L30,C174,C174-L28,284,RADAR INSTALLATIONS,,0075,,284 0075-
C174-L32,C174,C174-L31,275,POPULATION,,0065,,275 0065-
C174-L33,C174,C174-L31,284,RADAR INSTALLATIONS,,0065,,284 0065-
C174-L35,C174,C174-L34,405,RUBBER TIRES,,0232,0336,405 0232-0336
C174-L36,C174,C174-L34,188,CZECHOSLOVAKIA,ELECTRIC POWER - SATELLITES,0232,0583,188 0232-0583
C174-L37,C174,C174-L34,275,POPULATION,,0232,9684,275 0232-9684
C174-L39,C174,C174-L38,235,METAL FORMING EQUIPMENT,,0232,1335,235 0232-1335
C174-L40,C174,C174-L38,275,POPULATION,,0232,9546,275 0232-9546
C175-L02,C175,C174-L41,228,LOCKS & DAMS,,0102,0029,228 0102-0029
C175-L03,C175,C174-L41,275,POPULATION,,0102,9990,275 0102-9990
C175-L05,C175,C175-L04,262,OIL EXTRACTION EQUIPMENT,,0252,0544,262 0252-0544
C175-L06,C175,C175-L04,390,HUNGARY,RAILROAD YARDS & SHOPS- SATELLITES,0252,0882,390 0252-0882
C175-L07,C175,C175-L04,248,MILITARY TROOP INSTALLATIONS,,0252,0993,248 0252-0993
C175-L08,C175,C175-L04,248,MILITARY TROOP INSTALLATIONS,,0252,0994,248 0252-0994
C175-L09,C175,C175-L04,275,POPULATION,,0252,9676,275 0252-9676
C175-L11,C175,C175-L10,290,RAILROAD BRIDGES,,0252,0115,290 0252-0115
C175-L12,C175,C175-L10,390,HUNGARY,RAILROAD YARDS & SHOPS- SATELLITES,0252,0886,390 0252-0886
C175-L13,C175,C175-L10,275,POPULATION,,0252,9540,275 0252-9540
C175-L17,C175,C175-L14,227,"LIQUID FUELS, STORAGE NON-REFINERY",,0281,,227 0281-
C175-L18,C175,C175-L14,241,"MILITARY HQS, ARMY",,0281,,241 0281-
C175-L19,C175,C175-L14,248,MILITARY TROOP INSTALLATIONS,,0281,,248 0281-
C175-L20,C175,C175-L14,248,MILITARY TROOP INSTALLATIONS,,0281,,248 0281-
C175-L21,C175,C175-L14,248,MILITARY TROOP INSTALLATIONS,,0281,,248 0281-
C175-L22,C175,C175-L14,225,"LIQUID FUEL PLANTS, SYNTHETIC",,0281,0001,225 0281-0001
C175-L23,C175,C175-L14,226,"LIQUID FUELS, STORAGE AT REFINERIES",,0281,0001,226 0281-0001
C175-L24,C175,C175-L14,354,EAST SIBERIAN & FAR EASTERN REGION,RAILROAD YARDS & SHOPS- USSR,0281,0071,354 0281-0071
C175-L25,C175,C175-L14,275,POPULATION,,0281,9990,275 0281-9990
C175-L27,C175,C175-L26,437,SUBMARINE BASES,,0290,0026,437 0290-0026
C175-L28,C175,C175-L26,246,"MILITARY STORAGE AREAS, ARMY & NAVY",,0290,0039,246 0290-0039
C175-L29,C175,C175-L26,280,"PORTS, MARITIME",,0290,0198,280 0290-0198
C175-L30,C175,C175-L26,275,POPULATION,,0290,9996,275 0290-9996
C175-L32,C175,C175-L31,280,"PORTS, MARITIME",,0290,0186,280 0290-0186
C175-L33,C175,C175-L31,275,POPULATION,,0290,9939,275 0290-9939
C175-L35,C175,C175-L34,280,"PORTS, MARITIME",,0290,0189,280 0290-0189
C175-L36,C175,C175-L34,275,POPULATION,,0290,9935,275 0290-9935
C175-L38,C175,C175-L37,248,MILITARY TROOP INSTALLATIONS,,0340,0069,248 0340-0069
C175-L39,C175,C175-L37,275,POPULATION,,0340,9999,275 0340-9999
C175-L41,C175,C175-L40,280,"PORTS, MARITIME",,0291,,280 0291-
C175-L42,C175,C175-L40,227,"LIQUID FUELS, STORAGE NON-REFINERY",,0291,0065,227 0291-0065
C175-L43,C175,C175-L40,254,NAVAL OPERATING BASES,,0291,0096,254 0291-0096
C175-L44,C175,C175-L40,354,EAST SIBERIAN & FAR EASTERN REGION,RAILROAD YARDS & SHOPS- USSR,0291,0118,354 0291-0118
C176-L02,C176,C175-L40,437,SUBMARINE BASES,,0291,0130,437 0291-0130
C176-L03,C176,C175-L40,290,RAILROAD BRIDGES,,0291,0137,290 0291-0137
C176-L04,C176,C175-L40,290,RAILROAD BRIDGES,,0291,0138,290 0291-0138
C176-L05,C176,C175-L40,354,EAST SIBERIAN & FAR EASTERN REGION,RAILROAD YARDS & SHOPS- USSR,0291,0139,354 0291-0139
C176-L06,C176,C175-L40,246,"MILITARY STORAGE AREAS, ARMY & NAVY",,0291,0157,246 0291-0157
C176-L07,C176,C175-L40,246,"MILITARY STORAGE AREAS, ARMY & NAVY",,0291,0158,246 0291-0158
C176-L08,C176,C175-L40,280,"PORTS, MARITIME",,0291,0170,280 0291-0170
C176-L09,C176,C175-L40,275,POPULATION,,0291,9996,275 0291-9996
C176-L12,C176,C176-L10,227,"LIQUID FUELS, STORAGE NON-REFINERY",,0325,,227 0325-
C176-L13,C176,C176-L10,248,MILITARY TROOP INSTALLATIONS,,0325,0407,248 0325-0407
C176-L14,C176,C176-L10,275,POPULATION,,0325,9861,275 0325-9861
C176-L17,C176,C176-L15,150,SOUTHEAST ECONOMIC REGION,ELECTRIC POWER - OUTSIDE GRIDS,0325,0170,150 0325-0170
C176-L18,C176,C176-L15,275,POPULATION,,0325,9955,275 0325-9955
C176-L20,C176,C176-L19,350,CAUCASUS REGION,RAILROAD YARDS & SHOPS- USSR,0325,0354,350 0325-0354
C176-L21,C176,C176-L19,275,POPULATION,,0325,9978,275 0325-9978
C176-L24,C176,C176-L22,208,GOVERNMENT CONTROL CENTERS,,0328,0211,208 0328-0211
C176-L25,C176,C176-L22,275,POPULATION,,0328,9937,275 0328-9937
C176-L27,C176,C176-L26,015,AIRCRAFT ENGINES,,0493,,015 0493-
C176-L28,C176,C176-L26,243,MILITARY SCHOOLS,,0493,,243 0493-
C176-L29,C176,C176-L26,208,GOVERNMENT CONTROL CENTERS,,0493,0099,208 0493-0099
C176-L30,C176,C176-L26,281,"PORTS, INLAND",,0493,0119,281 0493-0119
C176-L31,C176,C176-L26,275,POPULATION,,0493,9985,275 0493-9985
C176-L37,C176,C176-L32,240,"MILITARY CONTROLS, AIR FORCE",,0386,,240 0386-
C176-L38,C176,C176-L32,241,"MILITARY HQS, ARMY",,0386,,241 0386-
C176-L39,C176,C176-L32,243,MILITARY SCHOOLS,,0386,,243 0386-
C176-L40,C176,C176-L32,246,"MILITARY STORAGE AREAS, ARMY & NAVY",,0386,,246 0386-
C176-L41,C176,C176-L32,246,"MILITARY STORAGE AREAS, ARMY & NAVY",,0386,,246 0386-
C176-L42,C176,C176-L32,186,CHINA-OUTSIDE GRIDS,ELECTRIC POWER - SATELLITES,0386,0047,186 0386-0047
C176-L43,C176,C176-L32,023,AMMUNITION,,0386,0048,023 0386-0048
C176-L44,C176,C176-L32,214,"GUNS, SMALL ARMS",,0386,0048,214 0386-0048
C176-L45,C176,C176-L32,384,CHINA,RAILROAD YARDS & SHOPS- SATELLITES,0386,0056,384 0386-0056
C176-L46,C176,C176-L32,227,"LIQUID FUELS, STORAGE NON-REFINERY",,0386,0058,227 0386-0058
C177-L02,C177,C176-L32,291,RAILROAD FERRY,,0386,0134,291 0386-0134
C177-L03,C177,C176-L32,285,RADIO & TELEVISION,,0386,0144,285 0386-0144
C177-L04,C177,C176-L32,227,"LIQUID FUELS, STORAGE NON-REFINERY",,0386,0145,227 0386-0145 || 248 0386-0147
C177-L04,C177,C176-L32,248,MILITARY TROOP INSTALLATIONS,,0386,0147,227 0386-0145 || 248 0386-0147
C177-L05,C177,C176-L32,246,"MILITARY STORAGE AREAS, ARMY & NAVY",,0386,0148,246 0386-0148
C177-L06,C177,C176-L32,246,"MILITARY STORAGE AREAS, ARMY & NAVY",,0386,0149,246 0386-0149
C177-L07,C177,C176-L32,280,"PORTS, MARITIME",,0386,0163,280 0386-0163
C177-L08,C177,C176-L32,248,MILITARY TROOP INSTALLATIONS,,0386,0164,248 0386-0164
C177-L09,C177,C176-L32,245,"MILITARY STORAGE AREAS, AIR FORCE",,0386,0165,245 0386-0165
C177-L10,C177,C176-L32,208,GOVERNMENT CONTROL CENTERS,,0386,9999,208 0386-9999
C177-L11,C177,C176-L32,275,POPULATION,,0386,9999,275 0386-9999
C177-L14,C177,C177-L12,332,CHINA,RAILROAD EQUIP REPAIR PLANTS-SATTELITES,0386,0053,332 0386-0053
C177-L15,C177,C177-L12,384,CHINA,RAILROAD YARDS & SHOPS- SATELLITES,0386,0055,384 0386-0055
C177-L16,C177,C177-L12,227,"LIQUID FUELS, STORAGE NON-REFINERY",,0386,0059,227 0386-0059
C177-L17,C177,C177-L12,022,"AMMONIA, SYNTHETIC",,0386,0062,022 0386-0062
C177-L18,C177,C177-L12,445,SULFURIC ACID,,0386,0062,445 0386-0062
C177-L19,C177,C177-L12,275,POPULATION,,0386,9967,275 0386-9967
C177-L21,C177,C177-L20,243,MILITARY SCHOOLS,,0289,,243 0289-
C177-L22,C177,C177-L20,275,POPULATION,,0289,,275 0289-
C177-L23,C177,C177-L20,332,CHINA,RAILROAD EQUIP REPAIR PLANTS-SATTELITES,0289,0121,332 0289-0121
C177-L26,C177,C177-L24,243,MILITARY SCHOOLS,,0615,,243 0615-
C177-L27,C177,C177-L24,246,"MILITARY STORAGE AREAS, ARMY & NAVY",,0615,,246 0615-
C177-L28,C177,C177-L24,248,MILITARY TROOP INSTALLATIONS,,0615,,248 0615-
C177-L29,C177,C177-L24,248,MILITARY TROOP INSTALLATIONS,,0615,,248 0615-
C177-L30,C177,C177-L24,248,MILITARY TROOP INSTALLATIONS,,0615,,248 0615-
C177-L31,C177,C177-L24,248,MILITARY TROOP INSTALLATIONS,,0615,,248 0615-
C177-L32,C177,C177-L24,248,MILITARY TROOP INSTALLATIONS,,0615,,248 0615-
C177-L33,C177,C177-L24,248,MILITARY TROOP INSTALLATIONS,,0615,,248 0615-
C177-L34,C177,C177-L24,290,RAILROAD BRIDGES,,0615,0012,290 0615-0012
C177-L35,C177,C177-L24,208,GOVERNMENT CONTROL CENTERS,,0615,0016,208 0615-0016
C177-L36,C177,C177-L24,281,"PORTS, INLAND",,0615,0017,281 0615-0017
C177-L37,C177,C177-L24,275,POPULATION,,0615,9986,275 0615-9986
C177-L39,C177,C177-L38,248,MILITARY TROOP INSTALLATIONS,,0167,1021,248 0167-1021
C177-L40,C177,C177-L38,248,MILITARY TROOP INSTALLATIONS,,0167,1022,248 0167-1022
C177-L41,C177,C177-L38,275,POPULATION,,0167,9973,275 0167-9973
C177-L44,C177,C177-L42,110,LENINGRAD,ELECTRIC POWER - MAJOR GRIDS,0153,0037,110 0153-0037
C177-L45,C177,C177-L42,290,RAILROAD BRIDGES,,0153,0165,290 0153-0165
C178-L04,C178,C177-L42,056,"BRIDGES, HWY",,0153,0290,056 0153-0290
C178-L05,C178,C177-L42,358,NORTHERN REGION,RAILROAD YARDS & SHOPS- USSR,0153,0618,358 0153-0618 || 275 0153-9994
C178-L05,C178,C177-L42,275,POPULATION,,0153,9994,358 0153-0618 || 275 0153-9994
C178-L08,C178,C178-L06,110,LENINGRAD,ELECTRIC POWER - MAJOR GRIDS,0153,0001,110 0153-0001
C178-L09,C178,C178-L06,225,"LIQUID FUEL PLANTS, SYNTHETIC",,0153,0112,225 0153-0112
C178-L10,C178,C178-L06,226,"LIQUID FUELS, STORAGE AT REFINERIES",,0153,0112,226 0153-0112
C178-L11,C178,C178-L06,275,POPULATION,,0153,9980,275 0153-9980
C178-L13,C178,C178-L12,280,"PORTS, MARITIME",,0093,0005,280 0093-0005
C178-L14,C178,C178-L12,275,POPULATION,,0093,9996,275 0093-9996
C178-L16,C178,C178-L15,246,"MILITARY STORAGE AREAS, ARMY & NAVY",,0161,0041,246 0161-0041
C178-L17,C178,C178-L15,275,POPULATION,,0161,9967,275 0161-9967
C178-L19,C178,C178-L18,354,EAST SIBERIAN & FAR EASTERN REGION,RAILROAD YARDS & SHOPS- USSR,0161,0100,354 0161-0100
C178-L20,C178,C178-L18,275,POPULATION,,0161,9988,275 0161-9988
C178-L22,C178,C178-L21,227,"LIQUID FUELS, STORAGE NON-REFINERY",,0166,,227 0166-
C178-L23,C178,C178-L21,275,POPULATION,,0166,9665,275 0166-9665
C178-L25,C178,C178-L24,064,CHEMICAL EQUIPMENT,,0232,0790,064 0232-0790
C178-L26,C178,C178-L24,250,MINING MACHINERY,,0232,0790,250 0232-0790
C178-L27,C178,C178-L24,392,POLAND,RAILROAD YARDS & SHOPS- SATELLITES,0232,1098,392 0232-1098
C178-L28,C178,C178-L24,248,MILITARY TROOP INSTALLATIONS,,0232,1294,248 0232-1294
C178-L29,C178,C178-L24,275,POPULATION,,0232,9845,275 0232-9845
C178-L31,C178,C178-L30,248,MILITARY TROOP INSTALLATIONS,,0232,1293,248 0232-1293
C178-L32,C178,C178-L30,275,POPULATION,,0232,9837,275 0232-9837
C178-L34,C178,C178-L33,228,LOCKS & DAMS,,0232,1526,228 0232-1526
C178-L35,C178,C178-L33,275,POPULATION,,0232,9612,275 0232-9612
C178-L37,C178,C178-L36,246,"MILITARY STORAGE AREAS, ARMY & NAVY",,0202,0034,246 0202-0034
C178-L38,C178,C178-L36,275,POPULATION,,0202,9998,275 0202-9998
C178-L41,C178,C178-L39,354,EAST SIBERIAN & FAR EASTERN REGION,RAILROAD YARDS & SHOPS- USSR,0202,0033,354 0202-0033
C178-L42,C178,C178-L39,275,POPULATION,,0202,9995,275 0202-9995
C179-L04,C179,C178-L43,360,NORTHEAST SUB-REGION CENTRAL IND REG,RAILROAD YARDS & SHOPS- USSR,0154,0450,360 0154-0450
C179-L05,C179,C178-L43,275,POPULATION,,0154,9770,275 0154-9770
C179-L06,C179,C179-L06,246,"MILITARY STORAGE AREAS, ARMY & NAVY",,0154,0436,BURMAKINO 5725-04014 || 246 0154-0436
C179-L07,C179,C179-L06,275,POPULATION,,0154,9986,275 0154-9986
C179-L09,C179,C179-L08,392,POLAND,RAILROAD YARDS & SHOPS- SATELLITES,0169,0687,392 0169-0687
C179-L10,C179,C179-L08,336,POLAND,RAILROAD EQUIP REPAIR PLANTS-SATTELITES,0169,1062,336 0169-1062
C179-L11,C179,C179-L08,275,POPULATION,,0169,9732,275 0169-9732
C179-L13,C179,C179-L12,248,MILITARY TROOP INSTALLATIONS,,0169,1211,248 0169-1211
C179-L14,C179,C179-L12,388,EAST GERMANY,RAILROAD YARDS & SHOPS- SATELLITES,0169,1101,388 0169-1101
C179-L15,C179,C179-L12,275,POPULATION,,0169,9807,275 0169-9807
C179-L17,C179,C179-L16,388,EAST GERMANY,RAILROAD YARDS & SHOPS- SATELLITES,0169,,388 0169-
C179-L18,C179,C179-L16,248,MILITARY TROOP INSTALLATIONS,,0169,1212,248 0169-1212
C179-L19,C179,C179-L16,248,MILITARY TROOP INSTALLATIONS,,0169,1213,248 0169-1213
C179-L20,C179,C179-L16,275,POPULATION,,0169,9850,275 0169-9850
C179-L22,C179,C179-L21,246,"MILITARY STORAGE AREAS, ARMY & NAVY",,0169,1001,246 0169-1001
C179-L23,C179,C179-L21,275,POPULATION,,0169,9790,275 0169-9790
C179-L25,C179,C179-L24,227,"LIQUID FUELS, STORAGE NON-REFINERY",,0169,0626,227 0169-0626
C179-L26,C179,C179-L24,275,POPULATION,,0169,9897,275 0169-9897
C179-L28,C179,C179-L27,275,POPULATION,,0169,,275 0169-
C179-L29,C179,C179-L27,246,"MILITARY STORAGE AREAS, ARMY & NAVY",,0169,0478,246 0169-0478
C179-L31,C179,C179-L30,392,POLAND,RAILROAD YARDS & SHOPS- SATELLITES,0169,1067,392 0169-1067
C179-L32,C179,C179-L30,275,POPULATION,,0169,9938,275 0169-9938
C179-L34,C179,C179-L33,275,POPULATION,,0169,,275 0169-
C179-L35,C179,C179-L33,248,MILITARY TROOP INSTALLATIONS,,0169,1553,248 0169-1553
C179-L37,C179,C179-L36,388,EAST GERMANY,RAILROAD YARDS & SHOPS- SATELLITES,0169,0512,388 0169-0512
C179-L38,C179,C179-L36,246,"MILITARY STORAGE AREAS, ARMY & NAVY",,0169,0531,246 0169-0531
C179-L39,C179,C179-L36,248,MILITARY TROOP INSTALLATIONS,,0169,1214,248 0169-1214
C179-L40,C179,C179-L36,275,POPULATION,,0169,9917,275 0169-9917
C179-L43,C179,C179-L41,374,WEST SUB-REGION CENTRAL IND REGION,RAILROAD YARDS & SHOPS- USSR,0153,0108,374 0153-0108
C180-L02,C180,C179-L41,374,WEST SUB-REGION CENTRAL IND REGION,RAILROAD YARDS & SHOPS- USSR,0153,0109,374 0153-0109
C180-L03,C180,C179-L41,275,POPULATION,,0153,9996,275 0153-9996
C180-L05,C180,C180-L04,227,"LIQUID FUELS, STORAGE NON-REFINERY",,0281,0009,227 0281-0009
C180-L06,C180,C180-L04,280,"PORTS, MARITIME",,0281,0024,280 0281-0024
C180-L07,C180,C180-L04,275,POPULATION,,0281,9996,275 0281-9996
C180-L09,C180,C180-L08,225,"LIQUID FUEL PLANTS, SYNTHETIC",,0281,0002,225 0281-0002
C180-L10,C180,C180-L08,226,"LIQUID FUELS, STORAGE AT REFINERIES",,0281,0002,226 0281-0002
C180-L11,C180,C180-L08,275,POPULATION,,0281,9987,275 0281-9987
C180-L14,C180,C180-L12,150,SOUTHEAST ECONOMIC REGION,ELECTRIC POWER - OUTSIDE GRIDS,0249,0209,150 0249-0209
C180-L15,C180,C180-L12,350,CAUCASUS REGION,RAILROAD YARDS & SHOPS- USSR,0249,0354,350 0249-0354
C180-L16,C180,C180-L12,275,POPULATION,,0249,9977,275 0249-9977
C180-L18,C180,C180-L17,246,"MILITARY STORAGE AREAS, ARMY & NAVY",,0154,0445,246 0154-0445
C180-L19,C180,C180-L17,275,POPULATION,,0154,9769,275 0154-9769
C180-L22,C180,C180-L20,376,WEST SUB-REGION UKRAINE REGION,RAILROAD YARDS & SHOPS- USSR,0233,0182,376 0233-0182
C180-L23,C180,C180-L20,275,POPULATION,,0233,9724,275 0233-9724
C180-L25,C180,C180-L24,227,"LIQUID FUELS, STORAGE NON-REFINERY",,0231,2703,227 0231-2703
C180-L26,C180,C180-L24,227,"LIQUID FUELS, STORAGE NON-REFINERY",,0231,2703,227 0231-2703
C180-L28,C180,C180-L27,275,POPULATION,,0231,,275 0231-
C180-L29,C180,C180-L27,248,MILITARY TROOP INSTALLATIONS,,0231,3814,248 0231-3814
C180-L31,C180,C180-L30,248,MILITARY TROOP INSTALLATIONS,,0231,,248 0231-
C180-L32,C180,C180-L30,275,POPULATION,,0231,9895,275 0231-9895
C180-L34,C180,C180-L33,292,RAILROAD FREIGHT CARS,,0231,1716,292 0231-1716
C180-L35,C180,C180-L33,275,POPULATION,,0231,9122,275 0231-9122
C180-L37,C180,C180-L36,196,POLAND,ELECTRIC POWER - SATELLITES,0231,0664,196 0231-0664
C180-L38,C180,C180-L36,275,POPULATION,,0231,9092,275 0231-9092
C181-L03,C181,C180-L39,254,NAVAL OPERATING BASES,,0250,0014,254 0250-0014
C181-L04,C181,C180-L39,415,SHIPBUILDING,,0250,0014,415 0250-0014
C181-L05,C181,C180-L39,420,SHIP REPAIR,,0250,0014,420 0250-0014
C181-L06,C181,C180-L39,430,STEEL,,0250,0014,430 0250-0014
C181-L07,C181,C180-L39,095,EARTH MOVING EQUIPMENT,,0250,0015,095 0250-0015
C181-L08,C181,C180-L39,376,WEST SUB-REGION UKRAINE REGION,RAILROAD YARDS & SHOPS- USSR,0250,0044,376 0250-0044
C181-L09,C181,C180-L39,376,WEST SUB-REGION UKRAINE REGION,RAILROAD YARDS & SHOPS- USSR,0250,0045,376 0250-0045
C181-L10,C181,C180-L39,376,WEST SUB-REGION UKRAINE REGION,RAILROAD YARDS & SHOPS- USSR,0250,0046,376 0250-0046
C181-L11,C181,C180-L39,106,DNEPR-DONETS,ELECTRIC POWER - MAJOR GRIDS,0250,0081,106 0250-0081
C181-L12,C181,C180-L39,227,"LIQUID FUELS, STORAGE NON-REFINERY",,0250,0105,227 0250-0105
C181-L13,C181,C180-L39,415,SHIPBUILDING,,0250,0157,415 0250-0157
C181-L14,C181,C180-L39,420,SHIP REPAIR,,0250,0157,420 0250-0157
C181-L15,C181,C180-L39,280,"PORTS, MARITIME",,0250,0166,280 0250-0166
C181-L16,C181,C180-L39,056,"BRIDGES, HWY",,0250,0212,056 0250-0212
C181-L17,C181,C180-L39,208,GOVERNMENT CONTROL CENTERS,,0250,0258,208 0250-0258
C181-L18,C181,C180-L39,248,MILITARY TROOP INSTALLATIONS,,0250,0338,248 0250-0338
C181-L19,C181,C180-L39,248,MILITARY TROOP INSTALLATIONS,,0250,0340,248 0250-0340
C181-L20,C181,C180-L39,246,"MILITARY STORAGE AREAS, ARMY & NAVY",,0250,0341,246 0250-0341
C181-L21,C181,C180-L39,275,POPULATION,,0250,9998,275 0250-9998
C181-L23,C181,C181-L22,254,NAVAL OPERATING BASES,,0196,,254 0196-
C181-L24,C181,C181-L22,130,FAR EAST ECONOMIC REGION,ELECTRIC POWER - OUTSIDE GRIDS,0196,0001,130 0196-0001
C181-L25,C181,C181-L22,420,SHIP REPAIR,,0196,0003,420 0196-0003
C181-L26,C181,C181-L22,130,FAR EAST ECONOMIC REGION,ELECTRIC POWER - OUTSIDE GRIDS,0196,0014,130 0196-0014
C181-L27,C181,C181-L22,227,"LIQUID FUELS, STORAGE NON-REFINERY",,0196,0017,227 0196-0017
C181-L28,C181,C181-L22,280,"PORTS, MARITIME",,0196,0022,280 0196-0022
C181-L29,C181,C181-L22,246,"MILITARY STORAGE AREAS, ARMY & NAVY",,0196,0026,246 0196-0026
C181-L30,C181,C181-L22,246,"MILITARY STORAGE AREAS, ARMY & NAVY",,0196,0028,246 0196-0028
C181-L31,C181,C181-L22,248,MILITARY TROOP INSTALLATIONS,,0196,0029,248 0196-0029
C181-L32,C181,C181-L22,275,POPULATION,,0196,9998,275 0196-9998
C181-L35,C181,C181-L33,227,"LIQUID FUELS, STORAGE NON-REFINERY",,0250,,227 0250-
C181-L36,C181,C181-L33,275,POPULATION,,0250,9994,275 0250-9994
C181-L38,C181,C181-L37,280,"PORTS, MARITIME",,0205,0039,280 0205-0039
C181-L39,C181,C181-L37,275,POPULATION,,0205,9989,275 0205-9989
C181-L41,C181,C181-L40,386,CZECHOSLOVAKIA,RAILROAD YARDS & SHOPS- SATELLITES,0232,1080,386 0232-1080
C181-L42,C181,C181-L40,248,MILITARY TROOP INSTALLATIONS,,0232,1248,248 0232-1248
C181-L43,C181,C181-L40,245,"MILITARY STORAGE AREAS, AIR FORCE",,0232,1549,245 0232-1549
C181-L44,C181,C181-L40,275,POPULATION,,0232,9556,275 0232-9556
C182-L05,C182,C181-L45,354,EAST SIBERIAN & FAR EASTERN REGION,RAILROAD YARDS & SHOPS- USSR,0160,0014,354 0160-0014
C182-L06,C182,C181-L45,248,MILITARY TROOP INSTALLATIONS,,0160,0015,248 0160-0015
C182-L07,C182,C181-L45,275,POPULATION,,0160,9983,275 0160-9983
C182-L09,C182,C182-L08,270,PIG IRON,,0156,0070,270 0156-0070
C182-L10,C182,C182-L08,430,STEEL,,0156,0070,430 0156-0070
C182-L11,C182,C182-L08,275,POPULATION,,0156,9973,275 0156-9973
C182-L13,C182,C182-L12,262,OIL EXTRACTION EQUIPMENT,,0156,0115,262 0156-0115
C182-L14,C182,C182-L12,430,STEEL,,0156,0115,430 0156-0115
C182-L15,C182,C182-L12,275,POPULATION,,0156,9829,275 0156-9829
C182-L21,C182,C182-L16,227,"LIQUID FUELS, STORAGE NON-REFINERY",,0156,,227 0156-
C182-L22,C182,C182-L16,227,"LIQUID FUELS, STORAGE NON-REFINERY",,0156,,227 0156-
C182-L23,C182,C182-L16,023,AMMUNITION,,0156,0012,023 0156-0012
C182-L24,C182,C182-L16,075,COKE CHEMICALS,,0156,0014,075 0156-0014
C182-L25,C182,C182-L16,204,FERRO-ALLOYS,,0156,0014,204 0156-0014
C182-L26,C182,C182-L16,270,PIG IRON,,0156,0014,270 0156-0014
C182-L27,C182,C182-L16,430,STEEL,,0156,0014,430 0156-0014
C182-L28,C182,C182-L16,270,PIG IRON,,0156,0016,270 0156-0016
C182-L29,C182,C182-L16,430,STEEL,,0156,0016,430 0156-0016
C182-L30,C182,C182-L16,292,RAILROAD FREIGHT CARS,,0156,0027,292 0156-0027
C182-L31,C182,C182-L16,405,RUBBER TIRES,,0156,0027,405 0156-0027
C182-L32,C182,C182-L16,430,STEEL,,0156,0027,430 0156-0027
C182-L33,C182,C182-L16,450,TANKS & S. P. GUNS,,0156,0027,450 0156-0027
C182-L34,C182,C182-L16,366,URALS REGION,RAILROAD YARDS & SHOPS- USSR,0156,0292,366 0156-0292
C182-L35,C182,C182-L16,118,URALS,ELECTRIC POWER - MAJOR GRIDS,0156,0297,118 0156-0297
C182-L36,C182,C182-L16,118,URALS,ELECTRIC POWER - MAJOR GRIDS,0156,0333,118 0156-0333
C182-L37,C182,C182-L16,118,URALS,ELECTRIC POWER - MAJOR GRIDS,0156,0334,118 0156-0334
C182-L38,C182,C182-L16,366,URALS REGION,RAILROAD YARDS & SHOPS- USSR,0156,0346,366 0156-0346
C182-L39,C182,C182-L16,208,GOVERNMENT CONTROL CENTERS,,0156,0389,208 0156-0389
C182-L40,C182,C182-L16,275,POPULATION,,0156,9998,275 0156-9998
C182-L43,C182,C182-L41,430,STEEL,,0164,0104,430 0164-0104
C182-L44,C182,C182-L41,275,POPULATION,,0164,9914,275 0164-9914
C182-L47,C182,C182-L45,270,PIG IRON,,0156,0037,270 0156-0037
C182-L48,C182,C182-L45,430,STEEL,,0156,0037,430 0156-0037
C182-L49,C182,C182-L45,072,COBALT,,0156,0096,072 0156-0096
C182-L50,C182,C182-L45,258,"NICKEL, REFINED",,0156,0096,258 0156-0096
C183-L02,C183,C182-L45,260,"NICKEL, SMELTED",,0156,0096,260 0156-0096
C183-L03,C183,C182-L45,366,URALS REGION,RAILROAD YARDS & SHOPS- USSR,0156,0430,366 0156-0430
C183-L04,C183,C182-L45,275,POPULATION,,0156,9828,275 0156-9828
C183-L07,C183,C183-L05,270,PIG IRON,,0156,0029,270 0156-0029
C183-L08,C183,C183-L05,430,STEEL,,0156,0029,430 0156-0029
C183-L09,C183,C183-L05,275,POPULATION,,0156,9974,275 0156-9974
C183-L11,C183,C183-L10,430,STEEL,,0156,0075,430 0156-0075
C183-L12,C183,C183-L10,275,POPULATION,,0156,9958,275 0156-9958
C183-L15,C183,C183-L13,118,URALS,ELECTRIC POWER - MAJOR GRIDS,0156,0019,118 0156-0019
C183-L16,C183,C183-L13,275,POPULATION,,0156,9941,275 0156-9941
C183-L19,C183,C183-L17,204,FERRO-ALLOYS,,0167,0020,204 0167-0020
C183-L20,C183,C183-L17,235,METAL FORMING EQUIPMENT,,0167,0020,235 0167-0020
C183-L21,C183,C183-L17,430,STEEL,,0167,0020,430 0167-0020
C183-L22,C183,C183-L17,275,POPULATION,,0167,9972,275 0167-9972
C183-L25,C183,C183-L23,046,A/E FEED MATERIAL,,0167,0136,046 0167-0136
C183-L26,C183,C183-L23,048,A/E RESEARCH,,0167,0136,048 0167-0136
C183-L27,C183,C183-L23,275,POPULATION,,0167,9848,275 0167-9848
C183-L30,C183,C183-L29,388,EAST GERMANY,RAILROAD YARDS & SHOPS- SATELLITES,0231,0801,388 0231-0801
C183-L31,C183,C183-L29,475,TRACTORS,,0231,1411,475 0231-1411
C183-L32,C183,C183-L29,250,MINING MACHINERY,,0231,1796,250 0231-1796
C183-L33,C183,C183-L29,262,OIL EXTRACTION EQUIPMENT,,0231,3791,262 0231-3791
C183-L34,C183,C183-L29,275,POPULATION,,0231,9892,275 0231-9892
C183-L36,C183,C183-L35,190,EAST GERMANY,ELECTRIC POWER - SATELLITES,0231,0165,190 0231-0165
C183-L37,C183,C183-L35,275,POPULATION,,0231,9871,275 0231-9871
C183-L39,C183,C183-L38,388,EAST GERMANY,RAILROAD YARDS & SHOPS- SATELLITES,0231,,388 0231-
C183-L40,C183,C183-L38,190,EAST GERMANY,ELECTRIC POWER - SATELLITES,0231,2500,190 0231-2500
C183-L41,C183,C183-L38,275,POPULATION,,0231,9781,275 0231-9781
C184-L02,C184,C183-L42,047,A/E HEAVY WATER,,0048,,047 0048-
C184-L03,C184,C183-L42,227,"LIQUID FUELS, STORAGE NON-REFINERY",,0048,,227 0048-
C184-L04,C184,C183-L42,072,COBALT,,0048,0004,072 0048-0004
C184-L05,C184,C183-L42,258,"NICKEL, REFINED",,0048,0004,258 0048-0004
C184-L06,C184,C183-L42,260,"NICKEL, SMELTED",,0048,0004,260 0048-0004
C184-L07,C184,C183-L42,445,SULFURIC ACID,,0048,0004,445 0048-0004
C184-L08,C184,C183-L42,125,EAST SIBERIAN ECONOMIC REGION,ELECTRIC POWER - OUTSIDE GRIDS,0048,0005,125 0048-0005
C184-L09,C184,C183-L42,125,EAST SIBERIAN ECONOMIC REGION,ELECTRIC POWER - OUTSIDE GRIDS,0048,0006,125 0048-0006
C184-L10,C184,C183-L42,075,COKE CHEMICALS,,0048,0008,075 0048-0008
C184-L11,C184,C183-L42,082,"COPPER, REFINED",,0048,0010,082 0048-0010
C184-L12,C184,C183-L42,084,"COPPER, SMELTED",,0048,0010,084 0048-0010
C184-L13,C184,C183-L42,275,POPULATION,,0048,9999,275 0048-9999
C184-L15,C184,C184-L14,118,URALS,ELECTRIC POWER - MAJOR GRIDS,0156,0240,118 0156-0240
C184-L16,C184,C184-L14,275,POPULATION,,0156,9940,275 0156-9940
C184-L18,C184,C184-L17,118,URALS,ELECTRIC POWER - MAJOR GRIDS,0156,0377,118 0156-0377
C184-L19,C184,C184-L17,275,POPULATION,,0156,9821,275 0156-9821
C184-L21,C184,C184-L20,188,CZECHOSLOVAKIA,ELECTRIC POWER - SATELLITES,0232,0585,188 0232-0585
C184-L22,C184,C184-L20,243,MILITARY SCHOOLS,,0232,1251,243 0232-1251
C184-L23,C184,C184-L20,246,"MILITARY STORAGE AREAS, ARMY & NAVY",,0232,1270,246 0232-1270
C184-L24,C184,C184-L20,275,POPULATION,,0232,9916,275 0232-9916
C184-L26,C184,C184-L25,246,"MILITARY STORAGE AREAS, ARMY & NAVY",,0232,1244,246 0232-1244
C184-L27,C184,C184-L25,275,POPULATION,,0232,9548,275 0232-9548
C184-L29,C184,C184-L28,188,CZECHOSLOVAKIA,ELECTRIC POWER - SATELLITES,0232,0580,188 0232-0580
C184-L30,C184,C184-L28,275,POPULATION,,0232,9702,275 0232-9702
C184-L32,C184,C184-L31,227,"LIQUID FUELS, STORAGE NON-REFINERY",,0153,,227 0153-
C184-L33,C184,C184-L31,227,"LIQUID FUELS, STORAGE NON-REFINERY",,0153,,227 0153-
C184-L34,C184,C184-L31,358,NORTHERN REGION,RAILROAD YARDS & SHOPS- USSR,0153,0624,358 0153-0624
C184-L35,C184,C184-L31,248,MILITARY TROOP INSTALLATIONS,,0153,0635,248 0153-0635
C184-L36,C184,C184-L31,275,POPULATION,,0153,9945,275 0153-9945
C184-L38,C184,C184-L37,227,"LIQUID FUELS, STORAGE NON-REFINERY",,0234,,227 0234-
C184-L39,C184,C184-L37,275,POPULATION,,0234,9882,275 0234-9882
C184-L41,C184,C184-L40,372,WEST SIBERIAN REGION,RAILROAD YARDS & SHOPS- USSR,0163,0057,372 0163-0057
C184-L42,C184,C184-L40,275,POPULATION,,0163,9982,275 0163-9982
C185-L04,C185,C184-L43,248,MILITARY TROOP INSTALLATIONS,,0249,,248 0249-
C185-L05,C185,C184-L43,302,CAUCASUS REGION,RAILROAD EQUIPMENT REPAIR PLANTS-USSR,0249,0021,302 0249-0021
C185-L06,C185,C184-L43,280,"PORTS, MARITIME",,0249,0026,280 0249-0026
C185-L07,C185,C184-L43,227,"LIQUID FUELS, STORAGE NON-REFINERY",,0249,0040,227 0249-0040
C185-L08,C185,C184-L43,050,"BATTERIES, LEAD ACID",,0249,0043,050 0249-0043
C185-L09,C185,C184-L43,150,SOUTHEAST ECONOMIC REGION,ELECTRIC POWER - OUTSIDE GRIDS,0249,0134,150 0249-0134
C185-L10,C185,C184-L43,415,SHIPBUILDING,,0249,0228,415 0249-0228
C185-L11,C185,C184-L43,254,NAVAL OPERATING BASES,,0249,0230,254 0249-0230
C185-L12,C185,C184-L43,227,"LIQUID FUELS, STORAGE NON-REFINERY",,0249,0242,227 0249-0242
C185-L13,C185,C184-L43,227,"LIQUID FUELS, STORAGE NON-REFINERY",,0249,0243,227 0249-0243
C185-L14,C185,C184-L43,350,CAUCASUS REGION,RAILROAD YARDS & SHOPS- USSR,0249,0244,350 0249-0244
C185-L15,C185,C184-L43,246,"MILITARY STORAGE AREAS, ARMY & NAVY",,0249,0333,246 0249-0333
C185-L16,C185,C184-L43,275,POPULATION,,0249,9976,275 0249-9976
C185-L18,C185,C185-L17,227,"LIQUID FUELS, STORAGE NON-REFINERY",,0127,,227 0127-
C185-L19,C185,C185-L17,275,POPULATION,,0127,,275 0127-
C185-L26,C185,C185-L20,040,A/E INDUSTRY,,0162,,040 0162-
C185-L27,C185,C185-L20,046,A/E FEED MATERIAL,,0162,,046 0162-
C185-L28,C185,C185-L20,241,"MILITARY HQS, ARMY",,0162,,241 0162-
C185-L29,C185,C185-L20,243,MILITARY SCHOOLS,,0162,,243 0162-
C185-L30,C185,C185-L20,246,"MILITARY STORAGE AREAS, ARMY & NAVY",,0162,,246 0162-
C185-L31,C185,C185-L20,016,AIRFRAMES,,0162,0002,016 0162-0002
C185-L32,C185,C185-L20,450,TANKS & S. P. GUNS,,0162,0007,450 0162-0007
C185-L33,C185,C185-L20,252,MOTOR VEHICLES,,0162,0010,252 0162-0010
C185-L34,C185,C185-L20,108,KUZNETSK,ELECTRIC POWER - MAJOR GRIDS,0162,0014,108 0162-0014
C185-L35,C185,C185-L20,372,WEST SIBERIAN REGION,RAILROAD YARDS & SHOPS- USSR,0162,0022,372 0162-0022
C185-L36,C185,C185-L20,202,ELECTRON TUBES,,0162,0023,202 0162-0023
C185-L37,C185,C185-L20,023,AMMUNITION,,0162,0024,023 0162-0024
C185-L38,C185,C185-L20,465,TIN,,0162,0029,465 0162-0029
C185-L39,C185,C185-L20,230,MACHINE TOOLS,,0162,0037,230 0162-0037
C185-L40,C185,C185-L20,250,MINING MACHINERY,,0162,0038,250 0162-0038
C185-L41,C185,C185-L20,108,KUZNETSK,ELECTRIC POWER - MAJOR GRIDS,0162,0044,108 0162-0044
C185-L42,C185,C185-L20,108,KUZNETSK,ELECTRIC POWER - MAJOR GRIDS,0162,0045,108 0162-0045
C185-L43,C185,C185-L20,010,AGRICULTURAL EQUIPMENT,,0162,0047,010 0162-0047
C185-L44,C185,C185-L20,264,OPTICAL EQUIPMENT,,0162,0048,264 0162-0048
C185-L45,C185,C185-L20,268,"PERISCOPES, SUBMARINE",,0162,0048,268 0162-0048
C185-L46,C185,C185-L20,090,CUTTING TOOLS,,0162,0053,090 0162-0053
C185-L47,C185,C185-L20,372,WEST SIBERIAN REGION,RAILROAD YARDS & SHOPS- USSR,0162,0062,372 0162-0062
C185-L48,C185,C185-L20,290,RAILROAD BRIDGES,,0162,0064,290 0162-0064
C185-L49,C185,C185-L20,285,RADIO & TELEVISION,,0162,0076,285 0162-0076
C185-L50,C185,C185-L20,285,RADIO & TELEVISION,,0162,0077,285 0162-0077
C186-L03,C186,C185-L20,285,RADIO & TELEVISION,,0152,0084,285 0152-0084
C186-L04,C186,C185-L20,285,RADIO & TELEVISION,,0162,0085,285 0162-0085
C186-L05,C186,C185-L20,290,RAILROAD BRIDGES,,0162,0092,290 0162-0092
C186-L06,C186,C185-L20,281,"PORTS, INLAND",,0162,0093,281 0162-0093
C186-L07,C186,C185-L20,372,WEST SIBERIAN REGION,RAILROAD YARDS & SHOPS- USSR,0162,0094,372 0162-0094
C186-L08,C186,C185-L20,372,WEST SIBERIAN REGION,RAILROAD YARDS & SHOPS- USSR,0162,0095,372 0162-0095
C186-L09,C186,C185-L20,230,MACHINE TOOLS,,0162,0096,230 0162-0096
C186-L10,C186,C185-L20,235,METAL FORMING EQUIPMENT,,0162,0096,235 0162-0096
C186-L11,C186,C185-L20,108,KUZNETSK,ELECTRIC POWER - MAJOR GRIDS,0162,0104,108 0162-0104
C186-L12,C186,C185-L20,208,GOVERNMENT CONTROL CENTERS,,0162,0106,208 0162-0106
C186-L13,C186,C185-L20,227,"LIQUID FUELS, STORAGE NON-REFINERY",,0162,0113,227 0162-0113
C186-L14,C186,C185-L20,246,"MILITARY STORAGE AREAS, ARMY & NAVY",,0162,0117,246 0162-0117
C186-L15,C186,C185-L20,430,STEEL,,0162,0120,430 0162-0120
C186-L16,C186,C185-L20,248,MILITARY TROOP INSTALLATIONS,,0162,0124,248 0162-0124
C186-L17,C186,C185-L20,108,KUZNETSK,ELECTRIC POWER - MAJOR GRIDS,0162,0127,108 0162-0127
C186-L18,C186,C185-L20,275,POPULATION,,0162,9998,275 0162-9998
C186-L20,C186,C186-L19,227,"LIQUID FUELS, STORAGE NON-REFINERY",,0250,,227 0250-
C186-L21,C186,C186-L19,275,POPULATION,,0250,9947,275 0250-9947
C186-L23,C186,C186-L22,275,POPULATION,,0165,,275 0165-
C186-L24,C186,C186-L22,368,VOLGA REGION,RAILROAD YARDS & SHOPS- USSR,0165,0312,368 0165-0312
C186-L26,C186,C186-L25,390,HUNGARY,RAILROAD YARDS & SHOPS- SATELLITES,0251,0732,390 0251-0732
C186-L27,C186,C186-L25,248,MILITARY TROOP INSTALLATIONS,,0251,0880,248 0251-0880
C186-L28,C186,C186-L25,275,POPULATION,,0251,9887,275 0251-9887
C186-L31,C186,C186-L29,224,"LIQUID FUEL PLANTS, CRUDE",,0232,0247,224 0232-0247
C186-L32,C186,C186-L29,226,"LIQUID FUELS, STORAGE AT REFINERIES",,0232,0247,226 0232-0247
C186-L33,C186,C186-L29,275,POPULATION,,0232,9946,275 0232-9946
C186-L36,C186,C186-L34,354,EAST SIBERIAN & FAR EASTERN REGION,RAILROAD YARDS & SHOPS- USSR,0203,0085,354 0203-0085
C186-L37,C186,C186-L34,275,POPULATION,,0203,9992,275 0203-9992
C186-L39,C186,C186-L38,227,"LIQUID FUELS, STORAGE NON-REFINERY",,0233,,227 0233-
C186-L40,C186,C186-L38,275,POPULATION,,0233,9609,275 0233-9609
C186-L42,C186,C186-L41,437,SUBMARINE BASES,,0324,0047,437 0324-0047
C186-L43,C186,C186-L41,275,POPULATION,,0324,9995,275 0324-9995
C187-L05,C187,C187-L04,116,TRANS-CAUCASUS,ELECTRIC POWER - MAJOR GRIDS,0324,0076,116 0324-0076
C187-L06,C187,C187-L04,275,POPULATION,,0324,9989,275 0324-9989
C187-L08,C187,C187-L07,062,CAUSTIC SODA,,0251,0445,062 0251-0445
C187-L09,C187,C187-L07,425,SODA ASH,,0251,0445,425 0251-0445
C187-L10,C187,C187-L07,275,POPULATION,,0251,9815,275 0251-9815
C187-L15,C187,C187-L11,240,"MILITARY CONTROLS, AIR FORCE",,0250,,240 0250-
C187-L16,C187,C187-L11,241,"MILITARY HQS, ARMY",,0250,,241 0250-
C187-L17,C187,C187-L11,246,"MILITARY STORAGE AREAS, ARMY & NAVY",,0250,,246 0250-
C187-L18,C187,C187-L11,248,MILITARY TROOP INSTALLATIONS,,0250,,248 0250-
C187-L19,C187,C187-L11,280,"PORTS, MARITIME",,0250,0008,280 0250-0008
C187-L20,C187,C187-L11,010,AGRICULTURAL EQUIPMENT,,0250,0010,010 0250-0010
C187-L21,C187,C187-L11,106,DNEPR-DONETS,ELECTRIC POWER - MAJOR GRIDS,0250,0012,106 0250-0012
C187-L22,C187,C187-L11,420,SHIP REPAIR,,0250,0013,420 0250-0013
C187-L23,C187,C187-L11,437,SUBMARINE BASES,,0250,0013,437 0250-0013
C187-L24,C187,C187-L11,376,WEST SUB-REGION UKRAINE REGION,RAILROAD YARDS & SHOPS- USSR,0250,0032,376 0250-0032
C187-L25,C187,C187-L11,376,WEST SUB-REGION UKRAINE REGION,RAILROAD YARDS & SHOPS- USSR,0250,0033,376 0250-0033
C187-L26,C187,C187-L11,376,WEST SUB-REGION UKRAINE REGION,RAILROAD YARDS & SHOPS- USSR,0250,0034,376 0250-0034
C187-L27,C187,C187-L11,376,WEST SUB-REGION UKRAINE REGION,RAILROAD YARDS & SHOPS- USSR,0250,0036,376 0250-0036
C187-L28,C187,C187-L11,376,WEST SUB-REGION UKRAINE REGION,RAILROAD YARDS & SHOPS- USSR,0250,0037,376 0250-0037
C187-L29,C187,C187-L11,376,WEST SUB-REGION UKRAINE REGION,RAILROAD YARDS & SHOPS- USSR,0250,0038,376 0250-0038
C187-L30,C187,C187-L11,230,MACHINE TOOLS,,0250,0061,230 0250-0061
C187-L31,C187,C187-L11,224,"LIQUID FUEL PLANTS, CRUDE",,0250,0062,224 0250-0062
C187-L32,C187,C187-L11,226,"LIQUID FUELS, STORAGE AT REFINERIES",,0250,0062,226 0250-0062
C187-L33,C187,C187-L11,445,SULFURIC ACID,,0250,0063,445 0250-0063
C187-L34,C187,C187-L11,230,MACHINE TOOLS,,0250,0075,230 0250-0075
C187-L35,C187,C187-L11,227,"LIQUID FUELS, STORAGE NON-REFINERY",,0250,0095,227 0250-0095
C187-L36,C187,C187-L11,227,"LIQUID FUELS, STORAGE NON-REFINERY",,0250,0100,227 0250-0100
C187-L37,C187,C187-L11,280,"PORTS, MARITIME",,0250,0101,280 0250-0101
C187-L38,C187,C187-L11,227,"LIQUID FUELS, STORAGE NON-REFINERY",,0250,0141,227 0250-0141
C187-L39,C187,C187-L11,376,WEST SUB-REGION UKRAINE REGION,RAILROAD YARDS & SHOPS- USSR,0250,0160,376 0250-0160
C187-L40,C187,C187-L11,235,METAL FORMING EQUIPMENT,,0250,0167,235 0250-0167
C187-L41,C187,C187-L11,280,"PORTS, MARITIME",,0250,0168,280 0250-0168
C187-L42,C187,C187-L11,262,OIL EXTRACTION EQUIPMENT,,0250,0206,262 0250-0206
C187-L43,C187,C187-L11,262,OIL EXTRACTION EQUIPMENT,,0250,0207,262 0250-0207
C187-L44,C187,C187-L11,208,GOVERNMENT CONTROL CENTERS,,0250,0247,208 0250-0247
C187-L45,C187,C187-L11,106,DNEPR-DONETS,ELECTRIC POWER - MAJOR GRIDS,0250,0278,106 0250-0278
C187-L46,C187,C187-L11,246,"MILITARY STORAGE AREAS, ARMY & NAVY",,0250,0316,246 0250-0316
C187-L47,C187,C187-L11,246,"MILITARY STORAGE AREAS, ARMY & NAVY",,0250,0317,246 0250-0317
C187-L48,C187,C187-L11,246,"MILITARY STORAGE AREAS, ARMY & NAVY",,0250,0318,246 0250-0318
C187-L49,C187,C187-L11,243,MILITARY SCHOOLS,,0250,0348,243 0250-0348
C187-L50,C187,C187-L11,275,POPULATION,,0250,9997,275 0250-9997
C188-L02,C188,C187-L51,280,"PORTS, MARITIME",,0131,0027,280 0131-0027
C188-L03,C188,C187-L51,275,POPULATION,,0131,9996,275 0131-9996
C188-L05,C188,C188-L04,160,URALS REGION,ELECTRIC POWER - OUTSIDE GRIDS,0165,0311,160 0165-0311
C188-L06,C188,C188-L04,275,POPULATION,,0165,9855,275 0165-9855
C188-L08,C188,C188-L07,160,URALS REGION,ELECTRIC POWER - OUTSIDE GRIDS,0165,0293,160 0165-0293
C188-L09,C188,C188-L07,275,POPULATION,,0165,9857,275 0165-9857
C188-L11,C188,C188-L10,280,"PORTS, MARITIME",,0291,0003,280 0291-0003
C188-L12,C188,C188-L10,227,"LIQUID FUELS, STORAGE NON-REFINERY",,0291,0067,227 0291-0067
C188-L13,C188,C188-L10,437,SUBMARINE BASES,,0291,0071,437 0291-0071
C188-L14,C188,C188-L10,275,POPULATION,,0291,9995,275 0291-9995
C188-L16,C188,C188-L15,275,POPULATION,,0291,,275 0291-
C188-L17,C188,C188-L15,437,SUBMARINE BASES,,0291,0083,437 0291-0083
C188-L18,C188,C188-L15,280,"PORTS, MARITIME",,0291,0143,280 0291-0143
C188-L21,C188,C188-L19,430,STEEL,,0232,0215,430 0232-0215
C188-L22,C188,C188-L19,386,CZECHOSLOVAKIA,RAILROAD YARDS & SHOPS- SATELLITES,0232,0854,386 0232-0854
C188-L23,C188,C188-L19,064,CHEMICAL EQUIPMENT,,0232,1138,064 0232-1138
C188-L24,C188,C188-L19,230,MACHINE TOOLS,,0232,1201,230 0232-1201
C188-L25,C188,C188-L19,248,MILITARY TROOP INSTALLATIONS,,0232,1252,248 0232-1252
C188-L26,C188,C188-L19,248,MILITARY TROOP INSTALLATIONS,,0232,1253,248 0232-1253
C188-L27,C188,C188-L19,227,"LIQUID FUELS, STORAGE NON-REFINERY",,0232,1366,227 0232-1366
C188-L28,C188,C188-L19,275,POPULATION,,0232,9914,275 0232-9914
C188-L30,C188,C188-L29,275,POPULATION,,0232,,275 0232-
C188-L31,C188,C188-L29,230,MACHINE TOOLS,,0232,1202,230 0232-1202
C188-L32,C188,C188-L29,243,MILITARY SCHOOLS,,0232,1243,243 0232-1243
C188-L35,C188,C188-L33,445,SULFURIC ACID,,0232,0285,445 0232-0285
C188-L36,C188,C188-L33,188,CZECHOSLOVAKIA,ELECTRIC POWER - SATELLITES,0232,0320,188 0232-0320
C188-L37,C188,C188-L33,264,OPTICAL EQUIPMENT,,0232,0346,264 0232-0346
C188-L38,C188,C188-L33,386,CZECHOSLOVAKIA,RAILROAD YARDS & SHOPS- SATELLITES,0232,0550,386 0232-0550
C188-L39,C188,C188-L33,290,RAILROAD BRIDGES,,0232,1340,290 0232-1340
C188-L40,C188,C188-L33,275,POPULATION,,0232,9908,275 0232-9908
C188-L42,C188,C188-L41,010,AGRICULTURAL EQUIPMENT,,0232,0948,010 0232-0948
C188-L43,C188,C188-L41,248,MILITARY TROOP INSTALLATIONS,,0232,1272,248 0232-1272
C188-L44,C188,C188-L41,243,MILITARY SCHOOLS,,0232,1551,243 0232-1551
C188-L45,C188,C188-L41,275,POPULATION,,0232,9907,275 0232-9907
C188-L47,C188,C188-L46,275,POPULATION,,0232,,275 0232-
C188-L48,C188,C188-L46,095,EARTH MOVING EQUIPMENT,,0232,0949,095 0232-0949
C189-L02,C189,C188-L46,475,TRACTORS,,0232,0949,475 0232-0949
C189-L04,C189,C189-L03,392,POLAND,RAILROAD YARDS & SHOPS- SATELLITES,0169,0632,392 0169-0632
C189-L05,C189,C189-L03,275,POPULATION,,0169,9953,275 0169-9953
C189-L10,C189,C189-L06,175,WEST SIBERIAN ECONOMIC REGION,ELECTRIC POWER - OUTSIDE GRIDS,0163,0001,175 0163-0001
C189-L11,C189,C189-L06,250,MINING MACHINERY,,0163,0002,250 0163-0002
C189-L12,C189,C189-L06,324,WEST SIBERIAN REGION,RAILROAD EQUIPMENT REPAIR PLANTS-USSR,0163,0002,324 0163-0002
C189-L13,C189,C189-L06,430,STEEL,,0163,0002,430 0163-0002
C189-L14,C189,C189-L06,450,TANKS & S. P. GUNS,,0163,0002,450 0163-0002
C189-L15,C189,C189-L06,016,AIRFRAMES,,0163,0003,016 0163-0003
C189-L16,C189,C189-L06,245,"MILITARY STORAGE AREAS, AIR FORCE",,0163,0003,245 0163-0003
C189-L17,C189,C189-L06,015,AIRCRAFT ENGINES,,0163,0004,015 0163-0004
C189-L18,C189,C189-L06,405,RUBBER TIRES,,0163,0007,405 0163-0007
C189-L19,C189,C189-L06,175,WEST SIBERIAN ECONOMIC REGION,ELECTRIC POWER - OUTSIDE GRIDS,0163,0018,175 0163-0018
C189-L20,C189,C189-L06,372,WEST SIBERIAN REGION,RAILROAD YARDS & SHOPS- USSR,0163,0033,372 0163-0033
C189-L21,C189,C189-L06,290,RAILROAD BRIDGES,,0163,0034,290 0163-0034
C189-L22,C189,C189-L06,285,RADIO & TELEVISION,,0163,0038,285 0163-0038
C189-L23,C189,C189-L06,372,WEST SIBERIAN REGION,RAILROAD YARDS & SHOPS- USSR,0163,0041,372 0163-0041
C189-L24,C189,C189-L06,175,WEST SIBERIAN ECONOMIC REGION,ELECTRIC POWER - OUTSIDE GRIDS,0163,0043,175 0163-0043
C189-L25,C189,C189-L06,208,GOVERNMENT CONTROL CENTERS,,0163,0047,208 0163-0047
C189-L26,C189,C189-L06,281,"PORTS, INLAND",,0163,0050,281 0163-0050
C189-L27,C189,C189-L06,281,"PORTS, INLAND",,0163,0051,281 0163-0051
C189-L28,C189,C189-L06,281,"PORTS, INLAND",,0163,0052,281 0163-0052
C189-L29,C189,C189-L06,281,"PORTS, INLAND",,0163,0053,281 0163-0053
C189-L30,C189,C189-L06,281,"PORTS, INLAND",,0163,0054,281 0163-0054
C189-L31,C189,C189-L06,227,"LIQUID FUELS, STORAGE NON-REFINERY",,0163,0055,227 0163-0055
C189-L32,C189,C189-L06,246,"MILITARY STORAGE AREAS, ARMY & NAVY",,0163,0056,246 0163-0056
C189-L33,C189,C189-L06,227,"LIQUID FUELS, STORAGE NON-REFINERY",,0163,0061,227 0163-0061
C189-L34,C189,C189-L06,275,POPULATION,,0163,9999,275 0163-9999
C189-L36,C189,C189-L35,430,STEEL,,0155,0009,430 0155-0009
C189-L37,C189,C189-L35,120,CENTRAL INDUSTRIAL REGION,ELECTRIC POWER - OUTSIDE GRIDS,0155,0055,120 0155-0055
C189-L38,C189,C189-L35,275,POPULATION,,0155,9997,275 0155-9997
C189-L40,C189,C189-L39,280,"PORTS, MARITIME",,0102,0001,280 0102-0001
C189-L41,C189,C189-L39,275,POPULATION,,0102,9999,275 0102-9999
C189-L43,C189,C189-L42,064,CHEMICAL EQUIPMENT,,0232,1009,064 0232-1009
C189-L44,C189,C189-L42,386,CZECHOSLOVAKIA,RAILROAD YARDS & SHOPS- SATELLITES,0232,1077,386 0232-1077
C190-L02,C190,C189-L42,248,MILITARY TROOP INSTALLATIONS,,0232,1254,248 0232-1254
C190-L03,C190,C189-L42,275,POPULATION,,0232,9917,275 0232-9917
C190-L06,C190,C190-L04,336,POLAND,RAILROAD EQUIP REPAIR PLANTS-SATTELITES,0232,0558,336 0232-0558
C190-L07,C190,C190-L04,392,POLAND,RAILROAD YARDS & SHOPS- SATELLITES,0232,0559,392 0232-0559
C190-L08,C190,C190-L04,392,POLAND,RAILROAD YARDS & SHOPS- SATELLITES,0232,0560,392 0232-0560
C190-L09,C190,C190-L04,392,POLAND,RAILROAD YARDS & SHOPS- SATELLITES,0232,0561,392 0232-0561
C190-L10,C190,C190-L04,056,"BRIDGES, HWY",,0232,0707,056 0232-0707
C190-L11,C190,C190-L04,056,"BRIDGES, HWY",,0232,0708,056 0232-0708
C190-L12,C190,C190-L04,056,"BRIDGES, HWY",,0232,0709,056 0232-0709
C190-L13,C190,C190-L04,248,MILITARY TROOP INSTALLATIONS,,0232,1291,248 0232-1291
C190-L14,C190,C190-L04,275,POPULATION,,0232,9952,275 0232-9952
C190-L16,C190,C190-L15,196,POLAND,ELECTRIC POWER - SATELLITES,0232,0375,196 0232-0375
C190-L17,C190,C190-L15,275,POPULATION,,0232,9639,275 0232-9639
C190-L20,C190,C190-L18,470,TORPEDOES,,0232,,470 0232-
C190-L21,C190,C190-L18,056,"BRIDGES, HWY",,0232,0712,056 0232-0712
C190-L22,C190,C190-L18,248,MILITARY TROOP INSTALLATIONS,,0232,1297,248 0232-1297
C190-L23,C190,C190-L18,246,"MILITARY STORAGE AREAS, ARMY & NAVY",,0232,1450,246 0232-1450
C190-L24,C190,C190-L18,275,POPULATION,,0232,9628,275 0232-9628
C190-L26,C190,C190-L25,430,STEEL,,0232,0888,430 0232-0888
C190-L27,C190,C190-L25,228,LOCKS & DAMS,,0232,1525,228 0232-1525
C190-L28,C190,C190-L25,275,POPULATION,,0232,9742,275 0232-9742
C190-L31,C190,C190-L29,394,RUMANIA,RAILROAD YARDS & SHOPS- SATELLITES,0251,0105,394 0251-0105
C190-L32,C190,C190-L29,290,RAILROAD BRIDGES,,0251,0107,290 0251-0107
C190-L33,C190,C190-L29,230,MACHINE TOOLS,,0251,0623,230 0251-0623
C190-L34,C190,C190-L29,235,METAL FORMING EQUIPMENT,,0251,0623,235 0251-0623
C190-L35,C190,C190-L29,208,GOVERNMENT CONTROL CENTERS,,0251,0837,208 0251-0837
C190-L36,C190,C190-L29,248,MILITARY TROOP INSTALLATIONS,,0251,0850,248 0251-0850
C190-L37,C190,C190-L29,275,POPULATION,,0251,9920,275 0251-9920
C190-L39,C190,C190-L38,248,MILITARY TROOP INSTALLATIONS,,0251,0868,248 0251-0868
C190-L40,C190,C190-L38,275,POPULATION,,0251,9812,275 0251-9812
C190-L44,C190,C190-L41,227,"LIQUID FUELS, STORAGE NON-REFINERY",,0251,,227 0251-
C190-L45,C190,C190-L41,240,"MILITARY CONTROLS, AIR FORCE",,0251,,240 0251-
C190-L46,C190,C190-L41,248,MILITARY TROOP INSTALLATIONS,,0251,,248 0251-
C190-L47,C190,C190-L41,010,AGRICULTURAL EQUIPMENT,,0251,0011,010 0251-0011
C190-L48,C190,C190-L41,095,EARTH MOVING EQUIPMENT,,0251,0011,095 0251-0011
C191-L02,C191,C190-L41,475,TRACTORS,,0251,0011,475 0251-0011
C191-L03,C191,C190-L41,224,"LIQUID FUEL PLANTS, CRUDE",,0251,0051,224 0251-0051
C191-L04,C191,C190-L41,226,"LIQUID FUELS, STORAGE AT REFINERIES",,0251,0051,226 0251-0051
C191-L05,C191,C190-L41,394,RUMANIA,RAILROAD YARDS & SHOPS- SATELLITES,0251,0064,394 0251-0064
C191-L06,C191,C190-L41,030,ANTI-FRICTION BEARINGS,,0251,0097,030 0251-0097
C191-L07,C191,C190-L41,212,"GUNS, MAJOR CALIBER",,0251,0097,212 0251-0097
C191-L08,C191,C190-L41,262,OIL EXTRACTION EQUIPMENT,,0251,0097,262 0251-0097
C191-L09,C191,C190-L41,292,RAILROAD FREIGHT CARS,,0251,0097,292 0251-0097
C191-L10,C191,C190-L41,298,RAILROAD TANK CARS,,0251,0097,298 0251-0097
C191-L11,C191,C190-L41,262,OIL EXTRACTION EQUIPMENT,,0251,0225,262 0251-0225
C191-L12,C191,C190-L41,445,SULFURIC ACID,,0251,0443,445 0251-0443
C191-L13,C191,C190-L41,023,AMMUNITION,,0251,0449,023 0251-0449
C191-L14,C191,C190-L41,405,RUBBER TIRES,,0251,0521,405 0251-0521
C191-L15,C191,C190-L41,227,"LIQUID FUELS, STORAGE NON-REFINERY",,0251,0548,227 0251-0548
C191-L16,C191,C190-L41,208,GOVERNMENT CONTROL CENTERS,,0251,0844,208 0251-0844
C191-L17,C191,C190-L41,016,AIRFRAMES,,0251,0845,016 0251-0845
C191-L18,C191,C190-L41,230,MACHINE TOOLS,,0251,0866,230 0251-0866
C191-L19,C191,C190-L41,245,"MILITARY STORAGE AREAS, AIR FORCE",,0251,0958,245 0251-0958
C191-L20,C191,C190-L41,275,POPULATION,,0251,9993,275 0251-9993
C191-L23,C191,C191-L21,227,"LIQUID FUELS, STORAGE NON-REFINERY",,0251,0555,227 0251-0555
C191-L24,C191,C191-L21,275,POPULATION,,0251,9597,275 0251-9597
C191-L26,C191,C191-L25,275,POPULATION,,0251,,275 0251-
C191-L27,C191,C191-L25,023,AMMUNITION,,0251,0644,023 0251-0644
C191-L28,C191,C191-L25,262,OIL EXTRACTION EQUIPMENT,,0251,0949,262 0251-0949
C191-L31,C191,C191-L29,112,MOSCOW-GORKIY,ELECTRIC POWER - MAJOR GRIDS,0167,0465,112 0167-0465
C191-L32,C191,C191-L29,356,MOSCOW SUB-REGION CENTRAL IND REGION,RAILROAD YARDS & SHOPS- USSR,0167,0852,356 0167-0852
C191-L33,C191,C191-L29,275,POPULATION,,0167,9971,275 0167-9971
C191-L36,C191,C191-L34,112,MOSCOW-GORKIY,ELECTRIC POWER - MAJOR GRIDS,0167,0013,112 0167-0013
C191-L37,C191,C191-L34,275,POPULATION,,0167,9597,275 0167-9597
C191-L40,C191,C191-L38,227,"LIQUID FUELS, STORAGE NON-REFINERY",,0167,,227 0167-
C191-L41,C191,C191-L38,362,SOUTHERN SUB-REGION CENTRAL IND REG,RAILROAD YARDS & SHOPS- USSR,0167,0171,362 0167-0171
C191-L42,C191,C191-L38,120,CENTRAL INDUSTRIAL REGION,ELECTRIC POWER - OUTSIDE GRIDS,0167,0850,120 0167-0850
C191-L43,C191,C191-L38,208,GOVERNMENT CONTROL CENTERS,,0167,0977,208 0167-0977
C191-L44,C191,C191-L38,275,POPULATION,,0167,9994,275 0167-9994
C191-L47,C191,C191-L45,227,"LIQUID FUELS, STORAGE NON-REFINERY",,0167,,227 0167-
C191-L48,C191,C191-L45,275,POPULATION,,0167,,275 0167-
C192-L03,C192,C191-L49,248,MILITARY TROOP INSTALLATIONS,,0232,1255,248 0232-1255
C192-L04,C192,C191-L49,275,POPULATION,,0232,9560,275 0232-9560
C192-L07,C192,C192-L05,370,WESTERN REGION,RAILROAD YARDS & SHOPS- USSR,0167,0803,370 0167-0803
C192-L08,C192,C192-L05,370,WESTERN REGION,RAILROAD YARDS & SHOPS- USSR,0167,0804,370 0167-0804
C192-L09,C192,C192-L05,370,WESTERN REGION,RAILROAD YARDS & SHOPS- USSR,0167,0805,370 0167-0805
C192-L10,C192,C192-L05,281,"PORTS, INLAND",,0167,0823,281 0167-0823
C192-L11,C192,C192-L05,230,MACHINE TOOLS,,0167,0916,230 0167-0916
C192-L12,C192,C192-L05,246,"MILITARY STORAGE AREAS, ARMY & NAVY",,0167,0996,246 0167-0996
C192-L13,C192,C192-L05,275,POPULATION,,0167,9950,275 0167-9950
C192-L16,C192,C192-L14,275,POPULATION,,0167,,275 0167-
C192-L17,C192,C192-L14,170,WEST ECONOMIC REGION,ELECTRIC POWER - OUTSIDE GRIDS,0167,0691,170 0167-0691
C192-L23,C192,C192-L18,227,"LIQUID FUELS, STORAGE NON-REFINERY",,0236,,227 0236-
C192-L24,C192,C192-L18,224,"LIQUID FUEL PLANTS, CRUDE",,0236,0001,224 0236-0001
C192-L25,C192,C192-L18,226,"LIQUID FUELS, STORAGE AT REFINERIES",,0236,0001,226 0236-0001
C192-L26,C192,C192-L18,160,URALS REGION,ELECTRIC POWER - OUTSIDE GRIDS,0236,0003,160 0236-0003
C192-L27,C192,C192-L18,072,COBALT,,0236,0008,072 0236-0008
C192-L28,C192,C192-L18,258,"NICKEL, REFINED",,0236,0008,258 0236-0008
C192-L29,C192,C192-L18,260,"NICKEL, SMELTED",,0236,0008,260 0236-0008
C192-L30,C192,C192-L18,224,"LIQUID FUEL PLANTS, CRUDE",,0236,0015,224 0236-0015
C192-L31,C192,C192-L18,226,"LIQUID FUELS, STORAGE AT REFINERIES",,0236,0015,226 0236-0015
C192-L32,C192,C192-L18,075,COKE CHEMICALS,,0236,0017,075 0236-0017
C192-L33,C192,C192-L18,160,URALS REGION,ELECTRIC POWER - OUTSIDE GRIDS,0236,0051,160 0236-0051
C192-L34,C192,C192-L18,010,AGRICULTURAL EQUIPMENT,,0236,0056,010 0236-0056
C192-L35,C192,C192-L18,160,URALS REGION,ELECTRIC POWER - OUTSIDE GRIDS,0236,0050,160 0236-0050
C192-L36,C192,C192-L18,366,URALS REGION,RAILROAD YARDS & SHOPS- USSR,0236,0061,366 0236-0061
C192-L37,C192,C192-L18,366,URALS REGION,RAILROAD YARDS & SHOPS- USSR,0236,0062,366 0236-0062
C192-L38,C192,C192-L18,235,METAL FORMING EQUIPMENT,,0236,0064,235 0236-0064
C192-L39,C192,C192-L18,430,STEEL,,0236,0064,430 0236-0064
C192-L40,C192,C192-L18,227,"LIQUID FUELS, STORAGE NON-REFINERY",,0236,0069,227 0236-0069
C192-L41,C192,C192-L18,275,POPULATION,,0236,9998,275 0236-9998
C192-L44,C192,C192-L42,227,"LIQUID FUELS, STORAGE NON-REFINERY",,0251,0554,227 0251-0554
C192-L45,C192,C192-L42,275,POPULATION,,0251,9918,275 0251-9918
C192-L48,C192,C192-L46,394,RUMANIA,RAILROAD YARDS & SHOPS- SATELLITES,0251,0089,394 0251-0089
C192-L49,C192,C192-L46,280,"PORTS, MARITIME",,0251,0557,280 0251-0557
C193-L02,C193,C192-L46,290,RAILROAD BRIDGES,,0251,0581,290 0251-0581
C193-L03,C193,C192-L46,275,POPULATION,,0251,9830,275 0251-9830
C193-L05,C193,C193-L04,248,MILITARY TROOP INSTALLATIONS,,0168,0337,248 0168-0337
C193-L06,C193,C193-L04,275,POPULATION,,0168,9807,275 0168-9807
C193-L08,C193,C193-L07,248,MILITARY TROOP INSTALLATIONS,,0168,0289,248 0168-0289
C193-L09,C193,C193-L07,275,POPULATION,,0168,9882,275 0168-9882
C193-L11,C193,C193-L10,275,POPULATION,,0127,,275 0127-
C193-L12,C193,C193-L10,281,"PORTS, INLAND",,0127,0008,281 0127-0008
C193-L14,C193,C193-L13,196,POLAND,ELECTRIC POWER - SATELLITES,0169,0971,196 0169-0971
C193-L15,C193,C193-L13,275,POPULATION,,0169,9731,275 0169-9731
C193-L18,C193,C193-L16,227,"LIQUID FUELS, STORAGE NON-REFINERY",,0249,,227 0249-
C193-L19,C193,C193-L16,280,"PORTS, MARITIME",,0249,0032,280 0249-0032
C193-L20,C193,C193-L16,010,AGRICULTURAL EQUIPMENT,,0249,0037,010 0249-0037
C193-L21,C193,C193-L16,227,"LIQUID FUELS, STORAGE NON-REFINERY",,0249,0077,227 0249-0077
C193-L22,C193,C193-L16,275,POPULATION,,0249,9974,275 0249-9974
C193-L25,C193,C193-L23,227,"LIQUID FUELS, STORAGE NON-REFINERY",,0168,,227 0168-
C193-L26,C193,C193-L23,370,WESTERN REGION,RAILROAD YARDS & SHOPS- USSR,0168,0244,370 0168-0244
C193-L27,C193,C193-L23,275,POPULATION,,0168,9856,275 0168-9856
C193-L31,C193,C193-L28,210,GUIDED MISSILES,,0154,0321,210 0154-0321
C193-L32,C193,C193-L28,374,WEST SUB-REGION CENTRAL IND REGION,RAILROAD YARDS & SHOPS- USSR,0154,0456,374 0154-0456
C193-L33,C193,C193-L28,275,POPULATION,,0154,9904,275 0154-9904
C193-L35,C193,C193-L34,336,POLAND,RAILROAD EQUIP REPAIR PLANTS-SATTELITES,0169,1065,336 0169-1065
C193-L36,C193,C193-L34,392,POLAND,RAILROAD YARDS & SHOPS- SATELLITES,0169,1074,392 0169-1074
C193-L37,C193,C193-L34,275,POPULATION,,0169,9952,275 0169-9952
C193-L39,C193,C193-L38,392,POLAND,RAILROAD YARDS & SHOPS- SATELLITES,0169,0645,392 0169-0645
C193-L40,C193,C193-L38,275,POPULATION,,0169,9969,275 0169-9969
C194-L04,C194,C194-L03,290,RAILROAD BRIDGES,,0168,0086,290 0168-0086
C194-L05,C194,C194-L03,196,POLAND,ELECTRIC POWER - SATELLITES,0168,0324,196 0168-0324
C194-L06,C194,C194-L03,275,POPULATION,,0168,9875,275 0168-9875
C194-L08,C194,C194-L07,227,"LIQUID FUELS, STORAGE NON-REFINERY",,0153,,227 0153-
C194-L09,C194,C194-L07,275,POPULATION,,0153,9987,275 0153-9987
C194-L11,C194,C194-L10,270,PIG IRON,,0232,0099,270 0232-0099
C194-L12,C194,C194-L10,430,STEEL,,0232,0099,430 0232-0099
C194-L13,C194,C194-L10,275,POPULATION,,0232,9892,275 0232-9892
C194-L15,C194,C194-L14,023,AMMUNITION,,0232,0348,023 0232-0348
C194-L16,C194,C194-L14,392,POLAND,RAILROAD YARDS & SHOPS- SATELLITES,0232,0918,392 0232-0918
C194-L17,C194,C194-L14,275,POPULATION,,0232,9888,275 0232-9888
C194-L19,C194,C194-L18,252,MOTOR VEHICLES,,0232,0745,252 0232-0745
C194-L20,C194,C194-L18,270,PIG IRON,,0232,0745,270 0232-0745
C194-L21,C194,C194-L18,196,POLAND,ELECTRIC POWER - SATELLITES,0232,1039,196 0232-1039
C194-L22,C194,C194-L18,090,CUTTING TOOLS,,0232,1171,090 0232-1171
C194-L23,C194,C194-L18,275,POPULATION,,0232,9884,275 0232-9884
C194-L26,C194,C194-L24,060,CALCIUM CARBIDE,,0232,0008,060 0232-0008
C194-L27,C194,C194-L24,225,"LIQUID FUEL PLANTS, SYNTHETIC",,0232,0008,225 0232-0008
C194-L28,C194,C194-L24,226,"LIQUID FUELS, STORAGE AT REFINERIES",,0232,0008,226 0232-0008
C194-L29,C194,C194-L24,056,"BRIDGES, HWY",,0232,0046,056 0232-0046
C194-L30,C194,C194-L24,056,"BRIDGES, HWY",,0232,0492,056 0232-0492
C194-L31,C194,C194-L24,290,RAILROAD BRIDGES,,0232,0496,290 0232-0496
C194-L32,C194,C194-L24,290,RAILROAD BRIDGES,,0232,0497,290 0232-0497
C194-L33,C194,C194-L24,290,RAILROAD BRIDGES,,0232,0498,290 0232-0498
C194-L34,C194,C194-L24,196,POLAND,ELECTRIC POWER - SATELLITES,0232,0608,196 0232-0608
C194-L35,C194,C194-L24,392,POLAND,RAILROAD YARDS & SHOPS- SATELLITES,0232,0754,392 0232-0754
C194-L36,C194,C194-L24,248,MILITARY TROOP INSTALLATIONS,,0232,1146,248 0232-1146
C194-L37,C194,C194-L24,275,POPULATION,,0232,9960,275 0232-9960
C194-L39,C194,C194-L38,050,"BATTERIES, LEAD ACID",,0232,0889,050 0232-0889
C194-L40,C194,C194-L38,275,POPULATION,,0232,9662,275 0232-9662
C194-L42,C194,C194-L41,230,MACHINE TOOLS,,0232,0545,230 0232-0545
C194-L43,C194,C194-L41,230,MACHINE TOOLS,,0232,0555,230 0232-0555
C194-L44,C194,C194-L41,248,MILITARY TROOP INSTALLATIONS,,0232,1284,248 0232-1284
C194-L45,C194,C194-L41,275,POPULATION,,0232,9644,275 0232-9644
C194-L47,C194,C194-L46,196,POLAND,ELECTRIC POWER - SATELLITES,0232,0126,196 0232-0126
C194-L48,C194,C194-L46,275,POPULATION,,0232,9657,275 0232-9657
C195-L04,C195,C194-L49,224,"LIQUID FUEL PLANTS, CRUDE",,0232,0011,224 0232-0011
C195-L05,C195,C194-L49,294,RAILROAD LOCOMOTIVES,,0232,0741,294 0232-0741
C195-L06,C195,C194-L49,275,POPULATION,,0232,9655,275 0232-9655
C195-L09,C195,C195-L07,224,"LIQUID FUEL PLANTS, CRUDE",,0232,0069,224 0232-0069
C195-L10,C195,C195-L07,196,POLAND,ELECTRIC POWER - SATELLITES,0232,0379,196 0232-0379
C195-L11,C195,C195-L07,226,"LIQUID FUELS, STORAGE AT REFINERIES",,0232,1901,226 0232-1901
C195-L12,C195,C195-L07,275,POPULATION,,0232,9652,275 0232-9652
C195-L15,C195,C195-L13,056,"BRIDGES, HWY",,0232,0672,056 0232-0672
C195-L16,C195,C195-L13,290,RAILROAD BRIDGES,,0232,0672,290 0232-0672
C195-L17,C195,C195-L13,392,POLAND,RAILROAD YARDS & SHOPS- SATELLITES,0232,1107,392 0232-1107
C195-L18,C195,C195-L13,200,ELECTRIC WIRE & CABLE,,0232,1520,200 0232-1520
C195-L19,C195,C195-L13,275,POPULATION,,0232,9869,275 0232-9869
C195-L22,C195,C195-L20,275,POPULATION,,0232,,275 0232-
C195-L23,C195,C195-L20,021,ALUMINUM,,0232,1150,021 0232-1150
C195-L25,C195,C195-L24,196,POLAND,ELECTRIC POWER - SATELLITES,0232,0408,196 0232-0408
C195-L26,C195,C195-L24,275,POPULATION,,0232,9607,275 0232-9607
C195-L29,C195,C195-L27,060,CALCIUM CARBIDE,,0232,0193,060 0232-0193
C195-L30,C195,C195-L27,400,"RUBBER, SYNTHETIC",,0232,0193,400 0232-0193
C195-L31,C195,C195-L27,016,AIRFRAMES,,0232,0238,016 0232-0238
C195-L32,C195,C195-L27,245,"MILITARY STORAGE AREAS, AIR FORCE",,0232,0238,245 0232-0238
C195-L33,C195,C195-L27,188,CZECHOSLOVAKIA,ELECTRIC POWER - SATELLITES,0232,0476,188 0232-0476
C195-L34,C195,C195-L27,275,POPULATION,,0232,9913,275 0232-9913
C195-L36,C195,C195-L35,023,AMMUNITION,,0232,0356,023 0232-0356
C195-L37,C195,C195-L35,275,POPULATION,,0232,9713,275 0232-9713
C195-L39,C195,C195-L38,230,MACHINE TOOLS,,0232,0335,230 0232-0335
C195-L40,C195,C195-L38,405,RUBBER TIRES,,0232,0335,405 0232-0335
C195-L41,C195,C195-L38,188,CZECHOSLOVAKIA,ELECTRIC POWER - SATELLITES,0232,0479,188 0232-0479
C195-L42,C195,C195-L38,275,POPULATION,,0232,9933,275 0232-9933
C195-L44,C195,C195-L43,248,MILITARY TROOP INSTALLATIONS,,0232,1247,248 0232-1247
C195-L45,C195,C195-L43,275,POPULATION,,0232,9697,275 0232-9697
C195-L48,C195,C195-L46,016,AIRFRAMES,,0232,1016,016 0232-1016
C195-L49,C195,C195-L46,275,POPULATION,,0232,9921,275 0232-9921
C195-L51,C195,C195-L50,248,MILITARY TROOP INSTALLATIONS,,0232,1261,248 0232-1261
C195-L52,C195,C195-L50,275,POPULATION,,0232,9899,275 0232-9899
C196-L02,C196,C195-L53,214,"GUNS, SMALL ARMS",,0232,0362,214 0232-0362
C196-L03,C196,C195-L53,275,POPULATION,,0232,9726,275 0232-9726
C196-L06,C196,C196-L04,376,WEST SUB-REGION UKRAINE REGION,RAILROAD YARDS & SHOPS- USSR,0233,0271,376 0233-0271
C196-L07,C196,C196-L04,275,POPULATION,,0233,9787,275 0233-9787
C196-L09,C196,C196-L08,204,FERRO-ALLOYS,,0232,0240,204 0232-0240
C196-L10,C196,C196-L08,270,PIG IRON,,0232,0240,270 0232-0240
C196-L11,C196,C196-L08,430,STEEL,,0232,0240,430 0232-0240
C196-L12,C196,C196-L08,192,HUNGARY,ELECTRIC POWER - SATELLITES,0232,0526,192 0232-0526
C196-L13,C196,C196-L08,275,POPULATION,,0232,9945,275 0232-9945
C196-L15,C196,C196-L14,116,TRANS-CAUCASUS,ELECTRIC POWER - MAJOR GRIDS,0325,0202,116 0325-0202
C196-L16,C196,C196-L14,275,POPULATION,,0325,9899,275 0325-9899
C196-L18,C196,C196-L17,227,"LIQUID FUELS, STORAGE NON-REFINERY",,0153,0498,227 0153-0498
C196-L19,C196,C196-L17,280,"PORTS, MARITIME",,0153,0526,280 0153-0526
C196-L20,C196,C196-L17,437,SUBMARINE BASES,,0153,0602,437 0153-0602
C196-L21,C196,C196-L17,275,POPULATION,,0153,9830,275 0153-9830
C196-L23,C196,C196-L22,370,WESTERN REGION,RAILROAD YARDS & SHOPS- USSR,0168,0307,370 0168-0307
C196-L24,C196,C196-L22,275,POPULATION,,0168,9861,275 0168-9861
C196-L26,C196,C196-L25,390,HUNGARY,RAILROAD YARDS & SHOPS- SATELLITES,0252,0881,390 0252-0881
C196-L27,C196,C196-L25,275,POPULATION,,0252,9731,275 0252-9731
C196-L29,C196,C196-L28,020,ALUMINA,,0252,0146,020 0252-0146
C196-L30,C196,C196-L28,021,ALUMINUM,,0252,0146,021 0252-0146
C196-L31,C196,C196-L28,192,HUNGARY,ELECTRIC POWER - SATELLITES,0252,0455,192 0252-0455
C196-L32,C196,C196-L28,390,HUNGARY,RAILROAD YARDS & SHOPS- SATELLITES,0252,0891,390 0252-0891
C196-L33,C196,C196-L28,275,POPULATION,,0252,9987,275 0252-9987
C196-L35,C196,C196-L34,275,POPULATION,,0252,,275 0252-
C196-L36,C196,C196-L34,390,HUNGARY,RAILROAD YARDS & SHOPS- SATELLITES,0252,0888,390 0252-0888
C196-L38,C196,C196-L37,275,POPULATION,,0252,,275 0252-
C196-L39,C196,C196-L37,246,"MILITARY STORAGE AREAS, ARMY & NAVY",,0252,0976,246 0252-0976
C197-L05,C197,C196-L40,465,TIN,,0497,0016,465 0497-0016
C197-L06,C197,C196-L40,275,POPULATION,,0497,9999,275 0497-9999
C197-L09,C197,C197-L07,140,NORTHWEST ECONOMIC REGION,ELECTRIC POWER - OUTSIDE GRIDS,0154,0101,140 0154-0101
C197-L10,C197,C197-L07,374,WEST SUB-REGION CENTRAL IND REGION,RAILROAD YARDS & SHOPS- USSR,0154,0462,374 0154-0462
C197-L11,C197,C197-L07,275,POPULATION,,0154,9692,275 0154-9692
C197-L13,C197,C197-L12,246,"MILITARY STORAGE AREAS, ARMY & NAVY",,0154,0441,246 0154-0441
C197-L14,C197,C197-L12,275,POPULATION,,0154,9950,275 0154-9950
C197-L16,C197,C197-L15,248,MILITARY TROOP INSTALLATIONS,,0170,1100,248 0170-1100
C197-L17,C197,C197-L15,275,POPULATION,,0170,9845,275 0170-9845
C197-L19,C197,C197-L18,388,EAST GERMANY,RAILROAD YARDS & SHOPS- SATELLITES,0170,0736,388 0170-0736
C197-L20,C197,C197-L18,248,MILITARY TROOP INSTALLATIONS,,0170,1092,248 0170-1092
C197-L21,C197,C197-L18,275,POPULATION,,0170,9829,275 0170-9829
C197-L25,C197,C197-L22,224,"LIQUID FUEL PLANTS, CRUDE",,0231,0233,224 0231-0233
C197-L26,C197,C197-L22,226,"LIQUID FUELS, STORAGE AT REFINERIES",,0231,0233,226 0231-0233
C197-L27,C197,C197-L22,285,RADIO & TELEVISION,,0231,0395,285 0231-0395
C197-L28,C197,C197-L22,188,CZECHOSLOVAKIA,ELECTRIC POWER - SATELLITES,0231,0455,188 0231-0455
C197-L29,C197,C197-L22,386,CZECHOSLOVAKIA,RAILROAD YARDS & SHOPS- SATELLITES,0231,1607,386 0231-1607
C197-L30,C197,C197-L22,230,MACHINE TOOLS,,0231,2782,230 0231-2782
C197-L31,C197,C197-L22,208,GOVERNMENT CONTROL CENTERS,,0231,3164,208 0231-3164
C197-L32,C197,C197-L22,248,MILITARY TROOP INSTALLATIONS,,0231,3468,248 0231-3468
C197-L33,C197,C197-L22,248,MILITARY TROOP INSTALLATIONS,,0231,3469,248 0231-3469
C197-L34,C197,C197-L22,248,MILITARY TROOP INSTALLATIONS,,0231,3470,248 0231-3470
C197-L35,C197,C197-L22,246,"MILITARY STORAGE AREAS, ARMY & NAVY",,0231,3496,246 0231-3496
C197-L36,C197,C197-L22,246,"MILITARY STORAGE AREAS, ARMY & NAVY",,0231,3497,246 0231-3497
C197-L37,C197,C197-L22,188,CZECHOSLOVAKIA,ELECTRIC POWER - SATELLITES,0231,3630,188 0231-3630
C197-L38,C197,C197-L22,275,POPULATION,,0231,9917,275 0231-9917
C197-L41,C197,C197-L39,248,MILITARY TROOP INSTALLATIONS,,0231,3434,248 0231-3434
C197-L42,C197,C197-L39,275,POPULATION,,0231,9937,275 0231-9937
C197-L45,C197,C197-L43,055,"BOILERS, HIGH PRESSURE",,0231,0534,055 0231-0534
C197-L46,C197,C197-L43,064,CHEMICAL EQUIPMENT,,0231,0534,064 0231-0534
C197-L47,C197,C197-L43,095,EARTH MOVING EQUIPMENT,,0231,0534,095 0231-0534
C197-L48,C197,C197-L43,386,CZECHOSLOVAKIA,RAILROAD YARDS & SHOPS- SATELLITES,0231,1268,386 0231-1268
C197-L49,C197,C197-L43,285,RADIO & TELEVISION,,0231,2804,285 0231-2804
C197-L50,C197,C197-L43,248,MILITARY TROOP INSTALLATIONS,,0231,3436,248 0231-3436
C198-L02,C198,C197-L43,248,MILITARY TROOP INSTALLATIONS,,0231,3774,248 0231-3774
C198-L03,C198,C197-L43,275,POPULATION,,0231,9932,275 0231-9932
C198-L06,C198,C198-L04,275,POPULATION,,0231,,275 0231-
C198-L07,C198,C198-L04,188,CZECHOSLOVAKIA,ELECTRIC POWER - SATELLITES,0231,3215,188 0231-3215
C198-L09,C198,C198-L08,285,RADIO & TELEVISION,,0231,0402,285 0231-0402
C198-L10,C198,C198-L08,227,"LIQUID FUELS, STORAGE NON-REFINERY",,0231,1508,227 0231-1508
C198-L11,C198,C198-L08,275,POPULATION,,0231,9913,275 0231-9913
C198-L14,C198,C198-L12,022,"AMMONIA, SYNTHETIC",,0231,0406,022 0231-0406
C198-L15,C198,C198-L12,215,HIGH EXPLOSIVES,,0231,0406,215 0231-0406
C198-L16,C198,C198-L12,282,PROPELLANTS,,0231,0406,282 0231-0406
C198-L17,C198,C198-L12,445,SULFURIC ACID,,0231,0406,445 0231-0406
C198-L18,C198,C198-L12,275,POPULATION,,0231,9146,275 0231-9146
C198-L21,C198,C198-L19,445,SULFURIC ACID,,0231,1683,445 0231-1683
C198-L22,C198,C198-L19,275,POPULATION,,0231,9402,275 0231-9402
C198-L24,C198,C198-L23,270,PIG IRON,,0156,0147,270 0156-0147
C198-L25,C198,C198-L23,275,POPULATION,,0156,9968,275 0156-9968
C198-L28,C198,C198-L26,352,DONBAS SUB-REGION UKRAINE REGION,RAILROAD YARDS & SHOPS- USSR,0234,0129,352 0234-0129
C198-L29,C198,C198-L26,215,HIGH EXPLOSIVES,,0234,0130,215 0234-0130
C198-L30,C198,C198-L26,275,POPULATION,,0234,9965,275 0234-9965
C198-L33,C198,C198-L31,352,DONBAS SUB-REGION UKRAINE REGION,RAILROAD YARDS & SHOPS- USSR,0234,0121,352 0234-0121
C198-L34,C198,C198-L31,275,POPULATION,,0234,9963,275 0234-9963
C198-L36,C198,C198-L35,262,OIL EXTRACTION EQUIPMENT,,0155,0105,262 0155-0105
C198-L37,C198,C198-L35,275,POPULATION,,0155,9928,275 0155-9928
C198-L39,C198,C198-L38,254,NAVAL OPERATING BASES,,0051,0028,254 0051-0028
C198-L40,C198,C198-L38,227,"LIQUID FUELS, STORAGE NON-REFINERY",,0051,0031,227 0051-0031
C198-L41,C198,C198-L38,227,"LIQUID FUELS, STORAGE NON-REFINERY",,0051,0077,227 0051-0077
C198-L42,C198,C198-L38,280,"PORTS, MARITIME",,0051,0092,280 0051-0092
C198-L43,C198,C198-L38,275,POPULATION,,0051,9995,275 0051-9995
C199-L02,C199,C198-L44,140,NORTHWEST ECONOMIC REGION,ELECTRIC POWER - OUTSIDE GRIDS,0093,0009,140 0093-0009
C199-L03,C199,C198-L44,290,RAILROAD BRIDGES,,0093,0011,290 0093-0011
C199-L04,C199,C198-L44,358,NORTHERN REGION,RAILROAD YARDS & SHOPS- USSR,0093,0012,358 0093-0012
C199-L05,C199,C198-L44,275,POPULATION,,0093,9979,275 0093-9979
C199-L07,C199,C199-L06,241,"MILITARY HQS, ARMY",,0252,,241 0252-
C199-L08,C199,C199-L06,335,HUNGARY,RAILROAD EQUIP REPAIR PLANTS-SATTELITES,0252,0147,335 0252-0147
C199-L09,C199,C199-L06,192,HUNGARY,ELECTRIC POWER - SATELLITES,0252,0450,192 0252-0450
C199-L10,C199,C199-L06,390,HUNGARY,RAILROAD YARDS & SHOPS- SATELLITES,0252,0880,390 0252-0880
C199-L11,C199,C199-L06,208,GOVERNMENT CONTROL CENTERS,,0252,0970,208 0252-0970
C199-L12,C199,C199-L06,248,MILITARY TROOP INSTALLATIONS,,0252,0997,248 0252-0997
C199-L13,C199,C199-L06,248,MILITARY TROOP INSTALLATIONS,,0252,0998,248 0252-0998
C199-L14,C199,C199-L06,248,MILITARY TROOP INSTALLATIONS,,0252,1427,248 0252-1427
C199-L15,C199,C199-L06,275,POPULATION,,0252,9961,275 0252-9961
C199-L17,C199,C199-L16,192,HUNGARY,ELECTRIC POWER - SATELLITES,0252,0452,192 0252-0452
C199-L18,C199,C199-L16,275,POPULATION,,0252,9679,275 0252-9679
C199-L20,C199,C199-L19,190,EAST GERMANY,ELECTRIC POWER - SATELLITES,0169,0234,190 0169-0234
C199-L21,C199,C199-L19,254,NAVAL OPERATING BASES,,0169,1054,254 0169-1054
C199-L22,C199,C199-L19,275,POPULATION,,0169,9927,275 0169-9927
C199-L24,C199,C199-L23,415,SHIPBUILDING,,0169,0205,415 0169-0205
C199-L25,C199,C199-L23,420,SHIP REPAIR,,0169,0205,420 0169-0205
C199-L26,C199,C199-L23,280,"PORTS, MARITIME",,0169,0912,280 0169-0912
C199-L27,C199,C199-L23,275,POPULATION,,0169,9808,275 0169-9808
C199-L29,C199,C199-L28,023,AMMUNITION,,0203,0056,023 0203-0056
C199-L30,C199,C199-L28,384,CHINA,RAILROAD YARDS & SHOPS- SATELLITES,0203,0057,384 0203-0057
C199-L31,C199,C199-L28,275,POPULATION,,0203,9969,275 0203-9969
C199-L33,C199,C199-L32,280,"PORTS, MARITIME",,0618,0108,280 0618-0108
C199-L34,C199,C199-L32,275,POPULATION,,0618,9996,275 0618-9996
C199-L36,C199,C199-L35,185,CHINA-MAJOR GRIDS,ELECTRIC POWER - SATELLITES,0289,0050,185 0289-0050
C199-L37,C199,C199-L35,275,POPULATION,,0289,9983,275 0289-9983
C199-L41,C199,C199-L38,240,"MILITARY CONTROLS, AIR FORCE",,0381,,240 0381-
C199-L42,C199,C199-L38,241,"MILITARY HQS, ARMY",,0381,,241 0381-
C200-L02,C200,C199-L38,242,"MILITARY HQS, NAVY",,0381,,242 0381-
C200-L03,C200,C199-L38,243,MILITARY SCHOOLS,,0381,,243 0381-
C200-L04,C200,C199-L38,246,"MILITARY STORAGE AREAS, ARMY & NAVY",,0381,,246 0381-
C200-L05,C200,C199-L38,246,"MILITARY STORAGE AREAS, ARMY & NAVY",,0381,,246 0381-
C200-L06,C200,C199-L38,248,MILITARY TROOP INSTALLATIONS,,0381,,248 0381-
C200-L07,C200,C199-L38,384,CHINA,RAILROAD YARDS & SHOPS- SATELLITES,0381,,384 0381-
C200-L08,C200,C199-L38,075,COKE CHEMICALS,,0381,0102,075 0381-0102
C200-L09,C200,C199-L38,270,PIG IRON,,0381,0102,270 0381-0102
C200-L10,C200,C199-L38,186,CHINA-OUTSIDE GRIDS,ELECTRIC POWER - SATELLITES,0381,0172,186 0381-0172
C200-L11,C200,C199-L38,248,MILITARY TROOP INSTALLATIONS,,0381,0299,248 0381-0299
C200-L12,C200,C199-L38,230,MACHINE TOOLS,,0381,0325,230 0381-0325
C200-L13,C200,C199-L38,208,GOVERNMENT CONTROL CENTERS,,0381,0337,208 0381-0337
C200-L14,C200,C199-L38,245,"MILITARY STORAGE AREAS, AIR FORCE",,0381,0356,245 0381-0356
C200-L15,C200,C199-L38,245,"MILITARY STORAGE AREAS, AIR FORCE",,0381,0357,245 0381-0357
C200-L16,C200,C199-L38,275,POPULATION,,0381,9994,275 0381-9994
C200-L19,C200,C200-L17,243,MILITARY SCHOOLS,,0381,,243 0381-
C200-L20,C200,C200-L17,246,"MILITARY STORAGE AREAS, ARMY & NAVY",,0381,,246 0381-
C200-L21,C200,C200-L17,384,CHINA,RAILROAD YARDS & SHOPS- SATELLITES,0381,0250,384 0381-0250
C200-L22,C200,C200-L17,332,CHINA,RAILROAD EQUIP REPAIR PLANTS-SATTELITES,0381,0311,332 0381-0311
C200-L23,C200,C200-L17,275,POPULATION,,0381,9967,275 0381-9967
C200-L27,C200,C200-L24,246,"MILITARY STORAGE AREAS, ARMY & NAVY",,0290,,246 0290-
C200-L28,C200,C200-L24,430,STEEL,,0290,0007,430 0290-0007
C200-L29,C200,C200-L24,075,COKE CHEMICALS,,0290,0008,075 0290-0008
C200-L30,C200,C200-L24,270,PIG IRON,,0290,0008,270 0290-0008
C200-L31,C200,C200-L24,185,CHINA-MAJOR GRIDS,ELECTRIC POWER - SATELLITES,0290,0112,185 0290-0112
C200-L32,C200,C200-L24,384,CHINA,RAILROAD YARDS & SHOPS- SATELLITES,0290,0319,384 0290-0319
C200-L33,C200,C200-L24,208,GOVERNMENT CONTROL CENTERS,,0290,9929,208 0290-9929
C200-L34,C200,C200-L24,275,POPULATION,,0290,9929,275 0290-9929
C200-L40,C200,C200-L35,023,AMMUNITION,,0166,0015,023 0166-0015
C200-L41,C200,C200-L35,120,CENTRAL INDUSTRIAL REGION,ELECTRIC POWER - OUTSIDE GRIDS,0166,0020,120 0166-0020
C200-L42,C200,C200-L35,364,SOUTHEAST SUB-REGION CENTRAL IND REG,RAILROAD YARDS & SHOPS- USSR,0166,0021,364 0166-0021
C200-L43,C200,C200-L35,364,SOUTHEAST SUB-REGION CENTRAL IND REG,RAILROAD YARDS & SHOPS- USSR,0166,0143,364 0166-0143
C200-L44,C200,C200-L35,364,SOUTHEAST SUB-REGION CENTRAL IND REG,RAILROAD YARDS & SHOPS- USSR,0166,0144,364 0166-0144
C200-L45,C200,C200-L35,364,SOUTHEAST SUB-REGION CENTRAL IND REG,RAILROAD YARDS & SHOPS- USSR,0166,0145,364 0166-0145
C200-L46,C200,C200-L35,227,"LIQUID FUELS, STORAGE NON-REFINERY",,0166,0150,227 0166-0150
C200-L47,C200,C200-L35,316,SOUTHEAST SUB-REGION CENTRAL IND REG,RAILROAD EQUIPMENT REPAIR PLANTS-USSR,0166,0167,316 0166-0167
C200-L48,C200,C200-L35,243,MILITARY SCHOOLS,,0166,0192,243 0166-0192
C200-L49,C200,C200-L35,246,"MILITARY STORAGE AREAS, ARMY & NAVY",,0166,0192,246 0166-0192
C200-L50,C200,C200-L35,248,MILITARY TROOP INSTALLATIONS,,0166,0194,248 0166-0194
C201-L05,C201,C200-L35,208,GOVERNMENT CONTROL CENTERS,,0166,0205,208 0166-0205
C201-L06,C201,C200-L35,243,MILITARY SCHOOLS,,0166,0224,243 0166-0224
C201-L07,C201,C200-L35,275,POPULATION,,0166,9998,275 0166-9998
C201-L09,C201,C201-L08,376,WEST SUB-REGION UKRAINE REGION,RAILROAD YARDS & SHOPS- USSR,0233,0058,376 0233-0058
C201-L10,C201,C201-L08,290,RAILROAD BRIDGES,,0233,0059,290 0233-0059
C201-L11,C201,C201-L08,010,AGRICULTURAL EQUIPMENT,,0233,0277,010 0233-0277
C201-L12,C201,C201-L08,275,POPULATION,,0233,9981,275 0233-9981
C201-L14,C201,C201-L13,227,"LIQUID FUELS, STORAGE NON-REFINERY",,0249,,227 0249-
C201-L15,C201,C201-L13,275,POPULATION,,0249,9819,275 0249-9819
C201-L19,C201,C201-L16,227,"LIQUID FUELS, STORAGE NON-REFINERY",,0163,,227 0163-
C201-L20,C201,C201-L16,135,KAZAKHSTAN-CENTRAL ASIA ECONOMIC REGION,ELECTRIC POWER - OUTSIDE GRIDS,0163,0020,135 0163-0020
C201-L21,C201,C201-L16,410,SEA MINES,,0163,0030,410 0163-0030
C201-L22,C201,C201-L16,285,RADIO & TELEVISION,,0163,0035,285 0163-0035
C201-L23,C201,C201-L16,372,WEST SIBERIAN REGION,RAILROAD YARDS & SHOPS- USSR,0163,0039,372 0163-0039
C201-L24,C201,C201-L16,208,GOVERNMENT CONTROL CENTERS,,0163,0059,208 0163-0059
C201-L25,C201,C201-L16,275,POPULATION,,0163,9998,275 0163-9998
C201-L30,C201,C201-L26,280,"PORTS, MARITIME",,0194,0001,280 0194-0001
C201-L31,C201,C201-L26,175,WEST SIBERIAN ECONOMIC REGION,ELECTRIC POWER - OUTSIDE GRIDS,0194,0003,175 0194-0003
C201-L32,C201,C201-L26,227,"LIQUID FUELS, STORAGE NON-REFINERY",,0194,0009,227 0194-0009
C201-L33,C201,C201-L26,420,SHIP REPAIR,,0194,0010,420 0194-0010
C201-L34,C201,C201-L26,437,SUBMARINE BASES,,0194,0012,437 0194-0012
C201-L35,C201,C201-L26,227,"LIQUID FUELS, STORAGE NON-REFINERY",,0194,0019,227 0194-0019
C201-L36,C201,C201-L26,208,GOVERNMENT CONTROL CENTERS,,0194,0020,208 0194-0020
C201-L37,C201,C201-L26,246,"MILITARY STORAGE AREAS, ARMY & NAVY",,0194,0023,246 0194-0023
C201-L38,C201,C201-L26,246,"MILITARY STORAGE AREAS, ARMY & NAVY",,0194,0024,246 0194-0024
C201-L39,C201,C201-L26,248,MILITARY TROOP INSTALLATIONS,,0194,0025,248 0194-0025
C201-L40,C201,C201-L26,248,MILITARY TROOP INSTALLATIONS,,0194,0026,248 0194-0026
C201-L41,C201,C201-L26,248,MILITARY TROOP INSTALLATIONS,,0194,0027,248 0194-0027
C201-L42,C201,C201-L26,248,MILITARY TROOP INSTALLATIONS,,0194,0028,248 0194-0028
C201-L43,C201,C201-L26,254,NAVAL OPERATING BASES,,0194,0033,254 0194-0033
C201-L44,C201,C201-L26,275,POPULATION,,0194,9999,275 0194-9999
C201-L46,C201,C201-L45,250,MINING MACHINERY,,0251,0459,250 0251-0459
C201-L47,C201,C201-L45,275,POPULATION,,0251,9916,275 0251-9916
C202-L03,C202,C202-L02,023,AMMUNITION,,0251,0650,023 0251-0650
C202-L04,C202,C202-L02,275,POPULATION,,0251,9876,275 0251-9876
C202-L06,C202,C202-L05,198,RUMANIA,ELECTRIC POWER - SATELLITES,0251,0068,198 0251-0068
C202-L07,C202,C202-L05,275,POPULATION,,0251,9925,275 0251-9925
C202-L09,C202,C202-L08,198,RUMANIA,ELECTRIC POWER - SATELLITES,0251,0490,198 0251-0490
C202-L10,C202,C202-L08,250,MINING MACHINERY,,0251,0615,250 0251-0615
C202-L11,C202,C202-L08,275,POPULATION,,0251,9846,275 0251-9846
C202-L13,C202,C202-L12,198,RUMANIA,ELECTRIC POWER - SATELLITES,0251,0496,198 0251-0496
C202-L14,C202,C202-L12,275,POPULATION,,0251,9827,275 0251-9827
C202-L16,C202,C202-L15,227,"LIQUID FUELS, STORAGE NON-REFINERY",,0166,,227 0166-
C202-L17,C202,C202-L15,275,POPULATION,,0166,9753,275 0166-9753
C202-L20,C202,C202-L18,430,STEEL,,0201,0001,430 0201-0001
C202-L21,C202,C202-L18,227,"LIQUID FUELS, STORAGE NON-REFINERY",,0201,0046,227 0201-0046
C202-L22,C202,C202-L18,354,EAST SIBERIAN & FAR EASTERN REGION,RAILROAD YARDS & SHOPS- USSR,0201,0066,354 0201-0066
C202-L23,C202,C202-L18,275,POPULATION,,0201,9994,275 0201-9994
C202-L27,C202,C202-L24,240,"MILITARY CONTROLS, AIR FORCE",,0102,,240 0102-
C202-L28,C202,C202-L24,241,"MILITARY HQS, ARMY",,0102,,241 0102-
C202-L29,C202,C202-L24,243,MILITARY SCHOOLS,,0102,,243 0102-
C202-L30,C202,C202-L24,415,SHIPBUILDING,,0102,0005,415 0102-0005
C202-L31,C202,C202-L24,140,NORTHWEST ECONOMIC REGION,ELECTRIC POWER - OUTSIDE GRIDS,0102,0021,140 0102-0021
C202-L32,C202,C202-L24,420,SHIP REPAIR,,0102,0023,420 0102-0023
C202-L33,C202,C202-L24,281,"PORTS, INLAND",,0102,0026,281 0102-0026
C202-L34,C202,C202-L24,358,NORTHERN REGION,RAILROAD YARDS & SHOPS- USSR,0102,0027,358 0102-0027
C202-L35,C202,C202-L24,430,STEEL,,0102,0028,430 0102-0028
C202-L36,C202,C202-L24,227,"LIQUID FUELS, STORAGE NON-REFINERY",,0102,0031,227 0102-0031
C202-L37,C202,C202-L24,208,GOVERNMENT CONTROL CENTERS,,0102,0036,208 0102-0036
C202-L38,C202,C202-L24,275,POPULATION,,0102,9998,275 0102-9998
C202-L40,C202,C202-L39,280,"PORTS, MARITIME",,0065,0001,280 0065-0001
C202-L41,C202,C202-L39,275,POPULATION,,0065,9999,275 0065-9999
C202-L43,C202,C202-L42,275,POPULATION,,0324,,275 0324-
C202-L44,C202,C202-L42,116,TRANS-CAUCASUS,ELECTRIC POWER - MAJOR GRIDS,0324,0142,116 0324-0142
C203-L03,C203,C203-L02,370,WESTERN REGION,RAILROAD YARDS & SHOPS- USSR,0168,0389,370 0168-0389
C203-L04,C203,C203-L02,275,POPULATION,,0168,9987,275 0168-9987
C203-L06,C203,C203-L05,248,MILITARY TROOP INSTALLATIONS,,0231,3476,248 0231-3476
C203-L07,C203,C203-L05,290,RAILROAD BRIDGES,,0231,3537,290 0231-3537
C203-L08,C203,C203-L05,275,POPULATION,,0231,9916,275 0231-9916
C203-L10,C203,C203-L09,062,CAUSTIC SODA,,0103,0078,062 0103-0078
C203-L11,C203,C203-L09,068,CHLORINE,,0103,0078,068 0103-0078
C203-L12,C203,C203-L09,275,POPULATION,,0103,9975,275 0103-9975
C203-L14,C203,C203-L13,227,"LIQUID FUELS, STORAGE NON-REFINERY",,0249,,227 0249-
C203-L15,C203,C203-L13,275,POPULATION,,0249,,275 0249-
C203-L17,C203,C203-L16,200,ELECTRIC WIRE & CABLE,,0231,0008,200 0231-0008
C203-L18,C203,C203-L16,388,EAST GERMANY,RAILROAD YARDS & SHOPS- SATELLITES,0231,1834,388 0231-1834
C203-L19,C203,C203-L16,230,MACHINE TOOLS,,0231,2765,230 0231-2765
C203-L20,C203,C203-L16,235,METAL FORMING EQUIPMENT,,0231,2765,235 0231-2765
C203-L21,C203,C203-L16,248,MILITARY TROOP INSTALLATIONS,,0231,3450,248 0231-3450
C203-L22,C203,C203-L16,275,POPULATION,,0231,9984,275 0231-9984
C203-L24,C203,C203-L23,200,ELECTRIC WIRE & CABLE,,0231,0010,200 0231-0010
C203-L25,C203,C203-L23,275,POPULATION,,0231,9949,275 0231-9949
C203-L27,C203,C203-L26,275,POPULATION,,0231,,275 0231-
C203-L28,C203,C203-L26,020,ALUMINA,,0231,3730,020 0231-3730
C203-L30,C203,C203-L29,275,POPULATION,,0231,,275 0231-
C203-L31,C203,C203-L29,235,METAL FORMING EQUIPMENT,,0231,2969,235 0231-2969
C203-L33,C203,C203-L32,275,POPULATION,,0231,,275 0231-
C203-L34,C203,C203-L32,235,METAL FORMING EQUIPMENT,,0231,2965,235 0231-2965
C203-L35,C203,C203-L32,235,METAL FORMING EQUIPMENT,,0231,2972,235 0231-2972
C203-L37,C203,C203-L36,056,"BRIDGES, HWY",,0169,0380,056 0169-0380
C203-L38,C203,C203-L36,290,RAILROAD BRIDGES,,0169,0380,290 0169-0380
C203-L39,C203,C203-L36,010,AGRICULTURAL EQUIPMENT,,0169,1059,010 0169-1059
C203-L40,C203,C203-L36,275,POPULATION,,0169,9950,275 0169-9950
C204-L10,C204,C203-L41,227,"LIQUID FUELS, STORAGE NON-REFINERY",,0251,,227 0251-
C204-L11,C204,C203-L41,224,"LIQUID FUEL PLANTS, CRUDE",,0251,0001,224 0251-0001
C204-L12,C204,C203-L41,226,"LIQUID FUELS, STORAGE AT REFINERIES",,0251,0001,226 0251-0001
C204-L13,C204,C203-L41,224,"LIQUID FUEL PLANTS, CRUDE",,0251,0004,224 0251-0004
C204-L14,C204,C203-L41,226,"LIQUID FUELS, STORAGE AT REFINERIES",,0251,0004,226 0251-0004
C204-L15,C204,C203-L41,224,"LIQUID FUEL PLANTS, CRUDE",,0251,0005,224 0251-0005
C204-L16,C204,C203-L41,226,"LIQUID FUELS, STORAGE AT REFINERIES",,0251,0005,226 0251-0005
C204-L17,C204,C203-L41,224,"LIQUID FUEL PLANTS, CRUDE",,0251,0006,224 0251-0006
C204-L18,C204,C203-L41,226,"LIQUID FUELS, STORAGE AT REFINERIES",,0251,0006,226 0251-0006
C204-L19,C204,C203-L41,224,"LIQUID FUEL PLANTS, CRUDE",,0251,0007,224 0251-0007
C204-L20,C204,C203-L41,226,"LIQUID FUELS, STORAGE AT REFINERIES",,0251,0007,226 0251-0007
C204-L21,C204,C203-L41,224,"LIQUID FUEL PLANTS, CRUDE",,0251,0008,224 0251-0008
C204-L22,C204,C203-L41,226,"LIQUID FUELS, STORAGE AT REFINERIES",,0251,0008,226 0251-0008
C204-L23,C204,C203-L41,224,"LIQUID FUEL PLANTS, CRUDE",,0251,0161,224 0251-0161
C204-L24,C204,C203-L41,226,"LIQUID FUELS, STORAGE AT REFINERIES",,0251,0161,226 0251-0161
C204-L25,C204,C203-L41,200,ELECTRIC WIRE & CABLE,,0251,0162,200 0251-0162
C204-L26,C204,C203-L41,394,RUMANIA,RAILROAD YARDS & SHOPS- SATELLITES,0251,0164,394 0251-0164
C204-L27,C204,C203-L41,394,RUMANIA,RAILROAD YARDS & SHOPS- SATELLITES,0251,0167,394 0251-0167
C204-L28,C204,C203-L41,337,RUMANIA,RAILROAD EQUIP REPAIR PLANTS-SATTELITES,0251,0168,337 0251-0168
C204-L29,C204,C203-L41,212,"GUNS, MAJOR CALIBER",,0251,0217,212 0251-0217
C204-L30,C204,C203-L41,262,OIL EXTRACTION EQUIPMENT,,0251,0217,262 0251-0217
C204-L31,C204,C203-L41,394,RUMANIA,RAILROAD YARDS & SHOPS- SATELLITES,0251,0266,394 0251-0266
C204-L32,C204,C203-L41,227,"LIQUID FUELS, STORAGE NON-REFINERY",,0251,0549,227 0251-0549
C204-L33,C204,C203-L41,337,RUMANIA,RAILROAD EQUIP REPAIR PLANTS-SATTELITES,0251,0688,337 0251-0688
C204-L34,C204,C203-L41,445,SULFURIC ACID,,0251,0698,445 0251-0698
C204-L35,C204,C203-L41,394,RUMANIA,RAILROAD YARDS & SHOPS- SATELLITES,0251,0736,394 0251-0736
C204-L36,C204,C203-L41,208,GOVERNMENT CONTROL CENTERS,,0251,0843,208 0251-0843
C204-L37,C204,C203-L41,248,MILITARY TROOP INSTALLATIONS,,0251,0859,248 0251-0859
C204-L38,C204,C203-L41,275,POPULATION,,0251,9998,275 0251-9998
C204-L41,C204,C204-L39,227,"LIQUID FUELS, STORAGE NON-REFINERY",,0251,0546,227 0251-0546
C204-L42,C204,C204-L39,275,POPULATION,,0251,9870,275 0251-9870
C204-L45,C204,C204-L43,224,"LIQUID FUEL PLANTS, CRUDE",,0251,0010,224 0251-0010
C204-L46,C204,C204-L43,226,"LIQUID FUELS, STORAGE AT REFINERIES",,0251,0010,226 0251-0010
C204-L47,C204,C204-L43,198,RUMANIA,ELECTRIC POWER - SATELLITES,0251,0069,198 0251-0069
C204-L48,C204,C204-L43,227,"LIQUID FUELS, STORAGE NON-REFINERY",,0251,0143,227 0251-0143
C204-L49,C204,C204-L43,227,"LIQUID FUELS, STORAGE NON-REFINERY",,0251,0422,227 0251-0422
C204-L50,C204,C204-L43,445,SULFURIC ACID,,0251,0442,445 0251-0442
C204-L51,C204,C204-L43,290,RAILROAD BRIDGES,,0251,0446,290 0251-0446
C204-L52,C204,C204-L43,290,RAILROAD BRIDGES,,0251,0791,290 0251-0791
C204-L53,C204,C204-L43,275,POPULATION,,0251,9985,275 0251-9985
C204-L56,C204,C204-L54,198,RUMANIA,ELECTRIC POWER - SATELLITES,0251,0665,198 0251-0665
C205-L04,C205,C204-L54,275,POPULATION,,0251,9796,275 0251-9796
C205-L07,C205,C205-L05,405,RUBBER TIRES,,0251,0049,405 0251-0049
C205-L08,C205,C205-L05,198,RUMANIA,ELECTRIC POWER - SATELLITES,0251,0085,198 0251-0085
C205-L09,C205,C205-L05,275,POPULATION,,0251,9928,275 0251-9928
C205-L12,C205,C205-L10,023,AMMUNITION,,0251,0146,023 0251-0146
C205-L13,C205,C205-L10,275,POPULATION,,0251,9844,275 0251-9844
C205-L15,C205,C205-L14,241,"MILITARY HQS, ARMY",,0322,,241 0322-
C205-L16,C205,C205-L14,290,RAILROAD BRIDGES,,0322,0088,290 0322-0088
C205-L17,C205,C205-L14,382,BULGARIA,RAILROAD YARDS & SHOPS- SATELLITES,0322,0089,382 0322-0089
C205-L18,C205,C205-L14,227,"LIQUID FUELS, STORAGE NON-REFINERY",,0322,0263,227 0322-0263
C205-L19,C205,C205-L14,056,"BRIDGES, HWY",,0322,0346,056 0322-0346
C205-L20,C205,C205-L14,056,"BRIDGES, HWY",,0322,0347,056 0322-0347
C205-L21,C205,C205-L14,230,MACHINE TOOLS,,0322,0362,230 0322-0362
C205-L22,C205,C205-L14,208,GOVERNMENT CONTROL CENTERS,,0322,0485,208 0322-0485
C205-L23,C205,C205-L14,246,"MILITARY STORAGE AREAS, ARMY & NAVY",,0322,0510,246 0322-0510
C205-L24,C205,C205-L14,245,"MILITARY STORAGE AREAS, AIR FORCE",,0322,0570,245 0322-0570
C205-L25,C205,C205-L14,275,POPULATION,,0322,9999,275 0322-9999
C205-L27,C205,C205-L26,275,POPULATION,,0322,,275 0322-
C205-L28,C205,C205-L26,060,CALCIUM CARBIDE,,0322,0428,060 0322-0428
C205-L30,C205,C205-L29,184,BULGARIA,ELECTRIC POWER - SATELLITES,0322,0249,184 0322-0249
C205-L31,C205,C205-L29,184,BULGARIA,ELECTRIC POWER - SATELLITES,0322,0484,184 0322-0484
C205-L32,C205,C205-L29,275,POPULATION,,0322,9781,275 0322-9781
C205-L37,C205,C205-L33,386,CZECHOSLOVAKIA,RAILROAD YARDS & SHOPS- SATELLITES,0231,0234,386 0231-0234
C205-L38,C205,C205-L33,010,AGRICULTURAL EQUIPMENT,,0231,0253,010 0231-0253
C205-L39,C205,C205-L33,055,"BOILERS, HIGH PRESSURE",,0231,0253,055 0231-0253
C205-L40,C205,C205-L33,064,CHEMICAL EQUIPMENT,,0231,0253,064 0231-0253
C205-L41,C205,C205-L33,095,EARTH MOVING EQUIPMENT,,0231,0253,095 0231-0253
C205-L42,C205,C205-L33,212,"GUNS, MAJOR CALIBER",,0231,0253,212 0231-0253
C205-L43,C205,C205-L33,230,MACHINE TOOLS,,0231,0253,230 0231-0253
C205-L44,C205,C205-L33,235,METAL FORMING EQUIPMENT,,0231,0253,235 0231-0253
C205-L45,C205,C205-L33,250,MINING MACHINERY,,0231,0253,250 0231-0253
C205-L46,C205,C205-L33,262,OIL EXTRACTION EQUIPMENT,,0231,0253,262 0231-0253
C205-L47,C205,C205-L33,294,RAILROAD LOCOMOTIVES,,0231,0253,294 0231-0253
C205-L48,C205,C205-L33,430,STEEL,,0231,0253,430 0231-0253
C205-L49,C205,C205-L33,450,TANKS & S. P. GUNS,,0231,0253,450 0231-0253
C205-L50,C205,C205-L33,475,TRACTORS,,0231,0253,475 0231-0253
C205-L51,C205,C205-L33,485,"TURBINES, HEAVY",,0231,0253,485 0231-0253
C205-L52,C205,C205-L33,056,"BRIDGES, HWY",,0231,0692,056 0231-0692
C206-L02,C206,C205-L33,290,RAILROAD BRIDGES,,0231,0692,290 0231-0692
C206-L03,C206,C205-L33,333,CZECHOSLOVAKIA,RAILROAD EQUIP REPAIR PLANTS-SATTELITES,0231,0694,333 0231-0694
C206-L04,C206,C205-L33,188,CZECHOSLOVAKIA,ELECTRIC POWER - SATELLITES,0231,0757,188 0231-0757
C206-L05,C206,C205-L33,188,CZECHOSLOVAKIA,ELECTRIC POWER - SATELLITES,0231,0758,188 0231-0758
C206-L06,C206,C205-L33,206,"GENERATORS, HEAVY",,0231,1104,206 0231-1104
C206-L07,C206,C205-L33,480,"TRANSFORMERS, HEAVY",,0231,1104,480 0231-1104
C206-L08,C206,C205-L33,208,GOVERNMENT CONTROL CENTERS,,0231,3163,208 0231-3163
C206-L09,C206,C205-L33,248,MILITARY TROOP INSTALLATIONS,,0231,3232,248 0231-3232
C206-L10,C206,C205-L33,248,MILITARY TROOP INSTALLATIONS,,0231,3233,248 0231-3233
C206-L11,C206,C205-L33,246,"MILITARY STORAGE AREAS, ARMY & NAVY",,0231,3234,246 0231-3234
C206-L12,C206,C205-L33,246,"MILITARY STORAGE AREAS, ARMY & NAVY",,0231,3235,246 0231-3235
C206-L13,C206,C205-L33,248,MILITARY TROOP INSTALLATIONS,,0231,3236,248 0231-3236
C206-L14,C206,C205-L33,245,"MILITARY STORAGE AREAS, AIR FORCE",,0231,3997,245 0231-3997
C206-L15,C206,C205-L33,275,POPULATION,,0231,9982,275 0231-9982
C206-L17,C206,C206-L16,275,POPULATION,,0231,,275 0231-
C206-L18,C206,C206-L16,188,CZECHOSLOVAKIA,ELECTRIC POWER - SATELLITES,0231,0745,188 0231-0745
C206-L19,C206,C206-L16,227,"LIQUID FUELS, STORAGE NON-REFINERY",,0231,1506,227 0231-1506
C206-L21,C206,C206-L20,230,MACHINE TOOLS,,0231,0257,230 0231-0257
C206-L22,C206,C206-L20,275,POPULATION,,0231,9933,275 0231-9933
C206-L24,C206,C206-L23,275,POPULATION,,0231,,275 0231-
C206-L25,C206,C206-L23,246,"MILITARY STORAGE AREAS, ARMY & NAVY",,0231,3452,246 0231-3452
C206-L27,C206,C206-L26,430,STEEL,,0231,1712,430 0231-1712
C206-L28,C206,C206-L26,275,POPULATION,,0231,9452,275 0231-9452
C206-L30,C206,C206-L29,445,SULFURIC ACID,,0231,0643,445 0231-0643
C206-L31,C206,C206-L29,275,POPULATION,,0231,9432,275 0231-9432
C206-L33,C206,C206-L32,188,CZECHOSLOVAKIA,ELECTRIC POWER - SATELLITES,0231,0739,188 0231-0739
C206-L34,C206,C206-L32,246,"MILITARY STORAGE AREAS, ARMY & NAVY",,0231,3495,246 0231-3495
C206-L35,C206,C206-L32,275,POPULATION,,0231,9454,275 0231-9454
C206-L37,C206,C206-L36,248,MILITARY TROOP INSTALLATIONS,,0231,3498,248 0231-3498
C206-L38,C206,C206-L36,275,POPULATION,,0231,9911,275 0231-9911
C206-L40,C206,C206-L39,275,POPULATION,,0231,,275 0231-
C206-L41,C206,C206-L39,248,MILITARY TROOP INSTALLATIONS,,0231,3524,248 0231-3524
C206-L43,C206,C206-L42,275,POPULATION,,0231,,275 0231-
C206-L44,C206,C206-L42,248,MILITARY TROOP INSTALLATIONS,,0231,3790,248 0231-3790
C206-L47,C206,C206-L45,055,"BOILERS, HIGH PRESSURE",,0167,0075,055 0167-0075
C206-L48,C206,C206-L45,214,"GUNS, SMALL ARMS",,0167,0080,214 0167-0080
C206-L49,C206,C206-L45,465,TIN,,0167,0189,465 0167-0189
C206-L50,C206,C206-L45,200,ELECTRIC WIRE & CABLE,,0167,0240,200 0167-0240
C207-L03,C207,C206-L45,050,"BATTERIES, LEAD ACID",,0167,0439,050 0167-0439
C207-L04,C207,C206-L45,356,MOSCOW SUB-REGION CENTRAL IND REGION,RAILROAD YARDS & SHOPS- USSR,0167,0789,356 0167-0789
C207-L05,C207,C206-L45,023,AMMUNITION,,0167,0816,023 0167-0816
C207-L06,C207,C206-L45,246,"MILITARY STORAGE AREAS, ARMY & NAVY",,0167,0961,246 0167-0961
C207-L07,C207,C206-L45,246,"MILITARY STORAGE AREAS, ARMY & NAVY",,0167,0962,246 0167-0962
C207-L08,C207,C206-L45,275,POPULATION,,0167,9969,275 0167-9969
C207-L14,C207,C207-L12,110,LENINGRAD,ELECTRIC POWER - MAJOR GRIDS,0102,0017,110 0102-0017
C207-L15,C207,C207-L12,228,LOCKS & DAMS,,0102,0051,228 0102-0051
C207-L16,C207,C207-L12,275,POPULATION,,0102,9948,275 0102-9948
C207-L18,C207,C207-L17,227,"LIQUID FUELS, STORAGE NON-REFINERY",,0339,,227 0339-
C207-L19,C207,C207-L17,275,POPULATION,,0339,,275 0339-
C207-L20,C207,C207-L17,290,RAILROAD BRIDGES,,0339,0034,290 0339-0034
C207-L22,C207,C207-L21,430,STEEL,,0156,0066,430 0156-0066
C207-L23,C207,C207-L21,445,SULFURIC ACID,,0156,0164,445 0156-0164
C207-L24,C207,C207-L21,275,POPULATION,,0156,9970,275 0156-9970
C207-L26,C207,C207-L25,352,DONBAS SUB-REGION UKRAINE REGION,RAILROAD YARDS & SHOPS- USSR,0249,0280,352 0249-0280
C207-L27,C207,C207-L25,275,POPULATION,,0249,9973,275 0249-9973
C207-L30,C207,C207-L28,370,WESTERN REGION,RAILROAD YARDS & SHOPS- USSR,0168,0213,370 0168-0213
C207-L31,C207,C207-L28,281,"PORTS, INLAND",,0168,0371,281 0168-0371
C207-L32,C207,C207-L28,275,POPULATION,,0168,9926,275 0168-9926
C207-L34,C207,C207-L33,246,"MILITARY STORAGE AREAS, ARMY & NAVY",,0168,,246 0168-
C207-L35,C207,C207-L33,275,POPULATION,,0168,,275 0168-
C207-L39,C207,C207-L36,227,"LIQUID FUELS, STORAGE NON-REFINERY",,0234,,227 0234-
C207-L40,C207,C207-L36,328,WEST SUB-REGION UKRAINE REGION,RAILROAD EQUIPMENT REPAIR PLANTS-USSR,0234,0025,328 0234-0025
C207-L41,C207,C207-L36,376,WEST SUB-REGION UKRAINE REGION,RAILROAD YARDS & SHOPS- USSR,0234,0354,376 0234-0354
C207-L42,C207,C207-L36,208,GOVERNMENT CONTROL CENTERS,,0234,0424,208 0234-0424
C207-L43,C207,C207-L36,275,POPULATION,,0234,9992,275 0234-9992
C208-L04,C208,C208-L02,240,"MILITARY CONTROLS, AIR FORCE",,0051,,240 0051-
C208-L05,C208,C208-L02,280,"PORTS, MARITIME",,0051,0007,280 0051-0007
C208-L06,C208,C208-L02,437,SUBMARINE BASES,,0051,0030,437 0051-0030
C208-L07,C208,C208-L02,227,"LIQUID FUELS, STORAGE NON-REFINERY",,0051,0128,227 0051-0128
C208-L08,C208,C208-L02,275,POPULATION,,0051,9996,275 0051-9996
C208-L10,C208,C208-L09,376,WEST SUB-REGION UKRAINE REGION,RAILROAD YARDS & SHOPS- USSR,0233,0038,376 0233-0038
C208-L11,C208,C208-L09,275,POPULATION,,0233,9664,275 0233-9664
C208-L13,C208,C208-L12,227,"LIQUID FUELS, STORAGE NON-REFINERY",,0233,,227 0233-
C208-L14,C208,C208-L12,275,POPULATION,,0233,9900,275 0233-9900
C208-L16,C208,C208-L15,280,"PORTS, MARITIME",,0381,0236,280 0381-0236
C208-L17,C208,C208-L15,227,"LIQUID FUELS, STORAGE NON-REFINERY",,0381,0241,227 0381-0241
C208-L18,C208,C208-L15,420,SHIP REPAIR,,0381,0244,420 0381-0244
C208-L19,C208,C208-L15,437,SUBMARINE BASES,,0381,0244,437 0381-0244
C208-L20,C208,C208-L15,384,CHINA,RAILROAD YARDS & SHOPS- SATELLITES,0381,0246,384 0381-0246
C208-L21,C208,C208-L15,248,MILITARY TROOP INSTALLATIONS,,0381,0280,248 0381-0280
C208-L22,C208,C208-L15,208,GOVERNMENT CONTROL CENTERS,,0381,9998,208 0381-9998
C208-L23,C208,C208-L15,275,POPULATION,,0381,9998,275 0381-9998
C208-L25,C208,C208-L24,275,POPULATION,,0615,,275 0615-
C208-L26,C208,C208-L24,280,"PORTS, MARITIME",,0615,0010,280 0615-0010
C208-L29,C208,C208-L27,023,AMMUNITION,,0381,,023 0381-
C208-L30,C208,C208-L27,186,CHINA-OUTSIDE GRIDS,ELECTRIC POWER - SATELLITES,0381,0177,186 0381-0177
C208-L31,C208,C208-L27,275,POPULATION,,0381,9955,275 0381-9955
C208-L33,C208,C208-L32,020,ALUMINA,,0381,0037,020 0381-0037
C208-L34,C208,C208-L32,021,ALUMINUM,,0381,0037,021 0381-0037
C208-L35,C208,C208-L32,275,POPULATION,,0381,9943,275 0381-9943
C208-L37,C208,C208-L36,445,SULFURIC ACID,,0232,0300,445 0232-0300
C208-L38,C208,C208-L36,010,AGRICULTURAL EQUIPMENT,,0232,0947,010 0232-0947
C208-L39,C208,C208-L36,275,POPULATION,,0232,9911,275 0232-9911
C208-L41,C208,C208-L40,386,CZECHOSLOVAKIA,RAILROAD YARDS & SHOPS- SATELLITES,0232,0859,386 0232-0859
C208-L42,C208,C208-L40,275,POPULATION,,0232,9750,275 0232-9750
C208-L44,C208,C208-L43,188,CZECHOSLOVAKIA,ELECTRIC POWER - SATELLITES,0232,1208,188 0232-1208
C209-L03,C209,C208-L43,248,MILITARY TROOP INSTALLATIONS,,0232,1236,248 0232-1236
C209-L04,C209,C208-L43,275,POPULATION,,0232,9704,275 0232-9704
C209-L07,C209,C209-L05,280,"PORTS, MARITIME",,0324,0004,280 0324-0004
C209-L08,C209,C209-L05,420,SHIP REPAIR,,0324,0048,420 0324-0048
C209-L09,C209,C209-L05,437,SUBMARINE BASES,,0324,0048,437 0324-0048
C209-L10,C209,C209-L05,227,"LIQUID FUELS, STORAGE NON-REFINERY",,0324,0089,227 0324-0089
C209-L11,C209,C209-L05,350,CAUCASUS REGION,RAILROAD YARDS & SHOPS- USSR,0324,0111,350 0324-0111
C209-L12,C209,C209-L05,275,POPULATION,,0324,9997,275 0324-9997
C209-L21,C209,C209-L13,392,POLAND,RAILROAD YARDS & SHOPS- SATELLITES,0169,0005,392 0169-0005
C209-L22,C209,C209-L13,090,CUTTING TOOLS,,0169,0007,090 0169-0007
C209-L23,C209,C209-L13,214,"GUNS, SMALL ARMS",,0169,0007,214 0169-0007
C209-L24,C209,C209-L13,230,MACHINE TOOLS,,0169,0007,230 0169-0007
C209-L25,C209,C209-L13,294,RAILROAD LOCOMOTIVES,,0169,0007,294 0169-0007
C209-L26,C209,C209-L13,296,RAILROAD PASSENGER CARS,,0169,0007,296 0169-0007
C209-L27,C209,C209-L13,445,SULFURIC ACID,,0169,0011,445 0169-0011
C209-L28,C209,C209-L13,196,POLAND,ELECTRIC POWER - SATELLITES,0169,0067,196 0169-0067
C209-L29,C209,C209-L13,405,RUBBER TIRES,,0169,0068,405 0169-0068
C209-L30,C209,C209-L13,336,POLAND,RAILROAD EQUIP REPAIR PLANTS-SATTELITES,0169,0070,336 0169-0070
C209-L31,C209,C209-L13,050,"BATTERIES, LEAD ACID",,0169,0076,050 0169-0076
C209-L32,C209,C209-L13,230,MACHINE TOOLS,,0169,0438,230 0169-0438
C209-L33,C209,C209-L13,281,"PORTS, INLAND",,0169,0731,281 0169-0731
C209-L34,C209,C209-L13,392,POLAND,RAILROAD YARDS & SHOPS- SATELLITES,0169,0851,392 0169-0851
C209-L35,C209,C209-L13,010,AGRICULTURAL EQUIPMENT,,0169,1060,010 0169-1060
C209-L36,C209,C209-L13,208,GOVERNMENT CONTROL CENTERS,,0169,1139,208 0169-1139
C209-L37,C209,C209-L13,248,MILITARY TROOP INSTALLATIONS,,0169,1236,248 0169-1236
C209-L38,C209,C209-L13,050,"BATTERIES, LEAD ACID",,0169,1529,050 0169-1529
C209-L39,C209,C209-L13,050,"BATTERIES, LEAD ACID",,0169,1531,050 0169-1531
C209-L40,C209,C209-L13,275,POPULATION,,0169,9991,275 0169-9991
C209-L47,C209,C209-L41,227,"LIQUID FUELS, STORAGE NON-REFINERY",,0231,,227 0231-
C209-L48,C209,C209-L41,240,"MILITARY CONTROLS, AIR FORCE",,0231,,240 0231-
C209-L49,C209,C209-L41,241,"MILITARY HQS, ARMY",,0231,,241 0231-
C210-L04,C210,C209-L41,281,"PORTS, INLAND",,0231,0231,281 0231-0231
C210-L05,C210,C209-L41,230,MACHINE TOOLS,,0231,0245,230 0231-0245
C210-L06,C210,C209-L41,015,AIRCRAFT ENGINES,,0231,0260,015 0231-0260
C210-L07,C210,C209-L41,245,"MILITARY STORAGE AREAS, AIR FORCE",,0231,0260,245 0231-0260
C210-L08,C210,C209-L41,016,AIRFRAMES,,0231,0262,016 0231-0262
C210-L09,C210,C209-L41,055,"BOILERS, HIGH PRESSURE",,0231,0264,055 0231-0264
C210-L10,C210,C209-L41,064,CHEMICAL EQUIPMENT,,0231,0264,064 0231-0264
C210-L11,C210,C209-L41,450,TANKS & S. P. GUNS,,0231,0264,450 0231-0264
C210-L12,C210,C209-L41,485,"TURBINES, HEAVY",,0231,0264,485 0231-0264
C210-L13,C210,C209-L41,206,"GENERATORS, HEAVY",,0231,0265,206 0231-0265
C210-L14,C210,C209-L41,245,"MILITARY STORAGE AREAS, AIR FORCE",,0231,0265,245 0231-0265
C210-L15,C210,C209-L41,480,"TRANSFORMERS, HEAVY",,0231,0265,480 0231-0265
C210-L16,C210,C209-L41,485,"TURBINES, HEAVY",,0231,0265,485 0231-0265
C210-L17,C210,C209-L41,285,RADIO & TELEVISION,,0231,0268,285 0231-0268
C210-L18,C210,C209-L41,064,CHEMICAL EQUIPMENT,,0231,0273,064 0231-0273
C210-L19,C210,C209-L41,095,EARTH MOVING EQUIPMENT,,0231,0273,095 0231-0273
C210-L20,C210,C209-L41,250,MINING MACHINERY,,0231,0273,250 0231-0273
C210-L21,C210,C209-L41,294,RAILROAD LOCOMOTIVES,,0231,0273,294 0231-0273
C210-L22,C210,C209-L41,450,TANKS & S. P. GUNS,,0231,0273,450 0231-0273
C210-L23,C210,C209-L41,016,AIRFRAMES,,0231,0274,016 0231-0274
C210-L24,C210,C209-L41,245,"MILITARY STORAGE AREAS, AIR FORCE",,0231,0274,245 0231-0274
C210-L25,C210,C209-L41,015,AIRCRAFT ENGINES,,0231,0275,015 0231-0275
C210-L26,C210,C209-L41,245,"MILITARY STORAGE AREAS, AIR FORCE",,0231,0275,245 0231-0275
C210-L27,C210,C209-L41,016,AIRFRAMES,,0231,0279,016 0231-0279
C210-L28,C210,C209-L41,252,MOTOR VEHICLES,,0231,0279,252 0231-0279
C210-L29,C210,C209-L41,245,"MILITARY STORAGE AREAS, AIR FORCE",,0231,0287,245 0231-0287
C210-L30,C210,C209-L41,285,RADIO & TELEVISION,,0231,0400,285 0231-0400
C210-L31,C210,C209-L41,188,CZECHOSLOVAKIA,ELECTRIC POWER - SATELLITES,0231,0453,188 0231-0453
C210-L32,C210,C209-L41,405,RUBBER TIRES,,0231,0645,405 0231-0645
C210-L33,C210,C209-L41,386,CZECHOSLOVAKIA,RAILROAD YARDS & SHOPS- SATELLITES,0231,0697,386 0231-0697
C210-L34,C210,C209-L41,386,CZECHOSLOVAKIA,RAILROAD YARDS & SHOPS- SATELLITES,0231,0698,386 0231-0698
C210-L35,C210,C209-L41,386,CZECHOSLOVAKIA,RAILROAD YARDS & SHOPS- SATELLITES,0231,0699,386 0231-0699
C210-L36,C210,C209-L41,386,CZECHOSLOVAKIA,RAILROAD YARDS & SHOPS- SATELLITES,0231,0700,386 0231-0700
C210-L37,C210,C209-L41,386,CZECHOSLOVAKIA,RAILROAD YARDS & SHOPS- SATELLITES,0231,0705,386 0231-0705
C210-L38,C210,C209-L41,333,CZECHOSLOVAKIA,RAILROAD EQUIP REPAIR PLANTS-SATTELITES,0231,0706,333 0231-0706
C210-L39,C210,C209-L41,188,CZECHOSLOVAKIA,ELECTRIC POWER - SATELLITES,0231,0750,188 0231-0750
C210-L40,C210,C209-L41,230,MACHINE TOOLS,,0231,0760,230 0231-0760
C210-L41,C210,C209-L41,440,SUBMARINE DIESEL ENGINES,,0231,0760,440 0231-0760
C210-L42,C210,C209-L41,015,AIRCRAFT ENGINES,,0231,1349,015 0231-1349
C210-L43,C210,C209-L41,245,"MILITARY STORAGE AREAS, AIR FORCE",,0231,1349,245 0231-1349
C210-L44,C210,C209-L41,208,GOVERNMENT CONTROL CENTERS,,0231,1741,208 0231-1741
C210-L45,C210,C209-L41,292,RAILROAD FREIGHT CARS,,0231,1778,292 0231-1778
C210-L46,C210,C209-L41,296,RAILROAD PASSENGER CARS,,0231,1778,296 0231-1778
C210-L47,C210,C209-L41,333,CZECHOSLOVAKIA,RAILROAD EQUIP REPAIR PLANTS-SATTELITES,0231,1779,333 0231-1779
C210-L48,C210,C209-L41,264,OPTICAL EQUIPMENT,,0231,1842,264 0231-1842
C210-L49,C210,C209-L41,264,OPTICAL EQUIPMENT,,0231,1843,264 0231-1843
C210-L50,C210,C209-L41,264,OPTICAL EQUIPMENT,,0231,1844,264 0231-1844
C210-L51,C210,C209-L41,200,ELECTRIC WIRE & CABLE,,0231,1929,200 0231-1929
C210-L52,C210,C209-L41,281,"PORTS, INLAND",,0231,1977,281 0231-1977
C210-L53,C210,C209-L41,281,"PORTS, INLAND",,0231,1978,281 0231-1978
C210-L54,C210,C209-L41,228,LOCKS & DAMS,,0231,1979,228 0231-1979
C210-L55,C210,C209-L41,228,LOCKS & DAMS,,0231,1980,228 0231-1980
C210-L56,C210,C209-L41,016,AIRFRAMES,,0231,2736,016 0231-2736
C211-L02,C211,C209-L41,228,LOCKS & DAMS,,0231,3065,228 0231-3065
C211-L03,C211,C209-L41,248,MILITARY TROOP INSTALLATIONS,,0231,3478,248 0231-3478
C211-L04,C211,C209-L41,248,MILITARY TROOP INSTALLATIONS,,0231,3479,248 0231-3479
C211-L05,C211,C209-L41,248,MILITARY TROOP INSTALLATIONS,,0231,3480,248 0231-3480
C211-L06,C211,C209-L41,248,MILITARY TROOP INSTALLATIONS,,0231,3481,248 0231-3481
C211-L07,C211,C209-L41,248,MILITARY TROOP INSTALLATIONS,,0231,3482,248 0231-3482
C211-L08,C211,C209-L41,248,MILITARY TROOP INSTALLATIONS,,0231,3500,248 0231-3500
C211-L09,C211,C209-L41,246,"MILITARY STORAGE AREAS, ARMY & NAVY",,0231,3501,246 0231-3501
C211-L10,C211,C209-L41,235,METAL FORMING EQUIPMENT,,0231,3540,235 0231-3540
C211-L11,C211,C209-L41,243,MILITARY SCHOOLS,,0231,3797,243 0231-3797
C211-L12,C211,C209-L41,243,MILITARY SCHOOLS,,0231,3803,243 0231-3803
C211-L13,C211,C209-L41,245,"MILITARY STORAGE AREAS, AIR FORCE",,0231,3998,245 0231-3998
C211-L14,C211,C209-L41,275,POPULATION,,0231,9981,275 0231-9981
C211-L16,C211,C211-L15,386,CZECHOSLOVAKIA,RAILROAD YARDS & SHOPS- SATELLITES,0231,0215,386 0231-0215
C211-L17,C211,C211-L15,246,"MILITARY STORAGE AREAS, ARMY & NAVY",,0231,3421,246 0231-3421
C211-L18,C211,C211-L15,248,MILITARY TROOP INSTALLATIONS,,0231,3423,248 0231-3423
C211-L19,C211,C211-L15,275,POPULATION,,0231,9945,275 0231-9945
C211-L22,C211,C211-L20,075,COKE CHEMICALS,,0231,0226,075 0231-0226
C211-L23,C211,C211-L20,090,CUTTING TOOLS,,0231,0226,090 0231-0226
C211-L24,C211,C211-L20,270,PIG IRON,,0231,0226,270 0231-0226
C211-L25,C211,C211-L20,430,STEEL,,0231,0226,430 0231-0226
C211-L26,C211,C211-L20,386,CZECHOSLOVAKIA,RAILROAD YARDS & SHOPS- SATELLITES,0231,0247,386 0231-0247
C211-L27,C211,C211-L20,188,CZECHOSLOVAKIA,ELECTRIC POWER - SATELLITES,0231,0742,188 0231-0742
C211-L28,C211,C211-L20,188,CZECHOSLOVAKIA,ELECTRIC POWER - SATELLITES,0231,1369,188 0231-1369
C211-L29,C211,C211-L20,188,CZECHOSLOVAKIA,ELECTRIC POWER - SATELLITES,0231,1372,188 0231-1372
C211-L30,C211,C211-L20,200,ELECTRIC WIRE & CABLE,,0231,1769,200 0231-1769
C211-L31,C211,C211-L20,188,CZECHOSLOVAKIA,ELECTRIC POWER - SATELLITES,0231,2792,188 0231-2792
C211-L32,C211,C211-L20,248,MILITARY TROOP INSTALLATIONS,,0231,3441,248 0231-3441
C211-L33,C211,C211-L20,275,POPULATION,,0231,9927,275 0231-9927
C211-L36,C211,C211-L34,226,"LIQUID FUELS, STORAGE AT REFINERIES",,0231,0230,226 0231-0230
C211-L37,C211,C211-L34,290,RAILROAD BRIDGES,,0231,0722,290 0231-0722
C211-L38,C211,C211-L34,386,CZECHOSLOVAKIA,RAILROAD YARDS & SHOPS- SATELLITES,0231,2853,386 0231-2853
C211-L39,C211,C211-L34,275,POPULATION,,0231,9923,275 0231-9923
C211-L42,C211,C211-L40,270,PIG IRON,,0231,1713,270 0231-1713
C211-L43,C211,C211-L40,275,POPULATION,,0231,9428,275 0231-9428
C211-L46,C211,C211-L44,062,CAUSTIC SODA,,0231,0644,062 0231-0644
C211-L47,C211,C211-L44,068,CHLORINE,,0231,0644,068 0231-0644
C211-L48,C211,C211-L44,445,SULFURIC ACID,,0231,0644,445 0231-0644
C211-L49,C211,C211-L44,290,RAILROAD BRIDGES,,0231,0725,290 0231-0725
C211-L50,C211,C211-L44,060,CALCIUM CARBIDE,,0231,1872,060 0231-1872
C211-L51,C211,C211-L44,275,POPULATION,,0231,9417,275 0231-9417
C211-L53,C211,C211-L52,275,POPULATION,,0231,,275 0231-
C211-L54,C211,C211-L52,246,"MILITARY STORAGE AREAS, ARMY & NAVY",,0231,3493,246 0231-3493
C212-L04,C212,C212-L02,188,CZECHOSLOVAKIA,ELECTRIC POWER - SATELLITES,0231,0751,188 0231-0751
C212-L05,C212,C212-L02,050,"BATTERIES, LEAD ACID",,0231,1860,050 0231-1860
C212-L06,C212,C212-L02,275,POPULATION,,0231,9506,275 0231-9506
C212-L10,C212,C212-L07,266,PENICILLIN,,0231,1103,266 0231-1103
C212-L11,C212,C212-L07,435,STREPTOMYCIN,,0231,1103,435 0231-1103
C212-L12,C212,C212-L07,275,POPULATION,,0231,9405,275 0231-9405
C212-L15,C212,C212-L13,095,EARTH MOVING EQUIPMENT,,0231,0657,095 0231-0657
C212-L16,C212,C212-L13,250,MINING MACHINERY,,0231,0657,250 0231-0657
C212-L17,C212,C212-L13,050,"BATTERIES, LEAD ACID",,0231,1859,050 0231-1859
C212-L18,C212,C212-L13,248,MILITARY TROOP INSTALLATIONS,,0231,3793,248 0231-3793
C212-L19,C212,C212-L13,275,POPULATION,,0231,9510,275 0231-9510
C212-L22,C212,C212-L20,188,CZECHOSLOVAKIA,ELECTRIC POWER - SATELLITES,0231,0252,188 0231-0252
C212-L23,C212,C212-L20,275,POPULATION,,0231,9908,275 0231-9908
C212-L26,C212,C212-L24,082,"COPPER, REFINED",,0231,1837,082 0231-1837
C212-L27,C212,C212-L24,275,POPULATION,,0231,9509,275 0231-9509
C212-L29,C212,C212-L28,275,POPULATION,,0168,,275 0168-
C212-L30,C212,C212-L28,170,WEST ECONOMIC REGION,ELECTRIC POWER - OUTSIDE GRIDS,0168,0220,170 0168-0220
C212-L32,C212,C212-L31,248,MILITARY TROOP INSTALLATIONS,,0169,1218,248 0169-1218
C212-L33,C212,C212-L31,275,POPULATION,,0169,9915,275 0169-9915
C212-L35,C212,C212-L34,275,POPULATION,,0169,,275 0169-
C212-L36,C212,C212-L34,388,EAST GERMANY,RAILROAD YARDS & SHOPS- SATELLITES,0169,1102,388 0169-1102
C212-L37,C212,C212-L34,248,MILITARY TROOP INSTALLATIONS,,0169,1216,248 0169-1216
C212-L39,C212,C212-L38,386,CZECHOSLOVAKIA,RAILROAD YARDS & SHOPS- SATELLITES,0232,1076,386 0232-1076
C212-L40,C212,C212-L38,248,MILITARY TROOP INSTALLATIONS,,0232,1256,248 0232-1256
C212-L41,C212,C212-L38,275,POPULATION,,0232,9537,275 0232-9537
C212-L43,C212,C212-L42,216,"LEAD, REFINED",,0231,1883,216 0231-1883
C212-L44,C212,C212-L42,275,POPULATION,,0231,9912,275 0231-9912
C212-L46,C212,C212-L45,248,MILITARY TROOP INSTALLATIONS,,0231,3444,248 0231-3444
C213-L04,C213,C212-L45,275,POPULATION,,0231,9104,275 0231-9104
C213-L06,C213,C213-L05,230,MACHINE TOOLS,,0231,0255,230 0231-0255
C213-L07,C213,C213-L05,275,POPULATION,,0231,9900,275 0231-9900
C213-L09,C213,C213-L08,376,WEST SUB-REGION UKRAINE REGION,RAILROAD YARDS & SHOPS- USSR,0233,0278,376 0233-0278
C213-L10,C213,C213-L08,275,POPULATION,,0233,9691,275 0233-9691
C213-L12,C213,C213-L11,110,LENINGRAD,ELECTRIC POWER - MAJOR GRIDS,0103,0252,110 0103-0252
C213-L13,C213,C213-L11,275,POPULATION,,0103,9993,275 0103-9993
C213-L15,C213,C213-L14,227,"LIQUID FUELS, STORAGE NON-REFINERY",,0249,,227 0249-
C213-L16,C213,C213-L14,275,POPULATION,,0249,9878,275 0249-9878
C213-L19,C213,C213-L17,108,KUZNETSK,ELECTRIC POWER - MAJOR GRIDS,0161,0019,108 0161-0019
C213-L20,C213,C213-L17,250,MINING MACHINERY,,0161,0088,250 0161-0088
C213-L21,C213,C213-L17,372,WEST SIBERIAN REGION,RAILROAD YARDS & SHOPS- USSR,0161,0106,372 0161-0106
C213-L22,C213,C213-L17,275,POPULATION,,0161,9993,275 0161-9993
C213-L24,C213,C213-L23,250,MINING MACHINERY,,0161,0031,250 0161-0031
C213-L25,C213,C213-L23,275,POPULATION,,0161,9961,275 0161-9961
C213-L28,C213,C213-L26,376,WEST SUB-REGION UKRAINE REGION,RAILROAD YARDS & SHOPS- USSR,0233,0055,376 0233-0055
C213-L29,C213,C213-L26,376,WEST SUB-REGION UKRAINE REGION,RAILROAD YARDS & SHOPS- USSR,0233,0056,376 0233-0056
C213-L30,C213,C213-L26,230,MACHINE TOOLS,,0233,0236,230 0233-0236
C213-L31,C213,C213-L26,275,POPULATION,,0233,9979,275 0233-9979
C213-L33,C213,C213-L32,248,MILITARY TROOP INSTALLATIONS,,0075,,248 0075-
C213-L34,C213,C213-L32,280,"PORTS, MARITIME",,0075,0005,280 0075-0005
C213-L35,C213,C213-L32,227,"LIQUID FUELS, STORAGE NON-REFINERY",,0075,0007,227 0075-0007
C213-L36,C213,C213-L32,275,POPULATION,,0075,9996,275 0075-9996
C213-L39,C213,C213-L37,392,POLAND,RAILROAD YARDS & SHOPS- SATELLITES,0232,0044,392 0232-0044
C213-L40,C213,C213-L37,392,POLAND,RAILROAD YARDS & SHOPS- SATELLITES,0232,0054,392 0232-0054
C213-L41,C213,C213-L37,392,POLAND,RAILROAD YARDS & SHOPS- SATELLITES,0232,0534,392 0232-0534
C213-L42,C213,C213-L37,392,POLAND,RAILROAD YARDS & SHOPS- SATELLITES,0232,0942,392 0232-0942
C214-L02,C214,C213-L37,248,MILITARY TROOP INSTALLATIONS,,0232,1303,248 0232-1303
C214-L03,C214,C213-L37,275,POPULATION,,0232,9836,275 0232-9836
C214-L06,C214,C214-L04,248,MILITARY TROOP INSTALLATIONS,,0232,1288,248 0232-1288
C214-L07,C214,C214-L04,248,MILITARY TROOP INSTALLATIONS,,0232,1289,248 0232-1289
C214-L08,C214,C214-L04,275,POPULATION,,0232,9864,275 0232-9864
C214-L10,C214,C214-L09,376,WEST SUB-REGION UKRAINE REGION,RAILROAD YARDS & SHOPS- USSR,0232,0483,376 0232-0483
C214-L11,C214,C214-L09,275,POPULATION,,0232,9812,275 0232-9812
C214-L13,C214,C214-L12,392,POLAND,RAILROAD YARDS & SHOPS- SATELLITES,0232,0922,392 0232-0922
C214-L14,C214,C214-L12,275,POPULATION,,0232,9759,275 0232-9759
C214-L18,C214,C214-L15,227,"LIQUID FUELS, STORAGE NON-REFINERY",,0153,,227 0153-
C214-L19,C214,C214-L15,227,"LIQUID FUELS, STORAGE NON-REFINERY",,0153,,227 0153-
C214-L20,C214,C214-L15,290,RAILROAD BRIDGES,,0153,0295,290 0153-0295
C214-L21,C214,C214-L15,056,"BRIDGES, HWY",,0153,0298,056 0153-0298
C214-L22,C214,C214-L15,290,RAILROAD BRIDGES,,0153,0305,290 0153-0305
C214-L23,C214,C214-L15,290,RAILROAD BRIDGES,,0153,0307,290 0153-0307
C214-L24,C214,C214-L15,358,NORTHERN REGION,RAILROAD YARDS & SHOPS- USSR,0153,0565,358 0153-0565
C214-L25,C214,C214-L15,248,MILITARY TROOP INSTALLATIONS,,0153,0654,248 0153-0654
C214-L26,C214,C214-L15,248,MILITARY TROOP INSTALLATIONS,,0153,0655,248 0153-0655
C214-L27,C214,C214-L15,245,"MILITARY STORAGE AREAS, AIR FORCE",,0153,0667,245 0153-0667
C214-L28,C214,C214-L15,275,POPULATION,,0153,9868,275 0153-9868
C214-L30,C214,C214-L29,280,"PORTS, MARITIME",,0169,0029,280 0169-0029
C214-L31,C214,C214-L29,275,POPULATION,,0169,9947,275 0169-9947
C214-L33,C214,C214-L32,275,POPULATION,,0169,,275 0169-
C214-L34,C214,C214-L32,280,"PORTS, MARITIME",,0169,1163,280 0169-1163
C214-L36,C214,C214-L35,227,"LIQUID FUELS, STORAGE NON-REFINERY",,0102,,227 0102-
C214-L37,C214,C214-L35,275,POPULATION,,0102,9954,275 0102-9954
C214-L39,C214,C214-L38,275,POPULATION,,0076,,275 0076-
C214-L40,C214,C214-L38,284,RADAR INSTALLATIONS,,0076,,284 0076-
C214-L42,C214,C214-L41,390,HUNGARY,RAILROAD YARDS & SHOPS- SATELLITES,0251,0729,390 0251-0729
C215-L04,C215,C214-L41,275,POPULATION,,0251,9802,275 0251-9802
C215-L06,C215,C215-L05,227,"LIQUID FUELS, STORAGE NON-REFINERY",,0153,,227 0153-
C215-L07,C215,C215-L05,280,"PORTS, MARITIME",,0153,0420,280 0153-0420
C215-L08,C215,C215-L05,275,POPULATION,,0153,9905,275 0153-9905
C215-L11,C215,C215-L09,230,MACHINE TOOLS,,0248,0016,230 0248-0016
C215-L12,C215,C215-L09,275,POPULATION,,0248,9977,275 0248-9977
C215-L15,C215,C215-L13,227,"LIQUID FUELS, STORAGE NON-REFINERY",,0248,0049,227 0248-0049
C215-L16,C215,C215-L13,350,CAUCASUS REGION,RAILROAD YARDS & SHOPS- USSR,0248,0050,350 0248-0050
C215-L17,C215,C215-L13,275,POPULATION,,0248,9962,275 0248-9962
C215-L20,C215,C215-L18,376,WEST SUB-REGION UKRAINE REGION,RAILROAD YARDS & SHOPS- USSR,0233,0040,376 0233-0040
C215-L21,C215,C215-L18,275,POPULATION,,0233,9978,275 0233-9978
C215-L23,C215,C215-L22,240,"MILITARY CONTROLS, AIR FORCE",,0380,,240 0380-
C215-L24,C215,C215-L22,241,"MILITARY HQS, ARMY",,0380,,241 0380-
C215-L25,C215,C215-L22,241,"MILITARY HQS, ARMY",,0380,,241 0380-
C215-L26,C215,C215-L22,241,"MILITARY HQS, ARMY",,0380,,241 0380-
C215-L27,C215,C215-L22,243,MILITARY SCHOOLS,,0380,,243 0380-
C215-L28,C215,C215-L22,354,EAST SIBERIAN & FAR EASTERN REGION,RAILROAD YARDS & SHOPS- USSR,0380,,354 0380-
C215-L29,C215,C215-L22,430,STEEL,,0380,0112,430 0380-0112
C215-L30,C215,C215-L22,290,RAILROAD BRIDGES,,0380,0216,290 0380-0216
C215-L31,C215,C215-L22,208,GOVERNMENT CONTROL CENTERS,,0380,0257,208 0380-0257
C215-L32,C215,C215-L22,275,POPULATION,,0380,9910,275 0380-9910
C215-L34,C215,C215-L33,275,POPULATION,,0380,,275 0380-
C215-L35,C215,C215-L33,393,NORTH KOREA,RAILROAD YARDS & SHOPS- SATELLITES,0380,0240,393 0380-0240
C215-L37,C215,C215-L36,214,"GUNS, SMALL ARMS",,0232,0349,214 0232-0349
C215-L38,C215,C215-L36,230,MACHINE TOOLS,,0232,0349,230 0232-0349
C215-L39,C215,C215-L36,392,POLAND,RAILROAD YARDS & SHOPS- SATELLITES,0232,0923,392 0232-0923
C215-L40,C215,C215-L36,336,POLAND,RAILROAD EQUIP REPAIR PLANTS-SATTELITES,0232,0932,336 0232-0932
C215-L41,C215,C215-L36,275,POPULATION,,0232,9890,275 0232-9890
C215-L43,C215,C215-L42,282,PROPELLANTS,,0232,0024,282 0232-0024
C215-L44,C215,C215-L42,275,POPULATION,,0232,9891,275 0232-9891
C216-L02,C216,C215-L45,010,AGRICULTURAL EQUIPMENT,,0232,1528,010 0232-1528
C216-L03,C216,C215-L45,275,POPULATION,,0232,9833,275 0232-9833
C216-L05,C216,C216-L04,248,MILITARY TROOP INSTALLATIONS,,0231,3499,248 0231-3499
C216-L06,C216,C216-L04,235,METAL FORMING EQUIPMENT,,0231,3539,235 0231-3539
C216-L07,C216,C216-L04,275,POPULATION,,0231,9097,275 0231-9097
C216-L09,C216,C216-L08,188,CZECHOSLOVAKIA,ELECTRIC POWER - SATELLITES,0231,0744,188 0231-0744
C216-L10,C216,C216-L08,275,POPULATION,,0231,9426,275 0231-9426
C216-L12,C216,C216-L11,275,POPULATION,,0231,,275 0231-
C216-L13,C216,C216-L11,386,CZECHOSLOVAKIA,RAILROAD YARDS & SHOPS- SATELLITES,0231,2856,386 0231-2856
C216-L15,C216,C216-L14,016,AIRFRAMES,,0167,0130,016 0167-0130
C216-L16,C216,C216-L14,275,POPULATION,,0167,9968,275 0167-9968
C216-L21,C216,C216-L19,246,"MILITARY STORAGE AREAS, ARMY & NAVY",,0169,0474,246 0169-0474
C216-L22,C216,C216-L19,264,OPTICAL EQUIPMENT,,0169,0623,264 0169-0623
C216-L23,C216,C216-L19,268,"PERISCOPES, SUBMARINE",,0169,0623,268 0169-0623
C216-L24,C216,C216-L19,055,"BOILERS, HIGH PRESSURE",,0169,1164,055 0169-1164
C216-L25,C216,C216-L19,248,MILITARY TROOP INSTALLATIONS,,0169,1220,248 0169-1220
C216-L26,C216,C216-L19,275,POPULATION,,0169,9996,275 0169-9996
C216-L28,C216,C216-L27,006,"ABRASIVES, CRUDE",,0232,0890,006 0232-0890
C216-L29,C216,C216-L27,055,"BOILERS, HIGH PRESSURE",,0232,0953,055 0232-0953
C216-L30,C216,C216-L27,445,SULFURIC ACID,,0232,1046,445 0232-1046
C216-L31,C216,C216-L27,275,POPULATION,,0232,9834,275 0232-9834
C216-L34,C216,C216-L32,226,"LIQUID FUELS, STORAGE AT REFINERIES",,0232,0063,226 0232-0063
C216-L35,C216,C216-L32,275,POPULATION,,0232,9879,275 0232-9879
C216-L37,C216,C216-L36,281,"PORTS, INLAND",,0232,0338,281 0232-0338
C216-L38,C216,C216-L36,056,"BRIDGES, HWY",,0232,0714,056 0232-0714
C216-L39,C216,C216-L36,056,"BRIDGES, HWY",,0232,0715,056 0232-0715
C216-L40,C216,C216-L36,228,LOCKS & DAMS,,0232,1189,228 0232-1189
C216-L41,C216,C216-L36,248,MILITARY TROOP INSTALLATIONS,,0232,1280,248 0232-1280
C216-L42,C216,C216-L36,275,POPULATION,,0232,9653,275 0232-9653
C216-L45,C216,C216-L43,392,POLAND,RAILROAD YARDS & SHOPS- SATELLITES,0232,0562,392 0232-0562
C216-L46,C216,C216-L43,022,"AMMONIA, SYNTHETIC",,0232,1013,022 0232-1013
C217-L02,C217,C216-L43,275,POPULATION,,0232,9885,275 0232-9885
C217-L05,C217,C217-L03,075,COKE CHEMICALS,,0232,0064,075 0232-0064
C217-L06,C217,C217-L03,225,"LIQUID FUEL PLANTS, SYNTHETIC",,0232,0064,225 0232-0064
C217-L07,C217,C217-L03,226,"LIQUID FUELS, STORAGE AT REFINERIES",,0232,0064,226 0232-0064
C217-L08,C217,C217-L03,275,POPULATION,,0232,9816,275 0232-9816
C217-L10,C217,C217-L09,196,POLAND,ELECTRIC POWER - SATELLITES,0232,0394,196 0232-0394
C217-L11,C217,C217-L09,275,POPULATION,,0232,9604,275 0232-9604
C217-L13,C217,C217-L12,196,POLAND,ELECTRIC POWER - SATELLITES,0232,0395,196 0232-0395
C217-L14,C217,C217-L12,275,POPULATION,,0232,9603,275 0232-9603
C217-L16,C217,C217-L15,275,POPULATION,,0232,,275 0232-
C217-L17,C217,C217-L15,230,MACHINE TOOLS,,0232,0542,230 0232-0542
C217-L19,C217,C217-L18,075,COKE CHEMICALS,,0232,0653,075 0232-0653
C217-L20,C217,C217-L18,250,MINING MACHINERY,,0232,0786,250 0232-0786
C217-L21,C217,C217-L18,275,POPULATION,,0232,9601,275 0232-9601
C217-L23,C217,C217-L22,376,WEST SUB-REGION UKRAINE REGION,RAILROAD YARDS & SHOPS- USSR,0232,0538,376 0232-0538
C217-L24,C217,C217-L22,275,POPULATION,,0232,9994,275 0232-9994
C217-L26,C217,C217-L25,275,POPULATION,,0232,,275 0232-
C217-L27,C217,C217-L25,392,POLAND,RAILROAD YARDS & SHOPS- SATELLITES,0232,1108,392 0232-1108
C217-L29,C217,C217-L28,227,"LIQUID FUELS, STORAGE NON-REFINERY",,0203,,227 0203-
C217-L30,C217,C217-L28,275,POPULATION,,0203,9989,275 0203-9989
C217-L33,C217,C217-L31,366,URALS REGION,RAILROAD YARDS & SHOPS- USSR,0165,0315,366 0165-0315
C217-L34,C217,C217-L31,275,POPULATION,,0165,9882,275 0165-9882
C217-L37,C217,C217-L35,376,WEST SUB-REGION UKRAINE REGION,RAILROAD YARDS & SHOPS- USSR,0250,0043,376 0250-0043
C217-L38,C217,C217-L35,275,POPULATION,,0250,9984,275 0250-9984
C217-L40,C217,C217-L39,010,AGRICULTURAL EQUIPMENT,,0251,0210,010 0251-0210
C217-L41,C217,C217-L39,064,CHEMICAL EQUIPMENT,,0251,0210,064 0251-0210
C217-L42,C217,C217-L39,075,COKE CHEMICALS,,0251,0210,075 0251-0210
C217-L43,C217,C217-L39,090,CUTTING TOOLS,,0251,0210,090 0251-0210
C217-L44,C217,C217-L39,095,EARTH MOVING EQUIPMENT,,0251,0210,095 0251-0210
C218-L02,C218,C217-L39,204,FERRO-ALLOYS,,0251,0210,204 0251-0210
C218-L03,C218,C217-L39,250,MINING MACHINERY,,0251,0210,250 0251-0210
C218-L04,C218,C217-L39,262,OIL EXTRACTION EQUIPMENT,,0251,0210,262 0251-0210
C218-L05,C218,C217-L39,270,PIG IRON,,0251,0210,270 0251-0210
C218-L06,C218,C217-L39,294,RAILROAD LOCOMOTIVES,,0251,0210,294 0251-0210
C218-L07,C218,C217-L39,430,STEEL,,0251,0210,430 0251-0210
C218-L08,C218,C217-L39,198,RUMANIA,ELECTRIC POWER - SATELLITES,0251,0491,198 0251-0491
C218-L09,C218,C217-L39,275,POPULATION,,0251,9912,275 0251-9912
C218-L11,C218,C218-L10,198,RUMANIA,ELECTRIC POWER - SATELLITES,0251,0486,198 0251-0486
C218-L12,C218,C218-L10,275,POPULATION,,0251,9800,275 0251-9800
C218-L14,C218,C218-L13,275,POPULATION,,0251,,275 0251-
C218-L15,C218,C218-L13,010,AGRICULTURAL EQUIPMENT,,0251,0678,010 0251-0678
C218-L17,C218,C218-L16,275,POPULATION,,0251,,275 0251-
C218-L18,C218,C218-L16,198,RUMANIA,ELECTRIC POWER - SATELLITES,0251,0661,198 0251-0661
C218-L21,C218,C218-L19,227,"LIQUID FUELS, STORAGE NON-REFINERY",,0156,,227 0156-
C218-L22,C218,C218-L19,430,STEEL,,0156,0033,430 0156-0033
C218-L23,C218,C218-L19,084,"COPPER, SMELTED",,0156,0208,084 0156-0208
C218-L24,C218,C218-L19,275,POPULATION,,0156,9969,275 0156-9969
C218-L26,C218,C218-L25,270,PIG IRON,,0156,0071,270 0156-0071
C218-L27,C218,C218-L25,275,POPULATION,,0156,9982,275 0156-9982
C218-L30,C218,C218-L28,227,"LIQUID FUELS, STORAGE NON-REFINERY",,0156,,227 0156-
C218-L31,C218,C218-L28,275,POPULATION,,0156,9946,275 0156-9946
C218-L33,C218,C218-L32,430,STEEL,,0156,0031,430 0156-0031
C218-L34,C218,C218-L32,445,SULFURIC ACID,,0156,0214,445 0156-0214
C218-L35,C218,C218-L32,118,URALS,ELECTRIC POWER - MAJOR GRIDS,0156,0319,118 0156-0319
C218-L36,C218,C218-L32,118,URALS,ELECTRIC POWER - MAJOR GRIDS,0156,0416,118 0156-0416
C218-L37,C218,C218-L32,275,POPULATION,,0156,9989,275 0156-9989
C218-L40,C218,C218-L38,215,HIGH EXPLOSIVES,,0156,0185,215 0156-0185
C218-L41,C218,C218-L38,282,PROPELLANTS,,0156,0185,282 0156-0185
C218-L42,C218,C218-L38,260,"NICKEL, SMELTED",,0156,0209,260 0156-0209
C218-L43,C218,C218-L38,275,POPULATION,,0156,9993,275 0156-9993
C218-L45,C218,C218-L44,405,RUBBER TIRES,,0231,0499,405 0231-0499
C218-L46,C218,C218-L44,056,"BRIDGES, HWY",,0231,0574,056 0231-0574
C218-L47,C218,C218-L44,290,RAILROAD BRIDGES,,0231,0574,290 0231-0574
C218-L48,C218,C218-L44,227,"LIQUID FUELS, STORAGE NON-REFINERY",,0231,0886,227 0231-0886
C219-L03,C219,C218-L44,430,STEEL,,0231,1111,430 0231-1111
C219-L04,C219,C218-L44,281,"PORTS, INLAND",,0231,1398,281 0231-1398
C219-L05,C219,C218-L44,388,EAST GERMANY,RAILROAD YARDS & SHOPS- SATELLITES,0231,1482,388 0231-1482
C219-L06,C219,C218-L44,227,"LIQUID FUELS, STORAGE NON-REFINERY",,0231,2808,227 0231-2808 || 275 0231-9891
C219-L06,C219,C218-L44,275,POPULATION,,0231,9891,227 0231-2808 || 275 0231-9891
C219-L08,C219,C219-L07,275,POPULATION,,0231,,275 0231-
C219-L09,C219,C219-L07,264,OPTICAL EQUIPMENT,,0231,2757,264 0231-2757 || DOEBELN E GER 5107-01308
C219-L10,C219,C219-L09,275,POPULATION,,0231,,275 0231-
C219-L11,C219,C219-L09,388,EAST GERMANY,RAILROAD YARDS & SHOPS- SATELLITES,0231,2776,388 0231-2776
C219-L13,C219,C219-L12,388,EAST GERMANY,RAILROAD YARDS & SHOPS- SATELLITES,0231,2735,388 0231-2735
C219-L14,C219,C219-L12,275,POPULATION,,0231,9139,275 0231-9139
C219-L15,C219,C219-L15,275,POPULATION,,0231,,GRODITZ E GER 5124-01325 || 275 0231-
C219-L16,C219,C219-L15,430,STEEL,,0231,1756,430 0231-1756
C219-L17,C219,C219-L17,062,CAUSTIC SODA,,0231,2230,NUENCHRITZ E GER 5118-01324 || 062 0231-2230
C219-L18,C219,C219-L17,068,CHLORINE,,0231,2230,068 0231-2230
C219-L19,C219,C219-L17,445,SULFURIC ACID,,0231,2230,445 0231-2230
C219-L20,C219,C219-L17,275,POPULATION,,0231,9369,275 0231-9369
C219-L21,C219,C219-L21,275,POPULATION,,0231,,OSCHATZ E GER 5118-01305 || 275 0231-
C219-L22,C219,C219-L21,248,MILITARY TROOP INSTALLATIONS,,0231,3769,248 0231-3769 || ZEITHAIN E GER 5121-01319
C219-L23,C219,C219-L22,275,POPULATION,,0231,,275 0231-
C219-L24,C219,C219-L22,023,AMMUNITION,,0231,0607,023 0231-0607
C219-L25,C219,C219-L22,246,"MILITARY STORAGE AREAS, ARMY & NAVY",,0231,0607,246 0231-0607
C219-L31,C219,C219-L26,227,"LIQUID FUELS, STORAGE NON-REFINERY",,0153,,227 0153-
C219-L32,C219,C219-L26,240,"MILITARY CONTROLS, AIR FORCE",,0153,,240 0153-
C219-L33,C219,C219-L26,241,"MILITARY HQS, ARMY",,0153,,241 0153-
C219-L34,C219,C219-L26,437,SUBMARINE BASES,,0153,0023,437 0153-0023
C219-L35,C219,C219-L26,280,"PORTS, MARITIME",,0153,0024,280 0153-0024
C219-L36,C219,C219-L26,227,"LIQUID FUELS, STORAGE NON-REFINERY",,0153,0025,227 0153-0025
C219-L37,C219,C219-L26,285,RADIO & TELEVISION,,0153,0026,285 0153-0026
C219-L38,C219,C219-L26,170,WEST ECONOMIC REGION,ELECTRIC POWER - OUTSIDE GRIDS,0153,0059,170 0153-0059
C219-L39,C219,C219-L26,445,SULFURIC ACID,,0153,0075,445 0153-0075
C219-L40,C219,C219-L26,370,WESTERN REGION,RAILROAD YARDS & SHOPS- USSR,0153,0113,370 0153-0113
C219-L41,C219,C219-L26,370,WESTERN REGION,RAILROAD YARDS & SHOPS- USSR,0153,0150,370 0153-0150
C219-L42,C219,C219-L26,420,SHIP REPAIR,,0153,0166,420 0153-0166
C219-L43,C219,C219-L26,285,RADIO & TELEVISION,,0153,0200,285 0153-0200
C219-L44,C219,C219-L26,370,WESTERN REGION,RAILROAD YARDS & SHOPS- USSR,0153,0206,370 0153-0206
C219-L45,C219,C219-L26,296,RAILROAD PASSENGER CARS,,0153,0218,296 0153-0218
C219-L46,C219,C219-L26,056,"BRIDGES, HWY",,0153,0297,056 0153-0297
C219-L47,C219,C219-L26,290,RAILROAD BRIDGES,,0153,0297,290 0153-0297
C219-L48,C219,C219-L26,290,RAILROAD BRIDGES,,0153,0312,290 0153-0312
C220-L04,C220,C219-L26,370,WESTERN REGION,RAILROAD YARDS & SHOPS- USSR,0153,0315,370 0153-0315
C220-L05,C220,C219-L26,370,WESTERN REGION,RAILROAD YARDS & SHOPS- USSR,0153,0316,370 0153-0316
C220-L06,C220,C219-L26,280,"PORTS, MARITIME",,0153,0379,280 0153-0379
C220-L07,C220,C219-L26,370,WESTERN REGION,RAILROAD YARDS & SHOPS- USSR,0153,0382,370 0153-0382
C220-L08,C220,C219-L26,370,WESTERN REGION,RAILROAD YARDS & SHOPS- USSR,0153,0384,370 0153-0384
C220-L09,C220,C219-L26,370,WESTERN REGION,RAILROAD YARDS & SHOPS- USSR,0153,0385,370 0153-0385
C220-L10,C220,C219-L26,370,WESTERN REGION,RAILROAD YARDS & SHOPS- USSR,0153,0386,370 0153-0386
C220-L11,C220,C219-L26,227,"LIQUID FUELS, STORAGE NON-REFINERY",,0153,0483,227 0153-0483
C220-L12,C220,C219-L26,246,"MILITARY STORAGE AREAS, ARMY & NAVY",,0153,0491,246 0153-0491
C220-L13,C220,C219-L26,266,PENICILLIN,,0153,0493,266 0153-0493
C220-L14,C220,C219-L26,170,WEST ECONOMIC REGION,ELECTRIC POWER - OUTSIDE GRIDS,0153,0497,170 0153-0497
C220-L15,C220,C219-L26,485,"TURBINES, HEAVY",,0153,0506,485 0153-0506
C220-L16,C220,C219-L26,208,GOVERNMENT CONTROL CENTERS,,0153,0555,208 0153-0555
C220-L17,C220,C219-L26,246,"MILITARY STORAGE AREAS, ARMY & NAVY",,0153,0603,246 0153-0603
C220-L18,C220,C219-L26,248,MILITARY TROOP INSTALLATIONS,,0153,0604,248 0153-0604
C220-L19,C220,C219-L26,248,MILITARY TROOP INSTALLATIONS,,0153,0605,248 0153-0605
C220-L20,C220,C219-L26,170,WEST ECONOMIC REGION,ELECTRIC POWER - OUTSIDE GRIDS,0153,0623,170 0153-0623
C220-L21,C220,C219-L26,275,POPULATION,,0153,9998,275 0153-9998
C220-L23,C220,C220-L22,275,POPULATION,,0153,,275 0153-
C220-L24,C220,C220-L22,370,WESTERN REGION,RAILROAD YARDS & SHOPS- USSR,0153,0258,370 0153-0258
C220-L25,C220,C220-L22,420,SHIP REPAIR,,0153,0387,420 0153-0387
C220-L27,C220,C220-L26,290,RAILROAD BRIDGES,,0251,0828,290 0251-0828
C220-L28,C220,C220-L26,246,"MILITARY STORAGE AREAS, ARMY & NAVY",,0251,0854,246 0251-0854
C220-L29,C220,C220-L26,246,"MILITARY STORAGE AREAS, ARMY & NAVY",,0251,0855,246 0251-0855
C220-L30,C220,C220-L26,010,AGRICULTURAL EQUIPMENT,,0251,0952,010 0251-0952
C220-L31,C220,C220-L26,275,POPULATION,,0251,9818,275 0251-9818
C220-L33,C220,C220-L32,394,RUMANIA,RAILROAD YARDS & SHOPS- SATELLITES,0251,0121,394 0251-0121
C220-L34,C220,C220-L32,275,POPULATION,,0251,9917,275 0251-9917
C220-L37,C220,C220-L35,374,WEST SUB-REGION CENTRAL IND REGION,RAILROAD YARDS & SHOPS- USSR,0167,0144,374 0167-0144
C220-L38,C220,C220-L35,275,POPULATION,,0167,9993,275 0167-9993
C220-L41,C220,C220-L39,362,SOUTHERN SUB-REGION CENTRAL IND REG,RAILROAD YARDS & SHOPS- USSR,0234,0478,362 0234-0478
C220-L42,C220,C220-L39,275,POPULATION,,0234,9788,275 0234-9788
C220-L44,C220,C220-L43,415,SHIPBUILDING,,0169,0193,415 0169-0193
C220-L45,C220,C220-L43,420,SHIP REPAIR,,0169,0193,420 0169-0193
C220-L46,C220,C220-L43,440,SUBMARINE DIESEL ENGINES,,0169,0210,440 0169-0210
C220-L47,C220,C220-L43,227,"LIQUID FUELS, STORAGE NON-REFINERY",,0169,0211,227 0169-0211
C220-L48,C220,C220-L43,190,EAST GERMANY,ELECTRIC POWER - SATELLITES,0169,0445,190 0169-0445
C221-L02,C221,C220-L43,280,"PORTS, MARITIME",,0169,0471,280 0169-0471
C221-L03,C221,C220-L43,388,EAST GERMANY,RAILROAD YARDS & SHOPS- SATELLITES,0169,0589,388 0169-0589
C221-L04,C221,C220-L43,208,GOVERNMENT CONTROL CENTERS,,0169,1136,208 0169-1136
C221-L05,C221,C220-L43,248,MILITARY TROOP INSTALLATIONS,,0169,1221,248 0169-1221
C221-L06,C221,C220-L43,242,"MILITARY HQS, NAVY",,0169,1550,242 0169-1550
C221-L07,C221,C220-L43,275,POPULATION,,0169,9995,275 0169-9995
C221-L09,C221,C221-L08,415,SHIPBUILDING,,0169,0194,415 0169-0194
C221-L10,C221,C221-L08,420,SHIP REPAIR,,0169,0194,420 0169-0194
C221-L11,C221,C221-L08,280,"PORTS, MARITIME",,0169,0473,280 0169-0473
C221-L12,C221,C221-L08,388,EAST GERMANY,RAILROAD YARDS & SHOPS- SATELLITES,0169,0641,388 0169-0641
C221-L13,C221,C221-L08,227,"LIQUID FUELS, STORAGE NON-REFINERY",,0169,1016,227 0169-1016
C221-L14,C221,C221-L08,275,POPULATION,,0169,9900,275 0169-9900
C221-L19,C221,C221-L15,240,"MILITARY CONTROLS, AIR FORCE",,0249,,240 0249-
C221-L20,C221,C221-L15,241,"MILITARY HQS, ARMY",,0249,,241 0249-
C221-L21,C221,C221-L15,302,CAUCASUS REGION,RAILROAD EQUIPMENT REPAIR PLANTS-USSR,0249,0020,302 0249-0020
C221-L22,C221,C221-L15,430,STEEL,,0249,0020,430 0249-0020
C221-L23,C221,C221-L15,280,"PORTS, MARITIME",,0249,0028,280 0249-0028
C221-L24,C221,C221-L15,106,DNEPR-DONETS,ELECTRIC POWER - MAJOR GRIDS,0249,0033,106 0249-0033
C221-L25,C221,C221-L15,010,AGRICULTURAL EQUIPMENT,,0249,0034,010 0249-0034
C221-L26,C221,C221-L15,016,AIRFRAMES,,0249,0066,016 0249-0066
C221-L27,C221,C221-L15,350,CAUCASUS REGION,RAILROAD YARDS & SHOPS- USSR,0249,0067,350 0249-0067
C221-L28,C221,C221-L15,056,"BRIDGES, HWY",,0249,0068,056 0249-0068
C221-L29,C221,C221-L15,056,"BRIDGES, HWY",,0249,0070,056 0249-0070
C221-L30,C221,C221-L15,290,RAILROAD BRIDGES,,0249,0071,290 0249-0071
C221-L31,C221,C221-L15,290,RAILROAD BRIDGES,,0249,0072,290 0249-0072
C221-L32,C221,C221-L15,350,CAUCASUS REGION,RAILROAD YARDS & SHOPS- USSR,0249,0073,350 0249-0073
C221-L33,C221,C221-L15,010,AGRICULTURAL EQUIPMENT,,0249,0158,010 0249-0158
C221-L34,C221,C221-L15,227,"LIQUID FUELS, STORAGE NON-REFINERY",,0249,0195,227 0249-0195
C221-L35,C221,C221-L15,106,DNEPR-DONETS,ELECTRIC POWER - MAJOR GRIDS,0249,0265,106 0249-0265
C221-L36,C221,C221-L15,208,GOVERNMENT CONTROL CENTERS,,0249,0292,208 0249-0292
C221-L37,C221,C221-L15,285,RADIO & TELEVISION,,0249,0352,285 0249-0352
C221-L38,C221,C221-L15,243,MILITARY SCHOOLS,,0249,0362,243 0249-0362
C221-L39,C221,C221-L15,245,"MILITARY STORAGE AREAS, AIR FORCE",,0249,0363,245 0249-0363
C221-L40,C221,C221-L15,275,POPULATION,,0249,9994,275 0249-9994
C221-L43,C221,C221-L41,350,CAUCASUS REGION,RAILROAD YARDS & SHOPS- USSR,0249,0079,350 0249-0079
C221-L44,C221,C221-L41,290,RAILROAD BRIDGES,,0249,0179,290 0249-0179
C221-L45,C221,C221-L41,227,"LIQUID FUELS, STORAGE NON-REFINERY",,0249,0320,227 0249-0320
C221-L46,C221,C221-L41,275,POPULATION,,0249,9964,275 0249-9964
C221-L50,C221,C221-L47,294,RAILROAD LOCOMOTIVES,,0249,0022,294 0249-0022
C221-L51,C221,C221-L47,230,MACHINE TOOLS,,0249,0121,230 0249-0121
C221-L52,C221,C221-L47,225,"LIQUID FUEL PLANTS, SYNTHETIC",,0249,0317,225 0249-0317
C222-L02,C222,C221-L47,226,"LIQUID FUELS, STORAGE AT REFINERIES",,0249,0317,226 0249-0317
C222-L03,C222,C221-L47,275,POPULATION,,0249,9975,275 0249-9975
C222-L06,C222,C222-L04,360,NORTHEAST SUB-REGION CENTRAL IND REG,RAILROAD YARDS & SHOPS- USSR,0154,0459,360 0154-0459
C222-L07,C222,C222-L04,275,POPULATION,,0154,9975,275 0154-9975
C222-L09,C222,C222-L08,056,"BRIDGES, HWY",,0231,0813,056 0231-0813
C222-L10,C222,C222-L08,010,AGRICULTURAL EQUIPMENT,,0231,1966,010 0231-1966
C222-L11,C222,C222-L08,056,"BRIDGES, HWY",,0231,3516,056 0231-3516
C222-L12,C222,C222-L08,275,POPULATION,,0231,9910,275 0231-9910
C222-L15,C222,C222-L13,230,MACHINE TOOLS,,0231,0258,230 0231-0258
C222-L16,C222,C222-L13,290,RAILROAD BRIDGES,,0231,0729,290 0231-0729
C222-L17,C222,C222-L13,082,"COPPER, REFINED",,0231,1838,082 0231-1838
C222-L18,C222,C222-L13,275,POPULATION,,0231,9942,275 0231-9942
C222-L20,C222,C222-L19,227,"LIQUID FUELS, STORAGE NON-REFINERY",,0231,1241,227 0231-1241
C222-L21,C222,C222-L19,275,POPULATION,,0231,9457,275 0231-9457
C222-L24,C222,C222-L22,005,"ABRASIVES, BONDED",,0231,0244,005 0231-0244
C222-L25,C222,C222-L22,006,"ABRASIVES, CRUDE",,0231,0244,006 0231-0244
C222-L26,C222,C222-L22,275,POPULATION,,0231,9909,275 0231-9909
C222-L29,C222,C222-L27,246,"MILITARY STORAGE AREAS, ARMY & NAVY",,0233,0263,246 0233-0263
C222-L30,C222,C222-L27,376,WEST SUB-REGION UKRAINE REGION,RAILROAD YARDS & SHOPS- USSR,0233,0274,376 0233-0274
C222-L31,C222,C222-L27,275,POPULATION,,0233,9670,275 0233-9670
C222-L33,C222,C222-L32,376,WEST SUB-REGION UKRAINE REGION,RAILROAD YARDS & SHOPS- USSR,0233,0020,376 0233-0020
C222-L34,C222,C222-L32,275,POPULATION,,0233,9993,275 0233-9993
C222-L37,C222,C222-L35,106,DNEPR-DONETS,ELECTRIC POWER - MAJOR GRIDS,0249,0194,106 0249-0194
C222-L38,C222,C222-L35,095,EARTH MOVING EQUIPMENT,,0249,0360,095 0249-0360
C222-L39,C222,C222-L35,250,MINING MACHINERY,,0249,0360,250 0249-0360
C222-L40,C222,C222-L35,275,POPULATION,,0249,9830,275 0249-9830
C222-L43,C222,C222-L41,368,VOLGA REGION,RAILROAD YARDS & SHOPS- USSR,0166,0162,368 0166-0162
C222-L44,C222,C222-L41,275,POPULATION,,0166,9963,275 0166-9963
C223-L04,C223,C223-L02,095,EARTH MOVING EQUIPMENT,,0239,0003,095 0239-0003
C223-L05,C223,C223-L02,475,TRACTORS,,0239,0003,475 0239-0003
C223-L06,C223,C223-L02,010,AGRICULTURAL EQUIPMENT,,0239,0042,010 0239-0042
C223-L07,C223,C223-L02,175,WEST SIBERIAN ECONOMIC REGION,ELECTRIC POWER - OUTSIDE GRIDS,0239,0047,175 0239-0047
C223-L08,C223,C223-L02,372,WEST SIBERIAN REGION,RAILROAD YARDS & SHOPS- USSR,0239,0053,372 0239-0053
C223-L09,C223,C223-L02,275,POPULATION,,0239,9998,275 0239-9998
C223-L11,C223,C223-L10,227,"LIQUID FUELS, STORAGE NON-REFINERY",,0233,,227 0233-
C223-L12,C223,C223-L10,275,POPULATION,,0233,9683,275 0233-9683
C223-L14,C223,C223-L13,227,"LIQUID FUELS, STORAGE NON-REFINERY",,0167,,227 0167-
C223-L15,C223,C223-L13,275,POPULATION,,0167,9660,275 0167-9660
C223-L17,C223,C223-L16,165,VOLGA ECONOMIC REGION,ELECTRIC POWER - OUTSIDE GRIDS,0235,0041,165 0235-0041
C223-L18,C223,C223-L16,275,POPULATION,,0235,9962,275 0235-9962
C223-L20,C223,C223-L19,248,MILITARY TROOP INSTALLATIONS,,0232,1271,248 0232-1271
C223-L21,C223,C223-L19,275,POPULATION,,0232,9676,275 0232-9676
C223-L25,C223,C223-L22,243,MILITARY SCHOOLS,,0166,,243 0166-
C223-L26,C223,C223-L22,362,SOUTHERN SUB-REGION CENTRAL IND REG,RAILROAD YARDS & SHOPS- USSR,0166,0045,362 0166-0045
C223-L27,C223,C223-L22,112,MOSCOW-GORKIY,ELECTRIC POWER - MAJOR GRIDS,0166,0046,112 0166-0046
C223-L28,C223,C223-L22,010,AGRICULTURAL EQUIPMENT,,0166,0047,010 0166-0047
C223-L29,C223,C223-L22,230,MACHINE TOOLS,,0166,0104,230 0166-0104
C223-L30,C223,C223-L22,362,SOUTHERN SUB-REGION CENTRAL IND REG,RAILROAD YARDS & SHOPS- USSR,0166,0166,362 0166-0166
C223-L31,C223,C223-L22,227,"LIQUID FUELS, STORAGE NON-REFINERY",,0166,0174,227 0166-0174
C223-L32,C223,C223-L22,281,"PORTS, INLAND",,0166,0186,281 0166-0186
C223-L33,C223,C223-L22,281,"PORTS, INLAND",,0166,0190,281 0166-0190
C223-L34,C223,C223-L22,208,GOVERNMENT CONTROL CENTERS,,0166,0206,208 0166-0206
C223-L35,C223,C223-L22,275,POPULATION,,0166,9994,275 0166-9994
C223-L38,C223,C223-L36,227,"LIQUID FUELS, STORAGE NON-REFINERY",,0166,,227 0166-
C223-L39,C223,C223-L36,362,SOUTHERN SUB-REGION CENTRAL IND REG,RAILROAD YARDS & SHOPS- USSR,0166,0051,362 0166-0051
C223-L40,C223,C223-L36,246,"MILITARY STORAGE AREAS, ARMY & NAVY",,0166,0213,246 0166-0213
C223-L41,C223,C223-L36,275,POPULATION,,0166,9964,275 0166-9964
C224-L05,C224,C224-L02,015,AIRCRAFT ENGINES,,0232,0010,015 0232-0010
C224-L06,C224,C224-L02,230,MACHINE TOOLS,,0232,0010,230 0232-0010
C224-L07,C224,C224-L02,245,"MILITARY STORAGE AREAS, AIR FORCE",,0232,0010,245 0232-0010
C224-L08,C224,C224-L02,392,POLAND,RAILROAD YARDS & SHOPS- SATELLITES,0232,0065,392 0232-0065
C224-L09,C224,C224-L02,392,POLAND,RAILROAD YARDS & SHOPS- SATELLITES,0232,0066,392 0232-0066
C224-L10,C224,C224-L02,392,POLAND,RAILROAD YARDS & SHOPS- SATELLITES,0232,0067,392 0232-0067
C224-L11,C224,C224-L02,275,POPULATION,,0232,9889,275 0232-9889
C224-L14,C224,C224-L12,374,WEST SUB-REGION CENTRAL IND REGION,RAILROAD YARDS & SHOPS- USSR,0154,0344,374 0154-0344
C224-L15,C224,C224-L12,281,"PORTS, INLAND",,0154,0410,281 0154-0410
C224-L16,C224,C224-L12,246,"MILITARY STORAGE AREAS, ARMY & NAVY",,0154,0446,246 0154-0446
C224-L17,C224,C224-L12,275,POPULATION,,0154,9968,275 0154-9968
C224-L19,C224,C224-L18,275,POPULATION,,0231,,275 0231-
C224-L20,C224,C224-L18,190,EAST GERMANY,ELECTRIC POWER - SATELLITES,0231,0166,190 0231-0166
C224-L22,C224,C224-L21,388,EAST GERMANY,RAILROAD YARDS & SHOPS- SATELLITES,0231,0806,388 0231-0806
C224-L23,C224,C224-L21,264,OPTICAL EQUIPMENT,,0231,1857,264 0231-1857
C224-L24,C224,C224-L21,230,MACHINE TOOLS,,0231,2766,230 0231-2766
C224-L25,C224,C224-L21,248,MILITARY TROOP INSTALLATIONS,,0231,3457,248 0231-3457
C224-L26,C224,C224-L21,275,POPULATION,,0231,9888,275 0231-9888
C224-L29,C224,C224-L27,090,CUTTING TOOLS,,0231,1938,090 0231-1938
C224-L30,C224,C224-L27,485,"TURBINES, HEAVY",,0231,1938,485 0231-1938
C224-L31,C224,C224-L27,275,POPULATION,,0231,9499,275 0231-9499
C224-L34,C224,C224-L32,202,ELECTRON TUBES,,0231,0365,202 0231-0365
C224-L35,C224,C224-L32,275,POPULATION,,0231,9803,275 0231-9803
C224-L38,C224,C224-L36,275,POPULATION,,0231,,275 0231-
C224-L39,C224,C224-L36,248,MILITARY TROOP INSTALLATIONS,,0231,3456,248 0231-3456
C224-L42,C224,C224-L40,445,SULFURIC ACID,,0231,0503,445 0231-0503
C224-L43,C224,C224-L40,190,EAST GERMANY,ELECTRIC POWER - SATELLITES,0231,2495,190 0231-2495
C224-L44,C224,C224-L40,275,POPULATION,,0231,9188,275 0231-9188
C224-L47,C224,C224-L45,204,FERRO-ALLOYS,,0231,1109,204 0231-1109
C224-L48,C224,C224-L45,270,PIG IRON,,0231,1109,270 0231-1109
C225-L02,C225,C224-L45,430,STEEL,,0231,1109,430 0231-1109
C225-L03,C225,C224-L45,275,POPULATION,,0231,9597,275 0231-9597
C225-L05,C225,C225-L04,010,AGRICULTURAL EQUIPMENT,,0232,0244,010 0232-0244
C225-L06,C225,C225-L04,192,HUNGARY,ELECTRIC POWER - SATELLITES,0232,0525,192 0232-0525
C225-L07,C225,C225-L04,275,POPULATION,,0232,9942,275 0232-9942
C225-L09,C225,C225-L08,248,MILITARY TROOP INSTALLATIONS,,0232,1246,248 0232-1246
C225-L10,C225,C225-L08,275,POPULATION,,0232,9542,275 0232-9542
C225-L12,C225,C225-L11,060,CALCIUM CARBIDE,,0232,0885,060 0232-0885
C225-L13,C225,C225-L11,204,FERRO-ALLOYS,,0232,0885,204 0232-0885
C225-L14,C225,C225-L11,275,POPULATION,,0232,9745,275 0232-9745
C225-L16,C225,C225-L15,227,"LIQUID FUELS, STORAGE NON-REFINERY",,0249,,227 0249-
C225-L17,C225,C225-L15,350,CAUCASUS REGION,RAILROAD YARDS & SHOPS- USSR,0249,0318,350 0249-0318
C225-L18,C225,C225-L15,275,POPULATION,,0249,9903,275 0249-9903
C225-L20,C225,C225-L19,227,"LIQUID FUELS, STORAGE NON-REFINERY",,0249,,227 0249-
C225-L21,C225,C225-L19,275,POPULATION,,0249,9865,275 0249-9865
C225-L23,C225,C225-L22,388,EAST GERMANY,RAILROAD YARDS & SHOPS- SATELLITES,0170,,388 0170-
C225-L24,C225,C225-L22,445,SULFURIC ACID,,0170,0489,445 0170-0489
C225-L25,C225,C225-L22,248,MILITARY TROOP INSTALLATIONS,,0170,1103,248 0170-1103
C225-L26,C225,C225-L22,275,POPULATION,,0170,9823,275 0170-9823
C225-L29,C225,C225-L27,135,KAZAKHSTAN-CENTRAL ASIA ECONOMIC REGION,ELECTRIC POWER - OUTSIDE GRIDS,0337,0020,135 0337-0020
C225-L30,C225,C225-L27,135,KAZAKHSTAN-CENTRAL ASIA ECONOMIC REGION,ELECTRIC POWER - OUTSIDE GRIDS,0337,0022,135 0337-0022
C225-L31,C225,C225-L27,445,SULFURIC ACID,,0337,0025,445 0337-0025
C225-L32,C225,C225-L27,208,GOVERNMENT CONTROL CENTERS,,0337,0026,208 0337-0026
C225-L33,C225,C225-L27,275,POPULATION,,0337,9999,275 0337-9999
C225-L35,C225,C225-L34,056,"BRIDGES, HWY",,0324,0013,056 0324-0013
C225-L36,C225,C225-L34,290,RAILROAD BRIDGES,,0324,0034,290 0324-0034
C225-L37,C225,C225-L34,350,CAUCASUS REGION,RAILROAD YARDS & SHOPS- USSR,0324,0132,350 0324-0132
C225-L38,C225,C225-L34,275,POPULATION,,0324,9989,275 0324-9989
C225-L40,C225,C225-L39,382,BULGARIA,RAILROAD YARDS & SHOPS- SATELLITES,0322,0424,382 0322-0424
C225-L41,C225,C225-L39,275,POPULATION,,0322,9754,275 0322-9754
C226-L05,C226,C226-L04,292,RAILROAD FREIGHT CARS,,0232,0879,292 0232-0879
C226-L06,C226,C226-L04,275,POPULATION,,0232,9760,275 0232-9760
C226-L08,C226,C226-L07,275,POPULATION,,0232,,275 0232-
C226-L09,C226,C226-L07,392,POLAND,RAILROAD YARDS & SHOPS- SATELLITES,0232,0915,392 0232-0915
C226-L11,C226,C226-L10,281,"PORTS, INLAND",,0615,0019,281 0615-0019
C226-L12,C226,C226-L10,275,POPULATION,,0615,9991,275 0615-9991
C226-L14,C226,C226-L13,230,MACHINE TOOLS,,0236,0071,230 0236-0071
C226-L15,C226,C226-L13,275,POPULATION,,0236,9964,275 0236-9964
C226-L17,C226,C226-L16,280,"PORTS, MARITIME",,0343,0181,280 0343-0181
C226-L18,C226,C226-L16,275,POPULATION,,0343,9995,275 0343-9995
C226-L21,C226,C226-L19,227,"LIQUID FUELS, STORAGE NON-REFINERY",,0166,,227 0166-
C226-L22,C226,C226-L19,120,CENTRAL INDUSTRIAL REGION,ELECTRIC POWER - OUTSIDE GRIDS,0166,0124,120 0166-0124
C226-L23,C226,C226-L19,275,POPULATION,,0166,9850,275 0166-9850
C226-L26,C226,C226-L24,227,"LIQUID FUELS, STORAGE NON-REFINERY",,0166,,227 0166-
C226-L27,C226,C226-L24,364,SOUTHEAST SUB-REGION CENTRAL IND REG,RAILROAD YARDS & SHOPS- USSR,0166,0168,364 0166-0168
C226-L28,C226,C226-L24,275,POPULATION,,0166,9701,275 0166-9701
C226-L31,C226,C226-L29,285,RADIO & TELEVISION,,0155,0004,285 0155-0004
C226-L32,C226,C226-L29,262,OIL EXTRACTION EQUIPMENT,,0155,0007,262 0155-0007
C226-L33,C226,C226-L29,160,URALS REGION,ELECTRIC POWER - OUTSIDE GRIDS,0155,0019,160 0155-0019
C226-L34,C226,C226-L29,290,RAILROAD BRIDGES,,0155,0082,290 0155-0082
C226-L35,C226,C226-L29,275,POPULATION,,0155,9996,275 0155-9996
C226-L40,C226,C226-L36,054,BIOLOGICAL WARFARE RESEARCH,,0235,,054 0235-
C226-L41,C226,C226-L36,240,"MILITARY CONTROLS, AIR FORCE",,0235,,240 0235-
C226-L42,C226,C226-L36,243,MILITARY SCHOOLS,,0235,,243 0235-
C226-L43,C226,C226-L36,224,"LIQUID FUEL PLANTS, CRUDE",,0235,0001,224 0235-0001
C226-L44,C226,C226-L36,226,"LIQUID FUELS, STORAGE AT REFINERIES",,0235,0001,226 0235-0001
C227-L02,C227,C226-L36,165,VOLGA ECONOMIC REGION,ELECTRIC POWER - OUTSIDE GRIDS,0235,0002,165 0235-0002
C227-L03,C227,C226-L36,016,AIRFRAMES,,0235,0004,016 0235-0004
C227-L04,C227,C226-L36,165,VOLGA ECONOMIC REGION,ELECTRIC POWER - OUTSIDE GRIDS,0235,0007,165 0235-0007
C227-L05,C227,C226-L36,212,"GUNS, MAJOR CALIBER",,0235,0010,212 0235-0010
C227-L06,C227,C226-L36,030,ANTI-FRICTION BEARINGS,,0235,0012,030 0235-0012
C227-L07,C227,C226-L36,320,VOLGA REGION,RAILROAD EQUIPMENT REPAIR PLANTS-USSR,0235,0014,320 0235-0014
C227-L08,C227,C226-L36,368,VOLGA REGION,RAILROAD YARDS & SHOPS- USSR,0235,0016,368 0235-0016
C227-L09,C227,C226-L36,165,VOLGA ECONOMIC REGION,ELECTRIC POWER - OUTSIDE GRIDS,0235,0024,165 0235-0024
C227-L10,C227,C226-L36,290,RAILROAD BRIDGES,,0235,0029,290 0235-0029
C227-L11,C227,C226-L36,050,"BATTERIES, LEAD ACID",,0235,0032,050 0235-0032
C227-L12,C227,C226-L36,230,MACHINE TOOLS,,0235,0059,230 0235-0059
C227-L13,C227,C226-L36,050,"BATTERIES, LEAD ACID",,0235,0060,050 0235-0060
C227-L14,C227,C226-L36,062,CAUSTIC SODA,,0235,0073,062 0235-0073
C227-L15,C227,C226-L36,068,CHLORINE,,0235,0073,068 0235-0073
C227-L16,C227,C226-L36,227,"LIQUID FUELS, STORAGE NON-REFINERY",,0235,0093,227 0235-0093
C227-L17,C227,C226-L36,227,"LIQUID FUELS, STORAGE NON-REFINERY",,0235,0094,227 0235-0094
C227-L18,C227,C226-L36,281,"PORTS, INLAND",,0235,0095,281 0235-0095
C227-L19,C227,C226-L36,281,"PORTS, INLAND",,0235,0099,281 0235-0099
C227-L20,C227,C226-L36,230,MACHINE TOOLS,,0235,0112,230 0235-0112
C227-L21,C227,C226-L36,281,"PORTS, INLAND",,0235,0113,281 0235-0113
C227-L22,C227,C226-L36,281,"PORTS, INLAND",,0235,0117,281 0235-0117
C227-L23,C227,C226-L36,281,"PORTS, INLAND",,0235,0118,281 0235-0118
C227-L24,C227,C226-L36,165,VOLGA ECONOMIC REGION,ELECTRIC POWER - OUTSIDE GRIDS,0235,0135,165 0235-0135
C227-L25,C227,C226-L36,208,GOVERNMENT CONTROL CENTERS,,0235,0144,208 0235-0144
C227-L26,C227,C226-L36,010,AGRICULTURAL EQUIPMENT,,0235,0186,010 0235-0186
C227-L27,C227,C226-L36,275,POPULATION,,0235,9999,275 0235-9999
C227-L30,C227,C227-L28,292,RAILROAD FREIGHT CARS,,0235,0075,292 0235-0075
C227-L31,C227,C227-L28,227,"LIQUID FUELS, STORAGE NON-REFINERY",,0235,0134,227 0235-0134
C227-L32,C227,C227-L28,368,VOLGA REGION,RAILROAD YARDS & SHOPS- USSR,0235,0146,368 0235-0146
C227-L33,C227,C227-L28,275,POPULATION,,0235,9983,275 0235-9983
C227-L35,C227,C227-L34,376,WEST SUB-REGION UKRAINE REGION,RAILROAD YARDS & SHOPS- USSR,0233,0175,376 0233-0175
C227-L36,C227,C227-L34,275,POPULATION,,0233,9792,275 0233-9792
C227-L39,C227,C227-L37,227,"LIQUID FUELS, STORAGE NON-REFINERY",,0166,,227 0166-
C227-L40,C227,C227-L37,364,SOUTHEAST SUB-REGION CENTRAL IND REG,RAILROAD YARDS & SHOPS- USSR,0166,0202,364 0166-0202
C227-L41,C227,C227-L37,275,POPULATION,,0166,9851,275 0166-9851
C227-L44,C227,C227-L42,227,"LIQUID FUELS, STORAGE NON-REFINERY",,0166,,227 0166-
C227-L45,C227,C227-L42,275,POPULATION,,0166,,275 0166-
C227-L47,C227,C227-L46,254,NAVAL OPERATING BASES,,0169,0207,254 0169-0207
C227-L48,C227,C227-L46,280,"PORTS, MARITIME",,0169,0472,280 0169-0472
C228-L02,C228,C227-L46,275,POPULATION,,0169,9759,275 0169-9759
C228-L04,C228,C228-L03,248,MILITARY TROOP INSTALLATIONS,,0169,1219,248 0169-1219
C228-L05,C228,C228-L03,275,POPULATION,,0169,9762,275 0169-9762
C228-L08,C228,C228-L06,204,FERRO-ALLOYS,,0164,0017,204 0164-0017
C228-L09,C228,C228-L06,270,PIG IRON,,0164,0017,270 0164-0017
C228-L10,C228,C228-L06,430,STEEL,,0164,0017,430 0164-0017
C228-L11,C228,C228-L06,275,POPULATION,,0164,9985,275 0164-9985
C228-L14,C228,C228-L12,366,URALS REGION,RAILROAD YARDS & SHOPS- USSR,0164,0169,366 0164-0169
C228-L15,C228,C228-L12,275,POPULATION,,0164,9966,275 0164-9966
C228-L17,C228,C228-L16,390,HUNGARY,RAILROAD YARDS & SHOPS- SATELLITES,0232,1118,390 0232-1118
C228-L18,C228,C228-L16,275,POPULATION,,0232,9553,275 0232-9553
C228-L20,C228,C228-L19,390,HUNGARY,RAILROAD YARDS & SHOPS- SATELLITES,0232,1119,390 0232-1119
C228-L21,C228,C228-L19,275,POPULATION,,0232,9554,275 0232-9554
C228-L23,C228,C228-L22,290,RAILROAD BRIDGES,,0251,0093,290 0251-0093
C228-L24,C228,C228-L22,056,"BRIDGES, HWY",,0251,0094,056 0251-0094
C228-L25,C228,C228-L22,394,RUMANIA,RAILROAD YARDS & SHOPS- SATELLITES,0251,0101,394 0251-0101
C228-L26,C228,C228-L22,394,RUMANIA,RAILROAD YARDS & SHOPS- SATELLITES,0251,0102,394 0251-0102
C228-L27,C228,C228-L22,250,MINING MACHINERY,,0251,0211,250 0251-0211
C228-L28,C228,C228-L22,337,RUMANIA,RAILROAD EQUIP REPAIR PLANTS-SATTELITES,0251,0211,337 0251-0211
C228-L29,C228,C228-L22,248,MILITARY TROOP INSTALLATIONS,,0251,0851,248 0251-0851
C228-L30,C228,C228-L22,248,MILITARY TROOP INSTALLATIONS,,0251,0852,248 0251-0852
C228-L31,C228,C228-L22,275,POPULATION,,0251,9909,275 0251-9909
C228-L33,C228,C228-L32,198,RUMANIA,ELECTRIC POWER - SATELLITES,0251,0492,198 0251-0492
C228-L34,C228,C228-L32,275,POPULATION,,0251,9836,275 0251-9836
C228-L36,C228,C228-L35,392,POLAND,RAILROAD YARDS & SHOPS- SATELLITES,0169,1080,392 0169-1080
C228-L37,C228,C228-L35,275,POPULATION,,0169,9944,275 0169-9944
C228-L39,C228,C228-L38,280,"PORTS, MARITIME",,0169,0699,280 0169-0699
C228-L40,C228,C228-L38,275,POPULATION,,0169,9865,275 0169-9865
C228-L42,C228,C228-L41,392,POLAND,RAILROAD YARDS & SHOPS- SATELLITES,0169,0624,392 0169-0624
C229-L02,C229,C228-L41,336,POLAND,RAILROAD EQUIP REPAIR PLANTS-SATTELITES,0169,1061,336 0169-1061
C229-L03,C229,C228-L41,275,POPULATION,,0169,9951,275 0169-9951
C229-L06,C229,C229-L04,225,"LIQUID FUEL PLANTS, SYNTHETIC",,0231,0211,225 0231-0211
C229-L07,C229,C229-L04,226,"LIQUID FUELS, STORAGE AT REFINERIES",,0231,0211,226 0231-0211
C229-L08,C229,C229-L04,190,EAST GERMANY,ELECTRIC POWER - SATELLITES,0231,0533,190 0231-0533
C229-L09,C229,C229-L04,190,EAST GERMANY,ELECTRIC POWER - SATELLITES,0231,1324,190 0231-1324
C229-L10,C229,C229-L04,190,EAST GERMANY,ELECTRIC POWER - SATELLITES,0231,1338,190 0231-1338
C229-L11,C229,C229-L04,190,EAST GERMANY,ELECTRIC POWER - SATELLITES,0231,2716,190 0231-2716
C229-L12,C229,C229-L04,275,POPULATION,,0231,9887,275 0231-9887
C229-L15,C229,C229-L13,275,POPULATION,,0231,,275 0231-
C229-L16,C229,C229-L13,246,"MILITARY STORAGE AREAS, ARMY & NAVY",,0231,1409,246 0231-1409
C229-L18,C229,C229-L17,275,POPULATION,,0231,,275 0231-
C229-L19,C229,C229-L17,190,EAST GERMANY,ELECTRIC POWER - SATELLITES,0231,2718,190 0231-2718
C229-L21,C229,C229-L20,275,POPULATION,,0231,,275 0231-
C229-L22,C229,C229-L20,248,MILITARY TROOP INSTALLATIONS,,0231,2794,248 0231-2794
C229-L23,C229,C229-L20,248,MILITARY TROOP INSTALLATIONS,,0231,2795,248 0231-2795
C229-L24,C229,C229-L20,248,MILITARY TROOP INSTALLATIONS,,0231,2796,248 0231-2796
C229-L26,C229,C229-L25,275,POPULATION,,0231,,275 0231-
C229-L27,C229,C229-L25,190,EAST GERMANY,ELECTRIC POWER - SATELLITES,0231,1341,190 0231-1341
C229-L28,C229,C229-L25,250,MINING MACHINERY,,0231,1795,250 0231-1795
C229-L29,C229,C229-L25,075,COKE CHEMICALS,,0231,1924,075 0231-1924
C229-L30,C229,C229-L25,190,EAST GERMANY,ELECTRIC POWER - SATELLITES,0231,2713,190 0231-2713
C229-L31,C229,C229-L25,388,EAST GERMANY,RAILROAD YARDS & SHOPS- SATELLITES,0231,3100,388 0231-3100
C229-L34,C229,C229-L32,020,ALUMINA,,0231,1847,020 0231-1847
C229-L35,C229,C229-L32,021,ALUMINUM,,0231,1847,021 0231-1847
C229-L36,C229,C229-L32,275,POPULATION,,0231,9885,275 0231-9885
C229-L38,C229,C229-L37,006,"ABRASIVES, CRUDE",,0231,1848,006 0231-1848
C229-L39,C229,C229-L37,204,FERRO-ALLOYS,,0231,1870,204 0231-1870
C229-L40,C229,C229-L37,275,POPULATION,,0231,9497,275 0231-9497
C229-L42,C229,C229-L41,275,POPULATION,,0231,,275 0231-
C229-L43,C229,C229-L41,190,EAST GERMANY,ELECTRIC POWER - SATELLITES,0231,0544,190 0231-0544
C229-L46,C229,C229-L44,190,EAST GERMANY,ELECTRIC POWER - SATELLITES,0231,0549,190 0231-0549
C229-L47,C229,C229-L44,190,EAST GERMANY,ELECTRIC POWER - SATELLITES,0231,1329,190 0231-1329
C229-L48,C229,C229-L44,388,EAST GERMANY,RAILROAD YARDS & SHOPS- SATELLITES,0231,1921,388 0231-1921
C229-L49,C229,C229-L44,190,EAST GERMANY,ELECTRIC POWER - SATELLITES,0231,2717,190 0231-2717
C229-L50,C229,C229-L44,275,POPULATION,,0231,9887,275 0231-9887
C230-L03,C230,C229-L51,246,"MILITARY STORAGE AREAS, ARMY & NAVY",,0170,0103,246 0170-0103
C230-L04,C230,C229-L51,388,EAST GERMANY,RAILROAD YARDS & SHOPS- SATELLITES,0170,0967,388 0170-0967
C230-L05,C230,C229-L51,208,GOVERNMENT CONTROL CENTERS,,0170,1001,208 0170-1001
C230-L06,C230,C229-L51,248,MILITARY TROOP INSTALLATIONS,,0170,1105,248 0170-1105
C230-L07,C230,C229-L51,248,MILITARY TROOP INSTALLATIONS,,0170,1106,248 0170-1106
C230-L08,C230,C229-L51,248,MILITARY TROOP INSTALLATIONS,,0170,1107,248 0170-1107
C230-L09,C230,C229-L51,248,MILITARY TROOP INSTALLATIONS,,0170,1108,248 0170-1108
C230-L10,C230,C229-L51,227,"LIQUID FUELS, STORAGE NON-REFINERY",,0170,1185,227 0170-1185
C230-L11,C230,C229-L51,275,POPULATION,,0170,9932,275 0170-9932
C230-L13,C230,C230-L12,275,POPULATION,,0170,,275 0170-
C230-L14,C230,C230-L12,388,EAST GERMANY,RAILROAD YARDS & SHOPS- SATELLITES,0170,0960,388 0170-0960
C230-L16,C230,C230-L15,140,NORTHWEST ECONOMIC REGION,ELECTRIC POWER - OUTSIDE GRIDS,0102,0035,140 0102-0035
C230-L17,C230,C230-L15,275,POPULATION,,0102,9931,275 0102-9931
C230-L20,C230,C230-L18,016,AIRFRAMES,,0282,0015,016 0282-0015
C230-L21,C230,C230-L18,246,"MILITARY STORAGE AREAS, ARMY & NAVY",,0282,0016,246 0282-0016
C230-L22,C230,C230-L18,275,POPULATION,,0282,9996,275 0282-9996
C230-L24,C230,C230-L23,275,POPULATION,,0282,,275 0282-
C230-L25,C230,C230-L23,246,"MILITARY STORAGE AREAS, ARMY & NAVY",,0282,0071,246 0282-0071
C230-L27,C230,C230-L26,246,"MILITARY STORAGE AREAS, ARMY & NAVY",,0282,0078,246 0282-0078
C230-L28,C230,C230-L26,275,POPULATION,,0282,9962,275 0282-9962
C230-L31,C230,C230-L29,227,"LIQUID FUELS, STORAGE NON-REFINERY",,0282,0056,227 0282-0056
C230-L32,C230,C230-L29,275,POPULATION,,0282,9946,275 0282-9946
C230-L35,C230,C230-L33,372,WEST SIBERIAN REGION,RAILROAD YARDS & SHOPS- USSR,0239,0038,372 0239-0038
C230-L36,C230,C230-L33,208,GOVERNMENT CONTROL CENTERS,,0239,0054,208 0239-0054
C230-L37,C230,C230-L33,281,"PORTS, INLAND",,0239,0060,281 0239-0060
C230-L38,C230,C230-L33,275,POPULATION,,0239,9999,275 0239-9999
C230-L41,C230,C230-L39,360,NORTHEAST SUB-REGION CENTRAL IND REG,RAILROAD YARDS & SHOPS- USSR,0166,0212,360 0166-0212
C230-L42,C230,C230-L39,275,POPULATION,,0166,9855,275 0166-9855
C231-L02,C231,C230-L43,227,"LIQUID FUELS, STORAGE NON-REFINERY",,0156,,227 0156-
C231-L03,C231,C230-L43,204,FERRO-ALLOYS,,0156,0038,204 0156-0038
C231-L04,C231,C230-L43,270,PIG IRON,,0156,0038,270 0156-0038
C231-L05,C231,C230-L43,430,STEEL,,0156,0038,430 0156-0038
C231-L06,C231,C230-L43,118,URALS,ELECTRIC POWER - MAJOR GRIDS,0156,0054,118 0156-0054
C231-L07,C231,C230-L43,366,URALS REGION,RAILROAD YARDS & SHOPS- USSR,0156,0351,366 0156-0351
C231-L08,C231,C230-L43,366,URALS REGION,RAILROAD YARDS & SHOPS- USSR,0156,0352,366 0156-0352
C231-L09,C231,C230-L43,275,POPULATION,,0156,9990,275 0156-9990
C231-L12,C231,C231-L10,118,URALS,ELECTRIC POWER - MAJOR GRIDS,0156,0358,118 0156-0358
C231-L13,C231,C231-L10,118,URALS,ELECTRIC POWER - MAJOR GRIDS,0156,0395,118 0156-0395
C231-L14,C231,C231-L10,118,URALS,ELECTRIC POWER - MAJOR GRIDS,0156,0415,118 0156-0415
C231-L15,C231,C231-L10,095,EARTH MOVING EQUIPMENT,,0156,0433,095 0156-0433
C231-L16,C231,C231-L10,250,MINING MACHINERY,,0156,0433,250 0156-0433
C231-L17,C231,C231-L10,275,POPULATION,,0156,9810,275 0156-9810
C231-L20,C231,C231-L18,227,"LIQUID FUELS, STORAGE NON-REFINERY",,0156,,227 0156-
C231-L21,C231,C231-L18,020,ALUMINA,,0156,0024,020 0156-0024
C231-L22,C231,C231-L18,021,ALUMINUM,,0156,0024,021 0156-0024
C231-L23,C231,C231-L18,047,A/E HEAVY WATER,,0156,0024,047 0156-0024
C231-L24,C231,C231-L18,118,URALS,ELECTRIC POWER - MAJOR GRIDS,0156,0313,118 0156-0313
C231-L25,C231,C231-L18,118,URALS,ELECTRIC POWER - MAJOR GRIDS,0156,0357,118 0156-0357
C231-L26,C231,C231-L18,275,POPULATION,,0156,9806,275 0156-9806
C231-L29,C231,C231-L27,112,MOSCOW-GORKIY,ELECTRIC POWER - MAJOR GRIDS,0167,0006,112 0167-0006
C231-L30,C231,C231-L27,362,SOUTHERN SUB-REGION CENTRAL IND REG,RAILROAD YARDS & SHOPS- USSR,0167,0100,362 0167-0100
C231-L31,C231,C231-L27,235,METAL FORMING EQUIPMENT,,0167,0225,235 0167-0225
C231-L32,C231,C231-L27,281,"PORTS, INLAND",,0167,0879,281 0167-0879
C231-L33,C231,C231-L27,246,"MILITARY STORAGE AREAS, ARMY & NAVY",,0167,0994,246 0167-0994
C231-L34,C231,C231-L27,243,MILITARY SCHOOLS,,0167,1048,243 0167-1048
C231-L35,C231,C231-L27,275,POPULATION,,0167,9967,275 0167-9967
C231-L44,C231,C231-L39,227,"LIQUID FUELS, STORAGE NON-REFINERY",,0250,,227 0250-
C231-L45,C231,C231-L39,240,"MILITARY CONTROLS, AIR FORCE",,0250,,240 0250-
C231-L46,C231,C231-L39,243,MILITARY SCHOOLS,,0250,,243 0250-
C231-L47,C231,C231-L39,280,"PORTS, MARITIME",,0250,0005,280 0250-0005
C231-L48,C231,C231-L39,415,SHIPBUILDING,,0250,0006,415 0250-0006
C231-L49,C231,C231-L39,420,SHIP REPAIR,,0250,0006,420 0250-0006
C231-L50,C231,C231-L39,437,SUBMARINE BASES,,0250,0006,437 0250-0006
C232-L02,C232,C231-L39,145,SOUTH ECONOMIC REGION,ELECTRIC POWER - OUTSIDE GRIDS,0250,0011,145 0250-0011
C232-L03,C232,C231-L39,376,WEST SUB-REGION UKRAINE REGION,RAILROAD YARDS & SHOPS- USSR,0250,0049,376 0250-0049
C232-L04,C232,C231-L39,227,"LIQUID FUELS, STORAGE NON-REFINERY",,0250,0104,227 0250-0104
C232-L05,C232,C231-L39,420,SHIP REPAIR,,0250,0132,420 0250-0132
C232-L06,C232,C231-L39,420,SHIP REPAIR,,0250,0133,420 0250-0133
C232-L07,C232,C231-L39,420,SHIP REPAIR,,0250,0136,420 0250-0136
C232-L08,C232,C231-L39,376,WEST SUB-REGION UKRAINE REGION,RAILROAD YARDS & SHOPS- USSR,0250,0191,376 0250-0191
C232-L09,C232,C231-L39,280,"PORTS, MARITIME",,0250,0192,280 0250-0192
C232-L10,C232,C231-L39,280,"PORTS, MARITIME",,0250,0193,280 0250-0193
C232-L11,C232,C231-L39,246,"MILITARY STORAGE AREAS, ARMY & NAVY",,0250,0194,246 0250-0194
C232-L12,C232,C231-L39,227,"LIQUID FUELS, STORAGE NON-REFINERY",,0250,0252,227 0250-0252
C232-L13,C232,C231-L39,208,GOVERNMENT CONTROL CENTERS,,0250,0285,208 0250-0285
C232-L14,C232,C231-L39,242,"MILITARY HQS, NAVY",,0250,0285,242 0250-0285
C232-L15,C232,C231-L39,245,"MILITARY STORAGE AREAS, AIR FORCE",,0250,0372,245 0250-0372
C232-L16,C232,C231-L39,275,POPULATION,,0250,9996,275 0250-9996
C232-L19,C232,C232-L17,437,SUBMARINE BASES,,0250,0163,437 0250-0163
C232-L20,C232,C232-L17,275,POPULATION,,0250,9992,275 0250-9992
C232-L22,C232,C232-L21,254,NAVAL OPERATING BASES,,0206,0010,254 0206-0010
C232-L23,C232,C232-L21,280,"PORTS, MARITIME",,0206,0013,280 0206-0013
C232-L24,C232,C232-L21,275,POPULATION,,0206,9997,275 0206-9997
C232-L26,C232,C232-L25,227,"LIQUID FUELS, STORAGE NON-REFINERY",,0249,,227 0249-
C232-L27,C232,C232-L25,275,POPULATION,,0249,9920,275 0249-9920
C232-L29,C232,C232-L28,248,MILITARY TROOP INSTALLATIONS,,0251,0955,248 0251-0955
C232-L30,C232,C232-L28,275,POPULATION,,0251,9835,275 0251-9835
C232-L32,C232,C232-L31,372,WEST SIBERIAN REGION,RAILROAD YARDS & SHOPS- USSR,0156,0428,372 0156-0428
C232-L33,C232,C232-L31,243,MILITARY SCHOOLS,,0156,0435,243 0156-0435
C232-L34,C232,C232-L31,275,POPULATION,,0156,9812,275 0156-9812
C232-L38,C232,C232-L35,350,CAUCASUS REGION,RAILROAD YARDS & SHOPS- USSR,0249,0017,350 0249-0017
C232-L39,C232,C232-L35,350,CAUCASUS REGION,RAILROAD YARDS & SHOPS- USSR,0249,0019,350 0249-0019
C232-L40,C232,C232-L35,106,DNEPR-DONETS,ELECTRIC POWER - MAJOR GRIDS,0249,0133,106 0249-0133
C232-L41,C232,C232-L35,285,RADIO & TELEVISION,,0249,0325,285 0249-0325
C232-L42,C232,C232-L35,275,POPULATION,,0249,9961,275 0249-9961
C233-L04,C233,C232-L43,430,STEEL,,0249,0016,430 0249-0016
C233-L05,C233,C232-L43,106,DNEPR-DONETS,ELECTRIC POWER - MAJOR GRIDS,0249,0151,106 0249-0151
C233-L06,C233,C232-L43,275,POPULATION,,0249,9980,275 0249-9980
C233-L09,C233,C233-L07,360,NORTHEAST SUB-REGION CENTRAL IND REG,RAILROAD YARDS & SHOPS- USSR,0155,0125,360 0155-0125
C233-L10,C233,C233-L07,275,POPULATION,,0155,9871,275 0155-9871
C233-L18,C233,C233-L11,230,MACHINE TOOLS,,0492,,230 0492-
C233-L19,C233,C233-L11,240,"MILITARY CONTROLS, AIR FORCE",,0492,,240 0492-
C233-L20,C233,C233-L11,242,"MILITARY HQS, NAVY",,0492,,242 0492-
C233-L21,C233,C233-L11,243,MILITARY SCHOOLS,,0492,,243 0492-
C233-L22,C233,C233-L11,246,"MILITARY STORAGE AREAS, ARMY & NAVY",,0492,,246 0492-
C233-L23,C233,C233-L11,246,"MILITARY STORAGE AREAS, ARMY & NAVY",,0492,,246 0492-
C233-L24,C233,C233-L11,246,"MILITARY STORAGE AREAS, ARMY & NAVY",,0492,,246 0492-
C233-L25,C233,C233-L11,246,"MILITARY STORAGE AREAS, ARMY & NAVY",,0492,,246 0492-
C233-L26,C233,C233-L11,246,"MILITARY STORAGE AREAS, ARMY & NAVY",,0492,,246 0492-
C233-L27,C233,C233-L11,246,"MILITARY STORAGE AREAS, ARMY & NAVY",,0492,,246 0492-
C233-L28,C233,C233-L11,248,MILITARY TROOP INSTALLATIONS,,0492,,248 0492-
C233-L29,C233,C233-L11,248,MILITARY TROOP INSTALLATIONS,,0492,,248 0492-
C233-L30,C233,C233-L11,248,MILITARY TROOP INSTALLATIONS,,0492,,248 0492-
C233-L31,C233,C233-L11,248,MILITARY TROOP INSTALLATIONS,,0492,,248 0492-
C233-L32,C233,C233-L11,248,MILITARY TROOP INSTALLATIONS,,0492,,248 0492-
C233-L33,C233,C233-L11,248,MILITARY TROOP INSTALLATIONS,,0492,,248 0492-
C233-L34,C233,C233-L11,248,MILITARY TROOP INSTALLATIONS,,0492,,248 0492-
C233-L35,C233,C233-L11,248,MILITARY TROOP INSTALLATIONS,,0492,,248 0492-
C233-L36,C233,C233-L11,248,MILITARY TROOP INSTALLATIONS,,0492,,248 0492-
C233-L37,C233,C233-L11,186,CHINA-OUTSIDE GRIDS,ELECTRIC POWER - SATELLITES,0492,0003,186 0492-0003
C233-L38,C233,C233-L11,186,CHINA-OUTSIDE GRIDS,ELECTRIC POWER - SATELLITES,0492,0004,186 0492-0004
C233-L39,C233,C233-L11,186,CHINA-OUTSIDE GRIDS,ELECTRIC POWER - SATELLITES,0492,0005,186 0492-0005
C233-L40,C233,C233-L11,280,"PORTS, MARITIME",,0492,0006,280 0492-0006
C233-L41,C233,C233-L11,280,"PORTS, MARITIME",,0492,0008,280 0492-0008
C233-L42,C233,C233-L11,254,NAVAL OPERATING BASES,,0492,0009,254 0492-0009
C233-L43,C233,C233-L11,415,SHIPBUILDING,,0492,0009,415 0492-0009
C233-L44,C233,C233-L11,420,SHIP REPAIR,,0492,0009,420 0492-0009
C233-L45,C233,C233-L11,224,"LIQUID FUEL PLANTS, CRUDE",,0492,0015,224 0492-0015
C233-L46,C233,C233-L11,226,"LIQUID FUELS, STORAGE AT REFINERIES",,0492,0015,226 0492-0015
C233-L47,C233,C233-L11,227,"LIQUID FUELS, STORAGE NON-REFINERY",,0492,0017,227 0492-0017
C233-L48,C233,C233-L11,227,"LIQUID FUELS, STORAGE NON-REFINERY",,0492,0017,227 0492-0017
C233-L49,C233,C233-L11,062,CAUSTIC SODA,,0492,0030,062 0492-0030
C233-L50,C233,C233-L11,068,CHLORINE,,0492,0030,068 0492-0030
C233-L51,C233,C233-L11,022,"AMMONIA, SYNTHETIC",,0492,0032,022 0492-0032
C233-L52,C233,C233-L11,186,CHINA-OUTSIDE GRIDS,ELECTRIC POWER - SATELLITES,0492,0043,186 0492-0043
C234-L02,C234,C233-L11,384,CHINA,RAILROAD YARDS & SHOPS- SATELLITES,0492,0089,384 0492-0089
C234-L03,C234,C233-L11,384,CHINA,RAILROAD YARDS & SHOPS- SATELLITES,0492,0090,384 0492-0090
C234-L04,C234,C233-L11,227,"LIQUID FUELS, STORAGE NON-REFINERY",,0492,0094,227 0492-0094
C234-L05,C234,C233-L11,227,"LIQUID FUELS, STORAGE NON-REFINERY",,0492,0095,227 0492-0095
C234-L06,C234,C233-L11,270,PIG IRON,,0492,0096,270 0492-0096
C234-L07,C234,C233-L11,430,STEEL,,0492,0096,430 0492-0096
C234-L08,C234,C233-L11,270,PIG IRON,,0492,0098,270 0492-0098
C234-L09,C234,C233-L11,430,STEEL,,0492,0098,430 0492-0098
C234-L10,C234,C233-L11,200,ELECTRIC WIRE & CABLE,,0492,0099,200 0492-0099
C234-L11,C234,C233-L11,230,MACHINE TOOLS,,0492,0100,230 0492-0100
C234-L12,C234,C233-L11,405,RUBBER TIRES,,0492,0108,405 0492-0108
C234-L13,C234,C233-L11,280,"PORTS, MARITIME",,0492,0115,280 0492-0115
C234-L14,C234,C233-L11,227,"LIQUID FUELS, STORAGE NON-REFINERY",,0492,0118,227 0492-0118
C234-L15,C234,C233-L11,227,"LIQUID FUELS, STORAGE NON-REFINERY",,0492,0132,227 0492-0132
C234-L16,C234,C233-L11,415,SHIPBUILDING,,0492,0133,415 0492-0133
C234-L17,C234,C233-L11,420,SHIP REPAIR,,0492,0134,420 0492-0134
C234-L18,C234,C233-L11,280,"PORTS, MARITIME",,0492,0135,280 0492-0135
C234-L19,C234,C233-L11,420,SHIP REPAIR,,0492,0136,420 0492-0136
C234-L20,C234,C233-L11,415,SHIPBUILDING,,0492,0137,415 0492-0137
C234-L21,C234,C233-L11,420,SHIP REPAIR,,0492,0138,420 0492-0138
C234-L22,C234,C233-L11,420,SHIP REPAIR,,0492,0139,420 0492-0139
C234-L23,C234,C233-L11,415,SHIPBUILDING,,0492,0140,415 0492-0140
C234-L24,C234,C233-L11,420,SHIP REPAIR,,0492,0143,420 0492-0143
C234-L25,C234,C233-L11,405,RUBBER TIRES,,0492,0145,405 0492-0145
C234-L26,C234,C233-L11,445,SULFURIC ACID,,0492,0149,445 0492-0149
C234-L27,C234,C233-L11,022,"AMMONIA, SYNTHETIC",,0492,0150,022 0492-0150
C234-L28,C234,C233-L11,445,SULFURIC ACID,,0492,0151,445 0492-0151
C234-L29,C234,C233-L11,230,MACHINE TOOLS,,0492,0154,230 0492-0154
C234-L30,C234,C233-L11,405,RUBBER TIRES,,0492,0155,405 0492-0155
C234-L31,C234,C233-L11,246,"MILITARY STORAGE AREAS, ARMY & NAVY",,0492,0156,246 0492-0156
C234-L32,C234,C233-L11,248,MILITARY TROOP INSTALLATIONS,,0492,0165,248 0492-0165
C234-L33,C234,C233-L11,248,MILITARY TROOP INSTALLATIONS,,0492,0166,248 0492-0166
C234-L34,C234,C233-L11,248,MILITARY TROOP INSTALLATIONS,,0492,0167,248 0492-0167
C234-L35,C234,C233-L11,248,MILITARY TROOP INSTALLATIONS,,0492,0168,248 0492-0168
C234-L36,C234,C233-L11,246,"MILITARY STORAGE AREAS, ARMY & NAVY",,0492,0169,246 0492-0169
C234-L37,C234,C233-L11,206,"GENERATORS, HEAVY",,0492,0170,206 0492-0170
C234-L38,C234,C233-L11,480,"TRANSFORMERS, HEAVY",,0492,0170,480 0492-0170
C234-L39,C234,C233-L11,485,"TURBINES, HEAVY",,0492,0170,485 0492-0170
C234-L40,C234,C233-L11,415,SHIPBUILDING,,0492,0172,415 0492-0172
C234-L41,C234,C233-L11,415,SHIPBUILDING,,0492,0174,415 0492-0174
C234-L42,C234,C233-L11,208,GOVERNMENT CONTROL CENTERS,,0492,0177,208 0492-0177
C234-L43,C234,C233-L11,050,"BATTERIES, LEAD ACID",,0492,0195,050 0492-0195
C234-L44,C234,C233-L11,266,PENICILLIN,,0492,0196,266 0492-0196
C234-L45,C234,C233-L11,055,"BOILERS, HIGH PRESSURE",,0492,0197,055 0492-0197
C234-L46,C234,C233-L11,245,"MILITARY STORAGE AREAS, AIR FORCE",,0492,0198,245 0492-0198
C234-L47,C234,C233-L11,245,"MILITARY STORAGE AREAS, AIR FORCE",,0492,0199,245 0492-0199
C234-L48,C234,C233-L11,275,POPULATION,,0492,9999,275 0492-9999
C234-L51,C234,C234-L49,360,NORTHEAST SUB-REGION CENTRAL IND REG,RAILROAD YARDS & SHOPS- USSR,0155,0123,360 0155-0123
C234-L52,C234,C234-L49,275,POPULATION,,0155,9916,275 0155-9916
C235-L03,C235,C235-L02,281,"PORTS, INLAND",,0494,0022,281 0494-0022
C235-L04,C235,C235-L02,275,POPULATION,,0494,9980,275 0494-9980
C235-L07,C235,C235-L05,112,MOSCOW-GORKIY,ELECTRIC POWER - MAJOR GRIDS,0166,0001,112 0166-0001
C235-L08,C235,C235-L05,275,POPULATION,,0166,9984,275 0166-9984
C235-L11,C235,C235-L09,282,PROPELLANTS,,0166,0011,282 0166-0011
C235-L12,C235,C235-L09,445,SULFURIC ACID,,0166,0011,445 0166-0011
C235-L13,C235,C235-L09,112,MOSCOW-GORKIY,ELECTRIC POWER - MAJOR GRIDS,0166,0191,112 0166-0191
C235-L14,C235,C235-L09,275,POPULATION,,0166,9985,275 0166-9985
C235-L19,C235,C235-L15,112,MOSCOW-GORKIY,ELECTRIC POWER - MAJOR GRIDS,0154,0011,112 0154-0011
C235-L20,C235,C235-L15,015,AIRCRAFT ENGINES,,0154,0076,015 0154-0076
C235-L21,C235,C235-L15,470,TORPEDOES,,0154,0223,470 0154-0223
C235-L22,C235,C235-L15,281,"PORTS, INLAND",,0154,0332,281 0154-0332
C235-L23,C235,C235-L15,228,LOCKS & DAMS,,0154,0333,228 0154-0333
C235-L24,C235,C235-L15,360,NORTHEAST SUB-REGION CENTRAL IND REG,RAILROAD YARDS & SHOPS- USSR,0154,0334,360 0154-0334
C235-L25,C235,C235-L15,360,NORTHEAST SUB-REGION CENTRAL IND REG,RAILROAD YARDS & SHOPS- USSR,0154,0335,360 0154-0335
C235-L26,C235,C235-L15,112,MOSCOW-GORKIY,ELECTRIC POWER - MAJOR GRIDS,0154,0347,112 0154-0347
C235-L27,C235,C235-L15,227,"LIQUID FUELS, STORAGE NON-REFINERY",,0154,0357,227 0154-0357
C235-L28,C235,C235-L15,281,"PORTS, INLAND",,0154,0361,281 0154-0361
C235-L29,C235,C235-L15,281,"PORTS, INLAND",,0154,0362,281 0154-0362
C235-L30,C235,C235-L15,360,NORTHEAST SUB-REGION CENTRAL IND REG,RAILROAD YARDS & SHOPS- USSR,0154,0363,360 0154-0363
C235-L31,C235,C235-L15,227,"LIQUID FUELS, STORAGE NON-REFINERY",,0154,0394,227 0154-0394
C235-L32,C235,C235-L15,228,LOCKS & DAMS,,0154,0423,228 0154-0423
C235-L33,C235,C235-L15,248,MILITARY TROOP INSTALLATIONS,,0154,0449,248 0154-0449
C235-L34,C235,C235-L15,275,POPULATION,,0154,9995,275 0154-9995
C235-L36,C235,C235-L35,372,WEST SIBERIAN REGION,RAILROAD YARDS & SHOPS- USSR,0163,0058,372 0163-0058
C235-L37,C235,C235-L35,275,POPULATION,,0163,9962,275 0163-9962
C235-L39,C235,C235-L38,280,"PORTS, MARITIME",,0322,0388,280 0322-0388
C235-L40,C235,C235-L38,275,POPULATION,,0322,9830,275 0322-9830
C235-L43,C235,C235-L41,227,"LIQUID FUELS, STORAGE NON-REFINERY",,0233,,227 0233-
C235-L44,C235,C235-L41,376,WEST SUB-REGION UKRAINE REGION,RAILROAD YARDS & SHOPS- USSR,0233,0176,376 0233-0176
C236-L02,C236,C235-L41,376,WEST SUB-REGION UKRAINE REGION,RAILROAD YARDS & SHOPS- USSR,0233,0177,376 0233-0177
C236-L03,C236,C235-L41,246,"MILITARY STORAGE AREAS, ARMY & NAVY",,0233,0264,246 0233-0264
C236-L04,C236,C235-L41,275,POPULATION,,0233,9640,275 0233-9640
C236-L06,C236,C236-L05,227,"LIQUID FUELS, STORAGE NON-REFINERY",,0250,,227 0250-
C236-L07,C236,C236-L05,275,POPULATION,,0250,,275 0250-
C236-L09,C236,C236-L08,186,CHINA-OUTSIDE GRIDS,ELECTRIC POWER - SATELLITES,0493,0088,186 0493-0088
C236-L10,C236,C236-L08,270,PIG IRON,,0493,0096,270 0493-0096
C236-L11,C236,C236-L08,430,STEEL,,0493,0096,430 0493-0096
C236-L12,C236,C236-L08,275,POPULATION,,0493,9998,275 0493-9998
C236-L14,C236,C236-L13,186,CHINA-OUTSIDE GRIDS,ELECTRIC POWER - SATELLITES,0493,0087,186 0493-0087
C236-L15,C236,C236-L13,275,POPULATION,,0493,9973,275 0493-9973
C236-L17,C236,C236-L16,243,MILITARY SCHOOLS,,0382,,243 0382-
C236-L18,C236,C236-L16,384,CHINA,RAILROAD YARDS & SHOPS- SATELLITES,0382,0061,384 0382-0061
C236-L19,C236,C236-L16,275,POPULATION,,0382,9969,275 0382-9969
C236-L21,C236,C236-L20,130,FAR EAST ECONOMIC REGION,ELECTRIC POWER - OUTSIDE GRIDS,0205,0019,130 0205-0019
C236-L22,C236,C236-L20,275,POPULATION,,0205,9995,275 0205-9995
C236-L24,C236,C236-L23,246,"MILITARY STORAGE AREAS, ARMY & NAVY",,0205,0035,246 0205-0035
C236-L25,C236,C236-L23,275,POPULATION,,0205,9984,275 0205-9984
C236-L27,C236,C236-L26,227,"LIQUID FUELS, STORAGE NON-REFINERY",,0166,,227 0166-
C236-L28,C236,C236-L26,275,POPULATION,,0166,,275 0166-
C236-L31,C236,C236-L29,354,EAST SIBERIAN & FAR EASTERN REGION,RAILROAD YARDS & SHOPS- USSR,0198,0015,354 0198-0015
C236-L32,C236,C236-L29,275,POPULATION,,0198,9995,275 0198-9995
C236-L34,C236,C236-L33,130,FAR EAST ECONOMIC REGION,ELECTRIC POWER - OUTSIDE GRIDS,0205,0018,130 0205-0018
C236-L35,C236,C236-L33,275,POPULATION,,0205,9998,275 0205-9998
C236-L37,C236,C236-L36,227,"LIQUID FUELS, STORAGE NON-REFINERY",,0328,,227 0328-
C236-L38,C236,C236-L36,275,POPULATION,,0328,9915,275 0328-9915
C237-L06,C237,C237-L04,062,CAUSTIC SODA,,0233,0112,062 0233-0112
C237-L07,C237,C237-L04,068,CHLORINE,,0233,0112,068 0233-0112
C237-L08,C237,C237-L04,282,PROPELLANTS,,0233,0112,282 0233-0112
C237-L09,C237,C237-L04,445,SULFURIC ACID,,0233,0112,445 0233-0112
C237-L10,C237,C237-L04,275,POPULATION,,0233,9642,275 0233-9642
C237-L12,C237,C237-L11,246,"MILITARY STORAGE AREAS, ARMY & NAVY",,0322,0300,246 0322-0300
C237-L13,C237,C237-L11,382,BULGARIA,RAILROAD YARDS & SHOPS- SATELLITES,0322,0740,382 0322-0740
C237-L14,C237,C237-L11,275,POPULATION,,0322,9793,275 0322-9793
C237-L16,C237,C237-L15,275,POPULATION,,0322,,275 0322-
C237-L17,C237,C237-L15,382,BULGARIA,RAILROAD YARDS & SHOPS- SATELLITES,0322,0406,382 0322-0406
C237-L20,C237,C237-L18,372,WEST SIBERIAN REGION,RAILROAD YARDS & SHOPS- USSR,0164,0186,372 0164-0186
C237-L21,C237,C237-L18,275,POPULATION,,0164,9928,275 0164-9928
C237-L23,C237,C237-L22,227,"LIQUID FUELS, STORAGE NON-REFINERY",,0168,,227 0168-
C237-L24,C237,C237-L22,370,WESTERN REGION,RAILROAD YARDS & SHOPS- USSR,0168,0388,370 0168-0388
C237-L25,C237,C237-L22,275,POPULATION,,0168,9932,275 0168-9932
C237-L28,C237,C237-L26,227,"LIQUID FUELS, STORAGE NON-REFINERY",,0168,,227 0168-
C237-L29,C237,C237-L26,370,WESTERN REGION,RAILROAD YARDS & SHOPS- USSR,0168,0215,370 0168-0215
C237-L30,C237,C237-L26,275,POPULATION,,0168,9833,275 0168-9833
C237-L33,C237,C237-L31,394,RUMANIA,RAILROAD YARDS & SHOPS- SATELLITES,0251,0139,394 0251-0139
C237-L34,C237,C237-L31,198,RUMANIA,ELECTRIC POWER - SATELLITES,0251,0662,198 0251-0662
C237-L35,C237,C237-L31,248,MILITARY TROOP INSTALLATIONS,,0251,0892,248 0251-0892
C237-L36,C237,C237-L31,243,MILITARY SCHOOLS,,0251,0962,243 0251-0962
C237-L37,C237,C237-L31,275,POPULATION,,0251,9907,275 0251-9907
C237-L40,C237,C237-L38,227,"LIQUID FUELS, STORAGE NON-REFINERY",,0251,0648,227 0251-0648
C237-L41,C237,C237-L38,290,RAILROAD BRIDGES,,0251,0822,290 0251-0822
C237-L42,C237,C237-L38,275,POPULATION,,0251,9881,275 0251-9881
C237-L44,C237,C237-L43,392,POLAND,RAILROAD YARDS & SHOPS- SATELLITES,0168,0238,392 0168-0238
C237-L45,C237,C237-L43,275,POPULATION,,0168,9869,275 0168-9869
C238-L03,C238,C238-L02,394,RUMANIA,RAILROAD YARDS & SHOPS- SATELLITES,0251,0505,394 0251-0505
C238-L04,C238,C238-L02,394,RUMANIA,RAILROAD YARDS & SHOPS- SATELLITES,0251,0631,394 0251-0631
C238-L05,C238,C238-L02,275,POPULATION,,0251,9817,275 0251-9817
C238-L08,C238,C238-L06,240,"MILITARY CONTROLS, AIR FORCE",,0250,,240 0250-
C238-L09,C238,C238-L06,241,"MILITARY HQS, ARMY",,0250,,241 0250-
C238-L10,C238,C238-L06,376,WEST SUB-REGION UKRAINE REGION,RAILROAD YARDS & SHOPS- USSR,0250,0042,376 0250-0042
C238-L11,C238,C238-L06,145,SOUTH ECONOMIC REGION,ELECTRIC POWER - OUTSIDE GRIDS,0250,0178,145 0250-0178
C238-L12,C238,C238-L06,208,GOVERNMENT CONTROL CENTERS,,0250,0284,208 0250-0284
C238-L13,C238,C238-L06,246,"MILITARY STORAGE AREAS, ARMY & NAVY",,0250,0342,246 0250-0342
C238-L14,C238,C238-L06,248,MILITARY TROOP INSTALLATIONS,,0250,0343,248 0250-0343
C238-L15,C238,C238-L06,275,POPULATION,,0250,9995,275 0250-9995
C238-L18,C238,C238-L16,248,MILITARY TROOP INSTALLATIONS,,0250,0329,248 0250-0329
C238-L19,C238,C238-L16,275,POPULATION,,0250,9966,275 0250-9966
C238-L21,C238,C238-L20,198,RUMANIA,ELECTRIC POWER - SATELLITES,0251,0494,198 0251-0494
C238-L22,C238,C238-L20,275,POPULATION,,0251,9905,275 0251-9905
C238-L24,C238,C238-L23,275,POPULATION,,0251,,275 0251-
C238-L25,C238,C238-L23,198,RUMANIA,ELECTRIC POWER - SATELLITES,0251,0663,198 0251-0663
C238-L27,C238,C238-L26,275,POPULATION,,0093,,275 0093-
C238-L28,C238,C238-L26,358,NORTHERN REGION,RAILROAD YARDS & SHOPS- USSR,0093,0015,358 0093-0015
C238-L30,C238,C238-L29,250,MINING MACHINERY,,0166,0117,250 0166-0117
C238-L31,C238,C238-L29,275,POPULATION,,0166,9982,275 0166-9982
C238-L34,C238,C238-L32,227,"LIQUID FUELS, STORAGE NON-REFINERY",,0198,0007,227 0198-0007
C238-L35,C238,C238-L32,354,EAST SIBERIAN & FAR EASTERN REGION,RAILROAD YARDS & SHOPS- USSR,0198,0016,354 0198-0016
C238-L36,C238,C238-L32,246,"MILITARY STORAGE AREAS, ARMY & NAVY",,0198,0019,246 0198-0019
C238-L37,C238,C238-L32,275,POPULATION,,0198,9985,275 0198-9985
C238-L39,C238,C238-L38,275,POPULATION,,0166,,275 0166-
C238-L40,C238,C238-L38,246,"MILITARY STORAGE AREAS, ARMY & NAVY",,0166,0217,246 0166-0217
C239-L02,C239,C238-L41,235,METAL FORMING EQUIPMENT,,0162,0036,235 0162-0036
C239-L03,C239,C238-L41,275,POPULATION,,0162,9959,275 0162-9959
C239-L08,C239,C239-L04,062,CAUSTIC SODA,,0234,0034,062 0234-0034
C239-L09,C239,C239-L04,425,SODA ASH,,0234,0034,425 0234-0034
C239-L10,C239,C239-L04,290,RAILROAD BRIDGES,,0234,0384,290 0234-0384
C239-L11,C239,C239-L04,062,CAUSTIC SODA,,0234,0432,062 0234-0432
C239-L12,C239,C239-L04,425,SODA ASH,,0234,0432,425 0234-0432
C239-L13,C239,C239-L04,352,DONBAS SUB-REGION UKRAINE REGION,RAILROAD YARDS & SHOPS- USSR,0234,0433,352 0234-0433
C239-L14,C239,C239-L04,290,RAILROAD BRIDGES,,0234,0464,290 0234-0464
C239-L15,C239,C239-L04,275,POPULATION,,0234,9962,275 0234-9962
C239-L18,C239,C239-L16,055,"BOILERS, HIGH PRESSURE",,0234,0029,055 0234-0029
C239-L19,C239,C239-L16,064,CHEMICAL EQUIPMENT,,0234,0029,064 0234-0029
C239-L20,C239,C239-L16,095,EARTH MOVING EQUIPMENT,,0234,0029,095 0234-0029
C239-L21,C239,C239-L16,212,"GUNS, MAJOR CALIBER",,0234,0029,212 0234-0029
C239-L22,C239,C239-L16,235,METAL FORMING EQUIPMENT,,0234,0029,235 0234-0029
C239-L23,C239,C239-L16,250,MINING MACHINERY,,0234,0029,250 0234-0029
C239-L24,C239,C239-L16,262,OIL EXTRACTION EQUIPMENT,,0234,0029,262 0234-0029
C239-L25,C239,C239-L16,430,STEEL,,0234,0029,430 0234-0029
C239-L26,C239,C239-L16,485,"TURBINES, HEAVY",,0234,0029,485 0234-0029
C239-L27,C239,C239-L16,075,COKE CHEMICALS,,0234,0062,075 0234-0062
C239-L28,C239,C239-L16,270,PIG IRON,,0234,0062,270 0234-0062
C239-L29,C239,C239-L16,430,STEEL,,0234,0062,430 0234-0062
C239-L30,C239,C239-L16,352,DONBAS SUB-REGION UKRAINE REGION,RAILROAD YARDS & SHOPS- USSR,0234,0086,352 0234-0086
C239-L31,C239,C239-L16,230,MACHINE TOOLS,,0234,0158,230 0234-0158
C239-L32,C239,C239-L16,235,METAL FORMING EQUIPMENT,,0234,0158,235 0234-0158
C239-L33,C239,C239-L16,235,METAL FORMING EQUIPMENT,,0234,0160,235 0234-0160
C239-L34,C239,C239-L16,106,DNEPR-DONETS,ELECTRIC POWER - MAJOR GRIDS,0234,0163,106 0234-0163
C239-L35,C239,C239-L16,106,DNEPR-DONETS,ELECTRIC POWER - MAJOR GRIDS,0234,0337,106 0234-0337
C239-L36,C239,C239-L16,275,POPULATION,,0234,9983,275 0234-9983
C239-L39,C239,C239-L37,352,DONBAS SUB-REGION UKRAINE REGION,RAILROAD YARDS & SHOPS- USSR,0234,0328,352 0234-0328
C239-L40,C239,C239-L37,275,POPULATION,,0234,9970,275 0234-9970
C239-L43,C239,C239-L41,376,WEST SUB-REGION UKRAINE REGION,RAILROAD YARDS & SHOPS- USSR,0250,0041,376 0250-0041
C239-L44,C239,C239-L41,275,POPULATION,,0250,9978,275 0250-9978
C239-L47,C239,C239-L45,376,WEST SUB-REGION UKRAINE REGION,RAILROAD YARDS & SHOPS- USSR,0250,0337,376 0250-0337
C239-L48,C239,C239-L45,275,POPULATION,,0250,9917,275 0250-9917
C240-L02,C240,C239-L49,120,CENTRAL INDUSTRIAL REGION,ELECTRIC POWER - OUTSIDE GRIDS,0155,0058,120 0155-0058
C240-L03,C240,C239-L49,275,POPULATION,,0155,9915,275 0155-9915
C240-L05,C240,C240-L04,248,MILITARY TROOP INSTALLATIONS,,0168,0331,248 0168-0331
C240-L06,C240,C240-L04,275,POPULATION,,0168,9827,275 0168-9827
C240-L08,C240,C240-L07,248,MILITARY TROOP INSTALLATIONS,,0168,0330,248 0168-0330
C240-L09,C240,C240-L07,275,POPULATION,,0168,9935,275 0168-9935
C240-L11,C240,C240-L10,246,"MILITARY STORAGE AREAS, ARMY & NAVY",,0168,0332,246 0168-0332
C240-L12,C240,C240-L10,370,WESTERN REGION,RAILROAD YARDS & SHOPS- USSR,0168,0390,370 0168-0390
C240-L13,C240,C240-L10,275,POPULATION,,0168,9826,275 0168-9826
C240-L15,C240,C240-L14,246,"MILITARY STORAGE AREAS, ARMY & NAVY",,0168,0329,246 0168-0329
C240-L16,C240,C240-L14,275,POPULATION,,0168,9916,275 0168-9916
C240-L19,C240,C240-L17,354,EAST SIBERIAN & FAR EASTERN REGION,RAILROAD YARDS & SHOPS- USSR,0241,0010,354 0241-0010
C240-L20,C240,C240-L17,275,POPULATION,,0241,9989,275 0241-9989
C240-L24,C240,C240-L21,227,"LIQUID FUELS, STORAGE NON-REFINERY",,0233,,227 0233-
C240-L25,C240,C240-L21,064,CHEMICAL EQUIPMENT,,0233,0233,064 0233-0233
C240-L26,C240,C240-L21,376,WEST SUB-REGION UKRAINE REGION,RAILROAD YARDS & SHOPS- USSR,0233,0237,376 0233-0237
C240-L27,C240,C240-L21,328,WEST SUB-REGION UKRAINE REGION,RAILROAD EQUIPMENT REPAIR PLANTS-USSR,0233,0238,328 0233-0238
C240-L28,C240,C240-L21,275,POPULATION,,0233,9651,275 0233-9651
C240-L31,C240,C240-L29,290,RAILROAD BRIDGES,,0233,0120,290 0233-0120
C240-L32,C240,C240-L29,376,WEST SUB-REGION UKRAINE REGION,RAILROAD YARDS & SHOPS- USSR,0233,0280,376 0233-0280
C240-L33,C240,C240-L29,275,POPULATION,,0233,9939,275 0233-9939
C240-L36,C240,C240-L34,376,WEST SUB-REGION UKRAINE REGION,RAILROAD YARDS & SHOPS- USSR,0233,0049,376 0233-0049
C240-L37,C240,C240-L34,275,POPULATION,,0233,9975,275 0233-9975
C240-L39,C240,C240-L38,354,EAST SIBERIAN & FAR EASTERN REGION,RAILROAD YARDS & SHOPS- USSR,0204,0147,354 0204-0147
C240-L40,C240,C240-L38,275,POPULATION,,0204,9996,275 0204-9996
C241-L07,C241,C240-L41,240,"MILITARY CONTROLS, AIR FORCE",,0167,,240 0167-
C241-L08,C241,C240-L41,120,CENTRAL INDUSTRIAL REGION,ELECTRIC POWER - OUTSIDE GRIDS,0167,0027,120 0167-0027
C241-L09,C241,C240-L41,374,WEST SUB-REGION CENTRAL IND REGION,RAILROAD YARDS & SHOPS- USSR,0167,0174,374 0167-0174
C241-L10,C241,C240-L41,374,WEST SUB-REGION CENTRAL IND REGION,RAILROAD YARDS & SHOPS- USSR,0167,0175,374 0167-0175
C241-L11,C241,C240-L41,374,WEST SUB-REGION CENTRAL IND REGION,RAILROAD YARDS & SHOPS- USSR,0167,0799,374 0167-0799
C241-L12,C241,C240-L41,281,"PORTS, INLAND",,0167,0835,281 0167-0835
C241-L13,C241,C240-L41,227,"LIQUID FUELS, STORAGE NON-REFINERY",,0167,0903,227 0167-0903
C241-L14,C241,C240-L41,208,GOVERNMENT CONTROL CENTERS,,0167,0937,208 0167-0937
C241-L15,C241,C240-L41,248,MILITARY TROOP INSTALLATIONS,,0167,1007,248 0167-1007
C241-L16,C241,C240-L41,245,"MILITARY STORAGE AREAS, AIR FORCE",,0167,1049,245 0167-1049
C241-L22,C241,C241-L17,240,"MILITARY CONTROLS, AIR FORCE",,0322,,240 0322-
C241-L23,C241,C241-L17,382,BULGARIA,RAILROAD YARDS & SHOPS- SATELLITES,0322,0056,382 0322-0056
C241-L24,C241,C241-L17,382,BULGARIA,RAILROAD YARDS & SHOPS- SATELLITES,0322,0057,382 0322-0057
C241-L25,C241,C241-L17,095,EARTH MOVING EQUIPMENT,,0322,0060,095 0322-0060
C241-L26,C241,C241-L17,331,BULGARIA,RAILROAD EQUIP REPAIR PLANTS-SATTELITES,0322,0060,331 0322-0060
C241-L27,C241,C241-L17,050,"BATTERIES, LEAD ACID",,0322,0061,050 0322-0061
C241-L28,C241,C241-L17,382,BULGARIA,RAILROAD YARDS & SHOPS- SATELLITES,0322,0061,382 0322-0061
C241-L29,C241,C241-L17,245,"MILITARY STORAGE AREAS, AIR FORCE",,0322,0141,245 0322-0141
C241-L30,C241,C241-L17,184,BULGARIA,ELECTRIC POWER - SATELLITES,0322,0246,184 0322-0246
C241-L31,C241,C241-L17,184,BULGARIA,ELECTRIC POWER - SATELLITES,0322,0248,184 0322-0248
C241-L32,C241,C241-L17,405,RUBBER TIRES,,0322,0267,405 0322-0267
C241-L33,C241,C241-L17,285,RADIO & TELEVISION,,0322,0288,285 0322-0288
C241-L34,C241,C241-L17,246,"MILITARY STORAGE AREAS, ARMY & NAVY",,0322,0299,246 0322-0299
C241-L35,C241,C241-L17,208,GOVERNMENT CONTROL CENTERS,,0322,0310,208 0322-0310
C241-L36,C241,C241-L17,382,BULGARIA,RAILROAD YARDS & SHOPS- SATELLITES,0322,0357,382 0322-0357
C241-L37,C241,C241-L17,382,BULGARIA,RAILROAD YARDS & SHOPS- SATELLITES,0322,0358,382 0322-0358
C241-L38,C241,C241-L17,090,CUTTING TOOLS,,0322,0365,090 0322-0365
C241-L39,C241,C241-L17,230,MACHINE TOOLS,,0322,0365,230 0322-0365
C241-L40,C241,C241-L17,290,RAILROAD BRIDGES,,0322,0401,290 0322-0401
C241-L41,C241,C241-L17,480,"TRANSFORMERS, HEAVY",,0322,0436,480 0322-0436
C241-L42,C241,C241-L17,248,MILITARY TROOP INSTALLATIONS,,0322,0499,248 0322-0499
C241-L43,C241,C241-L17,248,MILITARY TROOP INSTALLATIONS,,0322,0500,248 0322-0500
C241-L44,C241,C241-L17,248,MILITARY TROOP INSTALLATIONS,,0322,0502,248 0322-0502
C241-L45,C241,C241-L17,248,MILITARY TROOP INSTALLATIONS,,0322,0503,248 0322-0503
C241-L46,C241,C241-L17,248,MILITARY TROOP INSTALLATIONS,,0322,0504,248 0322-0504
C241-L47,C241,C241-L17,243,MILITARY SCHOOLS,,0322,0505,243 0322-0505
C241-L48,C241,C241-L17,241,"MILITARY HQS, ARMY",,0322,0515,241 0322-0515
C241-L49,C241,C241-L17,082,"COPPER, REFINED",,0322,0529,082 0322-0529
C241-L50,C241,C241-L17,245,"MILITARY STORAGE AREAS, AIR FORCE",,0322,0566,245 0322-0566
C241-L51,C241,C241-L17,245,"MILITARY STORAGE AREAS, AIR FORCE",,0322,0576,245 0322-0576
C241-L52,C241,C241-L17,227,"LIQUID FUELS, STORAGE NON-REFINERY",,0322,0828,227 0322-0828
C241-L53,C241,C241-L17,275,POPULATION,,0322,9998,275 0322-9998
C242-L03,C242,C241-L54,382,BULGARIA,RAILROAD YARDS & SHOPS- SATELLITES,0322,0085,382 0322-0085
C242-L04,C242,C241-L54,184,BULGARIA,ELECTRIC POWER - SATELLITES,0322,0086,184 0322-0086
C242-L05,C242,C241-L54,290,RAILROAD BRIDGES,,0322,0356,290 0322-0356
C242-L06,C242,C241-L54,270,PIG IRON,,0322,0384,270 0322-0384
C242-L07,C242,C241-L54,430,STEEL,,0322,0384,430 0322-0384
C242-L08,C242,C241-L54,184,BULGARIA,ELECTRIC POWER - SATELLITES,0322,0398,184 0322-0398
C242-L09,C242,C241-L54,275,POPULATION,,0322,9957,275 0322-9957
C242-L10,C242,C241-L54,400,"RUBBER, SYNTHETIC",,0322,0821,400 0322-0821
C242-L13,C242,C242-L11,006,"ABRASIVES, CRUDE",,0322,0308,006 0322-0308
C242-L14,C242,C242-L11,060,CALCIUM CARBIDE,,0322,0308,060 0322-0308
C242-L15,C242,C242-L11,275,POPULATION,,0322,9982,275 0322-9982
C242-L18,C242,C242-L16,216,"LEAD, REFINED",,0322,0087,216 0322-0087
C242-L19,C242,C242-L16,060,CALCIUM CARBIDE,,0322,0309,060 0322-0309
C242-L20,C242,C242-L16,275,POPULATION,,0322,9972,275 0322-9972
C242-L23,C242,C242-L21,246,"MILITARY STORAGE AREAS, ARMY & NAVY",,0322,0508,246 0322-0508
C242-L24,C242,C242-L21,275,POPULATION,,0322,9749,275 0322-9749
C242-L27,C242,C242-L25,184,BULGARIA,ELECTRIC POWER - SATELLITES,0322,0560,184 0322-0560
C242-L28,C242,C242-L25,275,POPULATION,,0322,9773,275 0322-9773
C242-L31,C242,C242-L29,275,POPULATION,,0322,,275 0322-
C242-L32,C242,C242-L29,060,CALCIUM CARBIDE,,0322,0528,060 0322-0528
C242-L36,C242,C242-L33,118,URALS,ELECTRIC POWER - MAJOR GRIDS,0156,0002,118 0156-0002
C242-L37,C242,C242-L33,068,CHLORINE,,0156,0055,068 0156-0055
C242-L38,C242,C242-L33,232,MAGNESIUM,,0156,0055,232 0156-0055
C242-L39,C242,C242-L33,118,URALS,ELECTRIC POWER - MAJOR GRIDS,0156,0300,118 0156-0300
C242-L40,C242,C242-L33,282,PROPELLANTS,,0156,0378,282 0156-0378
C242-L41,C242,C242-L33,281,"PORTS, INLAND",,0156,0387,281 0156-0387
C242-L42,C242,C242-L33,281,"PORTS, INLAND",,0156,0388,281 0156-0388
C242-L43,C242,C242-L33,118,URALS,ELECTRIC POWER - MAJOR GRIDS,0156,0405,118 0156-0405
C242-L44,C242,C242-L33,275,POPULATION,,0156,9964,275 0156-9964
C242-L46,C242,C242-L45,227,"LIQUID FUELS, STORAGE NON-REFINERY",,0153,,227 0153-
C242-L47,C242,C242-L45,275,POPULATION,,0153,9857,275 0153-9857
C243-L02,C243,C242-L48,280,"PORTS, MARITIME",,0290,0187,280 0290-0187
C243-L03,C243,C242-L48,270,PIG IRON,,0290,0192,270 0290-0192
C243-L04,C243,C242-L48,430,STEEL,,0290,0192,430 0290-0192
C243-L05,C243,C242-L48,275,POPULATION,,0290,9995,275 0290-9995
C243-L07,C243,C243-L06,050,"BATTERIES, LEAD ACID",,0231,1855,050 0231-1855
C243-L08,C243,C243-L06,285,RADIO & TELEVISION,,0231,2841,285 0231-2841
C243-L09,C243,C243-L06,275,POPULATION,,0231,9780,275 0231-9780
C243-L11,C243,C243-L10,354,EAST SIBERIAN & FAR EASTERN REGION,RAILROAD YARDS & SHOPS- USSR,0161,0097,354 0161-0097
C243-L12,C243,C243-L10,275,POPULATION,,0161,9937,275 0161-9937
C243-L14,C243,C243-L13,390,HUNGARY,RAILROAD YARDS & SHOPS- SATELLITES,0252,0879,390 0252-0879
C243-L15,C243,C243-L13,275,POPULATION,,0252,9730,275 0252-9730
C243-L18,C243,C243-L16,227,"LIQUID FUELS, STORAGE NON-REFINERY",,0168,,227 0168-
C243-L19,C243,C243-L16,290,RAILROAD BRIDGES,,0168,0057,290 0168-0057
C243-L20,C243,C243-L16,370,WESTERN REGION,RAILROAD YARDS & SHOPS- USSR,0168,0391,370 0168-0391
C243-L21,C243,C243-L16,275,POPULATION,,0168,9989,275 0168-9989
C243-L23,C243,C243-L22,240,"MILITARY CONTROLS, AIR FORCE",,0204,,240 0204-
C243-L24,C243,C243-L22,242,"MILITARY HQS, NAVY",,0204,,242 0204-
C243-L25,C243,C243-L22,248,MILITARY TROOP INSTALLATIONS,,0204,,248 0204-
C243-L26,C243,C243-L22,248,MILITARY TROOP INSTALLATIONS,,0204,,248 0204-
C243-L27,C243,C243-L22,420,SHIP REPAIR,,0204,0013,420 0204-0013
C243-L28,C243,C243-L22,437,SUBMARINE BASES,,0204,0013,437 0204-0013
C243-L29,C243,C243-L22,130,FAR EAST ECONOMIC REGION,ELECTRIC POWER - OUTSIDE GRIDS,0204,0017,130 0204-0017
C243-L30,C243,C243-L22,280,"PORTS, MARITIME",,0204,0060,280 0204-0060
C243-L31,C243,C243-L22,437,SUBMARINE BASES,,0204,0069,437 0204-0069
C243-L32,C243,C243-L22,420,SHIP REPAIR,,0204,0070,420 0204-0070
C243-L33,C243,C243-L22,470,TORPEDOES,,0204,0072,470 0204-0072
C243-L34,C243,C243-L22,246,"MILITARY STORAGE AREAS, ARMY & NAVY",,0204,0073,246 0204-0073
C243-L35,C243,C243-L22,354,EAST SIBERIAN & FAR EASTERN REGION,RAILROAD YARDS & SHOPS- USSR,0204,0109,354 0204-0109
C243-L36,C243,C243-L22,290,RAILROAD BRIDGES,,0204,0119,290 0204-0119
C243-L37,C243,C243-L22,056,"BRIDGES, HWY",,0204,0120,056 0204-0120
C243-L38,C243,C243-L22,227,"LIQUID FUELS, STORAGE NON-REFINERY",,0204,0121,227 0204-0121
C243-L39,C243,C243-L22,246,"MILITARY STORAGE AREAS, ARMY & NAVY",,0204,0122,246 0204-0122
C243-L40,C243,C243-L22,208,GOVERNMENT CONTROL CENTERS,,0204,0130,208 0204-0130
C243-L41,C243,C243-L22,246,"MILITARY STORAGE AREAS, ARMY & NAVY",,0204,0132,246 0204-0132
C243-L42,C243,C243-L22,246,"MILITARY STORAGE AREAS, ARMY & NAVY",,0204,0133,246 0204-0133
C243-L43,C243,C243-L22,246,"MILITARY STORAGE AREAS, ARMY & NAVY",,0204,0134,246 0204-0134
C243-L44,C243,C243-L22,246,"MILITARY STORAGE AREAS, ARMY & NAVY",,0204,0135,246 0204-0135
C244-L02,C244,C243-L22,246,"MILITARY STORAGE AREAS, ARMY & NAVY",,0204,0136,246 0204-0136
C244-L03,C244,C243-L22,246,"MILITARY STORAGE AREAS, ARMY & NAVY",,0204,0137,246 0204-0137
C244-L04,C244,C243-L22,246,"MILITARY STORAGE AREAS, ARMY & NAVY",,0204,0138,246 0204-0138
C244-L05,C244,C243-L22,248,MILITARY TROOP INSTALLATIONS,,0204,0145,248 0204-0145
C244-L06,C244,C243-L22,246,"MILITARY STORAGE AREAS, ARMY & NAVY",,0204,0146,246 0204-0146
C244-L07,C244,C243-L22,248,MILITARY TROOP INSTALLATIONS,,0204,0151,248 0204-0151
C244-L08,C244,C243-L22,248,MILITARY TROOP INSTALLATIONS,,0204,0152,248 0204-0152
C244-L09,C244,C243-L22,275,POPULATION,,0204,9994,275 0204-9994
C244-L11,C244,C244-L10,280,"PORTS, MARITIME",,0204,0116,280 0204-0116
C244-L12,C244,C244-L10,280,"PORTS, MARITIME",,0204,0150,280 0204-0150
C244-L13,C244,C244-L10,275,POPULATION,,0204,9971,275 0204-9971
C244-L16,C244,C244-L14,227,"LIQUID FUELS, STORAGE NON-REFINERY",,0282,,227 0282-
C244-L17,C244,C244-L14,240,"MILITARY CONTROLS, AIR FORCE",,0282,,240 0282-
C244-L18,C244,C244-L14,241,"MILITARY HQS, ARMY",,0282,,241 0282-
C244-L19,C244,C244-L14,130,FAR EAST ECONOMIC REGION,ELECTRIC POWER - OUTSIDE GRIDS,0282,0007,130 0282-0007
C244-L20,C244,C244-L14,246,"MILITARY STORAGE AREAS, ARMY & NAVY",,0282,0026,246 0282-0026
C244-L21,C244,C244-L14,227,"LIQUID FUELS, STORAGE NON-REFINERY",,0282,0054,227 0282-0054
C244-L22,C244,C244-L14,354,EAST SIBERIAN & FAR EASTERN REGION,RAILROAD YARDS & SHOPS- USSR,0282,0084,354 0282-0084
C244-L23,C244,C244-L14,275,POPULATION,,0282,9992,275 0282-9992
C244-L26,C244,C244-L24,248,MILITARY TROOP INSTALLATIONS,,0290,,248 0290-
C244-L27,C244,C244-L24,248,MILITARY TROOP INSTALLATIONS,,0290,,248 0290-
C244-L28,C244,C244-L24,248,MILITARY TROOP INSTALLATIONS,,0290,,248 0290-
C244-L29,C244,C244-L24,224,"LIQUID FUEL PLANTS, CRUDE",,0290,0132,224 0290-0132
C244-L30,C244,C244-L24,226,"LIQUID FUELS, STORAGE AT REFINERIES",,0290,0132,226 0290-0132
C244-L31,C244,C244-L24,246,"MILITARY STORAGE AREAS, ARMY & NAVY",,0290,0284,246 0290-0284
C244-L32,C244,C244-L24,384,CHINA,RAILROAD YARDS & SHOPS- SATELLITES,0290,0296,384 0290-0296
C244-L33,C244,C244-L24,275,POPULATION,,0290,9930,275 0290-9930
C244-L36,C244,C244-L34,248,MILITARY TROOP INSTALLATIONS,,0323,,248 0323-
C244-L37,C244,C244-L34,280,"PORTS, MARITIME",,0323,0072,280 0323-0072
C244-L38,C244,C244-L34,184,BULGARIA,ELECTRIC POWER - SATELLITES,0323,0075,184 0323-0075
C244-L39,C244,C244-L34,382,BULGARIA,RAILROAD YARDS & SHOPS- SATELLITES,0323,0077,382 0323-0077
C244-L40,C244,C244-L34,280,"PORTS, MARITIME",,0323,0078,280 0323-0078
C244-L41,C244,C244-L34,227,"LIQUID FUELS, STORAGE NON-REFINERY",,0323,0080,227 0323-0080
C244-L42,C244,C244-L34,242,"MILITARY HQS, NAVY",,0323,0084,242 0323-0084
C244-L43,C244,C244-L34,254,NAVAL OPERATING BASES,,0323,0084,254 0323-0084
C244-L44,C244,C244-L34,420,SHIP REPAIR,,0323,0152,420 0323-0152
C244-L45,C244,C244-L34,208,GOVERNMENT CONTROL CENTERS,,0323,0183,-208 0323-0183
C244-L46,C244,C244-L34,230,MACHINE TOOLS,,0323,0189,230 0323-0189
C244-L47,C244,C244-L34,245,"MILITARY STORAGE AREAS, AIR FORCE",,0323,0208,245 0323-0208
C244-L48,C244,C244-L34,275,POPULATION,,0323,9999,275 0323-9999
C245-L04,C245,C245-L03,275,POPULATION,,0323,,275 0323-
C245-L05,C245,C245-L03,382,BULGARIA,RAILROAD YARDS & SHOPS- SATELLITES,0323,0175,382 0323-0175
C245-L08,C245,C245-L06,208,GOVERNMENT CONTROL CENTERS,,0336,0022,208 0336-0022
C245-L09,C245,C245-L06,135,KAZAKHSTAN-CENTRAL ASIA ECONOMIC REGION,ELECTRIC POWER - OUTSIDE GRIDS,0336,0024,135 0336-0024
C245-L10,C245,C245-L06,245,"MILITARY STORAGE AREAS, AIR FORCE",,0336,0027,245 0336-0027
C245-L11,C245,C245-L06,275,POPULATION,,0336,9999,275 0336-9999
C245-L18,C245,C245-L12,290,RAILROAD BRIDGES,,0235,,290 0235-
C245-L19,C245,C245-L12,227,"LIQUID FUELS, STORAGE NON-REFINERY",,0235,0003,227 0235-0003
C245-L20,C245,C245-L12,430,STEEL,,0235,0005,430 0235-0005
C245-L21,C245,C245-L12,450,TANKS & S. P. GUNS,,0235,0005,450 0235-0005
C245-L22,C245,C245-L12,475,TRACTORS,,0235,0005,475 0235-0005
C245-L23,C245,C245-L12,430,STEEL,,0235,0013,430 0235-0013
C245-L24,C245,C245-L12,095,EARTH MOVING EQUIPMENT,,0235,0021,095 0235-0021
C245-L25,C245,C245-L12,212,"GUNS, MAJOR CALIBER",,0235,0021,212 0235-0021
C245-L26,C245,C245-L12,262,OIL EXTRACTION EQUIPMENT,,0235,0021,262 0235-0021
C245-L27,C245,C245-L12,430,STEEL,,0235,0021,430 0235-0021
C245-L28,C245,C245-L12,368,VOLGA REGION,RAILROAD YARDS & SHOPS- USSR,0235,0036,368 0235-0036
C245-L29,C245,C245-L12,368,VOLGA REGION,RAILROAD YARDS & SHOPS- USSR,0235,0043,368 0235-0043
C245-L30,C245,C245-L12,290,RAILROAD BRIDGES,,0235,0051,290 0235-0051
C245-L31,C245,C245-L12,290,RAILROAD BRIDGES,,0235,0052,290 0235-0052
C245-L32,C245,C245-L12,106,DNEPR-DONETS,ELECTRIC POWER - MAJOR GRIDS,0235,0063,106 0235-0063
C245-L33,C245,C245-L12,106,DNEPR-DONETS,ELECTRIC POWER - MAJOR GRIDS,0235,0064,106 0235-0064
C245-L34,C245,C245-L12,023,AMMUNITION,,0235,0068,023 0235-0068
C245-L35,C245,C245-L12,062,CAUSTIC SODA,,0235,0068,062 0235-0068
C245-L36,C245,C245-L12,068,CHLORINE,,0235,0068,068 0235-0068
C245-L37,C245,C245-L12,215,HIGH EXPLOSIVES,,0235,0068,215 0235-0068
C245-L38,C245,C245-L12,256,NERVE GAS,,0235,0068,256 0235-0068
C245-L39,C245,C245-L12,368,VOLGA REGION,RAILROAD YARDS & SHOPS- USSR,0235,0078,368 0235-0078
C245-L40,C245,C245-L12,368,VOLGA REGION,RAILROAD YARDS & SHOPS- USSR,0235,0081,368 0235-0081
C245-L41,C245,C245-L12,368,VOLGA REGION,RAILROAD YARDS & SHOPS- USSR,0235,0082,368 0235-0082
C245-L42,C245,C245-L12,281,"PORTS, INLAND",,0235,0092,281 0235-0092
C245-L43,C245,C245-L12,368,VOLGA REGION,RAILROAD YARDS & SHOPS- USSR,0235,0120,368 0235-0120
C245-L44,C245,C245-L12,106,DNEPR-DONETS,ELECTRIC POWER - MAJOR GRIDS,0235,0127,106 0235-0127
C245-L45,C245,C245-L12,106,DNEPR-DONETS,ELECTRIC POWER - MAJOR GRIDS,0235,0128,106 0235-0128
C245-L46,C245,C245-L12,227,"LIQUID FUELS, STORAGE NON-REFINERY",,0235,0139,227 0235-0139
C245-L47,C245,C245-L12,227,"LIQUID FUELS, STORAGE NON-REFINERY",,0235,0140,227 0235-0140
C245-L48,C245,C245-L12,227,"LIQUID FUELS, STORAGE NON-REFINERY",,0235,0141,227 0235-0141
C245-L49,C245,C245-L12,208,GOVERNMENT CONTROL CENTERS,,0235,0143,208 0235-0143
C245-L50,C245,C245-L12,021,ALUMINUM,,0235,0173,021 0235-0173
C245-L51,C245,C245-L12,275,POPULATION,,0235,9996,275 0235-9996
C246-L04,C246,C246-L02,227,"LIQUID FUELS, STORAGE NON-REFINERY",,0235,,227 0235-
C246-L05,C246,C246-L02,415,SHIPBUILDING,,0235,0055,415 0235-0055
C246-L06,C246,C246-L02,095,EARTH MOVING EQUIPMENT,,0235,0185,095 0235-0185
C246-L07,C246,C246-L02,250,MINING MACHINERY,,0235,0185,250 0235-0185
C246-L08,C246,C246-L02,275,POPULATION,,0235,9990,275 0235-9990
C246-L14,C246,C246-L09,227,"LIQUID FUELS, STORAGE NON-REFINERY",,0249,,227 0249-
C246-L15,C246,C246-L09,240,"MILITARY CONTROLS, AIR FORCE",,0249,,240 0249-
C246-L16,C246,C246-L09,243,MILITARY SCHOOLS,,0249,,243 0249-
C246-L17,C246,C246-L09,075,COKE CHEMICALS,,0249,0004,075 0249-0004
C246-L18,C246,C246-L09,204,FERRO-ALLOYS,,0249,0004,204 0249-0004
C246-L19,C246,C246-L09,270,PIG IRON,,0249,0004,270 0249-0004
C246-L20,C246,C246-L09,430,STEEL,,0249,0004,430 0249-0004
C246-L21,C246,C246-L09,023,AMMUNITION,,0249,0038,023 0249-0038
C246-L22,C246,C246-L09,215,HIGH EXPLOSIVES,,0249,0038,215 0249-0038
C246-L23,C246,C246-L09,246,"MILITARY STORAGE AREAS, ARMY & NAVY",,0249,0038,246 0249-0038
C246-L24,C246,C246-L09,075,COKE CHEMICALS,,0249,0046,075 0249-0046
C246-L25,C246,C246-L09,075,COKE CHEMICALS,,0249,0059,075 0249-0059
C246-L26,C246,C246-L09,250,MINING MACHINERY,,0249,0141,250 0249-0141
C246-L27,C246,C246-L09,352,DONBAS SUB-REGION UKRAINE REGION,RAILROAD YARDS & SHOPS- USSR,0249,0187,352 0249-0187
C246-L28,C246,C246-L09,352,DONBAS SUB-REGION UKRAINE REGION,RAILROAD YARDS & SHOPS- USSR,0249,0204,352 0249-0204
C246-L29,C246,C246-L09,106,DNEPR-DONETS,ELECTRIC POWER - MAJOR GRIDS,0249,0266,106 0249-0266
C246-L30,C246,C246-L09,208,GOVERNMENT CONTROL CENTERS,,0249,0305,208 0249-0305
C246-L31,C246,C246-L09,010,AGRICULTURAL EQUIPMENT,,0234,0386,010 0234-0386
C246-L32,C246,C246-L09,352,DONBAS SUB-REGION UKRAINE REGION,RAILROAD YARDS & SHOPS- USSR,0234,0474,352 0234-0474
C246-L33,C246,C246-L09,275,POPULATION,,0249,9992,275 0249-9992
C246-L36,C246,C246-L34,352,DONBAS SUB-REGION UKRAINE REGION,RAILROAD YARDS & SHOPS- USSR,0234,0427,352 0234-0427
C246-L37,C246,C246-L34,275,POPULATION,,0234,9936,275 0234-9936
C246-L40,C246,C246-L38,352,DONBAS SUB-REGION UKRAINE REGION,RAILROAD YARDS & SHOPS- USSR,0249,0250,352 0249-0250
C246-L41,C246,C246-L38,275,POPULATION,,0249,9887,275 0249-9887
C246-L44,C246,C246-L42,075,COKE CHEMICALS,,0234,0087,075 0234-0087
C246-L45,C246,C246-L42,275,POPULATION,,0234,9741,275 0234-9741
C246-L48,C246,C246-L46,200,ELECTRIC WIRE & CABLE,,0234,0452,200 0234-0452
C246-L49,C246,C246-L46,275,POPULATION,,0234,9740,275 0234-9740
C246-L52,C246,C246-L50,352,DONBAS SUB-REGION UKRAINE REGION,RAILROAD YARDS & SHOPS- USSR,0234,0491,352 0234-0491
C247-L03,C247,C246-L50,275,POPULATION,,0234,9738,275 0234-9738
C247-L05,C247,C247-L04,075,COKE CHEMICALS,,0234,0023,4803-3757E B || 075 0234-0023
C247-L06,C247,C247-L04,204,FERRO-ALLOYS,,0234,0053,204 0234-0053
C247-L07,C247,C247-L04,270,PIG IRON,,0234,0053,270 0234-0053
C247-L08,C247,C247-L04,430,STEEL,,0234,0053,430 0234-0053
C247-L09,C247,C247-L04,106,DNEPR-DONETS,ELECTRIC POWER - MAJOR GRIDS,0234,0199,106 0234-0199
C247-L10,C247,C247-L04,060,CALCIUM CARBIDE,,0234,0300,060 0234-0300
C247-L11,C247,C247-L04,075,COKE CHEMICALS,,0234,0346,075 0234-0346
C247-L12,C247,C247-L04,208,GOVERNMENT CONTROL CENTERS,,0234,0451,208 0234-0451
C247-L13,C247,C247-L04,275,POPULATION,,0234,9994,275 0234-9994
C247-L16,C247,C247-L14,075,COKE CHEMICALS,,0249,0006,075 0249-0006
C247-L17,C247,C247-L14,352,DONBAS SUB-REGION UKRAINE REGION,RAILROAD YARDS & SHOPS- USSR,0249,0205,352 0249-0205 || 275 0249-9972
C247-L17,C247,C247-L14,275,POPULATION,,0249,9972,352 0249-0205 || 275 0249-9972
C247-L20,C247,C247-L18,352,DONBAS SUB-REGION UKRAINE REGION,RAILROAD YARDS & SHOPS- USSR,0234,0136,352 0234-0136
C247-L21,C247,C247-L18,275,POPULATION,,0234,9953,275 0234-9953
C247-L24,C247,C247-L22,106,DNEPR-DONETS,ELECTRIC POWER - MAJOR GRIDS,0234,0008,106 0234-0008
C247-L25,C247,C247-L22,275,POPULATION,,0234,9958,275 0234-9958
C247-L28,C247,C247-L26,112,MOSCOW-GORKIY,ELECTRIC POWER - MAJOR GRIDS,0167,0063,112 0167-0063
C247-L29,C247,C247-L26,215,HIGH EXPLOSIVES,,0167,0179,215 0167-0179
C247-L30,C247,C247-L26,022,"AMMONIA, SYNTHETIC",,0167,0306,022 0167-0306
C247-L31,C247,C247-L26,062,CAUSTIC SODA,,0167,0306,062 0167-0306
C247-L32,C247,C247-L26,066,"CHEMICAL WARFARE AGENT, STANDARD",,0167,0306,066 0167-0306
C247-L33,C247,C247-L26,068,CHLORINE,,0167,0306,068 0167-0306
C247-L34,C247,C247-L26,445,SULFURIC ACID,,0167,0306,445 0167-0306
C247-L35,C247,C247-L26,362,SOUTHERN SUB-REGION CENTRAL IND REG,RAILROAD YARDS & SHOPS- USSR,0167,0446,362 0167-0446
C247-L36,C247,C247-L26,362,SOUTHERN SUB-REGION CENTRAL IND REG,RAILROAD YARDS & SHOPS- USSR,0167,0470,362 0167-0470
C247-L37,C247,C247-L26,362,SOUTHERN SUB-REGION CENTRAL IND REG,RAILROAD YARDS & SHOPS- USSR,0167,0476,362 0167-0476
C247-L38,C247,C247-L26,362,SOUTHERN SUB-REGION CENTRAL IND REG,RAILROAD YARDS & SHOPS- USSR,0167,0481,362 0167-0481
C247-L39,C247,C247-L26,227,"LIQUID FUELS, STORAGE NON-REFINERY",,0167,0829,227 0167-0829
C247-L40,C247,C247-L26,275,POPULATION,,0167,9963,275 0167-9963
C247-L43,C247,C247-L41,227,"LIQUID FUELS, STORAGE NON-REFINERY",,0167,,227 0167-
C247-L44,C247,C247-L41,275,POPULATION,,0167,9847,275 0167-9847
C247-L47,C247,C247-L45,250,MINING MACHINERY,,0167,1036,250 0167-1036
C247-L48,C247,C247-L45,275,POPULATION,,0167,9893,275 0167-9893
C247-L51,C247,C247-L49,362,SOUTHERN SUB-REGION CENTRAL IND REG,RAILROAD YARDS & SHOPS- USSR,0167,0159,362 0167-0159
C248-L02,C248,C247-L49,250,MINING MACHINERY,,0167,0824,250 0167-0824
C248-L03,C248,C247-L49,275,POPULATION,,0167,9991,275 0167-9991
C248-L09,C248,C248-L04,227,"LIQUID FUELS, STORAGE NON-REFINERY",,0161,,227 0161-
C248-L10,C248,C248-L04,020,ALUMINA,,0161,0003,020 0161-0003
C248-L11,C248,C248-L04,021,ALUMINUM,,0161,0003,021 0161-0003
C248-L12,C248,C248-L04,075,COKE CHEMICALS,,0161,0004,075 0161-0004
C248-L13,C248,C248-L04,270,PIG IRON,,0161,0004,270 0161-0004
C248-L14,C248,C248-L04,430,STEEL,,0161,0004,430 0161-0004
C248-L15,C248,C248-L04,108,KUZNETSK,ELECTRIC POWER - MAJOR GRIDS,0161,0010,108 0161-0010
C248-L16,C248,C248-L04,324,WEST SIBERIAN REGION,RAILROAD EQUIPMENT REPAIR PLANTS-USSR,0161,0020,324 0161-0020
C248-L17,C248,C248-L04,204,FERRO-ALLOYS,,0161,0030,204 0161-0030
C248-L18,C248,C248-L04,108,KUZNETSK,ELECTRIC POWER - MAJOR GRIDS,0161,0053,108 0161-0053
C248-L19,C248,C248-L04,372,WEST SIBERIAN REGION,RAILROAD YARDS & SHOPS- USSR,0161,0064,372 0161-0064
C248-L20,C248,C248-L04,372,WEST SIBERIAN REGION,RAILROAD YARDS & SHOPS- USSR,0161,0078,372 0161-0078
C248-L21,C248,C248-L04,208,GOVERNMENT CONTROL CENTERS,,0161,0092,208 0161-0092
C248-L22,C248,C248-L04,275,POPULATION,,0161,9998,275 0161-9998
C248-L24,C248,C248-L23,090,CUTTING TOOLS,,0232,0347,090 0232-0347
C248-L25,C248,C248-L23,212,"GUNS, MAJOR CALIBER",,0232,0347,212 0232-0347
C248-L26,C248,C248-L23,235,METAL FORMING EQUIPMENT,,0232,0347,235 0232-0347
C248-L27,C248,C248-L23,262,OIL EXTRACTION EQUIPMENT,,0232,0347,262 0232-0347
C248-L28,C248,C248-L23,430,STEEL,,0232,0347,430 0232-0347
C248-L29,C248,C248-L23,196,POLAND,ELECTRIC POWER - SATELLITES,0232,0405,196 0232-0405
C248-L30,C248,C248-L23,275,POPULATION,,0232,9883,275 0232-9883
C248-L32,C248,C248-L31,275,POPULATION,,0232,,275 0232-
C248-L33,C248,C248-L31,392,POLAND,RAILROAD YARDS & SHOPS- SATELLITES,0232,0921,392 0232-0921
C248-L36,C248,C248-L34,241,"MILITARY HQS, ARMY",,0232,,241 0232-
C248-L37,C248,C248-L34,376,WEST SUB-REGION UKRAINE REGION,RAILROAD YARDS & SHOPS- USSR,0232,0133,376 0232-0133
C248-L38,C248,C248-L34,328,WEST SUB-REGION UKRAINE REGION,RAILROAD EQUIPMENT REPAIR PLANTS-USSR,0232,1224,328 0232-1224
C248-L39,C248,C248-L34,275,POPULATION,,0232,9992,275 0232-9992
C248-L41,C248,C248-L40,227,"LIQUID FUELS, STORAGE NON-REFINERY",,0325,,227 0325-
C248-L42,C248,C248-L40,227,"LIQUID FUELS, STORAGE NON-REFINERY",,0325,,227 0325-
C248-L43,C248,C248-L40,275,POPULATION,,0325,,275 0325-
C249-L04,C249,C248-L44,240,"MILITARY CONTROLS, AIR FORCE",,0322,,240 0322-
C249-L05,C249,C248-L44,275,POPULATION,,0322,,275 0322-
C249-L06,C249,C248-L44,382,BULGARIA,RAILROAD YARDS & SHOPS- SATELLITES,0322,0409,382 0322-0409
C249-L07,C249,C248-L44,248,MILITARY TROOP INSTALLATIONS,,0322,0509,248 0322-0509
C249-L08,C249,C248-L44,184,BULGARIA,ELECTRIC POWER - SATELLITES,0322,0561,184 0322-0561
C249-L09,C249,C248-L44,245,"MILITARY STORAGE AREAS, AIR FORCE",,0322,0571,245 0322-0571
C249-L11,C249,C249-L10,275,POPULATION,,0322,,275 0322-
C249-L12,C249,C249-L10,382,BULGARIA,RAILROAD YARDS & SHOPS- SATELLITES,0322,0420,382 0322-0420
C249-L14,C249,C249-L13,382,BULGARIA,RAILROAD YARDS & SHOPS- SATELLITES,0322,0416,382 0322-0416
C249-L15,C249,C249-L13,275,POPULATION,,0322,9736,275 0322-9736
C249-L17,C249,C249-L16,336,POLAND,RAILROAD EQUIP REPAIR PLANTS-SATTELITES,0169,0633,336 0169-0633
C249-L18,C249,C249-L16,392,POLAND,RAILROAD YARDS & SHOPS- SATELLITES,0169,0634,392 0169-0634
C249-L19,C249,C249-L16,275,POPULATION,,0169,9941,275 0169-9941
C249-L21,C249,C249-L20,275,POPULATION,,0169,,275 0169-
C249-L22,C249,C249-L20,392,POLAND,RAILROAD YARDS & SHOPS- SATELLITES,0169,1075,392 0169-1075
C249-L24,C249,C249-L23,227,"LIQUID FUELS, STORAGE NON-REFINERY",,0234,,227 0234-
C249-L25,C249,C249-L23,275,POPULATION,,0234,9960,275 0234-9960
C249-L27,C249,C249-L26,270,PIG IRON,,0156,0091,270 0156-0091
C249-L28,C249,C249-L26,275,POPULATION,,0156,9939,275 0156-9939
C249-L31,C249,C249-L29,366,URALS REGION,RAILROAD YARDS & SHOPS- USSR,0156,0429,366 0156-0429
C249-L32,C249,C249-L29,275,POPULATION,,0156,9893,275 0156-9893
C249-L35,C249,C249-L33,275,POPULATION,,0156,,275 0156-
C249-L36,C249,C249-L33,366,URALS REGION,RAILROAD YARDS & SHOPS- USSR,0156,0431,366 0156-0431
C249-L39,C249,C249-L37,227,"LIQUID FUELS, STORAGE NON-REFINERY",,0234,,227 0234-
C249-L40,C249,C249-L37,362,SOUTHERN SUB-REGION CENTRAL IND REG,RAILROAD YARDS & SHOPS- USSR,0234,0462,362 0234-0462
C249-L41,C249,C249-L37,275,POPULATION,,0234,9844,275 0234-9844
C249-L45,C249,C249-L42,227,"LIQUID FUELS, STORAGE NON-REFINERY",,0249,,227 0249-
C249-L46,C249,C249-L42,230,MACHINE TOOLS,,0249,0322,230 0249-0322
C250-L02,C250,C249-L42,208,GOVERNMENT CONTROL CENTERS,,0249,0334,208 0249-0334
C250-L03,C250,C249-L42,150,SOUTHEAST ECONOMIC REGION,ELECTRIC POWER - OUTSIDE GRIDS,0249,0343,150 0249-0343
C250-L04,C250,C249-L42,248,MILITARY TROOP INSTALLATIONS,,0249,0344,248 0249-0344
C250-L05,C250,C249-L42,275,POPULATION,,0249,9967,275 0249-9967
C250-L07,C250,C250-L06,290,RAILROAD BRIDGES,,0170,,290 0170-
C250-L08,C250,C250-L06,334,EAST GERMANY,RAILROAD EQUIP REPAIR PLANTS-SATTELITES,0170,0436,334 0170-0436
C250-L09,C250,C250-L06,388,EAST GERMANY,RAILROAD YARDS & SHOPS- SATELLITES,0170,0437,388 0170-0437
C250-L10,C250,C250-L06,246,"MILITARY STORAGE AREAS, ARMY & NAVY",,0170,1109,246 0170-1109
C250-L11,C250,C250-L06,248,MILITARY TROOP INSTALLATIONS,,0170,1110,248 0170-1110
C250-L12,C250,C250-L06,275,POPULATION,,0170,9817,275 0170-9817
C250-L14,C250,C250-L13,248,MILITARY TROOP INSTALLATIONS,,0170,1010,248 0170-1010
C250-L15,C250,C250-L13,275,POPULATION,,0170,9792,275 0170-9792
C250-L17,C250,C250-L16,248,MILITARY TROOP INSTALLATIONS,,0170,0903,248 0170-0903
C250-L18,C250,C250-L16,248,MILITARY TROOP INSTALLATIONS,,0170,0904,248 0170-0904
C250-L19,C250,C250-L16,248,MILITARY TROOP INSTALLATIONS,,0170,0905,248 0170-0905
C250-L20,C250,C250-L16,248,MILITARY TROOP INSTALLATIONS,,0170,0906,248 0170-0906
C250-L21,C250,C250-L16,248,MILITARY TROOP INSTALLATIONS,,0170,0907,248 0170-0907
C250-L22,C250,C250-L16,275,POPULATION,,0170,9756,275 0170-9756
C250-L24,C250,C250-L23,275,POPULATION,,0170,,275 0170-
C250-L25,C250,C250-L23,264,OPTICAL EQUIPMENT,,0170,0888,264 0170-0888
C250-L28,C250,C250-L26,230,MACHINE TOOLS,,0165,0074,230 0165-0074
C250-L29,C250,C250-L26,425,SODA ASH,,0165,0223,425 0165-0223
C250-L30,C250,C250-L26,275,POPULATION,,0165,9995,275 0165-9995
C250-L33,C250,C250-L31,227,"LIQUID FUELS, STORAGE NON-REFINERY",,0165,,227 0165-
C250-L34,C250,C250-L31,224,"LIQUID FUEL PLANTS, CRUDE",,0165,0040,224 0165-0040
C250-L35,C250,C250-L31,226,"LIQUID FUELS, STORAGE AT REFINERIES",,0165,0040,226 0165-0040
C250-L36,C250,C250-L31,226,"LIQUID FUELS, STORAGE AT REFINERIES",,0165,0051,226 0165-0051
C250-L37,C250,C250-L31,118,URALS,ELECTRIC POWER - MAJOR GRIDS,0165,0292,118 0165-0292
C250-L38,C250,C250-L31,275,POPULATION,,0165,9980,275 0165-9980
C250-L40,C250,C250-L39,227,"LIQUID FUELS, STORAGE NON-REFINERY",,0169,,227 0169-
C250-L41,C250,C250-L39,082,"COPPER, REFINED",,0169,0047,082 0169-0047
C250-L42,C250,C250-L39,084,"COPPER, SMELTED",,0169,0047,084 0169-0047
C250-L43,C250,C250-L39,270,PIG IRON,,0169,0047,270 0169-0047
C250-L44,C250,C250-L39,227,"LIQUID FUELS, STORAGE NON-REFINERY",,0169,0049,227 0169-0049
C250-L45,C250,C250-L39,227,"LIQUID FUELS, STORAGE NON-REFINERY",,0169,0051,227 0169-0051
C250-L46,C250,C250-L39,420,SHIP REPAIR,,0169,0052,420 0169-0052
C250-L47,C250,C250-L39,415,SHIPBUILDING,,0169,0055,415 0169-0055
C250-L48,C250,C250-L39,420,SHIP REPAIR,,0169,0055,420 0169-0055
C251-L02,C251,C250-L39,196,POLAND,ELECTRIC POWER - SATELLITES,0169,0061,196 0169-0061
C251-L03,C251,C250-L39,392,POLAND,RAILROAD YARDS & SHOPS- SATELLITES,0169,0063,392 0169-0063
C251-L04,C251,C250-L39,290,RAILROAD BRIDGES,,0169,0242,290 0169-0242
C251-L05,C251,C250-L39,280,"PORTS, MARITIME",,0169,0317,280 0169-0317
C251-L06,C251,C250-L39,056,"BRIDGES, HWY",,0169,0374,056 0169-0374
C251-L07,C251,C250-L39,056,"BRIDGES, HWY",,0169,0375,056 0169-0375
C251-L08,C251,C250-L39,056,"BRIDGES, HWY",,0169,0385,056 0169-0385
C251-L09,C251,C250-L39,290,RAILROAD BRIDGES,,0169,0505,290 0169-0505
C251-L10,C251,C250-L39,290,RAILROAD BRIDGES,,0169,0507,290 0169-0507
C251-L11,C251,C250-L39,290,RAILROAD BRIDGES,,0169,0509,290 0169-0509
C251-L12,C251,C250-L39,445,SULFURIC ACID,,0169,0575,445 0169-0575
C251-L13,C251,C250-L39,280,"PORTS, MARITIME",,0169,0639,280 0169-0639
C251-L14,C251,C250-L39,280,"PORTS, MARITIME",,0169,0854,280 0169-0854
C251-L15,C251,C250-L39,280,"PORTS, MARITIME",,0169,0855,280 0169-0855
C251-L16,C251,C250-L39,392,POLAND,RAILROAD YARDS & SHOPS- SATELLITES,0169,0865,392 0169-0865
C251-L17,C251,C250-L39,227,"LIQUID FUELS, STORAGE NON-REFINERY",,0169,1071,227 0169-1071
C251-L18,C251,C250-L39,248,MILITARY TROOP INSTALLATIONS,,0169,1119,248 0169-1119
C251-L19,C251,C250-L39,208,GOVERNMENT CONTROL CENTERS,,0169,1138,208 0169-1138
C251-L20,C251,C250-L39,275,POPULATION,,0169,9990,275 0169-9990
C251-L22,C251,C251-L21,370,WESTERN REGION,RAILROAD YARDS & SHOPS- USSR,0168,0426,370 0168-0426
C251-L23,C251,C251-L21,275,POPULATION,,0168,9982,275 0168-9982
C251-L25,C251,C251-L24,246,"MILITARY STORAGE AREAS, ARMY & NAVY",,0233,,246 0233-
C251-L26,C251,C251-L24,275,POPULATION,,0233,9608,275 0233-9608
C251-L28,C251,C251-L27,392,POLAND,RAILROAD YARDS & SHOPS- SATELLITES,0169,1068,392 0169-1068
C251-L29,C251,C251-L27,275,POPULATION,,0169,9943,275 0169-9943
C251-L31,C251,C251-L30,275,POPULATION,,0169,,275 0169-
C251-L32,C251,C251-L30,280,"PORTS, MARITIME",,0169,0949,280 0169-0949
C251-L33,C251,C251-L30,392,POLAND,RAILROAD YARDS & SHOPS- SATELLITES,0169,1076,392 0169-1076
C251-L35,C251,C251-L34,214,"GUNS, SMALL ARMS",,0231,0660,214 0231-0660
C251-L36,C251,C251-L34,230,MACHINE TOOLS,,0231,0660,230 0231-0660
C251-L37,C251,C251-L34,275,POPULATION,,0231,9906,275 0231-9906
C251-L39,C251,C251-L38,275,POPULATION,,0231,,275 0231-
C251-L40,C251,C251-L38,248,MILITARY TROOP INSTALLATIONS,,0231,3491,248 0231-3491
C251-L42,C251,C251-L41,190,EAST GERMANY,ELECTRIC POWER - SATELLITES,0169,0099,190 0169-0099
C251-L43,C251,C251-L41,415,SHIPBUILDING,,0169,0192,415 0169-0192
C251-L44,C251,C251-L41,227,"LIQUID FUELS, STORAGE NON-REFINERY",,0169,0213,227 0169-0213
C252-L02,C252,C251-L41,280,"PORTS, MARITIME",,0169,0470,280 0169-0470
C252-L03,C252,C251-L41,010,AGRICULTURAL EQUIPMENT,,0169,0947,010 0169-0947
C252-L04,C252,C251-L41,388,EAST GERMANY,RAILROAD YARDS & SHOPS- SATELLITES,0169,0989,388 0169-0989
C252-L05,C252,C251-L41,275,POPULATION,,0169,9928,275 0169-9928
C252-L07,C252,C252-L06,275,POPULATION,,0169,,275 0169-
C252-L08,C252,C252-L06,280,"PORTS, MARITIME",,0169,0911,280 0169-0911
C252-L09,C252,C252-L06,010,AGRICULTURAL EQUIPMENT,,0169,1132,010 0169-1132
C252-L12,C252,C252-L10,240,"MILITARY CONTROLS, AIR FORCE",,0232,,240 0232-
C252-L13,C252,C252-L10,376,WEST SUB-REGION UKRAINE REGION,RAILROAD YARDS & SHOPS- USSR,0232,0134,376 0232-0134
C252-L14,C252,C252-L10,376,WEST SUB-REGION UKRAINE REGION,RAILROAD YARDS & SHOPS- USSR,0232,0135,376 0232-0135
C252-L15,C252,C252-L10,328,WEST SUB-REGION UKRAINE REGION,RAILROAD EQUIPMENT REPAIR PLANTS-USSR,0232,0500,328 0232-0500
C252-L16,C252,C252-L10,248,MILITARY TROOP INSTALLATIONS,,0232,1355,248 0232-1355
C252-L17,C252,C252-L10,275,POPULATION,,0232,9993,275 0232-9993
C252-L19,C252,C252-L18,275,POPULATION,,0232,,275 0232-
C252-L20,C252,C252-L18,248,MILITARY TROOP INSTALLATIONS,,0232,1536,248 0232-1536
C252-L23,C252,C252-L21,227,"LIQUID FUELS, STORAGE NON-REFINERY",,0291,0123,227 0291-0123
C252-L24,C252,C252-L21,275,POPULATION,,0291,9994,275 0291-9994
C252-L26,C252,C252-L25,275,POPULATION,,0291,,275 0291-
C252-L27,C252,C252-L25,227,"LIQUID FUELS, STORAGE NON-REFINERY",,0291,0124,227 0291-0124
C252-L28,C252,C252-L25,023,AMMUNITION,,0291,0330,023 0291-0330
C252-L30,C252,C252-L29,248,MILITARY TROOP INSTALLATIONS,,0291,,248 0291-
C252-L31,C252,C252-L29,275,POPULATION,,0291,9980,275 0291-9980
C252-L35,C252,C252-L32,214,"GUNS, SMALL ARMS",,0231,0433,214 0231-0433
C252-L36,C252,C252-L32,214,"GUNS, SMALL ARMS",,0231,0439,214 0231-0439
C252-L37,C252,C252-L32,214,"GUNS, SMALL ARMS",,0231,0440,214 0231-0440
C252-L38,C252,C252-L32,275,POPULATION,,0231,9886,275 0231-9886
C252-L40,C252,C252-L39,334,EAST GERMANY,RAILROAD EQUIP REPAIR PLANTS-SATTELITES,0231,1783,334 0231-1783
C252-L41,C252,C252-L39,248,MILITARY TROOP INSTALLATIONS,,0231,3416,248 0231-3416
C252-L42,C252,C252-L39,275,POPULATION,,0231,9812,275 0231-9812
C252-L45,C252,C252-L43,090,CUTTING TOOLS,,0231,1939,090 0231-1939
C252-L46,C252,C252-L43,264,OPTICAL EQUIPMENT,,0231,2758,264 0231-2758
C253-L03,C253,C252-L43,275,POPULATION,,0231,9496,275 0231-9496
C253-L06,C253,C253-L04,030,ANTI-FRICTION BEARINGS,,0231,0586,030 0231-0586
C253-L07,C253,C253-L04,010,AGRICULTURAL EQUIPMENT,,0231,3024,010 0231-3024
C253-L08,C253,C253-L04,090,CUTTING TOOLS,,0231,3171,090 0231-3171
C253-L09,C253,C253-L04,275,POPULATION,,0231,9154,275 0231-9154
C253-L12,C253,C253-L10,384,CHINA,RAILROAD YARDS & SHOPS- SATELLITES,0282,0069,384 0282-0069
C253-L13,C253,C253-L10,275,POPULATION,,0282,9958,275 0282-9958
C253-L15,C253,C253-L14,384,CHINA,RAILROAD YARDS & SHOPS- SATELLITES,0283,0082,384 0283-0082
C253-L16,C253,C253-L14,275,POPULATION,,0283,9984,275 0283-9984
C253-L19,C253,C253-L17,362,SOUTHERN SUB-REGION CENTRAL IND REG,RAILROAD YARDS & SHOPS- USSR,0167,0818,362 0167-0818
C253-L20,C253,C253-L17,275,POPULATION,,0167,9623,275 0167-9623
C253-L24,C253,C253-L21,437,SUBMARINE BASES,,0324,,437 0324-
C253-L25,C253,C253-L21,280,"PORTS, MARITIME",,0324,0016,280 0324-0016
C253-L26,C253,C253-L21,048,A/E RESEARCH,,0324,0033,048 0324-0033
C253-L27,C253,C253-L21,290,RAILROAD BRIDGES,,0324,0035,290 0324-0035
C253-L28,C253,C253-L21,116,TRANS-CAUCASUS,ELECTRIC POWER - MAJOR GRIDS,0324,0080,116 0324-0080
C253-L29,C253,C253-L21,227,"LIQUID FUELS, STORAGE NON-REFINERY",,0324,0121,227 0324-0121
C253-L30,C253,C253-L21,350,CAUCASUS REGION,RAILROAD YARDS & SHOPS- USSR,0324,0124,350 0324-0124
C253-L31,C253,C253-L21,248,MILITARY TROOP INSTALLATIONS,,0324,0147,248 0324-0147
C253-L32,C253,C253-L21,275,POPULATION,,0324,9991,275 0324-9991
C253-L35,C253,C253-L33,275,POPULATION,,0324,,275 0324-
C253-L36,C253,C253-L33,048,A/E RESEARCH,,0324,0126,048 0324-0126
C253-L39,C253,C253-L37,227,"LIQUID FUELS, STORAGE NON-REFINERY",,0250,0241,227 0250-0241
C253-L40,C253,C253-L37,280,"PORTS, MARITIME",,0250,0298,280 0250-0298
C253-L41,C253,C253-L37,275,POPULATION,,0250,9867,275 0250-9867
C254-L04,C254,C253-L42,227,"LIQUID FUELS, STORAGE NON-REFINERY",,0234,,227 0234-
C254-L05,C254,C253-L42,064,CHEMICAL EQUIPMENT,,0234,0187,064 0234-0187
C254-L06,C254,C253-L42,275,POPULATION,,0234,9854,275 0234-9854
C254-L08,C254,C254-L07,275,POPULATION,,0282,,275 0282-
C254-L09,C254,C254-L07,246,"MILITARY STORAGE AREAS, ARMY & NAVY",,0282,0077,246 0282-0077
C254-L11,C254,C254-L10,358,NORTHERN REGION,RAILROAD YARDS & SHOPS- USSR,0102,0003,358 0102-0003
C254-L12,C254,C254-L10,275,POPULATION,,0102,9991,275 0102-9991
C254-L14,C254,C254-L13,194,NORTH KOREA,ELECTRIC POWER - SATELLITES,0290,0220,194 0290-0220
C254-L15,C254,C254-L13,275,POPULATION,,0290,9938,275 0290-9938
C254-L21,C254,C254-L16,240,"MILITARY CONTROLS, AIR FORCE",,0156,,240 0156-
C254-L22,C254,C254-L16,241,"MILITARY HQS, ARMY",,0156,,241 0156-
C254-L23,C254,C254-L16,243,MILITARY SCHOOLS,,0156,,243 0156-
C254-L24,C254,C254-L16,118,URALS,ELECTRIC POWER - MAJOR GRIDS,0156,0007,118 0156-0007
C254-L25,C254,C254-L16,405,RUBBER TIRES,,0156,0013,405 0156-0013
C254-L26,C254,C254-L16,064,CHEMICAL EQUIPMENT,,0156,0017,064 0156-0017
C254-L27,C254,C254-L16,095,EARTH MOVING EQUIPMENT,,0156,0017,095 0156-0017
C254-L28,C254,C254-L16,212,"GUNS, MAJOR CALIBER",,0156,0017,212 0156-0017
C254-L29,C254,C254-L16,235,METAL FORMING EQUIPMENT,,0156,0017,235 0156-0017
C254-L30,C254,C254-L16,262,OIL EXTRACTION EQUIPMENT,,0156,0017,262 0156-0017
C254-L31,C254,C254-L16,430,STEEL,,0156,0017,430 0156-0017
C254-L32,C254,C254-L16,450,TANKS & S. P. GUNS,,0156,0017,450 0156-0017
C254-L33,C254,C254-L16,485,"TURBINES, HEAVY",,0156,0017,485 0156-0017
C254-L34,C254,C254-L16,118,URALS,ELECTRIC POWER - MAJOR GRIDS,0156,0069,118 0156-0069
C254-L35,C254,C254-L16,262,OIL EXTRACTION EQUIPMENT,,0156,0079,262 0156-0079
C254-L36,C254,C254-L16,430,STEEL,,0156,0090,430 0156-0090
C254-L37,C254,C254-L16,206,"GENERATORS, HEAVY",,0156,0117,206 0156-0117
C254-L38,C254,C254-L16,480,"TRANSFORMERS, HEAVY",,0156,0117,480 0156-0117
C254-L39,C254,C254-L16,485,"TURBINES, HEAVY",,0156,0117,485 0156-0117
C254-L40,C254,C254-L16,212,"GUNS, MAJOR CALIBER",,0156,0131,212 0156-0131
C254-L41,C254,C254-L16,200,ELECTRIC WIRE & CABLE,,0156,0188,200 0156-0188
C254-L42,C254,C254-L16,055,"BOILERS, HIGH PRESSURE",,0156,0217,055 0156-0217
C254-L43,C254,C254-L16,064,CHEMICAL EQUIPMENT,,0156,0217,064 0156-0217
C254-L44,C254,C254-L16,262,OIL EXTRACTION EQUIPMENT,,0156,0243,262 0156-0243
C254-L45,C254,C254-L16,090,CUTTING TOOLS,,0156,0245,090 0156-0245
C254-L46,C254,C254-L16,266,PENICILLIN,,0156,0268,266 0156-0268
C254-L47,C254,C254-L16,118,URALS,ELECTRIC POWER - MAJOR GRIDS,0156,0291,118 0156-0291
C254-L48,C254,C254-L16,366,URALS REGION,RAILROAD YARDS & SHOPS- USSR,0156,0295,366 0156-0295
C255-L04,C255,C254-L16,366,URALS REGION,RAILROAD YARDS & SHOPS- USSR,0156,0296,366 0156-0296
C255-L05,C255,C254-L16,366,URALS REGION,RAILROAD YARDS & SHOPS- USSR,0156,0298,366 0156-0298
C255-L06,C255,C254-L16,285,RADIO & TELEVISION,,0156,0322,285 0156-0322
C255-L07,C255,C254-L16,208,GOVERNMENT CONTROL CENTERS,,0156,0361,208 0156-0361
C255-L08,C255,C254-L16,095,EARTH MOVING EQUIPMENT,,0156,0366,095 0156-0366
C255-L09,C255,C254-L16,227,"LIQUID FUELS, STORAGE NON-REFINERY",,0156,0369,227 0156-0369
C255-L10,C255,C254-L16,118,URALS,ELECTRIC POWER - MAJOR GRIDS,0156,0400,118 0156-0400
C255-L11,C255,C254-L16,118,URALS,ELECTRIC POWER - MAJOR GRIDS,0156,0401,118 0156-0401
C255-L12,C255,C254-L16,246,"MILITARY STORAGE AREAS, ARMY & NAVY",,0156,0418,246 0156-0418
C255-L13,C255,C254-L16,246,"MILITARY STORAGE AREAS, ARMY & NAVY",,0156,0419,246 0156-0419
C255-L14,C255,C254-L16,248,MILITARY TROOP INSTALLATIONS,,0156,0420,248 0156-0420
C255-L15,C255,C254-L16,248,MILITARY TROOP INSTALLATIONS,,0156,0421,248 0156-0421
C255-L16,C255,C254-L16,227,"LIQUID FUELS, STORAGE NON-REFINERY",,0156,0432,227 0156-0432
C255-L17,C255,C254-L16,245,"MILITARY STORAGE AREAS, AIR FORCE",,0156,0436,245 0156-0436
C255-L18,C255,C254-L16,275,POPULATION,,0156,9999,275 0156-9999
C255-L21,C255,C255-L19,082,"COPPER, REFINED",,0156,0207,082 0156-0207
C255-L22,C255,C255-L19,275,POPULATION,,0156,9932,275 0156-9932
C255-L26,C255,C255-L23,227,"LIQUID FUELS, STORAGE NON-REFINERY",,0102,,227 0102-
C255-L27,C255,C255-L23,110,LENINGRAD,ELECTRIC POWER - MAJOR GRIDS,0102,0011,110 0102-0011
C255-L28,C255,C255-L23,228,LOCKS & DAMS,,0102,0038,228 0102-0038
C255-L29,C255,C255-L23,275,POPULATION,,0102,9963,275 0102-9963
C255-L31,C255,C255-L30,358,NORTHERN REGION,RAILROAD YARDS & SHOPS- USSR,0102,0043,358 0102-0043
C255-L32,C255,C255-L30,275,POPULATION,,0102,9978,275 0102-9978
C255-L34,C255,C255-L33,227,"LIQUID FUELS, STORAGE NON-REFINERY",,0322,0259,227 0322-0259
C255-L35,C255,C255-L33,243,MILITARY SCHOOLS,,0322,0506,243 0322-0506
C255-L36,C255,C255-L33,275,POPULATION,,0322,9949,275 0322-9949
C255-L38,C255,C255-L37,275,POPULATION,,0322,,275 0322-
C255-L39,C255,C255-L37,246,"MILITARY STORAGE AREAS, ARMY & NAVY",,0322,0514,246 0322-0514
C255-L41,C255,C255-L40,382,BULGARIA,RAILROAD YARDS & SHOPS- SATELLITES,0322,0417,382 0322-0417
C255-L42,C255,C255-L40,275,POPULATION,,0322,9968,275 0322-9968
C255-L44,C255,C255-L43,230,MACHINE TOOLS,,0232,0895,230 0232-0895
C255-L45,C255,C255-L43,275,POPULATION,,0232,9741,275 0232-9741
C255-L47,C255,C255-L46,386,CZECHOSLOVAKIA,RAILROAD YARDS & SHOPS- SATELLITES,0232,1072,386 0232-1072
C255-L48,C255,C255-L46,333,CZECHOSLOVAKIA,RAILROAD EQUIP REPAIR PLANTS-SATTELITES,0232,1093,333 0232-1093
C255-L49,C255,C255-L46,275,POPULATION,,0232,9550,275 0232-9550
C256-L02,C256,C255-L50,016,AIRFRAMES,,0232,0237,016 0232-0237
C256-L03,C256,C255-L50,245,"MILITARY STORAGE AREAS, AIR FORCE",,0232,0237,245 0232-0237
C256-L04,C256,C255-L50,275,POPULATION,,0232,9937,275 0232-9937
C256-L06,C256,C256-L05,023,AMMUNITION,,0232,1136,023 0232-1136
C256-L07,C256,C256-L05,275,POPULATION,,0232,9539,275 0232-9539
C256-L09,C256,C256-L08,275,POPULATION,,0232,,275 0232-
C256-L10,C256,C256-L08,248,MILITARY TROOP INSTALLATIONS,,0232,1263,248 0232-1263
C256-L13,C256,C256-L11,227,"LIQUID FUELS, STORAGE NON-REFINERY",,0203,0060,227 0203-0060
C256-L14,C256,C256-L11,306,EAST SIBERIAN & FAR EASTERN REGION,RAILROAD EQUIPMENT REPAIR PLANTS-USSR,0203,0066,306 0203-0066
C256-L15,C256,C256-L11,275,POPULATION,,0203,9999,275 0203-9999
C256-L17,C256,C256-L16,354,EAST SIBERIAN & FAR EASTERN REGION,RAILROAD YARDS & SHOPS- USSR,0203,0086,354 0203-0086
C256-L18,C256,C256-L16,275,POPULATION,,0203,9960,275 0203-9960
C256-L20,C256,C256-L19,280,"PORTS, MARITIME",,0614,0873,280 0614-0873
C256-L21,C256,C256-L19,246,"MILITARY STORAGE AREAS, ARMY & NAVY",,0614,0895,246 0614-0895
C256-L22,C256,C256-L19,275,POPULATION,,0614,9986,275 0614-9986
C256-L24,C256,C256-L23,254,NAVAL OPERATING BASES,,0169,0208,254 0169-0208
C256-L25,C256,C256-L23,280,"PORTS, MARITIME",,0169,0408,280 0169-0408
C256-L26,C256,C256-L23,246,"MILITARY STORAGE AREAS, ARMY & NAVY",,0169,0856,246 0169-0856
C256-L27,C256,C256-L23,227,"LIQUID FUELS, STORAGE NON-REFINERY",,0169,0857,227 0169-0857
C256-L28,C256,C256-L23,275,POPULATION,,0169,9981,275 0169-9981
C256-L30,C256,C256-L29,275,POPULATION,,0169,,275 0169-
C256-L31,C256,C256-L29,248,MILITARY TROOP INSTALLATIONS,,0169,1521,248 0169-1521
C256-L33,C256,C256-L32,248,MILITARY TROOP INSTALLATIONS,,0169,1202,248 0169-1202
C256-L34,C256,C256-L32,275,POPULATION,,0169,9778,275 0169-9778
C256-L38,C256,C256-L35,368,VOLGA REGION,RAILROAD YARDS & SHOPS- USSR,0165,0002,368 0165-0002
C256-L39,C256,C256-L35,224,"LIQUID FUEL PLANTS, CRUDE",,0165,0012,224 0165-0012
C256-L40,C256,C256-L35,226,"LIQUID FUELS, STORAGE AT REFINERIES",,0165,0012,226 0165-0012
C256-L41,C256,C256-L35,368,VOLGA REGION,RAILROAD YARDS & SHOPS- USSR,0165,0089,368 0165-0089
C256-L42,C256,C256-L35,010,AGRICULTURAL EQUIPMENT,,0165,0092,010 0165-0092
C256-L43,C256,C256-L35,165,VOLGA ECONOMIC REGION,ELECTRIC POWER - OUTSIDE GRIDS,0165,0137,165 0165-0137
C256-L44,C256,C256-L35,023,AMMUNITION,,0165,0145,023 0165-0145
C256-L45,C256,C256-L35,410,SEA MINES,,0165,0282,410 0165-0282
C256-L46,C256,C256-L35,281,"PORTS, INLAND",,0165,0283,281 0165-0283
C257-L02,C257,C256-L35,281,"PORTS, INLAND",,0165,0284,281 0165-0284
C257-L03,C257,C256-L35,246,"MILITARY STORAGE AREAS, ARMY & NAVY",,0165,0303,246 0165-0303
C257-L04,C257,C256-L35,243,MILITARY SCHOOLS,,0165,0304,243 0165-0304
C257-L05,C257,C256-L35,248,MILITARY TROOP INSTALLATIONS,,0165,0304,248 0165-0304
C257-L06,C257,C256-L35,275,POPULATION,,0165,9985,275 0165-9985
C257-L09,C257,C257-L07,227,"LIQUID FUELS, STORAGE NON-REFINERY",,0165,,227 0165-
C257-L10,C257,C257-L07,290,RAILROAD BRIDGES,,0165,0224,290 0165-0224
C257-L11,C257,C257-L07,368,VOLGA REGION,RAILROAD YARDS & SHOPS- USSR,0165,0259,368 0165-0259
C257-L12,C257,C257-L07,281,"PORTS, INLAND",,0165,0266,281 0165-0266
C257-L13,C257,C257-L07,227,"LIQUID FUELS, STORAGE NON-REFINERY",,0165,0274,227 0165-0274
C257-L14,C257,C257-L07,227,"LIQUID FUELS, STORAGE NON-REFINERY",,0165,0275,227 0165-0275
C257-L15,C257,C257-L07,275,POPULATION,,0165,9994,275 0165-9994
C257-L17,C257,C257-L16,248,MILITARY TROOP INSTALLATIONS,,0251,,248 0251-
C257-L18,C257,C257-L16,275,POPULATION,,0251,,275 0251-
C257-L21,C257,C257-L19,241,"MILITARY HQS, ARMY",,0251,,241 0251-
C257-L22,C257,C257-L19,290,RAILROAD BRIDGES,,0251,0395,290 0251-0395
C257-L23,C257,C257-L19,224,"LIQUID FUEL PLANTS, CRUDE",,0251,0396,224 0251-0396
C257-L24,C257,C257-L19,226,"LIQUID FUELS, STORAGE AT REFINERIES",,0251,0396,226 0251-0396
C257-L25,C257,C257-L19,390,HUNGARY,RAILROAD YARDS & SHOPS- SATELLITES,0251,0455,390 0251-0455
C257-L26,C257,C257-L19,228,LOCKS & DAMS,,0251,0512,228 0251-0512
C257-L27,C257,C257-L19,056,"BRIDGES, HWY",,0251,0518,056 0251-0518
C257-L28,C257,C257-L19,208,GOVERNMENT CONTROL CENTERS,,0251,0838,208 0251-0838
C257-L29,C257,C257-L19,248,MILITARY TROOP INSTALLATIONS,,0251,0884,248 0251-0884
C257-L30,C257,C257-L19,275,POPULATION,,0251,9995,275 0251-9995
C257-L32,C257,C257-L31,390,HUNGARY,RAILROAD YARDS & SHOPS- SATELLITES,0251,0730,390 0251-0730
C257-L33,C257,C257-L31,275,POPULATION,,0251,9804,275 0251-9804
C257-L35,C257,C257-L34,390,HUNGARY,RAILROAD YARDS & SHOPS- SATELLITES,0252,0356,390 0252-0356
C257-L36,C257,C257-L34,335,HUNGARY,RAILROAD EQUIP REPAIR PLANTS-SATTELITES,0252,0594,335 0252-0594
C257-L37,C257,C257-L34,023,AMMUNITION,,0252,0651,023 0252-0651
C257-L38,C257,C257-L34,248,MILITARY TROOP INSTALLATIONS,,0252,0999,248 0252-0999
C257-L39,C257,C257-L34,275,POPULATION,,0252,9958,275 0252-9958
C257-L41,C257,C257-L40,248,MILITARY TROOP INSTALLATIONS,,0252,,248 0252-
C257-L42,C257,C257-L40,275,POPULATION,,0252,9966,275 0252-9966
C257-L44,C257,C257-L43,275,POPULATION,,0252,,275 0252-
C257-L45,C257,C257-L43,246,"MILITARY STORAGE AREAS, ARMY & NAVY",,0252,0996,246 0252-0996
C258-L04,C258,C257-L46,335,HUNGARY,RAILROAD EQUIP REPAIR PLANTS-SATTELITES,0251,0390,335 0251-0390
C258-L05,C258,C257-L46,290,RAILROAD BRIDGES,,0251,0391,290 0251-0391
C258-L06,C258,C257-L46,390,HUNGARY,RAILROAD YARDS & SHOPS- SATELLITES,0251,0454,390 0251-0454
C258-L07,C258,C257-L46,445,SULFURIC ACID,,0251,0671,445 0251-0671
C258-L08,C258,C257-L46,056,"BRIDGES, HWY",,0251,0797,056 0251-0797
C258-L09,C258,C257-L46,248,MILITARY TROOP INSTALLATIONS,,0251,0883,248 0251-0883
C258-L10,C258,C257-L46,275,POPULATION,,0251,9973,275 0251-9973
C258-L12,C258,C258-L11,275,POPULATION,,0251,,275 0251-
C258-L13,C258,C258-L11,390,HUNGARY,RAILROAD YARDS & SHOPS- SATELLITES,0251,0728,390 0251-0728
C258-L15,C258,C258-L14,010,AGRICULTURAL EQUIPMENT,,0251,0633,010 0251-0633
C258-L16,C258,C258-L14,275,POPULATION,,0251,9893,275 0251-9893
C258-L18,C258,C258-L17,246,"MILITARY STORAGE AREAS, ARMY & NAVY",,0252,,246 0252-
C258-L19,C258,C258-L17,335,HUNGARY,RAILROAD EQUIP REPAIR PLANTS-SATTELITES,0252,0153,335 0252-0153
C258-L20,C258,C258-L17,010,AGRICULTURAL EQUIPMENT,,0252,0607,010 0252-0607
C258-L21,C258,C258-L17,390,HUNGARY,RAILROAD YARDS & SHOPS- SATELLITES,0252,0878,390 0252-0878
C258-L22,C258,C258-L17,248,MILITARY TROOP INSTALLATIONS,,0252,1000,248 0252-1000
C258-L23,C258,C258-L17,275,POPULATION,,0252,9956,275 0252-9956
C258-L25,C258,C258-L24,275,POPULATION,,0252,,275 0252-
C258-L26,C258,C258-L24,248,MILITARY TROOP INSTALLATIONS,,0252,0991,248 0252-0991
C258-L28,C258,C258-L27,275,POPULATION,,0252,,275 0252-
C258-L29,C258,C258-L27,248,MILITARY TROOP INSTALLATIONS,,0252,0992,248 0252-0992
C258-L31,C258,C258-L30,230,MACHINE TOOLS,,0231,1291,230 0231-1291
C258-L32,C258,C258-L30,386,CZECHOSLOVAKIA,RAILROAD YARDS & SHOPS- SATELLITES,0231,2857,386 0231-2857
C258-L33,C258,C258-L30,248,MILITARY TROOP INSTALLATIONS,,0231,3494,248 0231-3494
C258-L34,C258,C258-L30,275,POPULATION,,0231,9396,275 0231-9396
C258-L36,C258,C258-L35,386,CZECHOSLOVAKIA,RAILROAD YARDS & SHOPS- SATELLITES,0231,2854,386 0231-2854
C258-L37,C258,C258-L35,290,RAILROAD BRIDGES,,0231,3542,290 0231-3542
C258-L38,C258,C258-L35,275,POPULATION,,0231,9101,275 0231-9101
C258-L40,C258,C258-L39,248,MILITARY TROOP INSTALLATIONS,,0231,3488,248 0231-3488
C258-L41,C258,C258-L39,275,POPULATION,,0231,9095,275 0231-9095
C258-L43,C258,C258-L42,275,POPULATION,,0231,,275 0231-
C258-L44,C258,C258-L42,248,MILITARY TROOP INSTALLATIONS,,0231,3419,248 0231-3419
C258-L46,C258,C258-L45,246,"MILITARY STORAGE AREAS, ARMY & NAVY",,0231,,246 0231-
C258-L47,C258,C258-L45,248,MILITARY TROOP INSTALLATIONS,,0231,3489,248 0231-3489
C258-L48,C258,C258-L45,275,POPULATION,,0231,9096,275 0231-9096
C259-L05,C259,C258-L49,227,"LIQUID FUELS, STORAGE NON-REFINERY",,0249,,227 0249-
C259-L06,C259,C258-L49,430,STEEL,,0249,0014,430 0249-0014
C259-L07,C259,C258-L49,280,"PORTS, MARITIME",,0249,0029,280 0249-0029
C259-L08,C259,C258-L49,350,CAUCASUS REGION,RAILROAD YARDS & SHOPS- USSR,0249,0063,350 0249-0063
C259-L09,C259,C258-L49,064,CHEMICAL EQUIPMENT,,0249,0122,064 0249-0122
C259-L10,C259,C258-L49,235,METAL FORMING EQUIPMENT,,0249,0122,235 0249-0122
C259-L11,C259,C258-L49,410,SEA MINES,,0249,0122,410 0249-0122
C259-L12,C259,C258-L49,016,AIRFRAMES,,0249,0159,016 0249-0159
C259-L13,C259,C258-L49,010,AGRICULTURAL EQUIPMENT,,0249,0174,010 0249-0174
C259-L14,C259,C258-L49,410,SEA MINES,,0249,0174,410 0249-0174
C259-L15,C259,C258-L49,055,"BOILERS, HIGH PRESSURE",,0249,0226,055 0249-0226
C259-L16,C259,C258-L49,350,CAUCASUS REGION,RAILROAD YARDS & SHOPS- USSR,0249,0254,350 0249-0254
C259-L17,C259,C258-L49,227,"LIQUID FUELS, STORAGE NON-REFINERY",,0249,0286,227 0249-0286
C259-L18,C259,C258-L49,350,CAUCASUS REGION,RAILROAD YARDS & SHOPS- USSR,0249,0301,350 0249-0301
C259-L19,C259,C258-L49,245,"MILITARY STORAGE AREAS, AIR FORCE",,0249,0364,245 0249-0364
C259-L20,C259,C258-L49,275,POPULATION,,0249,9996,275 0249-9996
C259-L22,C259,C259-L21,384,CHINA,RAILROAD YARDS & SHOPS- SATELLITES,0289,0109,384 0289-0109
C259-L23,C259,C259-L21,275,POPULATION,,0289,9976,275 0289-9976
C259-L27,C259,C259-L24,246,"MILITARY STORAGE AREAS, ARMY & NAVY",,0382,,246 0382-
C259-L28,C259,C259-L24,248,MILITARY TROOP INSTALLATIONS,,0382,,248 0382-
C259-L29,C259,C259-L24,248,MILITARY TROOP INSTALLATIONS,,0382,,248 0382-
C259-L30,C259,C259-L24,248,MILITARY TROOP INSTALLATIONS,,0382,,248 0382-
C259-L31,C259,C259-L24,248,MILITARY TROOP INSTALLATIONS,,0382,,248 0382-
C259-L32,C259,C259-L24,248,MILITARY TROOP INSTALLATIONS,,0382,,248 0382-
C259-L33,C259,C259-L24,186,CHINA-OUTSIDE GRIDS,ELECTRIC POWER - SATELLITES,0382,0004,186 0382-0004
C259-L34,C259,C259-L24,075,COKE CHEMICALS,,0382,0006,075 0382-0006
C259-L35,C259,C259-L24,270,PIG IRON,,0382,0006,270 0382-0006
C259-L36,C259,C259-L24,430,STEEL,,0382,0006,430 0382-0006
C259-L37,C259,C259-L24,186,CHINA-OUTSIDE GRIDS,ELECTRIC POWER - SATELLITES,0382,0045,186 0382-0045
C259-L38,C259,C259-L24,095,EARTH MOVING EQUIPMENT,,0382,0058,095 0382-0058
C259-L39,C259,C259-L24,230,MACHINE TOOLS,,0382,0058,230 0382-0058
C259-L40,C259,C259-L24,235,METAL FORMING EQUIPMENT,,0382,0058,235 0382-0058
C259-L41,C259,C259-L24,250,MINING MACHINERY,,0382,0058,250 0382-0058
C259-L42,C259,C259-L24,262,OIL EXTRACTION EQUIPMENT,,0382,0058,262 0382-0058
C259-L43,C259,C259-L24,023,AMMUNITION,,0382,0059,023 0382-0059
C259-L44,C259,C259-L24,212,"GUNS, MAJOR CALIBER",,0382,0059,212 0382-0059
C259-L45,C259,C259-L24,214,"GUNS, SMALL ARMS",,0382,0059,214 0382-0059
C259-L46,C259,C259-L24,245,"MILITARY STORAGE AREAS, AIR FORCE",,0382,0059,245 0382-0059
C259-L47,C259,C259-L24,246,"MILITARY STORAGE AREAS, ARMY & NAVY",,0382,0060,246 0382-0060
C259-L48,C259,C259-L24,384,CHINA,RAILROAD YARDS & SHOPS- SATELLITES,0382,0062,384 0382-0062
C259-L49,C259,C259-L24,384,CHINA,RAILROAD YARDS & SHOPS- SATELLITES,0382,0071,384 0382-0071
C259-L50,C259,C259-L24,292,RAILROAD FREIGHT CARS,,0382,0072,292 0382-0072
C260-L02,C260,C259-L24,294,RAILROAD LOCOMOTIVES,,0382,0072,294 0382-0072
C260-L03,C260,C259-L24,332,CHINA,RAILROAD EQUIP REPAIR PLANTS-SATTELITES,0382,0072,332 0382-0072
C260-L04,C260,C259-L24,208,GOVERNMENT CONTROL CENTERS,,0382,0076,208 0382-0076
C260-L05,C260,C259-L24,186,CHINA-OUTSIDE GRIDS,ELECTRIC POWER - SATELLITES,0382,0077,186 0382-0077
C260-L06,C260,C259-L24,062,CAUSTIC SODA,,0382,0079,062 0382-0079
C260-L07,C260,C259-L24,068,CHLORINE,,0382,0079,068 0382-0079
C260-L08,C260,C259-L24,186,CHINA-OUTSIDE GRIDS,ELECTRIC POWER - SATELLITES,0382,0080,186 0382-0080
C260-L09,C260,C259-L24,275,POPULATION,,0382,9999,275 0382-9999
C260-L12,C260,C260-L10,227,"LIQUID FUELS, STORAGE NON-REFINERY",,0381,0045,227 0381-0045
C260-L13,C260,C260-L10,227,"LIQUID FUELS, STORAGE NON-REFINERY",,0381,0046,227 0381-0046
C260-L14,C260,C260-L10,420,SHIP REPAIR,,0381,0047,420 0381-0047
C260-L15,C260,C260-L10,420,SHIP REPAIR,,0381,0259,420 0381-0259
C260-L16,C260,C260-L10,420,SHIP REPAIR,,0381,0331,420 0381-0331
C260-L17,C260,C260-L10,227,"LIQUID FUELS, STORAGE NON-REFINERY",,0381,0333,227 0381-0333
C260-L18,C260,C260-L10,420,SHIP REPAIR,,0381,0333,420 0381-0333
C260-L19,C260,C260-L10,420,SHIP REPAIR,,0381,0334,420 0381-0334
C260-L20,C260,C260-L10,275,POPULATION,,0381,9975,275 0381-9975
C260-L24,C260,C260-L21,227,"LIQUID FUELS, STORAGE NON-REFINERY",,0381,0050,227 0381-0050
C260-L25,C260,C260-L21,062,CAUSTIC SODA,,0381,0251,062 0381-0251
C260-L26,C260,C260-L21,425,SODA ASH,,0381,0251,425 0381-0251
C260-L27,C260,C260-L21,280,"PORTS, MARITIME",,0381,0318,280 0381-0318
C260-L28,C260,C260-L21,275,POPULATION,,0381,9953,275 0381-9953
C260-L34,C260,C260-L29,240,"MILITARY CONTROLS, AIR FORCE",,0153,,240 0153-
C260-L35,C260,C260-L29,010,AGRICULTURAL EQUIPMENT,,0153,0002,010 0153-0002
C260-L36,C260,C260-L29,262,OIL EXTRACTION EQUIPMENT,,0153,0002,262 0153-0002
C260-L37,C260,C260-L29,358,NORTHERN REGION,RAILROAD YARDS & SHOPS- USSR,0153,0041,358 0153-0041
C260-L38,C260,C260-L29,262,OIL EXTRACTION EQUIPMENT,,0153,0050,262 0153-0050
C260-L39,C260,C260-L29,445,SULFURIC ACID,,0153,0091,445 0153-0091
C260-L40,C260,C260-L29,110,LENINGRAD,ELECTRIC POWER - MAJOR GRIDS,0153,0262,110 0153-0262
C260-L41,C260,C260-L29,280,"PORTS, MARITIME",,0153,0410,280 0153-0410
C260-L42,C260,C260-L29,358,NORTHERN REGION,RAILROAD YARDS & SHOPS- USSR,0153,0411,358 0153-0411
C260-L43,C260,C260-L29,420,SHIP REPAIR,,0153,0416,420 0153-0416
C260-L44,C260,C260-L29,437,SUBMARINE BASES,,0153,0416,437 0153-0416
C260-L45,C260,C260-L29,420,SHIP REPAIR,,0153,0417,420 0153-0417
C260-L46,C260,C260-L29,420,SHIP REPAIR,,0153,0418,420 0153-0418
C260-L47,C260,C260-L29,285,RADIO & TELEVISION,,0153,0453,285 0153-0453
C260-L48,C260,C260-L29,358,NORTHERN REGION,RAILROAD YARDS & SHOPS- USSR,0153,0492,358 0153-0492
C260-L49,C260,C260-L29,227,"LIQUID FUELS, STORAGE NON-REFINERY",,0153,0499,227 0153-0499
C260-L50,C260,C260-L29,280,"PORTS, MARITIME",,0153,0513,280 0153-0513
C261-L02,C261,C260-L29,358,NORTHERN REGION,RAILROAD YARDS & SHOPS- USSR,0153,0514,358 0153-0514
C261-L03,C261,C260-L29,310,NORTHERN REGION,RAILROAD EQUIPMENT REPAIR PLANTS-USSR,0153,0516,310 0153-0516
C261-L04,C261,C260-L29,227,"LIQUID FUELS, STORAGE NON-REFINERY",,0153,0531,227 0153-0531
C261-L05,C261,C260-L29,227,"LIQUID FUELS, STORAGE NON-REFINERY",,0153,0552,227 0153-0552
C261-L06,C261,C260-L29,227,"LIQUID FUELS, STORAGE NON-REFINERY",,0153,0553,227 0153-0553
C261-L07,C261,C260-L29,208,GOVERNMENT CONTROL CENTERS,,0153,0556,208 0153-0556
C261-L08,C261,C260-L29,246,"MILITARY STORAGE AREAS, ARMY & NAVY",,0153,0628,246 0153-0628
C261-L09,C261,C260-L29,248,MILITARY TROOP INSTALLATIONS,,0153,0631,248 0153-0631
C261-L10,C261,C260-L29,248,MILITARY TROOP INSTALLATIONS,,0153,0632,248 0153-0632
C261-L11,C261,C260-L29,242,"MILITARY HQS, NAVY",,0153,0666,242 0153-0666
C261-L12,C261,C260-L29,275,POPULATION,,0153,9999,275 0153-9999
C261-L15,C261,C261-L13,364,SOUTHEAST SUB-REGION CENTRAL IND REG,RAILROAD YARDS & SHOPS- USSR,0234,0472,364 0234-0472
C261-L16,C261,C261-L13,275,POPULATION,,0234,9830,275 0234-9830
C261-L18,C261,C261-L17,275,POPULATION,,0282,,275 0282-
C261-L19,C261,C261-L17,246,"MILITARY STORAGE AREAS, ARMY & NAVY",,0282,0076,246 0282-0076
C261-L22,C261,C261-L20,227,"LIQUID FUELS, STORAGE NON-REFINERY",,0166,,227 0166-
C261-L23,C261,C261-L20,243,MILITARY SCHOOLS,,0166,,243 0166-
C261-L24,C261,C261-L20,364,SOUTHEAST SUB-REGION CENTRAL IND REG,RAILROAD YARDS & SHOPS- USSR,0166,0029,364 0166-0029
C261-L25,C261,C261-L20,400,"RUBBER, SYNTHETIC",,0166,0030,400 0166-0030
C261-L26,C261,C261-L20,316,SOUTHEAST SUB-REGION CENTRAL IND REG,RAILROAD EQUIPMENT REPAIR PLANTS-USSR,0166,0136,316 0166-0136
C261-L27,C261,C261-L20,064,CHEMICAL EQUIPMENT,,0166,0169,064 0166-0169
C261-L28,C261,C261-L20,208,GOVERNMENT CONTROL CENTERS,,0166,0207,208 0166-0207
C261-L29,C261,C261-L20,246,"MILITARY STORAGE AREAS, ARMY & NAVY",,0166,0216,246 0166-0216
C261-L30,C261,C261-L20,243,MILITARY SCHOOLS,,0166,0225,243 0166-0225
C261-L31,C261,C261-L20,275,POPULATION,,0166,9999,275 0166-9999
C261-L34,C261,C261-L32,062,CAUSTIC SODA,,0166,0005,062 0166-0005
C261-L35,C261,C261-L32,066,"CHEMICAL WARFARE AGENT, STANDARD",,0166,0005,066 0166-0005
C261-L36,C261,C261-L32,068,CHLORINE,,0166,0005,068 0166-0005
C261-L37,C261,C261-L32,282,PROPELLANTS,,0166,0005,282 0166-0005
C261-L38,C261,C261-L32,445,SULFURIC ACID,,0166,0005,445 0166-0005
C261-L39,C261,C261-L32,120,CENTRAL INDUSTRIAL REGION,ELECTRIC POWER - OUTSIDE GRIDS,0166,0048,120 0166-0048
C261-L40,C261,C261-L32,275,POPULATION,,0166,9670,275 0166-9670
C261-L42,C261,C261-L41,270,PIG IRON,,0381,0108,270 0381-0108
C261-L43,C261,C261-L41,430,STEEL,,0381,0108,430 0381-0108
C261-L44,C261,C261-L41,186,CHINA-OUTSIDE GRIDS,ELECTRIC POWER - SATELLITES,0381,0156,186 0381-0156
C261-L45,C261,C261-L41,186,CHINA-OUTSIDE GRIDS,ELECTRIC POWER - SATELLITES,0381,0175,186 0381-0175
C261-L46,C261,C261-L41,292,RAILROAD FREIGHT CARS,,0381,0301,292 0381-0301
C262-L02,C262,C261-L41,294,RAILROAD LOCOMOTIVES,,0381,0301,294 0381-0301
C262-L03,C262,C261-L41,332,CHINA,RAILROAD EQUIP REPAIR PLANTS-SATTELITES,0381,0301,332 0381-0301
C262-L04,C262,C261-L41,275,POPULATION,,0381,9995,275 0381-9995
C262-L06,C262,C262-L05,186,CHINA-OUTSIDE GRIDS,ELECTRIC POWER - SATELLITES,0381,0153,186 0381-0153
C262-L07,C262,C262-L05,275,POPULATION,,0381,9963,275 0381-9963
C262-L10,C262,C262-L08,227,"LIQUID FUELS, STORAGE NON-REFINERY",,0251,0647,227 0251-0647
C262-L11,C262,C262-L08,275,POPULATION,,0251,9880,275 0251-9880
C262-L13,C262,C262-L12,275,POPULATION,,0251,,275 0251-
C262-L14,C262,C262-L12,246,"MILITARY STORAGE AREAS, ARMY & NAVY",,0251,0893,246 0251-0893
C262-L16,C262,C262-L15,384,CHINA,RAILROAD YARDS & SHOPS- SATELLITES,0284,0003,384 0284-0003
C262-L17,C262,C262-L15,275,POPULATION,,0284,9999,275 0284-9999
C262-L19,C262,C262-L18,358,NORTHERN REGION,RAILROAD YARDS & SHOPS- USSR,0153,0619,358 0153-0619
C262-L20,C262,C262-L18,275,POPULATION,,0153,9819,275 0153-9819
C262-L24,C262,C262-L22,392,POLAND,RAILROAD YARDS & SHOPS- SATELLITES,0232,0919,392 0232-0919
C262-L25,C262,C262-L22,336,POLAND,RAILROAD EQUIP REPAIR PLANTS-SATTELITES,0232,0920,336 0232-0920
C262-L26,C262,C262-L22,290,RAILROAD BRIDGES,,0232,1315,290 0232-1315
C262-L27,C262,C262-L22,275,POPULATION,,0232,9559,275 0232-9559
C262-L29,C262,C262-L28,196,POLAND,ELECTRIC POWER - SATELLITES,0232,0617,196 0232-0617
C262-L30,C262,C262-L28,022,"AMMONIA, SYNTHETIC",,0232,0618,022 0232-0618
C262-L31,C262,C262-L28,062,CAUSTIC SODA,,0232,0618,062 0232-0618
C262-L32,C262,C262-L28,068,CHLORINE,,0232,0618,068 0232-0618
C262-L33,C262,C262-L28,275,POPULATION,,0232,9846,275 0232-9846
C262-L35,C262,C262-L34,227,"LIQUID FUELS, STORAGE NON-REFINERY",,0153,,227 0153-
C262-L36,C262,C262-L34,358,NORTHERN REGION,RAILROAD YARDS & SHOPS- USSR,0153,0622,358 0153-0622
C262-L37,C262,C262-L34,275,POPULATION,,0153,9989,275 0153-9989
C262-L39,C262,C262-L38,280,"PORTS, MARITIME",,0380,0253,280 0380-0253
C262-L40,C262,C262-L38,275,POPULATION,,0380,9887,275 0380-9887
C263-L03,C263,C263-L02,270,PIG IRON,,0166,0007,270 0166-0007
C263-L04,C263,C263-L02,275,POPULATION,,0166,9980,275 0166-9980
C263-L08,C263,C263-L05,240,"MILITARY CONTROLS, AIR FORCE",,0328,,240 0328-
C263-L09,C263,C263-L05,241,"MILITARY HQS, ARMY",,0328,,241 0328-
C263-L10,C263,C263-L05,243,MILITARY SCHOOLS,,0328,,243 0328-
C263-L11,C263,C263-L05,016,AIRFRAMES,,0328,0002,016 0328-0002
C263-L12,C263,C263-L05,324,WEST SIBERIAN REGION,RAILROAD EQUIPMENT REPAIR PLANTS-USSR,0328,0014,324 0328-0014
C263-L13,C263,C263-L05,010,AGRICULTURAL EQUIPMENT,,0328,0037,010 0328-0037
C263-L14,C263,C263-L05,200,ELECTRIC WIRE & CABLE,,0328,0069,200 0328-0069
C263-L15,C263,C263-L05,202,ELECTRON TUBES,,0328,0070,202 0328-0070
C263-L16,C263,C263-L05,104,CENTRAL ASIA,ELECTRIC POWER - MAJOR GRIDS,0328,0073,104 0328-0073
C263-L17,C263,C263-L05,104,CENTRAL ASIA,ELECTRIC POWER - MAJOR GRIDS,0328,0076,104 0328-0076
C263-L18,C263,C263-L05,104,CENTRAL ASIA,ELECTRIC POWER - MAJOR GRIDS,0328,0092,104 0328-0092
C263-L19,C263,C263-L05,372,WEST SIBERIAN REGION,RAILROAD YARDS & SHOPS- USSR,0328,0122,372 0328-0122
C263-L20,C263,C263-L05,010,AGRICULTURAL EQUIPMENT,,0328,0136,010 0328-0136
C263-L21,C263,C263-L05,410,SEA MINES,,0328,0136,410 0328-0136
C263-L22,C263,C263-L05,095,EARTH MOVING EQUIPMENT,,0328,0139,095 0328-0139
C263-L23,C263,C263-L05,104,CENTRAL ASIA,ELECTRIC POWER - MAJOR GRIDS,0328,0142,104 0328-0142
C263-L24,C263,C263-L05,372,WEST SIBERIAN REGION,RAILROAD YARDS & SHOPS- USSR,0328,0150,372 0328-0150
C263-L25,C263,C263-L05,104,CENTRAL ASIA,ELECTRIC POWER - MAJOR GRIDS,0328,0158,104 0328-0158
C263-L26,C263,C263-L05,005,"ABRASIVES, BONDED",,0328,0169,005 0328-0169
C263-L27,C263,C263-L05,006,"ABRASIVES, CRUDE",,0328,0170,006 0328-0170
C263-L28,C263,C263-L05,104,CENTRAL ASIA,ELECTRIC POWER - MAJOR GRIDS,0328,0171,104 0328-0171
C263-L29,C263,C263-L05,104,CENTRAL ASIA,ELECTRIC POWER - MAJOR GRIDS,0328,0187,104 0328-0187
C263-L30,C263,C263-L05,250,MINING MACHINERY,,0328,0188,250 0328-0188
C263-L31,C263,C263-L05,090,CUTTING TOOLS,,0328,0189,090 0328-0189
C263-L32,C263,C263-L05,016,AIRFRAMES,,0328,0191,016 0328-0191
C263-L33,C263,C263-L05,208,GOVERNMENT CONTROL CENTERS,,0328,0197,208 0328-0197
C263-L34,C263,C263-L05,227,"LIQUID FUELS, STORAGE NON-REFINERY",,0328,0199,227 0328-0199
C263-L35,C263,C263-L05,246,"MILITARY STORAGE AREAS, ARMY & NAVY",,0328,0206,246 0328-0206
C263-L36,C263,C263-L05,245,"MILITARY STORAGE AREAS, AIR FORCE",,0328,0218,245 0328-0218
C263-L37,C263,C263-L05,275,POPULATION,,0328,9999,275 0328-9999
C263-L39,C263,C263-L38,108,KUZNETSK,ELECTRIC POWER - MAJOR GRIDS,0161,0087,108 0161-0087
C263-L40,C263,C263-L38,275,POPULATION,,0161,9989,275 0161-9989
C263-L43,C263,C263-L41,372,WEST SIBERIAN REGION,RAILROAD YARDS & SHOPS- USSR,0162,0099,372 0162-0099
C263-L44,C263,C263-L41,275,POPULATION,,0162,9940,275 0162-9940
C263-L46,C263,C263-L45,354,EAST SIBERIAN & FAR EASTERN REGION,RAILROAD YARDS & SHOPS- USSR,0288,,354 0288-
C264-L02,C264,C263-L45,186,CHINA-OUTSIDE GRIDS,ELECTRIC POWER - SATELLITES,0288,0010,186 0288-0010
C264-L03,C264,C263-L45,060,CALCIUM CARBIDE,,0288,0022,060 0288-0022
C264-L04,C264,C263-L45,275,POPULATION,,0288,9974,275 0288-9974
C264-L07,C264,C264-L05,227,"LIQUID FUELS, STORAGE NON-REFINERY",,0160,0011,227 0160-0011
C264-L08,C264,C264-L05,354,EAST SIBERIAN & FAR EASTERN REGION,RAILROAD YARDS & SHOPS- USSR,0160,0012,354 0160-0012
C264-L09,C264,C264-L05,275,POPULATION,,0160,9982,275 0160-9982
C264-L11,C264,C264-L10,465,TIN,,0498,0027,465 0498-0027
C264-L12,C264,C264-L10,275,POPULATION,,0498,9998,275 0498-9998
C264-L17,C264,C264-L13,054,BIOLOGICAL WARFARE RESEARCH,,0325,,054 0325-
C264-L18,C264,C264-L13,056,"BRIDGES, HWY",,0325,,056 0325-
C264-L19,C264,C264-L13,227,"LIQUID FUELS, STORAGE NON-REFINERY",,0325,,227 0325-
C264-L20,C264,C264-L13,227,"LIQUID FUELS, STORAGE NON-REFINERY",,0325,,227 0325-
C264-L21,C264,C264-L13,240,"MILITARY CONTROLS, AIR FORCE",,0325,,240 0325-
C264-L22,C264,C264-L13,241,"MILITARY HQS, ARMY",,0325,,241 0325-
C264-L23,C264,C264-L13,243,MILITARY SCHOOLS,,0325,,243 0325-
C264-L24,C264,C264-L13,290,RAILROAD BRIDGES,,0325,0008,290 0325-0008
C264-L25,C264,C264-L13,116,TRANS-CAUCASUS,ELECTRIC POWER - MAJOR GRIDS,0325,0011,116 0325-0011
C264-L26,C264,C264-L13,350,CAUCASUS REGION,RAILROAD YARDS & SHOPS- USSR,0325,0014,350 0325-0014
C264-L27,C264,C264-L13,016,AIRFRAMES,,0325,0031,016 0325-0031
C264-L28,C264,C264-L13,290,RAILROAD BRIDGES,,0325,0153,290 0325-0153
C264-L29,C264,C264-L13,230,MACHINE TOOLS,,0325,0176,230 0325-0176
C264-L30,C264,C264-L13,230,MACHINE TOOLS,,0325,0199,230 0325-0199
C264-L31,C264,C264-L13,302,CAUCASUS REGION,RAILROAD EQUIPMENT REPAIR PLANTS-USSR,0325,0209,302 0325-0209
C264-L32,C264,C264-L13,350,CAUCASUS REGION,RAILROAD YARDS & SHOPS- USSR,0325,0245,350 0325-0245
C264-L33,C264,C264-L13,350,CAUCASUS REGION,RAILROAD YARDS & SHOPS- USSR,0325,0246,350 0325-0246
C264-L34,C264,C264-L13,285,RADIO & TELEVISION,,0325,0274,285 0325-0274
C264-L35,C264,C264-L13,246,"MILITARY STORAGE AREAS, ARMY & NAVY",,0325,0278,246 0325-0278
C264-L36,C264,C264-L13,246,"MILITARY STORAGE AREAS, ARMY & NAVY",,0325,0279,246 0325-0279
C264-L37,C264,C264-L13,224,"LIQUID FUEL PLANTS, CRUDE",,0325,0304,224 0325-0304
C264-L38,C264,C264-L13,226,"LIQUID FUELS, STORAGE AT REFINERIES",,0325,0304,226 0325-0304
C264-L39,C264,C264-L13,245,"MILITARY STORAGE AREAS, AIR FORCE",,0325,0362,245 0325-0362
C264-L40,C264,C264-L13,208,GOVERNMENT CONTROL CENTERS,,0325,0376,208 0325-0376
C264-L41,C264,C264-L13,116,TRANS-CAUCASUS,ELECTRIC POWER - MAJOR GRIDS,0325,0386,116 0325-0386
C264-L42,C264,C264-L13,302,CAUCASUS REGION,RAILROAD EQUIPMENT REPAIR PLANTS-USSR,0325,0387,302 0325-0387
C264-L43,C264,C264-L13,010,AGRICULTURAL EQUIPMENT,,0325,0388,010 0325-0388
C264-L44,C264,C264-L13,248,MILITARY TROOP INSTALLATIONS,,0325,0408,248 0325-0408
C264-L45,C264,C264-L13,248,MILITARY TROOP INSTALLATIONS,,0325,0416,248 0325-0416
C264-L46,C264,C264-L13,246,"MILITARY STORAGE AREAS, ARMY & NAVY",,0325,0417,246 0325-0417
C264-L47,C264,C264-L13,245,"MILITARY STORAGE AREAS, AIR FORCE",,0325,0422,245 0325-0422
C264-L48,C264,C264-L13,245,"MILITARY STORAGE AREAS, AIR FORCE",,0325,0423,245 0325-0423
C265-L02,C265,C264-L13,275,POPULATION,,0325,9997,275 0325-9997
C265-L04,C265,C265-L03,275,POPULATION,,0325,,275 0325-
C265-L05,C265,C265-L03,116,TRANS-CAUCASUS,ELECTRIC POWER - MAJOR GRIDS,0325,0385,116 0325-0385
C265-L08,C265,C265-L06,227,"LIQUID FUELS, STORAGE NON-REFINERY",,0325,,227 0325-
C265-L09,C265,C265-L06,022,"AMMONIA, SYNTHETIC",,0325,0095,022 0325-0095
C265-L10,C265,C265-L06,075,COKE CHEMICALS,,0325,0186,075 0325-0186
C265-L11,C265,C265-L06,262,OIL EXTRACTION EQUIPMENT,,0325,0186,262 0325-0186
C265-L12,C265,C265-L06,270,PIG IRON,,0325,0186,270 0325-0186
C265-L13,C265,C265-L06,430,STEEL,,0325,0186,430 0325-0186
C265-L14,C265,C265-L06,116,TRANS-CAUCASUS,ELECTRIC POWER - MAJOR GRIDS,0325,0321,116 0325-0321
C265-L15,C265,C265-L06,275,POPULATION,,0325,9909,275 0325-9909
C265-L17,C265,C265-L16,116,TRANS-CAUCASUS,ELECTRIC POWER - MAJOR GRIDS,0325,0025,116 0325-0025
C265-L18,C265,C265-L16,275,POPULATION,,0325,9943,275 0325-9943
C265-L20,C265,C265-L19,056,"BRIDGES, HWY",,0169,0035,056 0169-0035
C265-L21,C265,C265-L19,290,RAILROAD BRIDGES,,0169,0035,290 0169-0035
C265-L22,C265,C265-L19,056,"BRIDGES, HWY",,0169,0048,056 0169-0048
C265-L23,C265,C265-L19,392,POLAND,RAILROAD YARDS & SHOPS- SATELLITES,0169,0635,392 0169-0635
C265-L24,C265,C265-L19,275,POPULATION,,0169,9936,275 0169-9936
C265-L26,C265,C265-L25,227,"LIQUID FUELS, STORAGE NON-REFINERY",,0244,,227 0244-
C265-L27,C265,C265-L25,275,POPULATION,,0244,9979,275 0244-9979
C265-L29,C265,C265-L28,275,POPULATION,,0169,,275 0169-
C265-L30,C265,C265-L28,248,MILITARY TROOP INSTALLATIONS,,0169,0964,248 0169-0964
C265-L31,C265,C265-L28,248,MILITARY TROOP INSTALLATIONS,,0169,0965,248 0169-0965
C265-L32,C265,C265-L28,248,MILITARY TROOP INSTALLATIONS,,0169,0966,248 0169-0966
C265-L34,C265,C265-L33,275,POPULATION,,0169,,275 0169-
C265-L35,C265,C265-L33,246,"MILITARY STORAGE AREAS, ARMY & NAVY",,0169,0254,246 0169-0254
C265-L37,C265,C265-L36,246,"MILITARY STORAGE AREAS, ARMY & NAVY",,0169,0530,246 0169-0530
C265-L38,C265,C265-L36,246,"MILITARY STORAGE AREAS, ARMY & NAVY",,0169,0994,246 0169-0994
C265-L39,C265,C265-L36,248,MILITARY TROOP INSTALLATIONS,,0169,1203,248 0169-1203
C265-L40,C265,C265-L36,241,"MILITARY HQS, ARMY",,0169,1549,241 0169-1549
C265-L41,C265,C265-L36,275,POPULATION,,0169,9854,275 0169-9854
C265-L43,C265,C265-L42,227,"LIQUID FUELS, STORAGE NON-REFINERY",,0169,0690,227 0169-0690
C265-L44,C265,C265-L42,275,POPULATION,,0169,9866,275 0169-9866
C265-L46,C265,C265-L45,270,PIG IRON,,0156,0028,270 0156-0028
C266-L03,C266,C265-L45,275,POPULATION,,0156,9961,275 0156-9961
C266-L05,C266,C266-L04,275,POPULATION,,0236,,275 0236-
C266-L06,C266,C266-L04,160,URALS REGION,ELECTRIC POWER - OUTSIDE GRIDS,0236,0067,160 0236-0067
C266-L09,C266,C266-L07,240,"MILITARY CONTROLS, AIR FORCE",,0233,,240 0233-
C266-L10,C266,C266-L07,376,WEST SUB-REGION UKRAINE REGION,RAILROAD YARDS & SHOPS- USSR,0233,0044,376 0233-0044
C266-L11,C266,C266-L07,376,WEST SUB-REGION UKRAINE REGION,RAILROAD YARDS & SHOPS- USSR,0233,0045,376 0233-0045
C266-L12,C266,C266-L07,275,POPULATION,,0233,9974,275 0233-9974
C266-L15,C266,C266-L13,227,"LIQUID FUELS, STORAGE NON-REFINERY",,0233,,227 0233-
C266-L16,C266,C266-L13,275,POPULATION,,0233,9848,275 0233-9848
C266-L18,C266,C266-L17,254,NAVAL OPERATING BASES,,0282,0001,254 0282-0001
C266-L19,C266,C266-L17,280,"PORTS, MARITIME",,0282,0002,280 0282-0002
C266-L20,C266,C266-L17,216,"LEAD, REFINED",,0282,0003,216 0282-0003
C266-L21,C266,C266-L17,227,"LIQUID FUELS, STORAGE NON-REFINERY",,0282,0053,227 0282-0053
C266-L22,C266,C266-L17,275,POPULATION,,0282,9994,275 0282-9994
C266-L24,C266,C266-L23,246,"MILITARY STORAGE AREAS, ARMY & NAVY",,0617,,246 0617-
C266-L25,C266,C266-L23,275,POPULATION,,0617,9995,275 0617-9995
C266-L27,C266,C266-L26,281,"PORTS, INLAND",,0290,0386,281 0290-0386
C266-L28,C266,C266-L26,275,POPULATION,,0290,9911,275 0290-9911
C266-L34,C266,C266-L29,243,MILITARY SCHOOLS,,0381,,243 0381-
C266-L35,C266,C266-L29,248,MILITARY TROOP INSTALLATIONS,,0381,,248 0381-
C266-L36,C266,C266-L29,248,MILITARY TROOP INSTALLATIONS,,0381,,248 0381-
C266-L37,C266,C266-L29,384,CHINA,RAILROAD YARDS & SHOPS- SATELLITES,0381,0052,384 0381-0052
C266-L38,C266,C266-L29,384,CHINA,RAILROAD YARDS & SHOPS- SATELLITES,0381,0053,384 0381-0053
C266-L39,C266,C266-L29,227,"LIQUID FUELS, STORAGE NON-REFINERY",,0381,0054,227 0381-0054
C266-L40,C266,C266-L29,280,"PORTS, MARITIME",,0381,0055,280 0381-0055
C266-L41,C266,C266-L29,227,"LIQUID FUELS, STORAGE NON-REFINERY",,0381,0062,227 0381-0062
C266-L42,C266,C266-L29,430,STEEL,,0381,0112,430 0381-0112
C266-L43,C266,C266-L29,186,CHINA-OUTSIDE GRIDS,ELECTRIC POWER - SATELLITES,0381,0146,186 0381-0146
C267-L03,C267,C266-L29,186,CHINA-OUTSIDE GRIDS,ELECTRIC POWER - SATELLITES,0381,0171,186 0381-0171
C267-L04,C267,C266-L29,246,"MILITARY STORAGE AREAS, ARMY & NAVY",,0381,0291,246 0381-0291
C267-L05,C267,C266-L29,214,"GUNS, SMALL ARMS",,0381,0292,214 0381-0292
C267-L06,C267,C266-L29,405,RUBBER TIRES,,0381,0315,405 0381-0315
C267-L07,C267,C266-L29,230,MACHINE TOOLS,,0381,0327,230 0381-0327
C267-L08,C267,C266-L29,285,RADIO & TELEVISION,,0381,0329,285 0381-0329
C267-L09,C267,C266-L29,445,SULFURIC ACID,,0381,0350,445 0381-0350
C267-L10,C267,C266-L29,062,CAUSTIC SODA,,0381,0353,062 0381-0353
C267-L11,C267,C266-L29,068,CHLORINE,,0381,0353,068 0381-0353
C267-L12,C267,C266-L29,050,"BATTERIES, LEAD ACID",,0381,0355,050 0381-0355
C267-L13,C267,C266-L29,208,GOVERNMENT CONTROL CENTERS,,0381,9973,208 0381-9973
C267-L14,C267,C266-L29,275,POPULATION,,0381,9999,275 0381-9999
C267-L17,C267,C267-L15,243,MILITARY SCHOOLS,,0330,,243 0330-
C267-L18,C267,C267-L15,208,GOVERNMENT CONTROL CENTERS,,0330,0001,208 0330-0001
C267-L19,C267,C267-L15,275,POPULATION,,0330,9999,275 0330-9999
C267-L22,C267,C267-L20,302,CAUCASUS REGION,RAILROAD EQUIPMENT REPAIR PLANTS-USSR,0249,0123,302 0249-0123
C267-L23,C267,C267-L20,350,CAUCASUS REGION,RAILROAD YARDS & SHOPS- USSR,0249,0240,350 0249-0240
C267-L24,C267,C267-L20,227,"LIQUID FUELS, STORAGE NON-REFINERY",,0249,0319,227 0249-0319
C267-L25,C267,C267-L20,275,POPULATION,,0249,9970,275 0249-9970
C267-L27,C267,C267-L26,280,"PORTS, MARITIME",,0068,0001,280 0068-0001
C267-L28,C267,C267-L26,275,POPULATION,,0068,9999,275 0068-9999
C267-L31,C267,C267-L29,394,RUMANIA,RAILROAD YARDS & SHOPS- SATELLITES,0251,0032,394 0251-0032
C267-L32,C267,C267-L29,246,"MILITARY STORAGE AREAS, ARMY & NAVY",,0251,0151,246 0251-0151
C267-L33,C267,C267-L29,337,RUMANIA,RAILROAD EQUIP REPAIR PLANTS-SATTELITES,0251,0681,337 0251-0681
C267-L34,C267,C267-L29,208,GOVERNMENT CONTROL CENTERS,,0251,0840,208 0251-0840
C267-L35,C267,C267-L29,248,MILITARY TROOP INSTALLATIONS,,0251,0861,248 0251-0861
C267-L36,C267,C267-L29,275,POPULATION,,0251,9991,275 0251-9991
C267-L38,C267,C267-L37,208,GOVERNMENT CONTROL CENTERS,,0322,0472,208 0322-0472
C267-L39,C267,C267-L37,275,POPULATION,,0322,9902,275 0322-9902
C267-L41,C267,C267-L40,241,"MILITARY HQS, ARMY",,0322,,241 0322-
C267-L42,C267,C267-L40,227,"LIQUID FUELS, STORAGE NON-REFINERY",,0322,0185,227 0322-0185
C267-L43,C267,C267-L40,415,SHIPBUILDING,,0322,0233,415 0322-0233
C267-L44,C267,C267-L40,280,"PORTS, MARITIME",,0322,0268,280 0322-0268
C267-L45,C267,C267-L40,254,NAVAL OPERATING BASES,,0322,0292,254 0322-0292
C268-L02,C268,C267-L40,275,POPULATION,,0322,9995,275 0322-9995
C268-L04,C268,C268-L03,227,"LIQUID FUELS, STORAGE NON-REFINERY",,0157,,227 0157-
C268-L05,C268,C268-L03,275,POPULATION,,0157,9975,275 0157-9975
C268-L08,C268,C268-L06,227,"LIQUID FUELS, STORAGE NON-REFINERY",,0323,,227 0323-
C268-L09,C268,C268-L06,248,MILITARY TROOP INSTALLATIONS,,0323,0186,248 0323-0186
C268-L10,C268,C268-L06,010,AGRICULTURAL EQUIPMENT,,0323,0205,010 0323-0205
C268-L11,C268,C268-L06,275,POPULATION,,0323,9706,275 0323-9706
C268-L13,C268,C268-L12,196,POLAND,ELECTRIC POWER - SATELLITES,0232,0399,196 0232-0399
C268-L14,C268,C268-L12,290,RAILROAD BRIDGES,,0232,1317,290 0232-1317
C268-L15,C268,C268-L12,275,POPULATION,,0232,9821,275 0232-9821
C268-L19,C268,C268-L16,243,MILITARY SCHOOLS,,0158,,243 0158-
C268-L20,C268,C268-L16,200,ELECTRIC WIRE & CABLE,,0158,0001,200 0158-0001
C268-L21,C268,C268-L16,030,ANTI-FRICTION BEARINGS,,0158,0002,030 0158-0002
C268-L22,C268,C268-L16,090,CUTTING TOOLS,,0158,0008,090 0158-0008
C268-L23,C268,C268-L16,108,KUZNETSK,ELECTRIC POWER - MAJOR GRIDS,0158,0016,108 0158-0016
C268-L24,C268,C268-L16,108,KUZNETSK,ELECTRIC POWER - MAJOR GRIDS,0158,0017,108 0158-0017
C268-L25,C268,C268-L16,372,WEST SIBERIAN REGION,RAILROAD YARDS & SHOPS- USSR,0158,0023,372 0158-0023
C268-L26,C268,C268-L16,281,"PORTS, INLAND",,0158,0027,281 0158-0027
C268-L27,C268,C268-L16,208,GOVERNMENT CONTROL CENTERS,,0158,0029,208 0158-0029
C268-L28,C268,C268-L16,275,POPULATION,,0158,9999,275 0158-9999
C268-L31,C268,C268-L29,372,WEST SIBERIAN REGION,RAILROAD YARDS & SHOPS- USSR,0161,0105,372 0161-0105
C268-L32,C268,C268-L29,275,POPULATION,,0161,9941,275 0161-9941
C268-L35,C268,C268-L33,200,ELECTRIC WIRE & CABLE,,0232,0226,200 0232-0226
C268-L36,C268,C268-L33,248,MILITARY TROOP INSTALLATIONS,,0232,1257,248 0232-1257
C268-L37,C268,C268-L33,275,POPULATION,,0232,9902,275 0232-9902
C268-L39,C268,C268-L38,246,"MILITARY STORAGE AREAS, ARMY & NAVY",,0232,1242,246 0232-1242
C268-L40,C268,C268-L38,275,POPULATION,,0232,9549,275 0232-9549
C269-L04,C269,C268-L41,060,CALCIUM CARBIDE,,0232,0310,060 0232-0310
C269-L05,C269,C268-L41,062,CAUSTIC SODA,,0232,0310,062 0232-0310
C269-L06,C269,C268-L41,068,CHLORINE,,0232,0310,068 0232-0310
C269-L07,C269,C268-L41,188,CZECHOSLOVAKIA,ELECTRIC POWER - SATELLITES,0232,0584,188 0232-0584
C269-L08,C269,C268-L41,246,"MILITARY STORAGE AREAS, ARMY & NAVY",,0232,1269,246 0232-1269
C269-L09,C269,C268-L41,275,POPULATION,,0232,9728,275 0232-9728
C269-L12,C269,C269-L10,066,"CHEMICAL WARFARE AGENT, STANDARD",,0232,0679,066 0232-0679
C269-L13,C269,C269-L10,256,NERVE GAS,,0232,0679,256 0232-0679
C269-L14,C269,C269-L10,275,POPULATION,,0232,9667,275 0232-9667
C269-L16,C269,C269-L15,227,"LIQUID FUELS, STORAGE NON-REFINERY",,0166,,227 0166-
C269-L17,C269,C269-L15,275,POPULATION,,0166,,275 0166-
C269-L19,C269,C269-L18,227,"LIQUID FUELS, STORAGE NON-REFINERY",,0166,,227 0166-
C269-L20,C269,C269-L18,275,POPULATION,,0166,9664,275 0166-9664
C269-L22,C269,C269-L21,290,RAILROAD BRIDGES,,0231,0577,290 0231-0577
C269-L23,C269,C269-L21,056,"BRIDGES, HWY",,0231,0584,056 0231-0584
C269-L24,C269,C269-L21,227,"LIQUID FUELS, STORAGE NON-REFINERY",,0231,0888,227 0231-0888
C269-L25,C269,C269-L21,246,"MILITARY STORAGE AREAS, ARMY & NAVY",,0231,1403,246 0231-1403
C269-L26,C269,C269-L21,275,POPULATION,,0231,9117,275 0231-9117
C269-L28,C269,C269-L27,227,"LIQUID FUELS, STORAGE NON-REFINERY",,0231,2026,227 0231-2026
C269-L29,C269,C269-L27,275,POPULATION,,0231,9371,275 0231-9371
C269-L31,C269,C269-L30,275,POPULATION,,0231,,275 0231-
C269-L32,C269,C269-L30,388,EAST GERMANY,RAILROAD YARDS & SHOPS- SATELLITES,0231,1475,388 0231-1475
C269-L34,C269,C269-L33,275,POPULATION,,0231,,275 0231-
C269-L35,C269,C269-L33,246,"MILITARY STORAGE AREAS, ARMY & NAVY",,0231,0609,246 0231-0609
C269-L37,C269,C269-L36,374,WEST SUB-REGION CENTRAL IND REGION,RAILROAD YARDS & SHOPS- USSR,0153,0620,374 0153-0620
C269-L38,C269,C269-L36,246,"MILITARY STORAGE AREAS, ARMY & NAVY",,0153,0633,246 0153-0633
C269-L39,C269,C269-L36,246,"MILITARY STORAGE AREAS, ARMY & NAVY",,0153,0634,246 0153-0634
C269-L40,C269,C269-L36,275,POPULATION,,0153,9859,275 0153-9859
C269-L42,C269,C269-L41,227,"LIQUID FUELS, STORAGE NON-REFINERY",,0153,,227 0153-
C269-L43,C269,C269-L41,275,POPULATION,,0153,,275 0153-
C269-L45,C269,C269-L44,056,"BRIDGES, HWY",,0169,0021,056 0169-0021
C269-L46,C269,C269-L44,290,RAILROAD BRIDGES,,0169,0022,290 0169-0022
C269-L47,C269,C269-L44,392,POLAND,RAILROAD YARDS & SHOPS- SATELLITES,0169,0030,392 0169-0030
C269-L48,C269,C269-L44,392,POLAND,RAILROAD YARDS & SHOPS- SATELLITES,0169,0031,392 0169-0031
C270-L02,C270,C269-L44,445,SULFURIC ACID,,0169,0578,445 0169-0578
C270-L03,C270,C269-L44,281,"PORTS, INLAND",,0169,0742,281 0169-0742
C270-L04,C270,C269-L44,281,"PORTS, INLAND",,0169,0743,281 0169-0743
C270-L05,C270,C269-L44,248,MILITARY TROOP INSTALLATIONS,,0169,1237,248 0169-1237
C270-L06,C270,C269-L44,275,POPULATION,,0169,9935,275 0169-9935
C270-L09,C270,C270-L07,358,NORTHERN REGION,RAILROAD YARDS & SHOPS- USSR,0153,0116,358 0153-0116
C270-L10,C270,C270-L07,275,POPULATION,,0153,9985,275 0153-9985
C270-L12,C270,C270-L11,246,"MILITARY STORAGE AREAS, ARMY & NAVY",,0165,,246 0165-
C270-L13,C270,C270-L11,275,POPULATION,,0165,9854,275 0165-9854
C270-L15,C270,C270-L14,075,COKE CHEMICALS,,0232,0060,075 0232-0060
C270-L16,C270,C270-L14,270,PIG IRON,,0232,0060,270 0232-0060
C270-L17,C270,C270-L14,430,STEEL,,0232,0060,430 0232-0060
C270-L18,C270,C270-L14,188,CZECHOSLOVAKIA,ELECTRIC POWER - SATELLITES,0232,0473,188 0232-0473
C270-L19,C270,C270-L14,275,POPULATION,,0232,9886,275 0232-9886
C270-L21,C270,C270-L20,188,CZECHOSLOVAKIA,ELECTRIC POWER - SATELLITES,0232,0478,188 0232-0478
C270-L22,C270,C270-L20,333,CZECHOSLOVAKIA,RAILROAD EQUIP REPAIR PLANTS-SATTELITES,0232,1078,333 0232-1078
C270-L23,C270,C270-L20,386,CZECHOSLOVAKIA,RAILROAD YARDS & SHOPS- SATELLITES,0232,1079,386 0232-1079
C270-L24,C270,C270-L20,275,POPULATION,,0232,9900,275 0232-9900
C270-L26,C270,C270-L25,248,MILITARY TROOP INSTALLATIONS,,0232,1523,248 0232-1523
C270-L27,C270,C270-L25,275,POPULATION,,0232,9536,275 0232-9536
C270-L30,C270,C270-L28,235,METAL FORMING EQUIPMENT,,0164,0093,235 0164-0093
C270-L31,C270,C270-L28,366,URALS REGION,RAILROAD YARDS & SHOPS- USSR,0164,0162,366 0164-0162
C270-L32,C270,C270-L28,275,POPULATION,,0164,9982,275 0164-9982
C270-L34,C270,C270-L33,188,CZECHOSLOVAKIA,ELECTRIC POWER - SATELLITES,0232,0589,188 0232-0589
C270-L35,C270,C270-L33,275,POPULATION,,0232,9534,275 0232-9534
C270-L37,C270,C270-L36,188,CZECHOSLOVAKIA,ELECTRIC POWER - SATELLITES,0231,0448,188 0231-0448
C270-L38,C270,C270-L36,275,POPULATION,,0231,9394,275 0231-9394
C270-L40,C270,C270-L39,248,MILITARY TROOP INSTALLATIONS,,0231,3796,248 0231-3796
C271-L02,C271,C270-L39,275,POPULATION,,0231,9433,275 0231-9433
C271-L05,C271,C271-L03,116,TRANS-CAUCASUS,ELECTRIC POWER - MAJOR GRIDS,0325,0090,116 0325-0090
C271-L06,C271,C271-L03,275,POPULATION,,0325,9923,275 0325-9923
C271-L09,C271,C271-L07,106,DNEPR-DONETS,ELECTRIC POWER - MAJOR GRIDS,0249,0290,106 0249-0290
C271-L10,C271,C271-L07,228,LOCKS & DAMS,,0249,0328,228 0249-0328
C271-L11,C271,C271-L07,228,LOCKS & DAMS,,0249,0329,228 0249-0329
C271-L12,C271,C271-L07,228,LOCKS & DAMS,,0249,0330,228 0249-0330
C271-L13,C271,C271-L07,281,"PORTS, INLAND",,0249,0347,281 0249-0347
C271-L14,C271,C271-L07,275,POPULATION,,0249,9869,275 0249-9869
C271-L17,C271,C271-L15,243,MILITARY SCHOOLS,,0381,,243 0381-
C271-L18,C271,C271-L15,186,CHINA-OUTSIDE GRIDS,ELECTRIC POWER - SATELLITES,0381,0019,186 0381-0019
C271-L19,C271,C271-L15,332,CHINA,RAILROAD EQUIP REPAIR PLANTS-SATTELITES,0381,0032,332 0381-0032
C271-L20,C271,C271-L15,246,"MILITARY STORAGE AREAS, ARMY & NAVY",,0381,0033,246 0381-0033
C271-L21,C271,C271-L15,290,RAILROAD BRIDGES,,0381,0198,290 0381-0198
C271-L22,C271,C271-L15,384,CHINA,RAILROAD YARDS & SHOPS- SATELLITES,0381,0289,384 0381-0289
C271-L23,C271,C271-L15,230,MACHINE TOOLS,,0381,0326,230 0381-0326
C271-L24,C271,C271-L15,230,MACHINE TOOLS,,0381,0328,230 0381-0328
C271-L25,C271,C271-L15,208,GOVERNMENT CONTROL CENTERS,,0381,0336,208 0381-0336
C271-L26,C271,C271-L15,275,POPULATION,,0381,9993,275 0381-9993
C271-L28,C271,C271-L27,240,"MILITARY CONTROLS, AIR FORCE",,0381,,240 0381-
C271-L29,C271,C271-L27,290,RAILROAD BRIDGES,,0381,0006,290 0381-0006
C271-L30,C271,C271-L27,186,CHINA-OUTSIDE GRIDS,ELECTRIC POWER - SATELLITES,0381,0028,186 0381-0028
C271-L31,C271,C271-L27,227,"LIQUID FUELS, STORAGE NON-REFINERY",,0381,0030,227 0381-0030
C271-L32,C271,C271-L27,292,RAILROAD FREIGHT CARS,,0381,0031,292 0381-0031
C271-L33,C271,C271-L27,294,RAILROAD LOCOMOTIVES,,0381,0031,294 0381-0031
C271-L34,C271,C271-L27,332,CHINA,RAILROAD EQUIP REPAIR PLANTS-SATTELITES,0381,0031,332 0381-0031
C271-L35,C271,C271-L27,227,"LIQUID FUELS, STORAGE NON-REFINERY",,0381,0099,227 0381-0099
C271-L36,C271,C271-L27,405,RUBBER TIRES,,0381,0288,405 0381-0288
C271-L37,C271,C271-L27,214,"GUNS, SMALL ARMS",,0381,0293,214 0381-0293
C271-L38,C271,C271-L27,420,SHIP REPAIR,,0381,0295,420 0381-0295
C271-L39,C271,C271-L27,437,SUBMARINE BASES,,0381,0295,437 0381-0295
C271-L40,C271,C271-L27,248,MILITARY TROOP INSTALLATIONS,,0381,0296,248 0381-0296
C271-L41,C271,C271-L27,248,MILITARY TROOP INSTALLATIONS,,0381,0298,248 0381-0298
C271-L42,C271,C271-L27,246,"MILITARY STORAGE AREAS, ARMY & NAVY",,0381,0300,246 0381-0300
C271-L43,C271,C271-L27,280,"PORTS, MARITIME",,0381,0316,280 0381-0316
C271-L44,C271,C271-L27,230,MACHINE TOOLS,,0381,0321,230 0381-0321
C271-L45,C271,C271-L27,186,CHINA-OUTSIDE GRIDS,ELECTRIC POWER - SATELLITES,0381,0340,186 0381-0340
C271-L46,C271,C271-L27,208,GOVERNMENT CONTROL CENTERS,,0381,9996,208 0381-9996
C272-L02,C272,C271-L27,275,POPULATION,,0381,9996,275 0381-9996
C272-L06,C272,C272-L03,243,MILITARY SCHOOLS,,0283,,243 0283-
C272-L07,C272,C272-L03,208,GOVERNMENT CONTROL CENTERS,,0283,0109,208 0283-0109
C272-L08,C272,C272-L03,246,"MILITARY STORAGE AREAS, ARMY & NAVY",,0283,0117,246 0283-0117
C272-L09,C272,C272-L03,246,"MILITARY STORAGE AREAS, ARMY & NAVY",,0283,0118,246 0283-0118
C272-L10,C272,C272-L03,246,"MILITARY STORAGE AREAS, ARMY & NAVY",,0283,0119,246 0283-0119
C272-L11,C272,C272-L03,246,"MILITARY STORAGE AREAS, ARMY & NAVY",,0283,0120,246 0283-0120
C272-L12,C272,C272-L03,246,"MILITARY STORAGE AREAS, ARMY & NAVY",,0283,0121,246 0283-0121
C272-L13,C272,C272-L03,248,MILITARY TROOP INSTALLATIONS,,0283,0122,248 0283-0122
C272-L14,C272,C272-L03,248,MILITARY TROOP INSTALLATIONS,,0283,0123,248 0283-0123
C272-L15,C272,C272-L03,248,MILITARY TROOP INSTALLATIONS,,0283,0124,248 0283-0124
C272-L16,C272,C272-L03,248,MILITARY TROOP INSTALLATIONS,,0283,0125,248 0283-0125
C272-L17,C272,C272-L03,248,MILITARY TROOP INSTALLATIONS,,0283,0126,248 0283-0126
C272-L18,C272,C272-L03,281,"PORTS, INLAND",,0283,0127,281 0283-0127
C272-L19,C272,C272-L03,384,CHINA,RAILROAD YARDS & SHOPS- SATELLITES,0283,0145,384 0283-0145
C272-L20,C272,C272-L03,275,POPULATION,,0283,9998,275 0283-9998
C272-L23,C272,C272-L21,384,CHINA,RAILROAD YARDS & SHOPS- SATELLITES,0283,0072,384 0283-0072
C272-L24,C272,C272-L21,275,POPULATION,,0283,9976,275 0283-9976
C272-L27,C272,C272-L25,186,CHINA-OUTSIDE GRIDS,ELECTRIC POWER - SATELLITES,0283,0133,186 0283-0133
C272-L28,C272,C272-L25,275,POPULATION,,0283,9994,275 0283-9994
C272-L32,C272,C272-L29,224,"LIQUID FUEL PLANTS, CRUDE",,0249,0001,224 0249-0001
C272-L33,C272,C272-L29,226,"LIQUID FUELS, STORAGE AT REFINERIES",,0249,0001,226 0249-0001
C272-L34,C272,C272-L29,280,"PORTS, MARITIME",,0249,0024,280 0249-0024
C272-L35,C272,C272-L29,350,CAUCASUS REGION,RAILROAD YARDS & SHOPS- USSR,0249,0100,350 0249-0100
C272-L36,C272,C272-L29,290,RAILROAD BRIDGES,,0249,0102,290 0249-0102
C272-L37,C272,C272-L29,262,OIL EXTRACTION EQUIPMENT,,0249,0171,262 0249-0171
C272-L38,C272,C272-L29,415,SHIPBUILDING,,0249,0251,415 0249-0251
C272-L39,C272,C272-L29,227,"LIQUID FUELS, STORAGE NON-REFINERY",,0249,0356,227 0249-0356
C272-L40,C272,C272-L29,275,POPULATION,,0249,9991,275 0249-9991
C272-L47,C272,C272-L41,227,"LIQUID FUELS, STORAGE NON-REFINERY",,0167,,227 0167-
C272-L48,C272,C272-L41,243,MILITARY SCHOOLS,,0167,,243 0167-
C273-L02,C273,C272-L41,314,SOUTHERN SUB-REGION CENTRAL IND REG,RAILROAD EQUIPMENT REPAIR PLANTS-USSR,0167,0069,314 0167-0069
C273-L03,C273,C272-L41,204,FERRO-ALLOYS,,0167,0134,204 0167-0134
C273-L04,C273,C272-L41,270,PIG IRON,,0167,0134,270 0167-0134
C273-L05,C273,C272-L41,270,PIG IRON,,0167,0137,270 0167-0137
C273-L06,C273,C272-L41,362,SOUTHERN SUB-REGION CENTRAL IND REG,RAILROAD YARDS & SHOPS- USSR,0167,0145,362 0167-0145
C273-L07,C273,C272-L41,230,MACHINE TOOLS,,0167,0146,230 0167-0146
C273-L08,C273,C272-L41,214,"GUNS, SMALL ARMS",,0167,0148,214 0167-0148
C273-L09,C273,C272-L41,362,SOUTHERN SUB-REGION CENTRAL IND REG,RAILROAD YARDS & SHOPS- USSR,0167,0152,362 0167-0152
C273-L10,C273,C272-L41,362,SOUTHERN SUB-REGION CENTRAL IND REG,RAILROAD YARDS & SHOPS- USSR,0167,0153,362 0167-0153
C273-L11,C273,C272-L41,010,AGRICULTURAL EQUIPMENT,,0167,0301,010 0167-0301
C273-L12,C273,C272-L41,214,"GUNS, SMALL ARMS",,0167,0688,214 0167-0688
C273-L13,C273,C272-L41,112,MOSCOW-GORKIY,ELECTRIC POWER - MAJOR GRIDS,0167,0714,112 0167-0714
C273-L14,C273,C272-L41,285,RADIO & TELEVISION,,0167,0742,285 0167-0742
C273-L15,C273,C272-L41,362,SOUTHERN SUB-REGION CENTRAL IND REG,RAILROAD YARDS & SHOPS- USSR,0167,0770,362 0167-0770
C273-L16,C273,C272-L41,208,GOVERNMENT CONTROL CENTERS,,0167,0882,208 0167-0882
C273-L17,C273,C272-L41,248,MILITARY TROOP INSTALLATIONS,,0167,0995,248 0167-0995
C273-L18,C273,C272-L41,275,POPULATION,,0167,9996,275 0167-9996
C273-L21,C273,C273-L19,112,MOSCOW-GORKIY,ELECTRIC POWER - MAJOR GRIDS,0167,0830,112 0167-0830
C273-L22,C273,C273-L19,275,POPULATION,,0167,9688,275 0167-9688
C273-L25,C273,C273-L23,354,EAST SIBERIAN & FAR EASTERN REGION,RAILROAD YARDS & SHOPS- USSR,0160,0013,354 0160-0013
C273-L26,C273,C273-L23,275,POPULATION,,0160,9997,275 0160-9997
C273-L28,C273,C273-L27,245,"MILITARY STORAGE AREAS, AIR FORCE",,0282,0083,245 0282-0083
C273-L29,C273,C273-L27,275,POPULATION,,0282,9956,275 0282-9956
C273-L31,C273,C273-L30,186,CHINA-OUTSIDE GRIDS,ELECTRIC POWER - SATELLITES,0283,0011,186 0283-0011
C273-L32,C273,C273-L30,275,POPULATION,,0283,9978,275 0283-9978
C273-L34,C273,C273-L33,246,"MILITARY STORAGE AREAS, ARMY & NAVY",,0290,,246 0290-
C273-L35,C273,C273-L33,185,CHINA-MAJOR GRIDS,ELECTRIC POWER - SATELLITES,0290,0027,185 0290-0027
C273-L36,C273,C273-L33,270,PIG IRON,,0290,0122,270 0290-0122
C273-L37,C273,C273-L33,384,CHINA,RAILROAD YARDS & SHOPS- SATELLITES,0290,0314,384 0290-0314
C273-L38,C273,C273-L33,275,POPULATION,,0290,9927,275 0290-9927
C273-L40,C273,C273-L39,246,"MILITARY STORAGE AREAS, ARMY & NAVY",,0386,,246 0386-
C273-L41,C273,C273-L39,384,CHINA,RAILROAD YARDS & SHOPS- SATELLITES,0386,0139,384 0386-0139
C273-L42,C273,C273-L39,275,POPULATION,,0386,9988,275 0386-9988
C274-L02,C274,C273-L43,290,RAILROAD BRIDGES,,0290,0310,290 0290-0310
C274-L03,C274,C273-L43,384,CHINA,RAILROAD YARDS & SHOPS- SATELLITES,0290,0311,384 0290-0311
C274-L04,C274,C273-L43,275,POPULATION,,0290,9908,275 0290-9908
C274-L08,C274,C274-L05,227,"LIQUID FUELS, STORAGE NON-REFINERY",,0156,,227 0156-
C274-L09,C274,C274-L05,050,"BATTERIES, LEAD ACID",,0156,0049,050 0156-0049
C274-L10,C274,C274-L05,372,WEST SIBERIAN REGION,RAILROAD YARDS & SHOPS- USSR,0156,0125,372 0156-0125
C274-L11,C274,C274-L05,281,"PORTS, INLAND",,0156,0379,281 0156-0379
C274-L12,C274,C274-L05,208,GOVERNMENT CONTROL CENTERS,,0156,0412,208 0156-0412
C274-L13,C274,C274-L05,248,MILITARY TROOP INSTALLATIONS,,0156,0417,248 0156-0417
C274-L14,C274,C274-L05,245,"MILITARY STORAGE AREAS, AIR FORCE",,0156,0437,245 0156-0437
C274-L15,C274,C274-L05,275,POPULATION,,0156,9962,275 0156-9962
C274-L17,C274,C274-L16,125,EAST SIBERIAN ECONOMIC REGION,ELECTRIC POWER - OUTSIDE GRIDS,0076,,125 0076-
C274-L18,C274,C274-L16,275,POPULATION,,0076,,275 0076-
C274-L23,C274,C274-L19,118,URALS,ELECTRIC POWER - MAJOR GRIDS,0165,0003,118 0165-0003
C274-L24,C274,C274-L19,015,AIRCRAFT ENGINES,,0165,0021,015 0165-0021
C274-L25,C274,C274-L19,245,"MILITARY STORAGE AREAS, AIR FORCE",,0165,0021,245 0165-0021
C274-L26,C274,C274-L19,224,"LIQUID FUEL PLANTS, CRUDE",,0165,0033,224 0165-0033
C274-L27,C274,C274-L19,226,"LIQUID FUELS, STORAGE AT REFINERIES",,0165,0033,226 0165-0033
C274-L28,C274,C274-L19,366,URALS REGION,RAILROAD YARDS & SHOPS- USSR,0165,0070,366 0165-0070
C274-L29,C274,C274-L19,366,URALS REGION,RAILROAD YARDS & SHOPS- USSR,0165,0071,366 0165-0071
C274-L30,C274,C274-L19,200,ELECTRIC WIRE & CABLE,,0165,0079,200 0165-0079
C274-L31,C274,C274-L19,118,URALS,ELECTRIC POWER - MAJOR GRIDS,0165,0084,118 0165-0084
C274-L32,C274,C274-L19,015,AIRCRAFT ENGINES,,0165,0087,015 0165-0087
C274-L33,C274,C274-L19,245,"MILITARY STORAGE AREAS, AIR FORCE",,0165,0087,245 0165-0087
C274-L34,C274,C274-L19,118,URALS,ELECTRIC POWER - MAJOR GRIDS,0165,0096,118 0165-0096
C274-L35,C274,C274-L19,318,URALS REGION,RAILROAD EQUIPMENT REPAIR PLANTS-USSR,0165,0146,318 0165-0146
C274-L36,C274,C274-L19,227,"LIQUID FUELS, STORAGE NON-REFINERY",,0165,0209,227 0165-0209
C274-L37,C274,C274-L19,281,"PORTS, INLAND",,0165,0210,281 0165-0210
C274-L38,C274,C274-L19,281,"PORTS, INLAND",,0165,0239,281 0165-0239
C274-L39,C274,C274-L19,281,"PORTS, INLAND",,0165,0244,281 0165-0244
C274-L40,C274,C274-L19,281,"PORTS, INLAND",,0165,0245,281 0165-0245
C274-L41,C274,C274-L19,366,URALS REGION,RAILROAD YARDS & SHOPS- USSR,0165,0247,366 0165-0247
C274-L42,C274,C274-L19,208,GOVERNMENT CONTROL CENTERS,,0165,0285,208 0165-0285
C274-L43,C274,C274-L19,281,"PORTS, INLAND",,0165,0290,281 0165-0290
C274-L44,C274,C274-L19,281,"PORTS, INLAND",,0165,0291,281 0165-0291
C274-L45,C274,C274-L19,224,"LIQUID FUEL PLANTS, CRUDE",,0165,0301,224 0165-0301
C274-L46,C274,C274-L19,226,"LIQUID FUELS, STORAGE AT REFINERIES",,0165,0301,226 0165-0301
C274-L47,C274,C274-L19,023,AMMUNITION,,0165,0310,023 0165-0310
C274-L48,C274,C274-L19,118,URALS,ELECTRIC POWER - MAJOR GRIDS,0165,0322,118 0165-0322
C275-L02,C275,C274-L19,275,POPULATION,,0165,9897,275 0165-9897
C275-L04,C275,C275-L03,227,"LIQUID FUELS, STORAGE NON-REFINERY",,0165,,227 0165-
C275-L05,C275,C275-L03,275,POPULATION,,0165,9987,275 0165-9987
C275-L08,C275,C275-L06,112,MOSCOW-GORKIY,ELECTRIC POWER - MAJOR GRIDS,0154,0012,112 0154-0012
C275-L09,C275,C275-L06,228,LOCKS & DAMS,,0154,0328,228 0154-0328
C275-L10,C275,C275-L06,095,EARTH MOVING EQUIPMENT,,0154,0351,095 0154-0351
C275-L11,C275,C275-L06,275,POPULATION,,0154,9956,275 0154-9956
C275-L13,C275,C275-L12,280,"PORTS, MARITIME",,0120,0001,280 0120-0001
C275-L14,C275,C275-L12,275,POPULATION,,0120,9998,275 0120-9998
C275-L16,C275,C275-L15,275,POPULATION,,0120,,275 0120-
C275-L17,C275,C275-L15,284,RADAR INSTALLATIONS,,0120,,284 0120-
C275-L20,C275,C275-L18,224,"LIQUID FUEL PLANTS, CRUDE",,0101,0001,224 0101-0001
C275-L21,C275,C275-L18,226,"LIQUID FUELS, STORAGE AT REFINERIES",,0101,0001,226 0101-0001
C275-L22,C275,C275-L18,140,NORTHWEST ECONOMIC REGION,ELECTRIC POWER - OUTSIDE GRIDS,0101,0008,140 0101-0008
C275-L23,C275,C275-L18,275,POPULATION,,0101,9997,275 0101-9997
C275-L25,C275,C275-L24,275,POPULATION,,0101,,275 0101-
C275-L26,C275,C275-L24,290,RAILROAD BRIDGES,,0101,0019,290 0101-0019
C275-L27,C275,C275-L24,358,NORTHERN REGION,RAILROAD YARDS & SHOPS- USSR,0101,0021,358 0101-0021
C275-L30,C275,C275-L28,208,GOVERNMENT CONTROL CENTERS,,0286,0003,208 0286-0003
C275-L31,C275,C275-L28,275,POPULATION,,0286,9997,275 0286-9997
C275-L37,C275,C275-L32,294,RAILROAD LOCOMOTIVES,,0201,0009,294 0201-0009
C275-L38,C275,C275-L32,430,STEEL,,0201,0009,430 0201-0009
C275-L39,C275,C275-L32,016,AIRFRAMES,,0201,0010,016 0201-0010
C275-L40,C275,C275-L32,125,EAST SIBERIAN ECONOMIC REGION,ELECTRIC POWER - OUTSIDE GRIDS,0201,0011,125 0201-0011
C275-L41,C275,C275-L32,060,CALCIUM CARBIDE,,0201,0026,060 0201-0026
C275-L42,C275,C275-L32,354,EAST SIBERIAN & FAR EASTERN REGION,RAILROAD YARDS & SHOPS- USSR,0201,0041,354 0201-0041
C275-L43,C275,C275-L32,227,"LIQUID FUELS, STORAGE NON-REFINERY",,0201,0047,227 0201-0047
C275-L44,C275,C275-L32,227,"LIQUID FUELS, STORAGE NON-REFINERY",,0201,0048,227 0201-0048
C276-L02,C276,C275-L32,125,EAST SIBERIAN ECONOMIC REGION,ELECTRIC POWER - OUTSIDE GRIDS,0201,0049,125 0201-0049
C276-L03,C276,C275-L32,281,"PORTS, INLAND",,0201,0051,281 0201-0051
C276-L04,C276,C275-L32,208,GOVERNMENT CONTROL CENTERS,,0201,0053,208 0201-0053
C276-L05,C276,C275-L32,246,"MILITARY STORAGE AREAS, ARMY & NAVY",,0201,0055,246 0201-0055
C276-L06,C276,C275-L32,246,"MILITARY STORAGE AREAS, ARMY & NAVY",,0201,0056,246 0201-0056
C276-L07,C276,C275-L32,246,"MILITARY STORAGE AREAS, ARMY & NAVY",,0201,0058,246 0201-0058
C276-L08,C276,C275-L32,275,POPULATION,,0201,9999,275 0201-9999
C276-L14,C276,C276-L09,227,"LIQUID FUELS, STORAGE NON-REFINERY",,0165,,227 0165-
C276-L15,C276,C276-L09,243,MILITARY SCHOOLS,,0165,,243 0165-
C276-L16,C276,C276-L09,252,MOTOR VEHICLES,,0165,0006,252 0165-0006
C276-L17,C276,C276-L09,281,"PORTS, INLAND",,0165,0011,281 0165-0011
C276-L18,C276,C276-L09,281,"PORTS, INLAND",,0165,0028,281 0165-0028
C276-L19,C276,C276-L09,368,VOLGA REGION,RAILROAD YARDS & SHOPS- USSR,0165,0029,368 0165-0029
C276-L20,C276,C276-L09,165,VOLGA ECONOMIC REGION,ELECTRIC POWER - OUTSIDE GRIDS,0165,0086,165 0165-0086
C276-L21,C276,C276-L09,290,RAILROAD BRIDGES,,0165,0118,290 0165-0118
C276-L22,C276,C276-L09,023,AMMUNITION,,0165,0128,023 0165-0128
C276-L23,C276,C276-L09,230,MACHINE TOOLS,,0165,0128,230 0165-0128
C276-L24,C276,C276-L09,165,VOLGA ECONOMIC REGION,ELECTRIC POWER - OUTSIDE GRIDS,0165,0143,165 0165-0143
C276-L25,C276,C276-L09,246,"MILITARY STORAGE AREAS, ARMY & NAVY",,0165,0157,246 0165-0157
C276-L26,C276,C276-L09,368,VOLGA REGION,RAILROAD YARDS & SHOPS- USSR,0165,0184,368 0165-0184
C276-L27,C276,C276-L09,227,"LIQUID FUELS, STORAGE NON-REFINERY",,0165,0287,227 0165-0287
C276-L28,C276,C276-L09,208,GOVERNMENT CONTROL CENTERS,,0165,0288,208 0165-0288
C276-L29,C276,C276-L09,248,MILITARY TROOP INSTALLATIONS,,0165,0321,248 0165-0321
C276-L30,C276,C276-L09,275,POPULATION,,0165,9996,275 0165-9996
C276-L33,C276,C276-L31,374,WEST SUB-REGION CENTRAL IND REGION,RAILROAD YARDS & SHOPS- USSR,0167,0176,374 0167-0176
C276-L34,C276,C276-L31,275,POPULATION,,0167,9986,275 0167-9986
C276-L36,C276,C276-L35,118,URALS,ELECTRIC POWER - MAJOR GRIDS,0156,0407,118 0156-0407
C276-L37,C276,C276-L35,275,POPULATION,,0156,9787,275 0156-9787
C276-L40,C276,C276-L38,227,"LIQUID FUELS, STORAGE NON-REFINERY",,0235,,227 0235-
C276-L41,C276,C276-L38,227,"LIQUID FUELS, STORAGE NON-REFINERY",,0235,,227 0235-
C276-L42,C276,C276-L38,212,"GUNS, MAJOR CALIBER",,0235,0047,212 0235-0047
C276-L43,C276,C276-L38,410,SEA MINES,,0235,0049,410 0235-0049
C276-L44,C276,C276-L38,470,TORPEDOES,,0235,0049,470 0235-0049
C276-L45,C276,C276-L38,208,GOVERNMENT CONTROL CENTERS,,0235,0175,208 0235-0175
C276-L46,C276,C276-L38,372,WEST SIBERIAN REGION,RAILROAD YARDS & SHOPS- USSR,0235,0180,372 0235-0180
C277-L02,C277,C276-L38,285,RADIO & TELEVISION,,0235,0182,285 0235-0182
C277-L03,C277,C276-L38,275,POPULATION,,0235,9988,275 0235-9988
C277-L06,C277,C277-L04,275,POPULATION,,0198,,275 0198-
C277-L07,C277,C277-L04,354,EAST SIBERIAN & FAR EASTERN REGION,RAILROAD YARDS & SHOPS- USSR,0198,0018,354 0198-0018
C277-L10,C277,C277-L08,062,CAUSTIC SODA,,0200,0018,062 0200-0018
C277-L11,C277,C277-L08,066,"CHEMICAL WARFARE AGENT, STANDARD",,0200,0018,066 0200-0018
C277-L12,C277,C277-L08,068,CHLORINE,,0200,0018,068 0200-0018
C277-L13,C277,C277-L08,460,TETRAETHYL LEAD,,0200,0018,460 0200-0018
C277-L14,C277,C277-L08,281,"PORTS, INLAND",,0200,0060,281 0200-0060
C277-L15,C277,C277-L08,102,ANGARA,ELECTRIC POWER - MAJOR GRIDS,0200,0062,102 0200-0062
C277-L16,C277,C277-L08,275,POPULATION,,0200,9996,275 0200-9996
C277-L19,C277,C277-L17,225,"LIQUID FUEL PLANTS, SYNTHETIC",,0200,0058,225 0200-0058
C277-L20,C277,C277-L17,226,"LIQUID FUELS, STORAGE AT REFINERIES",,0200,0058,226 0200-0058
C277-L21,C277,C277-L17,102,ANGARA,ELECTRIC POWER - MAJOR GRIDS,0200,0078,102 0200-0078
C277-L22,C277,C277-L17,275,POPULATION,,0200,9976,275 0200-9976
C277-L26,C277,C277-L23,100,ALTAI,ELECTRIC POWER - MAJOR GRIDS,0239,0016,100 0239-0016
C277-L27,C277,C277-L23,057,CADMIUM,,0239,0021,057 0239-0021
C277-L28,C277,C277-L23,445,SULFURIC ACID,,0239,0021,445 0239-0021
C277-L29,C277,C277-L23,490,ZINC,,0239,0021,490 0239-0021
C277-L30,C277,C277-L23,100,ALTAI,ELECTRIC POWER - MAJOR GRIDS,0239,0044,100 0239-0044
C277-L31,C277,C277-L23,208,GOVERNMENT CONTROL CENTERS,,0239,0055,208 0239-0055
C277-L32,C277,C277-L23,281,"PORTS, INLAND",,0239,0061,281 0239-0061
C277-L33,C277,C277-L23,275,POPULATION,,0239,9974,275 0239-9974
C277-L36,C277,C277-L34,084,"COPPER, SMELTED",,0239,0010,084 0239-0010
C277-L37,C277,C277-L34,100,ALTAI,ELECTRIC POWER - MAJOR GRIDS,0239,0043,100 0239-0043
C277-L38,C277,C277-L34,275,POPULATION,,0239,9995,275 0239-9995
C277-L42,C277,C277-L39,386,CZECHOSLOVAKIA,RAILROAD YARDS & SHOPS- SATELLITES,0231,0213,386 0231-0213
C277-L43,C277,C277-L39,022,"AMMONIA, SYNTHETIC",,0231,0214,022 0231-0214
C277-L44,C277,C277-L39,062,CAUSTIC SODA,,0231,0214,062 0231-0214
C277-L45,C277,C277-L39,068,CHLORINE,,0231,0214,068 0231-0214
C277-L46,C277,C277-L39,445,SULFURIC ACID,,0231,0214,445 0231-0214
C278-L02,C278,C277-L39,188,CZECHOSLOVAKIA,ELECTRIC POWER - SATELLITES,0231,0454,188 0231-0454
C278-L03,C278,C277-L39,333,CZECHOSLOVAKIA,RAILROAD EQUIP REPAIR PLANTS-SATTELITES,0231,0709,333 0231-0709
C278-L04,C278,C277-L39,188,CZECHOSLOVAKIA,ELECTRIC POWER - SATELLITES,0231,0754,188 0231-0754
C278-L05,C278,C277-L39,188,CZECHOSLOVAKIA,ELECTRIC POWER - SATELLITES,0231,1377,188 0231-1377
C278-L06,C278,C277-L39,050,"BATTERIES, LEAD ACID",,0231,1858,050 0231-1858
C278-L07,C278,C277-L39,228,LOCKS & DAMS,,0231,2309,228 0231-2309
C278-L08,C278,C277-L39,281,"PORTS, INLAND",,0231,2663,281 0231-2663
C278-L09,C278,C277-L39,208,GOVERNMENT CONTROL CENTERS,,0231,3162,208 0231-3162
C278-L10,C278,C277-L39,275,POPULATION,,0231,9903,275 0231-9903
C278-L12,C278,C278-L11,275,POPULATION,,0231,,275 0231-
C278-L13,C278,C278-L11,246,"MILITARY STORAGE AREAS, ARMY & NAVY",,0231,3422,246 0231-3422
C278-L15,C278,C278-L14,386,CZECHOSLOVAKIA,RAILROAD YARDS & SHOPS- SATELLITES,0231,0235,386 0231-0235
C278-L16,C278,C278-L14,386,CZECHOSLOVAKIA,RAILROAD YARDS & SHOPS- SATELLITES,0231,1266,386 0231-1266
C278-L17,C278,C278-L14,290,RAILROAD BRIDGES,,0231,1303,290 0231-1303
C278-L18,C278,C278-L14,290,RAILROAD BRIDGES,,0231,1304,290 0231-1304
C278-L19,C278,C278-L14,056,"BRIDGES, HWY",,0231,1549,056 0231-1549
C278-L20,C278,C278-L14,090,CUTTING TOOLS,,0231,1935,090 0231-1935
C278-L21,C278,C278-L14,275,POPULATION,,0231,9502,275 0231-9502
C278-L23,C278,C278-L22,056,"BRIDGES, HWY",,0231,0811,056 0231-0811
C278-L24,C278,C278-L22,290,RAILROAD BRIDGES,,0231,0812,290 0231-0812
C278-L25,C278,C278-L22,248,MILITARY TROOP INSTALLATIONS,,0231,3461,248 0231-3461
C278-L26,C278,C278-L22,248,MILITARY TROOP INSTALLATIONS,,0231,3784,248 0231-3784
C278-L27,C278,C278-L22,275,POPULATION,,0231,9920,275 0231-9920
C278-L29,C278,C278-L28,445,SULFURIC ACID,,0231,2785,445 0231-2785
C278-L30,C278,C278-L28,275,POPULATION,,0231,9423,275 0231-9423
C278-L33,C278,C278-L31,062,CAUSTIC SODA,,0231,0419,062 0231-0419
C278-L34,C278,C278-L31,425,SODA ASH,,0231,0419,425 0231-0419
C278-L35,C278,C278-L31,275,POPULATION,,0231,9757,275 0231-9757
C278-L37,C278,C278-L36,200,ELECTRIC WIRE & CABLE,,0231,0266,200 0231-0266
C278-L38,C278,C278-L36,064,CHEMICAL EQUIPMENT,,0231,3798,064 0231-3798
C278-L39,C278,C278-L36,275,POPULATION,,0231,9914,275 0231-9914
C278-L41,C278,C278-L40,082,"COPPER, REFINED",,0231,1840,082 0231-1840
C278-L42,C278,C278-L40,275,POPULATION,,0231,9512,275 0231-9512
C278-L45,C278,C278-L43,264,OPTICAL EQUIPMENT,,0231,0648,264 0231-0648
C278-L46,C278,C278-L43,275,POPULATION,,0231,9904,275 0231-9904
C278-L48,C278,C278-L47,275,POPULATION,,0231,,275 0231-
C278-L49,C278,C278-L47,248,MILITARY TROOP INSTALLATIONS,,0231,3487,248 0231-3487
C278-L51,C278,C278-L50,023,AMMUNITION,,0231,2142,023 0231-2142
C278-L52,C278,C278-L50,275,POPULATION,,0231,9372,275 0231-9372
C279-L02,C279,C278-L53,354,EAST SIBERIAN & FAR EASTERN REGION,RAILROAD YARDS & SHOPS- USSR,0161,0101,354 0161-0101
C279-L03,C279,C278-L53,275,POPULATION,,0161,9933,275 0161-9933
C279-L05,C279,C279-L04,390,HUNGARY,RAILROAD YARDS & SHOPS- SATELLITES,0251,0727,390 0251-0727
C279-L06,C279,C279-L04,275,POPULATION,,0251,9971,275 0251-9971
C279-L08,C279,C279-L07,275,POPULATION,,0251,,275 0251-
C279-L09,C279,C279-L07,246,"MILITARY STORAGE AREAS, ARMY & NAVY",,0251,0882,246 0251-0882
C279-L11,C279,C279-L10,200,ELECTRIC WIRE & CABLE,,0231,0024,200 0231-0024
C279-L12,C279,C279-L10,275,POPULATION,,0231,9773,275 0231-9773
C279-L15,C279,C279-L13,372,WEST SIBERIAN REGION,RAILROAD YARDS & SHOPS- USSR,0157,0009,372 0157-0009
C279-L16,C279,C279-L13,275,POPULATION,,0157,9993,275 0157-9993
C279-L18,C279,C279-L17,358,NORTHERN REGION,RAILROAD YARDS & SHOPS- USSR,0153,0644,358 0153-0644
C279-L19,C279,C279-L17,275,POPULATION,,0153,9963,275 0153-9963
C279-L21,C279,C279-L20,227,"LIQUID FUELS, STORAGE NON-REFINERY",,0153,,227 0153-
C279-L22,C279,C279-L20,275,POPULATION,,0153,9873,275 0153-9873
C279-L25,C279,C279-L23,227,"LIQUID FUELS, STORAGE NON-REFINERY",,0234,,227 0234-
C279-L26,C279,C279-L23,362,SOUTHERN SUB-REGION CENTRAL IND REG,RAILROAD YARDS & SHOPS- USSR,0234,0102,362 0234-0102
C279-L27,C279,C279-L23,275,POPULATION,,0234,9986,275 0234-9986
C279-L30,C279,C279-L28,376,WEST SUB-REGION UKRAINE REGION,RAILROAD YARDS & SHOPS- USSR,0233,0037,376 0233-0037
C279-L31,C279,C279-L28,275,POPULATION,,0233,9973,275 0233-9973
C279-L33,C279,C279-L32,227,"LIQUID FUELS, STORAGE NON-REFINERY",,0166,,227 0166-
C279-L34,C279,C279-L32,275,POPULATION,,0166,9663,275 0166-9663
C280-L02,C280,C279-L35,326,WEST SUB-REGION CENTRAL IND REG,RAILROAD EQUIPMENT REPAIR PLANTS-USSR,0153,0042,326 0153-0042
C280-L03,C280,C279-L35,374,WEST SUB-REGION CENTRAL IND REGION,RAILROAD YARDS & SHOPS- USSR,0153,0486,374 0153-0486
C280-L04,C280,C279-L35,275,POPULATION,,0153,9995,275 0153-9995
C280-L07,C280,C280-L05,374,WEST SUB-REGION CENTRAL IND REGION,RAILROAD YARDS & SHOPS- USSR,0153,0612,374 0153-0612
C280-L08,C280,C280-L05,275,POPULATION,,0153,9950,275 0153-9950
C280-L10,C280,C280-L09,227,"LIQUID FUELS, STORAGE NON-REFINERY",,0102,,227 0102-
C280-L11,C280,C280-L09,275,POPULATION,,0102,9989,275 0102-9989
C280-L13,C280,C280-L12,280,"PORTS, MARITIME",,0152,0160,280 0152-0160
C280-L14,C280,C280-L12,437,SUBMARINE BASES,,0152,0537,437 0152-0537
C280-L15,C280,C280-L12,275,POPULATION,,0152,9998,275 0152-9998
C280-L17,C280,C280-L16,275,POPULATION,,0322,,275 0322-
C280-L18,C280,C280-L16,227,"LIQUID FUELS, STORAGE NON-REFINERY",,0322,0301,227 0322-0301
C280-L20,C280,C280-L19,246,"MILITARY STORAGE AREAS, ARMY & NAVY",,0322,0513,246 0322-0513
C280-L21,C280,C280-L19,275,POPULATION,,0322,9743,275 0322-9743
C280-L23,C280,C280-L22,275,POPULATION,,0322,,275 0322-
C280-L24,C280,C280-L22,382,BULGARIA,RAILROAD YARDS & SHOPS- SATELLITES,0322,0419,382 0322-0419
C280-L26,C280,C280-L25,368,VOLGA REGION,RAILROAD YARDS & SHOPS- USSR,0235,0178,368 0235-0178
C280-L27,C280,C280-L25,275,POPULATION,,0235,9973,275 0235-9973
C280-L29,C280,C280-L28,150,SOUTHEAST ECONOMIC REGION,ELECTRIC POWER - OUTSIDE GRIDS,0325,0174,150 0325-0174
C280-L30,C280,C280-L28,275,POPULATION,,0325,9819,275 0325-9819
C280-L33,C280,C280-L31,023,AMMUNITION,,0252,0653,023 0252-0653
C280-L34,C280,C280-L31,390,HUNGARY,RAILROAD YARDS & SHOPS- SATELLITES,0252,0877,390 0252-0877
C280-L35,C280,C280-L31,246,"MILITARY STORAGE AREAS, ARMY & NAVY",,0252,1002,246 0252-1002
C280-L36,C280,C280-L31,248,MILITARY TROOP INSTALLATIONS,,0252,1003,248 0252-1003
C280-L37,C280,C280-L31,275,POPULATION,,0252,9729,275 0252-9729
C280-L40,C280,C280-L38,215,HIGH EXPLOSIVES,,0252,0168,215 0252-0168
C280-L41,C280,C280-L38,282,PROPELLANTS,,0252,0168,282 0252-0168
C280-L42,C280,C280-L38,192,HUNGARY,ELECTRIC POWER - SATELLITES,0252,0453,192 0252-0453
C281-L02,C281,C280-L38,275,POPULATION,,0252,9975,275 0252-9975
C281-L05,C281,C281-L03,275,POPULATION,,0252,,275 0252-
C281-L06,C281,C281-L03,248,MILITARY TROOP INSTALLATIONS,,0252,0983,248 0252-0983
C281-L09,C281,C281-L07,275,POPULATION,,0252,,275 0252-
C281-L10,C281,C281-L07,021,ALUMINUM,,0252,0610,021 0252-0610
C281-L11,C281,C281-L07,192,HUNGARY,ELECTRIC POWER - SATELLITES,0252,0847,192 0252-0847
C281-L14,C281,C281-L12,066,"CHEMICAL WARFARE AGENT, STANDARD",,0252,0592,066 0252-0592
C281-L15,C281,C281-L12,282,PROPELLANTS,,0252,0592,282 0252-0592
C281-L16,C281,C281-L12,275,POPULATION,,0252,9675,275 0252-9675
C281-L18,C281,C281-L17,275,POPULATION,,0252,,275 0252-
C281-L19,C281,C281-L17,282,PROPELLANTS,,0252,0293,282 0252-0293
C281-L20,C281,C281-L17,445,SULFURIC ACID,,0252,0293,445 0252-0293
C281-L23,C281,C281-L21,224,"LIQUID FUEL PLANTS, CRUDE",,0252,0145,224 0252-0145
C281-L24,C281,C281-L21,226,"LIQUID FUELS, STORAGE AT REFINERIES",,0252,0145,226 0252-0145
C281-L25,C281,C281-L21,192,HUNGARY,ELECTRIC POWER - SATELLITES,0252,0449,192 0252-0449
C281-L26,C281,C281-L21,022,"AMMONIA, SYNTHETIC",,0252,0731,022 0252-0731
C281-L27,C281,C281-L21,062,CAUSTIC SODA,,0252,0731,062 0252-0731
C281-L28,C281,C281-L21,068,CHLORINE,,0252,0731,068 0252-0731
C281-L29,C281,C281-L21,275,POPULATION,,0252,9960,275 0252-9960
C281-L31,C281,C281-L30,275,POPULATION,,0252,,275 0252-
C281-L32,C281,C281-L30,246,"MILITARY STORAGE AREAS, ARMY & NAVY",,0252,1004,246 0252-1004
C281-L34,C281,C281-L33,192,HUNGARY,ELECTRIC POWER - SATELLITES,0252,0448,192 0252-0448
C281-L35,C281,C281-L33,275,POPULATION,,0252,9952,275 0252-9952
C281-L37,C281,C281-L36,358,NORTHERN REGION,RAILROAD YARDS & SHOPS- USSR,0153,0523,358 0153-0523
C281-L38,C281,C281-L36,275,POPULATION,,0153,9911,275 0153-9911
C281-L40,C281,C281-L39,382,BULGARIA,RAILROAD YARDS & SHOPS- SATELLITES,0322,0425,382 0322-0425
C281-L41,C281,C281-L39,275,POPULATION,,0322,9970,275 0322-9970
C281-L43,C281,C281-L42,281,"PORTS, INLAND",,0322,0062,281 0322-0062
C281-L44,C281,C281-L42,382,BULGARIA,RAILROAD YARDS & SHOPS- SATELLITES,0322,0426,382 0322-0426
C281-L45,C281,C281-L42,275,POPULATION,,0322,9965,275 0322-9965
C281-L48,C281,C281-L46,240,"MILITARY CONTROLS, AIR FORCE",,0168,,240 0168-
C282-L02,C282,C281-L46,285,RADIO & TELEVISION,,0168,0104,285 0168-0104
C282-L03,C282,C281-L46,285,RADIO & TELEVISION,,0168,0105,285 0168-0105
C282-L04,C282,C281-L46,370,WESTERN REGION,RAILROAD YARDS & SHOPS- USSR,0168,0113,370 0168-0113
C282-L05,C282,C281-L46,010,AGRICULTURAL EQUIPMENT,,0168,0163,010 0168-0163
C282-L06,C282,C281-L46,230,MACHINE TOOLS,,0168,0175,230 0168-0175
C282-L07,C282,C281-L46,208,GOVERNMENT CONTROL CENTERS,,0168,0219,208 0168-0219
C282-L08,C282,C281-L46,170,WEST ECONOMIC REGION,ELECTRIC POWER - OUTSIDE GRIDS,0168,0224,170 0168-0224
C282-L09,C282,C281-L46,170,WEST ECONOMIC REGION,ELECTRIC POWER - OUTSIDE GRIDS,0168,0280,170 0168-0280
C282-L10,C282,C281-L46,248,MILITARY TROOP INSTALLATIONS,,0168,0326,248 0168-0326
C282-L11,C282,C281-L46,248,MILITARY TROOP INSTALLATIONS,,0168,0327,248 0168-0327
C282-L12,C282,C281-L46,275,POPULATION,,0168,9998,275 0168-9998
C282-L15,C282,C282-L13,370,WESTERN REGION,RAILROAD YARDS & SHOPS- USSR,0168,0387,370 0168-0387
C282-L16,C282,C282-L13,275,POPULATION,,0168,9917,275 0168-9917
C282-L18,C282,C282-L17,246,"MILITARY STORAGE AREAS, ARMY & NAVY",,0617,,246 0617-
C282-L19,C282,C282-L17,275,POPULATION,,0617,9996,275 0617-9996
C282-L23,C282,C282-L20,240,"MILITARY CONTROLS, AIR FORCE",,0233,,240 0233-
C282-L24,C282,C282-L20,243,MILITARY SCHOOLS,,0233,,243 0233-
C282-L25,C282,C282-L20,445,SULFURIC ACID,,0233,0148,445 0233-0148
C282-L26,C282,C282-L20,208,GOVERNMENT CONTROL CENTERS,,0233,0221,208 0233-0221
C282-L27,C282,C282-L20,376,WEST SUB-REGION UKRAINE REGION,RAILROAD YARDS & SHOPS- USSR,0233,0234,376 0233-0234
C282-L28,C282,C282-L20,245,"MILITARY STORAGE AREAS, AIR FORCE",,0233,0284,245 0233-0284
C282-L29,C282,C282-L20,275,POPULATION,,0233,9744,275 0233-9744
C282-L31,C282,C282-L30,188,CZECHOSLOVAKIA,ELECTRIC POWER - SATELLITES,0232,1211,188 0232-1211
C282-L32,C282,C282-L30,188,CZECHOSLOVAKIA,ELECTRIC POWER - SATELLITES,0232,1212,188 0232-1212
C282-L33,C282,C282-L30,275,POPULATION,,0232,9533,275 0232-9533
C282-L36,C282,C282-L34,227,"LIQUID FUELS, STORAGE NON-REFINERY",,0167,,227 0167-
C282-L37,C282,C282-L34,230,MACHINE TOOLS,,0167,0220,230 0167-0220
C282-L38,C282,C282-L34,230,MACHINE TOOLS,,0167,0224,230 0167-0224
C282-L39,C282,C282-L34,370,WESTERN REGION,RAILROAD YARDS & SHOPS- USSR,0167,0788,370 0167-0788
C282-L40,C282,C282-L34,208,GOVERNMENT CONTROL CENTERS,,0167,0885,208 0167-0885
C282-L41,C282,C282-L34,281,"PORTS, INLAND",,0167,0946,281 0167-0946
C282-L42,C282,C282-L34,245,"MILITARY STORAGE AREAS, AIR FORCE",,0167,1050,245 0167-1050
C282-L43,C282,C282-L34,275,POPULATION,,0167,9997,275 0167-9997
C283-L04,C283,C282-L44,227,"LIQUID FUELS, STORAGE NON-REFINERY",,0154,,227 0154-
C283-L05,C283,C282-L44,243,MILITARY SCHOOLS,,0154,,243 0154-
C283-L06,C283,C282-L44,475,TRACTORS,,0154,0022,475 0154-0022
C283-L07,C283,C282-L44,112,MOSCOW-GORKIY,ELECTRIC POWER - MAJOR GRIDS,0154,0211,112 0154-0211
C283-L08,C283,C282-L44,360,NORTHEAST SUB-REGION CENTRAL IND REG,RAILROAD YARDS & SHOPS- USSR,0154,0229,360 0154-0229
C283-L09,C283,C282-L44,285,RADIO & TELEVISION,,0154,0341,285 0154-0341
C283-L10,C283,C282-L44,208,GOVERNMENT CONTROL CENTERS,,0154,0428,208 0154-0428
C283-L11,C283,C282-L44,248,MILITARY TROOP INSTALLATIONS,,0154,0431,248 0154-0431
C283-L12,C283,C282-L44,243,MILITARY SCHOOLS,,0154,0468,243 0154-0468
C283-L13,C283,C282-L44,275,POPULATION,,0154,9970,275 0154-9970
C283-L15,C283,C283-L14,376,WEST SUB-REGION UKRAINE REGION,RAILROAD YARDS & SHOPS- USSR,0232,1517,376 0232-1517
C283-L16,C283,C283-L14,275,POPULATION,,0232,9978,275 0232-9978
C283-L20,C283,C283-L17,130,FAR EAST ECONOMIC REGION,ELECTRIC POWER - OUTSIDE GRIDS,0291,,130 0291-
C283-L21,C283,C283-L17,130,FAR EAST ECONOMIC REGION,ELECTRIC POWER - OUTSIDE GRIDS,0291,,130 0291-
C283-L22,C283,C283-L17,240,"MILITARY CONTROLS, AIR FORCE",,0291,,240 0291-
C283-L23,C283,C283-L17,254,NAVAL OPERATING BASES,,0291,,254 0291-
C283-L24,C283,C283-L17,254,NAVAL OPERATING BASES,,0291,,254 0291-
C283-L25,C283,C283-L17,354,EAST SIBERIAN & FAR EASTERN REGION,RAILROAD YARDS & SHOPS- USSR,0291,,354 0291-
C283-L26,C283,C283-L17,420,SHIP REPAIR,,0291,,420 0291-
C283-L27,C283,C283-L17,470,TORPEDOES,,0291,,470 0291-
C283-L28,C283,C283-L17,415,SHIPBUILDING,,0291,0001,415 0291-0001
C283-L29,C283,C283-L17,420,SHIP REPAIR,,0291,0001,420 0291-0001
C283-L30,C283,C283-L17,437,SUBMARINE BASES,,0291,0001,437 0291-0001
C283-L31,C283,C283-L17,130,FAR EAST ECONOMIC REGION,ELECTRIC POWER - OUTSIDE GRIDS,0291,0010,130 0291-0010
C283-L32,C283,C283-L17,250,MINING MACHINERY,,0291,0025,250 0291-0025
C283-L33,C283,C283-L17,023,AMMUNITION,,0291,0049,023 0291-0049
C283-L34,C283,C283-L17,023,AMMUNITION,,0291,0052,023 0291-0052
C283-L35,C283,C283-L17,245,"MILITARY STORAGE AREAS, AIR FORCE",,0291,0054,245 0291-0054
C283-L36,C283,C283-L17,354,EAST SIBERIAN & FAR EASTERN REGION,RAILROAD YARDS & SHOPS- USSR,0291,0060,354 0291-0060
C283-L37,C283,C283-L17,354,EAST SIBERIAN & FAR EASTERN REGION,RAILROAD YARDS & SHOPS- USSR,0291,0061,354 0291-0061
C283-L38,C283,C283-L17,243,MILITARY SCHOOLS,,0291,0062,243 0291-0062
C283-L39,C283,C283-L17,227,"LIQUID FUELS, STORAGE NON-REFINERY",,0291,0063,227 0291-0063
C283-L40,C283,C283-L17,227,"LIQUID FUELS, STORAGE NON-REFINERY",,0291,0066,227 0291-0066
C283-L41,C283,C283-L17,098,ELECTRIC EQUIPMENT,,0291,0084,098 0291-0084
C283-L42,C283,C283-L17,227,"LIQUID FUELS, STORAGE NON-REFINERY",,0291,0086,227 0291-0086
C283-L43,C283,C283-L17,227,"LIQUID FUELS, STORAGE NON-REFINERY",,0291,0087,227 0291-0087
C283-L44,C283,C283-L17,227,"LIQUID FUELS, STORAGE NON-REFINERY",,0291,0088,227 0291-0088
C283-L45,C283,C283-L17,227,"LIQUID FUELS, STORAGE NON-REFINERY",,0291,0090,227 0291-0090
C283-L46,C283,C283-L17,227,"LIQUID FUELS, STORAGE NON-REFINERY",,0291,0095,227 0291-0095
C283-L47,C283,C283-L17,420,SHIP REPAIR,,0291,0097,420 0291-0097
C283-L48,C283,C283-L17,354,EAST SIBERIAN & FAR EASTERN REGION,RAILROAD YARDS & SHOPS- USSR,0291,0100,354 0291-0100
C283-L49,C283,C283-L17,420,SHIP REPAIR,,0291,0112,420 0291-0112
C283-L50,C283,C283-L17,437,SUBMARINE BASES,,0291,0112,437 0291-0112
C284-L02,C284,C283-L17,227,"LIQUID FUELS, STORAGE NON-REFINERY",,0291,0121,227 0291-0121
C284-L03,C284,C283-L17,227,"LIQUID FUELS, STORAGE NON-REFINERY",,0291,0122,227 0291-0122
C284-L04,C284,C283-L17,246,"MILITARY STORAGE AREAS, ARMY & NAVY",,0291,0129,246 0291-0129
C284-L05,C284,C283-L17,208,GOVERNMENT CONTROL CENTERS,,0291,0133,208 0291-0133
C284-L06,C284,C283-L17,285,RADIO & TELEVISION,,0291,0144,285 0291-0144
C284-L07,C284,C283-L17,246,"MILITARY STORAGE AREAS, ARMY & NAVY",,0291,0145,246 0291-0145
C284-L08,C284,C283-L17,246,"MILITARY STORAGE AREAS, ARMY & NAVY",,0291,0146,246 0291-0146
C284-L09,C284,C283-L17,246,"MILITARY STORAGE AREAS, ARMY & NAVY",,0291,0147,246 0291-0147
C284-L10,C284,C283-L17,246,"MILITARY STORAGE AREAS, ARMY & NAVY",,0291,0149,246 0291-0149
C284-L11,C284,C283-L17,246,"MILITARY STORAGE AREAS, ARMY & NAVY",,0291,0150,246 0291-0150
C284-L12,C284,C283-L17,246,"MILITARY STORAGE AREAS, ARMY & NAVY",,0291,0151,246 0291-0151
C284-L13,C284,C283-L17,248,MILITARY TROOP INSTALLATIONS,,0291,0162,248 0291-0162
C284-L14,C284,C283-L17,280,"PORTS, MARITIME",,0291,0169,280 0291-0169
C284-L15,C284,C283-L17,242,"MILITARY HQS, NAVY",,0291,0171,242 0291-0171
C284-L16,C284,C283-L17,245,"MILITARY STORAGE AREAS, AIR FORCE",,0291,0173,245 0291-0173
C284-L17,C284,C283-L17,245,"MILITARY STORAGE AREAS, AIR FORCE",,0291,0174,245 0291-0174
C284-L18,C284,C283-L17,420,SHIP REPAIR,,0291,0178,420 0291-0178
C284-L19,C284,C283-L17,275,POPULATION,,0291,9999,275 0291-9999
C284-L22,C284,C284-L20,227,"LIQUID FUELS, STORAGE NON-REFINERY",,0291,,227 0291-
C284-L23,C284,C284-L20,246,"MILITARY STORAGE AREAS, ARMY & NAVY",,0291,0166,246 0291-0166
C284-L24,C284,C284-L20,246,"MILITARY STORAGE AREAS, ARMY & NAVY",,0291,0167,246 0291-0167
C284-L25,C284,C284-L20,275,POPULATION,,0291,9993,275 0291-9993
C284-L27,C284,C284-L26,248,MILITARY TROOP INSTALLATIONS,,0291,,248 0291-
C284-L28,C284,C284-L26,275,POPULATION,,0291,,275 0291-
C284-L30,C284,C284-L29,270,PIG IRON,,0251,0675,270 0251-0675
C284-L31,C284,C284-L29,275,POPULATION,,0251,9791,275 0251-9791
C284-L33,C284,C284-L32,394,RUMANIA,RAILROAD YARDS & SHOPS- SATELLITES,0251,0723,394 0251-0723
C284-L34,C284,C284-L32,275,POPULATION,,0251,9797,275 0251-9797
C284-L36,C284,C284-L35,023,AMMUNITION,,0231,0661,023 0231-0661
C284-L37,C284,C284-L35,275,POPULATION,,0231,9453,275 0231-9453
C284-L39,C284,C284-L38,227,"LIQUID FUELS, STORAGE NON-REFINERY",,0231,1505,227 0231-1505
C284-L40,C284,C284-L38,275,POPULATION,,0231,9437,275 0231-9437
C284-L42,C284,C284-L41,010,AGRICULTURAL EQUIPMENT,,0231,1954,010 0231-1954
C284-L43,C284,C284-L41,275,POPULATION,,0231,9492,275 0231-9492
C284-L45,C284,C284-L44,227,"LIQUID FUELS, STORAGE NON-REFINERY",,0322,0184,227 0322-0184
C284-L46,C284,C284-L44,254,NAVAL OPERATING BASES,,0322,0234,254 0322-0234
C284-L47,C284,C284-L44,280,"PORTS, MARITIME",,0322,0387,280 0322-0387
C284-L48,C284,C284-L44,275,POPULATION,,0322,9901,275 0322-9901
C285-L03,C285,C285-L02,275,POPULATION,,0322,,275 0322-
C285-L04,C285,C285-L02,227,"LIQUID FUELS, STORAGE NON-REFINERY",,0322,0235,227 0322-0235
C285-L06,C285,C285-L05,376,WEST SUB-REGION UKRAINE REGION,RAILROAD YARDS & SHOPS- USSR,0233,0047,376 0233-0047
C285-L07,C285,C285-L05,275,POPULATION,,0233,9965,275 0233-9965
C285-L10,C285,C285-L08,227,"LIQUID FUELS, STORAGE NON-REFINERY",,0153,,227 0153-
C285-L11,C285,C285-L08,358,NORTHERN REGION,RAILROAD YARDS & SHOPS- USSR,0153,0004,358 0153-0004
C285-L12,C285,C285-L08,110,LENINGRAD,ELECTRIC POWER - MAJOR GRIDS,0153,0036,110 0153-0036
C285-L13,C285,C285-L08,020,ALUMINA,,0153,0074,020 0153-0074
C285-L14,C285,C285-L08,021,ALUMINUM,,0153,0074,021 0153-0074
C285-L15,C285,C285-L08,290,RAILROAD BRIDGES,,0153,0283,290 0153-0283
C285-L16,C285,C285-L08,290,RAILROAD BRIDGES,,0153,0286,290 0153-0286
C285-L17,C285,C285-L08,281,"PORTS, INLAND",,0153,0574,281 0153-0574
C285-L18,C285,C285-L08,228,LOCKS & DAMS,,0153,0575,228 0153-0575
C285-L19,C285,C285-L08,275,POPULATION,,0153,9984,275 0153-9984
C285-L22,C285,C285-L20,062,CAUSTIC SODA,,0102,0002,062 0102-0002
C285-L23,C285,C285-L20,068,CHLORINE,,0102,0002,068 0102-0002
C285-L24,C285,C285-L20,275,POPULATION,,0102,9995,275 0102-9995
C285-L27,C285,C285-L25,370,WESTERN REGION,RAILROAD YARDS & SHOPS- USSR,0168,0241,370 0168-0241
C285-L28,C285,C285-L25,248,MILITARY TROOP INSTALLATIONS,,0168,0325,248 0168-0325
C285-L29,C285,C285-L25,275,POPULATION,,0168,9918,275 0168-9918
C285-L32,C285,C285-L30,352,DONBAS SUB-REGION UKRAINE REGION,RAILROAD YARDS & SHOPS- USSR,0249,0087,352 0249-0087
C285-L33,C285,C285-L30,275,POPULATION,,0249,9968,275 0249-9968
C285-L35,C285,C285-L34,354,EAST SIBERIAN & FAR EASTERN REGION,RAILROAD YARDS & SHOPS- USSR,0204,0108,354 0204-0108
C285-L36,C285,C285-L34,275,POPULATION,,0204,9991,275 0204-9991
C285-L38,C285,C285-L37,376,WEST SUB-REGION UKRAINE REGION,RAILROAD YARDS & SHOPS- USSR,0233,0041,376 0233-0041
C285-L39,C285,C285-L37,275,POPULATION,,0233,9970,275 0233-9970
C286-L04,C286,C285-L40,243,MILITARY SCHOOLS,,0154,,243 0154-
C286-L05,C286,C285-L40,248,MILITARY TROOP INSTALLATIONS,,0154,,248 0154-
C286-L06,C286,C285-L40,312,NORTHEAST SUB-REGION CENTRAL IND REG,RAILROAD EQUIPMENT REPAIR PLANTS-USSR,0154,0047,312 0154-0047
C286-L07,C286,C285-L40,360,NORTHEAST SUB-REGION CENTRAL IND REG,RAILROAD YARDS & SHOPS- USSR,0154,0070,360 0154-0070
C286-L08,C286,C285-L40,360,NORTHEAST SUB-REGION CENTRAL IND REG,RAILROAD YARDS & SHOPS- USSR,0154,0079,360 0154-0079
C286-L09,C286,C285-L40,290,RAILROAD BRIDGES,,0154,0151,290 0154-0151
C286-L10,C286,C285-L40,227,"LIQUID FUELS, STORAGE NON-REFINERY",,0154,0389,227 0154-0389
C286-L11,C286,C285-L40,208,GOVERNMENT CONTROL CENTERS,,0154,0429,208 0154-0429
C286-L12,C286,C285-L40,281,"PORTS, INLAND",,0154,0465,281 0154-0465
C286-L13,C286,C285-L40,275,POPULATION,,0154,9993,275 0154-9993
C286-L16,C286,C286-L14,140,NORTHWEST ECONOMIC REGION,ELECTRIC POWER - OUTSIDE GRIDS,0154,0104,140 0154-0104
C286-L17,C286,C286-L14,275,POPULATION,,0154,9974,275 0154-9974
C286-L19,C286,C286-L18,227,"LIQUID FUELS, STORAGE NON-REFINERY",,0153,,227 0153-
C286-L20,C286,C286-L18,227,"LIQUID FUELS, STORAGE NON-REFINERY",,0153,0564,227 0153-0564
C286-L21,C286,C286-L18,275,POPULATION,,0153,9889,275 0153-9889
C286-L24,C286,C286-L22,362,SOUTHERN SUB-REGION CENTRAL IND REG,RAILROAD YARDS & SHOPS- USSR,0167,1009,362 0167-1009
C286-L25,C286,C286-L22,275,POPULATION,,0167,9600,275 0167-9600
C286-L28,C286,C286-L26,227,"LIQUID FUELS, STORAGE NON-REFINERY",,0167,,227 0167-
C286-L29,C286,C286-L26,275,POPULATION,,0167,,275 0167-
C286-L32,C286,C286-L30,227,"LIQUID FUELS, STORAGE NON-REFINERY",,0167,,227 0167-
C286-L33,C286,C286-L30,275,POPULATION,,0167,,275 0167-
C286-L37,C286,C286-L34,227,"LIQUID FUELS, STORAGE NON-REFINERY",,0166,,227 0166-
C286-L38,C286,C286-L34,227,"LIQUID FUELS, STORAGE NON-REFINERY",,0166,,227 0166-
C286-L39,C286,C286-L34,227,"LIQUID FUELS, STORAGE NON-REFINERY",,0166,,227 0166-
C286-L40,C286,C286-L34,227,"LIQUID FUELS, STORAGE NON-REFINERY",,0166,,227 0166-
C286-L41,C286,C286-L34,281,"PORTS, INLAND",,0166,0188,281 0166-0188
C286-L42,C286,C286-L34,281,"PORTS, INLAND",,0166,0198,281 0166-0198
C286-L43,C286,C286-L34,281,"PORTS, INLAND",,0166,0199,281 0166-0199
C286-L44,C286,C286-L34,227,"LIQUID FUELS, STORAGE NON-REFINERY",,0166,0222,227 0166-0222
C286-L45,C286,C286-L34,243,MILITARY SCHOOLS,,0166,0226,243 0166-0226
C286-L46,C286,C286-L34,275,POPULATION,,0166,9979,275 0166-9979
C287-L03,C287,C286-L47,227,"LIQUID FUELS, STORAGE NON-REFINERY",,0094,,227 0094-
C287-L04,C287,C286-L47,140,NORTHWEST ECONOMIC REGION,ELECTRIC POWER - OUTSIDE GRIDS,0094,0003,140 0094-0003
C287-L05,C287,C286-L47,140,NORTHWEST ECONOMIC REGION,ELECTRIC POWER - OUTSIDE GRIDS,0094,0006,140 0094-0006
C287-L06,C287,C286-L47,250,MINING MACHINERY,,0094,0007,250 0094-0007
C287-L07,C287,C286-L47,358,NORTHERN REGION,RAILROAD YARDS & SHOPS- USSR,0094,0008,358 0094-0008
C287-L08,C287,C286-L47,275,POPULATION,,0094,9998,275 0094-9998
C287-L10,C287,C287-L09,227,"LIQUID FUELS, STORAGE NON-REFINERY",,0234,,227 0234-
C287-L11,C287,C287-L09,275,POPULATION,,0234,,275 0234-
C287-L16,C287,C287-L12,227,"LIQUID FUELS, STORAGE NON-REFINERY",,0234,,227 0234-
C287-L17,C287,C287-L12,227,"LIQUID FUELS, STORAGE NON-REFINERY",,0234,,227 0234-
C287-L18,C287,C287-L12,227,"LIQUID FUELS, STORAGE NON-REFINERY",,0234,,227 0234-
C287-L19,C287,C287-L12,240,"MILITARY CONTROLS, AIR FORCE",,0234,,240 0234-
C287-L20,C287,C287-L12,241,"MILITARY HQS, ARMY",,0234,,241 0234-
C287-L21,C287,C287-L12,400,"RUBBER, SYNTHETIC",,0234,0010,400 0234-0010
C287-L22,C287,C287-L12,405,RUBBER TIRES,,0234,0010,405 0234-0010
C287-L23,C287,C287-L12,016,AIRFRAMES,,0234,0060,016 0234-0060
C287-L24,C287,C287-L12,015,AIRCRAFT ENGINES,,0234,0066,015 0234-0066
C287-L25,C287,C287-L12,095,EARTH MOVING EQUIPMENT,,0234,0071,095 0234-0071
C287-L26,C287,C287-L12,010,AGRICULTURAL EQUIPMENT,,0234,0072,010 0234-0072
C287-L27,C287,C287-L12,120,CENTRAL INDUSTRIAL REGION,ELECTRIC POWER - OUTSIDE GRIDS,0234,0073,120 0234-0073
C287-L28,C287,C287-L12,362,SOUTHERN SUB-REGION CENTRAL IND REG,RAILROAD YARDS & SHOPS- USSR,0234,0074,362 0234-0074
C287-L29,C287,C287-L12,285,RADIO & TELEVISION,,0234,0079,285 0234-0079
C287-L30,C287,C287-L12,235,METAL FORMING EQUIPMENT,,0234,0167,235 0234-0167
C287-L31,C287,C287-L12,314,SOUTHERN SUB-REGION CENTRAL IND REG,RAILROAD EQUIPMENT REPAIR PLANTS-USSR,0234,0198,314 0234-0198
C287-L32,C287,C287-L12,362,SOUTHERN SUB-REGION CENTRAL IND REG,RAILROAD YARDS & SHOPS- USSR,0234,0258,362 0234-0258
C287-L33,C287,C287-L12,314,SOUTHERN SUB-REGION CENTRAL IND REG,RAILROAD EQUIPMENT REPAIR PLANTS-USSR,0234,0274,314 0234-0274
C287-L34,C287,C287-L12,362,SOUTHERN SUB-REGION CENTRAL IND REG,RAILROAD YARDS & SHOPS- USSR,0234,0336,362 0234-0336
C287-L35,C287,C287-L12,208,GOVERNMENT CONTROL CENTERS,,0234,0408,208 0234-0408
C287-L36,C287,C287-L12,120,CENTRAL INDUSTRIAL REGION,ELECTRIC POWER - OUTSIDE GRIDS,0234,0454,120 0234-0454
C287-L37,C287,C287-L12,248,MILITARY TROOP INSTALLATIONS,,0234,0476,248 0234-0476
C287-L38,C287,C287-L12,275,POPULATION,,0234,9996,275 0234-9996
C287-L43,C287,C287-L39,240,"MILITARY CONTROLS, AIR FORCE",,0291,,240 0291-
C287-L44,C287,C287-L39,241,"MILITARY HQS, ARMY",,0291,,241 0291-
C287-L45,C287,C287-L39,243,MILITARY SCHOOLS,,0291,,243 0291-
C287-L46,C287,C287-L39,354,EAST SIBERIAN & FAR EASTERN REGION,RAILROAD YARDS & SHOPS- USSR,0291,0033,354 0291-0033
C287-L47,C287,C287-L39,306,EAST SIBERIAN & FAR EASTERN REGION,RAILROAD EQUIPMENT REPAIR PLANTS-USSR,0291,0055,306 0291-0055
C287-L48,C287,C287-L39,246,"MILITARY STORAGE AREAS, ARMY & NAVY",,0291,0105,246 0291-0105
C288-L02,C288,C287-L39,246,"MILITARY STORAGE AREAS, ARMY & NAVY",,0291,0106,246 0291-0106
C288-L03,C288,C287-L39,227,"LIQUID FUELS, STORAGE NON-REFINERY",,0291,0109,227 0291-0109
C288-L04,C288,C287-L39,306,EAST SIBERIAN & FAR EASTERN REGION,RAILROAD EQUIPMENT REPAIR PLANTS-USSR,0291,0119,306 0291-0119
C288-L05,C288,C287-L39,208,GOVERNMENT CONTROL CENTERS,,0291,0135,208 0291-0135
C288-L06,C288,C287-L39,246,"MILITARY STORAGE AREAS, ARMY & NAVY",,0291,0153,246 0291-0153
C288-L07,C288,C287-L39,246,"MILITARY STORAGE AREAS, ARMY & NAVY",,0291,0154,246 0291-0154
C288-L08,C288,C287-L39,246,"MILITARY STORAGE AREAS, ARMY & NAVY",,0291,0155,246 0291-0155
C288-L09,C288,C287-L39,246,"MILITARY STORAGE AREAS, ARMY & NAVY",,0291,0156,246 0291-0156
C288-L10,C288,C287-L39,248,MILITARY TROOP INSTALLATIONS,,0291,0165,248 0291-0165
C288-L11,C288,C287-L39,245,"MILITARY STORAGE AREAS, AIR FORCE",,0291,0175,245 0291-0175
C288-L12,C288,C287-L39,245,"MILITARY STORAGE AREAS, AIR FORCE",,0291,0176,245 0291-0176
C288-L13,C288,C287-L39,245,"MILITARY STORAGE AREAS, AIR FORCE",,0291,0177,245 0291-0177
C288-L14,C288,C287-L39,275,POPULATION,,0291,9998,275 0291-9998
C288-L16,C288,C288-L15,248,MILITARY TROOP INSTALLATIONS,,0291,,248 0291-
C288-L17,C288,C288-L15,275,POPULATION,,0291,,275 0291-
C288-L20,C288,C288-L18,240,"MILITARY CONTROLS, AIR FORCE",,0291,,240 0291-
C288-L21,C288,C288-L18,275,POPULATION,,0291,9974,275 0291-9974
C288-L24,C288,C288-L22,060,CALCIUM CARBIDE,,0234,0015,060 0234-0015
C288-L25,C288,C288-L22,294,RAILROAD LOCOMOTIVES,,0234,0015,294 0234-0015
C288-L26,C288,C288-L22,430,STEEL,,0234,0015,430 0234-0015
C288-L27,C288,C288-L22,106,DNEPR-DONETS,ELECTRIC POWER - MAJOR GRIDS,0234,0177,106 0234-0177
C288-L28,C288,C288-L22,290,RAILROAD BRIDGES,,0234,0311,290 0234-0311
C288-L29,C288,C288-L22,352,DONBAS SUB-REGION UKRAINE REGION,RAILROAD YARDS & SHOPS- USSR,0234,0320,352 0234-0320
C288-L30,C288,C288-L22,250,MINING MACHINERY,,0234,0339,250 0234-0339
C288-L31,C288,C288-L22,208,GOVERNMENT CONTROL CENTERS,,0234,0423,208 0234-0423
C288-L32,C288,C288-L22,248,MILITARY TROOP INSTALLATIONS,,0234,0467,248 0234-0467
C288-L33,C288,C288-L22,246,"MILITARY STORAGE AREAS, ARMY & NAVY",,0234,0468,246 0234-0468
C288-L34,C288,C288-L22,246,"MILITARY STORAGE AREAS, ARMY & NAVY",,0234,0469,246 0234-0469
C288-L35,C288,C288-L22,275,POPULATION,,0234,9990,275 0234-9990
C288-L38,C288,C288-L36,275,POPULATION,,0234,,275 0234-
C288-L39,C288,C288-L36,352,DONBAS SUB-REGION UKRAINE REGION,RAILROAD YARDS & SHOPS- USSR,0234,0438,352 0234-0438
C288-L40,C288,C288-L36,352,DONBAS SUB-REGION UKRAINE REGION,RAILROAD YARDS & SHOPS- USSR,0234,0439,352 0234-0439
C288-L43,C288,C288-L41,075,COKE CHEMICALS,,0234,0183,075 0234-0183
C288-L44,C288,C288-L41,275,POPULATION,,0234,9665,275 0234-9665
C288-L47,C288,C288-L45,352,DONBAS SUB-REGION UKRAINE REGION,RAILROAD YARDS & SHOPS- USSR,0234,0440,352 0234-0440
C288-L48,C288,C288-L45,275,POPULATION,,0234,9765,275 0234-9765
C288-L50,C288,C288-L49,376,WEST SUB-REGION UKRAINE REGION,RAILROAD YARDS & SHOPS- USSR,0234,0369,376 0234-0369
C289-L03,C289,C288-L49,275,POPULATION,,0234,9828,275 0234-9828
C289-L06,C289,C289-L04,227,"LIQUID FUELS, STORAGE NON-REFINERY",,0234,,227 0234-
C289-L07,C289,C289-L04,275,POPULATION,,0234,9841,275 0234-9841
C289-L10,C289,C289-L08,445,SULFURIC ACID,,0167,0002,445 0167-0002
C289-L11,C289,C289-L08,356,MOSCOW SUB-REGION CENTRAL IND REGION,RAILROAD YARDS & SHOPS- USSR,0167,0817,356 0167-0817
C289-L12,C289,C289-L08,275,POPULATION,,0167,9962,275 0167-9962
C289-L17,C289,C289-L15,243,MILITARY SCHOOLS,,0155,,243 0155-
C289-L18,C289,C289-L15,095,EARTH MOVING EQUIPMENT,,0155,0005,095 0155-0005
C289-L19,C289,C289-L15,212,"GUNS, MAJOR CALIBER",,0155,0005,212 0155-0005
C289-L20,C289,C289-L15,430,STEEL,,0155,0005,430 0155-0005
C289-L21,C289,C289-L15,160,URALS REGION,ELECTRIC POWER - OUTSIDE GRIDS,0155,0014,160 0155-0014
C289-L22,C289,C289-L15,160,URALS REGION,ELECTRIC POWER - OUTSIDE GRIDS,0155,0023,160 0155-0023
C289-L23,C289,C289-L15,275,POPULATION,,0155,9993,275 0155-9993
C289-L25,C289,C289-L24,275,POPULATION,,0231,,275 0231-
C289-L26,C289,C289-L24,188,CZECHOSLOVAKIA,ELECTRIC POWER - SATELLITES,0231,0452,188 0231-0452
C289-L30,C289,C289-L27,023,AMMUNITION,,0232,0359,023 0232-0359
C289-L31,C289,C289-L27,214,"GUNS, SMALL ARMS",,0232,0359,214 0232-0359
C289-L32,C289,C289-L27,200,ELECTRIC WIRE & CABLE,,0232,1516,200 0232-1516
C289-L33,C289,C289-L27,275,POPULATION,,0232,9669,275 0232-9669
C289-L36,C289,C289-L34,227,"LIQUID FUELS, STORAGE NON-REFINERY",,0232,0638,227 0232-0638
C289-L37,C289,C289-L34,275,POPULATION,,0232,9709,275 0232-9709
C289-L40,C289,C289-L38,202,ELECTRON TUBES,,0232,0737,202 0232-0737
C289-L41,C289,C289-L38,275,POPULATION,,0232,9677,275 0232-9677
C289-L43,C289,C289-L42,430,STEEL,,0103,0214,430 0103-0214
C289-L44,C289,C289-L42,275,POPULATION,,0103,9926,275 0103-9926
C290-L06,C290,C290-L04,227,"LIQUID FUELS, STORAGE NON-REFINERY",,0167,,227 0167-
C290-L07,C290,C290-L04,227,"LIQUID FUELS, STORAGE NON-REFINERY",,0167,,227 0167-
C290-L08,C290,C290-L04,374,WEST SUB-REGION CENTRAL IND REGION,RAILROAD YARDS & SHOPS- USSR,0167,0802,374 0167-0802
C290-L09,C290,C290-L04,275,POPULATION,,0167,9612,275 0167-9612
C290-L12,C290,C290-L10,227,"LIQUID FUELS, STORAGE NON-REFINERY",,0154,,227 0154-
C290-L13,C290,C290-L10,275,POPULATION,,0154,9625,275 0154-9625
C290-L15,C290,C290-L14,227,"LIQUID FUELS, STORAGE NON-REFINERY",,0103,,227 0103-
C290-L16,C290,C290-L14,280,"PORTS, MARITIME",,0103,0050,280 0103-0050
C290-L17,C290,C290-L14,056,"BRIDGES, HWY",,0103,0128,056 0103-0128
C290-L18,C290,C290-L14,290,RAILROAD BRIDGES,,0103,0128,290 0103-0128
C290-L19,C290,C290-L14,290,RAILROAD BRIDGES,,0103,0189,290 0103-0189
C290-L20,C290,C290-L14,275,POPULATION,,0103,9998,275 0103-9998
C290-L22,C290,C290-L21,280,"PORTS, MARITIME",,0103,0156,280 0103-0156
C290-L23,C290,C290-L21,275,POPULATION,,0103,9935,275 0103-9935
C290-L25,C290,C290-L24,280,"PORTS, MARITIME",,0103,0048,280 0103-0048
C290-L26,C290,C290-L24,275,POPULATION,,0103,9934,275 0103-9934
C290-L28,C290,C290-L27,270,PIG IRON,,0166,0008,270 0166-0008
C290-L29,C290,C290-L27,430,STEEL,,0166,0008,430 0166-0008
C290-L30,C290,C290-L27,275,POPULATION,,0166,9977,275 0166-9977
C290-L32,C290,C290-L31,227,"LIQUID FUELS, STORAGE NON-REFINERY",,0154,,227 0154-
C290-L33,C290,C290-L31,275,POPULATION,,0154,9741,275 0154-9741
C290-L35,C290,C290-L34,248,MILITARY TROOP INSTALLATIONS,,0232,1262,248 0232-1262
C290-L36,C290,C290-L34,275,POPULATION,,0232,9532,275 0232-9532
C290-L38,C290,C290-L37,275,POPULATION,,0232,,275 0232-
C290-L39,C290,C290-L37,248,MILITARY TROOP INSTALLATIONS,,0232,1235,248 0232-1235
C290-L41,C290,C290-L40,227,"LIQUID FUELS, STORAGE NON-REFINERY",,0102,,227 0102-
C290-L42,C290,C290-L40,275,POPULATION,,0102,9938,275 0102-9938
C291-L06,C291,C290-L43,075,COKE CHEMICALS,,0232,0104,075 0232-0104
C291-L07,C291,C290-L43,075,COKE CHEMICALS,,0232,0105,075 0232-0105
C291-L08,C291,C290-L43,075,COKE CHEMICALS,,0232,0106,075 0232-0106
C291-L09,C291,C290-L43,075,COKE CHEMICALS,,0232,0107,075 0232-0107
C291-L10,C291,C290-L43,250,MINING MACHINERY,,0232,0112,250 0232-0112
C291-L11,C291,C290-L43,196,POLAND,ELECTRIC POWER - SATELLITES,0232,0389,196 0232-0389
C291-L12,C291,C290-L43,196,POLAND,ELECTRIC POWER - SATELLITES,0232,0613,196 0232-0613
C291-L13,C291,C290-L43,196,POLAND,ELECTRIC POWER - SATELLITES,0232,0614,196 0232-0614
C291-L14,C291,C290-L43,392,POLAND,RAILROAD YARDS & SHOPS- SATELLITES,0232,0934,392 0232-0934
C291-L15,C291,C290-L43,445,SULFURIC ACID,,0232,0974,445 0232-0974
C291-L16,C291,C290-L43,275,POPULATION,,0232,9958,275 0232-9958
C291-L19,C291,C291-L17,285,RADIO & TELEVISION,,0232,0565,285 0232-0565
C291-L20,C291,C291-L17,275,POPULATION,,0232,9625,275 0232-9625
C291-L23,C291,C291-L21,196,POLAND,ELECTRIC POWER - SATELLITES,0232,0610,196 0232-0610
C291-L24,C291,C291-L21,275,POPULATION,,0232,9623,275 0232-9623
C291-L27,C291,C291-L25,285,RADIO & TELEVISION,,0232,0350,285 0232-0350
C291-L28,C291,C291-L25,275,POPULATION,,0232,9646,275 0232-9646
C291-L31,C291,C291-L29,400,"RUBBER, SYNTHETIC",,0232,0939,400 0232-0939
C291-L32,C291,C291-L29,445,SULFURIC ACID,,0232,0939,445 0232-0939
C291-L33,C291,C291-L29,275,POPULATION,,0232,9736,275 0232-9736
C291-L37,C291,C291-L34,240,"MILITARY CONTROLS, AIR FORCE",,0232,,240 0232-
C291-L38,C291,C291-L34,264,OPTICAL EQUIPMENT,,0232,0475,264 0232-0475
C291-L39,C291,C291-L34,268,"PERISCOPES, SUBMARINE",,0232,0475,268 0232-0475
C291-L40,C291,C291-L34,250,MINING MACHINERY,,0232,0789,250 0232-0789
C291-L41,C291,C291-L34,248,MILITARY TROOP INSTALLATIONS,,0232,1301,248 0232-1301
C291-L42,C291,C291-L34,245,"MILITARY STORAGE AREAS, AIR FORCE",,0232,1545,245 0232-1545
C291-L43,C291,C291-L34,275,POPULATION,,0232,9825,275 0232-9825
C291-L46,C291,C291-L44,281,"PORTS, INLAND",,0494,0020,281 0494-0020
C291-L47,C291,C291-L44,275,POPULATION,,0494,9976,275 0494-9976
C291-L49,C291,C291-L48,245,"MILITARY STORAGE AREAS, AIR FORCE",,0169,1569,245 0169-1569
C291-L50,C291,C291-L48,275,POPULATION,,0169,9851,275 0169-9851
C292-L04,C292,C292-L03,290,RAILROAD BRIDGES,,0232,0662,290 0232-0662
C292-L05,C292,C292-L03,230,MACHINE TOOLS,,0232,1022,230 0232-1022
C292-L06,C292,C292-L03,275,POPULATION,,0232,9590,275 0232-9590
C292-L13,C292,C292-L07,240,"MILITARY CONTROLS, AIR FORCE",,0169,,240 0169-
C292-L14,C292,C292-L07,392,POLAND,RAILROAD YARDS & SHOPS- SATELLITES,0168,0112,392 0168-0112
C292-L15,C292,C292-L07,285,RADIO & TELEVISION,,0168,0116,285 0168-0116
C292-L16,C292,C292-L07,336,POLAND,RAILROAD EQUIP REPAIR PLANTS-SATTELITES,0169,0130,336 0169-0130
C292-L17,C292,C292-L07,392,POLAND,RAILROAD YARDS & SHOPS- SATELLITES,0169,0132,392 0169-0132
C292-L18,C292,C292-L07,392,POLAND,RAILROAD YARDS & SHOPS- SATELLITES,0169,0134,392 0169-0134
C292-L19,C292,C292-L07,196,POLAND,ELECTRIC POWER - SATELLITES,0168,0150,196 0168-0150
C292-L20,C292,C292-L07,392,POLAND,RAILROAD YARDS & SHOPS- SATELLITES,0168,0156,392 0168-0156
C292-L21,C292,C292-L07,392,POLAND,RAILROAD YARDS & SHOPS- SATELLITES,0168,0157,392 0168-0157
C292-L22,C292,C292-L07,392,POLAND,RAILROAD YARDS & SHOPS- SATELLITES,0168,0158,392 0168-0158
C292-L23,C292,C292-L07,392,POLAND,RAILROAD YARDS & SHOPS- SATELLITES,0168,0159,392 0168-0159
C292-L24,C292,C292-L07,281,"PORTS, INLAND",,0168,0160,281 0168-0160
C292-L25,C292,C292-L07,246,"MILITARY STORAGE AREAS, ARMY & NAVY",,0168,0201,246 0168-0201
C292-L26,C292,C292-L07,266,PENICILLIN,,0168,0221,266 0168-0221
C292-L27,C292,C292-L07,336,POLAND,RAILROAD EQUIP REPAIR PLANTS-SATTELITES,0168,0266,336 0168-0266
C292-L28,C292,C292-L07,252,MOTOR VEHICLES,,0168,0267,252 0168-0267
C292-L29,C292,C292-L07,264,OPTICAL EQUIPMENT,,0168,0268,264 0168-0268
C292-L30,C292,C292-L07,246,"MILITARY STORAGE AREAS, ARMY & NAVY",,0168,0283,246 0168-0283
C292-L31,C292,C292-L07,248,MILITARY TROOP INSTALLATIONS,,0168,0284,248 0168-0284
C292-L32,C292,C292-L07,246,"MILITARY STORAGE AREAS, ARMY & NAVY",,0168,0285,246 0168-0285
C292-L33,C292,C292-L07,248,MILITARY TROOP INSTALLATIONS,,0168,0286,248 0168-0286
C292-L34,C292,C292-L07,246,"MILITARY STORAGE AREAS, ARMY & NAVY",,0168,0338,246 0168-0338
C292-L35,C292,C292-L07,246,"MILITARY STORAGE AREAS, ARMY & NAVY",,0168,0339,246 0168-0339
C292-L36,C292,C292-L07,196,POLAND,ELECTRIC POWER - SATELLITES,0169,0488,196 0169-0488
C292-L37,C292,C292-L07,268,"PERISCOPES, SUBMARINE",,0169,0590,268 0169-0590
C292-L38,C292,C292-L07,208,GOVERNMENT CONTROL CENTERS,,0169,0592,208 0169-0592
C292-L39,C292,C292-L07,246,"MILITARY STORAGE AREAS, ARMY & NAVY",,0169,0595,246 0169-0595
C292-L40,C292,C292-L07,214,"GUNS, SMALL ARMS",,0169,0596,214 0169-0596
C292-L41,C292,C292-L07,392,POLAND,RAILROAD YARDS & SHOPS- SATELLITES,0169,0603,392 0169-0603
C292-L42,C292,C292-L07,196,POLAND,ELECTRIC POWER - SATELLITES,0169,0975,196 0169-0975
C292-L43,C292,C292-L07,202,ELECTRON TUBES,,0169,1045,202 0169-1045
C292-L44,C292,C292-L07,285,RADIO & TELEVISION,,0169,1046,285 0169-1046
C292-L45,C292,C292-L07,281,"PORTS, INLAND",,0169,1047,281 0169-1047
C292-L46,C292,C292-L07,246,"MILITARY STORAGE AREAS, ARMY & NAVY",,0169,1115,246 0169-1115
C292-L47,C292,C292-L07,246,"MILITARY STORAGE AREAS, ARMY & NAVY",,0169,1116,246 0169-1116
C292-L48,C292,C292-L07,023,AMMUNITION,,0169,1129,023 0169-1129
C292-L49,C292,C292-L07,227,"LIQUID FUELS, STORAGE NON-REFINERY",,0169,1134,227 0169-1134
C292-L50,C292,C292-L07,241,"MILITARY HQS, ARMY",,0169,1239,241 0169-1239
C292-L51,C292,C292-L07,275,POPULATION,,0169,9989,275 0169-9989
C293-L02,C293,C292-L52,200,ELECTRIC WIRE & CABLE,,0169,0665,200 0169-0665
C293-L03,C293,C292-L52,275,POPULATION,,0169,9896,275 0169-9896
C293-L06,C293,C293-L04,475,TRACTORS,,0169,0585,475 0169-0585
C293-L07,C293,C293-L04,050,"BATTERIES, LEAD ACID",,0169,0625,050 0169-0625
C293-L08,C293,C293-L04,275,POPULATION,,0169,9901,275 0169-9901
C293-L11,C293,C293-L09,230,MACHINE TOOLS,,0169,0046,230 0169-0046
C293-L12,C293,C293-L09,196,POLAND,ELECTRIC POWER - SATELLITES,0169,0336,196 0169-0336
C293-L13,C293,C293-L09,336,POLAND,RAILROAD EQUIP REPAIR PLANTS-SATTELITES,0169,0976,336 0169-0976
C293-L14,C293,C293-L09,275,POPULATION,,0169,9873,275 0169-9873
C293-L16,C293,C293-L15,227,"LIQUID FUELS, STORAGE NON-REFINERY",,0170,,227 0170-
C293-L17,C293,C293-L15,415,SHIPBUILDING,,0170,0027,415 0170-0027
C293-L18,C293,C293-L15,420,SHIP REPAIR,,0170,0027,420 0170-0027
C293-L19,C293,C293-L15,023,AMMUNITION,,0170,0107,023 0170-0107
C293-L20,C293,C293-L15,280,"PORTS, MARITIME",,0170,0500,280 0170-0500
C293-L21,C293,C293-L15,248,MILITARY TROOP INSTALLATIONS,,0170,1093,248 0170-1093
C293-L22,C293,C293-L15,248,MILITARY TROOP INSTALLATIONS,,0170,1094,248 0170-1094
C293-L23,C293,C293-L15,275,POPULATION,,0170,9998,275 0170-9998
C293-L25,C293,C293-L24,275,POPULATION,,0170,,275 0170-
C293-L26,C293,C293-L24,388,EAST GERMANY,RAILROAD YARDS & SHOPS- SATELLITES,0170,0959,388 0170-0959
C293-L28,C293,C293-L27,248,MILITARY TROOP INSTALLATIONS,,0170,0908,248 0170-0908
C293-L29,C293,C293-L27,275,POPULATION,,0170,9807,275 0170-9807
C293-L31,C293,C293-L30,056,"BRIDGES, HWY",,0170,0148,056 0170-0148
C293-L32,C293,C293-L30,290,RAILROAD BRIDGES,,0170,0148,290 0170-0148
C293-L33,C293,C293-L30,334,EAST GERMANY,RAILROAD EQUIP REPAIR PLANTS-SATTELITES,0170,0635,334 0170-0635
C293-L34,C293,C293-L30,388,EAST GERMANY,RAILROAD YARDS & SHOPS- SATELLITES,0170,0867,388 0170-0867
C293-L35,C293,C293-L30,275,POPULATION,,0170,9927,275 0170-9927
C293-L37,C293,C293-L36,275,POPULATION,,0170,,275 0170-
C293-L38,C293,C293-L36,246,"MILITARY STORAGE AREAS, ARMY & NAVY",,0170,1101,246 0170-1101
C293-L39,C293,C293-L36,248,MILITARY TROOP INSTALLATIONS,,0170,1102,248 0170-1102
C293-L41,C293,C293-L40,248,MILITARY TROOP INSTALLATIONS,,0169,0968,248 0169-0968
C293-L42,C293,C293-L40,248,MILITARY TROOP INSTALLATIONS,,0169,0969,248 0169-0969
C293-L43,C293,C293-L40,275,POPULATION,,0169,9817,275 0169-9817
C293-L45,C293,C293-L44,056,"BRIDGES, HWY",,0169,0015,056 0169-0015
C293-L46,C293,C293-L44,196,POLAND,ELECTRIC POWER - SATELLITES,0169,0489,196 0169-0489
C294-L04,C294,C293-L44,275,POPULATION,,0169,9933,275 0169-9933
C294-L06,C294,C294-L05,280,"PORTS, MARITIME",,0380,0038,280 0380-0038
C294-L07,C294,C294-L05,354,EAST SIBERIAN & FAR EASTERN REGION,RAILROAD YARDS & SHOPS- USSR,0380,0239,354 0380-0239
C294-L08,C294,C294-L05,208,GOVERNMENT CONTROL CENTERS,,0380,0255,208 0380-0255
C294-L09,C294,C294-L05,275,POPULATION,,0380,9999,275 0380-9999
C294-L11,C294,C294-L10,246,"MILITARY STORAGE AREAS, ARMY & NAVY",,0380,,246 0380-
C294-L12,C294,C294-L10,216,"LEAD, REFINED",,0380,0271,216 0380-0271
C294-L13,C294,C294-L10,275,POPULATION,,0380,9932,275 0380-9932
C294-L16,C294,C294-L14,186,CHINA-OUTSIDE GRIDS,ELECTRIC POWER - SATELLITES,0492,0120,186 0492-0120
C294-L17,C294,C294-L14,292,RAILROAD FREIGHT CARS,,0492,0141,292 0492-0141
C294-L18,C294,C294-L14,332,CHINA,RAILROAD EQUIP REPAIR PLANTS-SATTELITES,0492,0141,332 0492-0141
C294-L19,C294,C294-L14,230,MACHINE TOOLS,,0492,0153,230 0492-0153
C294-L20,C294,C294-L14,275,POPULATION,,0492,9996,275 0492-9996
C294-L23,C294,C294-L21,208,GOVERNMENT CONTROL CENTERS,,0492,0175,208 0492-0175
C294-L24,C294,C294-L21,275,POPULATION,,0492,9985,275 0492-9985
C294-L26,C294,C294-L25,281,"PORTS, INLAND",,0615,0018,281 0615-0018
C294-L27,C294,C294-L25,275,POPULATION,,0615,9985,275 0615-9985
C294-L30,C294,C294-L28,243,MILITARY SCHOOLS,,0492,,243 0492-
C294-L31,C294,C294-L28,186,CHINA-OUTSIDE GRIDS,ELECTRIC POWER - SATELLITES,0492,0178,186 0492-0178
C294-L32,C294,C294-L28,281,"PORTS, INLAND",,0492,0184,281 0492-0184
C294-L33,C294,C294-L28,275,POPULATION,,0492,9988,275 0492-9988
C294-L36,C294,C294-L34,280,"PORTS, MARITIME",,0493,0094,280 0493-0094
C294-L37,C294,C294-L34,275,POPULATION,,0493,9981,275 0493-9981
C294-L40,C294,C294-L38,275,POPULATION,,0615,,275 0615-
C294-L41,C294,C294-L38,245,"MILITARY STORAGE AREAS, AIR FORCE",,0615,0030,245 0615-0030
C295-L02,C295,C294-L42,275,POPULATION,,0203,,275 0203-
C295-L03,C295,C294-L42,281,"PORTS, INLAND",,0203,0093,281 0203-0093
C295-L06,C295,C295-L04,208,GOVERNMENT CONTROL CENTERS,,0495,0016,208 0495-0016
C295-L07,C295,C295-L04,275,POPULATION,,0495,9985,275 0495-9985
C295-L09,C295,C295-L08,281,"PORTS, INLAND",,0124,0008,281 0124-0008
C295-L10,C295,C295-L08,275,POPULATION,,0124,9999,275 0124-9999
C295-L13,C295,C295-L11,227,"LIQUID FUELS, STORAGE NON-REFINERY",,0250,0211,227 0250-0211
C295-L14,C295,C295-L11,280,"PORTS, MARITIME",,0250,0306,280 0250-0306
C295-L15,C295,C295-L11,275,POPULATION,,0250,9936,275 0250-9936
C295-L18,C295,C295-L16,382,BULGARIA,RAILROAD YARDS & SHOPS- SATELLITES,0322,,382 0322-
C295-L19,C295,C295-L16,248,MILITARY TROOP INSTALLATIONS,,0322,0507,248 0322-0507
C295-L20,C295,C295-L16,245,"MILITARY STORAGE AREAS, AIR FORCE",,0322,0574,245 0322-0574
C295-L21,C295,C295-L16,275,POPULATION,,0322,9944,275 0322-9944
C295-L24,C295,C295-L22,241,"MILITARY HQS, ARMY",,0322,,241 0322-
C295-L25,C295,C295-L22,275,POPULATION,,0322,,275 0322-
C295-L26,C295,C295-L22,382,BULGARIA,RAILROAD YARDS & SHOPS- SATELLITES,0322,0412,382 0322-0412
C295-L27,C295,C295-L22,246,"MILITARY STORAGE AREAS, ARMY & NAVY",,0322,0516,246 0322-0516
C295-L30,C295,C295-L28,382,BULGARIA,RAILROAD YARDS & SHOPS- SATELLITES,0322,0413,382 0322-0413
C295-L31,C295,C295-L28,275,POPULATION,,0322,9731,275 0322-9731
C295-L34,C295,C295-L32,227,"LIQUID FUELS, STORAGE NON-REFINERY",,0155,,227 0155-
C295-L35,C295,C295-L32,366,URALS REGION,RAILROAD YARDS & SHOPS- USSR,0155,0124,366 0155-0124
C295-L36,C295,C295-L32,275,POPULATION,,0155,9888,275 0155-9888
C295-L38,C295,C295-L37,104,CENTRAL ASIA,ELECTRIC POWER - MAJOR GRIDS,0328,0159,104 0328-0159
C295-L39,C295,C295-L37,104,CENTRAL ASIA,ELECTRIC POWER - MAJOR GRIDS,0328,0180,104 0328-0180
C295-L40,C295,C295-L37,275,POPULATION,,0328,9909,275 0328-9909
C296-L02,C296,C295-L41,275,POPULATION,,0051,,275 0051-
C296-L03,C296,C295-L41,114,MURMANSK,ELECTRIC POWER - MAJOR GRIDS,0051,0004,114 0051-0004
C296-L10,C296,C296-L04,243,MILITARY SCHOOLS,,0154,,243 0154-
C296-L11,C296,C296-L04,252,MOTOR VEHICLES,,0154,0004,252 0154-0004
C296-L12,C296,C296-L04,400,"RUBBER, SYNTHETIC",,0154,0008,400 0154-0008
C296-L13,C296,C296-L04,405,RUBBER TIRES,,0154,0008,405 0154-0008
C296-L14,C296,C296-L04,112,MOSCOW-GORKIY,ELECTRIC POWER - MAJOR GRIDS,0154,0010,112 0154-0010
C296-L15,C296,C296-L04,312,NORTHEAST SUB-REGION CENTRAL IND REG,RAILROAD EQUIPMENT REPAIR PLANTS-USSR,0154,0044,312 0154-0044
C296-L16,C296,C296-L04,312,NORTHEAST SUB-REGION CENTRAL IND REG,RAILROAD EQUIPMENT REPAIR PLANTS-USSR,0154,0046,312 0154-0046
C296-L17,C296,C296-L04,227,"LIQUID FUELS, STORAGE NON-REFINERY",,0154,0074,227 0154-0074
C296-L18,C296,C296-L04,360,NORTHEAST SUB-REGION CENTRAL IND REG,RAILROAD YARDS & SHOPS- USSR,0154,0078,360 0154-0078
C296-L19,C296,C296-L04,227,"LIQUID FUELS, STORAGE NON-REFINERY",,0154,0090,227 0154-0090
C296-L20,C296,C296-L04,360,NORTHEAST SUB-REGION CENTRAL IND REG,RAILROAD YARDS & SHOPS- USSR,0154,0143,360 0154-0143
C296-L21,C296,C296-L04,290,RAILROAD BRIDGES,,0154,0158,290 0154-0158
C296-L22,C296,C296-L04,360,NORTHEAST SUB-REGION CENTRAL IND REG,RAILROAD YARDS & SHOPS- USSR,0154,0261,360 0154-0261
C296-L23,C296,C296-L04,281,"PORTS, INLAND",,0154,0270,281 0154-0270
C296-L24,C296,C296-L04,246,"MILITARY STORAGE AREAS, ARMY & NAVY",,0154,0271,246 0154-0271
C296-L25,C296,C296-L04,290,RAILROAD BRIDGES,,0154,0313,290 0154-0313
C296-L26,C296,C296-L04,112,MOSCOW-GORKIY,ELECTRIC POWER - MAJOR GRIDS,0154,0331,112 0154-0331
C296-L27,C296,C296-L04,281,"PORTS, INLAND",,0154,0350,281 0154-0350
C296-L28,C296,C296-L04,281,"PORTS, INLAND",,0154,0371,281 0154-0371
C296-L29,C296,C296-L04,208,GOVERNMENT CONTROL CENTERS,,0154,0390,208 0154-0390
C296-L30,C296,C296-L04,246,"MILITARY STORAGE AREAS, ARMY & NAVY",,0154,0447,246 0154-0447
C296-L31,C296,C296-L04,246,"MILITARY STORAGE AREAS, ARMY & NAVY",,0154,0448,246 0154-0448
C296-L32,C296,C296-L04,275,POPULATION,,0154,9994,275 0154-9994
C296-L35,C296,C296-L33,224,"LIQUID FUEL PLANTS, CRUDE",,0154,0037,224 0154-0037
C296-L36,C296,C296-L33,226,"LIQUID FUELS, STORAGE AT REFINERIES",,0154,0037,226 0154-0037
C296-L37,C296,C296-L33,275,POPULATION,,0154,9980,275 0154-9980
C296-L39,C296,C296-L38,227,"LIQUID FUELS, STORAGE NON-REFINERY",,0154,,227 0154-
C296-L40,C296,C296-L38,275,POPULATION,,0154,9694,275 0154-9694
C296-L43,C296,C296-L41,120,CENTRAL INDUSTRIAL REGION,ELECTRIC POWER - OUTSIDE GRIDS,0167,0068,120 0167-0068
C296-L44,C296,C296-L41,400,"RUBBER, SYNTHETIC",,0167,0163,400 0167-0163
C296-L45,C296,C296-L41,362,SOUTHERN SUB-REGION CENTRAL IND REG,RAILROAD YARDS & SHOPS- USSR,0167,0168,362 0167-0168
C296-L46,C296,C296-L41,275,POPULATION,,0167,9988,275 0167-9988
C297-L03,C297,C296-L47,230,MACHINE TOOLS,,0166,0056,230 0166-0056
C297-L04,C297,C296-L47,275,POPULATION,,0166,9976,275 0166-9976
C297-L07,C297,C297-L05,362,SOUTHERN SUB-REGION CENTRAL IND REG,RAILROAD YARDS & SHOPS- USSR,0167,0170,362 0167-0170
C297-L08,C297,C297-L05,275,POPULATION,,0167,9989,275 0167-9989
C297-L10,C297,C297-L09,227,"LIQUID FUELS, STORAGE NON-REFINERY",,0153,,227 0153-
C297-L11,C297,C297-L09,246,"MILITARY STORAGE AREAS, ARMY & NAVY",,0153,0629,246 0153-0629
C297-L12,C297,C297-L09,246,"MILITARY STORAGE AREAS, ARMY & NAVY",,0153,0630,246 0153-0630
C297-L13,C297,C297-L09,275,POPULATION,,0153,9913,275 0153-9913
C297-L16,C297,C297-L14,290,RAILROAD BRIDGES,,0290,0175,290 0290-0175
C297-L17,C297,C297-L14,246,"MILITARY STORAGE AREAS, ARMY & NAVY",,0290,0307,246 0290-0307
C297-L18,C297,C297-L14,275,POPULATION,,0290,9928,275 0290-9928
C297-L21,C297,C297-L19,186,CHINA-OUTSIDE GRIDS,ELECTRIC POWER - SATELLITES,0290,0102,186 0290-0102
C297-L22,C297,C297-L19,275,POPULATION,,0290,9891,275 0290-9891
C297-L24,C297,C297-L23,384,CHINA,RAILROAD YARDS & SHOPS- SATELLITES,0290,0099,384 0290-0099
C297-L25,C297,C297-L23,056,"BRIDGES, HWY",,0290,0157,056 0290-0157
C297-L26,C297,C297-L23,290,RAILROAD BRIDGES,,0290,0157,290 0290-0157
C297-L27,C297,C297-L23,062,CAUSTIC SODA,,0290,0366,062 0290-0366
C297-L28,C297,C297-L23,068,CHLORINE,,0290,0366,068 0290-0366
C297-L29,C297,C297-L23,275,POPULATION,,0290,9909,275 0290-9909
C297-L31,C297,C297-L30,275,POPULATION,,0238,,275 0238-
C297-L32,C297,C297-L30,372,WEST SIBERIAN REGION,RAILROAD YARDS & SHOPS- USSR,0238,0040,372 0238-0040
C297-L38,C297,C297-L33,227,"LIQUID FUELS, STORAGE NON-REFINERY",,0325,,227 0325-
C297-L39,C297,C297-L33,240,"MILITARY CONTROLS, AIR FORCE",,0325,,240 0325-
C297-L40,C297,C297-L33,241,"MILITARY HQS, ARMY",,0325,,241 0325-
C297-L41,C297,C297-L33,020,ALUMINA,,0325,0013,020 0325-0013
C297-L42,C297,C297-L33,021,ALUMINUM,,0325,0013,021 0325-0013
C297-L43,C297,C297-L33,060,CALCIUM CARBIDE,,0325,0021,060 0325-0021
C297-L44,C297,C297-L33,062,CAUSTIC SODA,,0325,0021,062 0325-0021
C298-L02,C298,C297-L33,068,CHLORINE,,0325,0021,068 0325-0021
C298-L03,C298,C297-L33,400,"RUBBER, SYNTHETIC",,0325,0021,400 0325-0021
C298-L04,C298,C297-L33,405,RUBBER TIRES,,0325,0021,405 0325-0021
C298-L05,C298,C297-L33,200,ELECTRIC WIRE & CABLE,,0325,0030,200 0325-0030
C298-L06,C298,C297-L33,206,"GENERATORS, HEAVY",,0325,0041,206 0325-0041
C298-L07,C298,C297-L33,480,"TRANSFORMERS, HEAVY",,0325,0041,480 0325-0041
C298-L08,C298,C297-L33,116,TRANS-CAUCASUS,ELECTRIC POWER - MAJOR GRIDS,0325,0143,116 0325-0143
C298-L09,C298,C297-L33,230,MACHINE TOOLS,,0325,0177,230 0325-0177
C298-L10,C298,C297-L33,350,CAUCASUS REGION,RAILROAD YARDS & SHOPS- USSR,0325,0240,350 0325-0240
C298-L11,C298,C297-L33,227,"LIQUID FUELS, STORAGE NON-REFINERY",,0325,0282,227 0325-0282
C298-L12,C298,C297-L33,227,"LIQUID FUELS, STORAGE NON-REFINERY",,0325,0283,227 0325-0283
C298-L13,C298,C297-L33,208,GOVERNMENT CONTROL CENTERS,,0325,0377,208 0325-0377
C298-L14,C298,C297-L33,248,MILITARY TROOP INSTALLATIONS,,0325,0406,248 0325-0406
C298-L15,C298,C297-L33,275,POPULATION,,0325,9995,275 0325-9995
C298-L18,C298,C298-L16,275,POPULATION,,0325,,275 0325-
C298-L19,C298,C298-L16,116,TRANS-CAUCASUS,ELECTRIC POWER - MAJOR GRIDS,0325,0222,116 0325-0222
C298-L22,C298,C298-L20,354,EAST SIBERIAN & FAR EASTERN REGION,RAILROAD YARDS & SHOPS- USSR,0198,0014,354 0198-0014
C298-L23,C298,C298-L20,275,POPULATION,,0198,9982,275 0198-9982
C298-L26,C298,C298-L24,368,VOLGA REGION,RAILROAD YARDS & SHOPS- USSR,0235,0040,368 0235-0040
C298-L27,C298,C298-L24,275,POPULATION,,0235,9986,275 0235-9986
C298-L30,C298,C298-L28,280,"PORTS, MARITIME",,0249,0324,280 0249-0324
C298-L31,C298,C298-L28,275,POPULATION,,0249,9902,275 0249-9902
C298-L34,C298,C298-L32,248,MILITARY TROOP INSTALLATIONS,,0289,,248 0289-
C298-L35,C298,C298-L32,248,MILITARY TROOP INSTALLATIONS,,0289,,248 0289-
C298-L36,C298,C298-L32,248,MILITARY TROOP INSTALLATIONS,,0289,,248 0289-
C298-L37,C298,C298-L32,227,"LIQUID FUELS, STORAGE NON-REFINERY",,0289,0098,227 0289-0098
C298-L38,C298,C298-L32,281,"PORTS, INLAND",,0289,0105,281 0289-0105
C298-L39,C298,C298-L32,275,POPULATION,,0289,9997,275 0289-9997
C298-L41,C298,C298-L40,280,"PORTS, MARITIME",,0492,0189,280 0492-0189
C298-L42,C298,C298-L40,275,POPULATION,,0492,9990,275 0492-9990
C299-L02,C299,C298-L43,227,"LIQUID FUELS, STORAGE NON-REFINERY",,0051,,227 0051-
C299-L03,C299,C298-L43,280,"PORTS, MARITIME",,0051,0023,280 0051-0023
C299-L04,C299,C298-L43,254,NAVAL OPERATING BASES,,0051,0054,254 0051-0054
C299-L05,C299,C298-L43,227,"LIQUID FUELS, STORAGE NON-REFINERY",,0051,0057,227 0051-0057
C299-L06,C299,C298-L43,275,POPULATION,,0051,9998,275 0051-9998
C299-L08,C299,C299-L07,246,"MILITARY STORAGE AREAS, ARMY & NAVY",,0155,0128,246 0155-0128
C299-L09,C299,C299-L07,275,POPULATION,,0155,9981,275 0155-9981
C299-L11,C299,C299-L10,275,POPULATION,,0155,,275 0155-
C299-L12,C299,C299-L10,246,"MILITARY STORAGE AREAS, ARMY & NAVY",,0155,0126,246 0155-0126
C299-L14,C299,C299-L13,262,OIL EXTRACTION EQUIPMENT,,0156,0074,262 0156-0074
C299-L15,C299,C299-L13,430,STEEL,,0156,0074,430 0156-0074
C299-L16,C299,C299-L13,275,POPULATION,,0156,9956,275 0156-9956
C299-L18,C299,C299-L17,248,MILITARY TROOP INSTALLATIONS,,0618,,248 0618-
C299-L19,C299,C299-L17,254,NAVAL OPERATING BASES,,0618,0001,254 0618-0001
C299-L20,C299,C299-L17,227,"LIQUID FUELS, STORAGE NON-REFINERY",,0618,0019,227 0618-0019
C299-L21,C299,C299-L17,280,"PORTS, MARITIME",,0618,0107,280 0618-0107
C299-L22,C299,C299-L17,280,"PORTS, MARITIME",,0618,0124,280 0618-0124
C299-L23,C299,C299-L17,275,POPULATION,,0618,9999,275 0618-9999
C299-L25,C299,C299-L24,246,"MILITARY STORAGE AREAS, ARMY & NAVY",,0618,0002,246 0618-0002
C299-L26,C299,C299-L24,275,POPULATION,,0618,9997,275 0618-9997
C299-L29,C299,C299-L27,224,"LIQUID FUEL PLANTS, CRUDE",,0332,0001,224 0332-0001
C299-L30,C299,C299-L27,226,"LIQUID FUELS, STORAGE AT REFINERIES",,0332,0001,226 0332-0001
C299-L31,C299,C299-L27,275,POPULATION,,0331,9999,275 0331-9999
C299-L33,C299,C299-L32,465,TIN,,0615,0015,465 0615-0015
C299-L34,C299,C299-L32,275,POPULATION,,0615,9983,275 0615-9983
C299-L37,C299,C299-L35,212,"GUNS, MAJOR CALIBER",,0161,0081,212 0161-0081
C299-L38,C299,C299-L35,430,STEEL,,0161,0081,430 0161-0081
C299-L39,C299,C299-L35,275,POPULATION,,0161,9927,275 0161-9927
C300-L02,C300,C299-L40,227,"LIQUID FUELS, STORAGE NON-REFINERY",,0154,,227 0154-
C300-L03,C300,C299-L40,275,POPULATION,,0154,9743,275 0154-9743
C300-L06,C300,C300-L04,240,"MILITARY CONTROLS, AIR FORCE",,0281,,240 0281-
C300-L07,C300,C300-L04,241,"MILITARY HQS, ARMY",,0281,,241 0281-
C300-L08,C300,C300-L04,208,GOVERNMENT CONTROL CENTERS,,0281,0026,208 0281-0026
C300-L09,C300,C300-L04,246,"MILITARY STORAGE AREAS, ARMY & NAVY",,0281,0052,246 0281-0052
C300-L10,C300,C300-L04,246,"MILITARY STORAGE AREAS, ARMY & NAVY",,0281,0053,246 0281-0053
C300-L11,C300,C300-L04,246,"MILITARY STORAGE AREAS, ARMY & NAVY",,0281,0054,246 0281-0054
C300-L12,C300,C300-L04,306,EAST SIBERIAN & FAR EASTERN REGION,RAILROAD EQUIPMENT REPAIR PLANTS-USSR,0281,0056,306 0281-0056
C300-L13,C300,C300-L04,275,POPULATION,,0281,9999,275 0281-9999
C300-L16,C300,C300-L14,264,OPTICAL EQUIPMENT,,0154,0108,264 0154-0108
C300-L17,C300,C300-L14,268,"PERISCOPES, SUBMARINE",,0154,0108,268 0154-0108
C300-L18,C300,C300-L14,023,AMMUNITION,,0154,0136,023 0154-0136
C300-L19,C300,C300-L14,215,HIGH EXPLOSIVES,,0154,0136,215 0154-0136
C300-L20,C300,C300-L14,356,MOSCOW SUB-REGION CENTRAL IND REGION,RAILROAD YARDS & SHOPS- USSR,0154,0404,356 0154-0404
C300-L21,C300,C300-L14,275,POPULATION,,0154,9969,275 0154-9969
C300-L26,C300,C300-L24,248,MILITARY TROOP INSTALLATIONS,,0252,1001,248 0252-1001
C300-L27,C300,C300-L24,224,"LIQUID FUEL PLANTS, CRUDE",,0252,1166,224 0252-1166
C300-L28,C300,C300-L24,226,"LIQUID FUELS, STORAGE AT REFINERIES",,0252,1166,226 0252-1166
C300-L29,C300,C300-L24,275,POPULATION,,0252,9535,275 0252-9535
C300-L31,C300,C300-L30,227,"LIQUID FUELS, STORAGE NON-REFINERY",,0168,0092,227 0168-0092
C300-L32,C300,C300-L30,275,POPULATION,,0168,9846,275 0168-9846
C300-L34,C300,C300-L33,248,MILITARY TROOP INSTALLATIONS,,0232,1300,248 0232-1300
C300-L35,C300,C300-L33,243,MILITARY SCHOOLS,,0232,1546,243 0232-1546
C300-L36,C300,C300-L33,275,POPULATION,,0232,9817,275 0232-9817
C300-L41,C300,C300-L37,227,"LIQUID FUELS, STORAGE NON-REFINERY",,0249,,227 0249-
C300-L42,C300,C300-L37,020,ALUMINA,,0249,0002,020 0249-0002
C301-L02,C301,C300-L37,021,ALUMINUM,,0249,0002,021 0249-0002
C301-L03,C301,C300-L37,232,MAGNESIUM,,0249,0002,232 0249-0002
C301-L04,C301,C300-L37,060,CALCIUM CARBIDE,,0249,0009,060 0249-0009
C301-L05,C301,C300-L37,075,COKE CHEMICALS,,0249,0009,075 0249-0009
C301-L06,C301,C300-L37,204,FERRO-ALLOYS,,0249,0009,204 0249-0009
C301-L07,C301,C300-L37,270,PIG IRON,,0249,0009,270 0249-0009
C301-L08,C301,C300-L37,430,STEEL,,0249,0009,430 0249-0009
C301-L09,C301,C300-L37,304,DONBAS SUB-REGION UKRAINE REGION,RAILROAD EQUIPMENT REPAIR PLANTS-USSR,0249,0018,304 0249-0018
C301-L10,C301,C300-L37,010,AGRICULTURAL EQUIPMENT,,0249,0036,010 0249-0036
C301-L11,C301,C300-L37,015,AIRCRAFT ENGINES,,0249,0044,015 0249-0044
C301-L12,C301,C300-L37,106,DNEPR-DONETS,ELECTRIC POWER - MAJOR GRIDS,0249,0056,106 0249-0056
C301-L13,C301,C300-L37,352,DONBAS SUB-REGION UKRAINE REGION,RAILROAD YARDS & SHOPS- USSR,0249,0060,352 0249-0060
C301-L14,C301,C300-L37,352,DONBAS SUB-REGION UKRAINE REGION,RAILROAD YARDS & SHOPS- USSR,0249,0061,352 0249-0061
C301-L15,C301,C300-L37,005,"ABRASIVES, BONDED",,0249,0118,005 0249-0118
C301-L16,C301,C300-L37,006,"ABRASIVES, CRUDE",,0249,0118,006 0249-0118
C301-L17,C301,C300-L37,060,CALCIUM CARBIDE,,0249,0172,060 0249-0172
C301-L18,C301,C300-L37,290,RAILROAD BRIDGES,,0249,0182,290 0249-0182
C301-L19,C301,C300-L37,056,"BRIDGES, HWY",,0249,0183,056 0249-0183
C301-L20,C301,C300-L37,290,RAILROAD BRIDGES,,0249,0183,290 0249-0183
C301-L21,C301,C300-L37,281,"PORTS, INLAND",,0249,0190,281 0249-0190
C301-L22,C301,C300-L37,281,"PORTS, INLAND",,0249,0191,281 0249-0191
C301-L23,C301,C300-L37,228,LOCKS & DAMS,,0249,0199,228 0249-0199
C301-L24,C301,C300-L37,304,DONBAS SUB-REGION UKRAINE REGION,RAILROAD EQUIPMENT REPAIR PLANTS-USSR,0249,0207,304 0249-0207
C301-L25,C301,C300-L37,106,DNEPR-DONETS,ELECTRIC POWER - MAJOR GRIDS,0249,0222,106 0249-0222
C301-L26,C301,C300-L37,352,DONBAS SUB-REGION UKRAINE REGION,RAILROAD YARDS & SHOPS- USSR,0249,0295,352 0249-0295
C301-L27,C301,C300-L37,208,GOVERNMENT CONTROL CENTERS,,0249,0306,208 0249-0306
C301-L28,C301,C300-L37,480,"TRANSFORMERS, HEAVY",,0249,0331,480 0249-0331
C301-L29,C301,C300-L37,248,MILITARY TROOP INSTALLATIONS,,0249,0338,248 0249-0338
C301-L30,C301,C300-L37,246,"MILITARY STORAGE AREAS, ARMY & NAVY",,0249,0339,246 0249-0339
C301-L31,C301,C300-L37,248,MILITARY TROOP INSTALLATIONS,,0249,0340,248 0249-0340
C301-L32,C301,C300-L37,246,"MILITARY STORAGE AREAS, ARMY & NAVY",,0249,0342,246 0249-0342
C301-L33,C301,C300-L37,285,RADIO & TELEVISION,,0249,0353,285 0249-0353
C301-L34,C301,C300-L37,275,POPULATION,,0249,9997,275 0249-9997
C301-L36,C301,C301-L35,248,MILITARY TROOP INSTALLATIONS,,0203,0087,248 0203-0087
C301-L37,C301,C301-L35,246,"MILITARY STORAGE AREAS, ARMY & NAVY",,0203,0088,246 0203-0088
C301-L38,C301,C301-L35,275,POPULATION,,0203,9982,275 0203-9982
C301-L40,C301,C301-L39,227,"LIQUID FUELS, STORAGE NON-REFINERY",,0127,,227 0127-
C301-L41,C301,C301-L39,275,POPULATION,,0127,9984,275 0127-9984
C301-L43,C301,C301-L42,392,POLAND,RAILROAD YARDS & SHOPS- SATELLITES,0232,1100,392 0232-1100
C301-L44,C301,C301-L42,275,POPULATION,,0232,9815,275 0232-9815
C302-L02,C302,C301-L45,227,"LIQUID FUELS, STORAGE NON-REFINERY",,0165,,227 0165-
C302-L03,C302,C301-L45,415,SHIPBUILDING,,0165,0052,415 0165-0052
C302-L04,C302,C301-L45,430,STEEL,,0165,0052,430 0165-0052
C302-L05,C302,C301-L45,010,AGRICULTURAL EQUIPMENT,,0165,0062,010 0165-0062
C302-L06,C302,C301-L45,430,STEEL,,0165,0062,430 0165-0062
C302-L07,C302,C301-L45,290,RAILROAD BRIDGES,,0165,0265,290 0165-0265
C302-L08,C302,C301-L45,246,"MILITARY STORAGE AREAS, ARMY & NAVY",,0165,0316,246 0165-0316
C302-L09,C302,C301-L45,275,POPULATION,,0165,9881,275 0165-9881
C302-L12,C302,C302-L10,120,CENTRAL INDUSTRIAL REGION,ELECTRIC POWER - OUTSIDE GRIDS,0165,0150,120 0165-0150
C302-L13,C302,C302-L10,275,POPULATION,,0165,9911,275 0165-9911
C302-L15,C302,C302-L14,230,MACHINE TOOLS,,0231,2769,230 0231-2769
C302-L16,C302,C302-L14,248,MILITARY TROOP INSTALLATIONS,,0231,3485,248 0231-3485
C302-L17,C302,C302-L14,275,POPULATION,,0231,9642,275 0231-9642
C302-L19,C302,C302-L18,246,"MILITARY STORAGE AREAS, ARMY & NAVY",,0169,0197,246 0169-0197
C302-L20,C302,C302-L18,275,POPULATION,,0169,9984,275 0169-9984
C302-L23,C302,C302-L21,204,FERRO-ALLOYS,,0325,0074,204 0325-0074
C302-L24,C302,C302-L21,275,POPULATION,,0325,9961,275 0325-9961
C302-L29,C302,C302-L25,352,DONBAS SUB-REGION UKRAINE REGION,RAILROAD YARDS & SHOPS- USSR,0249,0007,352 0249-0007
C302-L30,C302,C302-L25,075,COKE CHEMICALS,,0249,0010,075 0249-0010
C302-L31,C302,C302-L25,270,PIG IRON,,0249,0010,270 0249-0010
C302-L32,C302,C302-L25,430,STEEL,,0249,0010,430 0249-0010
C302-L33,C302,C302-L25,270,PIG IRON,,0249,0011,270 0249-0011
C302-L34,C302,C302-L25,292,RAILROAD FREIGHT CARS,,0249,0011,292 0249-0011
C302-L35,C302,C302-L25,298,RAILROAD TANK CARS,,0249,0011,298 0249-0011
C302-L36,C302,C302-L25,430,STEEL,,0249,0011,430 0249-0011
C302-L37,C302,C302-L25,450,TANKS & S. P. GUNS,,0249,0011,450 0249-0011
C302-L38,C302,C302-L25,280,"PORTS, MARITIME",,0249,0030,280 0249-0030
C302-L39,C302,C302-L25,280,"PORTS, MARITIME",,0249,0101,280 0249-0101
C302-L40,C302,C302-L25,280,"PORTS, MARITIME",,0249,0116,280 0249-0116
C302-L41,C302,C302-L25,430,STEEL,,0249,0145,430 0249-0145
C302-L42,C302,C302-L25,106,DNEPR-DONETS,ELECTRIC POWER - MAJOR GRIDS,0249,0160,106 0249-0160
C302-L43,C302,C302-L25,420,SHIP REPAIR,,0249,0229,420 0249-0229
C302-L44,C302,C302-L25,106,DNEPR-DONETS,ELECTRIC POWER - MAJOR GRIDS,0249,0241,106 0249-0241
C302-L45,C302,C302-L25,352,DONBAS SUB-REGION UKRAINE REGION,RAILROAD YARDS & SHOPS- USSR,0249,0248,352 0249-0248
C302-L46,C302,C302-L25,352,DONBAS SUB-REGION UKRAINE REGION,RAILROAD YARDS & SHOPS- USSR,0249,0249,352 0249-0249
C302-L47,C302,C302-L25,227,"LIQUID FUELS, STORAGE NON-REFINERY",,0249,0285,227 0249-0285
C302-L48,C302,C302-L25,208,GOVERNMENT CONTROL CENTERS,,0249,0326,208 0249-0326
C303-L02,C303,C302-L25,248,MILITARY TROOP INSTALLATIONS,,0249,0341,248 0249-0341
C303-L03,C303,C302-L25,275,POPULATION,,0249,9995,275 0249-9995
C303-L06,C303,C303-L04,208,GOVERNMENT CONTROL CENTERS,,0233,0247,208 0233-0247
C303-L07,C303,C303-L04,248,MILITARY TROOP INSTALLATIONS,,0233,0261,248 0233-0261
C303-L08,C303,C303-L04,376,WEST SUB-REGION UKRAINE REGION,RAILROAD YARDS & SHOPS- USSR,0233,0276,376 0233-0276
C303-L09,C303,C303-L04,275,POPULATION,,0233,9824,275 0233-9824
C303-L12,C303,C303-L10,370,WESTERN REGION,RAILROAD YARDS & SHOPS- USSR,0167,0982,370 0167-0982
C303-L13,C303,C303-L10,275,POPULATION,,0167,9757,275 0167-9757
C303-L16,C303,C303-L14,328,WEST SUB-REGION UKRAINE REGION,RAILROAD EQUIPMENT REPAIR PLANTS-USSR,0233,0063,328 0233-0063
C303-L17,C303,C303-L14,376,WEST SUB-REGION UKRAINE REGION,RAILROAD YARDS & SHOPS- USSR,0233,0065,376 0233-0065
C303-L18,C303,C303-L14,275,POPULATION,,0233,9972,275 0233-9972
C303-L20,C303,C303-L19,275,POPULATION,,0169,,275 0169-
C303-L21,C303,C303-L19,248,MILITARY TROOP INSTALLATIONS,,0169,1562,248 0169-1562
C303-L23,C303,C303-L22,270,PIG IRON,,0164,0047,270 0164-0047
C303-L24,C303,C303-L22,275,POPULATION,,0164,9974,275 0164-9974
C303-L27,C303,C303-L25,445,SULFURIC ACID,,0232,0207,445 0232-0207
C303-L28,C303,C303-L25,290,RAILROAD BRIDGES,,0232,0456,290 0232-0456
C303-L29,C303,C303-L25,386,CZECHOSLOVAKIA,RAILROAD YARDS & SHOPS- SATELLITES,0232,0549,386 0232-0549
C303-L30,C303,C303-L25,248,MILITARY TROOP INSTALLATIONS,,0232,1264,248 0232-1264
C303-L31,C303,C303-L25,275,POPULATION,,0232,9896,275 0232-9896
C303-L34,C303,C303-L32,030,ANTI-FRICTION BEARINGS,,0232,0764,030 0232-0764
C303-L35,C303,C303-L32,275,POPULATION,,0232,9694,275 0232-9694
C303-L38,C303,C303-L36,450,TANKS & S. P. GUNS,,0232,0928,450 0232-0928
C303-L39,C303,C303-L36,248,MILITARY TROOP INSTALLATIONS,,0232,1260,248 0232-1260
C303-L40,C303,C303-L36,275,POPULATION,,0232,9737,275 0232-9737
C304-L02,C304,C303-L41,386,CZECHOSLOVAKIA,RAILROAD YARDS & SHOPS- SATELLITES,0232,0554,386 0232-0554
C304-L03,C304,C303-L41,333,CZECHOSLOVAKIA,RAILROAD EQUIP REPAIR PLANTS-SATTELITES,0232,1066,333 0232-1066
C304-L04,C304,C303-L41,246,"MILITARY STORAGE AREAS, ARMY & NAVY",,0232,1273,246 0232-1273
C304-L05,C304,C303-L41,275,POPULATION,,0232,9670,275 0232-9670
C304-L07,C304,C304-L06,370,WESTERN REGION,RAILROAD YARDS & SHOPS- USSR,0153,0652,370 0153-0652
C304-L08,C304,C304-L06,275,POPULATION,,0153,9816,275 0153-9816
C304-L11,C304,C304-L09,354,EAST SIBERIAN & FAR EASTERN REGION,RAILROAD YARDS & SHOPS- USSR,0200,0083,354 0200-0083
C304-L12,C304,C304-L09,275,POPULATION,,0200,9997,275 0200-9997
C304-L14,C304,C304-L13,227,"LIQUID FUELS, STORAGE NON-REFINERY",,0249,,227 0249-
C304-L15,C304,C304-L13,275,POPULATION,,0249,9846,275 0249-9846
C304-L17,C304,C304-L16,248,MILITARY TROOP INSTALLATIONS,,0322,0487,248 0322-0487
C304-L18,C304,C304-L16,245,"MILITARY STORAGE AREAS, AIR FORCE",,0322,0575,245 0322-0575
C304-L19,C304,C304-L16,275,POPULATION,,0322,9747,275 0322-9747
C304-L22,C304,C304-L20,010,AGRICULTURAL EQUIPMENT,,0164,0012,010 0164-0012
C304-L23,C304,C304-L20,090,CUTTING TOOLS,,0164,0012,090 0164-0012
C304-L24,C304,C304-L20,430,STEEL,,0164,0012,430 0164-0012
C304-L25,C304,C304-L20,214,"GUNS, SMALL ARMS",,0164,0014,214 0164-0014
C304-L26,C304,C304-L20,204,FERRO-ALLOYS,,0164,0041,204 0164-0041
C304-L27,C304,C304-L20,270,PIG IRON,,0164,0041,270 0164-0041
C304-L28,C304,C304-L20,430,STEEL,,0164,0041,430 0164-0041
C304-L29,C304,C304-L20,005,"ABRASIVES, BONDED",,0164,0074,005 0164-0074
C304-L30,C304,C304-L20,118,URALS,ELECTRIC POWER - MAJOR GRIDS,0164,0103,118 0164-0103
C304-L31,C304,C304-L20,366,URALS REGION,RAILROAD YARDS & SHOPS- USSR,0164,0179,366 0164-0179
C304-L32,C304,C304-L20,275,POPULATION,,0164,9998,275 0164-9998
C304-L35,C304,C304-L33,270,PIG IRON,,0164,0029,270 0164-0029
C304-L36,C304,C304-L33,430,STEEL,,0164,0029,430 0164-0029
C304-L37,C304,C304-L33,275,POPULATION,,0164,9987,275 0164-9987
C304-L40,C304,C304-L38,376,WEST SUB-REGION UKRAINE REGION,RAILROAD YARDS & SHOPS- USSR,0233,0057,376 0233-0057
C304-L41,C304,C304-L38,275,POPULATION,,0233,9971,275 0233-9971
C305-L03,C305,C304-L42,376,WEST SUB-REGION UKRAINE REGION,RAILROAD YARDS & SHOPS- USSR,0233,0031,376 0233-0031
C305-L04,C305,C304-L42,275,POPULATION,,0233,9989,275 0233-9989
C305-L07,C305,C305-L05,376,WEST SUB-REGION UKRAINE REGION,RAILROAD YARDS & SHOPS- USSR,0233,0030,376 0233-0030
C305-L08,C305,C305-L05,275,POPULATION,,0233,9990,275 0233-9990
C305-L10,C305,C305-L09,386,CZECHOSLOVAKIA,RAILROAD YARDS & SHOPS- SATELLITES,0232,1075,386 0232-1075
C305-L11,C305,C305-L09,248,MILITARY TROOP INSTALLATIONS,,0232,1265,248 0232-1265
C305-L12,C305,C305-L09,248,MILITARY TROOP INSTALLATIONS,,0232,1266,248 0232-1266
C305-L13,C305,C305-L09,275,POPULATION,,0232,9895,275 0232-9895
C305-L15,C305,C305-L14,285,RADIO & TELEVISION,,0169,0393,285 0169-0393
C305-L16,C305,C305-L14,241,"MILITARY HQS, ARMY",,0169,0601,241 0169-0601
C305-L17,C305,C305-L14,208,GOVERNMENT CONTROL CENTERS,,0169,1137,208 0169-1137
C305-L18,C305,C305-L14,248,MILITARY TROOP INSTALLATIONS,,0169,1520,248 0169-1520
C305-L19,C305,C305-L14,248,MILITARY TROOP INSTALLATIONS,,0169,1527,248 0169-1527
C305-L20,C305,C305-L14,245,"MILITARY STORAGE AREAS, AIR FORCE",,0169,1567,245 0169-1567
C305-L21,C305,C305-L14,275,POPULATION,,0169,9801,275 0169-9801
C305-L23,C305,C305-L22,246,"MILITARY STORAGE AREAS, ARMY & NAVY",,0169,1208,246 0169-1208
C305-L24,C305,C305-L22,275,POPULATION,,0169,9848,275 0169-9848
C305-L26,C305,C305-L25,440,SUBMARINE DIESEL ENGINES,,0169,1133,440 0169-1133
C305-L27,C305,C305-L25,275,POPULATION,,0169,9763,275 0169-9763
C305-L29,C305,C305-L28,275,POPULATION,,0169,,275 0169-
C305-L30,C305,C305-L28,023,AMMUNITION,,0169,0202,023 0169-0202
C305-L31,C305,C305-L28,246,"MILITARY STORAGE AREAS, ARMY & NAVY",,0169,0202,246 0169-0202
C305-L33,C305,C305-L32,246,"MILITARY STORAGE AREAS, ARMY & NAVY",,0167,0972,246 0167-0972
C305-L34,C305,C305-L32,275,POPULATION,,0167,9639,275 0167-9639
C305-L36,C305,C305-L35,248,MILITARY TROOP INSTALLATIONS,,0167,0971,248 0167-0971
C305-L37,C305,C305-L35,275,POPULATION,,0167,9941,275 0167-9941
C305-L39,C305,C305-L38,227,"LIQUID FUELS, STORAGE NON-REFINERY",,0167,,227 0167-
C305-L40,C305,C305-L38,275,POPULATION,,0167,9750,275 0167-9750
C306-L02,C306,C305-L45,050,"BATTERIES, LEAD ACID",,0231,0016,050 0231-0016
C306-L03,C306,C305-L45,252,MOTOR VEHICLES,,0231,0202,252 0231-0202
C306-L04,C306,C305-L45,075,COKE CHEMICALS,,0231,1515,075 0231-1515
C306-L05,C306,C305-L45,252,MOTOR VEHICLES,,0231,1723,252 0231-1723
C306-L06,C306,C305-L45,388,EAST GERMANY,RAILROAD YARDS & SHOPS- SATELLITES,0231,1791,388 0231-1791
C306-L07,C306,C305-L45,334,EAST GERMANY,RAILROAD EQUIP REPAIR PLANTS-SATTELITES,0231,1792,334 0231-1792
C306-L08,C306,C305-L45,064,CHEMICAL EQUIPMENT,,0231,1799,064 0231-1799
C306-L09,C306,C305-L45,250,MINING MACHINERY,,0231,1799,250 0231-1799
C306-L10,C306,C305-L45,075,COKE CHEMICALS,,0231,2459,075 0231-2459
C306-L11,C306,C305-L45,190,EAST GERMANY,ELECTRIC POWER - SATELLITES,0231,2699,190 0231-2699
C306-L12,C306,C305-L45,445,SULFURIC ACID,,0231,2783,445 0231-2783
C306-L13,C306,C305-L45,275,POPULATION,,0231,9983,275 0231-9983
C306-L16,C306,C306-L14,388,EAST GERMANY,RAILROAD YARDS & SHOPS- SATELLITES,0231,1771,388 0231-1771
C306-L17,C306,C306-L14,250,MINING MACHINERY,,0231,1794,250 0231-1794
C306-L18,C306,C306-L14,258,"NICKEL, REFINED",,0231,1927,258 0231-1927
C306-L19,C306,C306-L14,260,"NICKEL, SMELTED",,0231,1927,260 0231-1927
C306-L20,C306,C306-L14,235,METAL FORMING EQUIPMENT,,0231,2971,235 0231-2971
C306-L21,C306,C306-L14,248,MILITARY TROOP INSTALLATIONS,,0231,3178,248 0231-3178
C306-L22,C306,C306-L14,275,POPULATION,,0231,9890,275 0231-9890
C306-L25,C306,C306-L23,275,POPULATION,,0231,,275 0231-
C306-L26,C306,C306-L23,030,ANTI-FRICTION BEARINGS,,0231,1379,030 0231-1379
C306-L28,C306,C306-L27,275,POPULATION,,0231,,275 0231-
C306-L29,C306,C306-L27,230,MACHINE TOOLS,,0231,3140,230 0231-3140
C306-L31,C306,C306-L30,275,POPULATION,,0231,,275 0231-
C306-L32,C306,C306-L30,055,"BOILERS, HIGH PRESSURE",,0231,1971,055 0231-1971
C306-L34,C306,C306-L33,190,EAST GERMANY,ELECTRIC POWER - SATELLITES,0231,2698,190 0231-2698
C306-L35,C306,C306-L33,275,POPULATION,,0231,9793,275 0231-9793
C306-L37,C306,C306-L36,252,MOTOR VEHICLES,,0231,1845,252 0231-1845
C306-L38,C306,C306-L36,275,POPULATION,,0231,9507,275 0231-9507
C306-L40,C306,C306-L39,206,"GENERATORS, HEAVY",,0169,0403,206 0169-0403
C306-L41,C306,C306-L39,480,"TRANSFORMERS, HEAVY",,0169,0403,480 0169-0403
C306-L42,C306,C306-L39,275,POPULATION,,0169,9903,275 0169-9903
C306-L44,C306,C306-L43,392,POLAND,RAILROAD YARDS & SHOPS- SATELLITES,0169,1064,392 0169-1064
C306-L45,C306,C306-L43,010,AGRICULTURAL EQUIPMENT,,0169,1545,010 0169-1545
C306-L46,C306,C306-L43,275,POPULATION,,0169,9962,275 0169-9962
C306-L48,C306,C306-L47,290,RAILROAD BRIDGES,,0169,0710,290 0169-0710
C306-L49,C306,C306-L47,392,POLAND,RAILROAD YARDS & SHOPS- SATELLITES,0169,1085,392 0169-1085
C306-L50,C306,C306-L47,275,POPULATION,,0169,9957,275 0169-9957
